ep_size,sample_id,request_id,block_id,iteration_id,nfe,layer_id,virtual_rank,active_experts,assignments,recv_unique_activation_rows,max_rows_per_expert,cv_rows_per_expert,latency_ms,p10_ms,p90_ms,split,backend
4,request1_nfe7_layer15_rank2,1,45,7,7,15,2,43,1268,676,125,1.1055938532358753,0.5650560259819031,0.5551423788070678,0.5872448086738586,train,DeepEP_receive_format_plus_torch_grouped_mm_bf16_MLP
4,request1_nfe3_layer13_rank1,1,45,3,3,13,1,50,1816,895,272,1.4174723325216132,0.6336960196495056,0.6201024174690246,0.6487360000610352,train,DeepEP_receive_format_plus_torch_grouped_mm_bf16_MLP
4,request1_nfe15_layer17_rank0,1,46,4,15,17,0,42,2116,973,518,1.8985131324898172,0.6535360217094421,0.646399974822998,0.6692927956581116,train,DeepEP_receive_format_plus_torch_grouped_mm_bf16_MLP
4,request3_nfe14_layer2_rank1,3,46,8,14,2,1,64,2285,1068,299,1.2598752123939292,0.7105919718742371,0.7001855969429016,0.7176256060600281,train,DeepEP_receive_format_plus_torch_grouped_mm_bf16_MLP
4,request3_nfe30_layer4_rank3,3,47,7,30,4,3,53,2533,1130,333,1.3634798829564596,0.70169597864151,0.6870208024978638,0.7149119734764099,train,DeepEP_receive_format_plus_torch_grouped_mm_bf16_MLP
4,request1_nfe3_layer1_rank1,1,45,3,3,1,1,60,2707,1162,184,0.9539698440034708,0.7314559817314148,0.7193151950836182,0.7459135770797729,train,DeepEP_receive_format_plus_torch_grouped_mm_bf16_MLP
4,request3_nfe32_layer2_rank3,3,47,9,32,2,3,64,2812,1019,158,0.8685244409618396,0.7136639952659607,0.7018688082695007,0.7232447981834411,train,DeepEP_receive_format_plus_torch_grouped_mm_bf16_MLP
4,request1_nfe31_layer1_rank2,1,47,1,31,1,2,62,2913,1164,158,0.8799729728443005,0.7239999771118164,0.7074687957763672,0.7321983814239502,train,DeepEP_receive_format_plus_torch_grouped_mm_bf16_MLP
4,request1_nfe32_layer15_rank1,1,47,2,32,15,1,54,3035,1282,307,1.256596003563534,0.7343999743461609,0.7247488021850585,0.747328007221222,train,DeepEP_receive_format_plus_torch_grouped_mm_bf16_MLP
4,request3_nfe35_layer9_rank1,3,47,12,35,9,1,57,3171,1174,446,1.4917384858802076,0.7386239767074585,0.7268864035606384,0.7437119960784913,train,DeepEP_receive_format_plus_torch_grouped_mm_bf16_MLP
4,request1_nfe39_layer13_rank2,1,47,9,39,13,2,56,3337,1283,422,1.2997601155087422,0.7448959946632385,0.7370112061500549,0.7636224031448364,train,DeepEP_receive_format_plus_torch_grouped_mm_bf16_MLP
4,request3_nfe26_layer13_rank2,3,47,3,26,13,2,56,3462,1303,423,1.291711879994266,0.7457600235939026,0.7296640157699585,0.7499520182609558,train,DeepEP_receive_format_plus_torch_grouped_mm_bf16_MLP
4,request1_nfe16_layer7_rank2,1,46,5,16,7,2,61,3653,1168,242,0.9561645281429301,0.7412480115890503,0.7247936129570007,0.7491968035697937,train,DeepEP_receive_format_plus_torch_grouped_mm_bf16_MLP
4,request3_nfe41_layer19_rank2,3,48,0,41,19,2,55,3842,1389,533,1.3685308658613229,0.7857599854469299,0.7747392058372498,0.7943615913391113,train,DeepEP_receive_format_plus_torch_grouped_mm_bf16_MLP
4,request3_nfe27_layer17_rank1,3,47,4,27,17,1,51,4513,1377,556,1.3842491235850913,0.825984001159668,0.8145535945892334,0.8375039935112,train,DeepEP_receive_format_plus_torch_grouped_mm_bf16_MLP
4,request3_nfe42_layer15_rank3,3,48,1,42,15,3,58,5890,1509,790,1.3452714184214847,0.8722559809684753,0.8648576140403748,0.8900479793548584,train,DeepEP_receive_format_plus_torch_grouped_mm_bf16_MLP
4,request1_nfe0_layer15_rank0,1,45,0,0,15,0,38,2095,1048,410,1.4138677018856525,0.6341120004653931,0.625164806842804,0.6484351992607117,train,DeepEP_receive_format_plus_torch_grouped_mm_bf16_MLP
4,request3_nfe32_layer16_rank1,3,47,9,32,16,1,44,3774,1366,1047,2.2262709801782896,0.7562559843063354,0.7515135884284974,0.7643264174461365,train,DeepEP_receive_format_plus_torch_grouped_mm_bf16_MLP
4,request3_nfe18_layer18_rank2,3,46,12,18,18,2,48,2913,1182,415,1.3508458555109892,0.7089920043945312,0.6988479852676391,0.7209792256355285,train,DeepEP_receive_format_plus_torch_grouped_mm_bf16_MLP
4,request1_nfe28_layer5_rank1,1,46,17,28,5,1,51,2883,1273,646,2.012764247125915,0.728223979473114,0.7192575931549072,0.7390719890594483,train,DeepEP_receive_format_plus_torch_grouped_mm_bf16_MLP
4,request1_nfe30_layer19_rank1,1,47,0,30,19,1,52,2631,1040,298,1.1190897832795275,0.6815360188484192,0.6704320073127746,0.687014377117157,train,DeepEP_receive_format_plus_torch_grouped_mm_bf16_MLP
4,request3_nfe33_layer4_rank3,3,47,10,33,4,3,53,2513,1129,336,1.3767966106807703,0.7018560171127319,0.6888960003852844,0.7183679938316345,train,DeepEP_receive_format_plus_torch_grouped_mm_bf16_MLP
4,request3_nfe34_layer10_rank1,3,47,11,34,10,1,54,2680,1102,312,1.334283072122093,0.7042880058288574,0.6973696112632751,0.7143231987953186,train,DeepEP_receive_format_plus_torch_grouped_mm_bf16_MLP
4,request3_nfe33_layer5_rank0,3,47,10,33,5,0,55,1503,839,205,1.512415113229639,0.6255679726600647,0.6188672065734864,0.6416384100914001,train,DeepEP_receive_format_plus_torch_grouped_mm_bf16_MLP
4,request3_nfe2_layer5_rank2,3,45,2,2,5,2,56,3329,1270,450,1.2997699411243517,0.7365440130233765,0.7267264008522034,0.7547263979911805,train,DeepEP_receive_format_plus_torch_grouped_mm_bf16_MLP
4,request1_nfe10_layer12_rank1,1,45,10,10,12,1,57,3703,1346,720,1.5369330145782565,0.7703679800033569,0.7617984056472779,0.7829119801521301,train,DeepEP_receive_format_plus_torch_grouped_mm_bf16_MLP
4,request3_nfe46_layer12_rank1,3,48,5,46,12,1,57,3928,1428,740,1.5038369462515087,0.7859519720077515,0.783731210231781,0.8001279950141906,train,DeepEP_receive_format_plus_torch_grouped_mm_bf16_MLP
4,request3_nfe24_layer12_rank2,3,47,1,24,12,2,58,2838,1050,212,1.1114217610283765,0.6978240013122559,0.6891456127166748,0.7074687957763672,train,DeepEP_receive_format_plus_torch_grouped_mm_bf16_MLP
4,request3_nfe11_layer1_rank3,3,46,5,11,1,3,60,3093,1171,370,1.1711191480394463,0.7245759963989258,0.715827202796936,0.7368383884429932,train,DeepEP_receive_format_plus_torch_grouped_mm_bf16_MLP
4,request3_nfe4_layer9_rank2,3,45,4,4,9,2,61,3244,1241,565,1.7780029934422972,0.7587199807167053,0.7442944169044494,0.7757888197898865,train,DeepEP_receive_format_plus_torch_grouped_mm_bf16_MLP
4,request3_nfe43_layer7_rank0,3,48,2,43,7,0,62,2971,1238,286,1.0158961494280123,0.7532479763031006,0.7473855972290039,0.7608576059341431,train,DeepEP_receive_format_plus_torch_grouped_mm_bf16_MLP
4,request3_nfe50_layer2_rank3,3,48,9,50,2,3,64,2855,1028,160,0.864779730805468,0.7075520157814026,0.7028927803039551,0.71632000207901,train,DeepEP_receive_format_plus_torch_grouped_mm_bf16_MLP
4,request1_nfe11_layer15_rank2,1,46,0,11,15,2,44,1290,690,123,1.108271234083777,0.560096025466919,0.54552321434021,0.5740415930747986,train,DeepEP_receive_format_plus_torch_grouped_mm_bf16_MLP
4,request1_nfe21_layer4_rank2,1,46,10,21,4,2,52,1824,882,171,1.2946204646860298,0.636352002620697,0.6235648274421692,0.6582528114318847,train,DeepEP_receive_format_plus_torch_grouped_mm_bf16_MLP
4,request3_nfe42_layer13_rank3,3,48,1,42,13,3,56,2316,1134,214,1.0917270445402714,0.7046399712562561,0.6939391851425171,0.712441599369049,train,DeepEP_receive_format_plus_torch_grouped_mm_bf16_MLP
4,request3_nfe22_layer7_rank0,3,46,16,22,7,0,61,2812,1187,270,1.012552762670506,0.7184960246086121,0.7111231803894043,0.7300032019615174,train,DeepEP_receive_format_plus_torch_grouped_mm_bf16_MLP
4,request3_nfe41_layer19_rank1,3,48,0,41,19,1,51,2570,1035,292,1.1040417036473906,0.6721919775009155,0.6611584067344666,0.6804735898971558,train,DeepEP_receive_format_plus_torch_grouped_mm_bf16_MLP
4,request3_nfe34_layer1_rank0,3,47,11,34,1,0,63,3394,1303,303,1.0092708379134816,0.7758399844169617,0.7656447768211365,0.7813952088356018,train,DeepEP_receive_format_plus_torch_grouped_mm_bf16_MLP
4,request3_nfe32_layer6_rank0,3,47,9,32,6,0,47,1846,964,338,1.5175971015519585,0.6428160071372986,0.6325248122215271,0.6617855787277221,train,DeepEP_receive_format_plus_torch_grouped_mm_bf16_MLP
4,request3_nfe48_layer13_rank2,3,48,7,48,13,2,57,3500,1327,416,1.3016096157591703,0.7521600127220154,0.7409472107887268,0.768012797832489,train,DeepEP_receive_format_plus_torch_grouped_mm_bf16_MLP
4,request1_nfe6_layer5_rank2,1,45,6,6,5,2,57,3340,1280,445,1.3057648610767634,0.7432960271835327,0.7301888227462768,0.7561215996742249,train,DeepEP_receive_format_plus_torch_grouped_mm_bf16_MLP
4,request1_nfe3_layer17_rank0,1,45,3,3,17,0,43,2094,959,516,1.9391904125640538,0.6495680212974548,0.6403648257255554,0.6624704003334045,train,DeepEP_receive_format_plus_torch_grouped_mm_bf16_MLP
4,request1_nfe3_layer17_rank3,1,45,3,3,17,3,49,3081,1190,598,1.661682422031513,0.7252159714698792,0.7191423892974853,0.7343039989471436,train,DeepEP_receive_format_plus_torch_grouped_mm_bf16_MLP
4,request1_nfe30_layer5_rank1,1,47,0,30,5,1,51,2935,1298,645,1.9757705680661137,0.7315840125083923,0.7237887978553772,0.7540223956108093,train,DeepEP_receive_format_plus_torch_grouped_mm_bf16_MLP
4,request1_nfe5_layer6_rank1,1,45,5,5,6,1,61,3419,1332,770,1.8768193877408028,0.7718080282211304,0.761683177947998,0.7746816158294678,train,DeepEP_receive_format_plus_torch_grouped_mm_bf16_MLP
4,request3_nfe44_layer16_rank1,3,48,3,44,16,1,48,3851,1393,1049,2.304513316798644,0.7693439722061157,0.7641472101211548,0.7870911955833435,train,DeepEP_receive_format_plus_torch_grouped_mm_bf16_MLP
4,request3_nfe41_layer13_rank0,3,48,0,41,13,0,52,4741,1540,1290,2.5545601168804755,0.8609920144081116,0.8514111995697021,0.8751231908798218,train,DeepEP_receive_format_plus_torch_grouped_mm_bf16_MLP
4,request1_nfe30_layer2_rank3,1,47,0,30,2,3,64,2769,1021,156,0.8269801649540149,0.7005760073661804,0.6890687942504883,0.7165055871009827,train,DeepEP_receive_format_plus_torch_grouped_mm_bf16_MLP
4,request1_nfe31_layer1_rank0,1,47,1,31,1,0,63,3379,1299,292,0.9753863261680208,0.7661120295524597,0.7561471939086915,0.7782144188880921,train,DeepEP_receive_format_plus_torch_grouped_mm_bf16_MLP
4,request3_nfe20_layer19_rank1,3,46,14,20,19,1,51,2504,1006,291,1.1166349861025961,0.6751360297203064,0.6668224096298218,0.6861056089401245,train,DeepEP_receive_format_plus_torch_grouped_mm_bf16_MLP
4,request3_nfe47_layer10_rank3,3,48,6,47,10,3,57,3164,1226,291,1.1558470113605104,0.7379199862480164,0.7312575936317444,0.7497536063194274,train,DeepEP_receive_format_plus_torch_grouped_mm_bf16_MLP
4,request1_nfe25_layer8_rank3,1,46,14,25,8,3,56,2776,1159,297,1.1953185640029014,0.70905601978302,0.6984384059906006,0.7238847851753235,train,DeepEP_receive_format_plus_torch_grouped_mm_bf16_MLP
4,request3_nfe20_layer2_rank1,3,46,14,20,2,1,64,2303,1074,299,1.2498332737899638,0.7066559791564941,0.6972799897193909,0.7135808110237122,train,DeepEP_receive_format_plus_torch_grouped_mm_bf16_MLP
4,request3_nfe1_layer5_rank2,3,45,1,1,5,2,56,3329,1273,452,1.3011532300707636,0.7510719895362854,0.7408511757850647,0.7617600083351135,train,DeepEP_receive_format_plus_torch_grouped_mm_bf16_MLP
4,request3_nfe31_layer4_rank2,3,47,8,31,4,2,53,1860,911,173,1.3444962814734958,0.639680027961731,0.6337983846664429,0.6537280082702637,train,DeepEP_receive_format_plus_torch_grouped_mm_bf16_MLP
4,request3_nfe22_layer11_rank1,3,46,16,22,11,1,57,4654,1394,740,1.3963832018900282,0.8260800242424011,0.8176895976066589,0.8355712056159973,train,DeepEP_receive_format_plus_torch_grouped_mm_bf16_MLP
4,request3_nfe15_layer3_rank1,3,46,9,15,3,1,55,3007,1220,377,1.4429125684452426,0.8622720241546631,0.773305606842041,1.0144575834274292,train,DeepEP_receive_format_plus_torch_grouped_mm_bf16_MLP
4,request3_nfe40_layer9_rank3,3,47,17,40,9,3,58,3736,1283,620,1.4992209681121285,0.7816960215568542,0.7665984034538269,0.8037439942359924,train,DeepEP_receive_format_plus_torch_grouped_mm_bf16_MLP
4,request1_nfe10_layer6_rank2,1,45,10,10,6,2,51,3161,1228,500,1.5486577477119057,0.7342720031738281,0.7264448046684265,0.7444416046142578,train,DeepEP_receive_format_plus_torch_grouped_mm_bf16_MLP
4,request1_nfe39_layer9_rank2,1,47,9,39,9,2,61,3404,1286,568,1.7294753547374686,0.7608640193939209,0.7489792108535767,0.7737215995788574,train,DeepEP_receive_format_plus_torch_grouped_mm_bf16_MLP
4,request3_nfe37_layer17_rank0,3,47,14,37,17,0,44,2230,1019,534,1.9517988605007017,0.657535970211029,0.6464383840560913,0.6661184072494507,train,DeepEP_receive_format_plus_torch_grouped_mm_bf16_MLP
4,request1_nfe1_layer18_rank1,1,45,1,1,18,1,52,2618,1183,751,2.2785791095347503,0.7183039784431458,0.7029376029968262,0.7289983868598938,train,DeepEP_receive_format_plus_torch_grouped_mm_bf16_MLP
4,request3_nfe3_layer10_rank0,3,45,3,3,10,0,57,2191,1091,799,2.7076100206900025,0.7021759748458862,0.6910463809967041,0.7100160002708436,train,DeepEP_receive_format_plus_torch_grouped_mm_bf16_MLP
4,request1_nfe0_layer1_rank0,1,45,0,0,1,0,63,3260,1254,287,0.9924783934354746,0.7509120106697083,0.7431551933288574,0.7639487981796265,train,DeepEP_receive_format_plus_torch_grouped_mm_bf16_MLP
4,request5_nfe0_layer15_rank2,5,46,0,0,15,2,44,1301,688,125,1.1217890070708938,0.5594239830970764,0.5546752095222474,0.5694720029830933,heldout,DeepEP_receive_format_plus_torch_grouped_mm_bf16_MLP
4,request5_nfe3_layer3_rank3,5,46,3,3,3,3,51,2230,1003,338,1.4378899817405282,0.6675199866294861,0.6596863865852356,0.6761791825294494,heldout,DeepEP_receive_format_plus_torch_grouped_mm_bf16_MLP
4,request0_nfe28_layer12_rank3,0,47,23,28,12,3,54,2698,1113,435,1.530771785014448,0.710207998752594,0.7009536027908325,0.7185663938522339,heldout,DeepEP_receive_format_plus_torch_grouped_mm_bf16_MLP
4,request5_nfe51_layer11_rank3,5,48,18,51,11,3,61,2976,1240,279,1.0926578235426943,0.7450240254402161,0.738431990146637,0.7538240075111389,heldout,DeepEP_receive_format_plus_torch_grouped_mm_bf16_MLP
4,request0_nfe62_layer11_rank0,0,50,3,62,11,0,55,3209,1263,367,1.1831519631253882,0.737887978553772,0.7308735966682434,0.7437568068504333,heldout,DeepEP_receive_format_plus_torch_grouped_mm_bf16_MLP
4,request5_nfe46_layer6_rank3,5,48,13,46,6,3,47,3564,1467,1272,2.473296126485238,0.7738239765167236,0.7609344005584717,0.7849279999732971,heldout,DeepEP_receive_format_plus_torch_grouped_mm_bf16_MLP
4,request5_nfe89_layer6_rank1,5,50,6,89,6,1,61,4018,1489,850,1.8302122018261517,0.806335985660553,0.7982848167419434,0.8155263900756836,heldout,DeepEP_receive_format_plus_torch_grouped_mm_bf16_MLP
4,request0_nfe60_layer15_rank3,0,50,1,60,15,3,58,6238,1574,817,1.3603153536809567,0.8925120234489441,0.8824384093284607,0.9084351897239685,heldout,DeepEP_receive_format_plus_torch_grouped_mm_bf16_MLP
4,request0_nfe0_layer15_rank0,0,46,0,0,15,0,38,2124,1061,414,1.4175650511500992,0.6427839994430542,0.6316543817520142,0.6570240020751953,heldout,DeepEP_receive_format_plus_torch_grouped_mm_bf16_MLP
4,request5_nfe95_layer18_rank2,5,50,12,95,18,2,48,3119,1296,401,1.2841149579422448,0.7250239849090576,0.7148671865463256,0.7362304091453552,heldout,DeepEP_receive_format_plus_torch_grouped_mm_bf16_MLP
4,request0_nfe66_layer14_rank3,0,50,7,66,14,3,53,3851,1294,519,1.4479832411922149,0.7613760232925415,0.7568511843681336,0.776307201385498,heldout,DeepEP_receive_format_plus_torch_grouped_mm_bf16_MLP
4,request5_nfe58_layer11_rank2,5,49,1,58,11,2,55,1705,851,322,1.5164721643281496,0.6240320205688477,0.6134848117828369,0.6401024222373962,heldout,DeepEP_receive_format_plus_torch_grouped_mm_bf16_MLP
4,request0_nfe26_layer12_rank1,0,47,21,26,12,1,57,3873,1407,762,1.5559661883007934,0.7803199887275696,0.7717887878417968,0.7890943884849548,heldout,DeepEP_receive_format_plus_torch_grouped_mm_bf16_MLP
4,request5_nfe25_layer14_rank2,5,47,12,25,14,2,58,2732,1096,266,1.1572255237965223,0.7132480144500732,0.7010240077972412,0.7250495910644531,heldout,DeepEP_receive_format_plus_torch_grouped_mm_bf16_MLP
4,request5_nfe71_layer9_rank2,5,49,14,71,9,2,61,3452,1334,559,1.6887663963122155,0.7754560112953186,0.7708928227424622,0.7882879734039306,heldout,DeepEP_receive_format_plus_torch_grouped_mm_bf16_MLP
4,request5_nfe110_layer2_rank3,5,51,12,110,2,3,64,3017,1088,163,0.7823811117670036,0.7256320118904114,0.713747215270996,0.7394751906394958,heldout,DeepEP_receive_format_plus_torch_grouped_mm_bf16_MLP
4,request0_nfe5_layer15_rank2,0,47,0,5,15,2,46,1341,714,123,1.166205361196343,0.5752639770507812,0.5670207858085632,0.5891583800315857,heldout,DeepEP_receive_format_plus_torch_grouped_mm_bf16_MLP
4,request5_nfe78_layer17_rank2,5,49,21,78,17,2,48,2400,1189,259,1.2321999296650956,0.6985599994659424,0.6927744269371032,0.7070976138114929,heldout,DeepEP_receive_format_plus_torch_grouped_mm_bf16_MLP
4,request5_nfe86_layer19_rank1,5,50,3,86,19,1,52,2669,1068,298,1.1249399853040176,0.6866880059242249,0.6760191917419434,0.7036800265312195,heldout,DeepEP_receive_format_plus_torch_grouped_mm_bf16_MLP
4,request0_nfe49_layer19_rank0,0,49,4,49,19,0,53,3903,1257,355,1.287554002865367,0.7549120187759399,0.744057583808899,0.7611264228820801,heldout,DeepEP_receive_format_plus_torch_grouped_mm_bf16_MLP
4,request5_nfe46_layer8_rank2,5,48,13,46,8,2,59,3985,1384,436,1.33943910796226,0.7856640219688416,0.7784767866134643,0.7964799880981446,heldout,DeepEP_receive_format_plus_torch_grouped_mm_bf16_MLP
4,request5_nfe1_layer17_rank1,5,46,1,1,17,1,52,4633,1382,589,1.418487575017415,0.8362879753112793,0.821011197566986,0.8435711741447449,heldout,DeepEP_receive_format_plus_torch_grouped_mm_bf16_MLP
4,request0_nfe70_layer12_rank1,0,50,11,70,12,1,57,4133,1495,777,1.4976679677945024,0.8490239977836609,0.830950403213501,0.8597696185111999,heldout,DeepEP_receive_format_plus_torch_grouped_mm_bf16_MLP
4,request5_nfe98_layer6_rank3,5,51,0,98,6,3,47,3768,1559,1350,2.481929027404153,0.7820479869842529,0.7735487937927246,0.7939008116722107,heldout,DeepEP_receive_format_plus_torch_grouped_mm_bf16_MLP
4,request5_nfe98_layer2_rank3,5,51,0,98,2,3,64,3071,1116,163,0.7744432301986032,0.7205759882926941,0.7131071805953979,0.7453311920166016,heldout,DeepEP_receive_format_plus_torch_grouped_mm_bf16_MLP
4,request5_nfe26_layer19_rank1,5,47,13,26,19,1,51,2530,1014,295,1.114262548804358,0.6831679940223694,0.6679936170578002,0.6875455737113952,heldout,DeepEP_receive_format_plus_torch_grouped_mm_bf16_MLP
4,request0_nfe61_layer8_rank1,0,50,2,61,8,1,56,3185,1264,412,1.2078057921462722,0.7411519885063171,0.7320127844810486,0.7533183813095092,heldout,DeepEP_receive_format_plus_torch_grouped_mm_bf16_MLP
4,request5_nfe57_layer15_rank3,5,49,0,57,15,3,58,5923,1536,757,1.3151468758321987,0.8776320219039917,0.8718720078468323,0.890073585510254,heldout,DeepEP_receive_format_plus_torch_grouped_mm_bf16_MLP
4,request5_nfe78_layer3_rank1,5,49,21,78,3,1,55,3171,1297,385,1.4273555648523504,0.7466560006141663,0.7346367955207824,1.0464576005935669,heldout,DeepEP_receive_format_plus_torch_grouped_mm_bf16_MLP
4,request0_nfe20_layer7_rank3,0,47,15,20,7,3,62,3045,1156,429,1.5229065964810966,0.7976639866828918,0.7587007761001587,0.8609216094017028,heldout,DeepEP_receive_format_plus_torch_grouped_mm_bf16_MLP
4,request5_nfe76_layer17_rank0,5,49,19,76,17,0,42,2193,1014,541,1.9088611323597215,0.661728024482727,0.6477952003479004,0.6750591993331909,heldout,DeepEP_receive_format_plus_torch_grouped_mm_bf16_MLP
4,request0_nfe1_layer10_rank0,0,46,1,1,10,0,57,2220,1106,805,2.69309124300419,0.6984959840774536,0.6868736147880554,0.7044415831565857,heldout,DeepEP_receive_format_plus_torch_grouped_mm_bf16_MLP
4,discovery_single_1_rank3,-1,-1,-1,-1,-1,3,1,1,1,1,0.0,0.3893439918756485,0.3648288130760193,0.5040735960006717,discovery_shape_calibration,DeepEP_receive_format_plus_torch_grouped_mm_bf16_MLP
4,discovery_single_233345_rank3,-1,-1,-1,-1,-1,3,6,9,5,2,0.3333333333333333,0.3803680092096329,0.36499840021133423,0.4058752000331879,discovery_shape_calibration,DeepEP_receive_format_plus_torch_grouped_mm_bf16_MLP
4,discovery_single_67250_rank0,-1,-1,-1,-1,-1,0,10,14,7,3,0.5714285714285715,0.4031199961900711,0.3673888027667999,0.7828927874565125,discovery_shape_calibration,DeepEP_receive_format_plus_torch_grouped_mm_bf16_MLP
4,discovery_single_126929_rank0,-1,-1,-1,-1,-1,0,6,17,10,5,0.5911691541835817,0.3758399933576584,0.3628160059452057,0.39968960285186766,discovery_shape_calibration,DeepEP_receive_format_plus_torch_grouped_mm_bf16_MLP
4,discovery_single_62761_rank0,-1,-1,-1,-1,-1,0,8,20,15,7,0.8,0.3978720009326935,0.372803208231926,0.8085024118423462,discovery_shape_calibration,DeepEP_receive_format_plus_torch_grouped_mm_bf16_MLP
4,discovery_single_178082_rank2,-1,-1,-1,-1,-1,2,13,22,12,4,0.4853217387286959,0.37755198776721954,0.36452480852603913,0.3928671896457672,discovery_shape_calibration,DeepEP_receive_format_plus_torch_grouped_mm_bf16_MLP
4,discovery_single_233366_rank2,-1,-1,-1,-1,-1,2,13,24,8,6,0.7614861201040443,0.40297600626945496,0.380496010184288,0.7805343866348267,discovery_shape_calibration,DeepEP_receive_format_plus_torch_grouped_mm_bf16_MLP
4,discovery_single_236956_rank3,-1,-1,-1,-1,-1,3,13,26,14,6,0.7337993857053428,0.37940800189971924,0.359836807847023,0.40393598675727843,discovery_shape_calibration,DeepEP_receive_format_plus_torch_grouped_mm_bf16_MLP
4,discovery_single_198637_rank3,-1,-1,-1,-1,-1,3,10,28,14,5,0.47380354147934295,0.40081600844860077,0.36723518967628477,0.8019648134708405,discovery_shape_calibration,DeepEP_receive_format_plus_torch_grouped_mm_bf16_MLP
4,discovery_single_136144_rank0,-1,-1,-1,-1,-1,0,12,30,15,8,0.7745966692414834,0.3728639930486679,0.3616351902484894,0.4065248012542725,discovery_shape_calibration,DeepEP_receive_format_plus_torch_grouped_mm_bf16_MLP
4,discovery_single_56212_rank0,-1,-1,-1,-1,-1,0,11,32,16,5,0.426193178030808,0.3885120004415512,0.3641023874282837,0.526262411475182,discovery_shape_calibration,DeepEP_receive_format_plus_torch_grouped_mm_bf16_MLP
4,discovery_single_223575_rank3,-1,-1,-1,-1,-1,3,9,33,28,25,2.05703790890632,0.3855680078268051,0.3682240039110184,0.4431200027465825,discovery_shape_calibration,DeepEP_receive_format_plus_torch_grouped_mm_bf16_MLP
4,discovery_single_97359_rank2,-1,-1,-1,-1,-1,2,15,35,17,5,0.6194138111051085,0.3898079991340637,0.37229120433330537,0.41749438941478734,discovery_shape_calibration,DeepEP_receive_format_plus_torch_grouped_mm_bf16_MLP
4,discovery_single_239341_rank3,-1,-1,-1,-1,-1,3,11,36,18,7,0.6655082528172744,0.4020799994468689,0.38373119533061983,0.8020768105983734,discovery_shape_calibration,DeepEP_receive_format_plus_torch_grouped_mm_bf16_MLP
4,discovery_single_95776_rank0,-1,-1,-1,-1,-1,0,12,38,12,7,0.6678198705499747,0.37700799107551575,0.3640895962715149,0.39587201178073883,discovery_shape_calibration,DeepEP_receive_format_plus_torch_grouped_mm_bf16_MLP
4,discovery_single_218382_rank3,-1,-1,-1,-1,-1,3,14,39,23,13,1.1284964658802763,0.3978399932384491,0.3724031984806061,0.8105088174343109,discovery_shape_calibration,DeepEP_receive_format_plus_torch_grouped_mm_bf16_MLP
4,discovery_single_53286_rank2,-1,-1,-1,-1,-1,2,17,41,19,9,0.8052475131326429,0.37728001177310944,0.3617888122797012,0.4082911878824234,discovery_shape_calibration,DeepEP_receive_format_plus_torch_grouped_mm_bf16_MLP
4,discovery_single_159327_rank3,-1,-1,-1,-1,-1,3,14,42,20,7,0.5909368402852789,0.39579199254512787,0.37177919447422025,0.7838400065898895,discovery_shape_calibration,DeepEP_receive_format_plus_torch_grouped_mm_bf16_MLP
4,discovery_single_257642_rank0,-1,-1,-1,-1,-1,0,16,43,21,9,0.83946723943163,0.37830398976802826,0.36620159447193146,0.4093887895345688,discovery_shape_calibration,DeepEP_receive_format_plus_torch_grouped_mm_bf16_MLP
4,discovery_single_76899_rank2,-1,-1,-1,-1,-1,2,13,45,16,11,0.8821970329457426,0.40372800827026367,0.3746655941009521,0.7866719961166382,discovery_shape_calibration,DeepEP_receive_format_plus_torch_grouped_mm_bf16_MLP
4,discovery_single_161219_rank1,-1,-1,-1,-1,-1,1,13,46,22,11,0.8266588409491976,0.3816800117492676,0.36707200706005094,0.3985536009073257,discovery_shape_calibration,DeepEP_receive_format_plus_torch_grouped_mm_bf16_MLP
4,discovery_single_239672_rank3,-1,-1,-1,-1,-1,3,19,47,18,5,0.5621210558988471,0.3993919938802719,0.3715295881032944,0.8034911930561066,discovery_shape_calibration,DeepEP_receive_format_plus_torch_grouped_mm_bf16_MLP
4,discovery_single_33239_rank2,-1,-1,-1,-1,-1,2,11,49,22,14,0.9048897664243007,0.3755040019750595,0.366086408495903,0.4005439937114716,discovery_shape_calibration,DeepEP_receive_format_plus_torch_grouped_mm_bf16_MLP
4,discovery_single_109818_rank0,-1,-1,-1,-1,-1,0,12,50,26,17,1.0814804667676619,0.3920639902353287,0.37048639357089996,0.8046879947185517,discovery_shape_calibration,DeepEP_receive_format_plus_torch_grouped_mm_bf16_MLP
4,discovery_single_176523_rank0,-1,-1,-1,-1,-1,0,19,51,23,7,0.6514999108171039,0.38023999333381653,0.36660480201244355,0.40263680517673495,discovery_shape_calibration,DeepEP_receive_format_plus_torch_grouped_mm_bf16_MLP
4,discovery_single_243895_rank0,-1,-1,-1,-1,-1,0,19,52,19,7,0.6896315798861964,0.3839839994907379,0.3715391904115677,0.4185599952936173,discovery_shape_calibration,DeepEP_receive_format_plus_torch_grouped_mm_bf16_MLP
4,discovery_single_27741_rank1,-1,-1,-1,-1,-1,1,23,54,21,4,0.42793407438116077,0.3789279907941818,0.3617792040109634,0.5610912144184116,discovery_shape_calibration,DeepEP_receive_format_plus_torch_grouped_mm_bf16_MLP
4,discovery_single_91790_rank2,-1,-1,-1,-1,-1,2,31,55,19,3,0.44610342350492,0.39025600254535675,0.3776512026786804,0.40240959227085116,discovery_shape_calibration,DeepEP_receive_format_plus_torch_grouped_mm_bf16_MLP
4,discovery_single_149277_rank1,-1,-1,-1,-1,-1,1,14,56,26,21,1.2571225647712887,0.3927199989557266,0.36317439675331115,0.7836095869541169,discovery_shape_calibration,DeepEP_receive_format_plus_torch_grouped_mm_bf16_MLP
4,discovery_single_211501_rank1,-1,-1,-1,-1,-1,1,15,57,26,10,0.6460334259481394,0.3818559944629669,0.3689248114824295,0.3987807959318161,discovery_shape_calibration,DeepEP_receive_format_plus_torch_grouped_mm_bf16_MLP
4,discovery_single_272900_rank3,-1,-1,-1,-1,-1,3,22,58,22,7,0.5892416376081056,0.39632000029087067,0.3701728075742722,0.7894592225551605,discovery_shape_calibration,DeepEP_receive_format_plus_torch_grouped_mm_bf16_MLP
4,discovery_single_46755_rank3,-1,-1,-1,-1,-1,3,14,60,23,15,0.9556847457887635,0.38047999143600464,0.3616447985172272,0.40120639801025393,discovery_shape_calibration,DeepEP_receive_format_plus_torch_grouped_mm_bf16_MLP
4,discovery_single_109225_rank1,-1,-1,-1,-1,-1,1,21,61,30,20,1.487021701042435,0.40172798931598663,0.3701984047889709,0.7932512104511261,discovery_shape_calibration,DeepEP_receive_format_plus_torch_grouped_mm_bf16_MLP
4,discovery_single_171283_rank1,-1,-1,-1,-1,-1,1,15,62,25,13,0.8959964136987838,0.3758560121059418,0.36144318878650666,0.402128005027771,discovery_shape_calibration,DeepEP_receive_format_plus_torch_grouped_mm_bf16_MLP
4,discovery_single_238247_rank2,-1,-1,-1,-1,-1,2,17,63,26,12,0.7949196206697723,0.4004960060119629,0.3751296132802963,0.7990239858627319,discovery_shape_calibration,DeepEP_receive_format_plus_torch_grouped_mm_bf16_MLP
4,discovery_single_26478_rank0,-1,-1,-1,-1,-1,0,12,65,30,14,0.9152229980145138,0.3739040046930313,0.3661376029253006,0.41236800849437716,discovery_shape_calibration,DeepEP_receive_format_plus_torch_grouped_mm_bf16_MLP
4,discovery_single_94343_rank2,-1,-1,-1,-1,-1,2,23,66,22,9,0.8677467311076578,0.4026079922914505,0.37206400334835055,0.7994335949420929,discovery_shape_calibration,DeepEP_receive_format_plus_torch_grouped_mm_bf16_MLP
4,discovery_single_170771_rank3,-1,-1,-1,-1,-1,3,24,67,24,10,0.8335523585339226,0.3810880035161972,0.3627423971891403,0.3985408127307892,discovery_shape_calibration,DeepEP_receive_format_plus_torch_grouped_mm_bf16_MLP
4,discovery_single_252239_rank1,-1,-1,-1,-1,-1,1,24,68,27,6,0.5261336417646563,0.3874400109052658,0.3690431982278824,0.7896352052688599,discovery_shape_calibration,DeepEP_receive_format_plus_torch_grouped_mm_bf16_MLP
4,discovery_single_50172_rank1,-1,-1,-1,-1,-1,1,18,70,28,14,0.9227288721117223,0.38289599120616913,0.3652991890907288,0.394073611497879,discovery_shape_calibration,DeepEP_receive_format_plus_torch_grouped_mm_bf16_MLP
4,discovery_single_139278_rank2,-1,-1,-1,-1,-1,2,19,71,26,10,0.6772290298688061,0.3824319988489151,0.3687839895486832,0.4293696105480194,discovery_shape_calibration,DeepEP_receive_format_plus_torch_grouped_mm_bf16_MLP
4,discovery_single_239385_rank2,-1,-1,-1,-1,-1,2,14,72,31,13,0.8012336167697752,0.38044799864292145,0.36414081156253814,0.6139999747276308,discovery_shape_calibration,DeepEP_receive_format_plus_torch_grouped_mm_bf16_MLP
4,discovery_single_69144_rank1,-1,-1,-1,-1,-1,1,16,74,31,27,1.6231974325510052,0.37807999551296234,0.3603328078985214,0.4103776067495346,discovery_shape_calibration,DeepEP_receive_format_plus_torch_grouped_mm_bf16_MLP
4,discovery_single_186129_rank3,-1,-1,-1,-1,-1,3,10,75,32,32,1.2310790208412925,0.38180799782276154,0.3666687995195389,0.7832319915294648,discovery_shape_calibration,DeepEP_receive_format_plus_torch_grouped_mm_bf16_MLP
4,discovery_single_37013_rank0,-1,-1,-1,-1,-1,0,32,77,28,10,0.9738527984580615,0.3903999924659729,0.3783231914043427,0.4053504079580307,discovery_shape_calibration,DeepEP_receive_format_plus_torch_grouped_mm_bf16_MLP
4,discovery_single_178719_rank0,-1,-1,-1,-1,-1,0,16,78,29,20,1.094784720010728,0.3951520025730133,0.3677055865526199,0.808409583568573,discovery_shape_calibration,DeepEP_receive_format_plus_torch_grouped_mm_bf16_MLP
4,discovery_single_48435_rank1,-1,-1,-1,-1,-1,1,20,80,30,19,1.2041594578792296,0.37987200915813446,0.36267519891262057,0.39330239295959474,discovery_shape_calibration,DeepEP_receive_format_plus_torch_grouped_mm_bf16_MLP
4,discovery_single_216120_rank1,-1,-1,-1,-1,-1,1,23,81,29,9,0.7436158195741034,0.3996800035238266,0.3676160007715225,0.7950176179409028,discovery_shape_calibration,DeepEP_receive_format_plus_torch_grouped_mm_bf16_MLP
4,discovery_single_125586_rank1,-1,-1,-1,-1,-1,1,12,83,31,27,1.051649196645879,0.37350399792194366,0.36133120357990267,0.39741440713405607,discovery_shape_calibration,DeepEP_receive_format_plus_torch_grouped_mm_bf16_MLP
4,discovery_single_35364_rank0,-1,-1,-1,-1,-1,0,17,85,31,12,0.5820855000871992,0.3985600024461746,0.3741120040416718,0.8006399989128112,discovery_shape_calibration,DeepEP_receive_format_plus_torch_grouped_mm_bf16_MLP
4,discovery_single_253161_rank1,-1,-1,-1,-1,-1,1,20,86,29,18,1.1466319102903302,0.38446399569511414,0.36279040575027466,0.4009440094232559,discovery_shape_calibration,DeepEP_receive_format_plus_torch_grouped_mm_bf16_MLP
4,discovery_single_219971_rank1,-1,-1,-1,-1,-1,1,19,88,27,23,1.1472208603749057,0.40300799906253815,0.3684832066297531,0.7935391962528229,discovery_shape_calibration,DeepEP_receive_format_plus_torch_grouped_mm_bf16_MLP
4,discovery_single_204031_rank2,-1,-1,-1,-1,-1,2,20,90,31,16,0.8819171036881969,0.37643200159072876,0.36029439568519595,0.40564159750938417,discovery_shape_calibration,DeepEP_receive_format_plus_torch_grouped_mm_bf16_MLP
4,discovery_single_218543_rank1,-1,-1,-1,-1,-1,1,16,92,32,32,1.4041526314743604,0.3936319947242737,0.36224001049995425,0.7990912020206452,discovery_shape_calibration,DeepEP_receive_format_plus_torch_grouped_mm_bf16_MLP
4,discovery_single_273731_rank0,-1,-1,-1,-1,-1,0,18,94,32,32,1.5219831717240888,0.381087988615036,0.3684000104665756,0.4044512122869492,discovery_shape_calibration,DeepEP_receive_format_plus_torch_grouped_mm_bf16_MLP
4,discovery_single_109271_rank0,-1,-1,-1,-1,-1,0,34,97,30,17,1.0485605476182425,0.4028479903936386,0.3915584087371826,0.43000639081001285,discovery_shape_calibration,DeepEP_receive_format_plus_torch_grouped_mm_bf16_MLP
4,discovery_single_8147_rank1,-1,-1,-1,-1,-1,1,10,100,32,30,1.016857905510893,0.38179199397563934,0.36154240369796753,0.7208031773567201,discovery_shape_calibration,DeepEP_receive_format_plus_torch_grouped_mm_bf16_MLP
4,discovery_single_264805_rank2,-1,-1,-1,-1,-1,2,19,102,21,15,0.9597833921976799,0.3782080113887787,0.36612158715724946,0.40329919159412386,discovery_shape_calibration,DeepEP_receive_format_plus_torch_grouped_mm_bf16_MLP
4,discovery_single_112671_rank0,-1,-1,-1,-1,-1,0,30,106,27,14,0.8193981415323949,0.3988319933414459,0.37501121163368223,0.7999647915363312,discovery_shape_calibration,DeepEP_receive_format_plus_torch_grouped_mm_bf16_MLP
4,discovery_single_122385_rank0,-1,-1,-1,-1,-1,0,28,110,29,19,1.0581443292328334,0.3859519958496094,0.3733248054981232,0.39954558908939364,discovery_shape_calibration,DeepEP_receive_format_plus_torch_grouped_mm_bf16_MLP
4,discovery_single_116984_rank0,-1,-1,-1,-1,-1,0,23,115,30,22,1.3266499161421599,0.3988640010356903,0.377497598528862,0.7920575857162475,discovery_shape_calibration,DeepEP_receive_format_plus_torch_grouped_mm_bf16_MLP
4,discovery_single_276906_rank2,-1,-1,-1,-1,-1,2,19,121,32,23,1.2282115117190913,0.3776159882545471,0.36371841430664065,0.39678398966789247,discovery_shape_calibration,DeepEP_receive_format_plus_torch_grouped_mm_bf16_MLP
4,discovery_single_150532_rank3,-1,-1,-1,-1,-1,3,23,132,32,18,0.9601805768336279,0.4139360040426254,0.38018880486488343,0.7842432022094726,discovery_shape_calibration,DeepEP_receive_format_plus_torch_grouped_mm_bf16_MLP
4,discovery_combined4_49860_rank3,-1,-1,-1,-1,-1,3,52,427,120,56,1.229298521209146,0.48020799458026886,0.47331521213054656,0.49593280255794525,discovery_shape_calibration,DeepEP_receive_format_plus_torch_grouped_mm_bf16_MLP
4,discovery_single_31568_rank0,-1,-1,-1,-1,-1,0,5,15,10,6,0.5962847939999439,0.3850080072879791,0.3648256003856659,0.5373504102230076,discovery_shape_calibration,DeepEP_receive_format_plus_torch_grouped_mm_bf16_MLP
4,discovery_single_143452_rank0,-1,-1,-1,-1,-1,0,6,31,20,18,1.1363816099231312,0.37249599397182465,0.3643072098493576,0.40192961096763613,discovery_shape_calibration,DeepEP_receive_format_plus_torch_grouped_mm_bf16_MLP
4,discovery_single_128102_rank1,-1,-1,-1,-1,-1,1,7,36,22,11,0.7157832625958401,0.3834719955921173,0.3717888116836548,0.41124160289764405,discovery_shape_calibration,DeepEP_receive_format_plus_torch_grouped_mm_bf16_MLP
4,discovery_single_56017_rank0,-1,-1,-1,-1,-1,0,8,23,17,6,0.6375164477658773,0.3807840049266815,0.356224000453949,0.6729504048824312,discovery_shape_calibration,DeepEP_receive_format_plus_torch_grouped_mm_bf16_MLP
4,discovery_single_225915_rank3,-1,-1,-1,-1,-1,3,8,21,15,9,1.1096362093077186,0.3776160031557083,0.3671583890914917,0.3979743868112564,discovery_shape_calibration,DeepEP_receive_format_plus_torch_grouped_mm_bf16_MLP
4,discovery_single_103501_rank3,-1,-1,-1,-1,-1,3,9,47,25,13,0.7594284381946701,0.3951199948787689,0.3723872035741806,0.7940256178379059,discovery_shape_calibration,DeepEP_receive_format_plus_torch_grouped_mm_bf16_MLP
4,discovery_single_239481_rank3,-1,-1,-1,-1,-1,3,9,65,30,30,1.2669676793792792,0.3799999952316284,0.36632319688797,0.40532158911228183,discovery_shape_calibration,DeepEP_receive_format_plus_torch_grouped_mm_bf16_MLP
4,discovery_single_88602_rank3,-1,-1,-1,-1,-1,3,10,38,15,13,1.0578816443285148,0.3959679901599884,0.3727584004402161,0.7857344150543213,discovery_shape_calibration,DeepEP_receive_format_plus_torch_grouped_mm_bf16_MLP
4,discovery_single_202956_rank1,-1,-1,-1,-1,-1,1,10,22,12,4,0.4895604370122277,0.37596799433231354,0.3630272030830383,0.3989311903715134,discovery_shape_calibration,DeepEP_receive_format_plus_torch_grouped_mm_bf16_MLP
4,discovery_single_36373_rank0,-1,-1,-1,-1,-1,0,11,46,22,10,0.7685943273766821,0.39927999675273895,0.3795744121074677,0.8072767794132233,discovery_shape_calibration,DeepEP_receive_format_plus_torch_grouped_mm_bf16_MLP
4,discovery_single_136737_rank0,-1,-1,-1,-1,-1,0,11,32,21,12,1.041145703059855,0.38336001336574554,0.3648799955844879,0.4117023885250092,discovery_shape_calibration,DeepEP_receive_format_plus_torch_grouped_mm_bf16_MLP
4,discovery_single_233447_rank0,-1,-1,-1,-1,-1,0,11,26,11,6,0.749753411139151,0.4034080058336258,0.37417919635772706,0.7799264013767242,discovery_shape_calibration,DeepEP_receive_format_plus_torch_grouped_mm_bf16_MLP
4,discovery_single_48616_rank0,-1,-1,-1,-1,-1,0,12,22,14,5,0.6232413273091859,0.37587200105190277,0.35931520760059354,0.39438081085681914,discovery_shape_calibration,DeepEP_receive_format_plus_torch_grouped_mm_bf16_MLP
4,discovery_single_136999_rank1,-1,-1,-1,-1,-1,1,12,42,22,8,0.7604152106033958,0.3980640023946762,0.36548479199409484,0.7899616122245788,discovery_shape_calibration,DeepEP_receive_format_plus_torch_grouped_mm_bf16_MLP
4,discovery_single_221817_rank3,-1,-1,-1,-1,-1,3,12,44,23,13,0.8999540851465152,0.37544000148773193,0.367766410112381,0.4019615858793259,discovery_shape_calibration,DeepEP_receive_format_plus_torch_grouped_mm_bf16_MLP
4,discovery_single_30328_rank3,-1,-1,-1,-1,-1,3,13,73,30,20,1.011103676013476,0.3891199976205826,0.36649600863456727,0.7810304224491119,discovery_shape_calibration,DeepEP_receive_format_plus_torch_grouped_mm_bf16_MLP
4,discovery_single_107392_rank0,-1,-1,-1,-1,-1,0,13,32,19,7,0.723489806424389,0.38657599687576294,0.3655839920043945,0.39464641213417057,discovery_shape_calibration,DeepEP_receive_format_plus_torch_grouped_mm_bf16_MLP
4,discovery_single_185377_rank0,-1,-1,-1,-1,-1,0,13,28,13,5,0.6267831705280088,0.38041600584983826,0.36822080314159394,0.43376640379428877,discovery_shape_calibration,DeepEP_receive_format_plus_torch_grouped_mm_bf16_MLP
4,discovery_single_262854_rank0,-1,-1,-1,-1,-1,0,13,31,17,7,0.6689174630105716,0.3789599984884262,0.3616927921772003,0.4489696085453035,discovery_shape_calibration,DeepEP_receive_format_plus_torch_grouped_mm_bf16_MLP
4,discovery_single_59999_rank1,-1,-1,-1,-1,-1,1,14,55,25,14,0.9833321660356336,0.380063995718956,0.36526720225811005,0.4026912093162537,discovery_shape_calibration,DeepEP_receive_format_plus_torch_grouped_mm_bf16_MLP
4,discovery_single_133091_rank0,-1,-1,-1,-1,-1,0,14,41,25,16,1.2871487611667087,0.39054399728775024,0.36814400255680085,0.776227217912674,discovery_shape_calibration,DeepEP_receive_format_plus_torch_grouped_mm_bf16_MLP
4,discovery_single_204930_rank0,-1,-1,-1,-1,-1,0,14,82,30,12,0.5508092580798154,0.3874080032110214,0.3661888033151627,0.40069760382175446,discovery_shape_calibration,DeepEP_receive_format_plus_torch_grouped_mm_bf16_MLP
4,discovery_single_277062_rank2,-1,-1,-1,-1,-1,2,14,34,12,7,0.7892004626469846,0.39312000572681427,0.368083193898201,0.7826399862766266,discovery_shape_calibration,DeepEP_receive_format_plus_torch_grouped_mm_bf16_MLP
4,discovery_single_69450_rank1,-1,-1,-1,-1,-1,1,15,66,29,28,1.5093829582317904,0.37783999741077423,0.36244159042835233,0.40042559504508973,discovery_shape_calibration,DeepEP_receive_format_plus_torch_grouped_mm_bf16_MLP
4,discovery_single_139159_rank3,-1,-1,-1,-1,-1,3,15,122,31,26,0.944794362847135,0.40620799362659454,0.37628479599952697,0.7868063926696778,discovery_shape_calibration,DeepEP_receive_format_plus_torch_grouped_mm_bf16_MLP
4,discovery_single_208882_rank3,-1,-1,-1,-1,-1,3,15,51,24,9,0.7578881603955957,0.3776960074901581,0.3645408064126968,0.3975455939769745,discovery_shape_calibration,DeepEP_receive_format_plus_torch_grouped_mm_bf16_MLP
4,discovery_single_1948_rank2,-1,-1,-1,-1,-1,2,16,60,23,10,0.7512951779723096,0.3993920087814331,0.36477440893650054,0.7600383877754212,discovery_shape_calibration,DeepEP_receive_format_plus_torch_grouped_mm_bf16_MLP
4,discovery_single_70135_rank2,-1,-1,-1,-1,-1,2,16,51,27,10,0.9619840448655749,0.38419200479984283,0.36133440732955935,0.4042783945798874,discovery_shape_calibration,DeepEP_receive_format_plus_torch_grouped_mm_bf16_MLP
4,discovery_single_138066_rank1,-1,-1,-1,-1,-1,1,16,49,25,12,0.8827562756686599,0.41625599563121796,0.3734431952238083,0.7951551973819733,discovery_shape_calibration,DeepEP_receive_format_plus_torch_grouped_mm_bf16_MLP
4,discovery_single_206811_rank2,-1,-1,-1,-1,-1,2,16,85,28,21,1.0621516322848625,0.37519998848438263,0.36514560878276825,0.38628479838371277,discovery_shape_calibration,DeepEP_receive_format_plus_torch_grouped_mm_bf16_MLP
4,discovery_single_275914_rank3,-1,-1,-1,-1,-1,3,16,60,24,9,0.5925462944877059,0.3911200016736984,0.37630721032619474,0.802537614107132,discovery_shape_calibration,DeepEP_receive_format_plus_torch_grouped_mm_bf16_MLP
4,discovery_single_67609_rank0,-1,-1,-1,-1,-1,0,17,62,29,15,1.1085703404799732,0.37534399330616,0.36380800902843474,0.39358079731464385,discovery_shape_calibration,DeepEP_receive_format_plus_torch_grouped_mm_bf16_MLP
4,discovery_single_136876_rank0,-1,-1,-1,-1,-1,0,17,40,21,10,0.9096702699330126,0.3827200084924698,0.3700768083333969,0.5441375911235813,discovery_shape_calibration,DeepEP_receive_format_plus_torch_grouped_mm_bf16_MLP
4,discovery_single_206803_rank3,-1,-1,-1,-1,-1,3,17,38,17,6,0.5644108049875584,0.37801599502563477,0.3639840006828308,0.4097919970750809,discovery_shape_calibration,DeepEP_receive_format_plus_torch_grouped_mm_bf16_MLP
4,discovery_single_276784_rank3,-1,-1,-1,-1,-1,3,17,86,29,21,1.0248402110014283,0.3861440122127533,0.36613440215587617,0.40510719418525704,discovery_shape_calibration,DeepEP_receive_format_plus_torch_grouped_mm_bf16_MLP
4,discovery_single_70084_rank1,-1,-1,-1,-1,-1,1,18,45,22,9,0.8137703743822469,0.38102400302886963,0.36502400040626526,0.689792013168335,discovery_shape_calibration,DeepEP_receive_format_plus_torch_grouped_mm_bf16_MLP
4,discovery_single_143177_rank3,-1,-1,-1,-1,-1,3,18,79,28,22,1.3135923095268687,0.3771200031042099,0.3659231930971146,0.4023200124502182,discovery_shape_calibration,DeepEP_receive_format_plus_torch_grouped_mm_bf16_MLP
4,discovery_single_215452_rank0,-1,-1,-1,-1,-1,0,18,80,26,15,0.8223442101699263,0.39152000844478607,0.36340801119804383,0.8001759886741638,discovery_shape_calibration,DeepEP_receive_format_plus_torch_grouped_mm_bf16_MLP
4,discovery_single_9879_rank1,-1,-1,-1,-1,-1,1,19,62,25,7,0.6657989496951707,0.38289599120616913,0.3628320097923279,0.3935616075992584,discovery_shape_calibration,DeepEP_receive_format_plus_torch_grouped_mm_bf16_MLP
4,discovery_single_85711_rank3,-1,-1,-1,-1,-1,3,19,36,20,4,0.5386310952684811,0.39873600006103516,0.3770687937736511,0.8101631879806519,discovery_shape_calibration,DeepEP_receive_format_plus_torch_grouped_mm_bf16_MLP
4,discovery_single_162106_rank1,-1,-1,-1,-1,-1,1,19,56,18,9,0.6827876533680415,0.38228799402713776,0.36271679401397705,0.4099359929561615,discovery_shape_calibration,DeepEP_receive_format_plus_torch_grouped_mm_bf16_MLP
4,discovery_single_238971_rank2,-1,-1,-1,-1,-1,2,19,47,23,9,1.044071842245557,0.40355199575424194,0.3672768086194992,0.8055008053779602,discovery_shape_calibration,DeepEP_receive_format_plus_torch_grouped_mm_bf16_MLP
4,discovery_single_39622_rank1,-1,-1,-1,-1,-1,1,20,96,29,21,0.9851325347947408,0.3737120032310486,0.36435519754886625,0.4046367943286896,discovery_shape_calibration,DeepEP_receive_format_plus_torch_grouped_mm_bf16_MLP
4,discovery_single_123607_rank0,-1,-1,-1,-1,-1,0,20,92,30,24,1.1283425454226939,0.4033440053462982,0.37244799733161926,0.8025632083415986,discovery_shape_calibration,DeepEP_receive_format_plus_torch_grouped_mm_bf16_MLP
4,discovery_single_209892_rank3,-1,-1,-1,-1,-1,3,20,61,23,13,1.0077634681510612,0.3755840063095093,0.3604672133922577,0.402972811460495,discovery_shape_calibration,DeepEP_receive_format_plus_torch_grouped_mm_bf16_MLP
4,discovery_single_16258_rank2,-1,-1,-1,-1,-1,2,21,85,26,15,0.8939628348947235,0.4029279947280884,0.36535359025001524,0.7899167776107788,discovery_shape_calibration,DeepEP_receive_format_plus_torch_grouped_mm_bf16_MLP
4,discovery_single_109187_rank2,-1,-1,-1,-1,-1,2,21,74,28,13,0.9737234343055039,0.3779840022325516,0.3632576048374176,0.40277759432792665,discovery_shape_calibration,DeepEP_receive_format_plus_torch_grouped_mm_bf16_MLP
4,discovery_single_205285_rank2,-1,-1,-1,-1,-1,2,21,104,32,11,0.5727412543013627,0.396031990647316,0.37129919826984403,0.8017504096031189,discovery_shape_calibration,DeepEP_receive_format_plus_torch_grouped_mm_bf16_MLP
4,discovery_single_19874_rank3,-1,-1,-1,-1,-1,3,22,47,20,10,0.9602794975656815,0.37651200592517853,0.36007040143013,0.40520639419555665,discovery_shape_calibration,DeepEP_receive_format_plus_torch_grouped_mm_bf16_MLP
4,discovery_single_124585_rank3,-1,-1,-1,-1,-1,3,22,69,26,9,0.7708455737375188,0.39582400023937225,0.36527680456638334,0.4481216043233873,discovery_shape_calibration,DeepEP_receive_format_plus_torch_grouped_mm_bf16_MLP
4,discovery_single_233675_rank1,-1,-1,-1,-1,-1,1,22,72,30,23,1.3670505332626979,0.3833119869232178,0.3590271890163422,0.4466495871543886,discovery_shape_calibration,DeepEP_receive_format_plus_torch_grouped_mm_bf16_MLP
4,discovery_single_67950_rank2,-1,-1,-1,-1,-1,2,23,59,25,16,1.2210449935137544,0.3803680092096329,0.3652736097574234,0.3953599900007248,discovery_shape_calibration,DeepEP_receive_format_plus_torch_grouped_mm_bf16_MLP
4,discovery_single_192091_rank3,-1,-1,-1,-1,-1,3,23,39,14,5,0.7050116453778215,0.388032004237175,0.36942079067230227,0.7932992219924927,discovery_shape_calibration,DeepEP_receive_format_plus_torch_grouped_mm_bf16_MLP
4,discovery_single_45228_rank3,-1,-1,-1,-1,-1,3,24,76,31,31,1.8630389495187218,0.3793119937181473,0.36250559985637665,0.4036927938461304,discovery_shape_calibration,DeepEP_receive_format_plus_torch_grouped_mm_bf16_MLP
4,discovery_single_188735_rank0,-1,-1,-1,-1,-1,0,24,78,29,10,0.6661733875264914,0.39608000218868256,0.3727680116891861,0.784886384010315,discovery_shape_calibration,DeepEP_receive_format_plus_torch_grouped_mm_bf16_MLP
4,discovery_single_68038_rank0,-1,-1,-1,-1,-1,0,25,76,25,10,0.829469342761815,0.3808959871530533,0.3707711935043335,0.40913600027561187,discovery_shape_calibration,DeepEP_receive_format_plus_torch_grouped_mm_bf16_MLP
4,discovery_single_250844_rank2,-1,-1,-1,-1,-1,2,25,68,24,13,1.132066426701043,0.39825598895549774,0.3710816025733948,0.7981343746185303,discovery_shape_calibration,DeepEP_receive_format_plus_torch_grouped_mm_bf16_MLP
4,discovery_single_184133_rank2,-1,-1,-1,-1,-1,2,26,65,27,8,0.6861262498762388,0.3855680078268051,0.37170239090919494,0.400575989484787,discovery_shape_calibration,DeepEP_receive_format_plus_torch_grouped_mm_bf16_MLP
4,discovery_single_157187_rank1,-1,-1,-1,-1,-1,1,27,46,20,5,0.5491013452310909,0.3993920087814331,0.37408640384674074,0.7911455810070038,discovery_shape_calibration,DeepEP_receive_format_plus_torch_grouped_mm_bf16_MLP
4,discovery_single_203858_rank2,-1,-1,-1,-1,-1,2,28,109,32,23,1.2795123113525662,0.38364800810813904,0.3753471910953522,0.40618879795074464,discovery_shape_calibration,DeepEP_receive_format_plus_torch_grouped_mm_bf16_MLP
4,discovery_single_104330_rank0,-1,-1,-1,-1,-1,0,30,74,28,6,0.6598138170666866,0.40726400911808014,0.38332798779010774,0.7927872121334076,discovery_shape_calibration,DeepEP_receive_format_plus_torch_grouped_mm_bf16_MLP
4,discovery_single_5638_rank3,-1,-1,-1,-1,-1,3,33,110,27,16,0.9732793675367455,0.390064001083374,0.3849119901657104,0.40870400071144103,discovery_shape_calibration,DeepEP_receive_format_plus_torch_grouped_mm_bf16_MLP
4,discovery_combined4_222985_rank0,-1,-1,-1,-1,-1,0,59,261,94,16,0.7138785494356469,0.4912959933280945,0.47955519556999204,0.7976959824562073,discovery_shape_calibration,DeepEP_receive_format_plus_torch_grouped_mm_bf16_MLP
4,discovery_single_0_rank1,-1,-1,-1,-1,-1,1,4,4,2,1,0.0,0.39291200041770935,0.3596127986907959,0.772131222486496,discovery_shape_calibration,DeepEP_receive_format_plus_torch_grouped_mm_bf16_MLP
4,discovery_single_262468_rank1,-1,-1,-1,-1,-1,1,10,11,6,2,0.2727272727272727,0.38577599823474884,0.360374391078949,0.4040735960006714,discovery_shape_calibration,DeepEP_receive_format_plus_torch_grouped_mm_bf16_MLP
4,discovery_single_181547_rank1,-1,-1,-1,-1,-1,1,3,5,5,3,0.565685424949238,0.3876640051603317,0.36350401043891906,0.7804095983505249,discovery_shape_calibration,DeepEP_receive_format_plus_torch_grouped_mm_bf16_MLP
4,discovery_single_60704_rank0,-1,-1,-1,-1,-1,0,6,10,4,4,0.6633249580710799,0.3821120113134384,0.36723520159721373,0.3937504053115845,discovery_shape_calibration,DeepEP_receive_format_plus_torch_grouped_mm_bf16_MLP
4,discovery_single_182545_rank1,-1,-1,-1,-1,-1,1,7,14,6,4,0.5976143046671968,0.4002719968557358,0.3724255979061127,0.7821568071842193,discovery_shape_calibration,DeepEP_receive_format_plus_torch_grouped_mm_bf16_MLP
4,discovery_single_18126_rank3,-1,-1,-1,-1,-1,3,28,49,18,5,0.641154207036939,0.38254399597644806,0.3700640141963959,0.40769919455051423,discovery_shape_calibration,DeepEP_receive_format_plus_torch_grouped_mm_bf16_MLP
4,discovery_single_112980_rank3,-1,-1,-1,-1,-1,3,11,28,9,5,0.34992710611188266,0.39659200608730316,0.36982078552246095,0.792521619796753,discovery_shape_calibration,DeepEP_receive_format_plus_torch_grouped_mm_bf16_MLP
4,discovery_single_210961_rank0,-1,-1,-1,-1,-1,0,11,28,13,5,0.6348710298082564,0.37985600531101227,0.36281280517578124,0.4118111938238144,discovery_shape_calibration,DeepEP_receive_format_plus_torch_grouped_mm_bf16_MLP
4,discovery_single_24030_rank0,-1,-1,-1,-1,-1,0,14,32,18,6,0.8338540040078959,0.3978720009326935,0.37708480656147003,0.7872608244419098,discovery_shape_calibration,DeepEP_receive_format_plus_torch_grouped_mm_bf16_MLP
4,discovery_single_104217_rank0,-1,-1,-1,-1,-1,0,23,53,19,6,0.6194888739389435,0.3781599998474121,0.3673792093992233,0.39561280608177185,discovery_shape_calibration,DeepEP_receive_format_plus_torch_grouped_mm_bf16_MLP
4,discovery_single_184574_rank0,-1,-1,-1,-1,-1,0,13,33,16,6,0.6105891418063601,0.3994719982147217,0.3654687911272049,0.7938047766685487,discovery_shape_calibration,DeepEP_receive_format_plus_torch_grouped_mm_bf16_MLP
4,discovery_single_268457_rank3,-1,-1,-1,-1,-1,3,28,72,26,6,0.6526300069150406,0.3877120018005371,0.37381120920181277,0.40306559205055237,discovery_shape_calibration,DeepEP_receive_format_plus_torch_grouped_mm_bf16_MLP
4,discovery_single_68026_rank3,-1,-1,-1,-1,-1,3,21,46,18,7,0.7404081028663652,0.39688000082969666,0.3708672136068344,0.647391998767853,discovery_shape_calibration,DeepEP_receive_format_plus_torch_grouped_mm_bf16_MLP
4,discovery_single_141179_rank0,-1,-1,-1,-1,-1,0,7,25,11,7,0.6669332800213227,0.37644800543785095,0.3637120008468628,0.41123200058937076,discovery_shape_calibration,DeepEP_receive_format_plus_torch_grouped_mm_bf16_MLP
4,discovery_single_220181_rank1,-1,-1,-1,-1,-1,1,22,64,26,7,0.594571799701264,0.3789760023355484,0.36611840426921843,0.4070207864046097,discovery_shape_calibration,DeepEP_receive_format_plus_torch_grouped_mm_bf16_MLP
4,discovery_single_20419_rank1,-1,-1,-1,-1,-1,1,18,59,29,8,0.7104505733943962,0.3814080059528351,0.36501120030879974,0.6488831937313082,discovery_shape_calibration,DeepEP_receive_format_plus_torch_grouped_mm_bf16_MLP
4,discovery_single_96633_rank1,-1,-1,-1,-1,-1,1,10,24,15,8,0.8579691784155834,0.3813280016183853,0.36354239881038664,0.40655999183654784,discovery_shape_calibration,DeepEP_receive_format_plus_torch_grouped_mm_bf16_MLP
4,discovery_single_170836_rank3,-1,-1,-1,-1,-1,3,19,61,25,8,0.6111918649936802,0.3855520039796829,0.36649599075317385,0.7944928228855134,discovery_shape_calibration,DeepEP_receive_format_plus_torch_grouped_mm_bf16_MLP
4,discovery_single_249527_rank1,-1,-1,-1,-1,-1,1,23,64,26,8,0.7414881573565422,0.3766240030527115,0.36118398904800414,0.40284799635410307,discovery_shape_calibration,DeepEP_receive_format_plus_torch_grouped_mm_bf16_MLP
4,discovery_single_46137_rank2,-1,-1,-1,-1,-1,2,18,58,26,9,0.7710579232757894,0.39825600385665894,0.3644831985235214,0.7940704107284546,discovery_shape_calibration,DeepEP_receive_format_plus_torch_grouped_mm_bf16_MLP
4,discovery_single_123003_rank0,-1,-1,-1,-1,-1,0,9,26,19,9,1.0505000218267433,0.38123200833797455,0.3667295932769775,0.40024320483207704,discovery_shape_calibration,DeepEP_receive_format_plus_torch_grouped_mm_bf16_MLP
4,discovery_single_198591_rank0,-1,-1,-1,-1,-1,0,27,84,28,9,0.7592961294810464,0.3986400067806244,0.37463039457798003,0.7817375838756562,discovery_shape_calibration,DeepEP_receive_format_plus_torch_grouped_mm_bf16_MLP
4,discovery_single_276031_rank3,-1,-1,-1,-1,-1,3,19,49,21,9,0.993104086579301,0.3811679929494858,0.36314561069011686,0.39625920355319977,discovery_shape_calibration,DeepEP_receive_format_plus_torch_grouped_mm_bf16_MLP
4,discovery_single_74464_rank2,-1,-1,-1,-1,-1,2,20,65,24,10,0.7653749516204769,0.39924800395965576,0.37397759556770327,0.7910080194473267,discovery_shape_calibration,DeepEP_receive_format_plus_torch_grouped_mm_bf16_MLP
4,discovery_single_152115_rank0,-1,-1,-1,-1,-1,0,32,83,30,10,0.9963644175438722,0.3912159949541092,0.38027839064598085,0.40067519545555114,discovery_shape_calibration,DeepEP_receive_format_plus_torch_grouped_mm_bf16_MLP
4,discovery_single_231013_rank2,-1,-1,-1,-1,-1,2,24,79,28,10,0.829572778623339,0.39475199580192566,0.3757824093103409,0.797484815120697,discovery_shape_calibration,DeepEP_receive_format_plus_torch_grouped_mm_bf16_MLP
4,discovery_single_31475_rank0,-1,-1,-1,-1,-1,0,20,79,29,11,0.6815488924542685,0.3761119991540909,0.3605088025331497,0.4070464015007019,discovery_shape_calibration,DeepEP_receive_format_plus_torch_grouped_mm_bf16_MLP
4,discovery_single_115631_rank2,-1,-1,-1,-1,-1,2,19,75,30,11,0.7187643718369896,0.39183999598026276,0.36801920235157015,0.7819871842861176,discovery_shape_calibration,DeepEP_receive_format_plus_torch_grouped_mm_bf16_MLP
4,discovery_single_197571_rank0,-1,-1,-1,-1,-1,0,5,29,20,11,0.6110360395403224,0.37748800218105316,0.36425599455833435,0.39992319643497465,discovery_shape_calibration,DeepEP_receive_format_plus_torch_grouped_mm_bf16_MLP
4,discovery_single_6350_rank2,-1,-1,-1,-1,-1,2,14,60,31,12,0.8339997335464535,0.38390399515628815,0.37141441404819486,0.45438719093799607,discovery_shape_calibration,DeepEP_receive_format_plus_torch_grouped_mm_bf16_MLP
4,discovery_single_92408_rank2,-1,-1,-1,-1,-1,2,14,49,24,12,0.9763978541963826,0.3858399987220764,0.3692576140165329,0.4474399983882908,discovery_shape_calibration,DeepEP_receive_format_plus_torch_grouped_mm_bf16_MLP
4,discovery_single_181520_rank3,-1,-1,-1,-1,-1,3,25,90,24,12,0.8425417160057278,0.3787840008735657,0.3654240041971207,0.41003839671611786,discovery_shape_calibration,DeepEP_receive_format_plus_torch_grouped_mm_bf16_MLP
4,discovery_single_268237_rank1,-1,-1,-1,-1,-1,1,21,81,30,12,0.776895443089001,0.38516800105571747,0.36866559982299807,0.7872608006000519,discovery_shape_calibration,DeepEP_receive_format_plus_torch_grouped_mm_bf16_MLP
4,discovery_single_81398_rank2,-1,-1,-1,-1,-1,2,29,104,27,13,0.9364022172261423,0.38969598710536957,0.3765792042016983,0.3981567978858948,discovery_shape_calibration,DeepEP_receive_format_plus_torch_grouped_mm_bf16_MLP
4,discovery_single_177704_rank3,-1,-1,-1,-1,-1,3,22,71,25,13,1.1130325690214282,0.39688000082969666,0.36844799518585203,0.8009696185588837,discovery_shape_calibration,DeepEP_receive_format_plus_torch_grouped_mm_bf16_MLP
4,discovery_single_269764_rank1,-1,-1,-1,-1,-1,1,25,74,28,13,0.9767195134914946,0.38203200697898865,0.3666112035512924,0.40070720911026003,discovery_shape_calibration,DeepEP_receive_format_plus_torch_grouped_mm_bf16_MLP
4,discovery_single_91731_rank1,-1,-1,-1,-1,-1,1,20,51,26,14,1.2053641481806812,0.3956480026245117,0.3761695891618729,0.7833183825016022,discovery_shape_calibration,DeepEP_receive_format_plus_torch_grouped_mm_bf16_MLP
4,discovery_single_192979_rank2,-1,-1,-1,-1,-1,2,17,72,26,14,0.8358757512961711,0.37937599420547485,0.364467191696167,0.4015072047710419,discovery_shape_calibration,DeepEP_receive_format_plus_torch_grouped_mm_bf16_MLP
4,discovery_single_18115_rank3,-1,-1,-1,-1,-1,3,16,74,30,15,1.0533608254002744,0.3991200029850006,0.3778975874185562,0.7935712099075317,discovery_shape_calibration,DeepEP_receive_format_plus_torch_grouped_mm_bf16_MLP
4,discovery_single_127381_rank2,-1,-1,-1,-1,-1,2,11,46,20,15,1.0439310611776496,0.37912000715732574,0.3616799920797348,0.3945856004953385,discovery_shape_calibration,DeepEP_receive_format_plus_torch_grouped_mm_bf16_MLP
4,discovery_single_230280_rank2,-1,-1,-1,-1,-1,2,16,66,21,15,1.2117423650383154,0.4020480066537857,0.3702176034450531,0.8035264074802398,discovery_shape_calibration,DeepEP_receive_format_plus_torch_grouped_mm_bf16_MLP
4,discovery_single_64679_rank3,-1,-1,-1,-1,-1,3,19,68,24,16,1.1549502303571684,0.3750239908695221,0.36236481070518495,0.41175040006637575,discovery_shape_calibration,DeepEP_receive_format_plus_torch_grouped_mm_bf16_MLP
4,discovery_single_185005_rank3,-1,-1,-1,-1,-1,3,23,62,28,16,1.112552539418099,0.39078399538993835,0.3710911959409714,0.7890208005905152,discovery_shape_calibration,DeepEP_receive_format_plus_torch_grouped_mm_bf16_MLP
4,discovery_single_23911_rank0,-1,-1,-1,-1,-1,0,8,34,17,17,1.192537348983135,0.3808959871530533,0.3632896035909653,0.3989215910434723,discovery_shape_calibration,DeepEP_receive_format_plus_torch_grouped_mm_bf16_MLP
4,discovery_single_155905_rank3,-1,-1,-1,-1,-1,3,14,76,29,17,0.831762138383111,0.38603200018405914,0.3682367891073227,0.43554560542106646,discovery_shape_calibration,DeepEP_receive_format_plus_torch_grouped_mm_bf16_MLP
4,discovery_single_277106_rank1,-1,-1,-1,-1,-1,1,17,45,25,17,1.4072124621322277,0.37774400413036346,0.36301119327545167,0.4278975874185564,discovery_shape_calibration,DeepEP_receive_format_plus_torch_grouped_mm_bf16_MLP
4,discovery_single_141541_rank2,-1,-1,-1,-1,-1,2,15,60,25,18,1.0801234497346435,0.3799840062856674,0.3658687949180603,0.40702398717403415,discovery_shape_calibration,DeepEP_receive_format_plus_torch_grouped_mm_bf16_MLP
4,discovery_combined4_98335_rank0,-1,-1,-1,-1,-1,0,46,232,88,18,0.9535511573850126,0.4793440103530884,0.443027201294899,0.7916000247001648,discovery_shape_calibration,DeepEP_receive_format_plus_torch_grouped_mm_bf16_MLP
4,discovery_single_152416_rank0,-1,-1,-1,-1,-1,0,16,74,28,19,1.0137837477573541,0.37856000661849976,0.366006401181221,0.4072960078716278,discovery_shape_calibration,DeepEP_receive_format_plus_torch_grouped_mm_bf16_MLP
4,discovery_single_21424_rank2,-1,-1,-1,-1,-1,2,21,120,32,20,0.940301370129102,0.39870400726795197,0.3799712032079697,0.7926527917385101,discovery_shape_calibration,DeepEP_receive_format_plus_torch_grouped_mm_bf16_MLP
4,discovery_single_181349_rank1,-1,-1,-1,-1,-1,1,14,70,31,20,0.9591663046625438,0.3807999938726425,0.36297279596328735,0.3982752114534378,discovery_shape_calibration,DeepEP_receive_format_plus_torch_grouped_mm_bf16_MLP
4,discovery_single_69947_rank2,-1,-1,-1,-1,-1,2,17,77,31,21,1.0049632271248365,0.4031360000371933,0.3694783985614777,0.7996544003486633,discovery_shape_calibration,DeepEP_receive_format_plus_torch_grouped_mm_bf16_MLP
4,discovery_single_240728_rank1,-1,-1,-1,-1,-1,1,20,70,27,21,1.409877690454323,0.3771999925374985,0.3643135964870453,0.405091205239296,discovery_shape_calibration,DeepEP_receive_format_plus_torch_grouped_mm_bf16_MLP
4,discovery_single_157448_rank1,-1,-1,-1,-1,-1,1,23,110,32,22,1.3479706203728739,0.3996320068836212,0.372764790058136,0.799235212802887,discovery_shape_calibration,DeepEP_receive_format_plus_torch_grouped_mm_bf16_MLP
4,discovery_single_72302_rank1,-1,-1,-1,-1,-1,1,17,78,30,23,1.1726389822850387,0.3812960088253021,0.3665184020996094,0.4069728046655655,discovery_shape_calibration,DeepEP_receive_format_plus_torch_grouped_mm_bf16_MLP
4,discovery_single_276245_rank3,-1,-1,-1,-1,-1,3,17,115,30,23,1.10800489990932,0.39985600113868713,0.37050239741802216,0.8149920165538788,discovery_shape_calibration,DeepEP_receive_format_plus_torch_grouped_mm_bf16_MLP
4,discovery_single_225841_rank3,-1,-1,-1,-1,-1,3,7,50,27,24,1.1579291860904102,0.382192000746727,0.3709599882364273,0.39896638989448546,discovery_shape_calibration,DeepEP_receive_format_plus_torch_grouped_mm_bf16_MLP
4,discovery_single_187927_rank0,-1,-1,-1,-1,-1,0,9,76,30,25,1.0504912450637933,0.3828960061073303,0.3656895935535431,0.41881599724292756,discovery_shape_calibration,DeepEP_receive_format_plus_torch_grouped_mm_bf16_MLP
4,discovery_single_175387_rank0,-1,-1,-1,-1,-1,0,15,80,29,26,1.2412191587306411,0.38836799561977386,0.37056639790534973,0.6390304267406466,discovery_shape_calibration,DeepEP_receive_format_plus_torch_grouped_mm_bf16_MLP
4,discovery_single_189846_rank0,-1,-1,-1,-1,-1,0,17,94,31,27,1.1523786096316708,0.37990400195121765,0.3648256003856659,0.40897600054740907,discovery_shape_calibration,DeepEP_receive_format_plus_torch_grouped_mm_bf16_MLP
4,discovery_single_227947_rank3,-1,-1,-1,-1,-1,3,13,101,29,28,1.1165753515261396,0.3893119990825653,0.3681951969861984,0.7997951924800872,discovery_shape_calibration,DeepEP_receive_format_plus_torch_grouped_mm_bf16_MLP
4,discovery_single_6574_rank2,-1,-1,-1,-1,-1,2,16,109,32,30,1.5553908848408728,0.3776639997959137,0.36758719980716703,0.4009856075048447,discovery_shape_calibration,DeepEP_receive_format_plus_torch_grouped_mm_bf16_MLP
4,discovery_single_107462_rank2,-1,-1,-1,-1,-1,2,13,85,32,31,1.2259026756811546,0.4060000032186508,0.363772788643837,0.8024319827556611,discovery_shape_calibration,DeepEP_receive_format_plus_torch_grouped_mm_bf16_MLP
4,discovery_combined4_80330_rank3,-1,-1,-1,-1,-1,3,37,300,102,72,1.7450883454236157,0.4313279986381531,0.421001610159874,0.44719681441783904,discovery_shape_calibration,DeepEP_receive_format_plus_torch_grouped_mm_bf16_MLP
4,discovery_single_208412_rank1,-1,-1,-1,-1,-1,1,5,7,4,2,0.3499271061118826,0.3982880115509033,0.3720223933458328,0.7809664249420166,discovery_shape_calibration,DeepEP_receive_format_plus_torch_grouped_mm_bf16_MLP
4,discovery_single_33530_rank0,-1,-1,-1,-1,-1,0,10,20,15,3,0.4472135954999579,0.38016000390052795,0.36494078636169436,0.39224320352077485,discovery_shape_calibration,DeepEP_receive_format_plus_torch_grouped_mm_bf16_MLP
4,discovery_single_176664_rank0,-1,-1,-1,-1,-1,0,27,55,24,5,0.49057227502661965,0.3972319960594177,0.37253119945526125,0.78297917842865,discovery_shape_calibration,DeepEP_receive_format_plus_torch_grouped_mm_bf16_MLP
4,discovery_single_28799_rank0,-1,-1,-1,-1,-1,0,15,36,21,5,0.522635770061855,0.37915199995040894,0.3622368097305298,0.4005600094795227,discovery_shape_calibration,DeepEP_receive_format_plus_torch_grouped_mm_bf16_MLP
4,discovery_single_170463_rank2,-1,-1,-1,-1,-1,2,13,27,16,4,0.5493480360811602,0.387935996055603,0.3732448101043701,0.7881887912750244,discovery_shape_calibration,DeepEP_receive_format_plus_torch_grouped_mm_bf16_MLP
4,discovery_single_202819_rank0,-1,-1,-1,-1,-1,0,10,25,12,5,0.5727128425310541,0.3786559998989105,0.36219520270824435,0.39487358629703523,discovery_shape_calibration,DeepEP_receive_format_plus_torch_grouped_mm_bf16_MLP
4,discovery_single_35598_rank0,-1,-1,-1,-1,-1,0,16,45,21,6,0.5925462944877059,0.38817599415779114,0.36510719954967497,0.42867840528488166,discovery_shape_calibration,DeepEP_receive_format_plus_torch_grouped_mm_bf16_MLP
4,discovery_single_26207_rank2,-1,-1,-1,-1,-1,2,11,54,24,11,0.6108304630544682,0.38180801272392273,0.36620160937309265,0.4390431851148608,discovery_shape_calibration,DeepEP_receive_format_plus_torch_grouped_mm_bf16_MLP
4,discovery_single_129123_rank2,-1,-1,-1,-1,-1,2,19,56,25,9,0.6272917167946535,0.3808320015668869,0.3640831887722015,0.4007840007543564,discovery_shape_calibration,DeepEP_receive_format_plus_torch_grouped_mm_bf16_MLP
4,discovery_single_96015_rank0,-1,-1,-1,-1,-1,0,23,46,20,5,0.6426845869171515,0.38499200344085693,0.3640511929988861,0.7853727757930755,discovery_shape_calibration,DeepEP_receive_format_plus_torch_grouped_mm_bf16_MLP
4,discovery_single_56492_rank0,-1,-1,-1,-1,-1,0,11,19,12,5,0.6573682103577261,0.3781120032072067,0.3617792040109634,0.4065888047218323,discovery_shape_calibration,DeepEP_receive_format_plus_torch_grouped_mm_bf16_MLP
4,discovery_single_263848_rank2,-1,-1,-1,-1,-1,2,10,40,23,10,0.6708203932499369,0.39129599928855896,0.36847999691963196,0.7719551801681519,discovery_shape_calibration,DeepEP_receive_format_plus_torch_grouped_mm_bf16_MLP
4,discovery_single_137519_rank2,-1,-1,-1,-1,-1,2,13,33,19,7,0.6843387751900736,0.38068799674510956,0.36609919667243956,0.3955840110778809,discovery_shape_calibration,DeepEP_receive_format_plus_torch_grouped_mm_bf16_MLP
4,discovery_single_179296_rank0,-1,-1,-1,-1,-1,0,22,89,27,9,0.6970821289548806,0.4160799980163574,0.3708864003419876,0.779999989271164,discovery_shape_calibration,DeepEP_receive_format_plus_torch_grouped_mm_bf16_MLP
4,discovery_single_35277_rank3,-1,-1,-1,-1,-1,3,19,56,22,7,0.708908330045686,0.3726560026407242,0.36320641040802004,0.40145600736141207,discovery_shape_calibration,DeepEP_receive_format_plus_torch_grouped_mm_bf16_MLP
4,discovery_single_107052_rank3,-1,-1,-1,-1,-1,3,16,44,19,8,0.721568539381252,0.3977919965982437,0.37494719922542574,0.7938687860965729,discovery_shape_calibration,DeepEP_receive_format_plus_torch_grouped_mm_bf16_MLP
4,discovery_single_23491_rank1,-1,-1,-1,-1,-1,1,18,101,29,13,0.7327401628545898,0.3792959898710251,0.3615263909101486,0.39553599059581757,discovery_shape_calibration,DeepEP_receive_format_plus_torch_grouped_mm_bf16_MLP
4,discovery_single_85608_rank2,-1,-1,-1,-1,-1,2,24,76,25,8,0.7443229275647869,0.40039999783039093,0.37339520156383516,0.7796320021152496,discovery_shape_calibration,DeepEP_receive_format_plus_torch_grouped_mm_bf16_MLP
4,discovery_single_151051_rank0,-1,-1,-1,-1,-1,0,30,82,29,8,0.7553103691318059,0.389055997133255,0.3760416030883789,0.4029727965593338,discovery_shape_calibration,DeepEP_receive_format_plus_torch_grouped_mm_bf16_MLP
4,discovery_single_263579_rank0,-1,-1,-1,-1,-1,0,27,62,23,8,0.7664260884204337,0.39588800072669983,0.3756320089101791,0.7722335875034333,discovery_shape_calibration,DeepEP_receive_format_plus_torch_grouped_mm_bf16_MLP
4,discovery_single_53135_rank2,-1,-1,-1,-1,-1,2,23,74,25,11,0.7774675601968932,0.3808960020542145,0.363849601149559,0.40429120063781737,discovery_shape_calibration,DeepEP_receive_format_plus_torch_grouped_mm_bf16_MLP
4,discovery_single_164928_rank1,-1,-1,-1,-1,-1,1,7,45,18,15,0.7881843489319198,0.38819199800491333,0.3675871878862381,0.5626784145832066,discovery_shape_calibration,DeepEP_receive_format_plus_torch_grouped_mm_bf16_MLP
4,discovery_single_98647_rank1,-1,-1,-1,-1,-1,1,18,41,19,8,0.7989433831297171,0.3792640119791031,0.3630175948143005,0.402310398221016,discovery_shape_calibration,DeepEP_receive_format_plus_torch_grouped_mm_bf16_MLP
4,discovery_single_42915_rank0,-1,-1,-1,-1,-1,0,16,29,14,6,0.8094272134003795,0.38496001064777374,0.366060796380043,0.4094880074262619,discovery_shape_calibration,DeepEP_receive_format_plus_torch_grouped_mm_bf16_MLP
4,discovery_single_62872_rank0,-1,-1,-1,-1,-1,0,37,99,29,8,0.8199880300041373,0.4167200028896332,0.4002432018518448,0.7937824130058289,discovery_shape_calibration,DeepEP_receive_format_plus_torch_grouped_mm_bf16_MLP
4,discovery_single_37111_rank0,-1,-1,-1,-1,-1,0,7,29,22,12,0.8304547985373996,0.3835200071334839,0.3684256076812744,0.39686079621315,discovery_shape_calibration,DeepEP_receive_format_plus_torch_grouped_mm_bf16_MLP
4,discovery_single_40631_rank2,-1,-1,-1,-1,-1,2,22,94,31,16,0.8414348907780932,0.3907199949026108,0.3683712124824524,0.7916991949081421,discovery_shape_calibration,DeepEP_receive_format_plus_torch_grouped_mm_bf16_MLP
4,discovery_single_50706_rank1,-1,-1,-1,-1,-1,1,25,81,32,11,0.8521201939129578,0.3824799954891205,0.3742495983839035,0.3992640137672424,discovery_shape_calibration,DeepEP_receive_format_plus_torch_grouped_mm_bf16_MLP
4,discovery_single_143835_rank0,-1,-1,-1,-1,-1,0,7,41,22,17,0.8630149274611771,0.4014880061149597,0.3816288083791733,0.7916320145130158,discovery_shape_calibration,DeepEP_receive_format_plus_torch_grouped_mm_bf16_MLP
4,discovery_single_112151_rank1,-1,-1,-1,-1,-1,1,15,70,26,14,0.873650562938323,0.38356800377368927,0.36828800439834597,0.40281919538974764,discovery_shape_calibration,DeepEP_receive_format_plus_torch_grouped_mm_bf16_MLP
4,discovery_single_29811_rank0,-1,-1,-1,-1,-1,0,30,57,28,9,0.8843567130616534,0.40303999185562134,0.3829055964946747,0.7891839861869812,discovery_shape_calibration,DeepEP_receive_format_plus_torch_grouped_mm_bf16_MLP
4,discovery_single_4894_rank1,-1,-1,-1,-1,-1,1,15,29,16,8,0.8952244817756668,0.3784639984369278,0.36464000046253203,0.401840004324913,discovery_shape_calibration,DeepEP_receive_format_plus_torch_grouped_mm_bf16_MLP
4,discovery_single_113661_rank3,-1,-1,-1,-1,-1,3,14,28,13,8,0.9063269671749657,0.40012799203395844,0.3734976053237915,0.7800543785095215,discovery_shape_calibration,DeepEP_receive_format_plus_torch_grouped_mm_bf16_MLP
4,discovery_single_89743_rank0,-1,-1,-1,-1,-1,0,16,82,29,18,0.9174752621367818,0.3822399973869324,0.3596895903348923,0.40043199360370635,discovery_shape_calibration,DeepEP_receive_format_plus_torch_grouped_mm_bf16_MLP
4,discovery_single_272790_rank2,-1,-1,-1,-1,-1,2,20,80,30,17,0.9287087810503355,0.40039999783039093,0.3708447962999344,0.7884095966815948,discovery_shape_calibration,DeepEP_receive_format_plus_torch_grouped_mm_bf16_MLP
4,discovery_single_31054_rank1,-1,-1,-1,-1,-1,1,12,72,27,19,0.9403506044339309,0.3803520053625107,0.36480639278888705,0.4012351959943772,discovery_shape_calibration,DeepEP_receive_format_plus_torch_grouped_mm_bf16_MLP
4,discovery_single_64351_rank3,-1,-1,-1,-1,-1,3,14,97,26,21,0.9518652222999685,0.3885599970817566,0.3743839979171753,0.49427520334720637,discovery_shape_calibration,DeepEP_receive_format_plus_torch_grouped_mm_bf16_MLP
4,discovery_single_62997_rank1,-1,-1,-1,-1,-1,1,16,60,23,12,0.9637888196533974,0.3800320029258728,0.3630944013595581,0.4031168043613434,discovery_shape_calibration,DeepEP_receive_format_plus_torch_grouped_mm_bf16_MLP
4,discovery_single_6361_rank2,-1,-1,-1,-1,-1,2,11,40,20,11,0.9759610647971567,0.3771039992570877,0.36367680728435514,0.40952320098876954,discovery_shape_calibration,DeepEP_receive_format_plus_torch_grouped_mm_bf16_MLP
4,discovery_single_38567_rank2,-1,-1,-1,-1,-1,2,16,53,21,12,0.9881822169942263,0.38572800159454346,0.36775040030479433,0.7268863856792451,discovery_shape_calibration,DeepEP_receive_format_plus_torch_grouped_mm_bf16_MLP
4,discovery_single_25239_rank1,-1,-1,-1,-1,-1,1,22,120,31,21,1.000694203485205,0.38310399651527405,0.3650080025196075,0.3967327892780304,discovery_shape_calibration,DeepEP_receive_format_plus_torch_grouped_mm_bf16_MLP
4,discovery_single_8261_rank2,-1,-1,-1,-1,-1,2,9,36,15,14,1.0137937550497031,0.3965120017528534,0.3650880098342896,0.774975997209549,discovery_shape_calibration,DeepEP_receive_format_plus_torch_grouped_mm_bf16_MLP
4,discovery_single_203482_rank1,-1,-1,-1,-1,-1,1,16,48,27,12,1.0274023338281626,0.3840000033378601,0.365161594748497,0.3985824018716812,discovery_shape_calibration,DeepEP_receive_format_plus_torch_grouped_mm_bf16_MLP
4,discovery_single_140306_rank0,-1,-1,-1,-1,-1,0,19,80,28,16,1.04118322114794,0.3970239907503128,0.37289920151233674,0.7703295826911927,discovery_shape_calibration,DeepEP_receive_format_plus_torch_grouped_mm_bf16_MLP
4,discovery_single_260332_rank3,-1,-1,-1,-1,-1,3,20,72,22,14,1.0555555555555558,0.38124799728393555,0.3660000115633011,0.4020160138607025,discovery_shape_calibration,DeepEP_receive_format_plus_torch_grouped_mm_bf16_MLP
4,discovery_single_67199_rank0,-1,-1,-1,-1,-1,0,11,35,17,13,1.0705710854397255,0.39982400834560394,0.37341119945049284,0.7853600025177002,discovery_shape_calibration,DeepEP_receive_format_plus_torch_grouped_mm_bf16_MLP
4,discovery_single_46773_rank3,-1,-1,-1,-1,-1,3,22,142,31,27,1.0862433512483853,0.3920000046491623,0.3787967890501022,0.41210239827632905,discovery_shape_calibration,DeepEP_receive_format_plus_torch_grouped_mm_bf16_MLP
4,discovery_single_49301_rank1,-1,-1,-1,-1,-1,1,24,95,27,22,1.1023520560155282,0.40384000539779663,0.36793918907642365,0.7764320015907288,discovery_shape_calibration,DeepEP_receive_format_plus_torch_grouped_mm_bf16_MLP
4,discovery_single_116645_rank3,-1,-1,-1,-1,-1,3,15,114,31,27,1.1193752379613524,0.3807999938726425,0.36813120245933534,0.40207678973674776,discovery_shape_calibration,DeepEP_receive_format_plus_torch_grouped_mm_bf16_MLP
4,discovery_single_259179_rank0,-1,-1,-1,-1,-1,0,4,19,19,14,1.1373780413144374,0.39030399918556213,0.3696863979101181,0.7884767830371857,discovery_shape_calibration,DeepEP_receive_format_plus_torch_grouped_mm_bf16_MLP
4,discovery_single_73407_rank3,-1,-1,-1,-1,-1,3,17,76,29,24,1.1562488302008007,0.3816799968481064,0.36326721012592317,0.40075199007987977,discovery_shape_calibration,DeepEP_receive_format_plus_torch_grouped_mm_bf16_MLP
4,discovery_single_147334_rank3,-1,-1,-1,-1,-1,3,10,61,31,25,1.1763366033383764,0.3861279934644699,0.3717280089855194,0.5968607842922213,discovery_shape_calibration,DeepEP_receive_format_plus_torch_grouped_mm_bf16_MLP
4,discovery_single_54963_rank1,-1,-1,-1,-1,-1,1,21,97,30,25,1.1979186257437144,0.3816799968481064,0.36350401043891906,0.40824958980083464,discovery_shape_calibration,DeepEP_receive_format_plus_torch_grouped_mm_bf16_MLP
4,discovery_single_129573_rank0,-1,-1,-1,-1,-1,0,24,99,30,25,1.2208022471808295,0.3845759928226471,0.3697760015726089,0.42471681237220765,discovery_shape_calibration,DeepEP_receive_format_plus_torch_grouped_mm_bf16_MLP
4,discovery_single_67631_rank2,-1,-1,-1,-1,-1,2,18,79,28,24,1.2459837738964865,0.3869599997997284,0.36586238741874694,0.7312160193920136,discovery_shape_calibration,DeepEP_receive_format_plus_torch_grouped_mm_bf16_MLP
4,discovery_single_44822_rank0,-1,-1,-1,-1,-1,0,20,97,30,21,1.2731437027583778,0.37782400846481323,0.3639871895313263,0.4087391883134842,discovery_shape_calibration,DeepEP_receive_format_plus_torch_grouped_mm_bf16_MLP
4,discovery_single_237627_rank2,-1,-1,-1,-1,-1,2,17,80,29,22,1.3033610397737072,0.3903200030326843,0.37012799084186554,0.8095039784908294,discovery_shape_calibration,DeepEP_receive_format_plus_torch_grouped_mm_bf16_MLP
4,discovery_single_141185_rank1,-1,-1,-1,-1,-1,1,11,65,32,30,1.3373116192061987,0.37675200402736664,0.3630816012620926,0.40881280899047856,discovery_shape_calibration,DeepEP_receive_format_plus_torch_grouped_mm_bf16_MLP
4,discovery_single_56224_rank0,-1,-1,-1,-1,-1,0,12,80,30,26,1.3765899897936205,0.3970880061388016,0.3642399966716766,0.7979775846004487,discovery_shape_calibration,DeepEP_receive_format_plus_torch_grouped_mm_bf16_MLP
4,discovery_single_86975_rank1,-1,-1,-1,-1,-1,1,12,57,27,25,1.4230006141679763,0.37932799756526947,0.3634848058223724,0.40582400262355806,discovery_shape_calibration,DeepEP_receive_format_plus_torch_grouped_mm_bf16_MLP
4,discovery_single_250119_rank0,-1,-1,-1,-1,-1,0,22,90,30,30,1.4830732189745413,0.398144006729126,0.3763968050479889,0.7942400217056275,discovery_shape_calibration,DeepEP_receive_format_plus_torch_grouped_mm_bf16_MLP
4,discovery_single_214325_rank3,-1,-1,-1,-1,-1,3,13,65,29,29,1.5748015748023623,0.38118399679660797,0.36537280678749084,0.39384959638118744,discovery_shape_calibration,DeepEP_receive_format_plus_torch_grouped_mm_bf16_MLP
4,discovery_single_689_rank1,-1,-1,-1,-1,-1,1,16,50,32,32,2.3916521486202797,0.403903990983963,0.3815935879945755,0.7933887958526611,discovery_shape_calibration,DeepEP_receive_format_plus_torch_grouped_mm_bf16_MLP
4,method_0_gsm32_p2_m010_request_0001_14_r0,-1,-1,-1,-1,-1,0,36,2005,1024,396,1.3904159036854709,0.6300639808177948,0.6197279870510102,0.664329606294632,train,DeepEP_receive_format_plus_torch_grouped_mm_bf16_MLP_route_pruning
4,method_1_gsm32_p2_m010_request_0013_35_r0,-1,-1,-1,-1,-1,0,42,2064,959,508,1.9166553992818263,0.6420480012893677,0.6348479866981507,0.653907197713852,train,DeepEP_receive_format_plus_torch_grouped_mm_bf16_MLP_route_pruning
4,method_2_gsm32_p2_m010_request_0008_72_r1,-1,-1,-1,-1,-1,1,44,3681,1387,1106,2.339054569962894,0.7620159983634949,0.7528607964515686,0.7924319863319397,train,DeepEP_receive_format_plus_torch_grouped_mm_bf16_MLP_route_pruning
4,method_3_gsm32_p4_m010_request_0015_1061_r0,-1,-1,-1,-1,-1,0,45,2323,1046,553,1.91788651992286,0.6586720049381256,0.655782413482666,0.673391991853714,train,DeepEP_receive_format_plus_torch_grouped_mm_bf16_MLP_route_pruning
4,method_4_gsm32_p4_m010_request_0005_567_r1,-1,-1,-1,-1,-1,1,47,4502,1395,546,1.3172509038615645,0.8155840039253235,0.8076927900314331,0.8255392014980316,train,DeepEP_receive_format_plus_torch_grouped_mm_bf16_MLP_route_pruning
4,method_5_gsm32_p4_m010_request_0020_1992_r3,-1,-1,-1,-1,-1,3,48,3407,1360,613,1.5470945824546363,0.7385120093822479,0.7321120142936707,0.751062399148941,train,DeepEP_receive_format_plus_torch_grouped_mm_bf16_MLP_route_pruning
4,method_6_gsm32_p4_m010_request_0031_107_r0,-1,-1,-1,-1,-1,0,49,4281,1472,1198,2.580243125904554,0.8233759999275208,0.8163551807403564,0.8578112244606018,train,DeepEP_receive_format_plus_torch_grouped_mm_bf16_MLP_route_pruning
4,method_7_gsm32_p4_m010_request_0020_469_r3,-1,-1,-1,-1,-1,3,50,3338,1207,466,1.3890675411901003,0.7261919975280762,0.7075807869434356,0.7319967985153198,train,DeepEP_receive_format_plus_torch_grouped_mm_bf16_MLP_route_pruning
4,method_8_gsm32_p2_m010_request_0026_797_r3,-1,-1,-1,-1,-1,3,51,2231,1173,312,1.232254373788604,0.6944319903850555,0.6834688007831573,0.7034687995910645,train,DeepEP_receive_format_plus_torch_grouped_mm_bf16_MLP_route_pruning
4,method_9_gsm32_p2_m010_request_0003_858_r2,-1,-1,-1,-1,-1,2,52,1840,930,186,1.3626577014577632,0.6270880103111267,0.6124672055244446,0.6388927876949311,train,DeepEP_receive_format_plus_torch_grouped_mm_bf16_MLP_route_pruning
4,method_10_gsm32_p4_m010_request_0013_702_r3,-1,-1,-1,-1,-1,3,52,2283,1114,289,1.1942652093475374,0.6821120083332062,0.6726591765880585,0.6905344069004059,train,DeepEP_receive_format_plus_torch_grouped_mm_bf16_MLP_route_pruning
4,method_11_gsm32_p2_m010_request_0029_1267_r3,-1,-1,-1,-1,-1,3,53,3706,1275,518,1.4324046648280049,0.7387199997901917,0.7299455761909485,0.7493824183940887,train,DeepEP_receive_format_plus_torch_grouped_mm_bf16_MLP_route_pruning
4,method_12_gsm32_p2_m010_request_0005_1693_r1,-1,-1,-1,-1,-1,1,54,3135,1327,385,1.390653209131937,0.7452160120010376,0.7379199981689453,0.7616064190864563,train,DeepEP_receive_format_plus_torch_grouped_mm_bf16_MLP_route_pruning
4,method_13_gsm32_p4_m010_request_0013_2568_r0,-1,-1,-1,-1,-1,0,54,5209,1719,1386,1.9981219770763718,0.8871519863605499,0.8770751774311065,0.9005536139011383,train,DeepEP_receive_format_plus_torch_grouped_mm_bf16_MLP_route_pruning
4,method_14_gsm32_p2_m010_request_0017_747_r1,-1,-1,-1,-1,-1,1,55,2589,1172,398,1.3739158651121675,0.7137439846992493,0.6994943857192993,0.718265587091446,train,DeepEP_receive_format_plus_torch_grouped_mm_bf16_MLP_route_pruning
4,method_15_gsm32_p4_m010_request_0019_911_r2,-1,-1,-1,-1,-1,2,55,3618,1391,454,1.351003212565307,0.7708479762077332,0.7630688130855561,0.7772992193698883,train,DeepEP_receive_format_plus_torch_grouped_mm_bf16_MLP_route_pruning
4,method_16_gsm32_p2_m010_request_0014_487_r2,-1,-1,-1,-1,-1,2,56,3251,1279,402,1.2983961850822785,0.7446399927139282,0.736988776922226,0.759142416715622,train,DeepEP_receive_format_plus_torch_grouped_mm_bf16_MLP_route_pruning
4,method_17_gsm32_p4_m010_request_0008_2464_r1,-1,-1,-1,-1,-1,1,56,3926,1524,826,1.6403612007825552,0.790800005197525,0.7799231767654419,0.8028127789497376,train,DeepEP_receive_format_plus_torch_grouped_mm_bf16_MLP_route_pruning
4,method_18_gsm32_p2_m010_request_0002_313_r3,-1,-1,-1,-1,-1,3,57,3059,1203,301,1.1434788024543703,0.7346560060977936,0.7207263886928559,0.7411679863929749,train,DeepEP_receive_format_plus_torch_grouped_mm_bf16_MLP_route_pruning
4,method_19_gsm32_p2_m010_request_0019_1085_r0,-1,-1,-1,-1,-1,0,57,3515,1299,625,1.5442131362418414,0.7492000162601471,0.7425088047981262,0.7567775845527649,train,DeepEP_receive_format_plus_torch_grouped_mm_bf16_MLP_route_pruning
4,method_20_gsm32_p4_m010_request_0008_1078_r3,-1,-1,-1,-1,-1,3,57,5686,1564,734,1.3171957242002073,0.881087988615036,0.8763103902339935,0.8896960198879242,train,DeepEP_receive_format_plus_torch_grouped_mm_bf16_MLP_route_pruning
4,method_21_gsm32_p4_m010_request_0028_327_r3,-1,-1,-1,-1,-1,3,57,4001,1443,1177,2.6122338745998284,0.7996319830417633,0.7860639750957489,0.811158412694931,train,DeepEP_receive_format_plus_torch_grouped_mm_bf16_MLP_route_pruning
4,method_22_gsm32_p2_m010_request_0022_139_r3,-1,-1,-1,-1,-1,3,58,2969,1141,407,1.4781969293531179,0.7245439887046814,0.7164352178573609,0.7289888203144074,train,DeepEP_receive_format_plus_torch_grouped_mm_bf16_MLP_route_pruning
4,method_23_gsm32_p4_m010_request_0019_1660_r0,-1,-1,-1,-1,-1,0,58,2902,1287,732,2.05799127595167,0.7350560128688812,0.7305375874042511,0.7412863910198212,train,DeepEP_receive_format_plus_torch_grouped_mm_bf16_MLP_route_pruning
4,method_24_gsm32_p2_m010_request_0022_673_r3,-1,-1,-1,-1,-1,3,59,3632,1318,646,1.6007530242721917,0.7670559883117676,0.7560768187046051,0.7759679973125457,train,DeepEP_receive_format_plus_torch_grouped_mm_bf16_MLP_route_pruning
4,method_25_gsm32_p4_m010_request_0029_554_r1,-1,-1,-1,-1,-1,1,59,3321,1268,877,2.0624547098944266,0.7421759963035583,0.7325792014598846,0.7532800197601318,train,DeepEP_receive_format_plus_torch_grouped_mm_bf16_MLP_route_pruning
4,method_26_gsm32_p4_m010_request_0015_192_r2,-1,-1,-1,-1,-1,2,60,3282,1299,599,1.7127119222615936,0.7610880136489868,0.7458432257175446,0.77087681889534,train,DeepEP_receive_format_plus_torch_grouped_mm_bf16_MLP_route_pruning
4,method_27_gsm32_p2_m010_request_0025_1223_r2,-1,-1,-1,-1,-1,2,61,4166,1494,495,1.3981293661853562,0.8518719971179962,0.8424896180629731,0.8788640022277832,train,DeepEP_receive_format_plus_torch_grouped_mm_bf16_MLP_route_pruning
4,method_28_gsm32_p4_m010_request_0027_652_r2,-1,-1,-1,-1,-1,2,61,3635,1219,270,0.9571506832735596,0.7461439967155457,0.7380095958709717,0.7570111811161041,train,DeepEP_receive_format_plus_torch_grouped_mm_bf16_MLP_route_pruning
4,method_29_gsm32_p4_m010_request_0020_2850_r2,-1,-1,-1,-1,-1,2,62,3368,1352,170,0.860989227442353,0.7614720165729523,0.7498848021030426,0.7676831781864166,train,DeepEP_receive_format_plus_torch_grouped_mm_bf16_MLP_route_pruning
4,method_30_gsm32_p2_m010_request_0000_1179_r0,-1,-1,-1,-1,-1,0,64,4371,1380,429,1.175996529147608,0.8437440097332001,0.8303040146827698,0.8638751983642579,train,DeepEP_receive_format_plus_torch_grouped_mm_bf16_MLP_route_pruning
4,method_31_gsm32_p4_m010_request_0031_1654_r3,-1,-1,-1,-1,-1,3,64,2956,1106,160,0.7992140279267387,0.7140959799289703,0.7065215826034545,0.7181024014949798,train,DeepEP_receive_format_plus_torch_grouped_mm_bf16_MLP_route_pruning
4,method_32_gsm32_p2_m010_request_0001_204_r2,-1,-1,-1,-1,-1,2,37,1184,662,121,0.9945745983870475,0.5372799932956696,0.532227224111557,0.5474527776241302,train,DeepEP_receive_format_plus_torch_grouped_mm_bf16_MLP_route_pruning
4,method_33_gsm32_p4_m010_request_0012_2284_r0,-1,-1,-1,-1,-1,0,54,1618,895,206,1.4066070182457173,0.6251679956912994,0.6149631857872009,0.641977596282959,train,DeepEP_receive_format_plus_torch_grouped_mm_bf16_MLP_route_pruning
4,method_34_gsm32_p4_m010_request_0018_404_r0,-1,-1,-1,-1,-1,0,48,1839,958,339,1.5385857181047555,0.6384640038013458,0.6317631900310516,0.64198077917099,train,DeepEP_receive_format_plus_torch_grouped_mm_bf16_MLP_route_pruning
4,method_35_gsm32_p2_m010_request_0024_896_r2,-1,-1,-1,-1,-1,2,54,2012,994,177,1.2559224188828575,0.6480160057544708,0.6428480088710785,0.6573888003826142,train,DeepEP_receive_format_plus_torch_grouped_mm_bf16_MLP_route_pruning
4,method_36_gsm32_p2_m010_request_0017_54_r0,-1,-1,-1,-1,-1,0,43,2155,1012,516,1.9212030197687,0.6525119841098785,0.64480642080307,0.6603679895401001,train,DeepEP_receive_format_plus_torch_grouped_mm_bf16_MLP_route_pruning
4,method_37_gsm32_p2_m010_request_0031_1395_r0,-1,-1,-1,-1,-1,0,58,2253,1021,185,1.0072307405220047,0.6803039908409119,0.6723487794399261,0.6927872121334075,train,DeepEP_receive_format_plus_torch_grouped_mm_bf16_MLP_route_pruning
4,method_38_gsm32_p4_m010_request_0008_1287_r0,-1,-1,-1,-1,-1,0,41,2344,1168,440,1.4436394862158335,0.6681919991970062,0.6549536049365997,0.6903391897678375,train,DeepEP_receive_format_plus_torch_grouped_mm_bf16_MLP_route_pruning
4,method_39_gsm32_p2_m010_request_0015_1686_r0,-1,-1,-1,-1,-1,0,41,2453,1257,453,1.4761324554641815,0.6776480078697205,0.6659872114658356,0.6986495971679687,train,DeepEP_receive_format_plus_torch_grouped_mm_bf16_MLP_route_pruning
4,method_40_gsm32_p2_m010_request_0017_1295_r3,-1,-1,-1,-1,-1,3,52,2580,1219,294,1.2850632423373884,0.7137919962406158,0.7080800056457519,0.7276351928710938,train,DeepEP_receive_format_plus_torch_grouped_mm_bf16_MLP_route_pruning
4,method_41_gsm32_p4_m010_request_0007_353_r3,-1,-1,-1,-1,-1,3,53,2682,1117,448,1.5343216509973225,0.6976960003376007,0.6880512058734893,0.706492817401886,train,DeepEP_receive_format_plus_torch_grouped_mm_bf16_MLP_route_pruning
4,method_42_gsm32_p4_m010_request_0014_1347_r1,-1,-1,-1,-1,-1,1,50,2756,1286,837,2.2986595362240827,0.724943995475769,0.7070271909236908,0.7290592133998871,train,DeepEP_receive_format_plus_torch_grouped_mm_bf16_MLP_route_pruning
4,method_43_gsm32_p4_m010_request_0020_1474_r3,-1,-1,-1,-1,-1,3,50,2818,1162,495,1.504160181944987,0.7056320011615753,0.7013055920600891,0.7146367788314819,train,DeepEP_receive_format_plus_torch_grouped_mm_bf16_MLP_route_pruning
4,method_44_gsm32_p4_m010_request_0029_172_r2,-1,-1,-1,-1,-1,2,62,2877,1127,165,0.8895703329578636,0.720335990190506,0.7044032096862793,0.7360992133617401,train,DeepEP_receive_format_plus_torch_grouped_mm_bf16_MLP_route_pruning
4,method_45_gsm32_p2_m010_request_0005_363_r1,-1,-1,-1,-1,-1,1,54,2934,1235,367,1.4104960263094892,0.7218239903450012,0.715392005443573,0.7300479769706726,train,DeepEP_receive_format_plus_torch_grouped_mm_bf16_MLP_route_pruning
4,method_46_gsm32_p4_m010_request_0031_1208_r0,-1,-1,-1,-1,-1,0,59,2989,1238,615,1.8543080227949986,0.7454560101032257,0.735612815618515,0.7571615993976593,train,DeepEP_receive_format_plus_torch_grouped_mm_bf16_MLP_route_pruning
4,method_47_gsm32_p4_m010_request_0000_291_r3,-1,-1,-1,-1,-1,3,61,3045,1165,428,1.5111159485516255,0.7283360064029694,0.7204255819320678,0.7362016022205353,train,DeepEP_receive_format_plus_torch_grouped_mm_bf16_MLP_route_pruning
4,method_48_gsm32_p4_m010_request_0003_233_r2,-1,-1,-1,-1,-1,2,52,3100,1254,470,1.5721763913820697,0.7329919934272766,0.7233439803123474,0.7458688020706177,train,DeepEP_receive_format_plus_torch_grouped_mm_bf16_MLP_route_pruning
4,method_49_gsm32_p4_m010_request_0022_522_r3,-1,-1,-1,-1,-1,3,57,3161,1227,307,1.161986762951452,0.7293919920921326,0.7195775866508484,0.7356224119663238,train,DeepEP_receive_format_plus_torch_grouped_mm_bf16_MLP_route_pruning
4,method_50_gsm32_p2_m010_request_0005_613_r2,-1,-1,-1,-1,-1,2,50,3229,1301,524,1.5489100945528314,0.7368800044059753,0.7234943866729736,0.7426751852035522,train,DeepEP_receive_format_plus_torch_grouped_mm_bf16_MLP_route_pruning
4,method_51_gsm32_p4_m010_request_0016_629_r2,-1,-1,-1,-1,-1,2,61,3299,1303,591,1.7098707983160697,0.7570400238037109,0.7511360049247742,0.7711648166179657,train,DeepEP_receive_format_plus_torch_grouped_mm_bf16_MLP_route_pruning
4,method_52_gsm32_p2_m010_request_0001_851_r2,-1,-1,-1,-1,-1,2,44,3369,1264,416,1.332205394260381,0.7242559790611267,0.7109791994094848,0.7504895806312561,train,DeepEP_receive_format_plus_torch_grouped_mm_bf16_MLP_route_pruning
4,method_53_gsm32_p4_m010_request_0008_1313_r2,-1,-1,-1,-1,-1,2,59,3437,1377,668,1.7600940588217917,0.7660160064697266,0.7564224004745483,0.7713632106781005,train,DeepEP_receive_format_plus_torch_grouped_mm_bf16_MLP_route_pruning
4,method_54_gsm32_p4_m010_request_0023_34_r2,-1,-1,-1,-1,-1,2,44,3508,1231,414,1.3345020279100919,0.7199519872665405,0.7169375896453858,0.7266047894954681,train,DeepEP_receive_format_plus_torch_grouped_mm_bf16_MLP_route_pruning
4,method_55_gsm32_p4_m010_request_0012_347_r1,-1,-1,-1,-1,-1,1,59,3583,1392,799,1.8418953086708352,0.7719040215015411,0.7666048228740692,0.7747551918029785,train,DeepEP_receive_format_plus_torch_grouped_mm_bf16_MLP_route_pruning
4,method_56_gsm32_p4_m010_request_0015_794_r1,-1,-1,-1,-1,-1,1,44,3662,1432,1059,2.313880329338954,0.7620800137519836,0.749647980928421,0.7747424185276032,train,DeepEP_receive_format_plus_torch_grouped_mm_bf16_MLP_route_pruning
4,method_57_gsm32_p4_m010_request_0010_906_r1,-1,-1,-1,-1,-1,1,56,3750,1454,826,1.6926597715495644,0.7749599814414978,0.7666943967342377,0.7878111898899078,train,DeepEP_receive_format_plus_torch_grouped_mm_bf16_MLP_route_pruning
4,method_58_gsm32_p2_m010_request_0013_3534_r0,-1,-1,-1,-1,-1,0,63,3867,1528,314,0.9445413966568779,0.803167998790741,0.7936256170272827,0.8164351761341095,train,DeepEP_receive_format_plus_torch_grouped_mm_bf16_MLP_route_pruning
4,method_59_gsm32_p4_m010_request_0020_2103_r1,-1,-1,-1,-1,-1,1,59,4036,1537,825,1.635228360519134,0.7970879971981049,0.7865279853343964,0.804969596862793,train,DeepEP_receive_format_plus_torch_grouped_mm_bf16_MLP_route_pruning
4,method_60_gsm32_p4_m010_request_0014_240_r0,-1,-1,-1,-1,-1,0,51,4284,1472,1204,2.6317734712076972,0.8303999900817871,0.8245663821697236,0.859331214427948,train,DeepEP_receive_format_plus_torch_grouped_mm_bf16_MLP_route_pruning
4,method_61_gsm32_p2_m010_request_0005_1597_r0,-1,-1,-1,-1,-1,0,64,4507,1399,455,1.1893374585163383,0.8473759889602661,0.8345247805118561,0.8555679738521575,train,DeepEP_receive_format_plus_torch_grouped_mm_bf16_MLP_route_pruning
4,method_62_gsm32_p2_m010_request_0018_1131_r1,-1,-1,-1,-1,-1,1,56,4766,1454,773,1.387430916217059,0.8362080156803131,0.8304671823978425,0.8474431931972504,train,DeepEP_receive_format_plus_torch_grouped_mm_bf16_MLP_route_pruning
4,method_63_gsm32_p2_m010_request_0013_3738_r3,-1,-1,-1,-1,-1,3,57,6789,1833,879,1.2649894521678287,0.9498080015182495,0.9472384095191956,0.9551872134208679,train,DeepEP_receive_format_plus_torch_grouped_mm_bf16_MLP_route_pruning
4,method_64_gsm32_p2_m010_request_0012_185_r2,-1,-1,-1,-1,-1,2,40,1255,681,114,1.0200868265477652,0.551071971654892,0.5369727790355683,0.5692832052707673,train,DeepEP_receive_format_plus_torch_grouped_mm_bf16_MLP_route_pruning
4,method_65_gsm32_p4_m010_request_0005_1198_r3,-1,-1,-1,-1,-1,3,64,2943,1069,158,0.787490565462971,0.7105759978294373,0.6973631918430329,0.7271551787853241,train,DeepEP_receive_format_plus_torch_grouped_mm_bf16_MLP_route_pruning
4,method_66_gsm32_p2_m010_request_0006_238_r2,-1,-1,-1,-1,-1,2,50,1376,723,179,1.1802880471547421,0.5932799875736237,0.577833616733551,0.5993855953216553,train,DeepEP_receive_format_plus_torch_grouped_mm_bf16_MLP_route_pruning
4,method_67_gsm32_p2_m010_request_0012_859_r0,-1,-1,-1,-1,-1,0,53,1507,865,204,1.4753601299774894,0.6177439987659454,0.6061024129390716,0.627295982837677,train,DeepEP_receive_format_plus_torch_grouped_mm_bf16_MLP_route_pruning
4,method_68_gsm32_p4_m010_request_0001_544_r3,-1,-1,-1,-1,-1,3,56,2306,1118,230,1.1013934861105734,0.6967999935150146,0.6936511933803559,0.7011071920394898,train,DeepEP_receive_format_plus_torch_grouped_mm_bf16_MLP_route_pruning
4,method_69_gsm32_p2_m010_request_0012_886_r1,-1,-1,-1,-1,-1,1,51,2030,1020,264,1.4528475814018207,0.6480959951877594,0.6354464173316956,0.6630687773227691,train,DeepEP_receive_format_plus_torch_grouped_mm_bf16_MLP_route_pruning
4,method_70_gsm32_p4_m010_request_0022_319_r3,-1,-1,-1,-1,-1,3,53,3087,1204,275,1.113662389906111,0.7276480197906494,0.7123040080070495,0.7330432236194611,train,DeepEP_receive_format_plus_torch_grouped_mm_bf16_MLP_route_pruning
4,method_71_gsm32_p2_m010_request_0002_1878_r2,-1,-1,-1,-1,-1,2,46,2530,1297,285,1.287575721916743,0.7025279998779297,0.6894303858280182,0.7257599830627441,train,DeepEP_receive_format_plus_torch_grouped_mm_bf16_MLP_route_pruning
4,method_72_gsm32_p4_m010_request_0012_1690_r3,-1,-1,-1,-1,-1,3,51,2273,1148,293,1.202826604429965,0.6907519996166229,0.6794784188270568,0.6948159754276275,train,DeepEP_receive_format_plus_torch_grouped_mm_bf16_MLP_route_pruning
4,method_73_gsm32_p4_m010_request_0028_1215_r1,-1,-1,-1,-1,-1,1,50,2700,1063,301,1.0784966420247726,0.6783360242843628,0.6635679781436921,0.6841440200805664,train,DeepEP_receive_format_plus_torch_grouped_mm_bf16_MLP_route_pruning
4,method_74_gsm32_p2_m010_request_0016_522_r1,-1,-1,-1,-1,-1,1,56,2683,1118,310,1.3686634531292454,0.7120479941368103,0.6937663793563843,0.7203487753868103,train,DeepEP_receive_format_plus_torch_grouped_mm_bf16_MLP_route_pruning
4,method_75_gsm32_p4_m010_request_0010_1052_r3,-1,-1,-1,-1,-1,3,56,2933,1228,321,1.1784719257717784,0.7255840003490448,0.7156864047050476,0.7296224176883698,train,DeepEP_receive_format_plus_torch_grouped_mm_bf16_MLP_route_pruning
4,method_76_gsm32_p2_m010_request_0017_447_r0,-1,-1,-1,-1,-1,0,55,2925,1174,336,1.2156276579091478,0.7244320213794708,0.7184415817260742,0.7293216109275817,train,DeepEP_receive_format_plus_torch_grouped_mm_bf16_MLP_route_pruning
4,method_77_gsm32_p2_m010_request_0008_2309_r0,-1,-1,-1,-1,-1,0,55,3093,1263,357,1.2278468719179831,0.7282719910144806,0.7197856068611145,0.7403231918811798,train,DeepEP_receive_format_plus_torch_grouped_mm_bf16_MLP_route_pruning
4,method_78_gsm32_p4_m010_request_0003_10_r0,-1,-1,-1,-1,-1,0,56,2992,1162,373,1.2540598658592468,0.7174560129642487,0.7021759808063507,0.7298880100250245,train,DeepEP_receive_format_plus_torch_grouped_mm_bf16_MLP_route_pruning
4,method_79_gsm32_p2_m010_request_0023_82_r3,-1,-1,-1,-1,-1,3,59,2858,1112,393,1.4935787367140616,0.7143359780311584,0.7015327930450439,0.719900780916214,train,DeepEP_receive_format_plus_torch_grouped_mm_bf16_MLP_route_pruning
4,method_80_gsm32_p4_m010_request_0023_677_r2,-1,-1,-1,-1,-1,2,58,3389,1290,414,1.31971560407065,0.7506400048732758,0.7460831761360168,0.7713343977928162,train,DeepEP_receive_format_plus_torch_grouped_mm_bf16_MLP_route_pruning
4,method_81_gsm32_p2_m010_request_0020_2001_r3,-1,-1,-1,-1,-1,3,61,3307,1272,430,1.4772146109190816,0.7454560101032257,0.7254975795745849,0.7637568056583405,train,DeepEP_receive_format_plus_torch_grouped_mm_bf16_MLP_route_pruning
4,method_82_gsm32_p2_m010_request_0015_937_r3,-1,-1,-1,-1,-1,3,60,3093,1210,448,1.5197092538310646,0.7432959973812103,0.7326240062713623,0.7498751759529114,train,DeepEP_receive_format_plus_torch_grouped_mm_bf16_MLP_route_pruning
4,method_83_gsm32_p4_m010_request_0013_556_r2,-1,-1,-1,-1,-1,2,53,3095,1275,467,1.5546757071488586,0.7265439927577972,0.7174048125743866,0.7354592263698578,train,DeepEP_receive_format_plus_torch_grouped_mm_bf16_MLP_route_pruning
4,method_84_gsm32_p4_m010_request_0017_279_r3,-1,-1,-1,-1,-1,3,50,3335,1199,491,1.4189571196244233,0.7132640182971954,0.7102976143360138,0.7286944270133973,train,DeepEP_receive_format_plus_torch_grouped_mm_bf16_MLP_route_pruning
4,method_85_gsm32_p2_m010_request_0017_702_r2,-1,-1,-1,-1,-1,2,55,3615,1363,522,1.4099734581234282,0.7662720084190369,0.7627615809440613,0.7927743911743164,train,DeepEP_receive_format_plus_torch_grouped_mm_bf16_MLP_route_pruning
4,method_86_gsm32_p2_m010_request_0029_1262_r2,-1,-1,-1,-1,-1,2,58,3377,1345,563,1.6716778649921755,0.7654080092906952,0.7478015899658204,0.7719967901706696,train,DeepEP_receive_format_plus_torch_grouped_mm_bf16_MLP_route_pruning
4,method_87_gsm32_p4_m010_request_0006_26_r0,-1,-1,-1,-1,-1,0,60,2608,1137,609,2.0273938797799143,0.7195519804954529,0.7122144222259521,0.7354495882987976,train,DeepEP_receive_format_plus_torch_grouped_mm_bf16_MLP_route_pruning
4,method_88_gsm32_p2_m010_request_0020_809_r0,-1,-1,-1,-1,-1,0,55,2923,1185,635,1.8332874087795845,0.7255040109157562,0.7151648044586182,0.7342528283596039,train,DeepEP_receive_format_plus_torch_grouped_mm_bf16_MLP_route_pruning
4,method_89_gsm32_p2_m010_request_0029_1128_r0,-1,-1,-1,-1,-1,0,57,2706,1236,688,2.062336369682295,0.7274880111217499,0.7212128162384033,0.7378591954708099,train,DeepEP_receive_format_plus_torch_grouped_mm_bf16_MLP_route_pruning
4,method_90_gsm32_p4_m010_request_0031_621_r1,-1,-1,-1,-1,-1,1,57,3595,1393,758,1.6490581429515474,0.7688159942626953,0.7594688057899475,0.773251223564148,train,DeepEP_receive_format_plus_torch_grouped_mm_bf16_MLP_route_pruning
4,method_91_gsm32_p2_m010_request_0004_983_r3,-1,-1,-1,-1,-1,3,57,6178,1605,803,1.3679269146703834,0.899264007806778,0.8911007940769196,0.9122464060783386,train,DeepEP_receive_format_plus_torch_grouped_mm_bf16_MLP_route_pruning
4,method_92_gsm32_p2_m010_request_0002_174_r1,-1,-1,-1,-1,-1,1,57,3360,1243,849,1.9326682951157392,0.7457599937915802,0.7348832190036774,0.7585792005062103,train,DeepEP_receive_format_plus_torch_grouped_mm_bf16_MLP_route_pruning
4,method_93_gsm32_p2_m010_request_0026_737_r1,-1,-1,-1,-1,-1,1,45,4082,1494,1109,2.2787899395384614,0.7683359980583191,0.7601568043231964,0.7758143842220306,train,DeepEP_receive_format_plus_torch_grouped_mm_bf16_MLP_route_pruning
4,method_94_gsm32_p2_m010_request_0029_707_r3,-1,-1,-1,-1,-1,3,57,4328,1473,1221,2.591459507828521,0.850271999835968,0.8436511993408203,0.8653728187084198,train,DeepEP_receive_format_plus_torch_grouped_mm_bf16_MLP_route_pruning
4,method_95_gsm32_p4_m010_request_0008_3140_r3,-1,-1,-1,-1,-1,3,45,4181,1735,1527,2.4821689663987847,0.8461759984493256,0.8405823767185211,0.8579999804496765,train,DeepEP_receive_format_plus_torch_grouped_mm_bf16_MLP_route_pruning
4,method_96_gsm32_p4_m010_request_0013_2889_r3,-1,-1,-1,-1,-1,3,64,3265,1192,169,0.7473681981835735,0.7420639991760254,0.737712025642395,0.7655231893062592,train,DeepEP_receive_format_plus_torch_grouped_mm_bf16_MLP_route_pruning
4,method_97_gsm32_p2_m010_request_0010_191_r2,-1,-1,-1,-1,-1,2,62,2704,1107,162,0.9137914743246243,0.704800009727478,0.6922336220741272,0.7209408223628998,train,DeepEP_receive_format_plus_torch_grouped_mm_bf16_MLP_route_pruning
4,method_98_gsm32_p2_m010_request_0015_1140_r1,-1,-1,-1,-1,-1,1,62,2952,1288,196,0.9736609186425674,0.7472000122070312,0.7387520134449005,0.7506784081459046,train,DeepEP_receive_format_plus_torch_grouped_mm_bf16_MLP_route_pruning
4,method_99_gsm32_p4_m010_request_0001_38_r0,-1,-1,-1,-1,-1,0,63,3022,1236,270,1.0230708911776394,0.7414559721946716,0.7277599751949311,0.7486527919769287,train,DeepEP_receive_format_plus_torch_grouped_mm_bf16_MLP_route_pruning
4,method_100_gsm32_p4_m010_request_0031_949_r1,-1,-1,-1,-1,-1,1,49,2667,1055,309,1.0736287765340233,0.6756960153579712,0.6610367953777313,0.6846015989780426,train,DeepEP_receive_format_plus_torch_grouped_mm_bf16_MLP_route_pruning
4,method_101_gsm32_p2_m010_request_0028_696_r3,-1,-1,-1,-1,-1,3,57,2230,1121,211,1.1085998128332764,0.6931679844856262,0.6816448032855987,0.6993984162807465,train,DeepEP_receive_format_plus_torch_grouped_mm_bf16_MLP_route_pruning
4,method_102_gsm32_p2_m010_request_0021_1248_r0,-1,-1,-1,-1,-1,0,51,2414,1140,256,1.140090476352357,0.6980799734592438,0.6802559971809388,0.7097792029380798,train,DeepEP_receive_format_plus_torch_grouped_mm_bf16_MLP_route_pruning
4,method_103_gsm32_p2_m010_request_0000_712_r3,-1,-1,-1,-1,-1,3,58,3126,1219,303,1.165212098400812,0.7394880056381226,0.7287584185600281,0.746313625574112,train,DeepEP_receive_format_plus_torch_grouped_mm_bf16_MLP_route_pruning
4,method_104_gsm32_p4_m010_request_0029_168_r2,-1,-1,-1,-1,-1,2,46,2268,1123,242,1.1893168304678434,0.6729440093040466,0.6628896057605743,0.6786047935485839,train,DeepEP_receive_format_plus_torch_grouped_mm_bf16_MLP_route_pruning
4,method_105_gsm32_p2_m010_request_0017_1387_r3,-1,-1,-1,-1,-1,3,60,3326,1291,434,1.2166845973570721,0.7468959987163544,0.7404991865158081,0.7530944108963012,train,DeepEP_receive_format_plus_torch_grouped_mm_bf16_MLP_route_pruning
4,method_106_gsm32_p4_m010_request_0008_2068_r2,-1,-1,-1,-1,-1,2,48,2694,1266,321,1.2425494679269187,0.7151679992675781,0.7060799896717072,0.7220191836357117,train,DeepEP_receive_format_plus_torch_grouped_mm_bf16_MLP_route_pruning
4,method_107_gsm32_p2_m010_request_0001_645_r0,-1,-1,-1,-1,-1,0,53,3662,1193,327,1.2645563433996796,0.7422080039978027,0.723062378168106,0.7505280196666717,train,DeepEP_receive_format_plus_torch_grouped_mm_bf16_MLP_route_pruning
4,method_108_gsm32_p2_m010_request_0002_1919_r3,-1,-1,-1,-1,-1,3,61,3379,1360,481,1.2849115182577502,0.7654879987239838,0.7516959965229034,0.7704704165458679,train,DeepEP_receive_format_plus_torch_grouped_mm_bf16_MLP_route_pruning
4,method_109_gsm32_p4_m010_request_0020_2875_r1,-1,-1,-1,-1,-1,1,59,2956,1329,417,1.3067175631074264,0.7414880096912384,0.7336256027221679,0.760889595746994,train,DeepEP_receive_format_plus_torch_grouped_mm_bf16_MLP_route_pruning
4,method_110_gsm32_p4_m010_request_0031_3_r3,-1,-1,-1,-1,-1,3,54,2478,1109,278,1.328276421697468,0.703359991312027,0.6963808000087738,0.7115839958190918,train,DeepEP_receive_format_plus_torch_grouped_mm_bf16_MLP_route_pruning
4,method_111_gsm32_p4_m010_request_0007_319_r2,-1,-1,-1,-1,-1,2,46,3574,1289,405,1.350440308048727,0.7298400104045868,0.7151904046535492,0.7400447845458984,train,DeepEP_receive_format_plus_torch_grouped_mm_bf16_MLP_route_pruning
4,method_112_gsm32_p4_m010_request_0014_250_r3,-1,-1,-1,-1,-1,3,54,2318,1077,276,1.3726743765877267,0.6968960165977478,0.684499204158783,0.7032992243766785,train,DeepEP_receive_format_plus_torch_grouped_mm_bf16_MLP_route_pruning
4,method_113_gsm32_p2_m010_request_0004_1271_r3,-1,-1,-1,-1,-1,3,41,1791,947,291,1.39701170361307,0.6067520081996918,0.5997631967067718,0.6161823749542237,train,DeepEP_receive_format_plus_torch_grouped_mm_bf16_MLP_route_pruning
4,method_114_gsm32_p2_m010_request_0019_1169_r1,-1,-1,-1,-1,-1,1,57,4915,1494,791,1.4215574454864073,0.8582559823989868,0.8520415961742401,0.8697056233882904,train,DeepEP_receive_format_plus_torch_grouped_mm_bf16_MLP_route_pruning
4,method_115_gsm32_p2_m010_request_0005_1283_r2,-1,-1,-1,-1,-1,2,54,1706,870,303,1.44451733091234,0.6215839982032776,0.6101696133613587,0.6309568166732789,train,DeepEP_receive_format_plus_torch_grouped_mm_bf16_MLP_route_pruning
4,method_116_gsm32_p2_m010_request_0031_287_r3,-1,-1,-1,-1,-1,3,51,2217,1026,353,1.466896190467623,0.6699840128421783,0.6551328182220459,0.6794367849826812,train,DeepEP_receive_format_plus_torch_grouped_mm_bf16_MLP_route_pruning
4,method_117_gsm32_p4_m010_request_0031_1636_r0,-1,-1,-1,-1,-1,0,55,3776,1385,691,1.4901380860975488,0.7516800165176392,0.744918417930603,0.7673632144927979,train,DeepEP_receive_format_plus_torch_grouped_mm_bf16_MLP_route_pruning
4,method_118_gsm32_p4_m010_request_0009_1180_r0,-1,-1,-1,-1,-1,0,58,3484,1288,596,1.5156407581177642,0.7629759907722473,0.7459423899650574,0.7710080206394195,train,DeepEP_receive_format_plus_torch_grouped_mm_bf16_MLP_route_pruning
4,method_119_gsm32_p4_m010_request_0017_673_r3,-1,-1,-1,-1,-1,3,58,3846,1338,634,1.5488938929264355,0.7669280171394348,0.7541151940822601,0.7732384085655213,train,DeepEP_receive_format_plus_torch_grouped_mm_bf16_MLP_route_pruning
4,method_120_gsm32_p4_m010_request_0021_363_r2,-1,-1,-1,-1,-1,2,61,3334,1292,562,1.6276441453356578,0.7588799893856049,0.7498431861400604,0.7666175782680511,train,DeepEP_receive_format_plus_torch_grouped_mm_bf16_MLP_route_pruning
4,method_121_gsm32_p4_m010_request_0009_2_r2,-1,-1,-1,-1,-1,2,61,3261,1274,598,1.7273110432936924,0.7499839961528778,0.7400032162666321,0.7579519867897033,train,DeepEP_receive_format_plus_torch_grouped_mm_bf16_MLP_route_pruning
4,method_122_gsm32_p2_m010_request_0020_2152_r1,-1,-1,-1,-1,-1,1,58,3933,1540,927,1.8769771789283876,0.8050079941749573,0.7982207775115967,0.8173311829566956,train,DeepEP_receive_format_plus_torch_grouped_mm_bf16_MLP_route_pruning
4,method_123_gsm32_p4_m010_request_0031_61_r1,-1,-1,-1,-1,-1,1,51,2855,1256,616,1.9685288336487137,0.719760000705719,0.7091488122940064,0.7261343896389008,train,DeepEP_receive_format_plus_torch_grouped_mm_bf16_MLP_route_pruning
4,method_124_gsm32_p4_m010_request_0019_1280_r0,-1,-1,-1,-1,-1,0,58,2876,1273,722,2.0464906447528026,0.7370240092277527,0.7296991765499115,0.7495456039905548,train,DeepEP_receive_format_plus_torch_grouped_mm_bf16_MLP_route_pruning
4,method_125_gsm32_p2_m010_request_0008_2297_r1,-1,-1,-1,-1,-1,1,51,3060,1390,905,2.2750781068255352,0.7392640113830566,0.7243776023387909,0.7551968157291412,train,DeepEP_receive_format_plus_torch_grouped_mm_bf16_MLP_route_pruning
4,method_126_gsm32_p4_m010_request_0007_2387_r0,-1,-1,-1,-1,-1,0,50,4811,1682,1310,2.5076611504386954,0.8696320056915283,0.857180792093277,0.8817568063735962,train,DeepEP_receive_format_plus_torch_grouped_mm_bf16_MLP_route_pruning
4,method_127_gsm32_p2_m010_request_0023_693_r0,-1,-1,-1,-1,-1,0,61,2164,1108,807,2.879760696419522,0.7073119878768921,0.6935359835624695,0.7112607955932617,train,DeepEP_receive_format_plus_torch_grouped_mm_bf16_MLP_route_pruning
