accepted_set_change_fraction,aligned_rows,baseline_live_ratio,baseline_wave,benchmark_correct,benchmark_delta_vs_baseline,benchmark_total,confidence_logit_margin_abs_change_mean,elapsed_seconds_observer,final_sequence_exact,final_sequence_total,layers,live_aligned_rows,live_top1_flip_fraction,mode,nfe,per_sample_score_flips,phase,policy,policy_live_ratio,policy_wave,sampled_js_mean,sampled_kl_mean,sampled_logits_rows,task,top1_flip_fraction,dataset,direct_e2e_optimistic_percent,post_epoch_live_weighted_percent,current_step_exact,benchmark_vector_safe,final_trajectory_exact
0.0,1024.0,1.0,36.0,5,0,32,0.0,5.092277765274048,32,32,0.0,1024.0,0.0,routed_bypass,66,0,early,routed_bypass_l00_early,1.0,36.0,,,16.0,gsm8k,0.0,gsm8k,0.0,0.0,True,True,True
0.0,960.0,0.328125,8.0,5,0,32,0.0,5.144599914550781,32,32,0.0,315.0,0.0,routed_bypass,66,0,late,routed_bypass_l00_late,0.328125,8.0,,,16.0,gsm8k,0.0,gsm8k,0.0,0.0,True,True,True
0.0,992.0,0.4969758064516129,0.0,5,0,32,0.0,5.020111799240112,32,32,0.0,493.0,0.0,routed_bypass,66,0,middle,routed_bypass_l00_middle,0.4969758064516129,0.0,,,16.0,gsm8k,0.0,gsm8k,0.0,0.0,True,True,True
0.0234375,1024.0,1.0,36.0,5,0,32,0.2459716796875,5.038093566894531,29,32,1.0,1024.0,0.1455078125,routed_bypass,66,0,early,routed_bypass_l01_early,1.0,36.0,,,16.0,gsm8k,0.1455078125,gsm8k,0.0549988904988277,0.049708469879555704,False,True,False
0.0158730158730158,960.0,0.328125,8.0,5,0,32,0.2547619047619047,5.070736408233643,21,32,1.0,315.0,0.146031746031746,routed_bypass,66,0,late,routed_bypass_l01_late,0.328125,8.0,,,16.0,gsm8k,0.0635416666666666,gsm8k,1.2965932002668454,0.2344691593576955,False,True,False
0.0344827586206896,992.0,0.4969758064516129,0.0,5,0,32,0.2970334685598377,4.783821105957031,11,32,1.0,493.0,0.1947261663286004,routed_bypass,63,0,middle,routed_bypass_l01_middle,0.4969758064516129,0.0,,,16.0,gsm8k,0.1098790322580645,gsm8k,0.9720365302672273,0.4321251107337169,False,True,False
0.0166015625,1024.0,1.0,36.0,5,0,32,0.23992919921875,4.805404901504517,27,32,2.0,1024.0,0.115234375,routed_bypass,63,0,early,routed_bypass_l02_early,1.0,36.0,,,16.0,gsm8k,0.115234375,gsm8k,0.0685681997262236,0.06197252817052729,False,True,False
0.0253968253968253,960.0,0.328125,8.0,5,0,32,0.2244047619047619,4.879446029663086,18,32,2.0,315.0,0.1492063492063492,routed_bypass,63,0,late,routed_bypass_l02_late,0.328125,8.0,,,16.0,gsm8k,0.0791666666666666,gsm8k,0.9112406637997946,0.16478401426886582,False,True,False
0.0385395537525354,992.0,0.4969758064516129,0.0,4,-1,32,0.2711713995943204,4.630321264266968,14,32,2.0,493.0,0.2109533468559837,routed_bypass,60,1,middle,routed_bypass_l02_middle,0.4969758064516129,0.0,,,16.0,gsm8k,0.125,gsm8k,0.8861943318481507,0.39396340760588144,False,False,False
0.015625,1024.0,1.0,36.0,5,0,32,0.25689697265625,4.8278868198394775,26,32,3.0,1024.0,0.1357421875,routed_bypass,63,0,early,routed_bypass_l03_early,1.0,36.0,,,16.0,gsm8k,0.1357421875,gsm8k,0.0704134344481236,0.0636402671696664,False,True,False
0.019047619047619,960.0,0.328125,8.0,5,0,32,0.1982142857142857,4.853909969329834,23,32,3.0,315.0,0.1047619047619047,routed_bypass,63,0,late,routed_bypass_l03_late,0.328125,8.0,,,16.0,gsm8k,0.0510416666666666,gsm8k,0.8551782357142698,0.1546459768473685,False,True,False
0.0324543610547667,992.0,0.4969758064516129,0.0,5,0,32,0.2470841784989858,4.987263441085815,14,32,3.0,493.0,0.1602434077079107,routed_bypass,59,0,middle,routed_bypass_l03_middle,0.4969758064516129,0.0,,,16.0,gsm8k,0.0977822580645161,gsm8k,0.8010137327408694,0.3560958227204873,False,True,False
0.0126953125,1024.0,1.0,36.0,5,0,32,0.2457275390625,4.885340213775635,26,32,4.0,1024.0,0.150390625,routed_bypass,64,0,early,routed_bypass_l04_early,1.0,36.0,,,16.0,gsm8k,0.150390625,gsm8k,0.0619521075106243,0.05599284716902616,False,True,False
0.0253968253968253,960.0,0.328125,8.0,5,0,32,0.2438492063492063,4.87425684928894,22,32,4.0,315.0,0.1555555555555555,routed_bypass,63,0,late,routed_bypass_l04_late,0.328125,8.0,,,16.0,gsm8k,0.0677083333333333,gsm8k,0.8418712564147084,0.1522396120374063,False,True,False
0.0141987829614604,992.0,0.4969758064516129,0.0,5,0,32,0.3239097363083164,4.866081714630127,15,32,4.0,493.0,0.2434077079107505,routed_bypass,58,0,middle,routed_bypass_l04_middle,0.4969758064516129,0.0,,,16.0,gsm8k,0.1370967741935483,gsm8k,0.8134842259261107,0.36163966092078104,False,True,False
0.0146484375,1024.0,1.0,36.0,5,0,32,0.247802734375,4.9105610847473145,27,32,5.0,1024.0,0.138671875,routed_bypass,64,0,early,routed_bypass_l05_early,1.0,36.0,,,16.0,gsm8k,0.138671875,gsm8k,0.058005630949023,0.05242598773761796,False,True,False
0.0253968253968253,960.0,0.328125,8.0,5,0,32,0.2031746031746031,4.928797006607056,24,32,5.0,315.0,0.1396825396825396,routed_bypass,63,0,late,routed_bypass_l05_late,0.328125,8.0,,,16.0,gsm8k,0.0645833333333333,gsm8k,0.8532402983943944,0.15429553035868912,False,True,False
0.0223123732251521,992.0,0.4969758064516129,0.0,5,0,32,0.3090770791075051,4.807680368423462,14,32,5.0,493.0,0.2170385395537525,routed_bypass,58,0,middle,routed_bypass_l05_middle,0.4969758064516129,0.0,,,16.0,gsm8k,0.126008064516129,gsm8k,0.837046679043603,0.3721145014699888,False,True,False
0.0185546875,1024.0,1.0,36.0,5,0,32,0.22857666015625,5.089129209518433,22,32,6.0,1024.0,0.1259765625,routed_bypass,67,0,early,routed_bypass_l06_early,1.0,36.0,,,16.0,gsm8k,0.1259765625,gsm8k,0.0599377828918922,0.0541722832680139,False,True,False
0.0253968253968253,960.0,0.328125,8.0,5,0,32,0.2347222222222222,5.028951644897461,22,32,6.0,315.0,0.1746031746031746,routed_bypass,63,0,late,routed_bypass_l06_late,0.328125,8.0,,,16.0,gsm8k,0.0729166666666666,gsm8k,0.8855174432903417,0.16013236108451873,False,True,False
0.0223123732251521,992.0,0.4969758064516129,0.0,5,0,32,0.271551724137931,4.886371612548828,13,32,6.0,493.0,0.1886409736308316,routed_bypass,64,0,middle,routed_bypass_l06_middle,0.4969758064516129,0.0,,,16.0,gsm8k,0.1058467741935483,gsm8k,0.826657939679871,0.3674961203617168,False,True,False
0.01953125,1024.0,1.0,36.0,5,0,32,0.226318359375,5.019389152526856,23,32,7.0,1024.0,0.1162109375,routed_bypass,66,0,early,routed_bypass_l07_early,1.0,36.0,,,16.0,gsm8k,0.1162109375,gsm8k,0.0758048114772264,0.06851304006071585,False,True,False
0.0095238095238095,960.0,0.328125,8.0,4,-1,32,0.2339285714285714,5.096076726913452,22,32,7.0,315.0,0.146031746031746,routed_bypass,66,1,late,routed_bypass_l07_late,0.328125,8.0,,,16.0,gsm8k,0.059375,gsm8k,0.9399089780515,0.1699682428622413,False,False,False
0.0263691683569979,992.0,0.4969758064516129,0.0,4,-1,32,0.277129817444219,4.814953327178955,12,32,7.0,493.0,0.1643002028397566,routed_bypass,63,1,middle,routed_bypass_l07_middle,0.4969758064516129,0.0,,,16.0,gsm8k,0.0997983870967741,gsm8k,0.8902198259048626,0.3957529669597222,False,False,False
0.0205078125,1024.0,1.0,36.0,5,0,32,0.23541259765625,4.78841233253479,24,32,8.0,1024.0,0.1220703125,routed_bypass,63,0,early,routed_bypass_l08_early,1.0,36.0,,,16.0,gsm8k,0.1220703125,gsm8k,0.0607832313948878,0.0549364068905944,False,True,False
0.0158730158730158,960.0,0.328125,8.0,5,0,32,0.2654761904761905,4.96799635887146,19,32,8.0,315.0,0.1079365079365079,routed_bypass,64,0,late,routed_bypass_l08_late,0.328125,8.0,,,16.0,gsm8k,0.0541666666666666,gsm8k,0.87282361307742,0.15783687496100635,False,True,False
0.024340770791075,992.0,0.4969758064516129,0.0,4,-1,32,0.3171906693711968,4.819817066192627,10,32,8.0,493.0,0.2231237322515213,routed_bypass,63,1,middle,routed_bypass_l08_middle,0.4969758064516129,0.0,,,16.0,gsm8k,0.1239919354838709,gsm8k,0.7987644756886786,0.35509590098660004,False,False,False
0.0283203125,1024.0,1.0,36.0,5,0,32,0.23345947265625,4.992577791213989,22,32,9.0,1024.0,0.119140625,routed_bypass,66,0,early,routed_bypass_l09_early,1.0,36.0,,,16.0,gsm8k,0.119140625,gsm8k,0.0592461481627943,0.05354717785611926,False,True,False
0.0158730158730158,960.0,0.328125,8.0,5,0,32,0.2265873015873016,4.694215536117554,21,32,9.0,315.0,0.1365079365079365,routed_bypass,61,0,late,routed_bypass_l09_late,0.328125,8.0,,,16.0,gsm8k,0.065625,gsm8k,0.8636616919043189,0.15618008086774995,False,True,False
0.0304259634888438,992.0,0.4969758064516129,0.0,6,1,32,0.325684584178499,4.767579555511475,11,32,9.0,493.0,0.2150101419878296,routed_bypass,62,1,middle,routed_bypass_l09_middle,0.4969758064516129,0.0,,,16.0,gsm8k,0.126008064516129,gsm8k,0.8033846790044741,0.35714984217840023,False,False,False
0.015625,1024.0,1.0,36.0,5,0,32,0.25640869140625,5.103053331375122,29,32,10.0,1024.0,0.13671875,routed_bypass,66,0,early,routed_bypass_l10_early,1.0,36.0,,,16.0,gsm8k,0.13671875,gsm8k,0.0606252022916556,0.05479357882903053,False,True,False
0.0317460317460317,960.0,0.328125,8.0,5,0,32,0.2448412698412698,5.14788556098938,15,32,10.0,315.0,0.1396825396825396,routed_bypass,66,0,late,routed_bypass_l10_late,0.328125,8.0,,,16.0,gsm8k,0.0645833333333333,gsm8k,0.8900528353327968,0.16095251775303526,False,True,False
0.0182555780933062,992.0,0.4969758064516129,0.0,5,0,32,0.3804513184584178,4.575673818588257,10,32,10.0,493.0,0.2718052738336714,routed_bypass,60,0,middle,routed_bypass_l10_middle,0.4969758064516129,0.0,,,16.0,gsm8k,0.1542338709677419,gsm8k,0.7842591192842882,0.3486474512140837,False,True,False
0.0224609375,1024.0,1.0,36.0,5,0,32,0.2080078125,4.890047073364258,29,32,11.0,1024.0,0.1025390625,routed_bypass,64,0,early,routed_bypass_l11_early,1.0,36.0,,,16.0,gsm8k,0.1025390625,gsm8k,0.0631599675120631,0.05708452141837343,False,True,False
0.0222222222222222,960.0,0.328125,8.0,4,-1,32,0.2478174603174603,5.265876054763794,17,32,11.0,315.0,0.146031746031746,routed_bypass,68,1,late,routed_bypass_l11_late,0.328125,8.0,,,16.0,gsm8k,0.06875,gsm8k,0.8981807246914717,0.16242232292005962,False,False,False
0.0202839756592292,992.0,0.4969758064516129,0.0,5,0,32,0.3429259634888438,4.503681421279907,9,32,11.0,493.0,0.2170385395537525,routed_bypass,59,0,middle,routed_bypass_l11_middle,0.4969758064516129,0.0,,,16.0,gsm8k,0.125,gsm8k,0.852444365109638,0.3789596421505547,False,True,False
0.0146484375,1024.0,1.0,36.0,5,0,32,0.23089599609375,4.7979161739349365,28,32,12.0,1024.0,0.1181640625,routed_bypass,63,0,early,routed_bypass_l12_early,1.0,36.0,,,16.0,gsm8k,0.1181640625,gsm8k,0.0614506339286243,0.055539611036075964,False,True,False
0.0158730158730158,960.0,0.328125,8.0,5,0,32,0.1994047619047619,5.026096343994141,20,32,12.0,315.0,0.1396825396825396,routed_bypass,65,0,late,routed_bypass_l12_late,0.328125,8.0,,,16.0,gsm8k,0.0572916666666666,gsm8k,0.8975654724167295,0.16231106390403052,False,True,False
0.0162271805273833,992.0,0.4969758064516129,0.0,5,0,32,0.2697768762677485,4.952263116836548,12,32,12.0,493.0,0.1805273833671399,routed_bypass,62,0,middle,routed_bypass_l12_middle,0.4969758064516129,0.0,,,16.0,gsm8k,0.1028225806451613,gsm8k,0.8008794138533172,0.3560361103924525,False,True,False
0.0166015625,1024.0,1.0,36.0,5,0,32,0.2529296875,4.699700593948364,28,32,13.0,1024.0,0.1298828125,routed_bypass,62,0,early,routed_bypass_l13_early,1.0,36.0,,,16.0,gsm8k,0.1298828125,gsm8k,0.0604366233954668,0.0546231396020552,False,True,False
0.0126984126984126,960.0,0.328125,8.0,6,1,32,0.2486111111111111,4.796144723892212,17,32,13.0,315.0,0.1301587301587301,routed_bypass,62,1,late,routed_bypass_l13_late,0.328125,8.0,,,16.0,gsm8k,0.0552083333333333,gsm8k,0.8615957418271227,0.1558064852189563,False,False,False
0.0324543610547667,992.0,0.4969758064516129,0.0,5,0,32,0.3558569979716024,5.319696664810181,10,32,13.0,493.0,0.1926977687626775,routed_bypass,62,2,middle,routed_bypass_l13_middle,0.4969758064516129,0.0,,,16.0,gsm8k,0.1078629032258064,gsm8k,0.8188202916284781,0.3640118433549988,False,False,False
0.0166015625,1024.0,1.0,36.0,5,0,32,0.26898193359375,4.9823994636535645,24,32,14.0,1024.0,0.15234375,routed_bypass,66,0,early,routed_bypass_l14_early,1.0,36.0,,,16.0,gsm8k,0.15234375,gsm8k,0.0606299437706218,0.05479786421846726,False,True,False
0.0253968253968253,960.0,0.328125,8.0,4,-1,32,0.3196428571428571,5.156477689743042,18,32,14.0,315.0,0.1555555555555555,routed_bypass,67,1,late,routed_bypass_l14_late,0.328125,8.0,,,16.0,gsm8k,0.0677083333333333,gsm8k,0.8665372691382968,0.15670008527358842,False,False,False
0.0283975659229208,992.0,0.4969758064516129,0.0,4,-1,32,0.3524340770791075,5.109068870544434,10,32,14.0,493.0,0.2150101419878296,routed_bypass,60,1,middle,routed_bypass_l14_middle,0.4969758064516129,0.0,,,16.0,gsm8k,0.1280241935483871,gsm8k,0.8119529410101343,0.3609589183321262,False,False,False
0.015625,1024.0,1.0,36.0,5,0,32,0.22503662109375,4.873106956481934,26,32,15.0,1024.0,0.130859375,routed_bypass,64,0,early,routed_bypass_l15_early,1.0,36.0,,,16.0,gsm8k,0.130859375,gsm8k,0.0684354564667179,0.06185255367182366,False,True,False
0.019047619047619,960.0,0.328125,8.0,5,0,32,0.2541666666666666,5.01269268989563,23,32,15.0,315.0,0.1269841269841269,routed_bypass,65,0,late,routed_bypass_l15_late,0.328125,8.0,,,16.0,gsm8k,0.0583333333333333,gsm8k,0.9087148512177374,0.16432725948048027,False,True,False
0.024340770791075,992.0,0.4969758064516129,0.0,4,-1,32,0.2946247464503043,5.050687789916992,10,32,15.0,493.0,0.2028397565922921,routed_bypass,59,1,middle,routed_bypass_l15_middle,0.4969758064516129,0.0,,,16.0,gsm8k,0.1159274193548387,gsm8k,0.925004870011557,0.41121688273699253,False,False,False
0.0166015625,1024.0,1.0,36.0,5,0,32,0.23760986328125,4.763928413391113,23,32,16.0,1024.0,0.12109375,routed_bypass,63,0,early,routed_bypass_l16_early,1.0,36.0,,,16.0,gsm8k,0.12109375,gsm8k,0.0621833535852292,0.05620184935852503,False,True,False
0.0476190476190476,960.0,0.328125,8.0,5,0,32,0.281547619047619,5.081932067871094,18,32,16.0,315.0,0.1555555555555555,routed_bypass,66,0,late,routed_bypass_l16_late,0.328125,8.0,,,16.0,gsm8k,0.071875,gsm8k,0.8122126317885862,0.14687630087523057,False,True,False
0.0385395537525354,992.0,0.4969758064516129,0.0,4,-1,32,0.343052738336714,5.933482885360718,11,32,16.0,493.0,0.2393509127789046,routed_bypass,68,1,middle,routed_bypass_l16_middle,0.4969758064516129,0.0,,,16.0,gsm8k,0.1360887096774193,gsm8k,0.787659349015199,0.35015904527792613,False,False,False
0.025390625,1024.0,1.0,36.0,5,0,32,0.28009033203125,4.699682950973511,24,32,17.0,1024.0,0.138671875,routed_bypass,62,0,early,routed_bypass_l17_early,1.0,36.0,,,16.0,gsm8k,0.138671875,gsm8k,0.0578428617159261,0.05227887550594688,False,True,False
0.0095238095238095,960.0,0.328125,8.0,3,-2,32,0.2740079365079365,4.780011177062988,15,32,17.0,315.0,0.1428571428571428,routed_bypass,62,2,late,routed_bypass_l17_late,0.328125,8.0,,,16.0,gsm8k,0.0625,gsm8k,0.8594270799830643,0.15541431570935002,False,False,False
0.024340770791075,992.0,0.4969758064516129,0.0,5,0,32,0.3240365111561866,5.079024791717529,9,32,17.0,493.0,0.2008113590263691,routed_bypass,58,0,middle,routed_bypass_l17_middle,0.4969758064516129,0.0,,,16.0,gsm8k,0.1139112903225806,gsm8k,0.8260279312995461,0.3672160460716732,False,True,False
0.0341796875,1024.0,1.0,36.0,5,0,32,0.28094482421875,5.021549224853516,28,32,18.0,1024.0,0.146484375,routed_bypass,66,0,early,routed_bypass_l18_early,1.0,36.0,,,16.0,gsm8k,0.146484375,gsm8k,0.0577749101655307,0.05221746031074088,False,True,False
0.0349206349206349,960.0,0.328125,8.0,5,0,32,0.3111111111111111,4.664443492889404,17,32,18.0,315.0,0.146031746031746,routed_bypass,60,0,late,routed_bypass_l18_late,0.328125,8.0,,,16.0,gsm8k,0.0666666666666666,gsm8k,0.8051530054290008,0.14559967482353545,False,True,False
0.0344827586206896,992.0,0.4969758064516129,0.0,5,0,32,0.4334432048681541,5.540510416030884,9,32,18.0,493.0,0.2494929006085192,routed_bypass,63,0,middle,routed_bypass_l18_middle,0.4969758064516129,0.0,,,16.0,gsm8k,0.1431451612903226,gsm8k,0.7804448571343574,0.3469517963671891,False,True,False
0.03125,1024.0,1.0,36.0,5,0,32,0.353271484375,4.882749319076538,23,32,19.0,1024.0,0.1787109375,routed_bypass,64,0,early,routed_bypass_l19_early,1.0,36.0,,,16.0,gsm8k,0.1787109375,gsm8k,0.0598782577075696,0.054118483894878576,False,True,False
0.0222222222222222,960.0,0.328125,8.0,4,-1,32,0.2684523809523809,4.92631721496582,17,32,19.0,315.0,0.1777777777777777,routed_bypass,64,1,late,routed_bypass_l19_late,0.328125,8.0,,,16.0,gsm8k,0.084375,gsm8k,0.8378700001950555,0.15151604570834976,False,False,False
0.0405679513184584,992.0,0.4969758064516129,0.0,4,-1,32,0.3799442190669371,5.77335262298584,6,32,19.0,493.0,0.2028397565922921,routed_bypass,68,1,middle,routed_bypass_l19_middle,0.4969758064516129,0.0,,,16.0,gsm8k,0.1229838709677419,gsm8k,0.8220340498825761,0.36544054032078227,False,False,False
0.0224609375,1024.0,1.0,36.0,5,0,32,0.30487060546875,5.092798233032227,24,32,20.0,1024.0,0.138671875,routed_bypass,66,0,early,routed_bypass_l20_early,1.0,36.0,,,16.0,gsm8k,0.138671875,gsm8k,0.0658785684326547,0.05954161629338079,False,True,False
0.0444444444444444,960.0,0.328125,8.0,4,-1,32,0.3265873015873016,4.933722019195557,22,32,20.0,315.0,0.1555555555555555,routed_bypass,64,1,late,routed_bypass_l20_late,0.328125,8.0,,,16.0,gsm8k,0.0802083333333333,gsm8k,0.8383425045179697,0.15160149092845715,False,False,False
0.0324543610547667,992.0,0.4969758064516129,0.0,5,0,32,0.3135141987829614,4.891558647155762,8,32,20.0,493.0,0.1866125760649087,routed_bypass,64,0,middle,routed_bypass_l20_middle,0.4969758064516129,0.0,,,16.0,gsm8k,0.1038306451612903,gsm8k,0.807070408808992,0.3587883571419006,False,True,False
0.0185546875,1024.0,1.0,36.0,5,0,32,0.3233642578125,4.866060256958008,26,32,21.0,1024.0,0.166015625,routed_bypass,64,0,early,routed_bypass_l21_early,1.0,36.0,,,16.0,gsm8k,0.166015625,gsm8k,0.0591623932360224,0.05347147943353391,False,True,False
0.0666666666666666,960.0,0.328125,8.0,5,0,32,0.3914682539682539,4.793698310852051,14,32,21.0,315.0,0.1555555555555555,routed_bypass,62,0,late,routed_bypass_l21_late,0.328125,8.0,,,16.0,gsm8k,0.0822916666666666,gsm8k,0.7667148873810196,0.1386487258102696,False,True,False
0.0304259634888438,992.0,0.4969758064516129,0.0,5,0,32,0.3490111561866126,5.097937345504761,6,32,21.0,493.0,0.2231237322515213,routed_bypass,67,0,middle,routed_bypass_l21_middle,0.4969758064516129,0.0,,,16.0,gsm8k,0.126008064516129,gsm8k,0.7499370916367513,0.33338937239093475,False,True,False
0.0361328125,1024.0,1.0,36.0,5,0,32,0.35150146484375,4.946835279464722,25,32,22.0,1024.0,0.1640625,routed_bypass,65,0,early,routed_bypass_l22_early,1.0,36.0,,,16.0,gsm8k,0.1640625,gsm8k,0.0599520047532333,0.0541851371085131,False,True,False
0.0603174603174603,960.0,0.328125,8.0,5,0,32,0.2938492063492063,5.103405475616455,18,32,22.0,315.0,0.1523809523809524,routed_bypass,66,0,late,routed_bypass_l22_late,0.328125,8.0,,,16.0,gsm8k,0.0708333333333333,gsm8k,0.8264108838513183,0.14944383880834045,False,True,False
0.0283975659229208,992.0,0.4969758064516129,0.0,5,0,32,0.2990618661257606,4.5871336460113525,10,32,22.0,493.0,0.1663286004056795,routed_bypass,60,0,middle,routed_bypass_l22_middle,0.4969758064516129,0.0,,,16.0,gsm8k,0.0866935483870967,gsm8k,0.795179881900331,0.35350234669157854,False,True,False
0.0205078125,1024.0,1.0,36.0,5,0,32,0.31304931640625,5.028752326965332,28,32,23.0,1024.0,0.1484375,routed_bypass,66,0,early,routed_bypass_l23_early,1.0,36.0,,,16.0,gsm8k,0.1484375,gsm8k,0.0556389030808928,0.050286918751334266,False,True,False
0.0412698412698412,960.0,0.328125,8.0,4,-1,32,0.3204365079365079,5.077904939651489,18,32,23.0,315.0,0.1587301587301587,routed_bypass,66,1,late,routed_bypass_l23_late,0.328125,8.0,,,16.0,gsm8k,0.0802083333333333,gsm8k,0.8541205103026427,0.15445470329445735,False,False,False
0.0425963488843813,992.0,0.4969758064516129,0.0,5,0,32,0.2842292089249493,4.830895185470581,8,32,23.0,493.0,0.1825557809330628,routed_bypass,63,0,middle,routed_bypass_l23_middle,0.4969758064516129,0.0,,,16.0,gsm8k,0.1058467741935483,gsm8k,0.80970314726079,0.3599587580060568,False,True,False
0.02734375,1024.0,1.0,36.0,5,0,32,0.32940673828125,4.75310206413269,24,32,24.0,1024.0,0.146484375,routed_bypass,62,0,early,routed_bypass_l24_early,1.0,36.0,,,16.0,gsm8k,0.146484375,gsm8k,0.0591734546428503,0.05348147682808394,False,True,False
0.0095238095238095,960.0,0.328125,8.0,5,0,32,0.2974206349206349,4.988184213638306,18,32,24.0,315.0,0.1206349206349206,routed_bypass,65,0,late,routed_bypass_l24_late,0.328125,8.0,,,16.0,gsm8k,0.059375,gsm8k,0.8089957149196589,0.14629457038811577,False,True,False
0.0223123732251521,992.0,0.4969758064516129,0.0,4,-1,32,0.2672413793103448,5.205399036407471,8,32,24.0,493.0,0.1501014198782961,routed_bypass,68,1,middle,routed_bypass_l24_middle,0.4969758064516129,0.0,,,16.0,gsm8k,0.0887096774193548,gsm8k,0.7678848213763945,0.3413681514384979,False,False,False
0.0205078125,1024.0,1.0,36.0,5,0,32,0.282470703125,4.980970144271851,25,32,25.0,1024.0,0.10546875,routed_bypass,64,0,early,routed_bypass_l25_early,1.0,36.0,,,16.0,gsm8k,0.10546875,gsm8k,0.076858858440641,0.06946569676446605,False,True,False
0.0222222222222222,960.0,0.328125,8.0,5,0,32,0.2664682539682539,4.797314405441284,20,32,25.0,315.0,0.0857142857142857,routed_bypass,62,0,late,routed_bypass_l25_late,0.328125,8.0,,,16.0,gsm8k,0.0427083333333333,gsm8k,0.7824138795339185,0.14148764976274422,False,True,False
0.0263691683569979,992.0,0.4969758064516129,0.0,5,0,32,0.2962728194726166,4.887839317321777,10,32,25.0,493.0,0.1480730223123732,routed_bypass,58,0,middle,routed_bypass_l25_middle,0.4969758064516129,0.0,,,16.0,gsm8k,0.0816532258064516,gsm8k,0.7921973759757635,0.35217645444083834,False,True,False
0.0263671875,1024.0,1.0,36.0,5,0,32,0.34307861328125,5.309830188751221,25,32,26.0,1024.0,0.1455078125,routed_bypass,65,0,early,routed_bypass_l26_early,1.0,36.0,,,16.0,gsm8k,0.1455078125,gsm8k,0.0807421238270027,0.07297542539247168,False,True,False
0.0222222222222222,960.0,0.328125,8.0,5,0,32,0.2382936507936508,4.991461992263794,17,32,26.0,315.0,0.1142857142857142,routed_bypass,65,0,late,routed_bypass_l26_late,0.328125,8.0,,,16.0,gsm8k,0.0645833333333333,gsm8k,0.8189356529400662,0.14809205699473443,False,True,False
0.0283975659229208,992.0,0.4969758064516129,0.0,5,0,32,0.2721855983772819,5.118389844894409,15,32,26.0,493.0,0.1480730223123732,routed_bypass,59,0,middle,routed_bypass_l26_middle,0.4969758064516129,0.0,,,16.0,gsm8k,0.0806451612903225,gsm8k,0.8105254183205999,0.3603243039106699,False,True,False
0.037109375,1024.0,1.0,36.0,5,0,32,0.3692626953125,4.894399404525757,25,32,27.0,1024.0,0.1318359375,routed_bypass,64,0,early,routed_bypass_l27_early,1.0,36.0,,,16.0,gsm8k,0.1318359375,gsm8k,0.0638995354537822,0.05775294927976116,False,True,False
0.0476190476190476,960.0,0.328125,8.0,5,0,32,0.3811507936507936,4.8464515209198,21,32,27.0,315.0,0.1873015873015873,routed_bypass,63,0,late,routed_bypass_l27_late,0.328125,8.0,,,16.0,gsm8k,0.0833333333333333,gsm8k,0.8516020752214715,0.15399928261489676,False,True,False
0.0405679513184584,992.0,0.4969758064516129,0.0,5,0,32,0.332657200811359,6.110190153121948,6,32,27.0,493.0,0.1399594320486815,routed_bypass,64,0,middle,routed_bypass_l27_middle,0.4969758064516129,0.0,,,16.0,gsm8k,0.0796370967741935,gsm8k,0.8647747383930067,0.3844411891444717,False,True,False
0.0390625,1024.0,1.0,36.0,5,0,32,0.3746337890625,4.966592073440552,23,32,28.0,1024.0,0.1484375,routed_bypass,65,0,early,routed_bypass_l28_early,1.0,36.0,,,16.0,gsm8k,0.1484375,gsm8k,0.0671290958578008,0.060671853726947896,False,True,False
0.019047619047619,960.0,0.328125,8.0,5,0,32,0.2466269841269841,5.002719640731812,21,32,28.0,315.0,0.1746031746031746,routed_bypass,65,0,late,routed_bypass_l28_late,0.328125,8.0,,,16.0,gsm8k,0.0854166666666666,gsm8k,0.8835489482668685,0.15977638869991995,False,True,False
0.0121703853955375,992.0,0.4969758064516129,0.0,4,-1,32,0.2775101419878296,5.712563753128052,10,32,28.0,493.0,0.1460446247464503,routed_bypass,64,1,middle,routed_bypass_l28_middle,0.4969758064516129,0.0,,,16.0,gsm8k,0.0887096774193548,gsm8k,0.877945289484633,0.39029624260355156,False,False,False
0.0302734375,1024.0,1.0,36.0,5,0,32,0.38751220703125,5.0465476512908936,26,32,29.0,1024.0,0.1552734375,routed_bypass,66,0,early,routed_bypass_l29_early,1.0,36.0,,,16.0,gsm8k,0.1552734375,gsm8k,0.0644547400739382,0.05825474798674785,False,True,False
0.0444444444444444,960.0,0.328125,8.0,5,0,32,0.3184523809523809,4.948165416717529,20,32,29.0,315.0,0.1555555555555555,routed_bypass,64,0,late,routed_bypass_l29_late,0.328125,8.0,,,16.0,gsm8k,0.075,gsm8k,0.8786384965303461,0.1588884081903106,False,True,False
0.0385395537525354,992.0,0.4969758064516129,0.0,5,0,32,0.2975405679513184,5.399027585983276,10,32,29.0,493.0,0.1501014198782961,routed_bypass,61,0,middle,routed_bypass_l29_middle,0.4969758064516129,0.0,,,16.0,gsm8k,0.0987903225806451,gsm8k,0.8016985250718419,0.35640025156923616,False,True,False
0.046875,1024.0,1.0,36.0,5,0,32,0.449951171875,4.997974395751953,23,32,30.0,1024.0,0.166015625,routed_bypass,65,0,early,routed_bypass_l30_early,1.0,36.0,,,16.0,gsm8k,0.166015625,gsm8k,0.0602043228139775,0.05441318434017205,False,True,False
0.0698412698412698,960.0,0.328125,8.0,5,0,32,0.379563492063492,5.102064371109009,13,32,30.0,315.0,0.1492063492063492,routed_bypass,66,0,late,routed_bypass_l30_late,0.328125,8.0,,,16.0,gsm8k,0.0875,gsm8k,0.8313213349746128,0.15033181920705685,False,True,False
0.0283975659229208,992.0,0.4969758064516129,0.0,5,0,32,0.2794117647058823,5.738191366195679,10,32,30.0,493.0,0.1683569979716024,routed_bypass,65,0,middle,routed_bypass_l30_middle,0.4969758064516129,0.0,,,16.0,gsm8k,0.1048387096774193,gsm8k,0.7348944405494382,0.3267020648007079,False,True,False
0.0400390625,1024.0,1.0,36.0,5,0,32,0.5498046875,5.002345323562622,24,32,31.0,1024.0,0.203125,routed_bypass,66,0,early,routed_bypass_l31_early,1.0,36.0,,,16.0,gsm8k,0.203125,gsm8k,0.06299456299292,0.056935027392526816,False,True,False
0.0317460317460317,960.0,0.328125,8.0,5,0,32,0.3767857142857143,4.800284385681152,17,32,31.0,315.0,0.1587301587301587,routed_bypass,60,0,late,routed_bypass_l31_late,0.328125,8.0,,,16.0,gsm8k,0.1520833333333333,gsm8k,0.8420587853419,0.15227352379161327,False,True,False
0.0628803245436105,992.0,0.4969758064516129,0.0,5,0,32,0.3916075050709939,5.230283737182617,7,32,31.0,493.0,0.2129817444219067,routed_bypass,61,0,middle,routed_bypass_l31_middle,0.4969758064516129,0.0,,,16.0,gsm8k,0.1643145161290322,gsm8k,0.8181428767983917,0.36371069422186564,False,True,False
0.0,1024.0,0.783203125,29.0,6,0,32,0.0,6.319458484649658,32,32,0.0,802.0,0.0,routed_bypass,86,0,early,routed_bypass_l00_early,0.783203125,29.0,,,16.0,humaneval,0.0,humaneval,0.0,0.0,True,True,True
0.0,576.0,0.1336805555555555,2.0,6,0,32,0.0,9.294291019439695,32,32,0.0,77.0,0.0,routed_bypass,86,0,late,routed_bypass_l00_late,0.1336805555555555,2.0,,,16.0,humaneval,0.0,humaneval,0.0,0.0,True,True,True
0.0,576.0,0.4600694444444444,0.0,6,0,32,0.0,6.287375688552856,32,32,0.0,265.0,0.0,routed_bypass,86,0,middle,routed_bypass_l00_middle,0.4600694444444444,0.0,,,16.0,humaneval,0.0,humaneval,0.0,0.0,True,True,True
0.027431421446384,1024.0,0.783203125,29.0,6,0,32,0.3674407730673317,6.636217355728149,24,32,1.0,802.0,0.1807980049875311,routed_bypass,91,0,early,routed_bypass_l01_early,0.783203125,29.0,,,16.0,humaneval,0.154296875,humaneval,0.0240984332266922,0.018873968210749163,False,True,False
0.0259740259740259,576.0,0.1336805555555555,2.0,7,1,32,0.2719155844155844,6.948368787765503,18,32,1.0,77.0,0.1428571428571428,routed_bypass,97,1,late,routed_bypass_l01_late,0.1336805555555555,2.0,,,16.0,humaneval,0.0868055555555555,humaneval,0.5983978562048328,0.10284963153520563,False,False,False
0.060377358490566,576.0,0.4600694444444444,0.0,6,0,32,0.4372641509433962,6.725442886352539,12,32,1.0,265.0,0.2679245283018868,routed_bypass,93,0,middle,routed_bypass_l01_middle,0.4600694444444444,0.0,,,16.0,humaneval,0.1944444444444444,humaneval,1.949560463788894,0.8948177909968557,False,True,False
0.0324189526184538,1024.0,0.783203125,29.0,6,0,32,0.3767923940149626,6.545432567596436,23,32,2.0,802.0,0.1770573566084788,routed_bypass,91,0,early,routed_bypass_l02_early,0.783203125,29.0,,,16.0,humaneval,0.1611328125,humaneval,0.0272789010962071,0.021364920585115327,False,True,False
0.0129870129870129,576.0,0.1336805555555555,2.0,7,1,32,0.3173701298701298,5.941065788269043,20,32,2.0,77.0,0.1818181818181818,routed_bypass,83,1,late,routed_bypass_l02_late,0.1336805555555555,2.0,,,16.0,humaneval,0.0902777777777777,humaneval,0.5030552732445214,0.08646262508890211,False,False,False
0.0754716981132075,576.0,0.4600694444444444,0.0,5,-1,32,0.3667452830188679,6.264486074447632,14,32,2.0,265.0,0.2415094339622641,routed_bypass,86,1,middle,routed_bypass_l02_middle,0.4600694444444444,0.0,,,16.0,humaneval,0.1701388888888889,humaneval,1.3955178898936975,0.6405209064941776,False,False,False
0.0149625935162094,1024.0,0.783203125,29.0,6,0,32,0.3333852867830424,6.215374946594238,21,32,3.0,802.0,0.1496259351620947,routed_bypass,86,0,early,routed_bypass_l03_early,0.783203125,29.0,,,16.0,humaneval,0.1318359375,humaneval,0.0294727191789339,0.023083125763188463,False,True,False
0.0259740259740259,576.0,0.1336805555555555,2.0,7,1,32,0.2410714285714285,6.005142688751221,20,32,3.0,77.0,0.0389610389610389,routed_bypass,84,1,late,routed_bypass_l03_late,0.1336805555555555,2.0,,,16.0,humaneval,0.0625,humaneval,0.4947707154009301,0.08503871670953486,False,False,False
0.0566037735849056,576.0,0.4600694444444444,0.0,6,0,32,0.4349056603773585,5.651953458786011,14,32,3.0,265.0,0.290566037735849,routed_bypass,79,2,middle,routed_bypass_l03_middle,0.4600694444444444,0.0,,,16.0,humaneval,0.1666666666666666,humaneval,1.3807834918757738,0.6337580480289196,False,False,False
0.027431421446384,1024.0,0.783203125,29.0,6,0,32,0.3293329177057356,6.04499363899231,26,32,4.0,802.0,0.1446384039900249,routed_bypass,84,0,early,routed_bypass_l04_early,0.783203125,29.0,,,16.0,humaneval,0.1259765625,humaneval,0.0251164608525031,0.01967129062862059,False,True,False
0.0259740259740259,576.0,0.1336805555555555,2.0,7,1,32,0.3368506493506493,5.945819854736328,18,32,4.0,77.0,0.1688311688311688,routed_bypass,83,1,late,routed_bypass_l04_late,0.1336805555555555,2.0,,,16.0,humaneval,0.0815972222222222,humaneval,0.4910402680035171,0.0843975460631045,False,False,False
0.0528301886792452,576.0,0.4600694444444444,0.0,6,0,32,0.4622641509433962,5.944729328155518,14,32,4.0,265.0,0.3169811320754717,routed_bypass,82,2,middle,routed_bypass_l04_middle,0.4600694444444444,0.0,,,16.0,humaneval,0.1961805555555555,humaneval,1.3611833914959115,0.6247619082061312,False,False,False
0.0299251870324189,1024.0,0.783203125,29.0,6,0,32,0.3718048628428927,7.8571741580963135,21,32,5.0,802.0,0.1645885286783042,routed_bypass,108,0,early,routed_bypass_l05_early,0.783203125,29.0,,,16.0,humaneval,0.1435546875,humaneval,0.0276175183477763,0.021630126674723235,False,True,False
0.0259740259740259,576.0,0.1336805555555555,2.0,6,0,32,0.2548701298701298,6.06023097038269,23,32,5.0,77.0,0.0649350649350649,routed_bypass,84,0,late,routed_bypass_l05_late,0.1336805555555555,2.0,,,16.0,humaneval,0.078125,humaneval,0.4669679825701401,0.08026012200424283,False,True,False
0.0528301886792452,576.0,0.4600694444444444,0.0,6,0,32,0.4488207547169811,7.852101802825928,15,32,5.0,265.0,0.2981132075471698,routed_bypass,109,0,middle,routed_bypass_l05_middle,0.4600694444444444,0.0,,,16.0,humaneval,0.1840277777777778,humaneval,1.3186405975377955,0.6052354305105117,False,True,False
0.0199501246882793,1024.0,0.783203125,29.0,6,0,32,0.394248753117207,7.76989483833313,21,32,6.0,802.0,0.1620947630922693,routed_bypass,107,0,early,routed_bypass_l06_early,0.783203125,29.0,,,16.0,humaneval,0.13671875,humaneval,0.0255526972359577,0.020012952327380932,False,True,False
0.0389610389610389,576.0,0.1336805555555555,2.0,6,0,32,0.3660714285714285,5.8368871212005615,17,32,6.0,77.0,0.2077922077922078,routed_bypass,80,0,late,routed_bypass_l06_late,0.1336805555555555,2.0,,,16.0,humaneval,0.0885416666666666,humaneval,0.4674164208884762,0.08033719734020685,False,True,False
0.0452830188679245,576.0,0.4600694444444444,0.0,7,1,32,0.455188679245283,5.719160795211792,14,32,6.0,265.0,0.2943396226415094,routed_bypass,80,1,middle,routed_bypass_l06_middle,0.4600694444444444,0.0,,,16.0,humaneval,0.1788194444444444,humaneval,1.2815200228744488,0.5881976667490145,False,False,False
0.0199501246882793,1024.0,0.783203125,29.0,6,0,32,0.3503740648379052,6.207165718078613,27,32,7.0,802.0,0.1783042394014962,routed_bypass,86,0,early,routed_bypass_l07_early,0.783203125,29.0,,,16.0,humaneval,0.1533203125,humaneval,0.0259911123316084,0.020356320400341736,False,True,False
0.0519480519480519,576.0,0.1336805555555555,2.0,6,0,32,0.3295454545454545,6.7639710903167725,18,32,7.0,77.0,0.0909090909090909,routed_bypass,92,0,late,routed_bypass_l07_late,0.1336805555555555,2.0,,,16.0,humaneval,0.078125,humaneval,0.4718393542310038,0.08109738900845379,False,True,False
0.0830188679245283,576.0,0.4600694444444444,0.0,5,-1,32,0.3856132075471698,6.261745929718018,14,32,7.0,265.0,0.2641509433962264,routed_bypass,87,1,middle,routed_bypass_l07_middle,0.4600694444444444,0.0,,,16.0,humaneval,0.1753472222222222,humaneval,1.3505947562642846,0.61990189008224,False,False,False
0.0199501246882793,1024.0,0.783203125,29.0,6,0,32,0.3851309226932668,6.313000202178955,26,32,8.0,802.0,0.1882793017456359,routed_bypass,87,0,early,routed_bypass_l08_early,0.783203125,29.0,,,16.0,humaneval,0.1708984375,humaneval,0.0258037181217228,0.020209552669552426,False,True,False
0.0,576.0,0.1336805555555555,2.0,6,0,32,0.3003246753246753,7.60296106338501,23,32,8.0,77.0,0.1818181818181818,routed_bypass,105,0,late,routed_bypass_l08_late,0.1336805555555555,2.0,,,16.0,humaneval,0.0815972222222222,humaneval,0.4822645638265264,0.08288922190768422,False,True,False
0.0679245283018867,576.0,0.4600694444444444,0.0,5,-1,32,0.5273584905660378,6.099874258041382,13,32,8.0,265.0,0.320754716981132,routed_bypass,85,1,middle,routed_bypass_l08_middle,0.4600694444444444,0.0,,,16.0,humaneval,0.2100694444444444,humaneval,1.3702284201966295,0.6289134350511874,False,False,False
0.0261845386533665,1024.0,0.783203125,29.0,6,0,32,0.3604270573566084,6.064371585845947,24,32,9.0,802.0,0.1758104738154613,routed_bypass,83,0,early,routed_bypass_l09_early,0.783203125,29.0,,,16.0,humaneval,0.154296875,humaneval,0.0259810891596567,0.02034847022074675,False,True,False
0.0259740259740259,576.0,0.1336805555555555,2.0,6,0,32,0.4001623376623376,6.134774446487427,19,32,9.0,77.0,0.1428571428571428,routed_bypass,86,0,late,routed_bypass_l09_late,0.1336805555555555,2.0,,,16.0,humaneval,0.0920138888888889,humaneval,0.483883119294883,0.08316741112880802,False,True,False
0.1094339622641509,576.0,0.4600694444444444,0.0,5,-1,32,0.4165094339622641,6.171762943267822,13,32,9.0,265.0,0.3132075471698113,routed_bypass,87,1,middle,routed_bypass_l09_middle,0.4600694444444444,0.0,,,16.0,humaneval,0.1961805555555555,humaneval,1.2760991040391083,0.5857095497054501,False,False,False
0.0211970074812967,1024.0,0.783203125,29.0,6,0,32,0.3688435162094763,7.693007707595825,25,32,10.0,802.0,0.1359102244389027,routed_bypass,104,0,early,routed_bypass_l10_early,0.783203125,29.0,,,16.0,humaneval,0.1240234375,humaneval,0.0256834368113394,0.020115347971381054,False,True,False
0.0389610389610389,576.0,0.1336805555555555,2.0,7,1,32,0.2816558441558441,6.476670026779175,17,32,10.0,77.0,0.1428571428571428,routed_bypass,89,1,late,routed_bypass_l10_late,0.1336805555555555,2.0,,,16.0,humaneval,0.0815972222222222,humaneval,0.4992590201038963,0.08581014408035717,False,False,False
0.0679245283018867,576.0,0.4600694444444444,0.0,8,2,32,0.4568396226415094,6.1898276805877686,10,32,10.0,265.0,0.2981132075471698,routed_bypass,86,2,middle,routed_bypass_l10_middle,0.4600694444444444,0.0,,,16.0,humaneval,0.1875,humaneval,1.2869043361080796,0.5906689823933569,False,False,False
0.0224438902743142,1024.0,0.783203125,29.0,6,0,32,0.3086034912718204,6.748292446136475,25,32,11.0,802.0,0.1271820448877805,routed_bypass,92,0,early,routed_bypass_l11_early,0.783203125,29.0,,,16.0,humaneval,0.1103515625,humaneval,0.0266400182998836,0.020864545582526022,False,True,False
0.0389610389610389,576.0,0.1336805555555555,2.0,7,1,32,0.3465909090909091,5.805059909820557,17,32,11.0,77.0,0.2337662337662337,routed_bypass,80,1,late,routed_bypass_l11_late,0.1336805555555555,2.0,,,16.0,humaneval,0.0885416666666666,humaneval,0.4922744518436418,0.08460967141062593,False,False,False
0.0377358490566037,576.0,0.4600694444444444,0.0,7,1,32,0.4398584905660377,6.551000595092773,10,32,11.0,265.0,0.290566037735849,routed_bypass,91,3,middle,routed_bypass_l11_middle,0.4600694444444444,0.0,,,16.0,humaneval,0.1684027777777778,humaneval,1.3078506172152031,0.6002829981358843,False,False,False
0.0236907730673316,1024.0,0.783203125,29.0,6,0,32,0.3034600997506234,6.01183032989502,20,32,12.0,802.0,0.1221945137157107,routed_bypass,83,0,early,routed_bypass_l12_early,0.783203125,29.0,,,16.0,humaneval,0.1103515625,humaneval,0.0251639631099541,0.01970849454510077,False,True,False
0.0389610389610389,576.0,0.1336805555555555,2.0,7,1,32,0.3555194805194805,5.935441493988037,18,32,12.0,77.0,0.1818181818181818,routed_bypass,82,1,late,routed_bypass_l12_late,0.1336805555555555,2.0,,,16.0,humaneval,0.0833333333333333,humaneval,0.464092571037869,0.07976591064713373,False,False,False
0.030188679245283,576.0,0.4600694444444444,0.0,8,2,32,0.3365566037735849,6.464581251144409,9,32,12.0,265.0,0.2528301886792453,routed_bypass,89,2,middle,routed_bypass_l12_middle,0.4600694444444444,0.0,,,16.0,humaneval,0.1527777777777778,humaneval,1.2947971030636396,0.5942916391014752,False,False,False
0.0211970074812967,1024.0,0.783203125,29.0,6,0,32,0.3058759351620947,6.592182159423828,24,32,13.0,802.0,0.1359102244389027,routed_bypass,91,0,early,routed_bypass_l13_early,0.783203125,29.0,,,16.0,humaneval,0.123046875,humaneval,0.0256193748394782,0.020065174434825698,False,True,False
0.0389610389610389,576.0,0.1336805555555555,2.0,6,0,32,0.3790584415584415,6.226256132125855,21,32,13.0,77.0,0.1038961038961039,routed_bypass,83,0,late,routed_bypass_l13_late,0.1336805555555555,2.0,,,16.0,humaneval,0.0815972222222222,humaneval,0.4632279456732756,0.07961730316259424,False,True,False
0.0452830188679245,576.0,0.4600694444444444,0.0,5,-1,32,0.3047169811320754,8.578258514404297,12,32,13.0,265.0,0.1886792452830188,routed_bypass,108,1,middle,routed_bypass_l13_middle,0.4600694444444444,0.0,,,16.0,humaneval,0.1319444444444444,humaneval,1.2430275479852433,0.5705302222197894,False,False,False
0.0187032418952618,1024.0,0.783203125,29.0,6,0,32,0.2755610972568578,6.203482627868652,25,32,14.0,802.0,0.1446384039900249,routed_bypass,86,0,early,routed_bypass_l14_early,0.783203125,29.0,,,16.0,humaneval,0.126953125,humaneval,0.0254537714043861,0.01993547330695083,False,True,False
0.0259740259740259,576.0,0.1336805555555555,2.0,6,0,32,0.3676948051948052,6.33231782913208,16,32,14.0,77.0,0.1168831168831168,routed_bypass,87,0,late,routed_bypass_l14_late,0.1336805555555555,2.0,,,16.0,humaneval,0.0746527777777777,humaneval,0.4901621314169324,0.08424661633728525,False,True,False
0.0452830188679245,576.0,0.4600694444444444,0.0,7,1,32,0.2839622641509434,9.730424165725708,10,32,14.0,265.0,0.1698113207547169,routed_bypass,83,3,middle,routed_bypass_l14_middle,0.4600694444444444,0.0,,,16.0,humaneval,0.1128472222222222,humaneval,1.2890920443195844,0.5916731062794968,False,False,False
0.0187032418952618,1024.0,0.783203125,29.0,6,0,32,0.3439837905236907,7.621154308319092,22,32,15.0,802.0,0.1770573566084788,routed_bypass,105,0,early,routed_bypass_l15_early,0.783203125,29.0,,,16.0,humaneval,0.1513671875,humaneval,0.0286590797587246,0.022445880826657355,False,True,False
0.0129870129870129,576.0,0.1336805555555555,2.0,7,1,32,0.5657467532467533,6.244008541107178,20,32,15.0,77.0,0.3506493506493506,routed_bypass,87,1,late,routed_bypass_l15_late,0.1336805555555555,2.0,,,16.0,humaneval,0.1024305555555555,humaneval,0.4794118131536745,0.0823989053857878,False,False,False
0.0679245283018867,576.0,0.4600694444444444,0.0,7,1,32,0.4915094339622641,9.964786529541016,11,32,15.0,265.0,0.2754716981132075,routed_bypass,90,1,middle,routed_bypass_l15_middle,0.4600694444444444,0.0,,,16.0,humaneval,0.1805555555555555,humaneval,1.3628895498239983,0.6255450082199993,False,False,False
0.0174563591022443,1024.0,0.783203125,29.0,6,0,32,0.3008884039900249,6.279897928237915,25,32,16.0,802.0,0.1633416458852868,routed_bypass,86,0,early,routed_bypass_l16_early,0.783203125,29.0,,,16.0,humaneval,0.1396484375,humaneval,0.0242666518875732,0.01900571759163448,False,True,False
0.0649350649350649,576.0,0.1336805555555555,2.0,7,1,32,0.3969155844155844,7.387753248214722,20,32,16.0,77.0,0.2077922077922078,routed_bypass,102,1,late,routed_bypass_l16_late,0.1336805555555555,2.0,,,16.0,humaneval,0.0694444444444444,humaneval,0.4648656808508082,0.07989878889623266,False,False,False
0.0528301886792452,576.0,0.4600694444444444,0.0,6,0,32,0.2891509433962264,10.538615942001345,10,32,16.0,265.0,0.1735849056603773,routed_bypass,94,2,middle,routed_bypass_l16_middle,0.4600694444444444,0.0,,,16.0,humaneval,0.1111111111111111,humaneval,1.217772066279607,0.5589383507338039,False,False,False
0.0236907730673316,1024.0,0.783203125,29.0,6,0,32,0.3206047381546135,6.696744680404663,25,32,17.0,802.0,0.1334164588528678,routed_bypass,92,0,early,routed_bypass_l17_early,0.783203125,29.0,,,16.0,humaneval,0.1181640625,humaneval,0.023546273768987,0.018441515197976144,False,True,False
0.0,576.0,0.1336805555555555,2.0,7,1,32,0.3668831168831168,5.973154544830322,21,32,17.0,77.0,0.1168831168831168,routed_bypass,83,1,late,routed_bypass_l17_late,0.1336805555555555,2.0,,,16.0,humaneval,0.0642361111111111,humaneval,0.4555635307281217,0.07829998184389592,False,False,False
0.060377358490566,576.0,0.4600694444444444,0.0,7,1,32,0.4356132075471698,11.854846239089966,9,32,17.0,265.0,0.3169811320754717,routed_bypass,103,1,middle,routed_bypass_l17_middle,0.4600694444444444,0.0,,,16.0,humaneval,0.1822916666666666,humaneval,1.2497763504038086,0.5736278170798731,False,False,False
0.0236907730673316,1024.0,0.783203125,29.0,6,0,32,0.3820137157107232,6.501384973526001,22,32,18.0,802.0,0.1571072319201995,routed_bypass,90,0,early,routed_bypass_l18_early,0.783203125,29.0,,,16.0,humaneval,0.1357421875,humaneval,0.0266326099478505,0.020858743338062598,False,True,False
0.0649350649350649,576.0,0.1336805555555555,2.0,7,1,32,0.4131493506493506,5.991540431976318,14,32,18.0,77.0,0.1038961038961039,routed_bypass,83,1,late,routed_bypass_l18_late,0.1336805555555555,2.0,,,16.0,humaneval,0.0677083333333333,humaneval,0.4591349134651882,0.07891381325182922,False,False,False
0.0830188679245283,576.0,0.4600694444444444,0.0,6,0,32,0.5521226415094339,7.656247615814209,8,32,18.0,265.0,0.3547169811320754,routed_bypass,69,2,middle,routed_bypass_l18_middle,0.4600694444444444,0.0,,,16.0,humaneval,0.1927083333333333,humaneval,1.2932787775898509,0.5935947514328417,False,False,False
0.027431421446384,1024.0,0.783203125,29.0,6,0,32,0.3884039900249376,7.901334047317505,25,32,19.0,802.0,0.1571072319201995,routed_bypass,109,0,early,routed_bypass_l19_early,0.783203125,29.0,,,16.0,humaneval,0.134765625,humaneval,0.0266156135169122,0.020845431680237874,False,True,False
0.1038961038961039,576.0,0.1336805555555555,2.0,6,0,32,0.4107142857142857,5.877155303955078,17,32,19.0,77.0,0.2337662337662337,routed_bypass,81,0,late,routed_bypass_l19_late,0.1336805555555555,2.0,,,16.0,humaneval,0.0954861111111111,humaneval,0.4776433385022279,0.08209494880507041,False,True,False
0.060377358490566,576.0,0.4600694444444444,0.0,4,-2,32,0.3785377358490566,9.89596438407898,10,32,19.0,265.0,0.2113207547169811,routed_bypass,89,2,middle,routed_bypass_l19_middle,0.4600694444444444,0.0,,,16.0,humaneval,0.1336805555555555,humaneval,1.3120303774294184,0.6022014427654557,False,False,False
0.0386533665835411,1024.0,0.783203125,29.0,6,0,32,0.4177057356608479,6.137443065643311,22,32,20.0,802.0,0.1296758104738154,routed_bypass,85,0,early,routed_bypass_l20_early,0.783203125,29.0,,,16.0,humaneval,0.12109375,humaneval,0.0249508580262166,0.019541589977564174,False,True,False
0.0389610389610389,576.0,0.1336805555555555,2.0,6,0,32,0.3563311688311688,6.010075330734253,18,32,20.0,77.0,0.1818181818181818,routed_bypass,83,0,late,routed_bypass_l20_late,0.1336805555555555,2.0,,,16.0,humaneval,0.0729166666666666,humaneval,0.4711507921899824,0.08097904240765323,False,True,False
0.060377358490566,576.0,0.4600694444444444,0.0,8,2,32,0.3804245283018868,9.479737997055054,12,32,20.0,265.0,0.2,routed_bypass,85,2,middle,routed_bypass_l20_middle,0.4600694444444444,0.0,,,16.0,humaneval,0.1371527777777778,humaneval,1.2713061731707669,0.5835096693264262,False,False,False
0.0299251870324189,1024.0,0.783203125,29.0,6,0,32,0.3519326683291771,6.39145040512085,22,32,21.0,802.0,0.1334164588528678,routed_bypass,84,0,early,routed_bypass_l21_early,0.783203125,29.0,,,16.0,humaneval,0.1162109375,humaneval,0.0253138794519516,0.01982590949264178,False,True,False
0.0779220779220779,576.0,0.1336805555555555,2.0,6,0,32,0.4366883116883117,8.201981782913208,19,32,21.0,77.0,0.2467532467532467,routed_bypass,113,0,late,routed_bypass_l21_late,0.1336805555555555,2.0,,,16.0,humaneval,0.0815972222222222,humaneval,0.4749113121472783,0.08162538177531345,False,True,False
0.060377358490566,576.0,0.4600694444444444,0.0,7,1,32,0.353066037735849,10.217883825302124,10,32,21.0,265.0,0.1622641509433962,routed_bypass,93,1,middle,routed_bypass_l21_middle,0.4600694444444444,0.0,,,16.0,humaneval,0.109375,humaneval,1.2521205170804868,0.574703752956864,False,False,False
0.027431421446384,1024.0,0.783203125,29.0,6,0,32,0.343360349127182,6.006107807159424,24,32,22.0,802.0,0.1396508728179551,routed_bypass,83,0,early,routed_bypass_l22_early,0.783203125,29.0,,,16.0,humaneval,0.119140625,humaneval,0.0277569743954236,0.02173934908704075,False,True,False
0.0519480519480519,576.0,0.1336805555555555,2.0,6,0,32,0.4448051948051948,6.845249176025391,20,32,22.0,77.0,0.1948051948051948,routed_bypass,95,0,late,routed_bypass_l22_late,0.1336805555555555,2.0,,,16.0,humaneval,0.0694444444444444,humaneval,0.5122179662541508,0.08803746294993217,False,True,False
0.0452830188679245,576.0,0.4600694444444444,0.0,6,0,32,0.4007075471698113,9.544978857040403,10,32,22.0,265.0,0.2528301886792453,routed_bypass,82,0,middle,routed_bypass_l22_middle,0.4600694444444444,0.0,,,16.0,humaneval,0.140625,humaneval,1.3658664973402503,0.626911380615154,False,True,False
0.0399002493765586,1024.0,0.783203125,29.0,6,0,32,0.3697007481296758,7.655401945114136,25,32,23.0,802.0,0.1072319201995012,routed_bypass,106,0,early,routed_bypass_l23_early,0.783203125,29.0,,,16.0,humaneval,0.091796875,humaneval,0.0276828878310644,0.02168132425831411,False,True,False
0.0389610389610389,576.0,0.1336805555555555,2.0,7,1,32,0.3417207792207792,7.1322455406188965,18,32,23.0,77.0,0.0909090909090909,routed_bypass,98,1,late,routed_bypass_l23_late,0.1336805555555555,2.0,,,16.0,humaneval,0.0677083333333333,humaneval,0.4805693012917068,0.0825978486595121,False,False,False
0.0452830188679245,576.0,0.4600694444444444,0.0,7,1,32,0.2502358490566038,9.336100816726685,13,32,23.0,265.0,0.1396226415094339,routed_bypass,84,1,middle,routed_bypass_l23_middle,0.4600694444444444,0.0,,,16.0,humaneval,0.0850694444444444,humaneval,1.2720283006921551,0.5838411145755009,False,False,False
0.0399002493765586,1024.0,0.783203125,29.0,6,0,32,0.376324812967581,6.620713233947754,23,32,24.0,802.0,0.1147132169576059,routed_bypass,92,0,early,routed_bypass_l24_early,0.783203125,29.0,,,16.0,humaneval,0.1025390625,humaneval,0.0240369842483329,0.018825841178870102,False,True,False
0.0389610389610389,576.0,0.1336805555555555,2.0,6,0,32,0.4155844155844156,5.9492506980896,20,32,24.0,77.0,0.0909090909090909,routed_bypass,82,0,late,routed_bypass_l24_late,0.1336805555555555,2.0,,,16.0,humaneval,0.0659722222222222,humaneval,0.4747134556136906,0.08159137518360307,False,True,False
0.0377358490566037,576.0,0.4600694444444444,0.0,7,1,32,0.3106132075471698,11.720941066741943,11,32,24.0,265.0,0.1698113207547169,routed_bypass,105,1,middle,routed_bypass_l24_middle,0.4600694444444444,0.0,,,16.0,humaneval,0.1076388888888889,humaneval,1.2358773802978666,0.5672484069726537,False,False,False
0.0324189526184538,1024.0,0.783203125,29.0,6,0,32,0.3130455112219451,7.173717260360718,21,32,25.0,802.0,0.0997506234413965,routed_bypass,90,0,early,routed_bypass_l25_early,0.783203125,29.0,,,16.0,humaneval,0.08984375,humaneval,0.0279203987124492,0.02186734352283619,False,True,False
0.0779220779220779,576.0,0.1336805555555555,2.0,6,0,32,0.2873376623376623,6.389588832855225,20,32,25.0,77.0,0.0779220779220779,routed_bypass,87,0,late,routed_bypass_l25_late,0.1336805555555555,2.0,,,16.0,humaneval,0.0590277777777777,humaneval,0.5319762688198036,0.09143342120340375,False,True,False
0.0452830188679245,576.0,0.4600694444444444,0.0,7,1,32,0.2577830188679245,9.776046752929688,11,32,25.0,265.0,0.1245283018867924,routed_bypass,85,3,middle,routed_bypass_l25_middle,0.4600694444444444,0.0,,,16.0,humaneval,0.0850694444444444,humaneval,1.3753211784219177,0.6312509315022474,False,False,False
0.0324189526184538,1024.0,0.783203125,29.0,6,0,32,0.3325280548628428,6.956546545028687,24,32,26.0,802.0,0.0947630922693266,routed_bypass,92,0,early,routed_bypass_l26_early,0.783203125,29.0,,,16.0,humaneval,0.08984375,humaneval,0.0251321507866904,0.01968357903410713,False,True,False
0.0389610389610389,576.0,0.1336805555555555,2.0,6,0,32,0.3474025974025974,6.006603717803955,22,32,26.0,77.0,0.1298701298701298,routed_bypass,83,0,late,routed_bypass_l26_late,0.1336805555555555,2.0,,,16.0,humaneval,0.0711805555555555,humaneval,0.4611382863089206,0.07925814295934573,False,True,False
0.0452830188679245,576.0,0.4600694444444444,0.0,8,2,32,0.2726415094339622,8.46596360206604,10,32,26.0,265.0,0.1283018867924528,routed_bypass,76,2,middle,routed_bypass_l26_middle,0.4600694444444444,0.0,,,16.0,humaneval,0.0972222222222222,humaneval,1.253235290100724,0.5752154163548245,False,False,False
0.0324189526184538,1024.0,0.783203125,29.0,6,0,32,0.3609725685785536,7.463325977325439,23,32,27.0,802.0,0.112219451371571,routed_bypass,103,0,early,routed_bypass_l27_early,0.783203125,29.0,,,16.0,humaneval,0.0986328125,humaneval,0.0272902321854561,0.021373795129624798,False,True,False
0.0779220779220779,576.0,0.1336805555555555,2.0,6,0,32,0.3425324675324675,7.938827991485596,19,32,27.0,77.0,0.0909090909090909,routed_bypass,109,0,late,routed_bypass_l27_late,0.1336805555555555,2.0,,,16.0,humaneval,0.0677083333333333,humaneval,0.4528663661020631,0.0778364066737921,False,True,False
0.0679245283018867,576.0,0.4600694444444444,0.0,7,1,32,0.2846698113207547,8.765790939331055,11,32,27.0,265.0,0.1584905660377358,routed_bypass,79,1,middle,routed_bypass_l27_middle,0.4600694444444444,0.0,,,16.0,humaneval,0.1145833333333333,humaneval,1.2620567575835258,0.5792643320940011,False,False,False
0.0511221945137157,1024.0,0.783203125,29.0,6,0,32,0.4299407730673317,6.050383567810059,21,32,28.0,802.0,0.0922693266832917,routed_bypass,84,0,early,routed_bypass_l28_early,0.783203125,29.0,,,16.0,humaneval,0.0830078125,humaneval,0.0289240457419164,0.022653403012711865,False,True,False
0.0519480519480519,576.0,0.1336805555555555,2.0,6,0,32,0.3863636363636363,6.276057243347168,22,32,28.0,77.0,0.1428571428571428,routed_bypass,86,0,late,routed_bypass_l28_late,0.1336805555555555,2.0,,,16.0,humaneval,0.078125,humaneval,0.5023126671780093,0.08633498967122034,False,True,False
0.0754716981132075,576.0,0.4600694444444444,0.0,5,-1,32,0.3007075471698113,8.911259889602661,12,32,28.0,265.0,0.1547169811320754,routed_bypass,80,1,middle,routed_bypass_l28_middle,0.4600694444444444,0.0,,,16.0,humaneval,0.1024305555555555,humaneval,1.363193299461556,0.6256844245575501,False,False,False
0.0498753117206982,1024.0,0.783203125,29.0,6,0,32,0.461892144638404,5.974648475646973,22,32,29.0,802.0,0.1234413965087281,routed_bypass,82,0,early,routed_bypass_l29_early,0.783203125,29.0,,,16.0,humaneval,0.1162109375,humaneval,0.0276741709529284,0.02167449717211775,False,True,False
0.0259740259740259,576.0,0.1336805555555555,2.0,7,1,32,0.3295454545454545,6.768885374069214,16,32,29.0,77.0,0.1298701298701298,routed_bypass,94,1,late,routed_bypass_l29_late,0.1336805555555555,2.0,,,16.0,humaneval,0.0920138888888889,humaneval,0.4500297439063433,0.07734886223390276,False,False,False
0.0528301886792452,576.0,0.4600694444444444,0.0,7,1,32,0.3285377358490566,8.513697385787964,13,32,29.0,265.0,0.1811320754716981,routed_bypass,78,1,middle,routed_bypass_l29_middle,0.4600694444444444,0.0,,,16.0,humaneval,0.1302083333333333,humaneval,1.256377848053332,0.5766578013526036,False,False,False
0.0760598503740648,1024.0,0.783203125,29.0,6,0,32,0.561175187032419,6.767283201217651,24,32,30.0,802.0,0.098503740648379,routed_bypass,93,0,early,routed_bypass_l30_early,0.783203125,29.0,,,16.0,humaneval,0.1005859375,humaneval,0.0272026358196519,0.021305189382188304,False,True,False
0.0389610389610389,576.0,0.1336805555555555,2.0,6,0,32,0.2743506493506493,6.476746082305908,21,32,30.0,77.0,0.0909090909090909,routed_bypass,89,0,late,routed_bypass_l30_late,0.1336805555555555,2.0,,,16.0,humaneval,0.1302083333333333,humaneval,0.4866378163516084,0.0836408746854327,False,True,False
0.0754716981132075,576.0,0.4600694444444444,0.0,7,1,32,0.4207547169811321,9.718428611755373,12,32,30.0,265.0,0.1433962264150943,routed_bypass,83,1,middle,routed_bypass_l30_middle,0.4600694444444444,0.0,,,16.0,humaneval,0.1111111111111111,humaneval,1.2598930103357326,0.5782712059158148,False,False,False
0.0486284289276807,1024.0,0.783203125,29.0,6,0,32,0.5495635910224439,6.034779787063599,23,32,31.0,802.0,0.1596009975062344,routed_bypass,83,0,early,routed_bypass_l31_early,0.783203125,29.0,,,16.0,humaneval,0.1650390625,humaneval,0.0236656832697956,0.01853503709216413,False,True,False
0.0779220779220779,576.0,0.1336805555555555,2.0,6,0,32,0.515422077922078,5.963444948196411,19,32,31.0,77.0,0.1428571428571428,routed_bypass,83,0,late,routed_bypass_l31_late,0.1336805555555555,2.0,,,16.0,humaneval,0.2274305555555555,humaneval,0.4912442210146045,0.08443260048688515,False,True,False
0.1018867924528302,576.0,0.4600694444444444,0.0,7,1,32,0.5058962264150944,9.729941606521606,8,32,31.0,265.0,0.2264150943396226,routed_bypass,87,1,middle,routed_bypass_l31_middle,0.4600694444444444,0.0,,,16.0,humaneval,0.2048611111111111,humaneval,1.23904434054749,0.5687019922434768,False,False,False
0.0,1024.0,1.0,36.0,5,0,32,0.0,14.995240688323976,32,32,0.0,1024.0,0.0,stale_routed,66,0,early,stale_routed_l00_early,1.0,36.0,,,16.0,gsm8k,0.0,gsm8k,0.0,0.0,True,True,True
0.0,960.0,0.328125,8.0,5,0,32,0.0,14.517007827758787,32,32,0.0,315.0,0.0,stale_routed,66,0,late,stale_routed_l00_late,0.328125,8.0,,,16.0,gsm8k,0.0,gsm8k,0.0,0.0,True,True,True
0.0,992.0,0.4969758064516129,0.0,5,0,32,0.0,9.700401782989502,32,32,0.0,493.0,0.0,stale_routed,66,0,middle,stale_routed_l00_middle,0.4969758064516129,0.0,,,16.0,gsm8k,0.0,gsm8k,0.0,0.0,True,True,True
0.0,1024.0,1.0,36.0,5,0,32,0.0,13.486634969711304,31,32,1.0,1024.0,0.0,stale_routed,64,0,early,stale_routed_l01_early,1.0,36.0,,,16.0,gsm8k,0.0,gsm8k,0.0549988904988277,0.049708469879555704,True,True,False
0.0349206349206349,960.0,0.328125,8.0,5,0,32,0.2015873015873016,14.150657176971436,23,32,1.0,315.0,0.1555555555555555,stale_routed,65,0,late,stale_routed_l01_late,0.328125,8.0,,,16.0,gsm8k,0.059375,gsm8k,1.2965932002668454,0.2344691593576955,False,True,False
0.0,992.0,0.4969758064516129,0.0,5,0,32,0.0,8.818787574768066,11,32,1.0,493.0,0.0,stale_routed,58,0,middle,stale_routed_l01_middle,0.4969758064516129,0.0,,,16.0,gsm8k,0.0,gsm8k,0.9720365302672273,0.4321251107337169,True,True,False
0.0,1024.0,1.0,36.0,5,0,32,0.0,13.69420051574707,28,32,2.0,1024.0,0.0,stale_routed,66,0,early,stale_routed_l02_early,1.0,36.0,,,16.0,gsm8k,0.0,gsm8k,0.0685681997262236,0.06197252817052729,True,True,False
0.0063492063492063,960.0,0.328125,8.0,5,0,32,0.2007936507936508,12.90930962562561,22,32,2.0,315.0,0.1333333333333333,stale_routed,63,0,late,stale_routed_l02_late,0.328125,8.0,,,16.0,gsm8k,0.05,gsm8k,0.9112406637997946,0.16478401426886582,False,True,False
0.0,992.0,0.4969758064516129,0.0,5,0,32,0.0,9.025669574737549,18,32,2.0,493.0,0.0,stale_routed,61,0,middle,stale_routed_l02_middle,0.4969758064516129,0.0,,,16.0,gsm8k,0.0,gsm8k,0.8861943318481507,0.39396340760588144,True,True,False
0.0,1024.0,1.0,36.0,5,0,32,0.0,13.8944091796875,28,32,3.0,1024.0,0.0,stale_routed,66,0,early,stale_routed_l03_early,1.0,36.0,,,16.0,gsm8k,0.0,gsm8k,0.0704134344481236,0.0636402671696664,True,True,False
0.0031746031746031,960.0,0.328125,8.0,5,0,32,0.1625,11.40701389312744,23,32,3.0,315.0,0.146031746031746,stale_routed,63,0,late,stale_routed_l03_late,0.328125,8.0,,,16.0,gsm8k,0.0572916666666666,gsm8k,0.8551782357142698,0.1546459768473685,False,True,False
0.0,992.0,0.4969758064516129,0.0,5,0,32,0.0,8.877968072891235,14,32,3.0,493.0,0.0,stale_routed,59,0,middle,stale_routed_l03_middle,0.4969758064516129,0.0,,,16.0,gsm8k,0.0,gsm8k,0.8010137327408694,0.3560958227204873,True,True,False
0.0,1024.0,1.0,36.0,5,0,32,0.0,13.839767694473268,30,32,4.0,1024.0,0.0,stale_routed,66,0,early,stale_routed_l04_early,1.0,36.0,,,16.0,gsm8k,0.0,gsm8k,0.0619521075106243,0.05599284716902616,True,True,False
0.0158730158730158,960.0,0.328125,8.0,5,0,32,0.2158730158730158,10.595924139022827,21,32,4.0,315.0,0.1555555555555555,stale_routed,67,0,late,stale_routed_l04_late,0.328125,8.0,,,16.0,gsm8k,0.0583333333333333,gsm8k,0.8418712564147084,0.1522396120374063,False,True,False
0.0,992.0,0.4969758064516129,0.0,5,0,32,0.0,9.002569198608398,18,32,4.0,493.0,0.0,stale_routed,58,0,middle,stale_routed_l04_middle,0.4969758064516129,0.0,,,16.0,gsm8k,0.0,gsm8k,0.8134842259261107,0.36163966092078104,True,True,False
0.0,1024.0,1.0,36.0,5,0,32,0.0,13.638075828552246,30,32,5.0,1024.0,0.0,stale_routed,66,0,early,stale_routed_l05_early,1.0,36.0,,,16.0,gsm8k,0.0,gsm8k,0.058005630949023,0.05242598773761796,True,True,False
0.019047619047619,960.0,0.328125,8.0,5,0,32,0.1886904761904762,12.84109115600586,23,32,5.0,315.0,0.1206349206349206,stale_routed,63,0,late,stale_routed_l05_late,0.328125,8.0,,,16.0,gsm8k,0.0541666666666666,gsm8k,0.8532402983943944,0.15429553035868912,False,True,False
0.0,992.0,0.4969758064516129,0.0,4,-1,32,0.0,8.44323205947876,14,32,5.0,493.0,0.0,stale_routed,58,1,middle,stale_routed_l05_middle,0.4969758064516129,0.0,,,16.0,gsm8k,0.0,gsm8k,0.837046679043603,0.3721145014699888,True,False,False
0.0,1024.0,1.0,36.0,5,0,32,0.0,14.001424551010132,32,32,6.0,1024.0,0.0,stale_routed,66,0,early,stale_routed_l06_early,1.0,36.0,,,16.0,gsm8k,0.0,gsm8k,0.0599377828918922,0.0541722832680139,True,True,True
0.0095238095238095,960.0,0.328125,8.0,5,0,32,0.1970238095238095,9.34628963470459,25,32,6.0,315.0,0.1333333333333333,stale_routed,60,0,late,stale_routed_l06_late,0.328125,8.0,,,16.0,gsm8k,0.053125,gsm8k,0.8855174432903417,0.16013236108451873,False,True,False
0.0,992.0,0.4969758064516129,0.0,5,0,32,0.0,9.53594422340393,19,32,6.0,493.0,0.0,stale_routed,58,0,middle,stale_routed_l06_middle,0.4969758064516129,0.0,,,16.0,gsm8k,0.0,gsm8k,0.826657939679871,0.3674961203617168,True,True,False
0.0,1024.0,1.0,36.0,5,0,32,0.0,9.415262699127195,30,32,7.0,1024.0,0.0,stale_routed,66,0,early,stale_routed_l07_early,1.0,36.0,,,16.0,gsm8k,0.0,gsm8k,0.0758048114772264,0.06851304006071585,True,True,False
0.0126984126984126,960.0,0.328125,8.0,4,-1,32,0.1706349206349206,9.226603269577026,18,32,7.0,315.0,0.1015873015873015,stale_routed,61,1,late,stale_routed_l07_late,0.328125,8.0,,,16.0,gsm8k,0.0427083333333333,gsm8k,0.9399089780515,0.1699682428622413,False,False,False
0.0,992.0,0.4969758064516129,0.0,5,0,32,0.0,8.437745571136475,15,32,7.0,493.0,0.0,stale_routed,58,0,middle,stale_routed_l07_middle,0.4969758064516129,0.0,,,16.0,gsm8k,0.0,gsm8k,0.8902198259048626,0.3957529669597222,True,True,False
0.0,1024.0,1.0,36.0,5,0,32,0.0,9.69139289855957,31,32,8.0,1024.0,0.0,stale_routed,64,0,early,stale_routed_l08_early,1.0,36.0,,,16.0,gsm8k,0.0,gsm8k,0.0607832313948878,0.0549364068905944,True,True,False
0.0222222222222222,960.0,0.328125,8.0,4,-1,32,0.2267857142857142,9.96013355255127,19,32,8.0,315.0,0.1269841269841269,stale_routed,66,1,late,stale_routed_l08_late,0.328125,8.0,,,16.0,gsm8k,0.0541666666666666,gsm8k,0.87282361307742,0.15783687496100635,False,False,False
0.0,992.0,0.4969758064516129,0.0,5,0,32,0.0,9.161509037017822,14,32,8.0,493.0,0.0,stale_routed,59,0,middle,stale_routed_l08_middle,0.4969758064516129,0.0,,,16.0,gsm8k,0.0,gsm8k,0.7987644756886786,0.35509590098660004,True,True,False
0.0,1024.0,1.0,36.0,5,0,32,0.0,9.442108154296877,32,32,9.0,1024.0,0.0,stale_routed,66,0,early,stale_routed_l09_early,1.0,36.0,,,16.0,gsm8k,0.0,gsm8k,0.0592461481627943,0.05354717785611926,True,True,True
0.0126984126984126,960.0,0.328125,8.0,5,0,32,0.190079365079365,9.60319185256958,20,32,9.0,315.0,0.1238095238095238,stale_routed,66,0,late,stale_routed_l09_late,0.328125,8.0,,,16.0,gsm8k,0.05625,gsm8k,0.8636616919043189,0.15618008086774995,False,True,False
0.0,992.0,0.4969758064516129,0.0,5,0,32,0.0,9.06981611251831,12,32,9.0,493.0,0.0,stale_routed,64,0,middle,stale_routed_l09_middle,0.4969758064516129,0.0,,,16.0,gsm8k,0.0,gsm8k,0.8033846790044741,0.35714984217840023,True,True,False
0.0,1024.0,1.0,36.0,5,0,32,0.0,9.544161796569824,31,32,10.0,1024.0,0.0,stale_routed,66,0,early,stale_routed_l10_early,1.0,36.0,,,16.0,gsm8k,0.0,gsm8k,0.0606252022916556,0.05479357882903053,True,True,False
0.0063492063492063,960.0,0.328125,8.0,6,1,32,0.1982142857142857,9.64999294281006,18,32,10.0,315.0,0.1111111111111111,stale_routed,65,1,late,stale_routed_l10_late,0.328125,8.0,,,16.0,gsm8k,0.05,gsm8k,0.8900528353327968,0.16095251775303526,False,False,False
0.0,992.0,0.4969758064516129,0.0,5,0,32,0.0,9.268684148788452,12,32,10.0,493.0,0.0,stale_routed,58,0,middle,stale_routed_l10_middle,0.4969758064516129,0.0,,,16.0,gsm8k,0.0,gsm8k,0.7842591192842882,0.3486474512140837,True,True,False
0.0,1024.0,1.0,36.0,5,0,32,0.0,10.090394496917725,32,32,11.0,1024.0,0.0,stale_routed,66,0,early,stale_routed_l11_early,1.0,36.0,,,16.0,gsm8k,0.0,gsm8k,0.0631599675120631,0.05708452141837343,True,True,True
0.0063492063492063,960.0,0.328125,8.0,5,0,32,0.15,9.584939002990724,20,32,11.0,315.0,0.1047619047619047,stale_routed,61,0,late,stale_routed_l11_late,0.328125,8.0,,,16.0,gsm8k,0.04375,gsm8k,0.8981807246914717,0.16242232292005962,False,True,False
0.0,992.0,0.4969758064516129,0.0,5,0,32,0.0,8.74213194847107,14,32,11.0,493.0,0.0,stale_routed,57,0,middle,stale_routed_l11_middle,0.4969758064516129,0.0,,,16.0,gsm8k,0.0,gsm8k,0.852444365109638,0.3789596421505547,True,True,False
0.0,1024.0,1.0,36.0,5,0,32,0.0,9.197839975357056,30,32,12.0,1024.0,0.0,stale_routed,66,0,early,stale_routed_l12_early,1.0,36.0,,,16.0,gsm8k,0.0,gsm8k,0.0614506339286243,0.055539611036075964,True,True,False
0.0063492063492063,960.0,0.328125,8.0,5,0,32,0.1517857142857142,9.25511121749878,21,32,12.0,315.0,0.1142857142857142,stale_routed,62,0,late,stale_routed_l12_late,0.328125,8.0,,,16.0,gsm8k,0.0458333333333333,gsm8k,0.8975654724167295,0.16231106390403052,False,True,False
0.0,992.0,0.4969758064516129,0.0,5,0,32,0.0,9.363054990768433,14,32,12.0,493.0,0.0,stale_routed,60,0,middle,stale_routed_l12_middle,0.4969758064516129,0.0,,,16.0,gsm8k,0.0,gsm8k,0.8008794138533172,0.3560361103924525,True,True,False
0.0,1024.0,1.0,36.0,5,0,32,0.0,9.78783130645752,28,32,13.0,1024.0,0.0,stale_routed,66,0,early,stale_routed_l13_early,1.0,36.0,,,16.0,gsm8k,0.0,gsm8k,0.0604366233954668,0.0546231396020552,True,True,False
0.0063492063492063,960.0,0.328125,8.0,6,1,32,0.1704365079365079,9.65328574180603,22,32,13.0,315.0,0.1238095238095238,stale_routed,61,1,late,stale_routed_l13_late,0.328125,8.0,,,16.0,gsm8k,0.0572916666666666,gsm8k,0.8615957418271227,0.1558064852189563,False,False,False
0.0,992.0,0.4969758064516129,0.0,5,0,32,0.0,8.868916988372803,13,32,13.0,493.0,0.0,stale_routed,58,0,middle,stale_routed_l13_middle,0.4969758064516129,0.0,,,16.0,gsm8k,0.0,gsm8k,0.8188202916284781,0.3640118433549988,True,True,False
0.0,1024.0,1.0,36.0,5,0,32,0.0,9.108851909637451,32,32,14.0,1024.0,0.0,stale_routed,66,0,early,stale_routed_l14_early,1.0,36.0,,,16.0,gsm8k,0.0,gsm8k,0.0606299437706218,0.05479786421846726,True,True,True
0.0063492063492063,960.0,0.328125,8.0,4,-1,32,0.2093253968253968,8.846402645111084,19,32,14.0,315.0,0.1301587301587301,stale_routed,61,1,late,stale_routed_l14_late,0.328125,8.0,,,16.0,gsm8k,0.05625,gsm8k,0.8665372691382968,0.15670008527358842,False,False,False
0.0,992.0,0.4969758064516129,0.0,4,-1,32,0.0,8.650399446487427,14,32,14.0,493.0,0.0,stale_routed,61,1,middle,stale_routed_l14_middle,0.4969758064516129,0.0,,,16.0,gsm8k,0.0,gsm8k,0.8119529410101343,0.3609589183321262,True,False,False
0.0,1024.0,1.0,36.0,5,0,32,0.0,10.087237358093262,31,32,15.0,1024.0,0.0,stale_routed,64,0,early,stale_routed_l15_early,1.0,36.0,,,16.0,gsm8k,0.0,gsm8k,0.0684354564667179,0.06185255367182366,True,True,False
0.0063492063492063,960.0,0.328125,8.0,5,0,32,0.2031746031746031,9.65725803375244,25,32,15.0,315.0,0.1174603174603174,stale_routed,61,0,late,stale_routed_l15_late,0.328125,8.0,,,16.0,gsm8k,0.0552083333333333,gsm8k,0.9087148512177374,0.16432725948048027,False,True,False
0.0,992.0,0.4969758064516129,0.0,4,-1,32,0.0,9.699433088302612,16,32,15.0,493.0,0.0,stale_routed,59,1,middle,stale_routed_l15_middle,0.4969758064516129,0.0,,,16.0,gsm8k,0.0,gsm8k,0.925004870011557,0.41121688273699253,True,False,False
0.0,1024.0,1.0,36.0,5,0,32,0.0,9.204185485839844,32,32,16.0,1024.0,0.0,stale_routed,66,0,early,stale_routed_l16_early,1.0,36.0,,,16.0,gsm8k,0.0,gsm8k,0.0621833535852292,0.05620184935852503,True,True,True
0.0222222222222222,960.0,0.328125,8.0,5,0,32,0.2011904761904762,8.88887882232666,21,32,16.0,315.0,0.1174603174603174,stale_routed,62,0,late,stale_routed_l16_late,0.328125,8.0,,,16.0,gsm8k,0.0520833333333333,gsm8k,0.8122126317885862,0.14687630087523057,False,True,False
0.0,992.0,0.4969758064516129,0.0,5,0,32,0.0,8.814561367034912,12,32,16.0,493.0,0.0,stale_routed,66,0,middle,stale_routed_l16_middle,0.4969758064516129,0.0,,,16.0,gsm8k,0.0,gsm8k,0.787659349015199,0.35015904527792613,True,True,False
0.0,1024.0,1.0,36.0,5,0,32,0.0,9.73003888130188,31,32,17.0,1024.0,0.0,stale_routed,64,0,early,stale_routed_l17_early,1.0,36.0,,,16.0,gsm8k,0.0,gsm8k,0.0578428617159261,0.05227887550594688,True,True,False
0.0253968253968253,960.0,0.328125,8.0,5,0,32,0.2083333333333333,10.264217138290403,19,32,17.0,315.0,0.1301587301587301,stale_routed,65,0,late,stale_routed_l17_late,0.328125,8.0,,,16.0,gsm8k,0.05625,gsm8k,0.8594270799830643,0.15541431570935002,False,True,False
0.0,992.0,0.4969758064516129,0.0,5,0,32,0.0,10.044746160507202,15,32,17.0,493.0,0.0,stale_routed,63,0,middle,stale_routed_l17_middle,0.4969758064516129,0.0,,,16.0,gsm8k,0.0,gsm8k,0.8260279312995461,0.3672160460716732,True,True,False
0.0,1024.0,1.0,36.0,5,0,32,0.0,9.149078607559204,32,32,18.0,1024.0,0.0,stale_routed,66,0,early,stale_routed_l18_early,1.0,36.0,,,16.0,gsm8k,0.0,gsm8k,0.0577749101655307,0.05221746031074088,True,True,True
0.0063492063492063,960.0,0.328125,8.0,4,-1,32,0.1875,8.78486943244934,22,32,18.0,315.0,0.1238095238095238,stale_routed,61,1,late,stale_routed_l18_late,0.328125,8.0,,,16.0,gsm8k,0.0541666666666666,gsm8k,0.8051530054290008,0.14559967482353545,False,False,False
0.0,992.0,0.4969758064516129,0.0,5,0,32,0.0,8.403399229049683,12,32,18.0,493.0,0.0,stale_routed,58,0,middle,stale_routed_l18_middle,0.4969758064516129,0.0,,,16.0,gsm8k,0.0,gsm8k,0.7804448571343574,0.3469517963671891,True,True,False
0.0,1024.0,1.0,36.0,5,0,32,0.0,12.85789155960083,31,32,19.0,1024.0,0.0,stale_routed,66,0,early,stale_routed_l19_early,1.0,36.0,,,16.0,gsm8k,0.0,gsm8k,0.0598782577075696,0.054118483894878576,True,True,False
0.0031746031746031,960.0,0.328125,8.0,5,0,32,0.2039682539682539,9.502606630325316,20,32,19.0,315.0,0.1333333333333333,stale_routed,60,0,late,stale_routed_l19_late,0.328125,8.0,,,16.0,gsm8k,0.0645833333333333,gsm8k,0.8378700001950555,0.15151604570834976,False,True,False
0.0,992.0,0.4969758064516129,0.0,4,-1,32,0.0,9.424442291259766,12,32,19.0,493.0,0.0,stale_routed,61,1,middle,stale_routed_l19_middle,0.4969758064516129,0.0,,,16.0,gsm8k,0.0,gsm8k,0.8220340498825761,0.36544054032078227,True,False,False
0.0,1024.0,1.0,36.0,5,0,32,0.0,13.967557430267334,32,32,20.0,1024.0,0.0,stale_routed,66,0,early,stale_routed_l20_early,1.0,36.0,,,16.0,gsm8k,0.0,gsm8k,0.0658785684326547,0.05954161629338079,True,True,True
0.0126984126984126,960.0,0.328125,8.0,5,0,32,0.1753968253968253,9.3683340549469,18,32,20.0,315.0,0.0825396825396825,stale_routed,63,0,late,stale_routed_l20_late,0.328125,8.0,,,16.0,gsm8k,0.0447916666666666,gsm8k,0.8383425045179697,0.15160149092845715,False,True,False
0.0,992.0,0.4969758064516129,0.0,5,0,32,0.0,9.482176303863524,17,32,20.0,493.0,0.0,stale_routed,66,0,middle,stale_routed_l20_middle,0.4969758064516129,0.0,,,16.0,gsm8k,0.0,gsm8k,0.807070408808992,0.3587883571419006,True,True,False
0.0,1024.0,1.0,36.0,5,0,32,0.0,13.059571504592896,31,32,21.0,1024.0,0.0,stale_routed,64,0,early,stale_routed_l21_early,1.0,36.0,,,16.0,gsm8k,0.0,gsm8k,0.0591623932360224,0.05347147943353391,True,True,False
0.0126984126984126,960.0,0.328125,8.0,5,0,32,0.1896825396825396,8.78920841217041,23,32,21.0,315.0,0.1206349206349206,stale_routed,61,0,late,stale_routed_l21_late,0.328125,8.0,,,16.0,gsm8k,0.0552083333333333,gsm8k,0.7667148873810196,0.1386487258102696,False,True,False
0.0,992.0,0.4969758064516129,0.0,5,0,32,0.0,9.552738189697266,12,32,21.0,493.0,0.0,stale_routed,65,0,middle,stale_routed_l21_middle,0.4969758064516129,0.0,,,16.0,gsm8k,0.0,gsm8k,0.7499370916367513,0.33338937239093475,True,True,False
0.0,1024.0,1.0,36.0,5,0,32,0.0,9.855802059173584,32,32,22.0,1024.0,0.0,stale_routed,66,0,early,stale_routed_l22_early,1.0,36.0,,,16.0,gsm8k,0.0,gsm8k,0.0599520047532333,0.0541851371085131,True,True,True
0.0158730158730158,960.0,0.328125,8.0,5,0,32,0.2273809523809523,9.39106512069702,21,32,22.0,315.0,0.1047619047619047,stale_routed,65,0,late,stale_routed_l22_late,0.328125,8.0,,,16.0,gsm8k,0.046875,gsm8k,0.8264108838513183,0.14944383880834045,False,True,False
0.0,992.0,0.4969758064516129,0.0,4,-1,32,0.0,8.978516578674316,13,32,22.0,493.0,0.0,stale_routed,60,1,middle,stale_routed_l22_middle,0.4969758064516129,0.0,,,16.0,gsm8k,0.0,gsm8k,0.795179881900331,0.35350234669157854,True,False,False
0.0,1024.0,1.0,36.0,5,0,32,0.0,9.76996397972107,32,32,23.0,1024.0,0.0,stale_routed,66,0,early,stale_routed_l23_early,1.0,36.0,,,16.0,gsm8k,0.0,gsm8k,0.0556389030808928,0.050286918751334266,True,True,True
0.0126984126984126,960.0,0.328125,8.0,5,0,32,0.1932539682539682,9.130805492401125,23,32,23.0,315.0,0.092063492063492,stale_routed,64,0,late,stale_routed_l23_late,0.328125,8.0,,,16.0,gsm8k,0.0427083333333333,gsm8k,0.8541205103026427,0.15445470329445735,False,True,False
0.0,992.0,0.4969758064516129,0.0,5,0,32,0.0,9.25287628173828,11,32,23.0,493.0,0.0,stale_routed,59,0,middle,stale_routed_l23_middle,0.4969758064516129,0.0,,,16.0,gsm8k,0.0,gsm8k,0.80970314726079,0.3599587580060568,True,True,False
0.0,1024.0,1.0,36.0,5,0,32,0.0,9.11611294746399,29,32,24.0,1024.0,0.0,stale_routed,66,0,early,stale_routed_l24_early,1.0,36.0,,,16.0,gsm8k,0.0,gsm8k,0.0591734546428503,0.05348147682808394,True,True,False
0.019047619047619,960.0,0.328125,8.0,5,0,32,0.2238095238095238,9.67145013809204,20,32,24.0,315.0,0.1047619047619047,stale_routed,63,0,late,stale_routed_l24_late,0.328125,8.0,,,16.0,gsm8k,0.046875,gsm8k,0.8089957149196589,0.14629457038811577,False,True,False
0.0,992.0,0.4969758064516129,0.0,5,0,32,0.0,9.028636455535889,13,32,24.0,493.0,0.0,stale_routed,60,0,middle,stale_routed_l24_middle,0.4969758064516129,0.0,,,16.0,gsm8k,0.0,gsm8k,0.7678848213763945,0.3413681514384979,True,True,False
0.0,1024.0,1.0,36.0,5,0,32,0.0,9.586779356002808,29,32,25.0,1024.0,0.0,stale_routed,64,0,early,stale_routed_l25_early,1.0,36.0,,,16.0,gsm8k,0.0,gsm8k,0.076858858440641,0.06946569676446605,True,True,False
0.0095238095238095,960.0,0.328125,8.0,5,0,32,0.179563492063492,9.701311111450195,19,32,25.0,315.0,0.0761904761904762,stale_routed,64,0,late,stale_routed_l25_late,0.328125,8.0,,,16.0,gsm8k,0.0375,gsm8k,0.7824138795339185,0.14148764976274422,False,True,False
0.0,992.0,0.4969758064516129,0.0,5,0,32,0.0,9.242485284805298,15,32,25.0,493.0,0.0,stale_routed,61,0,middle,stale_routed_l25_middle,0.4969758064516129,0.0,,,16.0,gsm8k,0.0,gsm8k,0.7921973759757635,0.35217645444083834,True,True,False
0.0,1024.0,1.0,36.0,5,0,32,0.0,8.81056261062622,29,32,26.0,1024.0,0.0,stale_routed,64,0,early,stale_routed_l26_early,1.0,36.0,,,16.0,gsm8k,0.0,gsm8k,0.0807421238270027,0.07297542539247168,True,True,False
0.0063492063492063,960.0,0.328125,8.0,5,0,32,0.1757936507936508,9.076000213623049,25,32,26.0,315.0,0.0761904761904762,stale_routed,65,0,late,stale_routed_l26_late,0.328125,8.0,,,16.0,gsm8k,0.0354166666666666,gsm8k,0.8189356529400662,0.14809205699473443,False,True,False
0.0,992.0,0.4969758064516129,0.0,5,0,32,0.0,8.58213758468628,15,32,26.0,493.0,0.0,stale_routed,60,0,middle,stale_routed_l26_middle,0.4969758064516129,0.0,,,16.0,gsm8k,0.0,gsm8k,0.8105254183205999,0.3603243039106699,True,True,False
0.0,1024.0,1.0,36.0,5,0,32,0.0,9.888561248779297,32,32,27.0,1024.0,0.0,stale_routed,66,0,early,stale_routed_l27_early,1.0,36.0,,,16.0,gsm8k,0.0,gsm8k,0.0638995354537822,0.05775294927976116,True,True,True
0.0349206349206349,960.0,0.328125,8.0,5,0,32,0.2140873015873015,9.856586456298828,22,32,27.0,315.0,0.0793650793650793,stale_routed,66,0,late,stale_routed_l27_late,0.328125,8.0,,,16.0,gsm8k,0.040625,gsm8k,0.8516020752214715,0.15399928261489676,False,True,False
0.0,992.0,0.4969758064516129,0.0,4,-1,32,0.0,9.147517204284668,18,32,27.0,493.0,0.0,stale_routed,63,1,middle,stale_routed_l27_middle,0.4969758064516129,0.0,,,16.0,gsm8k,0.0,gsm8k,0.8647747383930067,0.3844411891444717,True,False,False
0.0,1024.0,1.0,36.0,5,0,32,0.0,9.839540004730225,32,32,28.0,1024.0,0.0,stale_routed,66,0,early,stale_routed_l28_early,1.0,36.0,,,16.0,gsm8k,0.0,gsm8k,0.0671290958578008,0.060671853726947896,True,True,True
0.0126984126984126,960.0,0.328125,8.0,5,0,32,0.1751984126984127,8.829339504241943,20,32,28.0,315.0,0.0793650793650793,stale_routed,61,0,late,stale_routed_l28_late,0.328125,8.0,,,16.0,gsm8k,0.04375,gsm8k,0.8835489482668685,0.15977638869991995,False,True,False
0.0,992.0,0.4969758064516129,0.0,5,0,32,0.0,9.628913164138794,18,32,28.0,493.0,0.0,stale_routed,59,0,middle,stale_routed_l28_middle,0.4969758064516129,0.0,,,16.0,gsm8k,0.0,gsm8k,0.877945289484633,0.39029624260355156,True,True,False
0.0,1024.0,1.0,36.0,5,0,32,0.0,8.626234769821167,31,32,29.0,1024.0,0.0,stale_routed,64,0,early,stale_routed_l29_early,1.0,36.0,,,16.0,gsm8k,0.0,gsm8k,0.0644547400739382,0.05825474798674785,True,True,False
0.0222222222222222,960.0,0.328125,8.0,5,0,32,0.2331349206349206,9.764880895614624,26,32,29.0,315.0,0.1015873015873015,stale_routed,65,0,late,stale_routed_l29_late,0.328125,8.0,,,16.0,gsm8k,0.05,gsm8k,0.8786384965303461,0.1588884081903106,False,True,False
0.0,992.0,0.4969758064516129,0.0,5,0,32,0.0,11.978395223617554,15,32,29.0,493.0,0.0,stale_routed,58,0,middle,stale_routed_l29_middle,0.4969758064516129,0.0,,,16.0,gsm8k,0.0,gsm8k,0.8016985250718419,0.35640025156923616,True,True,False
0.0,1024.0,1.0,36.0,5,0,32,0.0,9.887062072753906,31,32,30.0,1024.0,0.0,stale_routed,64,0,early,stale_routed_l30_early,1.0,36.0,,,16.0,gsm8k,0.0,gsm8k,0.0602043228139775,0.05441318434017205,True,True,False
0.0349206349206349,960.0,0.328125,8.0,5,0,32,0.1992063492063492,9.96468949317932,21,32,30.0,315.0,0.1142857142857142,stale_routed,66,0,late,stale_routed_l30_late,0.328125,8.0,,,16.0,gsm8k,0.053125,gsm8k,0.8313213349746128,0.15033181920705685,False,True,False
0.0,992.0,0.4969758064516129,0.0,5,0,32,0.0,13.887471675872805,14,32,30.0,493.0,0.0,stale_routed,60,0,middle,stale_routed_l30_middle,0.4969758064516129,0.0,,,16.0,gsm8k,0.0,gsm8k,0.7348944405494382,0.3267020648007079,True,True,False
0.0,1024.0,1.0,36.0,5,0,32,0.0,8.886225938796997,31,32,31.0,1024.0,0.0,stale_routed,64,0,early,stale_routed_l31_early,1.0,36.0,,,16.0,gsm8k,0.0,gsm8k,0.06299456299292,0.056935027392526816,True,True,False
0.0158730158730158,960.0,0.328125,8.0,5,0,32,0.2436507936507936,8.745628833770752,22,32,31.0,315.0,0.0952380952380952,stale_routed,59,0,late,stale_routed_l31_late,0.328125,8.0,,,16.0,gsm8k,0.0645833333333333,gsm8k,0.8420587853419,0.15227352379161327,False,True,False
0.0,992.0,0.4969758064516129,0.0,5,0,32,0.0,13.636438846588137,11,32,31.0,493.0,0.0,stale_routed,66,0,middle,stale_routed_l31_middle,0.4969758064516129,0.0,,,16.0,gsm8k,0.0,gsm8k,0.8181428767983917,0.36371069422186564,True,True,False
0.08984375,1024.0,1.0,36.0,5,0,32,0.9615478515625,7.43648099899292,11,32,0,1024.0,0.4248046875,layer_bypass,64,0,early,layer_bypass_l00_early,1.0,36.0,,,16.0,gsm8k,0.4248046875,gsm8k,0.0403712991122485,0.036487927078501944,False,True,False
0.073015873015873,960.0,0.328125,8.0,2,-3,32,0.8176587301587301,7.6063010692596436,6,32,0,315.0,0.4222222222222222,layer_bypass,82,5,late,layer_bypass_l00_late,0.328125,8.0,,,16.0,gsm8k,0.315625,gsm8k,1.674220874937779,0.30275738068422464,False,False,False
0.0791075050709939,992.0,0.4969758064516129,0.0,1,-4,32,0.7262931034482759,5.269017219543457,0,32,0,493.0,0.5557809330628803,layer_bypass,72,4,middle,layer_bypass_l00_middle,0.4969758064516129,0.0,,,16.0,gsm8k,0.4274193548387097,gsm8k,0.6565122615626333,0.29185676144064643,False,False,False
0.0166015625,1024.0,1.0,36.0,5,0,32,0.24981689453125,7.29287838935852,30,32,1,1024.0,0.1162109375,layer_bypass,66,0,early,layer_bypass_l01_early,1.0,36.0,,,16.0,gsm8k,0.1162109375,gsm8k,0.1023634445533294,0.09251696087315074,False,True,False
0.0222222222222222,960.0,0.328125,8.0,5,0,32,0.3158730158730158,7.361967086791992,18,32,1,315.0,0.165079365079365,layer_bypass,66,0,late,layer_bypass_l01_late,0.328125,8.0,,,16.0,gsm8k,0.078125,gsm8k,2.633134611492133,0.47616234506331734,False,True,False
0.0365111561866125,992.0,0.4969758064516129,0.0,4,-1,32,0.2860040567951318,4.367022752761841,14,32,1,493.0,0.1825557809330628,layer_bypass,59,1,middle,layer_bypass_l01_middle,0.4969758064516129,0.0,,,16.0,gsm8k,0.1108870967741935,gsm8k,1.5660439301113955,0.6961949326402473,False,False,False
0.02734375,1024.0,1.0,36.0,5,0,32,0.28973388671875,6.017194271087647,27,32,2,1024.0,0.158203125,layer_bypass,66,0,early,layer_bypass_l02_early,1.0,36.0,,,16.0,gsm8k,0.158203125,gsm8k,0.1237215683958987,0.11182061674844165,False,True,False
0.0380952380952381,960.0,0.328125,8.0,5,0,32,0.3192460317460317,6.9561803340911865,11,32,2,315.0,0.1619047619047619,layer_bypass,61,0,late,layer_bypass_l02_late,0.328125,8.0,,,16.0,gsm8k,0.090625,gsm8k,1.547535554597348,0.27984826735780277,False,True,False
0.0385395537525354,992.0,0.4969758064516129,0.0,4,-1,32,0.3372210953346856,4.657563209533691,15,32,2,493.0,0.2636916835699797,layer_bypass,63,1,middle,layer_bypass_l02_middle,0.4969758064516129,0.0,,,16.0,gsm8k,0.1552419354838709,gsm8k,1.4138469062307446,0.6285347637578209,False,False,False
0.0224609375,1024.0,1.0,36.0,5,0,32,0.29010009765625,7.150514125823975,24,32,3,1024.0,0.146484375,layer_bypass,64,0,early,layer_bypass_l03_early,1.0,36.0,,,16.0,gsm8k,0.146484375,gsm8k,0.1239512743817105,0.11202822699245417,False,True,False
0.0222222222222222,960.0,0.328125,8.0,5,0,32,0.288095238095238,6.578319787979126,18,32,3,315.0,0.165079365079365,layer_bypass,59,0,late,layer_bypass_l03_late,0.328125,8.0,,,16.0,gsm8k,0.075,gsm8k,1.5057354875289537,0.2722893609987345,False,True,False
0.0385395537525354,992.0,0.4969758064516129,0.0,4,-1,32,0.315289046653144,4.999482154846191,13,32,3,493.0,0.2190669371196754,layer_bypass,58,1,middle,layer_bypass_l03_middle,0.4969758064516129,0.0,,,16.0,gsm8k,0.1300403225806451,gsm8k,1.3275241117175085,0.5901594085357068,False,False,False
0.0263671875,1024.0,1.0,36.0,5,0,32,0.3333740234375,5.237390518188477,26,32,4,1024.0,0.1474609375,layer_bypass,62,0,early,layer_bypass_l04_early,1.0,36.0,,,16.0,gsm8k,0.1474609375,gsm8k,0.1152124907106507,0.10413003921162815,False,True,False
0.0412698412698412,960.0,0.328125,8.0,4,-1,32,0.3529761904761905,7.630025386810303,15,32,4,315.0,0.2031746031746031,layer_bypass,66,1,late,layer_bypass_l04_late,0.328125,8.0,,,16.0,gsm8k,0.0927083333333333,gsm8k,1.4859286253370387,0.26870759122954535,False,False,False
0.0365111561866125,992.0,0.4969758064516129,0.0,5,0,32,0.3855223123732251,5.160054445266724,8,32,4,493.0,0.2677484787018255,layer_bypass,65,0,middle,layer_bypass_l04_middle,0.4969758064516129,0.0,,,16.0,gsm8k,0.15625,gsm8k,1.408206005180812,0.6260270648031634,False,True,False
0.0146484375,1024.0,1.0,36.0,5,0,32,0.28533935546875,4.930392503738403,25,32,5,1024.0,0.15234375,layer_bypass,66,0,early,layer_bypass_l05_early,1.0,36.0,,,16.0,gsm8k,0.15234375,gsm8k,0.1099124636723313,0.09933982922728772,False,True,False
0.0222222222222222,960.0,0.328125,8.0,5,0,32,0.317063492063492,6.837800025939941,23,32,5,315.0,0.1555555555555555,layer_bypass,62,0,late,layer_bypass_l05_late,0.328125,8.0,,,16.0,gsm8k,0.0729166666666666,gsm8k,1.4993965285333282,0.2711430566786121,False,True,False
0.0223123732251521,992.0,0.4969758064516129,0.0,5,0,32,0.3973123732251521,5.025433540344238,12,32,5,493.0,0.2616632860040568,layer_bypass,68,0,middle,layer_bypass_l05_middle,0.4969758064516129,0.0,,,16.0,gsm8k,0.1512096774193548,gsm8k,1.3721962871583664,0.6100187123355237,False,True,False
0.01953125,1024.0,1.0,36.0,5,0,32,0.30865478515625,4.991100788116455,29,32,6,1024.0,0.166015625,layer_bypass,66,0,early,layer_bypass_l06_early,1.0,36.0,,,16.0,gsm8k,0.166015625,gsm8k,0.1174094593278973,0.10611567832809468,False,True,False
0.0253968253968253,960.0,0.328125,8.0,5,0,32,0.2791666666666667,7.757210731506348,19,32,6,315.0,0.1714285714285714,layer_bypass,62,0,late,layer_bypass_l06_late,0.328125,8.0,,,16.0,gsm8k,0.0802083333333333,gsm8k,1.6025798564438771,0.28980219213446423,False,True,False
0.0385395537525354,992.0,0.4969758064516129,0.0,5,0,32,0.3299949290060852,5.12646484375,10,32,6,493.0,0.2129817444219067,layer_bypass,70,0,middle,layer_bypass_l06_middle,0.4969758064516129,0.0,,,16.0,gsm8k,0.125,gsm8k,1.3458777345083257,0.5983186299578342,False,True,False
0.029296875,1024.0,1.0,36.0,5,0,32,0.3448486328125,4.76229453086853,26,32,7,1024.0,0.1640625,layer_bypass,64,0,early,layer_bypass_l07_early,1.0,36.0,,,16.0,gsm8k,0.1640625,gsm8k,0.1921066876071804,0.17362767517621625,False,True,False
0.019047619047619,960.0,0.328125,8.0,4,-1,32,0.3242063492063492,6.816378831863403,16,32,7,315.0,0.1968253968253968,layer_bypass,61,1,late,layer_bypass_l07_late,0.328125,8.0,,,16.0,gsm8k,0.0979166666666666,gsm8k,1.6846718693314129,0.30464728406288116,False,False,False
0.0324543610547667,992.0,0.4969758064516129,0.0,5,0,32,0.322261663286004,4.782724142074585,9,32,7,493.0,0.2434077079107505,layer_bypass,64,0,middle,layer_bypass_l07_middle,0.4969758064516129,0.0,,,16.0,gsm8k,0.1532258064516129,gsm8k,1.4148002114519949,0.628958561744284,False,True,False
0.021484375,1024.0,1.0,36.0,5,0,32,0.3062744140625,4.669869422912598,26,32,8,1024.0,0.162109375,layer_bypass,63,0,early,layer_bypass_l08_early,1.0,36.0,,,16.0,gsm8k,0.162109375,gsm8k,0.1228092767262378,0.1109960796973956,False,True,False
0.0095238095238095,960.0,0.328125,8.0,4,-1,32,0.3261904761904762,7.416818618774414,14,32,8,315.0,0.1777777777777777,layer_bypass,65,1,late,layer_bypass_l08_late,0.328125,8.0,,,16.0,gsm8k,0.084375,gsm8k,1.6186173855403485,0.29270233534410806,False,False,False
0.0385395537525354,992.0,0.4969758064516129,0.0,4,-1,32,0.3294878296146045,4.527480602264404,11,32,8,493.0,0.2008113590263691,layer_bypass,62,1,middle,layer_bypass_l08_middle,0.4969758064516129,0.0,,,16.0,gsm8k,0.1239919354838709,gsm8k,1.3262542139044575,0.589594867270026,False,False,False
0.0224609375,1024.0,1.0,36.0,5,0,32,0.3155517578125,4.69687557220459,25,32,9,1024.0,0.189453125,layer_bypass,63,0,early,layer_bypass_l09_early,1.0,36.0,,,16.0,gsm8k,0.189453125,gsm8k,0.1277207763584637,0.11543513527320133,False,True,False
0.0317460317460317,960.0,0.328125,8.0,5,0,32,0.3236111111111111,7.414846897125244,13,32,9,315.0,0.1714285714285714,layer_bypass,64,0,late,layer_bypass_l09_late,0.328125,8.0,,,16.0,gsm8k,0.0822916666666666,gsm8k,1.6273654890963138,0.29428429681538454,False,True,False
0.0263691683569979,992.0,0.4969758064516129,0.0,5,0,32,0.363209939148073,4.639745235443115,7,32,9,493.0,0.1926977687626775,layer_bypass,63,0,middle,layer_bypass_l09_middle,0.4969758064516129,0.0,,,16.0,gsm8k,0.1229838709677419,gsm8k,1.4635126883937613,0.650614007642791,False,True,False
0.0205078125,1024.0,1.0,36.0,5,0,32,0.345458984375,4.761314868927002,26,32,10,1024.0,0.1767578125,layer_bypass,64,0,early,layer_bypass_l10_early,1.0,36.0,,,16.0,gsm8k,0.1767578125,gsm8k,0.1264286205664444,0.11426727376391045,False,True,False
0.0317460317460317,960.0,0.328125,8.0,5,0,32,0.3757936507936508,6.978621482849121,13,32,10,315.0,0.1714285714285714,layer_bypass,64,2,late,layer_bypass_l10_late,0.328125,8.0,,,16.0,gsm8k,0.084375,gsm8k,1.665711212554453,0.30121853767237977,False,False,False
0.0344827586206896,992.0,0.4969758064516129,0.0,5,0,32,0.4219066937119675,9.887310266494753,8,32,10,493.0,0.3022312373225152,layer_bypass,77,0,middle,layer_bypass_l10_middle,0.4969758064516129,0.0,,,16.0,gsm8k,0.1713709677419354,gsm8k,1.3367908758951672,0.5942790083364604,False,True,False
0.0302734375,1024.0,1.0,36.0,5,0,32,0.34625244140625,4.824731349945068,27,32,11,1024.0,0.1689453125,layer_bypass,64,0,early,layer_bypass_l11_early,1.0,36.0,,,16.0,gsm8k,0.1689453125,gsm8k,0.1328204195332576,0.12004423659963859,False,True,False
0.0539682539682539,960.0,0.328125,8.0,3,-2,32,0.3902777777777778,6.142839193344116,15,32,11,315.0,0.1809523809523809,layer_bypass,67,2,late,layer_bypass_l11_late,0.328125,8.0,,,16.0,gsm8k,0.103125,gsm8k,1.6457887565001654,0.2976158645113389,False,False,False
0.0385395537525354,992.0,0.4969758064516129,0.0,5,0,32,0.3378549695740365,6.464871406555176,8,32,11,493.0,0.2068965517241379,layer_bypass,60,0,middle,layer_bypass_l11_middle,0.4969758064516129,0.0,,,16.0,gsm8k,0.126008064516129,gsm8k,1.3813617996881116,0.6140933000629608,False,True,False
0.01953125,1024.0,1.0,36.0,5,0,32,0.274169921875,4.695892333984375,24,32,12,1024.0,0.140625,layer_bypass,63,0,early,layer_bypass_l12_early,1.0,36.0,,,16.0,gsm8k,0.140625,gsm8k,0.131006790115406,0.1184050627459065,False,True,False
0.019047619047619,960.0,0.328125,8.0,4,-1,32,0.3023809523809523,7.012320756912232,16,32,12,315.0,0.1619047619047619,layer_bypass,63,1,late,layer_bypass_l12_late,0.328125,8.0,,,16.0,gsm8k,0.0822916666666666,gsm8k,1.7610747106121387,0.3184635758373131,False,False,False
0.0324543610547667,992.0,0.4969758064516129,0.0,5,0,32,0.3512931034482758,4.773995876312256,10,32,12,493.0,0.2596348884381338,layer_bypass,64,0,middle,layer_bypass_l12_middle,0.4969758064516129,0.0,,,16.0,gsm8k,0.1532258064516129,gsm8k,1.3426922901534968,0.5969025201186412,False,True,False
0.021484375,1024.0,1.0,36.0,5,0,32,0.33990478515625,4.737887620925903,25,32,13,1024.0,0.1962890625,layer_bypass,64,0,early,layer_bypass_l13_early,1.0,36.0,,,16.0,gsm8k,0.1962890625,gsm8k,0.1281562822374296,0.11582874922923934,False,True,False
0.0317460317460317,960.0,0.328125,8.0,5,0,32,0.3361111111111111,7.533589363098144,17,32,13,315.0,0.219047619047619,layer_bypass,66,0,late,layer_bypass_l13_late,0.328125,8.0,,,16.0,gsm8k,0.1052083333333333,gsm8k,1.6058347362873628,0.29039078764811904,False,True,False
0.0263691683569979,992.0,0.4969758064516129,0.0,5,0,32,0.4164553752535497,4.970574855804443,5,32,13,493.0,0.2677484787018255,layer_bypass,67,2,middle,layer_bypass_l13_middle,0.4969758064516129,0.0,,,16.0,gsm8k,0.1522177419354838,gsm8k,1.3709398719211254,0.6094601648359035,False,False,False
0.0263671875,1024.0,1.0,36.0,5,0,32,0.37457275390625,4.661032199859619,22,32,14,1024.0,0.1875,layer_bypass,63,0,early,layer_bypass_l14_early,1.0,36.0,,,16.0,gsm8k,0.1875,gsm8k,0.1258419593473099,0.11373704431243684,False,True,False
0.0158730158730158,960.0,0.328125,8.0,3,-2,32,0.3261904761904762,5.058802127838135,12,32,14,315.0,0.1682539682539682,layer_bypass,65,2,late,layer_bypass_l14_late,0.328125,8.0,,,16.0,gsm8k,0.090625,gsm8k,1.5528230475735836,0.28080443004089606,False,False,False
0.0182555780933062,992.0,0.4969758064516129,0.0,4,-1,32,0.3594066937119675,4.823936462402344,7,32,14,493.0,0.2251521298174442,layer_bypass,65,1,middle,layer_bypass_l14_middle,0.4969758064516129,0.0,,,16.0,gsm8k,0.1340725806451612,gsm8k,1.363803364636868,0.6062875844807043,False,False,False
0.02734375,1024.0,1.0,36.0,5,0,32,0.31842041015625,4.846816778182983,24,32,15,1024.0,0.1787109375,layer_bypass,66,0,early,layer_bypass_l15_early,1.0,36.0,,,16.0,gsm8k,0.1787109375,gsm8k,0.1565105149690772,0.14145554844129,False,True,False
0.0222222222222222,960.0,0.328125,8.0,5,0,32,0.3293650793650793,4.940993309020996,14,32,15,315.0,0.1936507936507936,layer_bypass,67,0,late,layer_bypass_l15_late,0.328125,8.0,,,16.0,gsm8k,0.0958333333333333,gsm8k,1.5671689103408075,0.28339866112478546,False,True,False
0.0263691683569979,992.0,0.4969758064516129,0.0,5,0,32,0.3927484787018255,4.713289499282837,5,32,15,493.0,0.255578093306288,layer_bypass,63,0,middle,layer_bypass_l15_middle,0.4969758064516129,0.0,,,16.0,gsm8k,0.1532258064516129,gsm8k,1.5339743181304746,0.6819381797334065,False,True,False
0.0224609375,1024.0,1.0,36.0,5,0,32,0.340087890625,4.557748079299927,24,32,16,1024.0,0.171875,layer_bypass,62,0,early,layer_bypass_l16_early,1.0,36.0,,,16.0,gsm8k,0.171875,gsm8k,0.1526980621833448,0.13800982085027894,False,True,False
0.0476190476190476,960.0,0.328125,8.0,5,0,32,0.339484126984127,5.584100484848023,14,32,16,315.0,0.2031746031746031,layer_bypass,63,0,late,layer_bypass_l16_late,0.328125,8.0,,,16.0,gsm8k,0.0989583333333333,gsm8k,1.4717470480667845,0.266143068679035,False,True,False
0.0385395537525354,992.0,0.4969758064516129,0.0,5,0,32,0.4546146044624746,5.073374271392822,7,32,16,493.0,0.2981744421906693,layer_bypass,68,0,middle,layer_bypass_l16_middle,0.4969758064516129,0.0,,,16.0,gsm8k,0.1693548387096774,gsm8k,1.3638090515598722,0.6062901126390157,False,True,False
0.025390625,1024.0,1.0,36.0,5,0,32,0.36309814453125,4.68920111656189,24,32,17,1024.0,0.2197265625,layer_bypass,64,0,early,layer_bypass_l17_early,1.0,36.0,,,16.0,gsm8k,0.2197265625,gsm8k,0.1222722983123855,0.11051075399229764,False,True,False
0.0571428571428571,960.0,0.328125,8.0,5,0,32,0.4476190476190476,4.819712400436401,13,32,17,315.0,0.2412698412698412,layer_bypass,65,0,late,layer_bypass_l17_late,0.328125,8.0,,,16.0,gsm8k,0.1052083333333333,gsm8k,1.5913061094900434,0.2877635064691894,False,True,False
0.0344827586206896,992.0,0.4969758064516129,0.0,5,0,32,0.5129310344827587,4.810132026672363,5,32,17,493.0,0.3042596348884381,layer_bypass,65,0,middle,layer_bypass_l17_middle,0.4969758064516129,0.0,,,16.0,gsm8k,0.1683467741935483,gsm8k,1.3619707066015891,0.6054728645275209,False,True,False
0.0458984375,1024.0,1.0,36.0,5,0,32,0.396484375,4.839109420776367,28,32,18,1024.0,0.2021484375,layer_bypass,66,0,early,layer_bypass_l18_early,1.0,36.0,,,16.0,gsm8k,0.2021484375,gsm8k,0.1223849555726761,0.11061257459229662,False,True,False
0.019047619047619,960.0,0.328125,8.0,5,0,32,0.3496031746031746,4.826232194900513,16,32,18,315.0,0.2126984126984127,layer_bypass,66,0,late,layer_bypass_l18_late,0.328125,8.0,,,16.0,gsm8k,0.11875,gsm8k,1.5083597796774288,0.2727639243188532,False,True,False
0.0304259634888438,992.0,0.4969758064516129,0.0,4,-1,32,0.4494168356997972,4.395952463150024,7,32,18,493.0,0.2697768762677485,layer_bypass,59,1,middle,layer_bypass_l18_middle,0.4969758064516129,0.0,,,16.0,gsm8k,0.158266129032258,gsm8k,1.308920606121741,0.5818891001004917,False,False,False
0.0322265625,1024.0,1.0,36.0,5,0,32,0.53656005859375,4.840841293334961,25,32,19,1024.0,0.2353515625,layer_bypass,66,0,early,layer_bypass_l19_early,1.0,36.0,,,16.0,gsm8k,0.2353515625,gsm8k,0.1260466246913317,0.11392202260920654,False,True,False
0.0793650793650793,960.0,0.328125,8.0,3,-2,32,0.4865079365079365,4.778126955032349,14,32,19,315.0,0.2412698412698412,layer_bypass,65,2,late,layer_bypass_l19_late,0.328125,8.0,,,16.0,gsm8k,0.125,gsm8k,1.51449076227928,0.27387261927143886,False,False,False
0.0304259634888438,992.0,0.4969758064516129,0.0,4,-1,32,0.4077079107505071,5.879045248031616,6,32,19,493.0,0.2454361054766734,layer_bypass,68,1,middle,layer_bypass_l19_middle,0.4969758064516129,0.0,,,16.0,gsm8k,0.158266129032258,gsm8k,1.3544585982955557,0.6021333083148589,False,False,False
0.0302734375,1024.0,1.0,36.0,5,0,32,0.43963623046875,4.8539886474609375,28,32,20,1024.0,0.228515625,layer_bypass,66,0,early,layer_bypass_l20_early,1.0,36.0,,,16.0,gsm8k,0.228515625,gsm8k,0.1399414427966248,0.12648027862136352,False,True,False
0.0634920634920634,960.0,0.328125,8.0,4,-1,32,0.3986111111111111,4.630940437316895,13,32,20,315.0,0.1746031746031746,layer_bypass,64,1,late,layer_bypass_l20_late,0.328125,8.0,,,16.0,gsm8k,0.0927083333333333,gsm8k,1.5070078024612,0.272519439802588,False,False,False
0.0425963488843813,992.0,0.4969758064516129,0.0,5,0,32,0.4335699797160243,5.21561598777771,5,32,20,493.0,0.2616632860040568,layer_bypass,63,0,middle,layer_bypass_l20_middle,0.4969758064516129,0.0,,,16.0,gsm8k,0.1542338709677419,gsm8k,1.3374669531561574,0.5945795628446223,False,True,False
0.0263671875,1024.0,1.0,36.0,5,0,32,0.3974609375,4.836731672286987,29,32,21,1024.0,0.208984375,layer_bypass,66,0,early,layer_bypass_l21_early,1.0,36.0,,,16.0,gsm8k,0.208984375,gsm8k,0.1384023581130289,0.12508924065782054,False,True,False
0.073015873015873,960.0,0.328125,8.0,5,0,32,0.5468253968253968,4.753952741622925,17,32,21,315.0,0.2444444444444444,layer_bypass,66,0,late,layer_bypass_l21_late,0.328125,8.0,,,16.0,gsm8k,0.125,gsm8k,1.4266490298224257,0.2579877780109391,False,True,False
0.050709939148073,992.0,0.4969758064516129,0.0,5,0,32,0.4538539553752535,5.440221309661865,8,32,21,493.0,0.3123732251521298,layer_bypass,65,0,middle,layer_bypass_l21_middle,0.4969758064516129,0.0,,,16.0,gsm8k,0.1804435483870967,gsm8k,1.2888408569278411,0.5729625180495744,False,True,False
0.0390625,1024.0,1.0,36.0,5,0,32,0.548828125,4.715310096740723,26,32,22,1024.0,0.2998046875,layer_bypass,63,0,early,layer_bypass_l22_early,1.0,36.0,,,16.0,gsm8k,0.2998046875,gsm8k,0.1349445062858384,0.12196400446049165,False,True,False
0.0857142857142857,960.0,0.328125,8.0,5,0,32,0.5658730158730159,4.896661996841431,14,32,22,315.0,0.3333333333333333,layer_bypass,68,0,late,layer_bypass_l22_late,0.328125,8.0,,,16.0,gsm8k,0.1520833333333333,gsm8k,1.4882264042444675,0.2691231095962187,False,True,False
0.0405679513184584,992.0,0.4969758064516129,0.0,4,-1,32,0.4434584178498986,8.008914947509766,1,32,22,493.0,0.2880324543610548,layer_bypass,67,1,middle,layer_bypass_l22_middle,0.4969758064516129,0.0,,,16.0,gsm8k,0.1653225806451612,gsm8k,1.3943158172554364,0.619852092146822,False,False,False
0.0341796875,1024.0,1.0,36.0,5,0,32,0.53399658203125,4.681185960769653,27,32,23,1024.0,0.2646484375,layer_bypass,64,0,early,layer_bypass_l23_early,1.0,36.0,,,16.0,gsm8k,0.2646484375,gsm8k,0.1326705633118433,0.11990879525889743,False,True,False
0.073015873015873,960.0,0.328125,8.0,6,1,32,0.4563492063492063,5.213704347610474,13,32,23,315.0,0.2285714285714285,layer_bypass,69,1,late,layer_bypass_l23_late,0.328125,8.0,,,16.0,gsm8k,0.115625,gsm8k,1.5002499911618197,0.27129739241398726,False,False,False
0.0425963488843813,992.0,0.4969758064516129,0.0,5,0,32,0.4424442190669371,6.891461133956909,6,32,23,493.0,0.2920892494929006,layer_bypass,63,0,middle,layer_bypass_l23_middle,0.4969758064516129,0.0,,,16.0,gsm8k,0.1713709677419354,gsm8k,1.3544967170882274,0.6021502542700687,False,True,False
0.037109375,1024.0,1.0,36.0,5,0,32,0.51531982421875,4.820748329162598,24,32,24,1024.0,0.236328125,layer_bypass,65,0,early,layer_bypass_l24_early,1.0,36.0,,,16.0,gsm8k,0.236328125,gsm8k,0.1392641569149905,0.1258681418211169,False,True,False
0.0222222222222222,960.0,0.328125,8.0,5,0,32,0.4380952380952381,4.778654098510742,15,32,24,315.0,0.2698412698412698,layer_bypass,66,0,late,layer_bypass_l24_late,0.328125,8.0,,,16.0,gsm8k,0.1333333333333333,gsm8k,1.4709007027165664,0.2659900199951833,False,True,False
0.0547667342799188,992.0,0.4969758064516129,0.0,4,-1,32,0.4391480730223123,7.179234504699707,6,32,24,493.0,0.2778904665314402,layer_bypass,65,1,middle,layer_bypass_l24_middle,0.4969758064516129,0.0,,,16.0,gsm8k,0.158266129032258,gsm8k,1.365376111303069,0.6069867591579167,False,False,False
0.0185546875,1024.0,1.0,36.0,5,0,32,0.40533447265625,4.484287023544312,25,32,25,1024.0,0.1826171875,layer_bypass,61,0,early,layer_bypass_l25_early,1.0,36.0,,,16.0,gsm8k,0.1826171875,gsm8k,0.6557587489424905,0.5926803927209716,False,True,False
0.0285714285714285,960.0,0.328125,8.0,5,0,32,0.377579365079365,4.626742601394653,14,32,25,315.0,0.2031746031746031,layer_bypass,64,0,late,layer_bypass_l25_late,0.328125,8.0,,,16.0,gsm8k,0.1072916666666666,gsm8k,1.4331919434087348,0.2591709644166801,False,True,False
0.0567951318458417,992.0,0.4969758064516129,0.0,5,0,32,0.405552738336714,7.400204658508301,6,32,25,493.0,0.2231237322515213,layer_bypass,66,0,middle,layer_bypass_l25_middle,0.4969758064516129,0.0,,,16.0,gsm8k,0.1229838709677419,gsm8k,1.4094220166991551,0.6265676505688784,False,True,False
0.0390625,1024.0,1.0,36.0,5,0,32,0.48236083984375,4.700798273086548,25,32,26,1024.0,0.251953125,layer_bypass,64,0,early,layer_bypass_l26_early,1.0,36.0,,,16.0,gsm8k,0.251953125,gsm8k,1.5170062094615615,1.3710832488834719,False,True,False
0.0349206349206349,960.0,0.328125,8.0,5,0,32,0.4011904761904762,4.72042441368103,13,32,26,315.0,0.2126984126984127,layer_bypass,65,0,late,layer_bypass_l26_late,0.328125,8.0,,,16.0,gsm8k,0.1197916666666666,gsm8k,1.468027344890125,0.2654704169354411,False,True,False
0.0588235294117647,992.0,0.4969758064516129,0.0,4,-1,32,0.4249492900608519,6.670893430709839,8,32,26,493.0,0.2596348884381338,layer_bypass,60,1,middle,layer_bypass_l26_middle,0.4969758064516129,0.0,,,16.0,gsm8k,0.1451612903225806,gsm8k,1.348951496261911,0.5996850905761115,False,False,False
0.046875,1024.0,1.0,36.0,5,0,32,0.554931640625,4.7581281661987305,22,32,27,1024.0,0.251953125,layer_bypass,65,0,early,layer_bypass_l27_early,1.0,36.0,,,16.0,gsm8k,0.251953125,gsm8k,0.1316240375786019,0.11896293630761333,False,True,False
0.073015873015873,960.0,0.328125,8.0,4,-1,32,0.5444444444444444,4.8690173625946045,16,32,27,315.0,0.2507936507936508,layer_bypass,66,1,late,layer_bypass_l27_late,0.328125,8.0,,,16.0,gsm8k,0.1135416666666666,gsm8k,1.496319217367784,0.2705865717595807,False,False,False
0.0446247464503042,992.0,0.4969758064516129,0.0,5,0,32,0.4244421906693712,7.977386474609375,7,32,27,493.0,0.2454361054766734,layer_bypass,68,0,middle,layer_bypass_l27_middle,0.4969758064516129,0.0,,,16.0,gsm8k,0.1481854838709677,gsm8k,1.4416500291579435,0.6408948214300938,False,True,False
0.0703125,1024.0,1.0,36.0,5,0,32,0.843017578125,4.7557783126831055,25,32,28,1024.0,0.3916015625,layer_bypass,65,0,early,layer_bypass_l28_early,1.0,36.0,,,16.0,gsm8k,0.3916015625,gsm8k,0.1328943583363063,0.1201110631252456,False,True,False
0.0698412698412698,960.0,0.328125,8.0,6,1,32,0.5970238095238095,4.772704124450684,12,32,28,315.0,0.273015873015873,layer_bypass,65,1,late,layer_bypass_l28_late,0.328125,8.0,,,16.0,gsm8k,0.128125,gsm8k,1.5336987596825271,0.27734609345220523,False,False,False
0.0567951318458417,992.0,0.4969758064516129,0.0,5,0,32,0.5024087221095335,7.74934720993042,2,32,28,493.0,0.3184584178498986,layer_bypass,71,0,middle,layer_bypass_l28_middle,0.4969758064516129,0.0,,,16.0,gsm8k,0.1844758064516129,gsm8k,1.4339668936556933,0.6374792339739523,False,True,False
0.0625,1024.0,1.0,36.0,5,0,32,0.7493896484375,5.0868024826049805,24,32,29,1024.0,0.439453125,layer_bypass,64,0,early,layer_bypass_l29_early,1.0,36.0,,,16.0,gsm8k,0.439453125,gsm8k,0.1352694063449263,0.12225765192600516,False,True,False
0.092063492063492,960.0,0.328125,8.0,6,1,32,0.6478174603174603,4.755963325500488,14,32,29,315.0,0.4,layer_bypass,65,1,late,layer_bypass_l29_late,0.328125,8.0,,,16.0,gsm8k,0.1895833333333333,gsm8k,1.543352690779233,0.27909186005677783,False,False,False
0.050709939148073,992.0,0.4969758064516129,0.0,5,0,32,0.5209178498985801,6.914577960968018,3,32,29,493.0,0.3265720081135903,layer_bypass,64,2,middle,layer_bypass_l29_middle,0.4969758064516129,0.0,,,16.0,gsm8k,0.1955645161290322,gsm8k,1.3312892724155945,0.5918332350154003,False,False,False
0.06640625,1024.0,1.0,36.0,5,0,32,0.74359130859375,4.879438161849976,20,32,30,1024.0,0.3466796875,layer_bypass,66,0,early,layer_bypass_l30_early,1.0,36.0,,,16.0,gsm8k,0.3466796875,gsm8k,0.1287299830863302,0.1163472649867174,False,True,False
0.0698412698412698,960.0,0.328125,8.0,5,0,32,0.7494047619047619,4.482866525650024,12,32,30,315.0,0.3428571428571428,layer_bypass,61,2,late,layer_bypass_l30_late,0.328125,8.0,,,16.0,gsm8k,0.2,gsm8k,1.5332067388333903,0.27725711896517274,False,False,False
0.0567951318458417,992.0,0.4969758064516129,0.0,4,-1,32,0.5302991886409736,7.861909866333008,3,32,30,493.0,0.3549695740365111,layer_bypass,71,1,middle,layer_bypass_l30_middle,0.4969758064516129,0.0,,,16.0,gsm8k,0.220766129032258,gsm8k,1.2623550118358593,0.561188064737514,False,False,False
0.298828125,1024.0,1.0,36.0,3,-2,32,2.58343505859375,4.593507766723633,3,32,31,1024.0,0.5234375,layer_bypass,62,2,early,layer_bypass_l31_early,1.0,36.0,,,16.0,gsm8k,0.5234375,gsm8k,0.1261432645134805,0.1140093665109631,False,False,False
0.3174603174603174,960.0,0.328125,8.0,4,-1,32,2.595833333333333,3.533215045928955,4,32,31,315.0,0.4666666666666667,layer_bypass,48,1,late,layer_bypass_l31_late,0.328125,8.0,,,16.0,gsm8k,0.4322916666666667,gsm8k,1.4971260420580532,0.2707324737331816,False,False,False
0.3427991886409736,992.0,0.4969758064516129,0.0,3,-2,32,2.3732251521298173,6.602128028869629,0,32,31,493.0,0.563894523326572,layer_bypass,59,4,middle,layer_bypass_l31_middle,0.4969758064516129,0.0,,,16.0,gsm8k,0.5403225806451613,gsm8k,1.3445306633115548,0.5977197807665279,False,False,False
0.0,1024.0,1.0,36.0,5,0,32,0.0,4.920547246932983,32,32,0,1024.0,0.0,routed_only,66,0,early,routed_only_l00_early,1.0,36.0,,,16.0,gsm8k,0.0,gsm8k,0.0,0.0,True,True,True
0.0,960.0,0.328125,8.0,5,0,32,0.0,4.822649955749512,32,32,0,315.0,0.0,routed_only,66,0,late,routed_only_l00_late,0.328125,8.0,,,16.0,gsm8k,0.0,gsm8k,0.0,0.0,True,True,True
0.0,992.0,0.4969758064516129,0.0,5,0,32,0.0,4.806711196899414,32,32,0,493.0,0.0,routed_only,66,0,middle,routed_only_l00_middle,0.4969758064516129,0.0,,,16.0,gsm8k,0.0,gsm8k,0.0,0.0,True,True,True
0.025390625,1024.0,1.0,36.0,5,0,32,0.27398681640625,4.585442304611206,27,32,4,1024.0,0.1328125,routed_only,63,0,early,routed_only_l04_early,1.0,36.0,,,16.0,gsm8k,0.1328125,gsm8k,0.001157289172504826,0.001045967899563688,False,True,False
0.0222222222222222,960.0,0.328125,8.0,5,0,32,0.2928571428571428,4.704287767410278,20,32,4,315.0,0.1777777777777777,routed_only,65,0,late,routed_only_l04_late,0.328125,8.0,,,16.0,gsm8k,0.0708333333333333,gsm8k,0.04747519504354587,0.00858516693586849,False,True,False
0.024340770791075,992.0,0.4969758064516129,0.0,5,0,32,0.2735801217038539,4.382673501968384,11,32,4,493.0,0.1845841784989858,routed_only,59,0,middle,routed_only_l04_middle,0.4969758064516129,0.0,,,16.0,gsm8k,0.1028225806451613,gsm8k,0.01583647817914963,0.00704020854536793,False,True,False
0.015625,1024.0,1.0,36.0,5,0,32,0.23681640625,4.661909341812134,27,32,8,1024.0,0.1279296875,routed_only,64,0,early,routed_only_l08_early,1.0,36.0,,,16.0,gsm8k,0.1279296875,gsm8k,0.001177832740068757,0.0010645353524742524,False,True,False
0.019047619047619,960.0,0.328125,8.0,5,0,32,0.2361111111111111,4.578714847564697,22,32,8,315.0,0.146031746031746,routed_only,63,0,late,routed_only_l08_late,0.328125,8.0,,,16.0,gsm8k,0.065625,gsm8k,0.04919611593815309,0.00889636930481243,False,True,False
0.0304259634888438,992.0,0.4969758064516129,0.0,5,0,32,0.2719320486815416,4.555126667022705,12,32,8,493.0,0.1906693711967545,routed_only,63,0,middle,routed_only_l08_middle,0.4969758064516129,0.0,,,16.0,gsm8k,0.1058467741935483,gsm8k,0.015785382427039894,0.007017493599117533,False,True,False
0.0126953125,1024.0,1.0,36.0,5,0,32,0.2076416015625,4.63906455039978,26,32,12,1024.0,0.123046875,routed_only,64,0,early,routed_only_l12_early,1.0,36.0,,,16.0,gsm8k,0.123046875,gsm8k,0.001184680657246201,0.0010707245588685147,False,True,False
0.0253968253968253,960.0,0.328125,8.0,5,0,32,0.2077380952380952,4.685343503952026,23,32,12,315.0,0.1142857142857142,routed_only,64,0,late,routed_only_l12_late,0.328125,8.0,,,16.0,gsm8k,0.053125,gsm8k,0.06432041612725496,0.011631368956578557,False,True,False
0.0365111561866125,992.0,0.4969758064516129,0.0,5,0,32,0.2393509127789046,4.491806268692017,14,32,12,493.0,0.1703853955375253,routed_only,62,0,middle,routed_only_l12_middle,0.4969758064516129,0.0,,,16.0,gsm8k,0.0987903225806451,gsm8k,0.015757464302084318,0.007005082416551596,False,True,False
0.015625,1024.0,1.0,36.0,5,0,32,0.20379638671875,4.62868332862854,25,32,16,1024.0,0.1171875,routed_only,64,0,early,routed_only_l16_early,1.0,36.0,,,16.0,gsm8k,0.1171875,gsm8k,0.0011925819774976521,0.001077865840013747,False,True,False
0.019047619047619,960.0,0.328125,8.0,4,-1,32,0.2107142857142857,4.721627235412598,21,32,16,315.0,0.1174603174603174,routed_only,63,1,late,routed_only_l16_late,0.328125,8.0,,,16.0,gsm8k,0.0489583333333333,gsm8k,0.051694533356100934,0.009348170094443515,False,False,False
0.0365111561866125,992.0,0.4969758064516129,0.0,5,0,32,0.2456896551724137,4.326941967010498,13,32,16,493.0,0.1643002028397566,routed_only,60,0,middle,routed_only_l16_middle,0.4969758064516129,0.0,,,16.0,gsm8k,0.094758064516129,gsm8k,0.015880199128576505,0.007059644975506288,False,True,False
0.0166015625,1024.0,1.0,36.0,5,0,32,0.22589111328125,4.71393895149231,22,32,20,1024.0,0.1064453125,routed_only,64,0,early,routed_only_l20_early,1.0,36.0,,,16.0,gsm8k,0.1064453125,gsm8k,0.0011651905540790764,0.0010531092361329934,False,True,False
0.0380952380952381,960.0,0.328125,8.0,5,0,32,0.2236111111111111,4.77831768989563,21,32,20,315.0,0.0888888888888888,routed_only,66,0,late,routed_only_l20_late,0.328125,8.0,,,16.0,gsm8k,0.0489583333333333,gsm8k,0.05152965768479287,0.009318354837011822,False,True,False
0.0365111561866125,992.0,0.4969758064516129,0.0,4,-1,32,0.211840770791075,4.570111989974976,13,32,20,493.0,0.1257606490872211,routed_only,64,1,middle,routed_only_l20_middle,0.4969758064516129,0.0,,,16.0,gsm8k,0.0766129032258064,gsm8k,0.015777481045465648,0.007013980988962046,False,False,False
0.0126953125,1024.0,1.0,36.0,5,0,32,0.23199462890625,4.823296070098877,28,32,24,1024.0,0.119140625,routed_only,66,0,early,routed_only_l24_early,1.0,36.0,,,16.0,gsm8k,0.119140625,gsm8k,0.001191001750241042,0.0010764376170391448,False,True,False
0.0253968253968253,960.0,0.328125,8.0,5,0,32,0.2021825396825396,4.669777631759644,20,32,24,315.0,0.1079365079365079,routed_only,63,0,late,routed_only_l24_late,0.328125,8.0,,,16.0,gsm8k,0.059375,gsm8k,0.05476501076323085,0.009903419232205753,False,True,False
0.0283975659229208,992.0,0.4969758064516129,0.0,5,0,32,0.2051217038539553,4.759132146835327,16,32,24,493.0,0.1196754563894523,routed_only,65,0,middle,routed_only_l24_middle,0.4969758064516129,0.0,,,16.0,gsm8k,0.0695564516129032,gsm8k,0.018110495967922812,0.008051137824449555,False,True,False
0.033203125,1024.0,1.0,36.0,5,0,32,0.36065673828125,4.819427728652954,28,32,28,1024.0,0.17578125,routed_only,66,0,early,routed_only_l28_early,1.0,36.0,,,16.0,gsm8k,0.17578125,gsm8k,0.001180993317227577,0.0010673919092716042,False,True,False
0.0380952380952381,960.0,0.328125,8.0,5,0,32,0.3446428571428571,4.682963609695435,24,32,28,315.0,0.1238095238095238,routed_only,64,0,late,routed_only_l28_late,0.328125,8.0,,,16.0,gsm8k,0.059375,gsm8k,0.04903808849063649,0.008867792444493377,False,True,False
0.0344827586206896,992.0,0.4969758064516129,0.0,6,1,32,0.2702839756592292,4.354283332824707,12,32,28,493.0,0.152129817444219,routed_only,60,1,middle,routed_only_l28_middle,0.4969758064516129,0.0,,,16.0,gsm8k,0.0917338709677419,gsm8k,0.01591812568654555,0.0070765054715388985,False,False,False
0.2001953125,1024.0,1.0,36.0,3,-2,32,1.5504150390625,4.655437469482422,11,32,31,1024.0,0.2607421875,routed_only,63,2,early,routed_only_l31_early,1.0,36.0,,,16.0,gsm8k,0.2607421875,gsm8k,0.0011699314198173076,0.0010573940713290216,False,False,False
0.1968253968253968,960.0,0.328125,8.0,5,0,32,1.4601190476190475,4.227596044540405,10,32,31,315.0,0.2857142857142857,routed_only,52,0,late,routed_only_l31_late,0.328125,8.0,,,16.0,gsm8k,0.1135416666666666,gsm8k,0.04913553857721252,0.00888541481045528,False,True,False
0.2413793103448276,992.0,0.4969758064516129,0.0,2,-3,32,1.3585192697768762,4.062750816345215,1,32,31,493.0,0.2941176470588235,routed_only,56,3,middle,routed_only_l31_middle,0.4969758064516129,0.0,,,16.0,gsm8k,0.1622983870967742,gsm8k,0.01581856824191631,0.007032246567222876,False,False,False
0.1097256857855361,1024.0,0.783203125,29.0,5,-1,32,1.1744856608478802,6.546053171157837,14,32,0,802.0,0.3977556109725685,layer_bypass,90,1,early,layer_bypass_l00_early,0.783203125,29.0,,,16.0,humaneval,0.3935546875,humaneval,0.0133950837527225,0.01049107145476899,False,False,False
0.0909090909090909,576.0,0.1336805555555555,2.0,8,2,32,0.922077922077922,6.812609434127808,7,32,0,77.0,0.5324675324675324,layer_bypass,90,2,late,layer_bypass_l00_late,0.1336805555555555,2.0,,,16.0,humaneval,0.34375,humaneval,3.337042888924924,0.5735542465339714,False,False,False
0.1283018867924528,576.0,0.4600694444444444,0.0,0,-6,32,0.8981132075471698,4.418966293334961,0,32,0,265.0,0.9622641509433962,layer_bypass,61,6,middle,layer_bypass_l00_middle,0.4600694444444444,0.0,,,16.0,humaneval,0.6788194444444444,humaneval,1.894998229262064,0.8697745778839552,False,False,False
0.0236907730673316,1024.0,0.783203125,29.0,6,0,32,0.3573877805486284,7.807434558868408,25,32,1,802.0,0.155860349127182,layer_bypass,108,0,early,layer_bypass_l01_early,0.783203125,29.0,,,16.0,humaneval,0.14453125,humaneval,0.0345896985348129,0.027090759985273383,False,True,False
0.0649350649350649,576.0,0.1336805555555555,2.0,6,0,32,0.4107142857142857,6.3859169483184814,16,32,1,77.0,0.1038961038961039,layer_bypass,84,0,late,layer_bypass_l01_late,0.1336805555555555,2.0,,,16.0,humaneval,0.1041666666666666,humaneval,1.0201845581493032,0.1753442209319115,False,True,False
0.0452830188679245,576.0,0.4600694444444444,0.0,8,2,32,0.3856132075471698,5.589433193206787,13,32,1,265.0,0.2641509433962264,layer_bypass,76,2,middle,layer_bypass_l01_middle,0.4600694444444444,0.0,,,16.0,humaneval,0.2048611111111111,humaneval,3.580264116895328,1.6432852880281292,False,False,False
0.0236907730673316,1024.0,0.783203125,29.0,6,0,32,0.404535536159601,6.092217445373535,23,32,4,802.0,0.1920199501246882,layer_bypass,85,0,early,layer_bypass_l04_early,0.783203125,29.0,,,16.0,humaneval,0.1748046875,humaneval,0.0408785893034261,0.03201623888803489,False,True,False
0.0519480519480519,576.0,0.1336805555555555,2.0,7,1,32,0.4780844155844156,5.245445966720581,14,32,4,77.0,0.1168831168831168,layer_bypass,73,1,late,layer_bypass_l04_late,0.1336805555555555,2.0,,,16.0,humaneval,0.1006944444444444,humaneval,0.8304769283489152,0.1427382220599698,False,False,False
0.060377358490566,576.0,0.4600694444444444,0.0,6,0,32,0.5433962264150943,5.705714702606201,12,32,4,265.0,0.2641509433962264,layer_bypass,78,0,middle,layer_bypass_l04_middle,0.4600694444444444,0.0,,,16.0,humaneval,0.1788194444444444,humaneval,2.1801982846409267,1.0006769470519878,False,True,False
0.0436408977556109,1024.0,0.783203125,29.0,6,0,32,0.5529145885286783,7.641197204589844,22,32,8,802.0,0.1982543640897755,layer_bypass,106,0,early,layer_bypass_l08_early,0.783203125,29.0,,,16.0,humaneval,0.171875,humaneval,0.0496195491923783,0.03886218598856191,False,True,False
0.0389610389610389,576.0,0.1336805555555555,2.0,7,1,32,0.3555194805194805,8.562286853790283,17,32,8,77.0,0.1818181818181818,layer_bypass,92,1,late,layer_bypass_l08_late,0.1336805555555555,2.0,,,16.0,humaneval,0.1145833333333333,humaneval,0.8259589916439957,0.14196170168881175,False,False,False
0.060377358490566,576.0,0.4600694444444444,0.0,5,-1,32,0.5257075471698113,6.202884674072266,9,32,8,265.0,0.3132075471698113,layer_bypass,83,1,middle,layer_bypass_l08_middle,0.4600694444444444,0.0,,,16.0,humaneval,0.2447916666666666,humaneval,2.150918007041799,0.9872377571383257,False,False,False
0.0336658354114713,1024.0,0.783203125,29.0,6,0,32,0.3867674563591022,6.741571426391602,23,32,12,802.0,0.1683291770573566,layer_bypass,93,0,early,layer_bypass_l12_early,0.783203125,29.0,,,16.0,humaneval,0.150390625,humaneval,0.0912829821212168,0.07149311685665613,False,True,False
0.0519480519480519,576.0,0.1336805555555555,2.0,6,0,32,0.448051948051948,10.870651006698608,16,32,12,77.0,0.1298701298701298,layer_bypass,108,0,late,layer_bypass_l12_late,0.1336805555555555,2.0,,,16.0,humaneval,0.0885416666666666,humaneval,0.849981773705976,0.14609061735571463,False,True,False
0.0679245283018867,576.0,0.4600694444444444,0.0,6,0,32,0.4108490566037736,5.946354389190674,9,32,12,265.0,0.3169811320754717,layer_bypass,82,0,middle,layer_bypass_l12_middle,0.4600694444444444,0.0,,,16.0,humaneval,0.203125,humaneval,2.142629254772312,0.9834333493583854,False,True,False
0.027431421446384,1024.0,0.783203125,29.0,6,0,32,0.3892612219451372,6.021739721298218,25,32,16,802.0,0.2157107231920199,layer_bypass,83,0,early,layer_bypass_l16_early,0.783203125,29.0,,,16.0,humaneval,0.181640625,humaneval,0.0504753655333567,0.03953246402124226,False,True,False
0.0259740259740259,576.0,0.1336805555555555,2.0,7,1,32,0.3019480519480519,6.34956955909729,19,32,16,77.0,0.1428571428571428,layer_bypass,89,1,late,layer_bypass_l16_late,0.1336805555555555,2.0,,,16.0,humaneval,0.0868055555555555,humaneval,0.8099241940500397,0.13920572085235056,False,False,False
0.0452830188679245,576.0,0.4600694444444444,0.0,8,2,32,0.4068396226415094,7.030418395996094,12,32,16,265.0,0.2716981132075471,layer_bypass,88,2,middle,layer_bypass_l16_middle,0.4600694444444444,0.0,,,16.0,humaneval,0.1822916666666666,humaneval,2.114022225592713,0.9703031699497803,False,False,False
0.0972568578553615,1024.0,0.783203125,29.0,6,0,32,0.8342425187032418,6.824972152709961,23,32,20,802.0,0.183291770573566,layer_bypass,93,0,early,layer_bypass_l20_early,0.783203125,29.0,,,16.0,humaneval,0.166015625,humaneval,0.0472939346806159,0.03704075743540425,False,True,False
0.0389610389610389,576.0,0.1336805555555555,2.0,7,1,32,0.4650974025974026,6.842099189758301,15,32,20,77.0,0.3116883116883117,layer_bypass,90,1,late,layer_bypass_l20_late,0.1336805555555555,2.0,,,16.0,humaneval,0.1128472222222222,humaneval,0.8116313876748213,0.1394991447566099,False,False,False
0.0679245283018867,576.0,0.4600694444444444,0.0,6,0,32,0.3964622641509434,7.577606916427612,9,32,20,265.0,0.2792452830188679,layer_bypass,93,0,middle,layer_bypass_l20_middle,0.4600694444444444,0.0,,,16.0,humaneval,0.2013888888888889,humaneval,2.040329139346173,0.9364791948170912,False,True,False
0.054862842892768,1024.0,0.783203125,29.0,6,0,32,0.6489245635910225,6.678937911987305,23,32,24,802.0,0.2144638403990025,layer_bypass,92,0,early,layer_bypass_l24_early,0.783203125,29.0,,,16.0,humaneval,0.1875,humaneval,0.0483041300984489,0.037831945643511736,False,True,False
0.0649350649350649,576.0,0.1336805555555555,2.0,7,1,32,0.5162337662337663,5.80830454826355,16,32,24,77.0,0.1558441558441558,layer_bypass,81,1,late,layer_bypass_l24_late,0.1336805555555555,2.0,,,16.0,humaneval,0.1076388888888889,humaneval,0.8412626953954498,0.14459202577109295,False,False,False
0.0754716981132075,576.0,0.4600694444444444,0.0,7,1,32,0.4207547169811321,6.880224943161011,10,32,24,265.0,0.2339622641509434,layer_bypass,83,3,middle,layer_bypass_l24_middle,0.4600694444444444,0.0,,,16.0,humaneval,0.1631944444444444,humaneval,1.991692683849711,0.9141558216888322,False,False,False
0.1683291770573566,1024.0,0.783203125,29.0,6,0,32,1.3208385286783042,6.331600427627564,23,32,28,802.0,0.3229426433915212,layer_bypass,87,0,early,layer_bypass_l28_early,0.783203125,29.0,,,16.0,humaneval,0.2685546875,humaneval,0.0520847069949564,0.040792905283159216,False,True,False
0.0129870129870129,576.0,0.1336805555555555,2.0,6,0,32,0.502435064935065,7.678797960281372,21,32,28,77.0,0.3506493506493506,layer_bypass,105,0,late,layer_bypass_l28_late,0.1336805555555555,2.0,,,16.0,humaneval,0.1423611111111111,humaneval,0.8831280669647157,0.1517876365095605,False,True,False
0.0981132075471698,576.0,0.4600694444444444,0.0,7,1,32,0.5693396226415094,7.747222423553467,9,32,28,265.0,0.3660377358490566,layer_bypass,82,3,middle,layer_bypass_l28_middle,0.4600694444444444,0.0,,,16.0,humaneval,0.2135416666666666,humaneval,2.130183651666752,0.9777210119954818,False,False,False
0.2942643391521197,1024.0,0.783203125,29.0,6,0,32,3.3103179551122195,6.439727544784546,6,32,31,802.0,0.456359102244389,layer_bypass,88,2,early,layer_bypass_l31_early,0.783203125,29.0,,,16.0,humaneval,0.4814453125,humaneval,0.0476567254529634,0.037324896302027975,False,False,False
0.4675324675324675,576.0,0.1336805555555555,2.0,5,-1,32,3.426948051948052,6.062349081039429,12,32,31,77.0,0.3896103896103896,layer_bypass,82,1,late,layer_bypass_l31_late,0.1336805555555555,2.0,,,16.0,humaneval,0.5034722222222222,humaneval,0.8541879018587694,0.146813545631976,False,False,False
0.4075471698113208,576.0,0.4600694444444444,0.0,3,-3,32,2.3488207547169813,4.552027225494385,0,32,31,265.0,0.5018867924528302,layer_bypass,56,5,middle,layer_bypass_l31_middle,0.4600694444444444,0.0,,,16.0,humaneval,0.5798611111111112,humaneval,1.98607172816673,0.9115758908577765,False,False,False
