case_id,task,phase,scope,total_rows,active_experts,inactive_experts,geometry,mean_m_e,min_m_e,max_m_e,m_e_cv,operation,repetition,latency_ms
dense_000_real,gsm8k,early,measured_dense_runtime,1015,53,11,real,19.150943396226417,1,135,1.2120669384134413,vllm_fused,0,0.9362239837646484
dense_000_real,gsm8k,early,measured_dense_runtime,1015,53,11,real,19.150943396226417,1,135,1.2120669384134413,vllm_fused,1,0.8453760147094727
dense_000_real,gsm8k,early,measured_dense_runtime,1015,53,11,real,19.150943396226417,1,135,1.2120669384134413,vllm_fused,2,0.8381760120391846
dense_000_real,gsm8k,early,measured_dense_runtime,1015,53,11,real,19.150943396226417,1,135,1.2120669384134413,vllm_fused,3,0.828544020652771
dense_000_real,gsm8k,early,measured_dense_runtime,1015,53,11,real,19.150943396226417,1,135,1.2120669384134413,vllm_fused,4,0.8275200128555298
dense_000_real,gsm8k,early,measured_dense_runtime,1015,53,11,real,19.150943396226417,1,135,1.2120669384134413,vllm_fused,5,0.9514880180358887
dense_000_real,gsm8k,early,measured_dense_runtime,1015,53,11,real,19.150943396226417,1,135,1.2120669384134413,vllm_fused,6,0.9702079892158508
dense_000_real,gsm8k,early,measured_dense_runtime,1015,53,11,real,19.150943396226417,1,135,1.2120669384134413,vllm_fused,7,0.8752319812774658
dense_000_real,gsm8k,early,measured_dense_runtime,1015,53,11,real,19.150943396226417,1,135,1.2120669384134413,vllm_fused,8,0.824288010597229
dense_000_real,gsm8k,early,measured_dense_runtime,1015,53,11,real,19.150943396226417,1,135,1.2120669384134413,vllm_fused,9,0.8149440288543701
dense_000_real,gsm8k,early,measured_dense_runtime,1015,53,11,real,19.150943396226417,1,135,1.2120669384134413,vllm_fused,10,0.8176000118255615
dense_000_real,gsm8k,early,measured_dense_runtime,1015,53,11,real,19.150943396226417,1,135,1.2120669384134413,vllm_fused,11,0.8172799944877625
dense_000_real,gsm8k,early,measured_dense_runtime,1015,53,11,real,19.150943396226417,1,135,1.2120669384134413,vllm_fused,12,0.8109760284423828
dense_000_real,gsm8k,early,measured_dense_runtime,1015,53,11,real,19.150943396226417,1,135,1.2120669384134413,vllm_fused,13,0.8017920255661011
dense_000_real,gsm8k,early,measured_dense_runtime,1015,53,11,real,19.150943396226417,1,135,1.2120669384134413,vllm_fused,14,0.9085119962692261
dense_000_real,gsm8k,early,measured_dense_runtime,1015,53,11,real,19.150943396226417,1,135,1.2120669384134413,vllm_fused,15,0.9497920274734497
dense_000_real,gsm8k,early,measured_dense_runtime,1015,53,11,real,19.150943396226417,1,135,1.2120669384134413,vllm_fused,16,0.8958719968795776
dense_000_real,gsm8k,early,measured_dense_runtime,1015,53,11,real,19.150943396226417,1,135,1.2120669384134413,vllm_fused,17,0.826528012752533
dense_000_real,gsm8k,early,measured_dense_runtime,1015,53,11,real,19.150943396226417,1,135,1.2120669384134413,vllm_fused,18,0.819167971611023
dense_000_real,gsm8k,early,measured_dense_runtime,1015,53,11,real,19.150943396226417,1,135,1.2120669384134413,vllm_fused,19,0.826304018497467
dense_000_real,gsm8k,early,measured_dense_runtime,1015,53,11,real,19.150943396226417,1,135,1.2120669384134413,vllm_fused,20,0.8186879754066467
dense_000_real,gsm8k,early,measured_dense_runtime,1015,53,11,real,19.150943396226417,1,135,1.2120669384134413,vllm_fused,21,0.8170880079269409
dense_000_real,gsm8k,early,measured_dense_runtime,1015,53,11,real,19.150943396226417,1,135,1.2120669384134413,vllm_fused,22,0.8214079737663269
dense_000_real,gsm8k,early,measured_dense_runtime,1015,53,11,real,19.150943396226417,1,135,1.2120669384134413,vllm_fused,23,0.8272960186004639
dense_000_real,gsm8k,early,measured_dense_runtime,1015,53,11,real,19.150943396226417,1,135,1.2120669384134413,vllm_fused,24,0.8186879754066467
dense_000_real,gsm8k,early,measured_dense_runtime,1015,53,11,real,19.150943396226417,1,135,1.2120669384134413,vllm_fused,25,0.8057600259780884
dense_000_real,gsm8k,early,measured_dense_runtime,1015,53,11,real,19.150943396226417,1,135,1.2120669384134413,vllm_fused,26,0.8282240033149719
dense_000_real,gsm8k,early,measured_dense_runtime,1015,53,11,real,19.150943396226417,1,135,1.2120669384134413,vllm_fused,27,0.8186240196228027
dense_000_real,gsm8k,early,measured_dense_runtime,1015,53,11,real,19.150943396226417,1,135,1.2120669384134413,vllm_fused,28,0.9072319865226746
dense_000_real,gsm8k,early,measured_dense_runtime,1015,53,11,real,19.150943396226417,1,135,1.2120669384134413,vllm_fused,29,0.9220160245895386
dense_000_real,gsm8k,early,measured_dense_runtime,1015,53,11,real,19.150943396226417,1,135,1.2120669384134413,vllm_fused,30,0.9109439849853516
dense_000_real,gsm8k,early,measured_dense_runtime,1015,53,11,real,19.150943396226417,1,135,1.2120669384134413,vllm_fused,31,0.8297920227050781
dense_000_real,gsm8k,early,measured_dense_runtime,1015,53,11,real,19.150943396226417,1,135,1.2120669384134413,vllm_fused,32,0.8349760174751282
dense_000_real,gsm8k,early,measured_dense_runtime,1015,53,11,real,19.150943396226417,1,135,1.2120669384134413,vllm_fused,33,0.8000640273094177
dense_000_real,gsm8k,early,measured_dense_runtime,1015,53,11,real,19.150943396226417,1,135,1.2120669384134413,vllm_fused,34,0.8112000226974487
dense_000_real,gsm8k,early,measured_dense_runtime,1015,53,11,real,19.150943396226417,1,135,1.2120669384134413,vllm_fused,35,0.8147839903831482
dense_000_real,gsm8k,early,measured_dense_runtime,1015,53,11,real,19.150943396226417,1,135,1.2120669384134413,vllm_fused,36,0.830016016960144
dense_000_real,gsm8k,early,measured_dense_runtime,1015,53,11,real,19.150943396226417,1,135,1.2120669384134413,vllm_fused,37,0.8481919765472412
dense_000_real,gsm8k,early,measured_dense_runtime,1015,53,11,real,19.150943396226417,1,135,1.2120669384134413,vllm_fused,38,0.9154559969902039
dense_000_real,gsm8k,early,measured_dense_runtime,1015,53,11,real,19.150943396226417,1,135,1.2120669384134413,vllm_fused,39,0.9551360011100769
dense_000_real,gsm8k,early,measured_dense_runtime,1015,53,11,real,19.150943396226417,1,135,1.2120669384134413,torch_grouped_full64_prebuilt,0,0.6090559959411621
dense_000_real,gsm8k,early,measured_dense_runtime,1015,53,11,real,19.150943396226417,1,135,1.2120669384134413,torch_grouped_full64_prebuilt,1,0.6001279950141907
dense_000_real,gsm8k,early,measured_dense_runtime,1015,53,11,real,19.150943396226417,1,135,1.2120669384134413,torch_grouped_full64_prebuilt,2,0.5951039791107178
dense_000_real,gsm8k,early,measured_dense_runtime,1015,53,11,real,19.150943396226417,1,135,1.2120669384134413,torch_grouped_full64_prebuilt,3,0.5958719849586487
dense_000_real,gsm8k,early,measured_dense_runtime,1015,53,11,real,19.150943396226417,1,135,1.2120669384134413,torch_grouped_full64_prebuilt,4,0.5996800065040588
dense_000_real,gsm8k,early,measured_dense_runtime,1015,53,11,real,19.150943396226417,1,135,1.2120669384134413,torch_grouped_full64_prebuilt,5,0.5939199924468994
dense_000_real,gsm8k,early,measured_dense_runtime,1015,53,11,real,19.150943396226417,1,135,1.2120669384134413,torch_grouped_full64_prebuilt,6,0.5887680053710938
dense_000_real,gsm8k,early,measured_dense_runtime,1015,53,11,real,19.150943396226417,1,135,1.2120669384134413,torch_grouped_full64_prebuilt,7,0.5930879712104797
dense_000_real,gsm8k,early,measured_dense_runtime,1015,53,11,real,19.150943396226417,1,135,1.2120669384134413,torch_grouped_full64_prebuilt,8,0.594976007938385
dense_000_real,gsm8k,early,measured_dense_runtime,1015,53,11,real,19.150943396226417,1,135,1.2120669384134413,torch_grouped_full64_prebuilt,9,0.5925120115280151
dense_000_real,gsm8k,early,measured_dense_runtime,1015,53,11,real,19.150943396226417,1,135,1.2120669384134413,torch_grouped_full64_prebuilt,10,0.5923839807510376
dense_000_real,gsm8k,early,measured_dense_runtime,1015,53,11,real,19.150943396226417,1,135,1.2120669384134413,torch_grouped_full64_prebuilt,11,0.5956159830093384
dense_000_real,gsm8k,early,measured_dense_runtime,1015,53,11,real,19.150943396226417,1,135,1.2120669384134413,torch_grouped_full64_prebuilt,12,0.5952000021934509
dense_000_real,gsm8k,early,measured_dense_runtime,1015,53,11,real,19.150943396226417,1,135,1.2120669384134413,torch_grouped_full64_prebuilt,13,0.5937280058860779
dense_000_real,gsm8k,early,measured_dense_runtime,1015,53,11,real,19.150943396226417,1,135,1.2120669384134413,torch_grouped_full64_prebuilt,14,0.5967040061950684
dense_000_real,gsm8k,early,measured_dense_runtime,1015,53,11,real,19.150943396226417,1,135,1.2120669384134413,torch_grouped_full64_prebuilt,15,0.6002240180969238
dense_000_real,gsm8k,early,measured_dense_runtime,1015,53,11,real,19.150943396226417,1,135,1.2120669384134413,torch_grouped_full64_prebuilt,16,0.6044480204582214
dense_000_real,gsm8k,early,measured_dense_runtime,1015,53,11,real,19.150943396226417,1,135,1.2120669384134413,torch_grouped_full64_prebuilt,17,0.6016960144042969
dense_000_real,gsm8k,early,measured_dense_runtime,1015,53,11,real,19.150943396226417,1,135,1.2120669384134413,torch_grouped_full64_prebuilt,18,0.6145920157432556
dense_000_real,gsm8k,early,measured_dense_runtime,1015,53,11,real,19.150943396226417,1,135,1.2120669384134413,torch_grouped_full64_prebuilt,19,0.601472020149231
dense_000_real,gsm8k,early,measured_dense_runtime,1015,53,11,real,19.150943396226417,1,135,1.2120669384134413,torch_grouped_full64_prebuilt,20,0.6048319935798645
dense_000_real,gsm8k,early,measured_dense_runtime,1015,53,11,real,19.150943396226417,1,135,1.2120669384134413,torch_grouped_full64_prebuilt,21,0.6013759970664978
dense_000_real,gsm8k,early,measured_dense_runtime,1015,53,11,real,19.150943396226417,1,135,1.2120669384134413,torch_grouped_full64_prebuilt,22,0.6037759780883789
dense_000_real,gsm8k,early,measured_dense_runtime,1015,53,11,real,19.150943396226417,1,135,1.2120669384134413,torch_grouped_full64_prebuilt,23,0.6121600270271301
dense_000_real,gsm8k,early,measured_dense_runtime,1015,53,11,real,19.150943396226417,1,135,1.2120669384134413,torch_grouped_full64_prebuilt,24,0.6036800146102905
dense_000_real,gsm8k,early,measured_dense_runtime,1015,53,11,real,19.150943396226417,1,135,1.2120669384134413,torch_grouped_full64_prebuilt,25,0.596992015838623
dense_000_real,gsm8k,early,measured_dense_runtime,1015,53,11,real,19.150943396226417,1,135,1.2120669384134413,torch_grouped_full64_prebuilt,26,0.5876160264015198
dense_000_real,gsm8k,early,measured_dense_runtime,1015,53,11,real,19.150943396226417,1,135,1.2120669384134413,torch_grouped_full64_prebuilt,27,0.5941759943962097
dense_000_real,gsm8k,early,measured_dense_runtime,1015,53,11,real,19.150943396226417,1,135,1.2120669384134413,torch_grouped_full64_prebuilt,28,0.6018239855766296
dense_000_real,gsm8k,early,measured_dense_runtime,1015,53,11,real,19.150943396226417,1,135,1.2120669384134413,torch_grouped_full64_prebuilt,29,0.5946239829063416
dense_000_real,gsm8k,early,measured_dense_runtime,1015,53,11,real,19.150943396226417,1,135,1.2120669384134413,torch_grouped_full64_prebuilt,30,0.5933120250701904
dense_000_real,gsm8k,early,measured_dense_runtime,1015,53,11,real,19.150943396226417,1,135,1.2120669384134413,torch_grouped_full64_prebuilt,31,0.5966399908065796
dense_000_real,gsm8k,early,measured_dense_runtime,1015,53,11,real,19.150943396226417,1,135,1.2120669384134413,torch_grouped_full64_prebuilt,32,0.591871976852417
dense_000_real,gsm8k,early,measured_dense_runtime,1015,53,11,real,19.150943396226417,1,135,1.2120669384134413,torch_grouped_full64_prebuilt,33,0.6012799739837646
dense_000_real,gsm8k,early,measured_dense_runtime,1015,53,11,real,19.150943396226417,1,135,1.2120669384134413,torch_grouped_full64_prebuilt,34,0.6051520109176636
dense_000_real,gsm8k,early,measured_dense_runtime,1015,53,11,real,19.150943396226417,1,135,1.2120669384134413,torch_grouped_full64_prebuilt,35,0.6045439839363098
dense_000_real,gsm8k,early,measured_dense_runtime,1015,53,11,real,19.150943396226417,1,135,1.2120669384134413,torch_grouped_full64_prebuilt,36,0.6048319935798645
dense_000_real,gsm8k,early,measured_dense_runtime,1015,53,11,real,19.150943396226417,1,135,1.2120669384134413,torch_grouped_full64_prebuilt,37,0.5950719714164734
dense_000_real,gsm8k,early,measured_dense_runtime,1015,53,11,real,19.150943396226417,1,135,1.2120669384134413,torch_grouped_full64_prebuilt,38,0.6030399799346924
dense_000_real,gsm8k,early,measured_dense_runtime,1015,53,11,real,19.150943396226417,1,135,1.2120669384134413,torch_grouped_full64_prebuilt,39,0.5914880037307739
dense_000_real,gsm8k,early,measured_dense_runtime,1015,53,11,real,19.150943396226417,1,135,1.2120669384134413,torch_grouped_full64_cpu_list_offsets,0,0.7047359943389893
dense_000_real,gsm8k,early,measured_dense_runtime,1015,53,11,real,19.150943396226417,1,135,1.2120669384134413,torch_grouped_full64_cpu_list_offsets,1,0.6403200030326843
dense_000_real,gsm8k,early,measured_dense_runtime,1015,53,11,real,19.150943396226417,1,135,1.2120669384134413,torch_grouped_full64_cpu_list_offsets,2,0.6302080154418945
dense_000_real,gsm8k,early,measured_dense_runtime,1015,53,11,real,19.150943396226417,1,135,1.2120669384134413,torch_grouped_full64_cpu_list_offsets,3,0.6362239718437195
dense_000_real,gsm8k,early,measured_dense_runtime,1015,53,11,real,19.150943396226417,1,135,1.2120669384134413,torch_grouped_full64_cpu_list_offsets,4,0.6388800144195557
dense_000_real,gsm8k,early,measured_dense_runtime,1015,53,11,real,19.150943396226417,1,135,1.2120669384134413,torch_grouped_full64_cpu_list_offsets,5,0.6388480067253113
dense_000_real,gsm8k,early,measured_dense_runtime,1015,53,11,real,19.150943396226417,1,135,1.2120669384134413,torch_grouped_full64_cpu_list_offsets,6,0.6356800198554993
dense_000_real,gsm8k,early,measured_dense_runtime,1015,53,11,real,19.150943396226417,1,135,1.2120669384134413,torch_grouped_full64_cpu_list_offsets,7,0.6409599781036377
dense_000_real,gsm8k,early,measured_dense_runtime,1015,53,11,real,19.150943396226417,1,135,1.2120669384134413,torch_grouped_full64_cpu_list_offsets,8,0.6305279731750488
dense_000_real,gsm8k,early,measured_dense_runtime,1015,53,11,real,19.150943396226417,1,135,1.2120669384134413,torch_grouped_full64_cpu_list_offsets,9,0.6263359785079956
dense_000_real,gsm8k,early,measured_dense_runtime,1015,53,11,real,19.150943396226417,1,135,1.2120669384134413,torch_grouped_full64_cpu_list_offsets,10,0.635263979434967
dense_000_real,gsm8k,early,measured_dense_runtime,1015,53,11,real,19.150943396226417,1,135,1.2120669384134413,torch_grouped_full64_cpu_list_offsets,11,0.6376320123672485
dense_000_real,gsm8k,early,measured_dense_runtime,1015,53,11,real,19.150943396226417,1,135,1.2120669384134413,torch_grouped_full64_cpu_list_offsets,12,0.678272008895874
dense_000_real,gsm8k,early,measured_dense_runtime,1015,53,11,real,19.150943396226417,1,135,1.2120669384134413,torch_grouped_full64_cpu_list_offsets,13,0.6466240286827087
dense_000_real,gsm8k,early,measured_dense_runtime,1015,53,11,real,19.150943396226417,1,135,1.2120669384134413,torch_grouped_full64_cpu_list_offsets,14,0.7047359943389893
dense_000_real,gsm8k,early,measured_dense_runtime,1015,53,11,real,19.150943396226417,1,135,1.2120669384134413,torch_grouped_full64_cpu_list_offsets,15,0.6783679723739624
dense_000_real,gsm8k,early,measured_dense_runtime,1015,53,11,real,19.150943396226417,1,135,1.2120669384134413,torch_grouped_full64_cpu_list_offsets,16,0.6755520105361938
dense_000_real,gsm8k,early,measured_dense_runtime,1015,53,11,real,19.150943396226417,1,135,1.2120669384134413,torch_grouped_full64_cpu_list_offsets,17,0.68367999792099
dense_000_real,gsm8k,early,measured_dense_runtime,1015,53,11,real,19.150943396226417,1,135,1.2120669384134413,torch_grouped_full64_cpu_list_offsets,18,0.6703360080718994
dense_000_real,gsm8k,early,measured_dense_runtime,1015,53,11,real,19.150943396226417,1,135,1.2120669384134413,torch_grouped_full64_cpu_list_offsets,19,0.6746559739112854
dense_000_real,gsm8k,early,measured_dense_runtime,1015,53,11,real,19.150943396226417,1,135,1.2120669384134413,torch_grouped_full64_cpu_list_offsets,20,0.6532160043716431
dense_000_real,gsm8k,early,measured_dense_runtime,1015,53,11,real,19.150943396226417,1,135,1.2120669384134413,torch_grouped_full64_cpu_list_offsets,21,0.6432960033416748
dense_000_real,gsm8k,early,measured_dense_runtime,1015,53,11,real,19.150943396226417,1,135,1.2120669384134413,torch_grouped_full64_cpu_list_offsets,22,0.6302080154418945
dense_000_real,gsm8k,early,measured_dense_runtime,1015,53,11,real,19.150943396226417,1,135,1.2120669384134413,torch_grouped_full64_cpu_list_offsets,23,0.634880006313324
dense_000_real,gsm8k,early,measured_dense_runtime,1015,53,11,real,19.150943396226417,1,135,1.2120669384134413,torch_grouped_full64_cpu_list_offsets,24,0.6338239908218384
dense_000_real,gsm8k,early,measured_dense_runtime,1015,53,11,real,19.150943396226417,1,135,1.2120669384134413,torch_grouped_full64_cpu_list_offsets,25,0.6338559985160828
dense_000_real,gsm8k,early,measured_dense_runtime,1015,53,11,real,19.150943396226417,1,135,1.2120669384134413,torch_grouped_full64_cpu_list_offsets,26,0.6408960223197937
dense_000_real,gsm8k,early,measured_dense_runtime,1015,53,11,real,19.150943396226417,1,135,1.2120669384134413,torch_grouped_full64_cpu_list_offsets,27,0.6363199949264526
dense_000_real,gsm8k,early,measured_dense_runtime,1015,53,11,real,19.150943396226417,1,135,1.2120669384134413,torch_grouped_full64_cpu_list_offsets,28,0.6316159963607788
dense_000_real,gsm8k,early,measured_dense_runtime,1015,53,11,real,19.150943396226417,1,135,1.2120669384134413,torch_grouped_full64_cpu_list_offsets,29,0.661728024482727
dense_000_real,gsm8k,early,measured_dense_runtime,1015,53,11,real,19.150943396226417,1,135,1.2120669384134413,torch_grouped_full64_cpu_list_offsets,30,0.6792640089988708
dense_000_real,gsm8k,early,measured_dense_runtime,1015,53,11,real,19.150943396226417,1,135,1.2120669384134413,torch_grouped_full64_cpu_list_offsets,31,0.6857920289039612
dense_000_real,gsm8k,early,measured_dense_runtime,1015,53,11,real,19.150943396226417,1,135,1.2120669384134413,torch_grouped_full64_cpu_list_offsets,32,0.6407679915428162
dense_000_real,gsm8k,early,measured_dense_runtime,1015,53,11,real,19.150943396226417,1,135,1.2120669384134413,torch_grouped_full64_cpu_list_offsets,33,0.6414080262184143
dense_000_real,gsm8k,early,measured_dense_runtime,1015,53,11,real,19.150943396226417,1,135,1.2120669384134413,torch_grouped_full64_cpu_list_offsets,34,0.6297600269317627
dense_000_real,gsm8k,early,measured_dense_runtime,1015,53,11,real,19.150943396226417,1,135,1.2120669384134413,torch_grouped_full64_cpu_list_offsets,35,0.6249920129776001
dense_000_real,gsm8k,early,measured_dense_runtime,1015,53,11,real,19.150943396226417,1,135,1.2120669384134413,torch_grouped_full64_cpu_list_offsets,36,0.6284160017967224
dense_000_real,gsm8k,early,measured_dense_runtime,1015,53,11,real,19.150943396226417,1,135,1.2120669384134413,torch_grouped_full64_cpu_list_offsets,37,0.6322240233421326
dense_000_real,gsm8k,early,measured_dense_runtime,1015,53,11,real,19.150943396226417,1,135,1.2120669384134413,torch_grouped_full64_cpu_list_offsets,38,0.6382719874382019
dense_000_real,gsm8k,early,measured_dense_runtime,1015,53,11,real,19.150943396226417,1,135,1.2120669384134413,torch_grouped_full64_cpu_list_offsets,39,0.6305599808692932
dense_000_real,gsm8k,early,measured_dense_runtime,1015,53,11,real,19.150943396226417,1,135,1.2120669384134413,torch_grouped_full64_gpu_cumsum,0,0.6203200221061707
dense_000_real,gsm8k,early,measured_dense_runtime,1015,53,11,real,19.150943396226417,1,135,1.2120669384134413,torch_grouped_full64_gpu_cumsum,1,0.6148160099983215
dense_000_real,gsm8k,early,measured_dense_runtime,1015,53,11,real,19.150943396226417,1,135,1.2120669384134413,torch_grouped_full64_gpu_cumsum,2,0.6162880063056946
dense_000_real,gsm8k,early,measured_dense_runtime,1015,53,11,real,19.150943396226417,1,135,1.2120669384134413,torch_grouped_full64_gpu_cumsum,3,0.6149119734764099
dense_000_real,gsm8k,early,measured_dense_runtime,1015,53,11,real,19.150943396226417,1,135,1.2120669384134413,torch_grouped_full64_gpu_cumsum,4,0.6136959791183472
dense_000_real,gsm8k,early,measured_dense_runtime,1015,53,11,real,19.150943396226417,1,135,1.2120669384134413,torch_grouped_full64_gpu_cumsum,5,0.6074560284614563
dense_000_real,gsm8k,early,measured_dense_runtime,1015,53,11,real,19.150943396226417,1,135,1.2120669384134413,torch_grouped_full64_gpu_cumsum,6,0.615776002407074
dense_000_real,gsm8k,early,measured_dense_runtime,1015,53,11,real,19.150943396226417,1,135,1.2120669384134413,torch_grouped_full64_gpu_cumsum,7,0.6067839860916138
dense_000_real,gsm8k,early,measured_dense_runtime,1015,53,11,real,19.150943396226417,1,135,1.2120669384134413,torch_grouped_full64_gpu_cumsum,8,0.6218559741973877
dense_000_real,gsm8k,early,measured_dense_runtime,1015,53,11,real,19.150943396226417,1,135,1.2120669384134413,torch_grouped_full64_gpu_cumsum,9,0.6292480230331421
dense_000_real,gsm8k,early,measured_dense_runtime,1015,53,11,real,19.150943396226417,1,135,1.2120669384134413,torch_grouped_full64_gpu_cumsum,10,0.6356800198554993
dense_000_real,gsm8k,early,measured_dense_runtime,1015,53,11,real,19.150943396226417,1,135,1.2120669384134413,torch_grouped_full64_gpu_cumsum,11,0.6178240180015564
dense_000_real,gsm8k,early,measured_dense_runtime,1015,53,11,real,19.150943396226417,1,135,1.2120669384134413,torch_grouped_full64_gpu_cumsum,12,0.6100479960441589
dense_000_real,gsm8k,early,measured_dense_runtime,1015,53,11,real,19.150943396226417,1,135,1.2120669384134413,torch_grouped_full64_gpu_cumsum,13,0.6106879711151123
dense_000_real,gsm8k,early,measured_dense_runtime,1015,53,11,real,19.150943396226417,1,135,1.2120669384134413,torch_grouped_full64_gpu_cumsum,14,0.6175680160522461
dense_000_real,gsm8k,early,measured_dense_runtime,1015,53,11,real,19.150943396226417,1,135,1.2120669384134413,torch_grouped_full64_gpu_cumsum,15,0.6091200113296509
dense_000_real,gsm8k,early,measured_dense_runtime,1015,53,11,real,19.150943396226417,1,135,1.2120669384134413,torch_grouped_full64_gpu_cumsum,16,0.6071040034294128
dense_000_real,gsm8k,early,measured_dense_runtime,1015,53,11,real,19.150943396226417,1,135,1.2120669384134413,torch_grouped_full64_gpu_cumsum,17,0.6195520162582397
dense_000_real,gsm8k,early,measured_dense_runtime,1015,53,11,real,19.150943396226417,1,135,1.2120669384134413,torch_grouped_full64_gpu_cumsum,18,0.6082239747047424
dense_000_real,gsm8k,early,measured_dense_runtime,1015,53,11,real,19.150943396226417,1,135,1.2120669384134413,torch_grouped_full64_gpu_cumsum,19,0.6145280003547668
dense_000_real,gsm8k,early,measured_dense_runtime,1015,53,11,real,19.150943396226417,1,135,1.2120669384134413,torch_grouped_full64_gpu_cumsum,20,0.6079040169715881
dense_000_real,gsm8k,early,measured_dense_runtime,1015,53,11,real,19.150943396226417,1,135,1.2120669384134413,torch_grouped_full64_gpu_cumsum,21,0.6104639768600464
dense_000_real,gsm8k,early,measured_dense_runtime,1015,53,11,real,19.150943396226417,1,135,1.2120669384134413,torch_grouped_full64_gpu_cumsum,22,0.6176639795303345
dense_000_real,gsm8k,early,measured_dense_runtime,1015,53,11,real,19.150943396226417,1,135,1.2120669384134413,torch_grouped_full64_gpu_cumsum,23,0.6106879711151123
dense_000_real,gsm8k,early,measured_dense_runtime,1015,53,11,real,19.150943396226417,1,135,1.2120669384134413,torch_grouped_full64_gpu_cumsum,24,0.6030719876289368
dense_000_real,gsm8k,early,measured_dense_runtime,1015,53,11,real,19.150943396226417,1,135,1.2120669384134413,torch_grouped_full64_gpu_cumsum,25,0.6108800172805786
dense_000_real,gsm8k,early,measured_dense_runtime,1015,53,11,real,19.150943396226417,1,135,1.2120669384134413,torch_grouped_full64_gpu_cumsum,26,0.613152027130127
dense_000_real,gsm8k,early,measured_dense_runtime,1015,53,11,real,19.150943396226417,1,135,1.2120669384134413,torch_grouped_full64_gpu_cumsum,27,0.6195840239524841
dense_000_real,gsm8k,early,measured_dense_runtime,1015,53,11,real,19.150943396226417,1,135,1.2120669384134413,torch_grouped_full64_gpu_cumsum,28,0.628928005695343
dense_000_real,gsm8k,early,measured_dense_runtime,1015,53,11,real,19.150943396226417,1,135,1.2120669384134413,torch_grouped_full64_gpu_cumsum,29,0.61980801820755
dense_000_real,gsm8k,early,measured_dense_runtime,1015,53,11,real,19.150943396226417,1,135,1.2120669384134413,torch_grouped_full64_gpu_cumsum,30,0.644864022731781
dense_000_real,gsm8k,early,measured_dense_runtime,1015,53,11,real,19.150943396226417,1,135,1.2120669384134413,torch_grouped_full64_gpu_cumsum,31,0.6373760104179382
dense_000_real,gsm8k,early,measured_dense_runtime,1015,53,11,real,19.150943396226417,1,135,1.2120669384134413,torch_grouped_full64_gpu_cumsum,32,0.6241599917411804
dense_000_real,gsm8k,early,measured_dense_runtime,1015,53,11,real,19.150943396226417,1,135,1.2120669384134413,torch_grouped_full64_gpu_cumsum,33,0.6366080045700073
dense_000_real,gsm8k,early,measured_dense_runtime,1015,53,11,real,19.150943396226417,1,135,1.2120669384134413,torch_grouped_full64_gpu_cumsum,34,0.6331200003623962
dense_000_real,gsm8k,early,measured_dense_runtime,1015,53,11,real,19.150943396226417,1,135,1.2120669384134413,torch_grouped_full64_gpu_cumsum,35,0.623520016670227
dense_000_real,gsm8k,early,measured_dense_runtime,1015,53,11,real,19.150943396226417,1,135,1.2120669384134413,torch_grouped_full64_gpu_cumsum,36,0.6390399932861328
dense_000_real,gsm8k,early,measured_dense_runtime,1015,53,11,real,19.150943396226417,1,135,1.2120669384134413,torch_grouped_full64_gpu_cumsum,37,0.6264640092849731
dense_000_real,gsm8k,early,measured_dense_runtime,1015,53,11,real,19.150943396226417,1,135,1.2120669384134413,torch_grouped_full64_gpu_cumsum,38,0.6424959897994995
dense_000_real,gsm8k,early,measured_dense_runtime,1015,53,11,real,19.150943396226417,1,135,1.2120669384134413,torch_grouped_full64_gpu_cumsum,39,0.6296640038490295
dense_000_real,gsm8k,early,measured_dense_runtime,1015,53,11,real,19.150943396226417,1,135,1.2120669384134413,torch_grouped_active_prebuilt_oracle,0,0.5922560095787048
dense_000_real,gsm8k,early,measured_dense_runtime,1015,53,11,real,19.150943396226417,1,135,1.2120669384134413,torch_grouped_active_prebuilt_oracle,1,0.6047359704971313
dense_000_real,gsm8k,early,measured_dense_runtime,1015,53,11,real,19.150943396226417,1,135,1.2120669384134413,torch_grouped_active_prebuilt_oracle,2,0.5983679890632629
dense_000_real,gsm8k,early,measured_dense_runtime,1015,53,11,real,19.150943396226417,1,135,1.2120669384134413,torch_grouped_active_prebuilt_oracle,3,0.5949119925498962
dense_000_real,gsm8k,early,measured_dense_runtime,1015,53,11,real,19.150943396226417,1,135,1.2120669384134413,torch_grouped_active_prebuilt_oracle,4,0.5980160236358643
dense_000_real,gsm8k,early,measured_dense_runtime,1015,53,11,real,19.150943396226417,1,135,1.2120669384134413,torch_grouped_active_prebuilt_oracle,5,0.5968639850616455
dense_000_real,gsm8k,early,measured_dense_runtime,1015,53,11,real,19.150943396226417,1,135,1.2120669384134413,torch_grouped_active_prebuilt_oracle,6,0.5964800119400024
dense_000_real,gsm8k,early,measured_dense_runtime,1015,53,11,real,19.150943396226417,1,135,1.2120669384134413,torch_grouped_active_prebuilt_oracle,7,0.599232017993927
dense_000_real,gsm8k,early,measured_dense_runtime,1015,53,11,real,19.150943396226417,1,135,1.2120669384134413,torch_grouped_active_prebuilt_oracle,8,0.6073279976844788
dense_000_real,gsm8k,early,measured_dense_runtime,1015,53,11,real,19.150943396226417,1,135,1.2120669384134413,torch_grouped_active_prebuilt_oracle,9,0.6169599890708923
dense_000_real,gsm8k,early,measured_dense_runtime,1015,53,11,real,19.150943396226417,1,135,1.2120669384134413,torch_grouped_active_prebuilt_oracle,10,0.6106560230255127
dense_000_real,gsm8k,early,measured_dense_runtime,1015,53,11,real,19.150943396226417,1,135,1.2120669384134413,torch_grouped_active_prebuilt_oracle,11,0.605567991733551
dense_000_real,gsm8k,early,measured_dense_runtime,1015,53,11,real,19.150943396226417,1,135,1.2120669384134413,torch_grouped_active_prebuilt_oracle,12,0.6141759753227234
dense_000_real,gsm8k,early,measured_dense_runtime,1015,53,11,real,19.150943396226417,1,135,1.2120669384134413,torch_grouped_active_prebuilt_oracle,13,0.6019200086593628
dense_000_real,gsm8k,early,measured_dense_runtime,1015,53,11,real,19.150943396226417,1,135,1.2120669384134413,torch_grouped_active_prebuilt_oracle,14,0.6085759997367859
dense_000_real,gsm8k,early,measured_dense_runtime,1015,53,11,real,19.150943396226417,1,135,1.2120669384134413,torch_grouped_active_prebuilt_oracle,15,0.6059520244598389
dense_000_real,gsm8k,early,measured_dense_runtime,1015,53,11,real,19.150943396226417,1,135,1.2120669384134413,torch_grouped_active_prebuilt_oracle,16,0.5980160236358643
dense_000_real,gsm8k,early,measured_dense_runtime,1015,53,11,real,19.150943396226417,1,135,1.2120669384134413,torch_grouped_active_prebuilt_oracle,17,0.5965440273284912
dense_000_real,gsm8k,early,measured_dense_runtime,1015,53,11,real,19.150943396226417,1,135,1.2120669384134413,torch_grouped_active_prebuilt_oracle,18,0.5949119925498962
dense_000_real,gsm8k,early,measured_dense_runtime,1015,53,11,real,19.150943396226417,1,135,1.2120669384134413,torch_grouped_active_prebuilt_oracle,19,0.595583975315094
dense_000_real,gsm8k,early,measured_dense_runtime,1015,53,11,real,19.150943396226417,1,135,1.2120669384134413,torch_grouped_active_prebuilt_oracle,20,0.6056640148162842
dense_000_real,gsm8k,early,measured_dense_runtime,1015,53,11,real,19.150943396226417,1,135,1.2120669384134413,torch_grouped_active_prebuilt_oracle,21,0.596671998500824
dense_000_real,gsm8k,early,measured_dense_runtime,1015,53,11,real,19.150943396226417,1,135,1.2120669384134413,torch_grouped_active_prebuilt_oracle,22,0.5969280004501343
dense_000_real,gsm8k,early,measured_dense_runtime,1015,53,11,real,19.150943396226417,1,135,1.2120669384134413,torch_grouped_active_prebuilt_oracle,23,0.5960000157356262
dense_000_real,gsm8k,early,measured_dense_runtime,1015,53,11,real,19.150943396226417,1,135,1.2120669384134413,torch_grouped_active_prebuilt_oracle,24,0.5976319909095764
dense_000_real,gsm8k,early,measured_dense_runtime,1015,53,11,real,19.150943396226417,1,135,1.2120669384134413,torch_grouped_active_prebuilt_oracle,25,0.6064959764480591
dense_000_real,gsm8k,early,measured_dense_runtime,1015,53,11,real,19.150943396226417,1,135,1.2120669384134413,torch_grouped_active_prebuilt_oracle,26,0.6052799820899963
dense_000_real,gsm8k,early,measured_dense_runtime,1015,53,11,real,19.150943396226417,1,135,1.2120669384134413,torch_grouped_active_prebuilt_oracle,27,0.603007972240448
dense_000_real,gsm8k,early,measured_dense_runtime,1015,53,11,real,19.150943396226417,1,135,1.2120669384134413,torch_grouped_active_prebuilt_oracle,28,0.5989760160446167
dense_000_real,gsm8k,early,measured_dense_runtime,1015,53,11,real,19.150943396226417,1,135,1.2120669384134413,torch_grouped_active_prebuilt_oracle,29,0.5987200140953064
dense_000_real,gsm8k,early,measured_dense_runtime,1015,53,11,real,19.150943396226417,1,135,1.2120669384134413,torch_grouped_active_prebuilt_oracle,30,0.5940160155296326
dense_000_real,gsm8k,early,measured_dense_runtime,1015,53,11,real,19.150943396226417,1,135,1.2120669384134413,torch_grouped_active_prebuilt_oracle,31,0.5987520217895508
dense_000_real,gsm8k,early,measured_dense_runtime,1015,53,11,real,19.150943396226417,1,135,1.2120669384134413,torch_grouped_active_prebuilt_oracle,32,0.5981760025024414
dense_000_real,gsm8k,early,measured_dense_runtime,1015,53,11,real,19.150943396226417,1,135,1.2120669384134413,torch_grouped_active_prebuilt_oracle,33,0.6052799820899963
dense_000_real,gsm8k,early,measured_dense_runtime,1015,53,11,real,19.150943396226417,1,135,1.2120669384134413,torch_grouped_active_prebuilt_oracle,34,0.5960959792137146
dense_000_real,gsm8k,early,measured_dense_runtime,1015,53,11,real,19.150943396226417,1,135,1.2120669384134413,torch_grouped_active_prebuilt_oracle,35,0.599232017993927
dense_000_real,gsm8k,early,measured_dense_runtime,1015,53,11,real,19.150943396226417,1,135,1.2120669384134413,torch_grouped_active_prebuilt_oracle,36,0.5967360138893127
dense_000_real,gsm8k,early,measured_dense_runtime,1015,53,11,real,19.150943396226417,1,135,1.2120669384134413,torch_grouped_active_prebuilt_oracle,37,0.5974720120429993
dense_000_real,gsm8k,early,measured_dense_runtime,1015,53,11,real,19.150943396226417,1,135,1.2120669384134413,torch_grouped_active_prebuilt_oracle,38,0.6062080264091492
dense_000_real,gsm8k,early,measured_dense_runtime,1015,53,11,real,19.150943396226417,1,135,1.2120669384134413,torch_grouped_active_prebuilt_oracle,39,0.6011840105056763
dense_001_real,gsm8k,early,measured_dense_runtime,1937,49,15,real,39.53061224489796,1,534,2.1061012435708184,vllm_fused,0,0.8640639781951904
dense_001_real,gsm8k,early,measured_dense_runtime,1937,49,15,real,39.53061224489796,1,534,2.1061012435708184,vllm_fused,1,0.8522239923477173
dense_001_real,gsm8k,early,measured_dense_runtime,1937,49,15,real,39.53061224489796,1,534,2.1061012435708184,vllm_fused,2,0.8356159925460815
dense_001_real,gsm8k,early,measured_dense_runtime,1937,49,15,real,39.53061224489796,1,534,2.1061012435708184,vllm_fused,3,0.8605759739875793
dense_001_real,gsm8k,early,measured_dense_runtime,1937,49,15,real,39.53061224489796,1,534,2.1061012435708184,vllm_fused,4,0.8410879969596863
dense_001_real,gsm8k,early,measured_dense_runtime,1937,49,15,real,39.53061224489796,1,534,2.1061012435708184,vllm_fused,5,0.8385599851608276
dense_001_real,gsm8k,early,measured_dense_runtime,1937,49,15,real,39.53061224489796,1,534,2.1061012435708184,vllm_fused,6,0.8339200019836426
dense_001_real,gsm8k,early,measured_dense_runtime,1937,49,15,real,39.53061224489796,1,534,2.1061012435708184,vllm_fused,7,0.841759979724884
dense_001_real,gsm8k,early,measured_dense_runtime,1937,49,15,real,39.53061224489796,1,534,2.1061012435708184,vllm_fused,8,0.8228800296783447
dense_001_real,gsm8k,early,measured_dense_runtime,1937,49,15,real,39.53061224489796,1,534,2.1061012435708184,vllm_fused,9,0.8293120265007019
dense_001_real,gsm8k,early,measured_dense_runtime,1937,49,15,real,39.53061224489796,1,534,2.1061012435708184,vllm_fused,10,0.8383039832115173
dense_001_real,gsm8k,early,measured_dense_runtime,1937,49,15,real,39.53061224489796,1,534,2.1061012435708184,vllm_fused,11,0.8266879916191101
dense_001_real,gsm8k,early,measured_dense_runtime,1937,49,15,real,39.53061224489796,1,534,2.1061012435708184,vllm_fused,12,0.8262079954147339
dense_001_real,gsm8k,early,measured_dense_runtime,1937,49,15,real,39.53061224489796,1,534,2.1061012435708184,vllm_fused,13,0.8271039724349976
dense_001_real,gsm8k,early,measured_dense_runtime,1937,49,15,real,39.53061224489796,1,534,2.1061012435708184,vllm_fused,14,0.8291199803352356
dense_001_real,gsm8k,early,measured_dense_runtime,1937,49,15,real,39.53061224489796,1,534,2.1061012435708184,vllm_fused,15,0.8351359963417053
dense_001_real,gsm8k,early,measured_dense_runtime,1937,49,15,real,39.53061224489796,1,534,2.1061012435708184,vllm_fused,16,0.824288010597229
dense_001_real,gsm8k,early,measured_dense_runtime,1937,49,15,real,39.53061224489796,1,534,2.1061012435708184,vllm_fused,17,0.8364800214767456
dense_001_real,gsm8k,early,measured_dense_runtime,1937,49,15,real,39.53061224489796,1,534,2.1061012435708184,vllm_fused,18,0.8406400084495544
dense_001_real,gsm8k,early,measured_dense_runtime,1937,49,15,real,39.53061224489796,1,534,2.1061012435708184,vllm_fused,19,0.8703359961509705
dense_001_real,gsm8k,early,measured_dense_runtime,1937,49,15,real,39.53061224489796,1,534,2.1061012435708184,vllm_fused,20,0.8474559783935547
dense_001_real,gsm8k,early,measured_dense_runtime,1937,49,15,real,39.53061224489796,1,534,2.1061012435708184,vllm_fused,21,0.8290879726409912
dense_001_real,gsm8k,early,measured_dense_runtime,1937,49,15,real,39.53061224489796,1,534,2.1061012435708184,vllm_fused,22,0.8303679823875427
dense_001_real,gsm8k,early,measured_dense_runtime,1937,49,15,real,39.53061224489796,1,534,2.1061012435708184,vllm_fused,23,0.8333119750022888
dense_001_real,gsm8k,early,measured_dense_runtime,1937,49,15,real,39.53061224489796,1,534,2.1061012435708184,vllm_fused,24,0.8395199775695801
dense_001_real,gsm8k,early,measured_dense_runtime,1937,49,15,real,39.53061224489796,1,534,2.1061012435708184,vllm_fused,25,0.822048008441925
dense_001_real,gsm8k,early,measured_dense_runtime,1937,49,15,real,39.53061224489796,1,534,2.1061012435708184,vllm_fused,26,0.8311039805412292
dense_001_real,gsm8k,early,measured_dense_runtime,1937,49,15,real,39.53061224489796,1,534,2.1061012435708184,vllm_fused,27,0.830784022808075
dense_001_real,gsm8k,early,measured_dense_runtime,1937,49,15,real,39.53061224489796,1,534,2.1061012435708184,vllm_fused,28,0.8442879915237427
dense_001_real,gsm8k,early,measured_dense_runtime,1937,49,15,real,39.53061224489796,1,534,2.1061012435708184,vllm_fused,29,0.8373439908027649
dense_001_real,gsm8k,early,measured_dense_runtime,1937,49,15,real,39.53061224489796,1,534,2.1061012435708184,vllm_fused,30,0.9359040260314941
dense_001_real,gsm8k,early,measured_dense_runtime,1937,49,15,real,39.53061224489796,1,534,2.1061012435708184,vllm_fused,31,0.9481920003890991
dense_001_real,gsm8k,early,measured_dense_runtime,1937,49,15,real,39.53061224489796,1,534,2.1061012435708184,vllm_fused,32,1.0095360279083252
dense_001_real,gsm8k,early,measured_dense_runtime,1937,49,15,real,39.53061224489796,1,534,2.1061012435708184,vllm_fused,33,0.9095360040664673
dense_001_real,gsm8k,early,measured_dense_runtime,1937,49,15,real,39.53061224489796,1,534,2.1061012435708184,vllm_fused,34,0.9807680249214172
dense_001_real,gsm8k,early,measured_dense_runtime,1937,49,15,real,39.53061224489796,1,534,2.1061012435708184,vllm_fused,35,0.97980797290802
dense_001_real,gsm8k,early,measured_dense_runtime,1937,49,15,real,39.53061224489796,1,534,2.1061012435708184,vllm_fused,36,0.9046080112457275
dense_001_real,gsm8k,early,measured_dense_runtime,1937,49,15,real,39.53061224489796,1,534,2.1061012435708184,vllm_fused,37,0.8416320085525513
dense_001_real,gsm8k,early,measured_dense_runtime,1937,49,15,real,39.53061224489796,1,534,2.1061012435708184,vllm_fused,38,0.8508800268173218
dense_001_real,gsm8k,early,measured_dense_runtime,1937,49,15,real,39.53061224489796,1,534,2.1061012435708184,vllm_fused,39,0.8473280072212219
dense_001_real,gsm8k,early,measured_dense_runtime,1937,49,15,real,39.53061224489796,1,534,2.1061012435708184,torch_grouped_active_prebuilt_oracle,0,0.6055999994277954
dense_001_real,gsm8k,early,measured_dense_runtime,1937,49,15,real,39.53061224489796,1,534,2.1061012435708184,torch_grouped_active_prebuilt_oracle,1,0.6063039898872375
dense_001_real,gsm8k,early,measured_dense_runtime,1937,49,15,real,39.53061224489796,1,534,2.1061012435708184,torch_grouped_active_prebuilt_oracle,2,0.6104320287704468
dense_001_real,gsm8k,early,measured_dense_runtime,1937,49,15,real,39.53061224489796,1,534,2.1061012435708184,torch_grouped_active_prebuilt_oracle,3,0.6065279841423035
dense_001_real,gsm8k,early,measured_dense_runtime,1937,49,15,real,39.53061224489796,1,534,2.1061012435708184,torch_grouped_active_prebuilt_oracle,4,0.6062399744987488
dense_001_real,gsm8k,early,measured_dense_runtime,1937,49,15,real,39.53061224489796,1,534,2.1061012435708184,torch_grouped_active_prebuilt_oracle,5,0.6133440136909485
dense_001_real,gsm8k,early,measured_dense_runtime,1937,49,15,real,39.53061224489796,1,534,2.1061012435708184,torch_grouped_active_prebuilt_oracle,6,0.6132799983024597
dense_001_real,gsm8k,early,measured_dense_runtime,1937,49,15,real,39.53061224489796,1,534,2.1061012435708184,torch_grouped_active_prebuilt_oracle,7,0.6176319718360901
dense_001_real,gsm8k,early,measured_dense_runtime,1937,49,15,real,39.53061224489796,1,534,2.1061012435708184,torch_grouped_active_prebuilt_oracle,8,0.6130880117416382
dense_001_real,gsm8k,early,measured_dense_runtime,1937,49,15,real,39.53061224489796,1,534,2.1061012435708184,torch_grouped_active_prebuilt_oracle,9,0.6054720282554626
dense_001_real,gsm8k,early,measured_dense_runtime,1937,49,15,real,39.53061224489796,1,534,2.1061012435708184,torch_grouped_active_prebuilt_oracle,10,0.611840009689331
dense_001_real,gsm8k,early,measured_dense_runtime,1937,49,15,real,39.53061224489796,1,534,2.1061012435708184,torch_grouped_active_prebuilt_oracle,11,0.6045439839363098
dense_001_real,gsm8k,early,measured_dense_runtime,1937,49,15,real,39.53061224489796,1,534,2.1061012435708184,torch_grouped_active_prebuilt_oracle,12,0.6075199842453003
dense_001_real,gsm8k,early,measured_dense_runtime,1937,49,15,real,39.53061224489796,1,534,2.1061012435708184,torch_grouped_active_prebuilt_oracle,13,0.6048319935798645
dense_001_real,gsm8k,early,measured_dense_runtime,1937,49,15,real,39.53061224489796,1,534,2.1061012435708184,torch_grouped_active_prebuilt_oracle,14,0.6027200222015381
dense_001_real,gsm8k,early,measured_dense_runtime,1937,49,15,real,39.53061224489796,1,534,2.1061012435708184,torch_grouped_active_prebuilt_oracle,15,0.6041280031204224
dense_001_real,gsm8k,early,measured_dense_runtime,1937,49,15,real,39.53061224489796,1,534,2.1061012435708184,torch_grouped_active_prebuilt_oracle,16,0.603488028049469
dense_001_real,gsm8k,early,measured_dense_runtime,1937,49,15,real,39.53061224489796,1,534,2.1061012435708184,torch_grouped_active_prebuilt_oracle,17,0.6083199977874756
dense_001_real,gsm8k,early,measured_dense_runtime,1937,49,15,real,39.53061224489796,1,534,2.1061012435708184,torch_grouped_active_prebuilt_oracle,18,0.6162559986114502
dense_001_real,gsm8k,early,measured_dense_runtime,1937,49,15,real,39.53061224489796,1,534,2.1061012435708184,torch_grouped_active_prebuilt_oracle,19,0.6121919751167297
dense_001_real,gsm8k,early,measured_dense_runtime,1937,49,15,real,39.53061224489796,1,534,2.1061012435708184,torch_grouped_active_prebuilt_oracle,20,0.6236799955368042
dense_001_real,gsm8k,early,measured_dense_runtime,1937,49,15,real,39.53061224489796,1,534,2.1061012435708184,torch_grouped_active_prebuilt_oracle,21,0.6123520135879517
dense_001_real,gsm8k,early,measured_dense_runtime,1937,49,15,real,39.53061224489796,1,534,2.1061012435708184,torch_grouped_active_prebuilt_oracle,22,0.6094080209732056
dense_001_real,gsm8k,early,measured_dense_runtime,1937,49,15,real,39.53061224489796,1,534,2.1061012435708184,torch_grouped_active_prebuilt_oracle,23,0.6013759970664978
dense_001_real,gsm8k,early,measured_dense_runtime,1937,49,15,real,39.53061224489796,1,534,2.1061012435708184,torch_grouped_active_prebuilt_oracle,24,0.6014080047607422
dense_001_real,gsm8k,early,measured_dense_runtime,1937,49,15,real,39.53061224489796,1,534,2.1061012435708184,torch_grouped_active_prebuilt_oracle,25,0.6068480014801025
dense_001_real,gsm8k,early,measured_dense_runtime,1937,49,15,real,39.53061224489796,1,534,2.1061012435708184,torch_grouped_active_prebuilt_oracle,26,0.6050559878349304
dense_001_real,gsm8k,early,measured_dense_runtime,1937,49,15,real,39.53061224489796,1,534,2.1061012435708184,torch_grouped_active_prebuilt_oracle,27,0.6033920049667358
dense_001_real,gsm8k,early,measured_dense_runtime,1937,49,15,real,39.53061224489796,1,534,2.1061012435708184,torch_grouped_active_prebuilt_oracle,28,0.604960024356842
dense_001_real,gsm8k,early,measured_dense_runtime,1937,49,15,real,39.53061224489796,1,534,2.1061012435708184,torch_grouped_active_prebuilt_oracle,29,0.6064320206642151
dense_001_real,gsm8k,early,measured_dense_runtime,1937,49,15,real,39.53061224489796,1,534,2.1061012435708184,torch_grouped_active_prebuilt_oracle,30,0.603488028049469
dense_001_real,gsm8k,early,measured_dense_runtime,1937,49,15,real,39.53061224489796,1,534,2.1061012435708184,torch_grouped_active_prebuilt_oracle,31,0.6060159802436829
dense_001_real,gsm8k,early,measured_dense_runtime,1937,49,15,real,39.53061224489796,1,534,2.1061012435708184,torch_grouped_active_prebuilt_oracle,32,0.6097599864006042
dense_001_real,gsm8k,early,measured_dense_runtime,1937,49,15,real,39.53061224489796,1,534,2.1061012435708184,torch_grouped_active_prebuilt_oracle,33,0.6045439839363098
dense_001_real,gsm8k,early,measured_dense_runtime,1937,49,15,real,39.53061224489796,1,534,2.1061012435708184,torch_grouped_active_prebuilt_oracle,34,0.6111360192298889
dense_001_real,gsm8k,early,measured_dense_runtime,1937,49,15,real,39.53061224489796,1,534,2.1061012435708184,torch_grouped_active_prebuilt_oracle,35,0.6127679944038391
dense_001_real,gsm8k,early,measured_dense_runtime,1937,49,15,real,39.53061224489796,1,534,2.1061012435708184,torch_grouped_active_prebuilt_oracle,36,0.6114559769630432
dense_001_real,gsm8k,early,measured_dense_runtime,1937,49,15,real,39.53061224489796,1,534,2.1061012435708184,torch_grouped_active_prebuilt_oracle,37,0.6156160235404968
dense_001_real,gsm8k,early,measured_dense_runtime,1937,49,15,real,39.53061224489796,1,534,2.1061012435708184,torch_grouped_active_prebuilt_oracle,38,0.6168959736824036
dense_001_real,gsm8k,early,measured_dense_runtime,1937,49,15,real,39.53061224489796,1,534,2.1061012435708184,torch_grouped_active_prebuilt_oracle,39,0.6253119707107544
dense_001_real,gsm8k,early,measured_dense_runtime,1937,49,15,real,39.53061224489796,1,534,2.1061012435708184,torch_grouped_full64_prebuilt,0,0.6152639985084534
dense_001_real,gsm8k,early,measured_dense_runtime,1937,49,15,real,39.53061224489796,1,534,2.1061012435708184,torch_grouped_full64_prebuilt,1,0.6273279786109924
dense_001_real,gsm8k,early,measured_dense_runtime,1937,49,15,real,39.53061224489796,1,534,2.1061012435708184,torch_grouped_full64_prebuilt,2,0.6201599836349487
dense_001_real,gsm8k,early,measured_dense_runtime,1937,49,15,real,39.53061224489796,1,534,2.1061012435708184,torch_grouped_full64_prebuilt,3,0.6059200167655945
dense_001_real,gsm8k,early,measured_dense_runtime,1937,49,15,real,39.53061224489796,1,534,2.1061012435708184,torch_grouped_full64_prebuilt,4,0.6062719821929932
dense_001_real,gsm8k,early,measured_dense_runtime,1937,49,15,real,39.53061224489796,1,534,2.1061012435708184,torch_grouped_full64_prebuilt,5,0.6059839725494385
dense_001_real,gsm8k,early,measured_dense_runtime,1937,49,15,real,39.53061224489796,1,534,2.1061012435708184,torch_grouped_full64_prebuilt,6,0.6120319962501526
dense_001_real,gsm8k,early,measured_dense_runtime,1937,49,15,real,39.53061224489796,1,534,2.1061012435708184,torch_grouped_full64_prebuilt,7,0.6108480095863342
dense_001_real,gsm8k,early,measured_dense_runtime,1937,49,15,real,39.53061224489796,1,534,2.1061012435708184,torch_grouped_full64_prebuilt,8,0.6068800091743469
dense_001_real,gsm8k,early,measured_dense_runtime,1937,49,15,real,39.53061224489796,1,534,2.1061012435708184,torch_grouped_full64_prebuilt,9,0.6117119789123535
dense_001_real,gsm8k,early,measured_dense_runtime,1937,49,15,real,39.53061224489796,1,534,2.1061012435708184,torch_grouped_full64_prebuilt,10,0.60944002866745
dense_001_real,gsm8k,early,measured_dense_runtime,1937,49,15,real,39.53061224489796,1,534,2.1061012435708184,torch_grouped_full64_prebuilt,11,0.6043840050697327
dense_001_real,gsm8k,early,measured_dense_runtime,1937,49,15,real,39.53061224489796,1,534,2.1061012435708184,torch_grouped_full64_prebuilt,12,0.6176319718360901
dense_001_real,gsm8k,early,measured_dense_runtime,1937,49,15,real,39.53061224489796,1,534,2.1061012435708184,torch_grouped_full64_prebuilt,13,0.6150400042533875
dense_001_real,gsm8k,early,measured_dense_runtime,1937,49,15,real,39.53061224489796,1,534,2.1061012435708184,torch_grouped_full64_prebuilt,14,0.6267840266227722
dense_001_real,gsm8k,early,measured_dense_runtime,1937,49,15,real,39.53061224489796,1,534,2.1061012435708184,torch_grouped_full64_prebuilt,15,0.6236159801483154
dense_001_real,gsm8k,early,measured_dense_runtime,1937,49,15,real,39.53061224489796,1,534,2.1061012435708184,torch_grouped_full64_prebuilt,16,0.6082559823989868
dense_001_real,gsm8k,early,measured_dense_runtime,1937,49,15,real,39.53061224489796,1,534,2.1061012435708184,torch_grouped_full64_prebuilt,17,0.6076480150222778
dense_001_real,gsm8k,early,measured_dense_runtime,1937,49,15,real,39.53061224489796,1,534,2.1061012435708184,torch_grouped_full64_prebuilt,18,0.6061440110206604
dense_001_real,gsm8k,early,measured_dense_runtime,1937,49,15,real,39.53061224489796,1,534,2.1061012435708184,torch_grouped_full64_prebuilt,19,0.6036159992218018
dense_001_real,gsm8k,early,measured_dense_runtime,1937,49,15,real,39.53061224489796,1,534,2.1061012435708184,torch_grouped_full64_prebuilt,20,0.6076800227165222
dense_001_real,gsm8k,early,measured_dense_runtime,1937,49,15,real,39.53061224489796,1,534,2.1061012435708184,torch_grouped_full64_prebuilt,21,0.6059520244598389
dense_001_real,gsm8k,early,measured_dense_runtime,1937,49,15,real,39.53061224489796,1,534,2.1061012435708184,torch_grouped_full64_prebuilt,22,0.60944002866745
dense_001_real,gsm8k,early,measured_dense_runtime,1937,49,15,real,39.53061224489796,1,534,2.1061012435708184,torch_grouped_full64_prebuilt,23,0.6095359921455383
dense_001_real,gsm8k,early,measured_dense_runtime,1937,49,15,real,39.53061224489796,1,534,2.1061012435708184,torch_grouped_full64_prebuilt,24,0.6095359921455383
dense_001_real,gsm8k,early,measured_dense_runtime,1937,49,15,real,39.53061224489796,1,534,2.1061012435708184,torch_grouped_full64_prebuilt,25,0.6073600053787231
dense_001_real,gsm8k,early,measured_dense_runtime,1937,49,15,real,39.53061224489796,1,534,2.1061012435708184,torch_grouped_full64_prebuilt,26,0.6116480231285095
dense_001_real,gsm8k,early,measured_dense_runtime,1937,49,15,real,39.53061224489796,1,534,2.1061012435708184,torch_grouped_full64_prebuilt,27,0.6064959764480591
dense_001_real,gsm8k,early,measured_dense_runtime,1937,49,15,real,39.53061224489796,1,534,2.1061012435708184,torch_grouped_full64_prebuilt,28,0.6049919724464417
dense_001_real,gsm8k,early,measured_dense_runtime,1937,49,15,real,39.53061224489796,1,534,2.1061012435708184,torch_grouped_full64_prebuilt,29,0.6071680188179016
dense_001_real,gsm8k,early,measured_dense_runtime,1937,49,15,real,39.53061224489796,1,534,2.1061012435708184,torch_grouped_full64_prebuilt,30,0.6169599890708923
dense_001_real,gsm8k,early,measured_dense_runtime,1937,49,15,real,39.53061224489796,1,534,2.1061012435708184,torch_grouped_full64_prebuilt,31,0.6139839887619019
dense_001_real,gsm8k,early,measured_dense_runtime,1937,49,15,real,39.53061224489796,1,534,2.1061012435708184,torch_grouped_full64_prebuilt,32,0.6173440217971802
dense_001_real,gsm8k,early,measured_dense_runtime,1937,49,15,real,39.53061224489796,1,534,2.1061012435708184,torch_grouped_full64_prebuilt,33,0.6255999803543091
dense_001_real,gsm8k,early,measured_dense_runtime,1937,49,15,real,39.53061224489796,1,534,2.1061012435708184,torch_grouped_full64_prebuilt,34,0.6204800009727478
dense_001_real,gsm8k,early,measured_dense_runtime,1937,49,15,real,39.53061224489796,1,534,2.1061012435708184,torch_grouped_full64_prebuilt,35,0.611519992351532
dense_001_real,gsm8k,early,measured_dense_runtime,1937,49,15,real,39.53061224489796,1,534,2.1061012435708184,torch_grouped_full64_prebuilt,36,0.616320013999939
dense_001_real,gsm8k,early,measured_dense_runtime,1937,49,15,real,39.53061224489796,1,534,2.1061012435708184,torch_grouped_full64_prebuilt,37,0.6108800172805786
dense_001_real,gsm8k,early,measured_dense_runtime,1937,49,15,real,39.53061224489796,1,534,2.1061012435708184,torch_grouped_full64_prebuilt,38,0.616864025592804
dense_001_real,gsm8k,early,measured_dense_runtime,1937,49,15,real,39.53061224489796,1,534,2.1061012435708184,torch_grouped_full64_prebuilt,39,0.6060799956321716
dense_001_real,gsm8k,early,measured_dense_runtime,1937,49,15,real,39.53061224489796,1,534,2.1061012435708184,torch_grouped_full64_cpu_list_offsets,0,0.6775680184364319
dense_001_real,gsm8k,early,measured_dense_runtime,1937,49,15,real,39.53061224489796,1,534,2.1061012435708184,torch_grouped_full64_cpu_list_offsets,1,0.6560320258140564
dense_001_real,gsm8k,early,measured_dense_runtime,1937,49,15,real,39.53061224489796,1,534,2.1061012435708184,torch_grouped_full64_cpu_list_offsets,2,0.6704959869384766
dense_001_real,gsm8k,early,measured_dense_runtime,1937,49,15,real,39.53061224489796,1,534,2.1061012435708184,torch_grouped_full64_cpu_list_offsets,3,0.6838080286979675
dense_001_real,gsm8k,early,measured_dense_runtime,1937,49,15,real,39.53061224489796,1,534,2.1061012435708184,torch_grouped_full64_cpu_list_offsets,4,0.7031360268592834
dense_001_real,gsm8k,early,measured_dense_runtime,1937,49,15,real,39.53061224489796,1,534,2.1061012435708184,torch_grouped_full64_cpu_list_offsets,5,0.6662399768829346
dense_001_real,gsm8k,early,measured_dense_runtime,1937,49,15,real,39.53061224489796,1,534,2.1061012435708184,torch_grouped_full64_cpu_list_offsets,6,0.6463040113449097
dense_001_real,gsm8k,early,measured_dense_runtime,1937,49,15,real,39.53061224489796,1,534,2.1061012435708184,torch_grouped_full64_cpu_list_offsets,7,0.6451839804649353
dense_001_real,gsm8k,early,measured_dense_runtime,1937,49,15,real,39.53061224489796,1,534,2.1061012435708184,torch_grouped_full64_cpu_list_offsets,8,0.6467199921607971
dense_001_real,gsm8k,early,measured_dense_runtime,1937,49,15,real,39.53061224489796,1,534,2.1061012435708184,torch_grouped_full64_cpu_list_offsets,9,0.6493759751319885
dense_001_real,gsm8k,early,measured_dense_runtime,1937,49,15,real,39.53061224489796,1,534,2.1061012435708184,torch_grouped_full64_cpu_list_offsets,10,0.6416640281677246
dense_001_real,gsm8k,early,measured_dense_runtime,1937,49,15,real,39.53061224489796,1,534,2.1061012435708184,torch_grouped_full64_cpu_list_offsets,11,0.6419199705123901
dense_001_real,gsm8k,early,measured_dense_runtime,1937,49,15,real,39.53061224489796,1,534,2.1061012435708184,torch_grouped_full64_cpu_list_offsets,12,0.64547199010849
dense_001_real,gsm8k,early,measured_dense_runtime,1937,49,15,real,39.53061224489796,1,534,2.1061012435708184,torch_grouped_full64_cpu_list_offsets,13,0.6468160152435303
dense_001_real,gsm8k,early,measured_dense_runtime,1937,49,15,real,39.53061224489796,1,534,2.1061012435708184,torch_grouped_full64_cpu_list_offsets,14,0.6538879871368408
dense_001_real,gsm8k,early,measured_dense_runtime,1937,49,15,real,39.53061224489796,1,534,2.1061012435708184,torch_grouped_full64_cpu_list_offsets,15,0.6383039951324463
dense_001_real,gsm8k,early,measured_dense_runtime,1937,49,15,real,39.53061224489796,1,534,2.1061012435708184,torch_grouped_full64_cpu_list_offsets,16,0.6388800144195557
dense_001_real,gsm8k,early,measured_dense_runtime,1937,49,15,real,39.53061224489796,1,534,2.1061012435708184,torch_grouped_full64_cpu_list_offsets,17,0.639136016368866
dense_001_real,gsm8k,early,measured_dense_runtime,1937,49,15,real,39.53061224489796,1,534,2.1061012435708184,torch_grouped_full64_cpu_list_offsets,18,0.6470720171928406
dense_001_real,gsm8k,early,measured_dense_runtime,1937,49,15,real,39.53061224489796,1,534,2.1061012435708184,torch_grouped_full64_cpu_list_offsets,19,0.6612160205841064
dense_001_real,gsm8k,early,measured_dense_runtime,1937,49,15,real,39.53061224489796,1,534,2.1061012435708184,torch_grouped_full64_cpu_list_offsets,20,0.6723520159721375
dense_001_real,gsm8k,early,measured_dense_runtime,1937,49,15,real,39.53061224489796,1,534,2.1061012435708184,torch_grouped_full64_cpu_list_offsets,21,0.6782079935073853
dense_001_real,gsm8k,early,measured_dense_runtime,1937,49,15,real,39.53061224489796,1,534,2.1061012435708184,torch_grouped_full64_cpu_list_offsets,22,0.707360029220581
dense_001_real,gsm8k,early,measured_dense_runtime,1937,49,15,real,39.53061224489796,1,534,2.1061012435708184,torch_grouped_full64_cpu_list_offsets,23,0.6800000071525574
dense_001_real,gsm8k,early,measured_dense_runtime,1937,49,15,real,39.53061224489796,1,534,2.1061012435708184,torch_grouped_full64_cpu_list_offsets,24,0.6818559765815735
dense_001_real,gsm8k,early,measured_dense_runtime,1937,49,15,real,39.53061224489796,1,534,2.1061012435708184,torch_grouped_full64_cpu_list_offsets,25,0.6907200217247009
dense_001_real,gsm8k,early,measured_dense_runtime,1937,49,15,real,39.53061224489796,1,534,2.1061012435708184,torch_grouped_full64_cpu_list_offsets,26,0.6673600077629089
dense_001_real,gsm8k,early,measured_dense_runtime,1937,49,15,real,39.53061224489796,1,534,2.1061012435708184,torch_grouped_full64_cpu_list_offsets,27,0.6880000233650208
dense_001_real,gsm8k,early,measured_dense_runtime,1937,49,15,real,39.53061224489796,1,534,2.1061012435708184,torch_grouped_full64_cpu_list_offsets,28,0.6764799952507019
dense_001_real,gsm8k,early,measured_dense_runtime,1937,49,15,real,39.53061224489796,1,534,2.1061012435708184,torch_grouped_full64_cpu_list_offsets,29,0.6884160041809082
dense_001_real,gsm8k,early,measured_dense_runtime,1937,49,15,real,39.53061224489796,1,534,2.1061012435708184,torch_grouped_full64_cpu_list_offsets,30,0.6910399794578552
dense_001_real,gsm8k,early,measured_dense_runtime,1937,49,15,real,39.53061224489796,1,534,2.1061012435708184,torch_grouped_full64_cpu_list_offsets,31,0.6759999990463257
dense_001_real,gsm8k,early,measured_dense_runtime,1937,49,15,real,39.53061224489796,1,534,2.1061012435708184,torch_grouped_full64_cpu_list_offsets,32,0.6454079747200012
dense_001_real,gsm8k,early,measured_dense_runtime,1937,49,15,real,39.53061224489796,1,534,2.1061012435708184,torch_grouped_full64_cpu_list_offsets,33,0.6488639712333679
dense_001_real,gsm8k,early,measured_dense_runtime,1937,49,15,real,39.53061224489796,1,534,2.1061012435708184,torch_grouped_full64_cpu_list_offsets,34,0.6411839723587036
dense_001_real,gsm8k,early,measured_dense_runtime,1937,49,15,real,39.53061224489796,1,534,2.1061012435708184,torch_grouped_full64_cpu_list_offsets,35,0.6629120111465454
dense_001_real,gsm8k,early,measured_dense_runtime,1937,49,15,real,39.53061224489796,1,534,2.1061012435708184,torch_grouped_full64_cpu_list_offsets,36,0.6479679942131042
dense_001_real,gsm8k,early,measured_dense_runtime,1937,49,15,real,39.53061224489796,1,534,2.1061012435708184,torch_grouped_full64_cpu_list_offsets,37,0.6391680240631104
dense_001_real,gsm8k,early,measured_dense_runtime,1937,49,15,real,39.53061224489796,1,534,2.1061012435708184,torch_grouped_full64_cpu_list_offsets,38,0.6413440108299255
dense_001_real,gsm8k,early,measured_dense_runtime,1937,49,15,real,39.53061224489796,1,534,2.1061012435708184,torch_grouped_full64_cpu_list_offsets,39,0.6562240123748779
dense_001_real,gsm8k,early,measured_dense_runtime,1937,49,15,real,39.53061224489796,1,534,2.1061012435708184,torch_grouped_full64_gpu_cumsum,0,0.635200023651123
dense_001_real,gsm8k,early,measured_dense_runtime,1937,49,15,real,39.53061224489796,1,534,2.1061012435708184,torch_grouped_full64_gpu_cumsum,1,0.6217280030250549
dense_001_real,gsm8k,early,measured_dense_runtime,1937,49,15,real,39.53061224489796,1,534,2.1061012435708184,torch_grouped_full64_gpu_cumsum,2,0.6185920238494873
dense_001_real,gsm8k,early,measured_dense_runtime,1937,49,15,real,39.53061224489796,1,534,2.1061012435708184,torch_grouped_full64_gpu_cumsum,3,0.6260480284690857
dense_001_real,gsm8k,early,measured_dense_runtime,1937,49,15,real,39.53061224489796,1,534,2.1061012435708184,torch_grouped_full64_gpu_cumsum,4,0.6165440082550049
dense_001_real,gsm8k,early,measured_dense_runtime,1937,49,15,real,39.53061224489796,1,534,2.1061012435708184,torch_grouped_full64_gpu_cumsum,5,0.616703987121582
dense_001_real,gsm8k,early,measured_dense_runtime,1937,49,15,real,39.53061224489796,1,534,2.1061012435708184,torch_grouped_full64_gpu_cumsum,6,0.6262720227241516
dense_001_real,gsm8k,early,measured_dense_runtime,1937,49,15,real,39.53061224489796,1,534,2.1061012435708184,torch_grouped_full64_gpu_cumsum,7,0.6172159910202026
dense_001_real,gsm8k,early,measured_dense_runtime,1937,49,15,real,39.53061224489796,1,534,2.1061012435708184,torch_grouped_full64_gpu_cumsum,8,0.621504008769989
dense_001_real,gsm8k,early,measured_dense_runtime,1937,49,15,real,39.53061224489796,1,534,2.1061012435708184,torch_grouped_full64_gpu_cumsum,9,0.6223999857902527
dense_001_real,gsm8k,early,measured_dense_runtime,1937,49,15,real,39.53061224489796,1,534,2.1061012435708184,torch_grouped_full64_gpu_cumsum,10,0.6197440028190613
dense_001_real,gsm8k,early,measured_dense_runtime,1937,49,15,real,39.53061224489796,1,534,2.1061012435708184,torch_grouped_full64_gpu_cumsum,11,0.6201279759407043
dense_001_real,gsm8k,early,measured_dense_runtime,1937,49,15,real,39.53061224489796,1,534,2.1061012435708184,torch_grouped_full64_gpu_cumsum,12,0.6180800199508667
dense_001_real,gsm8k,early,measured_dense_runtime,1937,49,15,real,39.53061224489796,1,534,2.1061012435708184,torch_grouped_full64_gpu_cumsum,13,0.6174399852752686
dense_001_real,gsm8k,early,measured_dense_runtime,1937,49,15,real,39.53061224489796,1,534,2.1061012435708184,torch_grouped_full64_gpu_cumsum,14,0.6202880144119263
dense_001_real,gsm8k,early,measured_dense_runtime,1937,49,15,real,39.53061224489796,1,534,2.1061012435708184,torch_grouped_full64_gpu_cumsum,15,0.637503981590271
dense_001_real,gsm8k,early,measured_dense_runtime,1937,49,15,real,39.53061224489796,1,534,2.1061012435708184,torch_grouped_full64_gpu_cumsum,16,0.6340159773826599
dense_001_real,gsm8k,early,measured_dense_runtime,1937,49,15,real,39.53061224489796,1,534,2.1061012435708184,torch_grouped_full64_gpu_cumsum,17,0.6440960168838501
dense_001_real,gsm8k,early,measured_dense_runtime,1937,49,15,real,39.53061224489796,1,534,2.1061012435708184,torch_grouped_full64_gpu_cumsum,18,0.6474559903144836
dense_001_real,gsm8k,early,measured_dense_runtime,1937,49,15,real,39.53061224489796,1,534,2.1061012435708184,torch_grouped_full64_gpu_cumsum,19,0.635968029499054
dense_001_real,gsm8k,early,measured_dense_runtime,1937,49,15,real,39.53061224489796,1,534,2.1061012435708184,torch_grouped_full64_gpu_cumsum,20,0.6413760185241699
dense_001_real,gsm8k,early,measured_dense_runtime,1937,49,15,real,39.53061224489796,1,534,2.1061012435708184,torch_grouped_full64_gpu_cumsum,21,0.6487680077552795
dense_001_real,gsm8k,early,measured_dense_runtime,1937,49,15,real,39.53061224489796,1,534,2.1061012435708184,torch_grouped_full64_gpu_cumsum,22,0.6362879872322083
dense_001_real,gsm8k,early,measured_dense_runtime,1937,49,15,real,39.53061224489796,1,534,2.1061012435708184,torch_grouped_full64_gpu_cumsum,23,0.6477760076522827
dense_001_real,gsm8k,early,measured_dense_runtime,1937,49,15,real,39.53061224489796,1,534,2.1061012435708184,torch_grouped_full64_gpu_cumsum,24,0.6421759724617004
dense_001_real,gsm8k,early,measured_dense_runtime,1937,49,15,real,39.53061224489796,1,534,2.1061012435708184,torch_grouped_full64_gpu_cumsum,25,0.6351360082626343
dense_001_real,gsm8k,early,measured_dense_runtime,1937,49,15,real,39.53061224489796,1,534,2.1061012435708184,torch_grouped_full64_gpu_cumsum,26,0.6304320096969604
dense_001_real,gsm8k,early,measured_dense_runtime,1937,49,15,real,39.53061224489796,1,534,2.1061012435708184,torch_grouped_full64_gpu_cumsum,27,0.6236799955368042
dense_001_real,gsm8k,early,measured_dense_runtime,1937,49,15,real,39.53061224489796,1,534,2.1061012435708184,torch_grouped_full64_gpu_cumsum,28,0.6259840130805969
dense_001_real,gsm8k,early,measured_dense_runtime,1937,49,15,real,39.53061224489796,1,534,2.1061012435708184,torch_grouped_full64_gpu_cumsum,29,0.6182079911231995
dense_001_real,gsm8k,early,measured_dense_runtime,1937,49,15,real,39.53061224489796,1,534,2.1061012435708184,torch_grouped_full64_gpu_cumsum,30,0.6147519946098328
dense_001_real,gsm8k,early,measured_dense_runtime,1937,49,15,real,39.53061224489796,1,534,2.1061012435708184,torch_grouped_full64_gpu_cumsum,31,0.620959997177124
dense_001_real,gsm8k,early,measured_dense_runtime,1937,49,15,real,39.53061224489796,1,534,2.1061012435708184,torch_grouped_full64_gpu_cumsum,32,0.625216007232666
dense_001_real,gsm8k,early,measured_dense_runtime,1937,49,15,real,39.53061224489796,1,534,2.1061012435708184,torch_grouped_full64_gpu_cumsum,33,0.6233919858932495
dense_001_real,gsm8k,early,measured_dense_runtime,1937,49,15,real,39.53061224489796,1,534,2.1061012435708184,torch_grouped_full64_gpu_cumsum,34,0.6451839804649353
dense_001_real,gsm8k,early,measured_dense_runtime,1937,49,15,real,39.53061224489796,1,534,2.1061012435708184,torch_grouped_full64_gpu_cumsum,35,0.6365119814872742
dense_001_real,gsm8k,early,measured_dense_runtime,1937,49,15,real,39.53061224489796,1,534,2.1061012435708184,torch_grouped_full64_gpu_cumsum,36,0.6572480201721191
dense_001_real,gsm8k,early,measured_dense_runtime,1937,49,15,real,39.53061224489796,1,534,2.1061012435708184,torch_grouped_full64_gpu_cumsum,37,0.6446719765663147
dense_001_real,gsm8k,early,measured_dense_runtime,1937,49,15,real,39.53061224489796,1,534,2.1061012435708184,torch_grouped_full64_gpu_cumsum,38,0.6181120276451111
dense_001_real,gsm8k,early,measured_dense_runtime,1937,49,15,real,39.53061224489796,1,534,2.1061012435708184,torch_grouped_full64_gpu_cumsum,39,0.6262720227241516
dense_002_real,gsm8k,early,measured_dense_runtime,3181,35,29,real,90.88571428571429,1,749,1.8545389599707616,torch_grouped_full64_prebuilt,0,0.60726398229599
dense_002_real,gsm8k,early,measured_dense_runtime,3181,35,29,real,90.88571428571429,1,749,1.8545389599707616,torch_grouped_full64_prebuilt,1,0.5731520056724548
dense_002_real,gsm8k,early,measured_dense_runtime,3181,35,29,real,90.88571428571429,1,749,1.8545389599707616,torch_grouped_full64_prebuilt,2,0.5734080076217651
dense_002_real,gsm8k,early,measured_dense_runtime,3181,35,29,real,90.88571428571429,1,749,1.8545389599707616,torch_grouped_full64_prebuilt,3,0.5756800174713135
dense_002_real,gsm8k,early,measured_dense_runtime,3181,35,29,real,90.88571428571429,1,749,1.8545389599707616,torch_grouped_full64_prebuilt,4,0.5684800148010254
dense_002_real,gsm8k,early,measured_dense_runtime,3181,35,29,real,90.88571428571429,1,749,1.8545389599707616,torch_grouped_full64_prebuilt,5,0.5672640204429626
dense_002_real,gsm8k,early,measured_dense_runtime,3181,35,29,real,90.88571428571429,1,749,1.8545389599707616,torch_grouped_full64_prebuilt,6,0.574944019317627
dense_002_real,gsm8k,early,measured_dense_runtime,3181,35,29,real,90.88571428571429,1,749,1.8545389599707616,torch_grouped_full64_prebuilt,7,0.5711359977722168
dense_002_real,gsm8k,early,measured_dense_runtime,3181,35,29,real,90.88571428571429,1,749,1.8545389599707616,torch_grouped_full64_prebuilt,8,0.5694720149040222
dense_002_real,gsm8k,early,measured_dense_runtime,3181,35,29,real,90.88571428571429,1,749,1.8545389599707616,torch_grouped_full64_prebuilt,9,0.5783039927482605
dense_002_real,gsm8k,early,measured_dense_runtime,3181,35,29,real,90.88571428571429,1,749,1.8545389599707616,torch_grouped_full64_prebuilt,10,0.5789120197296143
dense_002_real,gsm8k,early,measured_dense_runtime,3181,35,29,real,90.88571428571429,1,749,1.8545389599707616,torch_grouped_full64_prebuilt,11,0.5858880281448364
dense_002_real,gsm8k,early,measured_dense_runtime,3181,35,29,real,90.88571428571429,1,749,1.8545389599707616,torch_grouped_full64_prebuilt,12,0.5739200115203857
dense_002_real,gsm8k,early,measured_dense_runtime,3181,35,29,real,90.88571428571429,1,749,1.8545389599707616,torch_grouped_full64_prebuilt,13,0.5725439786911011
dense_002_real,gsm8k,early,measured_dense_runtime,3181,35,29,real,90.88571428571429,1,749,1.8545389599707616,torch_grouped_full64_prebuilt,14,0.5701760053634644
dense_002_real,gsm8k,early,measured_dense_runtime,3181,35,29,real,90.88571428571429,1,749,1.8545389599707616,torch_grouped_full64_prebuilt,15,0.5704320073127747
dense_002_real,gsm8k,early,measured_dense_runtime,3181,35,29,real,90.88571428571429,1,749,1.8545389599707616,torch_grouped_full64_prebuilt,16,0.5714560151100159
dense_002_real,gsm8k,early,measured_dense_runtime,3181,35,29,real,90.88571428571429,1,749,1.8545389599707616,torch_grouped_full64_prebuilt,17,0.567520022392273
dense_002_real,gsm8k,early,measured_dense_runtime,3181,35,29,real,90.88571428571429,1,749,1.8545389599707616,torch_grouped_full64_prebuilt,18,0.5701119899749756
dense_002_real,gsm8k,early,measured_dense_runtime,3181,35,29,real,90.88571428571429,1,749,1.8545389599707616,torch_grouped_full64_prebuilt,19,0.5716480016708374
dense_002_real,gsm8k,early,measured_dense_runtime,3181,35,29,real,90.88571428571429,1,749,1.8545389599707616,torch_grouped_full64_prebuilt,20,0.5679360032081604
dense_002_real,gsm8k,early,measured_dense_runtime,3181,35,29,real,90.88571428571429,1,749,1.8545389599707616,torch_grouped_full64_prebuilt,21,0.5694400072097778
dense_002_real,gsm8k,early,measured_dense_runtime,3181,35,29,real,90.88571428571429,1,749,1.8545389599707616,torch_grouped_full64_prebuilt,22,0.5701760053634644
dense_002_real,gsm8k,early,measured_dense_runtime,3181,35,29,real,90.88571428571429,1,749,1.8545389599707616,torch_grouped_full64_prebuilt,23,0.5671679973602295
dense_002_real,gsm8k,early,measured_dense_runtime,3181,35,29,real,90.88571428571429,1,749,1.8545389599707616,torch_grouped_full64_prebuilt,24,0.5679680109024048
dense_002_real,gsm8k,early,measured_dense_runtime,3181,35,29,real,90.88571428571429,1,749,1.8545389599707616,torch_grouped_full64_prebuilt,25,0.5659199953079224
dense_002_real,gsm8k,early,measured_dense_runtime,3181,35,29,real,90.88571428571429,1,749,1.8545389599707616,torch_grouped_full64_prebuilt,26,0.5655679702758789
dense_002_real,gsm8k,early,measured_dense_runtime,3181,35,29,real,90.88571428571429,1,749,1.8545389599707616,torch_grouped_full64_prebuilt,27,0.5702080130577087
dense_002_real,gsm8k,early,measured_dense_runtime,3181,35,29,real,90.88571428571429,1,749,1.8545389599707616,torch_grouped_full64_prebuilt,28,0.5674560070037842
dense_002_real,gsm8k,early,measured_dense_runtime,3181,35,29,real,90.88571428571429,1,749,1.8545389599707616,torch_grouped_full64_prebuilt,29,0.5717120170593262
dense_002_real,gsm8k,early,measured_dense_runtime,3181,35,29,real,90.88571428571429,1,749,1.8545389599707616,torch_grouped_full64_prebuilt,30,0.5699520111083984
dense_002_real,gsm8k,early,measured_dense_runtime,3181,35,29,real,90.88571428571429,1,749,1.8545389599707616,torch_grouped_full64_prebuilt,31,0.5671039819717407
dense_002_real,gsm8k,early,measured_dense_runtime,3181,35,29,real,90.88571428571429,1,749,1.8545389599707616,torch_grouped_full64_prebuilt,32,0.5702400207519531
dense_002_real,gsm8k,early,measured_dense_runtime,3181,35,29,real,90.88571428571429,1,749,1.8545389599707616,torch_grouped_full64_prebuilt,33,0.5863040089607239
dense_002_real,gsm8k,early,measured_dense_runtime,3181,35,29,real,90.88571428571429,1,749,1.8545389599707616,torch_grouped_full64_prebuilt,34,0.5801600217819214
dense_002_real,gsm8k,early,measured_dense_runtime,3181,35,29,real,90.88571428571429,1,749,1.8545389599707616,torch_grouped_full64_prebuilt,35,0.5797119736671448
dense_002_real,gsm8k,early,measured_dense_runtime,3181,35,29,real,90.88571428571429,1,749,1.8545389599707616,torch_grouped_full64_prebuilt,36,0.5939199924468994
dense_002_real,gsm8k,early,measured_dense_runtime,3181,35,29,real,90.88571428571429,1,749,1.8545389599707616,torch_grouped_full64_prebuilt,37,0.580672025680542
dense_002_real,gsm8k,early,measured_dense_runtime,3181,35,29,real,90.88571428571429,1,749,1.8545389599707616,torch_grouped_full64_prebuilt,38,0.5815680027008057
dense_002_real,gsm8k,early,measured_dense_runtime,3181,35,29,real,90.88571428571429,1,749,1.8545389599707616,torch_grouped_full64_prebuilt,39,0.5737599730491638
dense_002_real,gsm8k,early,measured_dense_runtime,3181,35,29,real,90.88571428571429,1,749,1.8545389599707616,torch_grouped_full64_cpu_list_offsets,0,0.6345279812812805
dense_002_real,gsm8k,early,measured_dense_runtime,3181,35,29,real,90.88571428571429,1,749,1.8545389599707616,torch_grouped_full64_cpu_list_offsets,1,0.6122239828109741
dense_002_real,gsm8k,early,measured_dense_runtime,3181,35,29,real,90.88571428571429,1,749,1.8545389599707616,torch_grouped_full64_cpu_list_offsets,2,0.6063039898872375
dense_002_real,gsm8k,early,measured_dense_runtime,3181,35,29,real,90.88571428571429,1,749,1.8545389599707616,torch_grouped_full64_cpu_list_offsets,3,0.6093119978904724
dense_002_real,gsm8k,early,measured_dense_runtime,3181,35,29,real,90.88571428571429,1,749,1.8545389599707616,torch_grouped_full64_cpu_list_offsets,4,0.6093440055847168
dense_002_real,gsm8k,early,measured_dense_runtime,3181,35,29,real,90.88571428571429,1,749,1.8545389599707616,torch_grouped_full64_cpu_list_offsets,5,0.6066880226135254
dense_002_real,gsm8k,early,measured_dense_runtime,3181,35,29,real,90.88571428571429,1,749,1.8545389599707616,torch_grouped_full64_cpu_list_offsets,6,0.5992640256881714
dense_002_real,gsm8k,early,measured_dense_runtime,3181,35,29,real,90.88571428571429,1,749,1.8545389599707616,torch_grouped_full64_cpu_list_offsets,7,0.6082879900932312
dense_002_real,gsm8k,early,measured_dense_runtime,3181,35,29,real,90.88571428571429,1,749,1.8545389599707616,torch_grouped_full64_cpu_list_offsets,8,0.6102399826049805
dense_002_real,gsm8k,early,measured_dense_runtime,3181,35,29,real,90.88571428571429,1,749,1.8545389599707616,torch_grouped_full64_cpu_list_offsets,9,0.6164799928665161
dense_002_real,gsm8k,early,measured_dense_runtime,3181,35,29,real,90.88571428571429,1,749,1.8545389599707616,torch_grouped_full64_cpu_list_offsets,10,0.6025279760360718
dense_002_real,gsm8k,early,measured_dense_runtime,3181,35,29,real,90.88571428571429,1,749,1.8545389599707616,torch_grouped_full64_cpu_list_offsets,11,0.6053119897842407
dense_002_real,gsm8k,early,measured_dense_runtime,3181,35,29,real,90.88571428571429,1,749,1.8545389599707616,torch_grouped_full64_cpu_list_offsets,12,0.6100479960441589
dense_002_real,gsm8k,early,measured_dense_runtime,3181,35,29,real,90.88571428571429,1,749,1.8545389599707616,torch_grouped_full64_cpu_list_offsets,13,0.6058880090713501
dense_002_real,gsm8k,early,measured_dense_runtime,3181,35,29,real,90.88571428571429,1,749,1.8545389599707616,torch_grouped_full64_cpu_list_offsets,14,0.6167359948158264
dense_002_real,gsm8k,early,measured_dense_runtime,3181,35,29,real,90.88571428571429,1,749,1.8545389599707616,torch_grouped_full64_cpu_list_offsets,15,0.6044480204582214
dense_002_real,gsm8k,early,measured_dense_runtime,3181,35,29,real,90.88571428571429,1,749,1.8545389599707616,torch_grouped_full64_cpu_list_offsets,16,0.6340799927711487
dense_002_real,gsm8k,early,measured_dense_runtime,3181,35,29,real,90.88571428571429,1,749,1.8545389599707616,torch_grouped_full64_cpu_list_offsets,17,0.6351680159568787
dense_002_real,gsm8k,early,measured_dense_runtime,3181,35,29,real,90.88571428571429,1,749,1.8545389599707616,torch_grouped_full64_cpu_list_offsets,18,0.6671040058135986
dense_002_real,gsm8k,early,measured_dense_runtime,3181,35,29,real,90.88571428571429,1,749,1.8545389599707616,torch_grouped_full64_cpu_list_offsets,19,0.6460800170898438
dense_002_real,gsm8k,early,measured_dense_runtime,3181,35,29,real,90.88571428571429,1,749,1.8545389599707616,torch_grouped_full64_cpu_list_offsets,20,0.6546559929847717
dense_002_real,gsm8k,early,measured_dense_runtime,3181,35,29,real,90.88571428571429,1,749,1.8545389599707616,torch_grouped_full64_cpu_list_offsets,21,0.6613759994506836
dense_002_real,gsm8k,early,measured_dense_runtime,3181,35,29,real,90.88571428571429,1,749,1.8545389599707616,torch_grouped_full64_cpu_list_offsets,22,0.639743983745575
dense_002_real,gsm8k,early,measured_dense_runtime,3181,35,29,real,90.88571428571429,1,749,1.8545389599707616,torch_grouped_full64_cpu_list_offsets,23,0.6349760293960571
dense_002_real,gsm8k,early,measured_dense_runtime,3181,35,29,real,90.88571428571429,1,749,1.8545389599707616,torch_grouped_full64_cpu_list_offsets,24,0.6401919722557068
dense_002_real,gsm8k,early,measured_dense_runtime,3181,35,29,real,90.88571428571429,1,749,1.8545389599707616,torch_grouped_full64_cpu_list_offsets,25,0.6387199759483337
dense_002_real,gsm8k,early,measured_dense_runtime,3181,35,29,real,90.88571428571429,1,749,1.8545389599707616,torch_grouped_full64_cpu_list_offsets,26,0.6369600296020508
dense_002_real,gsm8k,early,measured_dense_runtime,3181,35,29,real,90.88571428571429,1,749,1.8545389599707616,torch_grouped_full64_cpu_list_offsets,27,0.6349440217018127
dense_002_real,gsm8k,early,measured_dense_runtime,3181,35,29,real,90.88571428571429,1,749,1.8545389599707616,torch_grouped_full64_cpu_list_offsets,28,0.6296960115432739
dense_002_real,gsm8k,early,measured_dense_runtime,3181,35,29,real,90.88571428571429,1,749,1.8545389599707616,torch_grouped_full64_cpu_list_offsets,29,0.6124160289764404
dense_002_real,gsm8k,early,measured_dense_runtime,3181,35,29,real,90.88571428571429,1,749,1.8545389599707616,torch_grouped_full64_cpu_list_offsets,30,0.6118720173835754
dense_002_real,gsm8k,early,measured_dense_runtime,3181,35,29,real,90.88571428571429,1,749,1.8545389599707616,torch_grouped_full64_cpu_list_offsets,31,0.6079679727554321
dense_002_real,gsm8k,early,measured_dense_runtime,3181,35,29,real,90.88571428571429,1,749,1.8545389599707616,torch_grouped_full64_cpu_list_offsets,32,0.6041600108146667
dense_002_real,gsm8k,early,measured_dense_runtime,3181,35,29,real,90.88571428571429,1,749,1.8545389599707616,torch_grouped_full64_cpu_list_offsets,33,0.6053119897842407
dense_002_real,gsm8k,early,measured_dense_runtime,3181,35,29,real,90.88571428571429,1,749,1.8545389599707616,torch_grouped_full64_cpu_list_offsets,34,0.5993919968605042
dense_002_real,gsm8k,early,measured_dense_runtime,3181,35,29,real,90.88571428571429,1,749,1.8545389599707616,torch_grouped_full64_cpu_list_offsets,35,0.6072959899902344
dense_002_real,gsm8k,early,measured_dense_runtime,3181,35,29,real,90.88571428571429,1,749,1.8545389599707616,torch_grouped_full64_cpu_list_offsets,36,0.6064000129699707
dense_002_real,gsm8k,early,measured_dense_runtime,3181,35,29,real,90.88571428571429,1,749,1.8545389599707616,torch_grouped_full64_cpu_list_offsets,37,0.6021119952201843
dense_002_real,gsm8k,early,measured_dense_runtime,3181,35,29,real,90.88571428571429,1,749,1.8545389599707616,torch_grouped_full64_cpu_list_offsets,38,0.6054400205612183
dense_002_real,gsm8k,early,measured_dense_runtime,3181,35,29,real,90.88571428571429,1,749,1.8545389599707616,torch_grouped_full64_cpu_list_offsets,39,0.6329920291900635
dense_002_real,gsm8k,early,measured_dense_runtime,3181,35,29,real,90.88571428571429,1,749,1.8545389599707616,vllm_fused,0,0.9782080054283142
dense_002_real,gsm8k,early,measured_dense_runtime,3181,35,29,real,90.88571428571429,1,749,1.8545389599707616,vllm_fused,1,0.9267839789390564
dense_002_real,gsm8k,early,measured_dense_runtime,3181,35,29,real,90.88571428571429,1,749,1.8545389599707616,vllm_fused,2,0.826367974281311
dense_002_real,gsm8k,early,measured_dense_runtime,3181,35,29,real,90.88571428571429,1,749,1.8545389599707616,vllm_fused,3,0.796288013458252
dense_002_real,gsm8k,early,measured_dense_runtime,3181,35,29,real,90.88571428571429,1,749,1.8545389599707616,vllm_fused,4,0.7896639704704285
dense_002_real,gsm8k,early,measured_dense_runtime,3181,35,29,real,90.88571428571429,1,749,1.8545389599707616,vllm_fused,5,0.8123840093612671
dense_002_real,gsm8k,early,measured_dense_runtime,3181,35,29,real,90.88571428571429,1,749,1.8545389599707616,vllm_fused,6,0.7893120050430298
dense_002_real,gsm8k,early,measured_dense_runtime,3181,35,29,real,90.88571428571429,1,749,1.8545389599707616,vllm_fused,7,0.7906879782676697
dense_002_real,gsm8k,early,measured_dense_runtime,3181,35,29,real,90.88571428571429,1,749,1.8545389599707616,vllm_fused,8,0.7850239872932434
dense_002_real,gsm8k,early,measured_dense_runtime,3181,35,29,real,90.88571428571429,1,749,1.8545389599707616,vllm_fused,9,0.7951679825782776
dense_002_real,gsm8k,early,measured_dense_runtime,3181,35,29,real,90.88571428571429,1,749,1.8545389599707616,vllm_fused,10,0.7918400168418884
dense_002_real,gsm8k,early,measured_dense_runtime,3181,35,29,real,90.88571428571429,1,749,1.8545389599707616,vllm_fused,11,0.7968320250511169
dense_002_real,gsm8k,early,measured_dense_runtime,3181,35,29,real,90.88571428571429,1,749,1.8545389599707616,vllm_fused,12,0.7869439721107483
dense_002_real,gsm8k,early,measured_dense_runtime,3181,35,29,real,90.88571428571429,1,749,1.8545389599707616,vllm_fused,13,0.7897599935531616
dense_002_real,gsm8k,early,measured_dense_runtime,3181,35,29,real,90.88571428571429,1,749,1.8545389599707616,vllm_fused,14,0.7832959890365601
dense_002_real,gsm8k,early,measured_dense_runtime,3181,35,29,real,90.88571428571429,1,749,1.8545389599707616,vllm_fused,15,0.7866880297660828
dense_002_real,gsm8k,early,measured_dense_runtime,3181,35,29,real,90.88571428571429,1,749,1.8545389599707616,vllm_fused,16,0.8340799808502197
dense_002_real,gsm8k,early,measured_dense_runtime,3181,35,29,real,90.88571428571429,1,749,1.8545389599707616,vllm_fused,17,0.9097920060157776
dense_002_real,gsm8k,early,measured_dense_runtime,3181,35,29,real,90.88571428571429,1,749,1.8545389599707616,vllm_fused,18,0.9444479942321777
dense_002_real,gsm8k,early,measured_dense_runtime,3181,35,29,real,90.88571428571429,1,749,1.8545389599707616,vllm_fused,19,0.9336640238761902
dense_002_real,gsm8k,early,measured_dense_runtime,3181,35,29,real,90.88571428571429,1,749,1.8545389599707616,vllm_fused,20,0.9725120067596436
dense_002_real,gsm8k,early,measured_dense_runtime,3181,35,29,real,90.88571428571429,1,749,1.8545389599707616,vllm_fused,21,0.9183679819107056
dense_002_real,gsm8k,early,measured_dense_runtime,3181,35,29,real,90.88571428571429,1,749,1.8545389599707616,vllm_fused,22,0.8791679739952087
dense_002_real,gsm8k,early,measured_dense_runtime,3181,35,29,real,90.88571428571429,1,749,1.8545389599707616,vllm_fused,23,0.8105599880218506
dense_002_real,gsm8k,early,measured_dense_runtime,3181,35,29,real,90.88571428571429,1,749,1.8545389599707616,vllm_fused,24,0.7963839769363403
dense_002_real,gsm8k,early,measured_dense_runtime,3181,35,29,real,90.88571428571429,1,749,1.8545389599707616,vllm_fused,25,0.7906240224838257
dense_002_real,gsm8k,early,measured_dense_runtime,3181,35,29,real,90.88571428571429,1,749,1.8545389599707616,vllm_fused,26,0.7944639921188354
dense_002_real,gsm8k,early,measured_dense_runtime,3181,35,29,real,90.88571428571429,1,749,1.8545389599707616,vllm_fused,27,0.785535991191864
dense_002_real,gsm8k,early,measured_dense_runtime,3181,35,29,real,90.88571428571429,1,749,1.8545389599707616,vllm_fused,28,0.7921919822692871
dense_002_real,gsm8k,early,measured_dense_runtime,3181,35,29,real,90.88571428571429,1,749,1.8545389599707616,vllm_fused,29,0.7831040024757385
dense_002_real,gsm8k,early,measured_dense_runtime,3181,35,29,real,90.88571428571429,1,749,1.8545389599707616,vllm_fused,30,0.7934719920158386
dense_002_real,gsm8k,early,measured_dense_runtime,3181,35,29,real,90.88571428571429,1,749,1.8545389599707616,vllm_fused,31,0.9254080057144165
dense_002_real,gsm8k,early,measured_dense_runtime,3181,35,29,real,90.88571428571429,1,749,1.8545389599707616,vllm_fused,32,0.9092159867286682
dense_002_real,gsm8k,early,measured_dense_runtime,3181,35,29,real,90.88571428571429,1,749,1.8545389599707616,vllm_fused,33,0.8463039994239807
dense_002_real,gsm8k,early,measured_dense_runtime,3181,35,29,real,90.88571428571429,1,749,1.8545389599707616,vllm_fused,34,0.8102080225944519
dense_002_real,gsm8k,early,measured_dense_runtime,3181,35,29,real,90.88571428571429,1,749,1.8545389599707616,vllm_fused,35,0.795744001865387
dense_002_real,gsm8k,early,measured_dense_runtime,3181,35,29,real,90.88571428571429,1,749,1.8545389599707616,vllm_fused,36,0.8067839741706848
dense_002_real,gsm8k,early,measured_dense_runtime,3181,35,29,real,90.88571428571429,1,749,1.8545389599707616,vllm_fused,37,0.7828800082206726
dense_002_real,gsm8k,early,measured_dense_runtime,3181,35,29,real,90.88571428571429,1,749,1.8545389599707616,vllm_fused,38,0.7808319926261902
dense_002_real,gsm8k,early,measured_dense_runtime,3181,35,29,real,90.88571428571429,1,749,1.8545389599707616,vllm_fused,39,0.7907199859619141
dense_002_real,gsm8k,early,measured_dense_runtime,3181,35,29,real,90.88571428571429,1,749,1.8545389599707616,torch_grouped_active_prebuilt_oracle,0,0.5624960064888
dense_002_real,gsm8k,early,measured_dense_runtime,3181,35,29,real,90.88571428571429,1,749,1.8545389599707616,torch_grouped_active_prebuilt_oracle,1,0.5699520111083984
dense_002_real,gsm8k,early,measured_dense_runtime,3181,35,29,real,90.88571428571429,1,749,1.8545389599707616,torch_grouped_active_prebuilt_oracle,2,0.5670080184936523
dense_002_real,gsm8k,early,measured_dense_runtime,3181,35,29,real,90.88571428571429,1,749,1.8545389599707616,torch_grouped_active_prebuilt_oracle,3,0.571295976638794
dense_002_real,gsm8k,early,measured_dense_runtime,3181,35,29,real,90.88571428571429,1,749,1.8545389599707616,torch_grouped_active_prebuilt_oracle,4,0.5691840052604675
dense_002_real,gsm8k,early,measured_dense_runtime,3181,35,29,real,90.88571428571429,1,749,1.8545389599707616,torch_grouped_active_prebuilt_oracle,5,0.5715839862823486
dense_002_real,gsm8k,early,measured_dense_runtime,3181,35,29,real,90.88571428571429,1,749,1.8545389599707616,torch_grouped_active_prebuilt_oracle,6,0.5684800148010254
dense_002_real,gsm8k,early,measured_dense_runtime,3181,35,29,real,90.88571428571429,1,749,1.8545389599707616,torch_grouped_active_prebuilt_oracle,7,0.5649279952049255
dense_002_real,gsm8k,early,measured_dense_runtime,3181,35,29,real,90.88571428571429,1,749,1.8545389599707616,torch_grouped_active_prebuilt_oracle,8,0.5716800093650818
dense_002_real,gsm8k,early,measured_dense_runtime,3181,35,29,real,90.88571428571429,1,749,1.8545389599707616,torch_grouped_active_prebuilt_oracle,9,0.5706560015678406
dense_002_real,gsm8k,early,measured_dense_runtime,3181,35,29,real,90.88571428571429,1,749,1.8545389599707616,torch_grouped_active_prebuilt_oracle,10,0.5678399801254272
dense_002_real,gsm8k,early,measured_dense_runtime,3181,35,29,real,90.88571428571429,1,749,1.8545389599707616,torch_grouped_active_prebuilt_oracle,11,0.5670719742774963
dense_002_real,gsm8k,early,measured_dense_runtime,3181,35,29,real,90.88571428571429,1,749,1.8545389599707616,torch_grouped_active_prebuilt_oracle,12,0.5703679919242859
dense_002_real,gsm8k,early,measured_dense_runtime,3181,35,29,real,90.88571428571429,1,749,1.8545389599707616,torch_grouped_active_prebuilt_oracle,13,0.5661119818687439
dense_002_real,gsm8k,early,measured_dense_runtime,3181,35,29,real,90.88571428571429,1,749,1.8545389599707616,torch_grouped_active_prebuilt_oracle,14,0.5700160264968872
dense_002_real,gsm8k,early,measured_dense_runtime,3181,35,29,real,90.88571428571429,1,749,1.8545389599707616,torch_grouped_active_prebuilt_oracle,15,0.5709440112113953
dense_002_real,gsm8k,early,measured_dense_runtime,3181,35,29,real,90.88571428571429,1,749,1.8545389599707616,torch_grouped_active_prebuilt_oracle,16,0.5720319747924805
dense_002_real,gsm8k,early,measured_dense_runtime,3181,35,29,real,90.88571428571429,1,749,1.8545389599707616,torch_grouped_active_prebuilt_oracle,17,0.5684800148010254
dense_002_real,gsm8k,early,measured_dense_runtime,3181,35,29,real,90.88571428571429,1,749,1.8545389599707616,torch_grouped_active_prebuilt_oracle,18,0.568992018699646
dense_002_real,gsm8k,early,measured_dense_runtime,3181,35,29,real,90.88571428571429,1,749,1.8545389599707616,torch_grouped_active_prebuilt_oracle,19,0.5700160264968872
dense_002_real,gsm8k,early,measured_dense_runtime,3181,35,29,real,90.88571428571429,1,749,1.8545389599707616,torch_grouped_active_prebuilt_oracle,20,0.5698239803314209
dense_002_real,gsm8k,early,measured_dense_runtime,3181,35,29,real,90.88571428571429,1,749,1.8545389599707616,torch_grouped_active_prebuilt_oracle,21,0.5697600245475769
dense_002_real,gsm8k,early,measured_dense_runtime,3181,35,29,real,90.88571428571429,1,749,1.8545389599707616,torch_grouped_active_prebuilt_oracle,22,0.5693439841270447
dense_002_real,gsm8k,early,measured_dense_runtime,3181,35,29,real,90.88571428571429,1,749,1.8545389599707616,torch_grouped_active_prebuilt_oracle,23,0.5753920078277588
dense_002_real,gsm8k,early,measured_dense_runtime,3181,35,29,real,90.88571428571429,1,749,1.8545389599707616,torch_grouped_active_prebuilt_oracle,24,0.5680320262908936
dense_002_real,gsm8k,early,measured_dense_runtime,3181,35,29,real,90.88571428571429,1,749,1.8545389599707616,torch_grouped_active_prebuilt_oracle,25,0.5655360221862793
dense_002_real,gsm8k,early,measured_dense_runtime,3181,35,29,real,90.88571428571429,1,749,1.8545389599707616,torch_grouped_active_prebuilt_oracle,26,0.5694079995155334
dense_002_real,gsm8k,early,measured_dense_runtime,3181,35,29,real,90.88571428571429,1,749,1.8545389599707616,torch_grouped_active_prebuilt_oracle,27,0.5735039710998535
dense_002_real,gsm8k,early,measured_dense_runtime,3181,35,29,real,90.88571428571429,1,749,1.8545389599707616,torch_grouped_active_prebuilt_oracle,28,0.5794879794120789
dense_002_real,gsm8k,early,measured_dense_runtime,3181,35,29,real,90.88571428571429,1,749,1.8545389599707616,torch_grouped_active_prebuilt_oracle,29,0.5821760296821594
dense_002_real,gsm8k,early,measured_dense_runtime,3181,35,29,real,90.88571428571429,1,749,1.8545389599707616,torch_grouped_active_prebuilt_oracle,30,0.5854079723358154
dense_002_real,gsm8k,early,measured_dense_runtime,3181,35,29,real,90.88571428571429,1,749,1.8545389599707616,torch_grouped_active_prebuilt_oracle,31,0.5774080157279968
dense_002_real,gsm8k,early,measured_dense_runtime,3181,35,29,real,90.88571428571429,1,749,1.8545389599707616,torch_grouped_active_prebuilt_oracle,32,0.5877760052680969
dense_002_real,gsm8k,early,measured_dense_runtime,3181,35,29,real,90.88571428571429,1,749,1.8545389599707616,torch_grouped_active_prebuilt_oracle,33,0.577567994594574
dense_002_real,gsm8k,early,measured_dense_runtime,3181,35,29,real,90.88571428571429,1,749,1.8545389599707616,torch_grouped_active_prebuilt_oracle,34,0.5904319882392883
dense_002_real,gsm8k,early,measured_dense_runtime,3181,35,29,real,90.88571428571429,1,749,1.8545389599707616,torch_grouped_active_prebuilt_oracle,35,0.5792639851570129
dense_002_real,gsm8k,early,measured_dense_runtime,3181,35,29,real,90.88571428571429,1,749,1.8545389599707616,torch_grouped_active_prebuilt_oracle,36,0.5806400179862976
dense_002_real,gsm8k,early,measured_dense_runtime,3181,35,29,real,90.88571428571429,1,749,1.8545389599707616,torch_grouped_active_prebuilt_oracle,37,0.5851519703865051
dense_002_real,gsm8k,early,measured_dense_runtime,3181,35,29,real,90.88571428571429,1,749,1.8545389599707616,torch_grouped_active_prebuilt_oracle,38,0.5756480097770691
dense_002_real,gsm8k,early,measured_dense_runtime,3181,35,29,real,90.88571428571429,1,749,1.8545389599707616,torch_grouped_active_prebuilt_oracle,39,0.5755519866943359
dense_002_real,gsm8k,early,measured_dense_runtime,3181,35,29,real,90.88571428571429,1,749,1.8545389599707616,torch_grouped_full64_gpu_cumsum,0,0.5913919806480408
dense_002_real,gsm8k,early,measured_dense_runtime,3181,35,29,real,90.88571428571429,1,749,1.8545389599707616,torch_grouped_full64_gpu_cumsum,1,0.5846719741821289
dense_002_real,gsm8k,early,measured_dense_runtime,3181,35,29,real,90.88571428571429,1,749,1.8545389599707616,torch_grouped_full64_gpu_cumsum,2,0.58815997838974
dense_002_real,gsm8k,early,measured_dense_runtime,3181,35,29,real,90.88571428571429,1,749,1.8545389599707616,torch_grouped_full64_gpu_cumsum,3,0.5790079832077026
dense_002_real,gsm8k,early,measured_dense_runtime,3181,35,29,real,90.88571428571429,1,749,1.8545389599707616,torch_grouped_full64_gpu_cumsum,4,0.5789759755134583
dense_002_real,gsm8k,early,measured_dense_runtime,3181,35,29,real,90.88571428571429,1,749,1.8545389599707616,torch_grouped_full64_gpu_cumsum,5,0.5959360003471375
dense_002_real,gsm8k,early,measured_dense_runtime,3181,35,29,real,90.88571428571429,1,749,1.8545389599707616,torch_grouped_full64_gpu_cumsum,6,0.5988799929618835
dense_002_real,gsm8k,early,measured_dense_runtime,3181,35,29,real,90.88571428571429,1,749,1.8545389599707616,torch_grouped_full64_gpu_cumsum,7,0.6033279895782471
dense_002_real,gsm8k,early,measured_dense_runtime,3181,35,29,real,90.88571428571429,1,749,1.8545389599707616,torch_grouped_full64_gpu_cumsum,8,0.6129279732704163
dense_002_real,gsm8k,early,measured_dense_runtime,3181,35,29,real,90.88571428571429,1,749,1.8545389599707616,torch_grouped_full64_gpu_cumsum,9,0.6023039817810059
dense_002_real,gsm8k,early,measured_dense_runtime,3181,35,29,real,90.88571428571429,1,749,1.8545389599707616,torch_grouped_full64_gpu_cumsum,10,0.6258879899978638
dense_002_real,gsm8k,early,measured_dense_runtime,3181,35,29,real,90.88571428571429,1,749,1.8545389599707616,torch_grouped_full64_gpu_cumsum,11,0.6021440029144287
dense_002_real,gsm8k,early,measured_dense_runtime,3181,35,29,real,90.88571428571429,1,749,1.8545389599707616,torch_grouped_full64_gpu_cumsum,12,0.6041920185089111
dense_002_real,gsm8k,early,measured_dense_runtime,3181,35,29,real,90.88571428571429,1,749,1.8545389599707616,torch_grouped_full64_gpu_cumsum,13,0.6078720092773438
dense_002_real,gsm8k,early,measured_dense_runtime,3181,35,29,real,90.88571428571429,1,749,1.8545389599707616,torch_grouped_full64_gpu_cumsum,14,0.6094080209732056
dense_002_real,gsm8k,early,measured_dense_runtime,3181,35,29,real,90.88571428571429,1,749,1.8545389599707616,torch_grouped_full64_gpu_cumsum,15,0.5879039764404297
dense_002_real,gsm8k,early,measured_dense_runtime,3181,35,29,real,90.88571428571429,1,749,1.8545389599707616,torch_grouped_full64_gpu_cumsum,16,0.587552011013031
dense_002_real,gsm8k,early,measured_dense_runtime,3181,35,29,real,90.88571428571429,1,749,1.8545389599707616,torch_grouped_full64_gpu_cumsum,17,0.5828800201416016
dense_002_real,gsm8k,early,measured_dense_runtime,3181,35,29,real,90.88571428571429,1,749,1.8545389599707616,torch_grouped_full64_gpu_cumsum,18,0.5903679728507996
dense_002_real,gsm8k,early,measured_dense_runtime,3181,35,29,real,90.88571428571429,1,749,1.8545389599707616,torch_grouped_full64_gpu_cumsum,19,0.5876160264015198
dense_002_real,gsm8k,early,measured_dense_runtime,3181,35,29,real,90.88571428571429,1,749,1.8545389599707616,torch_grouped_full64_gpu_cumsum,20,0.5836480259895325
dense_002_real,gsm8k,early,measured_dense_runtime,3181,35,29,real,90.88571428571429,1,749,1.8545389599707616,torch_grouped_full64_gpu_cumsum,21,0.5824959874153137
dense_002_real,gsm8k,early,measured_dense_runtime,3181,35,29,real,90.88571428571429,1,749,1.8545389599707616,torch_grouped_full64_gpu_cumsum,22,0.5812479853630066
dense_002_real,gsm8k,early,measured_dense_runtime,3181,35,29,real,90.88571428571429,1,749,1.8545389599707616,torch_grouped_full64_gpu_cumsum,23,0.5901119709014893
dense_002_real,gsm8k,early,measured_dense_runtime,3181,35,29,real,90.88571428571429,1,749,1.8545389599707616,torch_grouped_full64_gpu_cumsum,24,0.5815359950065613
dense_002_real,gsm8k,early,measured_dense_runtime,3181,35,29,real,90.88571428571429,1,749,1.8545389599707616,torch_grouped_full64_gpu_cumsum,25,0.5776000022888184
dense_002_real,gsm8k,early,measured_dense_runtime,3181,35,29,real,90.88571428571429,1,749,1.8545389599707616,torch_grouped_full64_gpu_cumsum,26,0.5836480259895325
dense_002_real,gsm8k,early,measured_dense_runtime,3181,35,29,real,90.88571428571429,1,749,1.8545389599707616,torch_grouped_full64_gpu_cumsum,27,0.578432023525238
dense_002_real,gsm8k,early,measured_dense_runtime,3181,35,29,real,90.88571428571429,1,749,1.8545389599707616,torch_grouped_full64_gpu_cumsum,28,0.5824959874153137
dense_002_real,gsm8k,early,measured_dense_runtime,3181,35,29,real,90.88571428571429,1,749,1.8545389599707616,torch_grouped_full64_gpu_cumsum,29,0.5876799821853638
dense_002_real,gsm8k,early,measured_dense_runtime,3181,35,29,real,90.88571428571429,1,749,1.8545389599707616,torch_grouped_full64_gpu_cumsum,30,0.5815359950065613
dense_002_real,gsm8k,early,measured_dense_runtime,3181,35,29,real,90.88571428571429,1,749,1.8545389599707616,torch_grouped_full64_gpu_cumsum,31,0.5859839916229248
dense_002_real,gsm8k,early,measured_dense_runtime,3181,35,29,real,90.88571428571429,1,749,1.8545389599707616,torch_grouped_full64_gpu_cumsum,32,0.5945600271224976
dense_002_real,gsm8k,early,measured_dense_runtime,3181,35,29,real,90.88571428571429,1,749,1.8545389599707616,torch_grouped_full64_gpu_cumsum,33,0.5794879794120789
dense_002_real,gsm8k,early,measured_dense_runtime,3181,35,29,real,90.88571428571429,1,749,1.8545389599707616,torch_grouped_full64_gpu_cumsum,34,0.5844799876213074
dense_002_real,gsm8k,early,measured_dense_runtime,3181,35,29,real,90.88571428571429,1,749,1.8545389599707616,torch_grouped_full64_gpu_cumsum,35,0.582912027835846
dense_002_real,gsm8k,early,measured_dense_runtime,3181,35,29,real,90.88571428571429,1,749,1.8545389599707616,torch_grouped_full64_gpu_cumsum,36,0.5833280086517334
dense_002_real,gsm8k,early,measured_dense_runtime,3181,35,29,real,90.88571428571429,1,749,1.8545389599707616,torch_grouped_full64_gpu_cumsum,37,0.5790719985961914
dense_002_real,gsm8k,early,measured_dense_runtime,3181,35,29,real,90.88571428571429,1,749,1.8545389599707616,torch_grouped_full64_gpu_cumsum,38,0.5876160264015198
dense_002_real,gsm8k,early,measured_dense_runtime,3181,35,29,real,90.88571428571429,1,749,1.8545389599707616,torch_grouped_full64_gpu_cumsum,39,0.5859519839286804
dense_003_real,gsm8k,late,measured_dense_runtime,57,12,52,real,4.75,1,14,0.8470251020753201,torch_grouped_full64_gpu_cumsum,0,0.21318399906158447
dense_003_real,gsm8k,late,measured_dense_runtime,57,12,52,real,4.75,1,14,0.8470251020753201,torch_grouped_full64_gpu_cumsum,1,0.1985280066728592
dense_003_real,gsm8k,late,measured_dense_runtime,57,12,52,real,4.75,1,14,0.8470251020753201,torch_grouped_full64_gpu_cumsum,2,0.1903039962053299
dense_003_real,gsm8k,late,measured_dense_runtime,57,12,52,real,4.75,1,14,0.8470251020753201,torch_grouped_full64_gpu_cumsum,3,0.1998080015182495
dense_003_real,gsm8k,late,measured_dense_runtime,57,12,52,real,4.75,1,14,0.8470251020753201,torch_grouped_full64_gpu_cumsum,4,0.1826239973306656
dense_003_real,gsm8k,late,measured_dense_runtime,57,12,52,real,4.75,1,14,0.8470251020753201,torch_grouped_full64_gpu_cumsum,5,0.18518400192260742
dense_003_real,gsm8k,late,measured_dense_runtime,57,12,52,real,4.75,1,14,0.8470251020753201,torch_grouped_full64_gpu_cumsum,6,0.18479999899864197
dense_003_real,gsm8k,late,measured_dense_runtime,57,12,52,real,4.75,1,14,0.8470251020753201,torch_grouped_full64_gpu_cumsum,7,0.18985599279403687
dense_003_real,gsm8k,late,measured_dense_runtime,57,12,52,real,4.75,1,14,0.8470251020753201,torch_grouped_full64_gpu_cumsum,8,0.18809600174427032
dense_003_real,gsm8k,late,measured_dense_runtime,57,12,52,real,4.75,1,14,0.8470251020753201,torch_grouped_full64_gpu_cumsum,9,0.1900160014629364
dense_003_real,gsm8k,late,measured_dense_runtime,57,12,52,real,4.75,1,14,0.8470251020753201,torch_grouped_full64_gpu_cumsum,10,0.18572799861431122
dense_003_real,gsm8k,late,measured_dense_runtime,57,12,52,real,4.75,1,14,0.8470251020753201,torch_grouped_full64_gpu_cumsum,11,0.18668800592422485
dense_003_real,gsm8k,late,measured_dense_runtime,57,12,52,real,4.75,1,14,0.8470251020753201,torch_grouped_full64_gpu_cumsum,12,0.18089599907398224
dense_003_real,gsm8k,late,measured_dense_runtime,57,12,52,real,4.75,1,14,0.8470251020753201,torch_grouped_full64_gpu_cumsum,13,0.18828800320625305
dense_003_real,gsm8k,late,measured_dense_runtime,57,12,52,real,4.75,1,14,0.8470251020753201,torch_grouped_full64_gpu_cumsum,14,0.18620799481868744
dense_003_real,gsm8k,late,measured_dense_runtime,57,12,52,real,4.75,1,14,0.8470251020753201,torch_grouped_full64_gpu_cumsum,15,0.18863999843597412
dense_003_real,gsm8k,late,measured_dense_runtime,57,12,52,real,4.75,1,14,0.8470251020753201,torch_grouped_full64_gpu_cumsum,16,0.1879040002822876
dense_003_real,gsm8k,late,measured_dense_runtime,57,12,52,real,4.75,1,14,0.8470251020753201,torch_grouped_full64_gpu_cumsum,17,0.18214400112628937
dense_003_real,gsm8k,late,measured_dense_runtime,57,12,52,real,4.75,1,14,0.8470251020753201,torch_grouped_full64_gpu_cumsum,18,0.18572799861431122
dense_003_real,gsm8k,late,measured_dense_runtime,57,12,52,real,4.75,1,14,0.8470251020753201,torch_grouped_full64_gpu_cumsum,19,0.18751999735832214
dense_003_real,gsm8k,late,measured_dense_runtime,57,12,52,real,4.75,1,14,0.8470251020753201,torch_grouped_full64_gpu_cumsum,20,0.18624000251293182
dense_003_real,gsm8k,late,measured_dense_runtime,57,12,52,real,4.75,1,14,0.8470251020753201,torch_grouped_full64_gpu_cumsum,21,0.18083199858665466
dense_003_real,gsm8k,late,measured_dense_runtime,57,12,52,real,4.75,1,14,0.8470251020753201,torch_grouped_full64_gpu_cumsum,22,0.18598400056362152
dense_003_real,gsm8k,late,measured_dense_runtime,57,12,52,real,4.75,1,14,0.8470251020753201,torch_grouped_full64_gpu_cumsum,23,0.20287999510765076
dense_003_real,gsm8k,late,measured_dense_runtime,57,12,52,real,4.75,1,14,0.8470251020753201,torch_grouped_full64_gpu_cumsum,24,0.19993600249290466
dense_003_real,gsm8k,late,measured_dense_runtime,57,12,52,real,4.75,1,14,0.8470251020753201,torch_grouped_full64_gpu_cumsum,25,0.2017280012369156
dense_003_real,gsm8k,late,measured_dense_runtime,57,12,52,real,4.75,1,14,0.8470251020753201,torch_grouped_full64_gpu_cumsum,26,0.19526399672031403
dense_003_real,gsm8k,late,measured_dense_runtime,57,12,52,real,4.75,1,14,0.8470251020753201,torch_grouped_full64_gpu_cumsum,27,0.20537599921226501
dense_003_real,gsm8k,late,measured_dense_runtime,57,12,52,real,4.75,1,14,0.8470251020753201,torch_grouped_full64_gpu_cumsum,28,0.20739200711250305
dense_003_real,gsm8k,late,measured_dense_runtime,57,12,52,real,4.75,1,14,0.8470251020753201,torch_grouped_full64_gpu_cumsum,29,0.19331200420856476
dense_003_real,gsm8k,late,measured_dense_runtime,57,12,52,real,4.75,1,14,0.8470251020753201,torch_grouped_full64_gpu_cumsum,30,0.18876799941062927
dense_003_real,gsm8k,late,measured_dense_runtime,57,12,52,real,4.75,1,14,0.8470251020753201,torch_grouped_full64_gpu_cumsum,31,0.18409599363803864
dense_003_real,gsm8k,late,measured_dense_runtime,57,12,52,real,4.75,1,14,0.8470251020753201,torch_grouped_full64_gpu_cumsum,32,0.18537600338459015
dense_003_real,gsm8k,late,measured_dense_runtime,57,12,52,real,4.75,1,14,0.8470251020753201,torch_grouped_full64_gpu_cumsum,33,0.18438400328159332
dense_003_real,gsm8k,late,measured_dense_runtime,57,12,52,real,4.75,1,14,0.8470251020753201,torch_grouped_full64_gpu_cumsum,34,0.18777599930763245
dense_003_real,gsm8k,late,measured_dense_runtime,57,12,52,real,4.75,1,14,0.8470251020753201,torch_grouped_full64_gpu_cumsum,35,0.1855359971523285
dense_003_real,gsm8k,late,measured_dense_runtime,57,12,52,real,4.75,1,14,0.8470251020753201,torch_grouped_full64_gpu_cumsum,36,0.18624000251293182
dense_003_real,gsm8k,late,measured_dense_runtime,57,12,52,real,4.75,1,14,0.8470251020753201,torch_grouped_full64_gpu_cumsum,37,0.18508799374103546
dense_003_real,gsm8k,late,measured_dense_runtime,57,12,52,real,4.75,1,14,0.8470251020753201,torch_grouped_full64_gpu_cumsum,38,0.18160000443458557
dense_003_real,gsm8k,late,measured_dense_runtime,57,12,52,real,4.75,1,14,0.8470251020753201,torch_grouped_full64_gpu_cumsum,39,0.18051199615001678
dense_003_real,gsm8k,late,measured_dense_runtime,57,12,52,real,4.75,1,14,0.8470251020753201,vllm_fused,0,0.37542399764060974
dense_003_real,gsm8k,late,measured_dense_runtime,57,12,52,real,4.75,1,14,0.8470251020753201,vllm_fused,1,0.30505600571632385
dense_003_real,gsm8k,late,measured_dense_runtime,57,12,52,real,4.75,1,14,0.8470251020753201,vllm_fused,2,0.27904000878334045
dense_003_real,gsm8k,late,measured_dense_runtime,57,12,52,real,4.75,1,14,0.8470251020753201,vllm_fused,3,0.26921600103378296
dense_003_real,gsm8k,late,measured_dense_runtime,57,12,52,real,4.75,1,14,0.8470251020753201,vllm_fused,4,0.2860479950904846
dense_003_real,gsm8k,late,measured_dense_runtime,57,12,52,real,4.75,1,14,0.8470251020753201,vllm_fused,5,0.2680639922618866
dense_003_real,gsm8k,late,measured_dense_runtime,57,12,52,real,4.75,1,14,0.8470251020753201,vllm_fused,6,0.3591040074825287
dense_003_real,gsm8k,late,measured_dense_runtime,57,12,52,real,4.75,1,14,0.8470251020753201,vllm_fused,7,0.3894079923629761
dense_003_real,gsm8k,late,measured_dense_runtime,57,12,52,real,4.75,1,14,0.8470251020753201,vllm_fused,8,0.42556801438331604
dense_003_real,gsm8k,late,measured_dense_runtime,57,12,52,real,4.75,1,14,0.8470251020753201,vllm_fused,9,0.42604801058769226
dense_003_real,gsm8k,late,measured_dense_runtime,57,12,52,real,4.75,1,14,0.8470251020753201,vllm_fused,10,0.48684799671173096
dense_003_real,gsm8k,late,measured_dense_runtime,57,12,52,real,4.75,1,14,0.8470251020753201,vllm_fused,11,0.44780799746513367
dense_003_real,gsm8k,late,measured_dense_runtime,57,12,52,real,4.75,1,14,0.8470251020753201,vllm_fused,12,0.445279985666275
dense_003_real,gsm8k,late,measured_dense_runtime,57,12,52,real,4.75,1,14,0.8470251020753201,vllm_fused,13,0.47283199429512024
dense_003_real,gsm8k,late,measured_dense_runtime,57,12,52,real,4.75,1,14,0.8470251020753201,vllm_fused,14,0.4270080029964447
dense_003_real,gsm8k,late,measured_dense_runtime,57,12,52,real,4.75,1,14,0.8470251020753201,vllm_fused,15,0.4387199878692627
dense_003_real,gsm8k,late,measured_dense_runtime,57,12,52,real,4.75,1,14,0.8470251020753201,vllm_fused,16,0.4661119878292084
dense_003_real,gsm8k,late,measured_dense_runtime,57,12,52,real,4.75,1,14,0.8470251020753201,vllm_fused,17,0.3107840120792389
dense_003_real,gsm8k,late,measured_dense_runtime,57,12,52,real,4.75,1,14,0.8470251020753201,vllm_fused,18,0.2699519991874695
dense_003_real,gsm8k,late,measured_dense_runtime,57,12,52,real,4.75,1,14,0.8470251020753201,vllm_fused,19,0.26393601298332214
dense_003_real,gsm8k,late,measured_dense_runtime,57,12,52,real,4.75,1,14,0.8470251020753201,vllm_fused,20,0.27430400252342224
dense_003_real,gsm8k,late,measured_dense_runtime,57,12,52,real,4.75,1,14,0.8470251020753201,vllm_fused,21,0.2656640112400055
dense_003_real,gsm8k,late,measured_dense_runtime,57,12,52,real,4.75,1,14,0.8470251020753201,vllm_fused,22,0.27296000719070435
dense_003_real,gsm8k,late,measured_dense_runtime,57,12,52,real,4.75,1,14,0.8470251020753201,vllm_fused,23,0.2616319954395294
dense_003_real,gsm8k,late,measured_dense_runtime,57,12,52,real,4.75,1,14,0.8470251020753201,vllm_fused,24,0.2571839988231659
dense_003_real,gsm8k,late,measured_dense_runtime,57,12,52,real,4.75,1,14,0.8470251020753201,vllm_fused,25,0.2685759961605072
dense_003_real,gsm8k,late,measured_dense_runtime,57,12,52,real,4.75,1,14,0.8470251020753201,vllm_fused,26,0.25705599784851074
dense_003_real,gsm8k,late,measured_dense_runtime,57,12,52,real,4.75,1,14,0.8470251020753201,vllm_fused,27,0.2585600018501282
dense_003_real,gsm8k,late,measured_dense_runtime,57,12,52,real,4.75,1,14,0.8470251020753201,vllm_fused,28,0.27004799246788025
dense_003_real,gsm8k,late,measured_dense_runtime,57,12,52,real,4.75,1,14,0.8470251020753201,vllm_fused,29,0.25830399990081787
dense_003_real,gsm8k,late,measured_dense_runtime,57,12,52,real,4.75,1,14,0.8470251020753201,vllm_fused,30,0.2542400062084198
dense_003_real,gsm8k,late,measured_dense_runtime,57,12,52,real,4.75,1,14,0.8470251020753201,vllm_fused,31,0.26972800493240356
dense_003_real,gsm8k,late,measured_dense_runtime,57,12,52,real,4.75,1,14,0.8470251020753201,vllm_fused,32,0.27241599559783936
dense_003_real,gsm8k,late,measured_dense_runtime,57,12,52,real,4.75,1,14,0.8470251020753201,vllm_fused,33,0.2600640058517456
dense_003_real,gsm8k,late,measured_dense_runtime,57,12,52,real,4.75,1,14,0.8470251020753201,vllm_fused,34,0.2730560004711151
dense_003_real,gsm8k,late,measured_dense_runtime,57,12,52,real,4.75,1,14,0.8470251020753201,vllm_fused,35,0.25814399123191833
dense_003_real,gsm8k,late,measured_dense_runtime,57,12,52,real,4.75,1,14,0.8470251020753201,vllm_fused,36,0.25702399015426636
dense_003_real,gsm8k,late,measured_dense_runtime,57,12,52,real,4.75,1,14,0.8470251020753201,vllm_fused,37,0.2999039888381958
dense_003_real,gsm8k,late,measured_dense_runtime,57,12,52,real,4.75,1,14,0.8470251020753201,vllm_fused,38,0.2727679908275604
dense_003_real,gsm8k,late,measured_dense_runtime,57,12,52,real,4.75,1,14,0.8470251020753201,vllm_fused,39,0.2629440128803253
dense_003_real,gsm8k,late,measured_dense_runtime,57,12,52,real,4.75,1,14,0.8470251020753201,torch_grouped_active_prebuilt_oracle,0,0.17974400520324707
dense_003_real,gsm8k,late,measured_dense_runtime,57,12,52,real,4.75,1,14,0.8470251020753201,torch_grouped_active_prebuilt_oracle,1,0.1736000031232834
dense_003_real,gsm8k,late,measured_dense_runtime,57,12,52,real,4.75,1,14,0.8470251020753201,torch_grouped_active_prebuilt_oracle,2,0.1728000044822693
dense_003_real,gsm8k,late,measured_dense_runtime,57,12,52,real,4.75,1,14,0.8470251020753201,torch_grouped_active_prebuilt_oracle,3,0.16976000368595123
dense_003_real,gsm8k,late,measured_dense_runtime,57,12,52,real,4.75,1,14,0.8470251020753201,torch_grouped_active_prebuilt_oracle,4,0.16812799870967865
dense_003_real,gsm8k,late,measured_dense_runtime,57,12,52,real,4.75,1,14,0.8470251020753201,torch_grouped_active_prebuilt_oracle,5,0.1682559996843338
dense_003_real,gsm8k,late,measured_dense_runtime,57,12,52,real,4.75,1,14,0.8470251020753201,torch_grouped_active_prebuilt_oracle,6,0.17270399630069733
dense_003_real,gsm8k,late,measured_dense_runtime,57,12,52,real,4.75,1,14,0.8470251020753201,torch_grouped_active_prebuilt_oracle,7,0.16755199432373047
dense_003_real,gsm8k,late,measured_dense_runtime,57,12,52,real,4.75,1,14,0.8470251020753201,torch_grouped_active_prebuilt_oracle,8,0.16921600699424744
dense_003_real,gsm8k,late,measured_dense_runtime,57,12,52,real,4.75,1,14,0.8470251020753201,torch_grouped_active_prebuilt_oracle,9,0.16883200407028198
dense_003_real,gsm8k,late,measured_dense_runtime,57,12,52,real,4.75,1,14,0.8470251020753201,torch_grouped_active_prebuilt_oracle,10,0.16867199540138245
dense_003_real,gsm8k,late,measured_dense_runtime,57,12,52,real,4.75,1,14,0.8470251020753201,torch_grouped_active_prebuilt_oracle,11,0.17081600427627563
dense_003_real,gsm8k,late,measured_dense_runtime,57,12,52,real,4.75,1,14,0.8470251020753201,torch_grouped_active_prebuilt_oracle,12,0.17324799299240112
dense_003_real,gsm8k,late,measured_dense_runtime,57,12,52,real,4.75,1,14,0.8470251020753201,torch_grouped_active_prebuilt_oracle,13,0.16918399930000305
dense_003_real,gsm8k,late,measured_dense_runtime,57,12,52,real,4.75,1,14,0.8470251020753201,torch_grouped_active_prebuilt_oracle,14,0.16681599617004395
dense_003_real,gsm8k,late,measured_dense_runtime,57,12,52,real,4.75,1,14,0.8470251020753201,torch_grouped_active_prebuilt_oracle,15,0.16777600347995758
dense_003_real,gsm8k,late,measured_dense_runtime,57,12,52,real,4.75,1,14,0.8470251020753201,torch_grouped_active_prebuilt_oracle,16,0.17129600048065186
dense_003_real,gsm8k,late,measured_dense_runtime,57,12,52,real,4.75,1,14,0.8470251020753201,torch_grouped_active_prebuilt_oracle,17,0.17244799435138702
dense_003_real,gsm8k,late,measured_dense_runtime,57,12,52,real,4.75,1,14,0.8470251020753201,torch_grouped_active_prebuilt_oracle,18,0.1679680049419403
dense_003_real,gsm8k,late,measured_dense_runtime,57,12,52,real,4.75,1,14,0.8470251020753201,torch_grouped_active_prebuilt_oracle,19,0.1682559996843338
dense_003_real,gsm8k,late,measured_dense_runtime,57,12,52,real,4.75,1,14,0.8470251020753201,torch_grouped_active_prebuilt_oracle,20,0.16655999422073364
dense_003_real,gsm8k,late,measured_dense_runtime,57,12,52,real,4.75,1,14,0.8470251020753201,torch_grouped_active_prebuilt_oracle,21,0.1720000058412552
dense_003_real,gsm8k,late,measured_dense_runtime,57,12,52,real,4.75,1,14,0.8470251020753201,torch_grouped_active_prebuilt_oracle,22,0.1828799992799759
dense_003_real,gsm8k,late,measured_dense_runtime,57,12,52,real,4.75,1,14,0.8470251020753201,torch_grouped_active_prebuilt_oracle,23,0.16944000124931335
dense_003_real,gsm8k,late,measured_dense_runtime,57,12,52,real,4.75,1,14,0.8470251020753201,torch_grouped_active_prebuilt_oracle,24,0.1671999990940094
dense_003_real,gsm8k,late,measured_dense_runtime,57,12,52,real,4.75,1,14,0.8470251020753201,torch_grouped_active_prebuilt_oracle,25,0.16969600319862366
dense_003_real,gsm8k,late,measured_dense_runtime,57,12,52,real,4.75,1,14,0.8470251020753201,torch_grouped_active_prebuilt_oracle,26,0.1690559983253479
dense_003_real,gsm8k,late,measured_dense_runtime,57,12,52,real,4.75,1,14,0.8470251020753201,torch_grouped_active_prebuilt_oracle,27,0.1674879938364029
dense_003_real,gsm8k,late,measured_dense_runtime,57,12,52,real,4.75,1,14,0.8470251020753201,torch_grouped_active_prebuilt_oracle,28,0.17030400037765503
dense_003_real,gsm8k,late,measured_dense_runtime,57,12,52,real,4.75,1,14,0.8470251020753201,torch_grouped_active_prebuilt_oracle,29,0.17430399358272552
dense_003_real,gsm8k,late,measured_dense_runtime,57,12,52,real,4.75,1,14,0.8470251020753201,torch_grouped_active_prebuilt_oracle,30,0.16940799355506897
dense_003_real,gsm8k,late,measured_dense_runtime,57,12,52,real,4.75,1,14,0.8470251020753201,torch_grouped_active_prebuilt_oracle,31,0.16857600212097168
dense_003_real,gsm8k,late,measured_dense_runtime,57,12,52,real,4.75,1,14,0.8470251020753201,torch_grouped_active_prebuilt_oracle,32,0.16582399606704712
dense_003_real,gsm8k,late,measured_dense_runtime,57,12,52,real,4.75,1,14,0.8470251020753201,torch_grouped_active_prebuilt_oracle,33,0.17414399981498718
dense_003_real,gsm8k,late,measured_dense_runtime,57,12,52,real,4.75,1,14,0.8470251020753201,torch_grouped_active_prebuilt_oracle,34,0.17078399658203125
dense_003_real,gsm8k,late,measured_dense_runtime,57,12,52,real,4.75,1,14,0.8470251020753201,torch_grouped_active_prebuilt_oracle,35,0.1706559956073761
dense_003_real,gsm8k,late,measured_dense_runtime,57,12,52,real,4.75,1,14,0.8470251020753201,torch_grouped_active_prebuilt_oracle,36,0.16771200299263
dense_003_real,gsm8k,late,measured_dense_runtime,57,12,52,real,4.75,1,14,0.8470251020753201,torch_grouped_active_prebuilt_oracle,37,0.16636799275875092
dense_003_real,gsm8k,late,measured_dense_runtime,57,12,52,real,4.75,1,14,0.8470251020753201,torch_grouped_active_prebuilt_oracle,38,0.17107200622558594
dense_003_real,gsm8k,late,measured_dense_runtime,57,12,52,real,4.75,1,14,0.8470251020753201,torch_grouped_active_prebuilt_oracle,39,0.1701440066099167
dense_003_real,gsm8k,late,measured_dense_runtime,57,12,52,real,4.75,1,14,0.8470251020753201,torch_grouped_full64_cpu_list_offsets,0,0.23503999412059784
dense_003_real,gsm8k,late,measured_dense_runtime,57,12,52,real,4.75,1,14,0.8470251020753201,torch_grouped_full64_cpu_list_offsets,1,0.22035199403762817
dense_003_real,gsm8k,late,measured_dense_runtime,57,12,52,real,4.75,1,14,0.8470251020753201,torch_grouped_full64_cpu_list_offsets,2,0.2112639993429184
dense_003_real,gsm8k,late,measured_dense_runtime,57,12,52,real,4.75,1,14,0.8470251020753201,torch_grouped_full64_cpu_list_offsets,3,0.20771199464797974
dense_003_real,gsm8k,late,measured_dense_runtime,57,12,52,real,4.75,1,14,0.8470251020753201,torch_grouped_full64_cpu_list_offsets,4,0.21862399578094482
dense_003_real,gsm8k,late,measured_dense_runtime,57,12,52,real,4.75,1,14,0.8470251020753201,torch_grouped_full64_cpu_list_offsets,5,0.21299199759960175
dense_003_real,gsm8k,late,measured_dense_runtime,57,12,52,real,4.75,1,14,0.8470251020753201,torch_grouped_full64_cpu_list_offsets,6,0.20416000485420227
dense_003_real,gsm8k,late,measured_dense_runtime,57,12,52,real,4.75,1,14,0.8470251020753201,torch_grouped_full64_cpu_list_offsets,7,0.20739200711250305
dense_003_real,gsm8k,late,measured_dense_runtime,57,12,52,real,4.75,1,14,0.8470251020753201,torch_grouped_full64_cpu_list_offsets,8,0.21059200167655945
dense_003_real,gsm8k,late,measured_dense_runtime,57,12,52,real,4.75,1,14,0.8470251020753201,torch_grouped_full64_cpu_list_offsets,9,0.22390399873256683
dense_003_real,gsm8k,late,measured_dense_runtime,57,12,52,real,4.75,1,14,0.8470251020753201,torch_grouped_full64_cpu_list_offsets,10,0.20899200439453125
dense_003_real,gsm8k,late,measured_dense_runtime,57,12,52,real,4.75,1,14,0.8470251020753201,torch_grouped_full64_cpu_list_offsets,11,0.20854400098323822
dense_003_real,gsm8k,late,measured_dense_runtime,57,12,52,real,4.75,1,14,0.8470251020753201,torch_grouped_full64_cpu_list_offsets,12,0.20630399882793427
dense_003_real,gsm8k,late,measured_dense_runtime,57,12,52,real,4.75,1,14,0.8470251020753201,torch_grouped_full64_cpu_list_offsets,13,0.20211200416088104
dense_003_real,gsm8k,late,measured_dense_runtime,57,12,52,real,4.75,1,14,0.8470251020753201,torch_grouped_full64_cpu_list_offsets,14,0.20297600328922272
dense_003_real,gsm8k,late,measured_dense_runtime,57,12,52,real,4.75,1,14,0.8470251020753201,torch_grouped_full64_cpu_list_offsets,15,0.21158400177955627
dense_003_real,gsm8k,late,measured_dense_runtime,57,12,52,real,4.75,1,14,0.8470251020753201,torch_grouped_full64_cpu_list_offsets,16,0.2072959989309311
dense_003_real,gsm8k,late,measured_dense_runtime,57,12,52,real,4.75,1,14,0.8470251020753201,torch_grouped_full64_cpu_list_offsets,17,0.2096959948539734
dense_003_real,gsm8k,late,measured_dense_runtime,57,12,52,real,4.75,1,14,0.8470251020753201,torch_grouped_full64_cpu_list_offsets,18,0.2070399969816208
dense_003_real,gsm8k,late,measured_dense_runtime,57,12,52,real,4.75,1,14,0.8470251020753201,torch_grouped_full64_cpu_list_offsets,19,0.20934399962425232
dense_003_real,gsm8k,late,measured_dense_runtime,57,12,52,real,4.75,1,14,0.8470251020753201,torch_grouped_full64_cpu_list_offsets,20,0.20979200303554535
dense_003_real,gsm8k,late,measured_dense_runtime,57,12,52,real,4.75,1,14,0.8470251020753201,torch_grouped_full64_cpu_list_offsets,21,0.20307199656963348
dense_003_real,gsm8k,late,measured_dense_runtime,57,12,52,real,4.75,1,14,0.8470251020753201,torch_grouped_full64_cpu_list_offsets,22,0.20895999670028687
dense_003_real,gsm8k,late,measured_dense_runtime,57,12,52,real,4.75,1,14,0.8470251020753201,torch_grouped_full64_cpu_list_offsets,23,0.20720000565052032
dense_003_real,gsm8k,late,measured_dense_runtime,57,12,52,real,4.75,1,14,0.8470251020753201,torch_grouped_full64_cpu_list_offsets,24,0.20800000429153442
dense_003_real,gsm8k,late,measured_dense_runtime,57,12,52,real,4.75,1,14,0.8470251020753201,torch_grouped_full64_cpu_list_offsets,25,0.20870399475097656
dense_003_real,gsm8k,late,measured_dense_runtime,57,12,52,real,4.75,1,14,0.8470251020753201,torch_grouped_full64_cpu_list_offsets,26,0.21040000021457672
dense_003_real,gsm8k,late,measured_dense_runtime,57,12,52,real,4.75,1,14,0.8470251020753201,torch_grouped_full64_cpu_list_offsets,27,0.20262399315834045
dense_003_real,gsm8k,late,measured_dense_runtime,57,12,52,real,4.75,1,14,0.8470251020753201,torch_grouped_full64_cpu_list_offsets,28,0.2043199986219406
dense_003_real,gsm8k,late,measured_dense_runtime,57,12,52,real,4.75,1,14,0.8470251020753201,torch_grouped_full64_cpu_list_offsets,29,0.21526400744915009
dense_003_real,gsm8k,late,measured_dense_runtime,57,12,52,real,4.75,1,14,0.8470251020753201,torch_grouped_full64_cpu_list_offsets,30,0.20419199764728546
dense_003_real,gsm8k,late,measured_dense_runtime,57,12,52,real,4.75,1,14,0.8470251020753201,torch_grouped_full64_cpu_list_offsets,31,0.21193599700927734
dense_003_real,gsm8k,late,measured_dense_runtime,57,12,52,real,4.75,1,14,0.8470251020753201,torch_grouped_full64_cpu_list_offsets,32,0.20931200683116913
dense_003_real,gsm8k,late,measured_dense_runtime,57,12,52,real,4.75,1,14,0.8470251020753201,torch_grouped_full64_cpu_list_offsets,33,0.211776003241539
dense_003_real,gsm8k,late,measured_dense_runtime,57,12,52,real,4.75,1,14,0.8470251020753201,torch_grouped_full64_cpu_list_offsets,34,0.22857600450515747
dense_003_real,gsm8k,late,measured_dense_runtime,57,12,52,real,4.75,1,14,0.8470251020753201,torch_grouped_full64_cpu_list_offsets,35,0.22915199398994446
dense_003_real,gsm8k,late,measured_dense_runtime,57,12,52,real,4.75,1,14,0.8470251020753201,torch_grouped_full64_cpu_list_offsets,36,0.22761599719524384
dense_003_real,gsm8k,late,measured_dense_runtime,57,12,52,real,4.75,1,14,0.8470251020753201,torch_grouped_full64_cpu_list_offsets,37,0.23734399676322937
dense_003_real,gsm8k,late,measured_dense_runtime,57,12,52,real,4.75,1,14,0.8470251020753201,torch_grouped_full64_cpu_list_offsets,38,0.22470399737358093
dense_003_real,gsm8k,late,measured_dense_runtime,57,12,52,real,4.75,1,14,0.8470251020753201,torch_grouped_full64_cpu_list_offsets,39,0.25443199276924133
dense_003_real,gsm8k,late,measured_dense_runtime,57,12,52,real,4.75,1,14,0.8470251020753201,torch_grouped_full64_prebuilt,0,0.1700800061225891
dense_003_real,gsm8k,late,measured_dense_runtime,57,12,52,real,4.75,1,14,0.8470251020753201,torch_grouped_full64_prebuilt,1,0.17606399953365326
dense_003_real,gsm8k,late,measured_dense_runtime,57,12,52,real,4.75,1,14,0.8470251020753201,torch_grouped_full64_prebuilt,2,0.1719360053539276
dense_003_real,gsm8k,late,measured_dense_runtime,57,12,52,real,4.75,1,14,0.8470251020753201,torch_grouped_full64_prebuilt,3,0.17312000691890717
dense_003_real,gsm8k,late,measured_dense_runtime,57,12,52,real,4.75,1,14,0.8470251020753201,torch_grouped_full64_prebuilt,4,0.17206400632858276
dense_003_real,gsm8k,late,measured_dense_runtime,57,12,52,real,4.75,1,14,0.8470251020753201,torch_grouped_full64_prebuilt,5,0.17321600019931793
dense_003_real,gsm8k,late,measured_dense_runtime,57,12,52,real,4.75,1,14,0.8470251020753201,torch_grouped_full64_prebuilt,6,0.17174400389194489
dense_003_real,gsm8k,late,measured_dense_runtime,57,12,52,real,4.75,1,14,0.8470251020753201,torch_grouped_full64_prebuilt,7,0.16918399930000305
dense_003_real,gsm8k,late,measured_dense_runtime,57,12,52,real,4.75,1,14,0.8470251020753201,torch_grouped_full64_prebuilt,8,0.17030400037765503
dense_003_real,gsm8k,late,measured_dense_runtime,57,12,52,real,4.75,1,14,0.8470251020753201,torch_grouped_full64_prebuilt,9,0.171424001455307
dense_003_real,gsm8k,late,measured_dense_runtime,57,12,52,real,4.75,1,14,0.8470251020753201,torch_grouped_full64_prebuilt,10,0.1716800034046173
dense_003_real,gsm8k,late,measured_dense_runtime,57,12,52,real,4.75,1,14,0.8470251020753201,torch_grouped_full64_prebuilt,11,0.17187200486660004
dense_003_real,gsm8k,late,measured_dense_runtime,57,12,52,real,4.75,1,14,0.8470251020753201,torch_grouped_full64_prebuilt,12,0.1685120016336441
dense_003_real,gsm8k,late,measured_dense_runtime,57,12,52,real,4.75,1,14,0.8470251020753201,torch_grouped_full64_prebuilt,13,0.169855996966362
dense_003_real,gsm8k,late,measured_dense_runtime,57,12,52,real,4.75,1,14,0.8470251020753201,torch_grouped_full64_prebuilt,14,0.1701440066099167
dense_003_real,gsm8k,late,measured_dense_runtime,57,12,52,real,4.75,1,14,0.8470251020753201,torch_grouped_full64_prebuilt,15,0.17420800030231476
dense_003_real,gsm8k,late,measured_dense_runtime,57,12,52,real,4.75,1,14,0.8470251020753201,torch_grouped_full64_prebuilt,16,0.17417599260807037
dense_003_real,gsm8k,late,measured_dense_runtime,57,12,52,real,4.75,1,14,0.8470251020753201,torch_grouped_full64_prebuilt,17,0.17369599640369415
dense_003_real,gsm8k,late,measured_dense_runtime,57,12,52,real,4.75,1,14,0.8470251020753201,torch_grouped_full64_prebuilt,18,0.17206400632858276
dense_003_real,gsm8k,late,measured_dense_runtime,57,12,52,real,4.75,1,14,0.8470251020753201,torch_grouped_full64_prebuilt,19,0.17740799486637115
dense_003_real,gsm8k,late,measured_dense_runtime,57,12,52,real,4.75,1,14,0.8470251020753201,torch_grouped_full64_prebuilt,20,0.1775359958410263
dense_003_real,gsm8k,late,measured_dense_runtime,57,12,52,real,4.75,1,14,0.8470251020753201,torch_grouped_full64_prebuilt,21,0.1767680048942566
dense_003_real,gsm8k,late,measured_dense_runtime,57,12,52,real,4.75,1,14,0.8470251020753201,torch_grouped_full64_prebuilt,22,0.18192000687122345
dense_003_real,gsm8k,late,measured_dense_runtime,57,12,52,real,4.75,1,14,0.8470251020753201,torch_grouped_full64_prebuilt,23,0.18246400356292725
dense_003_real,gsm8k,late,measured_dense_runtime,57,12,52,real,4.75,1,14,0.8470251020753201,torch_grouped_full64_prebuilt,24,0.17510400712490082
dense_003_real,gsm8k,late,measured_dense_runtime,57,12,52,real,4.75,1,14,0.8470251020753201,torch_grouped_full64_prebuilt,25,0.17737600207328796
dense_003_real,gsm8k,late,measured_dense_runtime,57,12,52,real,4.75,1,14,0.8470251020753201,torch_grouped_full64_prebuilt,26,0.17763200402259827
dense_003_real,gsm8k,late,measured_dense_runtime,57,12,52,real,4.75,1,14,0.8470251020753201,torch_grouped_full64_prebuilt,27,0.17846399545669556
dense_003_real,gsm8k,late,measured_dense_runtime,57,12,52,real,4.75,1,14,0.8470251020753201,torch_grouped_full64_prebuilt,28,0.17270399630069733
dense_003_real,gsm8k,late,measured_dense_runtime,57,12,52,real,4.75,1,14,0.8470251020753201,torch_grouped_full64_prebuilt,29,0.1711360067129135
dense_003_real,gsm8k,late,measured_dense_runtime,57,12,52,real,4.75,1,14,0.8470251020753201,torch_grouped_full64_prebuilt,30,0.17590400576591492
dense_003_real,gsm8k,late,measured_dense_runtime,57,12,52,real,4.75,1,14,0.8470251020753201,torch_grouped_full64_prebuilt,31,0.17139199376106262
dense_003_real,gsm8k,late,measured_dense_runtime,57,12,52,real,4.75,1,14,0.8470251020753201,torch_grouped_full64_prebuilt,32,0.1709440052509308
dense_003_real,gsm8k,late,measured_dense_runtime,57,12,52,real,4.75,1,14,0.8470251020753201,torch_grouped_full64_prebuilt,33,0.17103999853134155
dense_003_real,gsm8k,late,measured_dense_runtime,57,12,52,real,4.75,1,14,0.8470251020753201,torch_grouped_full64_prebuilt,34,0.16988800466060638
dense_003_real,gsm8k,late,measured_dense_runtime,57,12,52,real,4.75,1,14,0.8470251020753201,torch_grouped_full64_prebuilt,35,0.16883200407028198
dense_003_real,gsm8k,late,measured_dense_runtime,57,12,52,real,4.75,1,14,0.8470251020753201,torch_grouped_full64_prebuilt,36,0.16899199783802032
dense_003_real,gsm8k,late,measured_dense_runtime,57,12,52,real,4.75,1,14,0.8470251020753201,torch_grouped_full64_prebuilt,37,0.17267200350761414
dense_003_real,gsm8k,late,measured_dense_runtime,57,12,52,real,4.75,1,14,0.8470251020753201,torch_grouped_full64_prebuilt,38,0.16873599588871002
dense_003_real,gsm8k,late,measured_dense_runtime,57,12,52,real,4.75,1,14,0.8470251020753201,torch_grouped_full64_prebuilt,39,0.17075200378894806
dense_004_real,gsm8k,late,measured_dense_runtime,357,53,11,real,6.735849056603773,1,25,0.801375055034001,torch_grouped_full64_prebuilt,0,0.574944019317627
dense_004_real,gsm8k,late,measured_dense_runtime,357,53,11,real,6.735849056603773,1,25,0.801375055034001,torch_grouped_full64_prebuilt,1,0.5791360139846802
dense_004_real,gsm8k,late,measured_dense_runtime,357,53,11,real,6.735849056603773,1,25,0.801375055034001,torch_grouped_full64_prebuilt,2,0.5749120116233826
dense_004_real,gsm8k,late,measured_dense_runtime,357,53,11,real,6.735849056603773,1,25,0.801375055034001,torch_grouped_full64_prebuilt,3,0.5734400153160095
dense_004_real,gsm8k,late,measured_dense_runtime,357,53,11,real,6.735849056603773,1,25,0.801375055034001,torch_grouped_full64_prebuilt,4,0.590175986289978
dense_004_real,gsm8k,late,measured_dense_runtime,357,53,11,real,6.735849056603773,1,25,0.801375055034001,torch_grouped_full64_prebuilt,5,0.5734080076217651
dense_004_real,gsm8k,late,measured_dense_runtime,357,53,11,real,6.735849056603773,1,25,0.801375055034001,torch_grouped_full64_prebuilt,6,0.5717440247535706
dense_004_real,gsm8k,late,measured_dense_runtime,357,53,11,real,6.735849056603773,1,25,0.801375055034001,torch_grouped_full64_prebuilt,7,0.5744640231132507
dense_004_real,gsm8k,late,measured_dense_runtime,357,53,11,real,6.735849056603773,1,25,0.801375055034001,torch_grouped_full64_prebuilt,8,0.5718079805374146
dense_004_real,gsm8k,late,measured_dense_runtime,357,53,11,real,6.735849056603773,1,25,0.801375055034001,torch_grouped_full64_prebuilt,9,0.5713599920272827
dense_004_real,gsm8k,late,measured_dense_runtime,357,53,11,real,6.735849056603773,1,25,0.801375055034001,torch_grouped_full64_prebuilt,10,0.585536003112793
dense_004_real,gsm8k,late,measured_dense_runtime,357,53,11,real,6.735849056603773,1,25,0.801375055034001,torch_grouped_full64_prebuilt,11,0.5863040089607239
dense_004_real,gsm8k,late,measured_dense_runtime,357,53,11,real,6.735849056603773,1,25,0.801375055034001,torch_grouped_full64_prebuilt,12,0.585312008857727
dense_004_real,gsm8k,late,measured_dense_runtime,357,53,11,real,6.735849056603773,1,25,0.801375055034001,torch_grouped_full64_prebuilt,13,0.5892159938812256
dense_004_real,gsm8k,late,measured_dense_runtime,357,53,11,real,6.735849056603773,1,25,0.801375055034001,torch_grouped_full64_prebuilt,14,0.5841599702835083
dense_004_real,gsm8k,late,measured_dense_runtime,357,53,11,real,6.735849056603773,1,25,0.801375055034001,torch_grouped_full64_prebuilt,15,0.5900160074234009
dense_004_real,gsm8k,late,measured_dense_runtime,357,53,11,real,6.735849056603773,1,25,0.801375055034001,torch_grouped_full64_prebuilt,16,0.5863360166549683
dense_004_real,gsm8k,late,measured_dense_runtime,357,53,11,real,6.735849056603773,1,25,0.801375055034001,torch_grouped_full64_prebuilt,17,0.5910720229148865
dense_004_real,gsm8k,late,measured_dense_runtime,357,53,11,real,6.735849056603773,1,25,0.801375055034001,torch_grouped_full64_prebuilt,18,0.5850560069084167
dense_004_real,gsm8k,late,measured_dense_runtime,357,53,11,real,6.735849056603773,1,25,0.801375055034001,torch_grouped_full64_prebuilt,19,0.5881919860839844
dense_004_real,gsm8k,late,measured_dense_runtime,357,53,11,real,6.735849056603773,1,25,0.801375055034001,torch_grouped_full64_prebuilt,20,0.5813760161399841
dense_004_real,gsm8k,late,measured_dense_runtime,357,53,11,real,6.735849056603773,1,25,0.801375055034001,torch_grouped_full64_prebuilt,21,0.5713599920272827
dense_004_real,gsm8k,late,measured_dense_runtime,357,53,11,real,6.735849056603773,1,25,0.801375055034001,torch_grouped_full64_prebuilt,22,0.5742400288581848
dense_004_real,gsm8k,late,measured_dense_runtime,357,53,11,real,6.735849056603773,1,25,0.801375055034001,torch_grouped_full64_prebuilt,23,0.573632001876831
dense_004_real,gsm8k,late,measured_dense_runtime,357,53,11,real,6.735849056603773,1,25,0.801375055034001,torch_grouped_full64_prebuilt,24,0.5759360194206238
dense_004_real,gsm8k,late,measured_dense_runtime,357,53,11,real,6.735849056603773,1,25,0.801375055034001,torch_grouped_full64_prebuilt,25,0.5748479962348938
dense_004_real,gsm8k,late,measured_dense_runtime,357,53,11,real,6.735849056603773,1,25,0.801375055034001,torch_grouped_full64_prebuilt,26,0.5791680216789246
dense_004_real,gsm8k,late,measured_dense_runtime,357,53,11,real,6.735849056603773,1,25,0.801375055034001,torch_grouped_full64_prebuilt,27,0.5777279734611511
dense_004_real,gsm8k,late,measured_dense_runtime,357,53,11,real,6.735849056603773,1,25,0.801375055034001,torch_grouped_full64_prebuilt,28,0.5712640285491943
dense_004_real,gsm8k,late,measured_dense_runtime,357,53,11,real,6.735849056603773,1,25,0.801375055034001,torch_grouped_full64_prebuilt,29,0.5781760215759277
dense_004_real,gsm8k,late,measured_dense_runtime,357,53,11,real,6.735849056603773,1,25,0.801375055034001,torch_grouped_full64_prebuilt,30,0.5824639797210693
dense_004_real,gsm8k,late,measured_dense_runtime,357,53,11,real,6.735849056603773,1,25,0.801375055034001,torch_grouped_full64_prebuilt,31,0.5755519866943359
dense_004_real,gsm8k,late,measured_dense_runtime,357,53,11,real,6.735849056603773,1,25,0.801375055034001,torch_grouped_full64_prebuilt,32,0.5717440247535706
dense_004_real,gsm8k,late,measured_dense_runtime,357,53,11,real,6.735849056603773,1,25,0.801375055034001,torch_grouped_full64_prebuilt,33,0.5689280033111572
dense_004_real,gsm8k,late,measured_dense_runtime,357,53,11,real,6.735849056603773,1,25,0.801375055034001,torch_grouped_full64_prebuilt,34,0.577567994594574
dense_004_real,gsm8k,late,measured_dense_runtime,357,53,11,real,6.735849056603773,1,25,0.801375055034001,torch_grouped_full64_prebuilt,35,0.5718719959259033
dense_004_real,gsm8k,late,measured_dense_runtime,357,53,11,real,6.735849056603773,1,25,0.801375055034001,torch_grouped_full64_prebuilt,36,0.5720959901809692
dense_004_real,gsm8k,late,measured_dense_runtime,357,53,11,real,6.735849056603773,1,25,0.801375055034001,torch_grouped_full64_prebuilt,37,0.5759999752044678
dense_004_real,gsm8k,late,measured_dense_runtime,357,53,11,real,6.735849056603773,1,25,0.801375055034001,torch_grouped_full64_prebuilt,38,0.5772479772567749
dense_004_real,gsm8k,late,measured_dense_runtime,357,53,11,real,6.735849056603773,1,25,0.801375055034001,torch_grouped_full64_prebuilt,39,0.5701760053634644
dense_004_real,gsm8k,late,measured_dense_runtime,357,53,11,real,6.735849056603773,1,25,0.801375055034001,torch_grouped_active_prebuilt_oracle,0,0.576479971408844
dense_004_real,gsm8k,late,measured_dense_runtime,357,53,11,real,6.735849056603773,1,25,0.801375055034001,torch_grouped_active_prebuilt_oracle,1,0.5703999996185303
dense_004_real,gsm8k,late,measured_dense_runtime,357,53,11,real,6.735849056603773,1,25,0.801375055034001,torch_grouped_active_prebuilt_oracle,2,0.5747519731521606
dense_004_real,gsm8k,late,measured_dense_runtime,357,53,11,real,6.735849056603773,1,25,0.801375055034001,torch_grouped_active_prebuilt_oracle,3,0.5748159885406494
dense_004_real,gsm8k,late,measured_dense_runtime,357,53,11,real,6.735849056603773,1,25,0.801375055034001,torch_grouped_active_prebuilt_oracle,4,0.5756160020828247
dense_004_real,gsm8k,late,measured_dense_runtime,357,53,11,real,6.735849056603773,1,25,0.801375055034001,torch_grouped_active_prebuilt_oracle,5,0.5743359923362732
dense_004_real,gsm8k,late,measured_dense_runtime,357,53,11,real,6.735849056603773,1,25,0.801375055034001,torch_grouped_active_prebuilt_oracle,6,0.5768319964408875
dense_004_real,gsm8k,late,measured_dense_runtime,357,53,11,real,6.735849056603773,1,25,0.801375055034001,torch_grouped_active_prebuilt_oracle,7,0.582207977771759
dense_004_real,gsm8k,late,measured_dense_runtime,357,53,11,real,6.735849056603773,1,25,0.801375055034001,torch_grouped_active_prebuilt_oracle,8,0.582144021987915
dense_004_real,gsm8k,late,measured_dense_runtime,357,53,11,real,6.735849056603773,1,25,0.801375055034001,torch_grouped_active_prebuilt_oracle,9,0.5877439975738525
dense_004_real,gsm8k,late,measured_dense_runtime,357,53,11,real,6.735849056603773,1,25,0.801375055034001,torch_grouped_active_prebuilt_oracle,10,0.590399980545044
dense_004_real,gsm8k,late,measured_dense_runtime,357,53,11,real,6.735849056603773,1,25,0.801375055034001,torch_grouped_active_prebuilt_oracle,11,0.5841280221939087
dense_004_real,gsm8k,late,measured_dense_runtime,357,53,11,real,6.735849056603773,1,25,0.801375055034001,torch_grouped_active_prebuilt_oracle,12,0.5774400234222412
dense_004_real,gsm8k,late,measured_dense_runtime,357,53,11,real,6.735849056603773,1,25,0.801375055034001,torch_grouped_active_prebuilt_oracle,13,0.5706239938735962
dense_004_real,gsm8k,late,measured_dense_runtime,357,53,11,real,6.735849056603773,1,25,0.801375055034001,torch_grouped_active_prebuilt_oracle,14,0.5783680081367493
dense_004_real,gsm8k,late,measured_dense_runtime,357,53,11,real,6.735849056603773,1,25,0.801375055034001,torch_grouped_active_prebuilt_oracle,15,0.5745279788970947
dense_004_real,gsm8k,late,measured_dense_runtime,357,53,11,real,6.735849056603773,1,25,0.801375055034001,torch_grouped_active_prebuilt_oracle,16,0.5714880228042603
dense_004_real,gsm8k,late,measured_dense_runtime,357,53,11,real,6.735849056603773,1,25,0.801375055034001,torch_grouped_active_prebuilt_oracle,17,0.5757120251655579
dense_004_real,gsm8k,late,measured_dense_runtime,357,53,11,real,6.735849056603773,1,25,0.801375055034001,torch_grouped_active_prebuilt_oracle,18,0.5742400288581848
dense_004_real,gsm8k,late,measured_dense_runtime,357,53,11,real,6.735849056603773,1,25,0.801375055034001,torch_grouped_active_prebuilt_oracle,19,0.5747519731521606
dense_004_real,gsm8k,late,measured_dense_runtime,357,53,11,real,6.735849056603773,1,25,0.801375055034001,torch_grouped_active_prebuilt_oracle,20,0.5752000212669373
dense_004_real,gsm8k,late,measured_dense_runtime,357,53,11,real,6.735849056603773,1,25,0.801375055034001,torch_grouped_active_prebuilt_oracle,21,0.5696319937705994
dense_004_real,gsm8k,late,measured_dense_runtime,357,53,11,real,6.735849056603773,1,25,0.801375055034001,torch_grouped_active_prebuilt_oracle,22,0.5808960199356079
dense_004_real,gsm8k,late,measured_dense_runtime,357,53,11,real,6.735849056603773,1,25,0.801375055034001,torch_grouped_active_prebuilt_oracle,23,0.5847679972648621
dense_004_real,gsm8k,late,measured_dense_runtime,357,53,11,real,6.735849056603773,1,25,0.801375055034001,torch_grouped_active_prebuilt_oracle,24,0.5856320261955261
dense_004_real,gsm8k,late,measured_dense_runtime,357,53,11,real,6.735849056603773,1,25,0.801375055034001,torch_grouped_active_prebuilt_oracle,25,0.5849279761314392
dense_004_real,gsm8k,late,measured_dense_runtime,357,53,11,real,6.735849056603773,1,25,0.801375055034001,torch_grouped_active_prebuilt_oracle,26,0.5734080076217651
dense_004_real,gsm8k,late,measured_dense_runtime,357,53,11,real,6.735849056603773,1,25,0.801375055034001,torch_grouped_active_prebuilt_oracle,27,0.5755519866943359
dense_004_real,gsm8k,late,measured_dense_runtime,357,53,11,real,6.735849056603773,1,25,0.801375055034001,torch_grouped_active_prebuilt_oracle,28,0.5739840269088745
dense_004_real,gsm8k,late,measured_dense_runtime,357,53,11,real,6.735849056603773,1,25,0.801375055034001,torch_grouped_active_prebuilt_oracle,29,0.5796800255775452
dense_004_real,gsm8k,late,measured_dense_runtime,357,53,11,real,6.735849056603773,1,25,0.801375055034001,torch_grouped_active_prebuilt_oracle,30,0.5776960253715515
dense_004_real,gsm8k,late,measured_dense_runtime,357,53,11,real,6.735849056603773,1,25,0.801375055034001,torch_grouped_active_prebuilt_oracle,31,0.5826240181922913
dense_004_real,gsm8k,late,measured_dense_runtime,357,53,11,real,6.735849056603773,1,25,0.801375055034001,torch_grouped_active_prebuilt_oracle,32,0.5756800174713135
dense_004_real,gsm8k,late,measured_dense_runtime,357,53,11,real,6.735849056603773,1,25,0.801375055034001,torch_grouped_active_prebuilt_oracle,33,0.5727360248565674
dense_004_real,gsm8k,late,measured_dense_runtime,357,53,11,real,6.735849056603773,1,25,0.801375055034001,torch_grouped_active_prebuilt_oracle,34,0.5770559906959534
dense_004_real,gsm8k,late,measured_dense_runtime,357,53,11,real,6.735849056603773,1,25,0.801375055034001,torch_grouped_active_prebuilt_oracle,35,0.5814399719238281
dense_004_real,gsm8k,late,measured_dense_runtime,357,53,11,real,6.735849056603773,1,25,0.801375055034001,torch_grouped_active_prebuilt_oracle,36,0.5783360004425049
dense_004_real,gsm8k,late,measured_dense_runtime,357,53,11,real,6.735849056603773,1,25,0.801375055034001,torch_grouped_active_prebuilt_oracle,37,0.5739840269088745
dense_004_real,gsm8k,late,measured_dense_runtime,357,53,11,real,6.735849056603773,1,25,0.801375055034001,torch_grouped_active_prebuilt_oracle,38,0.5779520273208618
dense_004_real,gsm8k,late,measured_dense_runtime,357,53,11,real,6.735849056603773,1,25,0.801375055034001,torch_grouped_active_prebuilt_oracle,39,0.5785920023918152
dense_004_real,gsm8k,late,measured_dense_runtime,357,53,11,real,6.735849056603773,1,25,0.801375055034001,vllm_fused,0,0.9428480267524719
dense_004_real,gsm8k,late,measured_dense_runtime,357,53,11,real,6.735849056603773,1,25,0.801375055034001,vllm_fused,1,0.9071040153503418
dense_004_real,gsm8k,late,measured_dense_runtime,357,53,11,real,6.735849056603773,1,25,0.801375055034001,vllm_fused,2,0.7977280020713806
dense_004_real,gsm8k,late,measured_dense_runtime,357,53,11,real,6.735849056603773,1,25,0.801375055034001,vllm_fused,3,0.7574080228805542
dense_004_real,gsm8k,late,measured_dense_runtime,357,53,11,real,6.735849056603773,1,25,0.801375055034001,vllm_fused,4,0.7582399845123291
dense_004_real,gsm8k,late,measured_dense_runtime,357,53,11,real,6.735849056603773,1,25,0.801375055034001,vllm_fused,5,0.770143985748291
dense_004_real,gsm8k,late,measured_dense_runtime,357,53,11,real,6.735849056603773,1,25,0.801375055034001,vllm_fused,6,0.7460479736328125
dense_004_real,gsm8k,late,measured_dense_runtime,357,53,11,real,6.735849056603773,1,25,0.801375055034001,vllm_fused,7,0.7567359805107117
dense_004_real,gsm8k,late,measured_dense_runtime,357,53,11,real,6.735849056603773,1,25,0.801375055034001,vllm_fused,8,0.7430400252342224
dense_004_real,gsm8k,late,measured_dense_runtime,357,53,11,real,6.735849056603773,1,25,0.801375055034001,vllm_fused,9,0.7562239766120911
dense_004_real,gsm8k,late,measured_dense_runtime,357,53,11,real,6.735849056603773,1,25,0.801375055034001,vllm_fused,10,0.7494400143623352
dense_004_real,gsm8k,late,measured_dense_runtime,357,53,11,real,6.735849056603773,1,25,0.801375055034001,vllm_fused,11,0.7415680289268494
dense_004_real,gsm8k,late,measured_dense_runtime,357,53,11,real,6.735849056603773,1,25,0.801375055034001,vllm_fused,12,0.7476159930229187
dense_004_real,gsm8k,late,measured_dense_runtime,357,53,11,real,6.735849056603773,1,25,0.801375055034001,vllm_fused,13,0.7576640248298645
dense_004_real,gsm8k,late,measured_dense_runtime,357,53,11,real,6.735849056603773,1,25,0.801375055034001,vllm_fused,14,0.7744320034980774
dense_004_real,gsm8k,late,measured_dense_runtime,357,53,11,real,6.735849056603773,1,25,0.801375055034001,vllm_fused,15,0.8800320029258728
dense_004_real,gsm8k,late,measured_dense_runtime,357,53,11,real,6.735849056603773,1,25,0.801375055034001,vllm_fused,16,0.8444479703903198
dense_004_real,gsm8k,late,measured_dense_runtime,357,53,11,real,6.735849056603773,1,25,0.801375055034001,vllm_fused,17,0.9348160028457642
dense_004_real,gsm8k,late,measured_dense_runtime,357,53,11,real,6.735849056603773,1,25,0.801375055034001,vllm_fused,18,0.881056010723114
dense_004_real,gsm8k,late,measured_dense_runtime,357,53,11,real,6.735849056603773,1,25,0.801375055034001,vllm_fused,19,0.8325120210647583
dense_004_real,gsm8k,late,measured_dense_runtime,357,53,11,real,6.735849056603773,1,25,0.801375055034001,vllm_fused,20,0.7652159929275513
dense_004_real,gsm8k,late,measured_dense_runtime,357,53,11,real,6.735849056603773,1,25,0.801375055034001,vllm_fused,21,0.7455040216445923
dense_004_real,gsm8k,late,measured_dense_runtime,357,53,11,real,6.735849056603773,1,25,0.801375055034001,vllm_fused,22,0.7591680288314819
dense_004_real,gsm8k,late,measured_dense_runtime,357,53,11,real,6.735849056603773,1,25,0.801375055034001,vllm_fused,23,0.7593280076980591
dense_004_real,gsm8k,late,measured_dense_runtime,357,53,11,real,6.735849056603773,1,25,0.801375055034001,vllm_fused,24,0.7531200051307678
dense_004_real,gsm8k,late,measured_dense_runtime,357,53,11,real,6.735849056603773,1,25,0.801375055034001,vllm_fused,25,0.741919994354248
dense_004_real,gsm8k,late,measured_dense_runtime,357,53,11,real,6.735849056603773,1,25,0.801375055034001,vllm_fused,26,0.7952960133552551
dense_004_real,gsm8k,late,measured_dense_runtime,357,53,11,real,6.735849056603773,1,25,0.801375055034001,vllm_fused,27,0.7516800165176392
dense_004_real,gsm8k,late,measured_dense_runtime,357,53,11,real,6.735849056603773,1,25,0.801375055034001,vllm_fused,28,0.7496960163116455
dense_004_real,gsm8k,late,measured_dense_runtime,357,53,11,real,6.735849056603773,1,25,0.801375055034001,vllm_fused,29,0.7448319792747498
dense_004_real,gsm8k,late,measured_dense_runtime,357,53,11,real,6.735849056603773,1,25,0.801375055034001,vllm_fused,30,0.7444159984588623
dense_004_real,gsm8k,late,measured_dense_runtime,357,53,11,real,6.735849056603773,1,25,0.801375055034001,vllm_fused,31,0.7458879947662354
dense_004_real,gsm8k,late,measured_dense_runtime,357,53,11,real,6.735849056603773,1,25,0.801375055034001,vllm_fused,32,0.7705600261688232
dense_004_real,gsm8k,late,measured_dense_runtime,357,53,11,real,6.735849056603773,1,25,0.801375055034001,vllm_fused,33,0.7469120025634766
dense_004_real,gsm8k,late,measured_dense_runtime,357,53,11,real,6.735849056603773,1,25,0.801375055034001,vllm_fused,34,0.7485759854316711
dense_004_real,gsm8k,late,measured_dense_runtime,357,53,11,real,6.735849056603773,1,25,0.801375055034001,vllm_fused,35,0.7560960054397583
dense_004_real,gsm8k,late,measured_dense_runtime,357,53,11,real,6.735849056603773,1,25,0.801375055034001,vllm_fused,36,0.755295991897583
dense_004_real,gsm8k,late,measured_dense_runtime,357,53,11,real,6.735849056603773,1,25,0.801375055034001,vllm_fused,37,0.7714239954948425
dense_004_real,gsm8k,late,measured_dense_runtime,357,53,11,real,6.735849056603773,1,25,0.801375055034001,vllm_fused,38,0.8697919845581055
dense_004_real,gsm8k,late,measured_dense_runtime,357,53,11,real,6.735849056603773,1,25,0.801375055034001,vllm_fused,39,0.8468480110168457
dense_004_real,gsm8k,late,measured_dense_runtime,357,53,11,real,6.735849056603773,1,25,0.801375055034001,torch_grouped_full64_gpu_cumsum,0,0.5998719930648804
dense_004_real,gsm8k,late,measured_dense_runtime,357,53,11,real,6.735849056603773,1,25,0.801375055034001,torch_grouped_full64_gpu_cumsum,1,0.588096022605896
dense_004_real,gsm8k,late,measured_dense_runtime,357,53,11,real,6.735849056603773,1,25,0.801375055034001,torch_grouped_full64_gpu_cumsum,2,0.5905600190162659
dense_004_real,gsm8k,late,measured_dense_runtime,357,53,11,real,6.735849056603773,1,25,0.801375055034001,torch_grouped_full64_gpu_cumsum,3,0.600928008556366
dense_004_real,gsm8k,late,measured_dense_runtime,357,53,11,real,6.735849056603773,1,25,0.801375055034001,torch_grouped_full64_gpu_cumsum,4,0.6022080183029175
dense_004_real,gsm8k,late,measured_dense_runtime,357,53,11,real,6.735849056603773,1,25,0.801375055034001,torch_grouped_full64_gpu_cumsum,5,0.6163840293884277
dense_004_real,gsm8k,late,measured_dense_runtime,357,53,11,real,6.735849056603773,1,25,0.801375055034001,torch_grouped_full64_gpu_cumsum,6,0.60835200548172
dense_004_real,gsm8k,late,measured_dense_runtime,357,53,11,real,6.735849056603773,1,25,0.801375055034001,torch_grouped_full64_gpu_cumsum,7,0.6049280166625977
dense_004_real,gsm8k,late,measured_dense_runtime,357,53,11,real,6.735849056603773,1,25,0.801375055034001,torch_grouped_full64_gpu_cumsum,8,0.5896639823913574
dense_004_real,gsm8k,late,measured_dense_runtime,357,53,11,real,6.735849056603773,1,25,0.801375055034001,torch_grouped_full64_gpu_cumsum,9,0.5918400287628174
dense_004_real,gsm8k,late,measured_dense_runtime,357,53,11,real,6.735849056603773,1,25,0.801375055034001,torch_grouped_full64_gpu_cumsum,10,0.6505600214004517
dense_004_real,gsm8k,late,measured_dense_runtime,357,53,11,real,6.735849056603773,1,25,0.801375055034001,torch_grouped_full64_gpu_cumsum,11,0.5855680108070374
dense_004_real,gsm8k,late,measured_dense_runtime,357,53,11,real,6.735849056603773,1,25,0.801375055034001,torch_grouped_full64_gpu_cumsum,12,0.5879679918289185
dense_004_real,gsm8k,late,measured_dense_runtime,357,53,11,real,6.735849056603773,1,25,0.801375055034001,torch_grouped_full64_gpu_cumsum,13,0.5922240018844604
dense_004_real,gsm8k,late,measured_dense_runtime,357,53,11,real,6.735849056603773,1,25,0.801375055034001,torch_grouped_full64_gpu_cumsum,14,0.5921279788017273
dense_004_real,gsm8k,late,measured_dense_runtime,357,53,11,real,6.735849056603773,1,25,0.801375055034001,torch_grouped_full64_gpu_cumsum,15,0.5872319936752319
dense_004_real,gsm8k,late,measured_dense_runtime,357,53,11,real,6.735849056603773,1,25,0.801375055034001,torch_grouped_full64_gpu_cumsum,16,0.5859519839286804
dense_004_real,gsm8k,late,measured_dense_runtime,357,53,11,real,6.735849056603773,1,25,0.801375055034001,torch_grouped_full64_gpu_cumsum,17,0.5876160264015198
dense_004_real,gsm8k,late,measured_dense_runtime,357,53,11,real,6.735849056603773,1,25,0.801375055034001,torch_grouped_full64_gpu_cumsum,18,0.5928959846496582
dense_004_real,gsm8k,late,measured_dense_runtime,357,53,11,real,6.735849056603773,1,25,0.801375055034001,torch_grouped_full64_gpu_cumsum,19,0.5885120034217834
dense_004_real,gsm8k,late,measured_dense_runtime,357,53,11,real,6.735849056603773,1,25,0.801375055034001,torch_grouped_full64_gpu_cumsum,20,0.595583975315094
dense_004_real,gsm8k,late,measured_dense_runtime,357,53,11,real,6.735849056603773,1,25,0.801375055034001,torch_grouped_full64_gpu_cumsum,21,0.603551983833313
dense_004_real,gsm8k,late,measured_dense_runtime,357,53,11,real,6.735849056603773,1,25,0.801375055034001,torch_grouped_full64_gpu_cumsum,22,0.6026880145072937
dense_004_real,gsm8k,late,measured_dense_runtime,357,53,11,real,6.735849056603773,1,25,0.801375055034001,torch_grouped_full64_gpu_cumsum,23,0.612991988658905
dense_004_real,gsm8k,late,measured_dense_runtime,357,53,11,real,6.735849056603773,1,25,0.801375055034001,torch_grouped_full64_gpu_cumsum,24,0.6174719929695129
dense_004_real,gsm8k,late,measured_dense_runtime,357,53,11,real,6.735849056603773,1,25,0.801375055034001,torch_grouped_full64_gpu_cumsum,25,0.6094080209732056
dense_004_real,gsm8k,late,measured_dense_runtime,357,53,11,real,6.735849056603773,1,25,0.801375055034001,torch_grouped_full64_gpu_cumsum,26,0.6202560067176819
dense_004_real,gsm8k,late,measured_dense_runtime,357,53,11,real,6.735849056603773,1,25,0.801375055034001,torch_grouped_full64_gpu_cumsum,27,0.5956479907035828
dense_004_real,gsm8k,late,measured_dense_runtime,357,53,11,real,6.735849056603773,1,25,0.801375055034001,torch_grouped_full64_gpu_cumsum,28,0.5863999724388123
dense_004_real,gsm8k,late,measured_dense_runtime,357,53,11,real,6.735849056603773,1,25,0.801375055034001,torch_grouped_full64_gpu_cumsum,29,0.5899839997291565
dense_004_real,gsm8k,late,measured_dense_runtime,357,53,11,real,6.735849056603773,1,25,0.801375055034001,torch_grouped_full64_gpu_cumsum,30,0.5839999914169312
dense_004_real,gsm8k,late,measured_dense_runtime,357,53,11,real,6.735849056603773,1,25,0.801375055034001,torch_grouped_full64_gpu_cumsum,31,0.5878080129623413
dense_004_real,gsm8k,late,measured_dense_runtime,357,53,11,real,6.735849056603773,1,25,0.801375055034001,torch_grouped_full64_gpu_cumsum,32,0.583840012550354
dense_004_real,gsm8k,late,measured_dense_runtime,357,53,11,real,6.735849056603773,1,25,0.801375055034001,torch_grouped_full64_gpu_cumsum,33,0.5819519758224487
dense_004_real,gsm8k,late,measured_dense_runtime,357,53,11,real,6.735849056603773,1,25,0.801375055034001,torch_grouped_full64_gpu_cumsum,34,0.5887680053710938
dense_004_real,gsm8k,late,measured_dense_runtime,357,53,11,real,6.735849056603773,1,25,0.801375055034001,torch_grouped_full64_gpu_cumsum,35,0.5851519703865051
dense_004_real,gsm8k,late,measured_dense_runtime,357,53,11,real,6.735849056603773,1,25,0.801375055034001,torch_grouped_full64_gpu_cumsum,36,0.5900160074234009
dense_004_real,gsm8k,late,measured_dense_runtime,357,53,11,real,6.735849056603773,1,25,0.801375055034001,torch_grouped_full64_gpu_cumsum,37,0.6075839996337891
dense_004_real,gsm8k,late,measured_dense_runtime,357,53,11,real,6.735849056603773,1,25,0.801375055034001,torch_grouped_full64_gpu_cumsum,38,0.606656014919281
dense_004_real,gsm8k,late,measured_dense_runtime,357,53,11,real,6.735849056603773,1,25,0.801375055034001,torch_grouped_full64_gpu_cumsum,39,0.6155200004577637
dense_004_real,gsm8k,late,measured_dense_runtime,357,53,11,real,6.735849056603773,1,25,0.801375055034001,torch_grouped_full64_cpu_list_offsets,0,0.6479039788246155
dense_004_real,gsm8k,late,measured_dense_runtime,357,53,11,real,6.735849056603773,1,25,0.801375055034001,torch_grouped_full64_cpu_list_offsets,1,0.6322559714317322
dense_004_real,gsm8k,late,measured_dense_runtime,357,53,11,real,6.735849056603773,1,25,0.801375055034001,torch_grouped_full64_cpu_list_offsets,2,0.6131200194358826
dense_004_real,gsm8k,late,measured_dense_runtime,357,53,11,real,6.735849056603773,1,25,0.801375055034001,torch_grouped_full64_cpu_list_offsets,3,0.6128000020980835
dense_004_real,gsm8k,late,measured_dense_runtime,357,53,11,real,6.735849056603773,1,25,0.801375055034001,torch_grouped_full64_cpu_list_offsets,4,0.6320319771766663
dense_004_real,gsm8k,late,measured_dense_runtime,357,53,11,real,6.735849056603773,1,25,0.801375055034001,torch_grouped_full64_cpu_list_offsets,5,0.6496319770812988
dense_004_real,gsm8k,late,measured_dense_runtime,357,53,11,real,6.735849056603773,1,25,0.801375055034001,torch_grouped_full64_cpu_list_offsets,6,0.6511039733886719
dense_004_real,gsm8k,late,measured_dense_runtime,357,53,11,real,6.735849056603773,1,25,0.801375055034001,torch_grouped_full64_cpu_list_offsets,7,0.643775999546051
dense_004_real,gsm8k,late,measured_dense_runtime,357,53,11,real,6.735849056603773,1,25,0.801375055034001,torch_grouped_full64_cpu_list_offsets,8,0.612608015537262
dense_004_real,gsm8k,late,measured_dense_runtime,357,53,11,real,6.735849056603773,1,25,0.801375055034001,torch_grouped_full64_cpu_list_offsets,9,0.6170880198478699
dense_004_real,gsm8k,late,measured_dense_runtime,357,53,11,real,6.735849056603773,1,25,0.801375055034001,torch_grouped_full64_cpu_list_offsets,10,0.6085759997367859
dense_004_real,gsm8k,late,measured_dense_runtime,357,53,11,real,6.735849056603773,1,25,0.801375055034001,torch_grouped_full64_cpu_list_offsets,11,0.609824001789093
dense_004_real,gsm8k,late,measured_dense_runtime,357,53,11,real,6.735849056603773,1,25,0.801375055034001,torch_grouped_full64_cpu_list_offsets,12,0.6155840158462524
dense_004_real,gsm8k,late,measured_dense_runtime,357,53,11,real,6.735849056603773,1,25,0.801375055034001,torch_grouped_full64_cpu_list_offsets,13,0.6246079802513123
dense_004_real,gsm8k,late,measured_dense_runtime,357,53,11,real,6.735849056603773,1,25,0.801375055034001,torch_grouped_full64_cpu_list_offsets,14,0.6171519756317139
dense_004_real,gsm8k,late,measured_dense_runtime,357,53,11,real,6.735849056603773,1,25,0.801375055034001,torch_grouped_full64_cpu_list_offsets,15,0.6126400232315063
dense_004_real,gsm8k,late,measured_dense_runtime,357,53,11,real,6.735849056603773,1,25,0.801375055034001,torch_grouped_full64_cpu_list_offsets,16,0.6132479906082153
dense_004_real,gsm8k,late,measured_dense_runtime,357,53,11,real,6.735849056603773,1,25,0.801375055034001,torch_grouped_full64_cpu_list_offsets,17,0.6398400068283081
dense_004_real,gsm8k,late,measured_dense_runtime,357,53,11,real,6.735849056603773,1,25,0.801375055034001,torch_grouped_full64_cpu_list_offsets,18,0.6429439783096313
dense_004_real,gsm8k,late,measured_dense_runtime,357,53,11,real,6.735849056603773,1,25,0.801375055034001,torch_grouped_full64_cpu_list_offsets,19,0.6445440053939819
dense_004_real,gsm8k,late,measured_dense_runtime,357,53,11,real,6.735849056603773,1,25,0.801375055034001,torch_grouped_full64_cpu_list_offsets,20,0.6096320152282715
dense_004_real,gsm8k,late,measured_dense_runtime,357,53,11,real,6.735849056603773,1,25,0.801375055034001,torch_grouped_full64_cpu_list_offsets,21,0.6077119708061218
dense_004_real,gsm8k,late,measured_dense_runtime,357,53,11,real,6.735849056603773,1,25,0.801375055034001,torch_grouped_full64_cpu_list_offsets,22,0.6169919967651367
dense_004_real,gsm8k,late,measured_dense_runtime,357,53,11,real,6.735849056603773,1,25,0.801375055034001,torch_grouped_full64_cpu_list_offsets,23,0.6164799928665161
dense_004_real,gsm8k,late,measured_dense_runtime,357,53,11,real,6.735849056603773,1,25,0.801375055034001,torch_grouped_full64_cpu_list_offsets,24,0.6124160289764404
dense_004_real,gsm8k,late,measured_dense_runtime,357,53,11,real,6.735849056603773,1,25,0.801375055034001,torch_grouped_full64_cpu_list_offsets,25,0.6098880171775818
dense_004_real,gsm8k,late,measured_dense_runtime,357,53,11,real,6.735849056603773,1,25,0.801375055034001,torch_grouped_full64_cpu_list_offsets,26,0.6085439920425415
dense_004_real,gsm8k,late,measured_dense_runtime,357,53,11,real,6.735849056603773,1,25,0.801375055034001,torch_grouped_full64_cpu_list_offsets,27,0.6066880226135254
dense_004_real,gsm8k,late,measured_dense_runtime,357,53,11,real,6.735849056603773,1,25,0.801375055034001,torch_grouped_full64_cpu_list_offsets,28,0.6114879846572876
dense_004_real,gsm8k,late,measured_dense_runtime,357,53,11,real,6.735849056603773,1,25,0.801375055034001,torch_grouped_full64_cpu_list_offsets,29,0.6128320097923279
dense_004_real,gsm8k,late,measured_dense_runtime,357,53,11,real,6.735849056603773,1,25,0.801375055034001,torch_grouped_full64_cpu_list_offsets,30,0.6162559986114502
dense_004_real,gsm8k,late,measured_dense_runtime,357,53,11,real,6.735849056603773,1,25,0.801375055034001,torch_grouped_full64_cpu_list_offsets,31,0.6147840023040771
dense_004_real,gsm8k,late,measured_dense_runtime,357,53,11,real,6.735849056603773,1,25,0.801375055034001,torch_grouped_full64_cpu_list_offsets,32,0.6192960143089294
dense_004_real,gsm8k,late,measured_dense_runtime,357,53,11,real,6.735849056603773,1,25,0.801375055034001,torch_grouped_full64_cpu_list_offsets,33,0.6164479851722717
dense_004_real,gsm8k,late,measured_dense_runtime,357,53,11,real,6.735849056603773,1,25,0.801375055034001,torch_grouped_full64_cpu_list_offsets,34,0.6340799927711487
dense_004_real,gsm8k,late,measured_dense_runtime,357,53,11,real,6.735849056603773,1,25,0.801375055034001,torch_grouped_full64_cpu_list_offsets,35,0.6386560201644897
dense_004_real,gsm8k,late,measured_dense_runtime,357,53,11,real,6.735849056603773,1,25,0.801375055034001,torch_grouped_full64_cpu_list_offsets,36,0.6720960140228271
dense_004_real,gsm8k,late,measured_dense_runtime,357,53,11,real,6.735849056603773,1,25,0.801375055034001,torch_grouped_full64_cpu_list_offsets,37,0.6663039922714233
dense_004_real,gsm8k,late,measured_dense_runtime,357,53,11,real,6.735849056603773,1,25,0.801375055034001,torch_grouped_full64_cpu_list_offsets,38,0.6525440216064453
dense_004_real,gsm8k,late,measured_dense_runtime,357,53,11,real,6.735849056603773,1,25,0.801375055034001,torch_grouped_full64_cpu_list_offsets,39,0.6512640118598938
dense_005_real,gsm8k,late,measured_dense_runtime,1224,45,19,real,27.2,1,174,1.4328407055582997,torch_grouped_full64_cpu_list_offsets,0,0.6160320043563843
dense_005_real,gsm8k,late,measured_dense_runtime,1224,45,19,real,27.2,1,174,1.4328407055582997,torch_grouped_full64_cpu_list_offsets,1,0.5759680271148682
dense_005_real,gsm8k,late,measured_dense_runtime,1224,45,19,real,27.2,1,174,1.4328407055582997,torch_grouped_full64_cpu_list_offsets,2,0.5739840269088745
dense_005_real,gsm8k,late,measured_dense_runtime,1224,45,19,real,27.2,1,174,1.4328407055582997,torch_grouped_full64_cpu_list_offsets,3,0.572767972946167
dense_005_real,gsm8k,late,measured_dense_runtime,1224,45,19,real,27.2,1,174,1.4328407055582997,torch_grouped_full64_cpu_list_offsets,4,0.5709120035171509
dense_005_real,gsm8k,late,measured_dense_runtime,1224,45,19,real,27.2,1,174,1.4328407055582997,torch_grouped_full64_cpu_list_offsets,5,0.5648959875106812
dense_005_real,gsm8k,late,measured_dense_runtime,1224,45,19,real,27.2,1,174,1.4328407055582997,torch_grouped_full64_cpu_list_offsets,6,0.5730879902839661
dense_005_real,gsm8k,late,measured_dense_runtime,1224,45,19,real,27.2,1,174,1.4328407055582997,torch_grouped_full64_cpu_list_offsets,7,0.573248028755188
dense_005_real,gsm8k,late,measured_dense_runtime,1224,45,19,real,27.2,1,174,1.4328407055582997,torch_grouped_full64_cpu_list_offsets,8,0.5739520192146301
dense_005_real,gsm8k,late,measured_dense_runtime,1224,45,19,real,27.2,1,174,1.4328407055582997,torch_grouped_full64_cpu_list_offsets,9,0.569599986076355
dense_005_real,gsm8k,late,measured_dense_runtime,1224,45,19,real,27.2,1,174,1.4328407055582997,torch_grouped_full64_cpu_list_offsets,10,0.5694079995155334
dense_005_real,gsm8k,late,measured_dense_runtime,1224,45,19,real,27.2,1,174,1.4328407055582997,torch_grouped_full64_cpu_list_offsets,11,0.574783980846405
dense_005_real,gsm8k,late,measured_dense_runtime,1224,45,19,real,27.2,1,174,1.4328407055582997,torch_grouped_full64_cpu_list_offsets,12,0.5752639770507812
dense_005_real,gsm8k,late,measured_dense_runtime,1224,45,19,real,27.2,1,174,1.4328407055582997,torch_grouped_full64_cpu_list_offsets,13,0.6131839752197266
dense_005_real,gsm8k,late,measured_dense_runtime,1224,45,19,real,27.2,1,174,1.4328407055582997,torch_grouped_full64_cpu_list_offsets,14,0.5961920022964478
dense_005_real,gsm8k,late,measured_dense_runtime,1224,45,19,real,27.2,1,174,1.4328407055582997,torch_grouped_full64_cpu_list_offsets,15,0.6272000074386597
dense_005_real,gsm8k,late,measured_dense_runtime,1224,45,19,real,27.2,1,174,1.4328407055582997,torch_grouped_full64_cpu_list_offsets,16,0.6092479825019836
dense_005_real,gsm8k,late,measured_dense_runtime,1224,45,19,real,27.2,1,174,1.4328407055582997,torch_grouped_full64_cpu_list_offsets,17,0.6384639739990234
dense_005_real,gsm8k,late,measured_dense_runtime,1224,45,19,real,27.2,1,174,1.4328407055582997,torch_grouped_full64_cpu_list_offsets,18,0.6237760186195374
dense_005_real,gsm8k,late,measured_dense_runtime,1224,45,19,real,27.2,1,174,1.4328407055582997,torch_grouped_full64_cpu_list_offsets,19,0.6102079749107361
dense_005_real,gsm8k,late,measured_dense_runtime,1224,45,19,real,27.2,1,174,1.4328407055582997,torch_grouped_full64_cpu_list_offsets,20,0.6049280166625977
dense_005_real,gsm8k,late,measured_dense_runtime,1224,45,19,real,27.2,1,174,1.4328407055582997,torch_grouped_full64_cpu_list_offsets,21,0.6080319881439209
dense_005_real,gsm8k,late,measured_dense_runtime,1224,45,19,real,27.2,1,174,1.4328407055582997,torch_grouped_full64_cpu_list_offsets,22,0.5749120116233826
dense_005_real,gsm8k,late,measured_dense_runtime,1224,45,19,real,27.2,1,174,1.4328407055582997,torch_grouped_full64_cpu_list_offsets,23,0.576416015625
dense_005_real,gsm8k,late,measured_dense_runtime,1224,45,19,real,27.2,1,174,1.4328407055582997,torch_grouped_full64_cpu_list_offsets,24,0.5734400153160095
dense_005_real,gsm8k,late,measured_dense_runtime,1224,45,19,real,27.2,1,174,1.4328407055582997,torch_grouped_full64_cpu_list_offsets,25,0.5709120035171509
dense_005_real,gsm8k,late,measured_dense_runtime,1224,45,19,real,27.2,1,174,1.4328407055582997,torch_grouped_full64_cpu_list_offsets,26,0.5752639770507812
dense_005_real,gsm8k,late,measured_dense_runtime,1224,45,19,real,27.2,1,174,1.4328407055582997,torch_grouped_full64_cpu_list_offsets,27,0.5779200196266174
dense_005_real,gsm8k,late,measured_dense_runtime,1224,45,19,real,27.2,1,174,1.4328407055582997,torch_grouped_full64_cpu_list_offsets,28,0.57532799243927
dense_005_real,gsm8k,late,measured_dense_runtime,1224,45,19,real,27.2,1,174,1.4328407055582997,torch_grouped_full64_cpu_list_offsets,29,0.5720319747924805
dense_005_real,gsm8k,late,measured_dense_runtime,1224,45,19,real,27.2,1,174,1.4328407055582997,torch_grouped_full64_cpu_list_offsets,30,0.5817919969558716
dense_005_real,gsm8k,late,measured_dense_runtime,1224,45,19,real,27.2,1,174,1.4328407055582997,torch_grouped_full64_cpu_list_offsets,31,0.5749760270118713
dense_005_real,gsm8k,late,measured_dense_runtime,1224,45,19,real,27.2,1,174,1.4328407055582997,torch_grouped_full64_cpu_list_offsets,32,0.6088640093803406
dense_005_real,gsm8k,late,measured_dense_runtime,1224,45,19,real,27.2,1,174,1.4328407055582997,torch_grouped_full64_cpu_list_offsets,33,0.5986559987068176
dense_005_real,gsm8k,late,measured_dense_runtime,1224,45,19,real,27.2,1,174,1.4328407055582997,torch_grouped_full64_cpu_list_offsets,34,0.6188799738883972
dense_005_real,gsm8k,late,measured_dense_runtime,1224,45,19,real,27.2,1,174,1.4328407055582997,torch_grouped_full64_cpu_list_offsets,35,0.5826879739761353
dense_005_real,gsm8k,late,measured_dense_runtime,1224,45,19,real,27.2,1,174,1.4328407055582997,torch_grouped_full64_cpu_list_offsets,36,0.577888011932373
dense_005_real,gsm8k,late,measured_dense_runtime,1224,45,19,real,27.2,1,174,1.4328407055582997,torch_grouped_full64_cpu_list_offsets,37,0.574176013469696
dense_005_real,gsm8k,late,measured_dense_runtime,1224,45,19,real,27.2,1,174,1.4328407055582997,torch_grouped_full64_cpu_list_offsets,38,0.5744640231132507
dense_005_real,gsm8k,late,measured_dense_runtime,1224,45,19,real,27.2,1,174,1.4328407055582997,torch_grouped_full64_cpu_list_offsets,39,0.5748159885406494
dense_005_real,gsm8k,late,measured_dense_runtime,1224,45,19,real,27.2,1,174,1.4328407055582997,torch_grouped_full64_gpu_cumsum,0,0.5621119737625122
dense_005_real,gsm8k,late,measured_dense_runtime,1224,45,19,real,27.2,1,174,1.4328407055582997,torch_grouped_full64_gpu_cumsum,1,0.5524799823760986
dense_005_real,gsm8k,late,measured_dense_runtime,1224,45,19,real,27.2,1,174,1.4328407055582997,torch_grouped_full64_gpu_cumsum,2,0.5435839891433716
dense_005_real,gsm8k,late,measured_dense_runtime,1224,45,19,real,27.2,1,174,1.4328407055582997,torch_grouped_full64_gpu_cumsum,3,0.5474240183830261
dense_005_real,gsm8k,late,measured_dense_runtime,1224,45,19,real,27.2,1,174,1.4328407055582997,torch_grouped_full64_gpu_cumsum,4,0.551904022693634
dense_005_real,gsm8k,late,measured_dense_runtime,1224,45,19,real,27.2,1,174,1.4328407055582997,torch_grouped_full64_gpu_cumsum,5,0.5569919943809509
dense_005_real,gsm8k,late,measured_dense_runtime,1224,45,19,real,27.2,1,174,1.4328407055582997,torch_grouped_full64_gpu_cumsum,6,0.5559999942779541
dense_005_real,gsm8k,late,measured_dense_runtime,1224,45,19,real,27.2,1,174,1.4328407055582997,torch_grouped_full64_gpu_cumsum,7,0.5623040199279785
dense_005_real,gsm8k,late,measured_dense_runtime,1224,45,19,real,27.2,1,174,1.4328407055582997,torch_grouped_full64_gpu_cumsum,8,0.5602239966392517
dense_005_real,gsm8k,late,measured_dense_runtime,1224,45,19,real,27.2,1,174,1.4328407055582997,torch_grouped_full64_gpu_cumsum,9,0.5849599838256836
dense_005_real,gsm8k,late,measured_dense_runtime,1224,45,19,real,27.2,1,174,1.4328407055582997,torch_grouped_full64_gpu_cumsum,10,0.5701760053634644
dense_005_real,gsm8k,late,measured_dense_runtime,1224,45,19,real,27.2,1,174,1.4328407055582997,torch_grouped_full64_gpu_cumsum,11,0.574783980846405
dense_005_real,gsm8k,late,measured_dense_runtime,1224,45,19,real,27.2,1,174,1.4328407055582997,torch_grouped_full64_gpu_cumsum,12,0.5741440057754517
dense_005_real,gsm8k,late,measured_dense_runtime,1224,45,19,real,27.2,1,174,1.4328407055582997,torch_grouped_full64_gpu_cumsum,13,0.5665919780731201
dense_005_real,gsm8k,late,measured_dense_runtime,1224,45,19,real,27.2,1,174,1.4328407055582997,torch_grouped_full64_gpu_cumsum,14,0.5728960037231445
dense_005_real,gsm8k,late,measured_dense_runtime,1224,45,19,real,27.2,1,174,1.4328407055582997,torch_grouped_full64_gpu_cumsum,15,0.5696960091590881
dense_005_real,gsm8k,late,measured_dense_runtime,1224,45,19,real,27.2,1,174,1.4328407055582997,torch_grouped_full64_gpu_cumsum,16,0.5630080103874207
dense_005_real,gsm8k,late,measured_dense_runtime,1224,45,19,real,27.2,1,174,1.4328407055582997,torch_grouped_full64_gpu_cumsum,17,0.576960027217865
dense_005_real,gsm8k,late,measured_dense_runtime,1224,45,19,real,27.2,1,174,1.4328407055582997,torch_grouped_full64_gpu_cumsum,18,0.561024010181427
dense_005_real,gsm8k,late,measured_dense_runtime,1224,45,19,real,27.2,1,174,1.4328407055582997,torch_grouped_full64_gpu_cumsum,19,0.5462719798088074
dense_005_real,gsm8k,late,measured_dense_runtime,1224,45,19,real,27.2,1,174,1.4328407055582997,torch_grouped_full64_gpu_cumsum,20,0.5525439977645874
dense_005_real,gsm8k,late,measured_dense_runtime,1224,45,19,real,27.2,1,174,1.4328407055582997,torch_grouped_full64_gpu_cumsum,21,0.5523200035095215
dense_005_real,gsm8k,late,measured_dense_runtime,1224,45,19,real,27.2,1,174,1.4328407055582997,torch_grouped_full64_gpu_cumsum,22,0.5496320128440857
dense_005_real,gsm8k,late,measured_dense_runtime,1224,45,19,real,27.2,1,174,1.4328407055582997,torch_grouped_full64_gpu_cumsum,23,0.5460479855537415
dense_005_real,gsm8k,late,measured_dense_runtime,1224,45,19,real,27.2,1,174,1.4328407055582997,torch_grouped_full64_gpu_cumsum,24,0.5511360168457031
dense_005_real,gsm8k,late,measured_dense_runtime,1224,45,19,real,27.2,1,174,1.4328407055582997,torch_grouped_full64_gpu_cumsum,25,0.5462719798088074
dense_005_real,gsm8k,late,measured_dense_runtime,1224,45,19,real,27.2,1,174,1.4328407055582997,torch_grouped_full64_gpu_cumsum,26,0.5549759864807129
dense_005_real,gsm8k,late,measured_dense_runtime,1224,45,19,real,27.2,1,174,1.4328407055582997,torch_grouped_full64_gpu_cumsum,27,0.5561919808387756
dense_005_real,gsm8k,late,measured_dense_runtime,1224,45,19,real,27.2,1,174,1.4328407055582997,torch_grouped_full64_gpu_cumsum,28,0.5494400262832642
dense_005_real,gsm8k,late,measured_dense_runtime,1224,45,19,real,27.2,1,174,1.4328407055582997,torch_grouped_full64_gpu_cumsum,29,0.5627520084381104
dense_005_real,gsm8k,late,measured_dense_runtime,1224,45,19,real,27.2,1,174,1.4328407055582997,torch_grouped_full64_gpu_cumsum,30,0.5677120089530945
dense_005_real,gsm8k,late,measured_dense_runtime,1224,45,19,real,27.2,1,174,1.4328407055582997,torch_grouped_full64_gpu_cumsum,31,0.5862399935722351
dense_005_real,gsm8k,late,measured_dense_runtime,1224,45,19,real,27.2,1,174,1.4328407055582997,torch_grouped_full64_gpu_cumsum,32,0.5545920133590698
dense_005_real,gsm8k,late,measured_dense_runtime,1224,45,19,real,27.2,1,174,1.4328407055582997,torch_grouped_full64_gpu_cumsum,33,0.5524799823760986
dense_005_real,gsm8k,late,measured_dense_runtime,1224,45,19,real,27.2,1,174,1.4328407055582997,torch_grouped_full64_gpu_cumsum,34,0.5522879958152771
dense_005_real,gsm8k,late,measured_dense_runtime,1224,45,19,real,27.2,1,174,1.4328407055582997,torch_grouped_full64_gpu_cumsum,35,0.5501440167427063
dense_005_real,gsm8k,late,measured_dense_runtime,1224,45,19,real,27.2,1,174,1.4328407055582997,torch_grouped_full64_gpu_cumsum,36,0.5515199899673462
dense_005_real,gsm8k,late,measured_dense_runtime,1224,45,19,real,27.2,1,174,1.4328407055582997,torch_grouped_full64_gpu_cumsum,37,0.5512319803237915
dense_005_real,gsm8k,late,measured_dense_runtime,1224,45,19,real,27.2,1,174,1.4328407055582997,torch_grouped_full64_gpu_cumsum,38,0.545632004737854
dense_005_real,gsm8k,late,measured_dense_runtime,1224,45,19,real,27.2,1,174,1.4328407055582997,torch_grouped_full64_gpu_cumsum,39,0.5504000186920166
dense_005_real,gsm8k,late,measured_dense_runtime,1224,45,19,real,27.2,1,174,1.4328407055582997,torch_grouped_active_prebuilt_oracle,0,0.5303360223770142
dense_005_real,gsm8k,late,measured_dense_runtime,1224,45,19,real,27.2,1,174,1.4328407055582997,torch_grouped_active_prebuilt_oracle,1,0.5310400128364563
dense_005_real,gsm8k,late,measured_dense_runtime,1224,45,19,real,27.2,1,174,1.4328407055582997,torch_grouped_active_prebuilt_oracle,2,0.5392000079154968
dense_005_real,gsm8k,late,measured_dense_runtime,1224,45,19,real,27.2,1,174,1.4328407055582997,torch_grouped_active_prebuilt_oracle,3,0.5347840189933777
dense_005_real,gsm8k,late,measured_dense_runtime,1224,45,19,real,27.2,1,174,1.4328407055582997,torch_grouped_active_prebuilt_oracle,4,0.5418879985809326
dense_005_real,gsm8k,late,measured_dense_runtime,1224,45,19,real,27.2,1,174,1.4328407055582997,torch_grouped_active_prebuilt_oracle,5,0.5422719717025757
dense_005_real,gsm8k,late,measured_dense_runtime,1224,45,19,real,27.2,1,174,1.4328407055582997,torch_grouped_active_prebuilt_oracle,6,0.546176016330719
dense_005_real,gsm8k,late,measured_dense_runtime,1224,45,19,real,27.2,1,174,1.4328407055582997,torch_grouped_active_prebuilt_oracle,7,0.5618240237236023
dense_005_real,gsm8k,late,measured_dense_runtime,1224,45,19,real,27.2,1,174,1.4328407055582997,torch_grouped_active_prebuilt_oracle,8,0.5457599759101868
dense_005_real,gsm8k,late,measured_dense_runtime,1224,45,19,real,27.2,1,174,1.4328407055582997,torch_grouped_active_prebuilt_oracle,9,0.5406399965286255
dense_005_real,gsm8k,late,measured_dense_runtime,1224,45,19,real,27.2,1,174,1.4328407055582997,torch_grouped_active_prebuilt_oracle,10,0.5385599732398987
dense_005_real,gsm8k,late,measured_dense_runtime,1224,45,19,real,27.2,1,174,1.4328407055582997,torch_grouped_active_prebuilt_oracle,11,0.5401279926300049
dense_005_real,gsm8k,late,measured_dense_runtime,1224,45,19,real,27.2,1,174,1.4328407055582997,torch_grouped_active_prebuilt_oracle,12,0.5368000268936157
dense_005_real,gsm8k,late,measured_dense_runtime,1224,45,19,real,27.2,1,174,1.4328407055582997,torch_grouped_active_prebuilt_oracle,13,0.5357120037078857
dense_005_real,gsm8k,late,measured_dense_runtime,1224,45,19,real,27.2,1,174,1.4328407055582997,torch_grouped_active_prebuilt_oracle,14,0.535647988319397
dense_005_real,gsm8k,late,measured_dense_runtime,1224,45,19,real,27.2,1,174,1.4328407055582997,torch_grouped_active_prebuilt_oracle,15,0.5346879959106445
dense_005_real,gsm8k,late,measured_dense_runtime,1224,45,19,real,27.2,1,174,1.4328407055582997,torch_grouped_active_prebuilt_oracle,16,0.5407040119171143
dense_005_real,gsm8k,late,measured_dense_runtime,1224,45,19,real,27.2,1,174,1.4328407055582997,torch_grouped_active_prebuilt_oracle,17,0.5381119847297668
dense_005_real,gsm8k,late,measured_dense_runtime,1224,45,19,real,27.2,1,174,1.4328407055582997,torch_grouped_active_prebuilt_oracle,18,0.5342079997062683
dense_005_real,gsm8k,late,measured_dense_runtime,1224,45,19,real,27.2,1,174,1.4328407055582997,torch_grouped_active_prebuilt_oracle,19,0.5363839864730835
dense_005_real,gsm8k,late,measured_dense_runtime,1224,45,19,real,27.2,1,174,1.4328407055582997,torch_grouped_active_prebuilt_oracle,20,0.5353279709815979
dense_005_real,gsm8k,late,measured_dense_runtime,1224,45,19,real,27.2,1,174,1.4328407055582997,torch_grouped_active_prebuilt_oracle,21,0.5514240264892578
dense_005_real,gsm8k,late,measured_dense_runtime,1224,45,19,real,27.2,1,174,1.4328407055582997,torch_grouped_active_prebuilt_oracle,22,0.5479040145874023
dense_005_real,gsm8k,late,measured_dense_runtime,1224,45,19,real,27.2,1,174,1.4328407055582997,torch_grouped_active_prebuilt_oracle,23,0.5511680245399475
dense_005_real,gsm8k,late,measured_dense_runtime,1224,45,19,real,27.2,1,174,1.4328407055582997,torch_grouped_active_prebuilt_oracle,24,0.5346559882164001
dense_005_real,gsm8k,late,measured_dense_runtime,1224,45,19,real,27.2,1,174,1.4328407055582997,torch_grouped_active_prebuilt_oracle,25,0.5337920188903809
dense_005_real,gsm8k,late,measured_dense_runtime,1224,45,19,real,27.2,1,174,1.4328407055582997,torch_grouped_active_prebuilt_oracle,26,0.5357440114021301
dense_005_real,gsm8k,late,measured_dense_runtime,1224,45,19,real,27.2,1,174,1.4328407055582997,torch_grouped_active_prebuilt_oracle,27,0.5378879904747009
dense_005_real,gsm8k,late,measured_dense_runtime,1224,45,19,real,27.2,1,174,1.4328407055582997,torch_grouped_active_prebuilt_oracle,28,0.532480001449585
dense_005_real,gsm8k,late,measured_dense_runtime,1224,45,19,real,27.2,1,174,1.4328407055582997,torch_grouped_active_prebuilt_oracle,29,0.5367040038108826
dense_005_real,gsm8k,late,measured_dense_runtime,1224,45,19,real,27.2,1,174,1.4328407055582997,torch_grouped_active_prebuilt_oracle,30,0.5376319885253906
dense_005_real,gsm8k,late,measured_dense_runtime,1224,45,19,real,27.2,1,174,1.4328407055582997,torch_grouped_active_prebuilt_oracle,31,0.5411840081214905
dense_005_real,gsm8k,late,measured_dense_runtime,1224,45,19,real,27.2,1,174,1.4328407055582997,torch_grouped_active_prebuilt_oracle,32,0.5398399829864502
dense_005_real,gsm8k,late,measured_dense_runtime,1224,45,19,real,27.2,1,174,1.4328407055582997,torch_grouped_active_prebuilt_oracle,33,0.538815975189209
dense_005_real,gsm8k,late,measured_dense_runtime,1224,45,19,real,27.2,1,174,1.4328407055582997,torch_grouped_active_prebuilt_oracle,34,0.538752019405365
dense_005_real,gsm8k,late,measured_dense_runtime,1224,45,19,real,27.2,1,174,1.4328407055582997,torch_grouped_active_prebuilt_oracle,35,0.5372160077095032
dense_005_real,gsm8k,late,measured_dense_runtime,1224,45,19,real,27.2,1,174,1.4328407055582997,torch_grouped_active_prebuilt_oracle,36,0.5371840000152588
dense_005_real,gsm8k,late,measured_dense_runtime,1224,45,19,real,27.2,1,174,1.4328407055582997,torch_grouped_active_prebuilt_oracle,37,0.5377600193023682
dense_005_real,gsm8k,late,measured_dense_runtime,1224,45,19,real,27.2,1,174,1.4328407055582997,torch_grouped_active_prebuilt_oracle,38,0.5373119711875916
dense_005_real,gsm8k,late,measured_dense_runtime,1224,45,19,real,27.2,1,174,1.4328407055582997,torch_grouped_active_prebuilt_oracle,39,0.5378879904747009
dense_005_real,gsm8k,late,measured_dense_runtime,1224,45,19,real,27.2,1,174,1.4328407055582997,vllm_fused,0,0.8530240058898926
dense_005_real,gsm8k,late,measured_dense_runtime,1224,45,19,real,27.2,1,174,1.4328407055582997,vllm_fused,1,0.8078399896621704
dense_005_real,gsm8k,late,measured_dense_runtime,1224,45,19,real,27.2,1,174,1.4328407055582997,vllm_fused,2,0.7642880082130432
dense_005_real,gsm8k,late,measured_dense_runtime,1224,45,19,real,27.2,1,174,1.4328407055582997,vllm_fused,3,0.7752640247344971
dense_005_real,gsm8k,late,measured_dense_runtime,1224,45,19,real,27.2,1,174,1.4328407055582997,vllm_fused,4,0.7621440291404724
dense_005_real,gsm8k,late,measured_dense_runtime,1224,45,19,real,27.2,1,174,1.4328407055582997,vllm_fused,5,0.753279983997345
dense_005_real,gsm8k,late,measured_dense_runtime,1224,45,19,real,27.2,1,174,1.4328407055582997,vllm_fused,6,0.7685440182685852
dense_005_real,gsm8k,late,measured_dense_runtime,1224,45,19,real,27.2,1,174,1.4328407055582997,vllm_fused,7,0.7588800191879272
dense_005_real,gsm8k,late,measured_dense_runtime,1224,45,19,real,27.2,1,174,1.4328407055582997,vllm_fused,8,0.7629119753837585
dense_005_real,gsm8k,late,measured_dense_runtime,1224,45,19,real,27.2,1,174,1.4328407055582997,vllm_fused,9,0.7565119862556458
dense_005_real,gsm8k,late,measured_dense_runtime,1224,45,19,real,27.2,1,174,1.4328407055582997,vllm_fused,10,0.7695040106773376
dense_005_real,gsm8k,late,measured_dense_runtime,1224,45,19,real,27.2,1,174,1.4328407055582997,vllm_fused,11,0.7599679827690125
dense_005_real,gsm8k,late,measured_dense_runtime,1224,45,19,real,27.2,1,174,1.4328407055582997,vllm_fused,12,0.7798720002174377
dense_005_real,gsm8k,late,measured_dense_runtime,1224,45,19,real,27.2,1,174,1.4328407055582997,vllm_fused,13,0.7774080038070679
dense_005_real,gsm8k,late,measured_dense_runtime,1224,45,19,real,27.2,1,174,1.4328407055582997,vllm_fused,14,0.757535994052887
dense_005_real,gsm8k,late,measured_dense_runtime,1224,45,19,real,27.2,1,174,1.4328407055582997,vllm_fused,15,0.7611520290374756
dense_005_real,gsm8k,late,measured_dense_runtime,1224,45,19,real,27.2,1,174,1.4328407055582997,vllm_fused,16,0.7527999877929688
dense_005_real,gsm8k,late,measured_dense_runtime,1224,45,19,real,27.2,1,174,1.4328407055582997,vllm_fused,17,0.771776020526886
dense_005_real,gsm8k,late,measured_dense_runtime,1224,45,19,real,27.2,1,174,1.4328407055582997,vllm_fused,18,0.7707520127296448
dense_005_real,gsm8k,late,measured_dense_runtime,1224,45,19,real,27.2,1,174,1.4328407055582997,vllm_fused,19,0.759552001953125
dense_005_real,gsm8k,late,measured_dense_runtime,1224,45,19,real,27.2,1,174,1.4328407055582997,vllm_fused,20,0.7582399845123291
dense_005_real,gsm8k,late,measured_dense_runtime,1224,45,19,real,27.2,1,174,1.4328407055582997,vllm_fused,21,0.7576959729194641
dense_005_real,gsm8k,late,measured_dense_runtime,1224,45,19,real,27.2,1,174,1.4328407055582997,vllm_fused,22,0.7583680152893066
dense_005_real,gsm8k,late,measured_dense_runtime,1224,45,19,real,27.2,1,174,1.4328407055582997,vllm_fused,23,0.8075519800186157
dense_005_real,gsm8k,late,measured_dense_runtime,1224,45,19,real,27.2,1,174,1.4328407055582997,vllm_fused,24,0.893280029296875
dense_005_real,gsm8k,late,measured_dense_runtime,1224,45,19,real,27.2,1,174,1.4328407055582997,vllm_fused,25,0.9005439877510071
dense_005_real,gsm8k,late,measured_dense_runtime,1224,45,19,real,27.2,1,174,1.4328407055582997,vllm_fused,26,0.9367039799690247
dense_005_real,gsm8k,late,measured_dense_runtime,1224,45,19,real,27.2,1,174,1.4328407055582997,vllm_fused,27,0.8685439825057983
dense_005_real,gsm8k,late,measured_dense_runtime,1224,45,19,real,27.2,1,174,1.4328407055582997,vllm_fused,28,0.8982719779014587
dense_005_real,gsm8k,late,measured_dense_runtime,1224,45,19,real,27.2,1,174,1.4328407055582997,vllm_fused,29,0.849120020866394
dense_005_real,gsm8k,late,measured_dense_runtime,1224,45,19,real,27.2,1,174,1.4328407055582997,vllm_fused,30,0.9443519711494446
dense_005_real,gsm8k,late,measured_dense_runtime,1224,45,19,real,27.2,1,174,1.4328407055582997,vllm_fused,31,0.8829119801521301
dense_005_real,gsm8k,late,measured_dense_runtime,1224,45,19,real,27.2,1,174,1.4328407055582997,vllm_fused,32,0.8483520150184631
dense_005_real,gsm8k,late,measured_dense_runtime,1224,45,19,real,27.2,1,174,1.4328407055582997,vllm_fused,33,0.7836800217628479
dense_005_real,gsm8k,late,measured_dense_runtime,1224,45,19,real,27.2,1,174,1.4328407055582997,vllm_fused,34,0.7803199887275696
dense_005_real,gsm8k,late,measured_dense_runtime,1224,45,19,real,27.2,1,174,1.4328407055582997,vllm_fused,35,0.7745280265808105
dense_005_real,gsm8k,late,measured_dense_runtime,1224,45,19,real,27.2,1,174,1.4328407055582997,vllm_fused,36,0.7609279751777649
dense_005_real,gsm8k,late,measured_dense_runtime,1224,45,19,real,27.2,1,174,1.4328407055582997,vllm_fused,37,0.7614399790763855
dense_005_real,gsm8k,late,measured_dense_runtime,1224,45,19,real,27.2,1,174,1.4328407055582997,vllm_fused,38,0.7625600099563599
dense_005_real,gsm8k,late,measured_dense_runtime,1224,45,19,real,27.2,1,174,1.4328407055582997,vllm_fused,39,0.8181759715080261
dense_005_real,gsm8k,late,measured_dense_runtime,1224,45,19,real,27.2,1,174,1.4328407055582997,torch_grouped_full64_prebuilt,0,0.5511040091514587
dense_005_real,gsm8k,late,measured_dense_runtime,1224,45,19,real,27.2,1,174,1.4328407055582997,torch_grouped_full64_prebuilt,1,0.5524799823760986
dense_005_real,gsm8k,late,measured_dense_runtime,1224,45,19,real,27.2,1,174,1.4328407055582997,torch_grouped_full64_prebuilt,2,0.5409600138664246
dense_005_real,gsm8k,late,measured_dense_runtime,1224,45,19,real,27.2,1,174,1.4328407055582997,torch_grouped_full64_prebuilt,3,0.5360959768295288
dense_005_real,gsm8k,late,measured_dense_runtime,1224,45,19,real,27.2,1,174,1.4328407055582997,torch_grouped_full64_prebuilt,4,0.5416960120201111
dense_005_real,gsm8k,late,measured_dense_runtime,1224,45,19,real,27.2,1,174,1.4328407055582997,torch_grouped_full64_prebuilt,5,0.5778239965438843
dense_005_real,gsm8k,late,measured_dense_runtime,1224,45,19,real,27.2,1,174,1.4328407055582997,torch_grouped_full64_prebuilt,6,0.5358719825744629
dense_005_real,gsm8k,late,measured_dense_runtime,1224,45,19,real,27.2,1,174,1.4328407055582997,torch_grouped_full64_prebuilt,7,0.5352640151977539
dense_005_real,gsm8k,late,measured_dense_runtime,1224,45,19,real,27.2,1,174,1.4328407055582997,torch_grouped_full64_prebuilt,8,0.5325440168380737
dense_005_real,gsm8k,late,measured_dense_runtime,1224,45,19,real,27.2,1,174,1.4328407055582997,torch_grouped_full64_prebuilt,9,0.5369920134544373
dense_005_real,gsm8k,late,measured_dense_runtime,1224,45,19,real,27.2,1,174,1.4328407055582997,torch_grouped_full64_prebuilt,10,0.5345919728279114
dense_005_real,gsm8k,late,measured_dense_runtime,1224,45,19,real,27.2,1,174,1.4328407055582997,torch_grouped_full64_prebuilt,11,0.5338240265846252
dense_005_real,gsm8k,late,measured_dense_runtime,1224,45,19,real,27.2,1,174,1.4328407055582997,torch_grouped_full64_prebuilt,12,0.5371519923210144
dense_005_real,gsm8k,late,measured_dense_runtime,1224,45,19,real,27.2,1,174,1.4328407055582997,torch_grouped_full64_prebuilt,13,0.5320960283279419
dense_005_real,gsm8k,late,measured_dense_runtime,1224,45,19,real,27.2,1,174,1.4328407055582997,torch_grouped_full64_prebuilt,14,0.5370240211486816
dense_005_real,gsm8k,late,measured_dense_runtime,1224,45,19,real,27.2,1,174,1.4328407055582997,torch_grouped_full64_prebuilt,15,0.5346559882164001
dense_005_real,gsm8k,late,measured_dense_runtime,1224,45,19,real,27.2,1,174,1.4328407055582997,torch_grouped_full64_prebuilt,16,0.5378559827804565
dense_005_real,gsm8k,late,measured_dense_runtime,1224,45,19,real,27.2,1,174,1.4328407055582997,torch_grouped_full64_prebuilt,17,0.534496009349823
dense_005_real,gsm8k,late,measured_dense_runtime,1224,45,19,real,27.2,1,174,1.4328407055582997,torch_grouped_full64_prebuilt,18,0.5372480154037476
dense_005_real,gsm8k,late,measured_dense_runtime,1224,45,19,real,27.2,1,174,1.4328407055582997,torch_grouped_full64_prebuilt,19,0.5462080240249634
dense_005_real,gsm8k,late,measured_dense_runtime,1224,45,19,real,27.2,1,174,1.4328407055582997,torch_grouped_full64_prebuilt,20,0.5417600274085999
dense_005_real,gsm8k,late,measured_dense_runtime,1224,45,19,real,27.2,1,174,1.4328407055582997,torch_grouped_full64_prebuilt,21,0.5436480045318604
dense_005_real,gsm8k,late,measured_dense_runtime,1224,45,19,real,27.2,1,174,1.4328407055582997,torch_grouped_full64_prebuilt,22,0.5579839944839478
dense_005_real,gsm8k,late,measured_dense_runtime,1224,45,19,real,27.2,1,174,1.4328407055582997,torch_grouped_full64_prebuilt,23,0.5479999780654907
dense_005_real,gsm8k,late,measured_dense_runtime,1224,45,19,real,27.2,1,174,1.4328407055582997,torch_grouped_full64_prebuilt,24,0.5538240075111389
dense_005_real,gsm8k,late,measured_dense_runtime,1224,45,19,real,27.2,1,174,1.4328407055582997,torch_grouped_full64_prebuilt,25,0.5464640259742737
dense_005_real,gsm8k,late,measured_dense_runtime,1224,45,19,real,27.2,1,174,1.4328407055582997,torch_grouped_full64_prebuilt,26,0.536512017250061
dense_005_real,gsm8k,late,measured_dense_runtime,1224,45,19,real,27.2,1,174,1.4328407055582997,torch_grouped_full64_prebuilt,27,0.5366079807281494
dense_005_real,gsm8k,late,measured_dense_runtime,1224,45,19,real,27.2,1,174,1.4328407055582997,torch_grouped_full64_prebuilt,28,0.5370240211486816
dense_005_real,gsm8k,late,measured_dense_runtime,1224,45,19,real,27.2,1,174,1.4328407055582997,torch_grouped_full64_prebuilt,29,0.5458880066871643
dense_005_real,gsm8k,late,measured_dense_runtime,1224,45,19,real,27.2,1,174,1.4328407055582997,torch_grouped_full64_prebuilt,30,0.5328959822654724
dense_005_real,gsm8k,late,measured_dense_runtime,1224,45,19,real,27.2,1,174,1.4328407055582997,torch_grouped_full64_prebuilt,31,0.5366399884223938
dense_005_real,gsm8k,late,measured_dense_runtime,1224,45,19,real,27.2,1,174,1.4328407055582997,torch_grouped_full64_prebuilt,32,0.5363199710845947
dense_005_real,gsm8k,late,measured_dense_runtime,1224,45,19,real,27.2,1,174,1.4328407055582997,torch_grouped_full64_prebuilt,33,0.5333439707756042
dense_005_real,gsm8k,late,measured_dense_runtime,1224,45,19,real,27.2,1,174,1.4328407055582997,torch_grouped_full64_prebuilt,34,0.5346559882164001
dense_005_real,gsm8k,late,measured_dense_runtime,1224,45,19,real,27.2,1,174,1.4328407055582997,torch_grouped_full64_prebuilt,35,0.5393279790878296
dense_005_real,gsm8k,late,measured_dense_runtime,1224,45,19,real,27.2,1,174,1.4328407055582997,torch_grouped_full64_prebuilt,36,0.5368000268936157
dense_005_real,gsm8k,late,measured_dense_runtime,1224,45,19,real,27.2,1,174,1.4328407055582997,torch_grouped_full64_prebuilt,37,0.5389440059661865
dense_005_real,gsm8k,late,measured_dense_runtime,1224,45,19,real,27.2,1,174,1.4328407055582997,torch_grouped_full64_prebuilt,38,0.5319039821624756
dense_005_real,gsm8k,late,measured_dense_runtime,1224,45,19,real,27.2,1,174,1.4328407055582997,torch_grouped_full64_prebuilt,39,0.5390400290489197
dense_006_real,gsm8k,middle,measured_dense_runtime,1029,49,15,real,21.0,1,167,1.6085810431472274,torch_grouped_active_prebuilt_oracle,0,0.5962880253791809
dense_006_real,gsm8k,middle,measured_dense_runtime,1029,49,15,real,21.0,1,167,1.6085810431472274,torch_grouped_active_prebuilt_oracle,1,0.5606399774551392
dense_006_real,gsm8k,middle,measured_dense_runtime,1029,49,15,real,21.0,1,167,1.6085810431472274,torch_grouped_active_prebuilt_oracle,2,0.5554879903793335
dense_006_real,gsm8k,middle,measured_dense_runtime,1029,49,15,real,21.0,1,167,1.6085810431472274,torch_grouped_active_prebuilt_oracle,3,0.5609599947929382
dense_006_real,gsm8k,middle,measured_dense_runtime,1029,49,15,real,21.0,1,167,1.6085810431472274,torch_grouped_active_prebuilt_oracle,4,0.5558720231056213
dense_006_real,gsm8k,middle,measured_dense_runtime,1029,49,15,real,21.0,1,167,1.6085810431472274,torch_grouped_active_prebuilt_oracle,5,0.5571200251579285
dense_006_real,gsm8k,middle,measured_dense_runtime,1029,49,15,real,21.0,1,167,1.6085810431472274,torch_grouped_active_prebuilt_oracle,6,0.555072009563446
dense_006_real,gsm8k,middle,measured_dense_runtime,1029,49,15,real,21.0,1,167,1.6085810431472274,torch_grouped_active_prebuilt_oracle,7,0.5551360249519348
dense_006_real,gsm8k,middle,measured_dense_runtime,1029,49,15,real,21.0,1,167,1.6085810431472274,torch_grouped_active_prebuilt_oracle,8,0.5505920052528381
dense_006_real,gsm8k,middle,measured_dense_runtime,1029,49,15,real,21.0,1,167,1.6085810431472274,torch_grouped_active_prebuilt_oracle,9,0.5547199845314026
dense_006_real,gsm8k,middle,measured_dense_runtime,1029,49,15,real,21.0,1,167,1.6085810431472274,torch_grouped_active_prebuilt_oracle,10,0.5557439923286438
dense_006_real,gsm8k,middle,measured_dense_runtime,1029,49,15,real,21.0,1,167,1.6085810431472274,torch_grouped_active_prebuilt_oracle,11,0.5527679920196533
dense_006_real,gsm8k,middle,measured_dense_runtime,1029,49,15,real,21.0,1,167,1.6085810431472274,torch_grouped_active_prebuilt_oracle,12,0.5545920133590698
dense_006_real,gsm8k,middle,measured_dense_runtime,1029,49,15,real,21.0,1,167,1.6085810431472274,torch_grouped_active_prebuilt_oracle,13,0.5603520274162292
dense_006_real,gsm8k,middle,measured_dense_runtime,1029,49,15,real,21.0,1,167,1.6085810431472274,torch_grouped_active_prebuilt_oracle,14,0.5551360249519348
dense_006_real,gsm8k,middle,measured_dense_runtime,1029,49,15,real,21.0,1,167,1.6085810431472274,torch_grouped_active_prebuilt_oracle,15,0.5564159750938416
dense_006_real,gsm8k,middle,measured_dense_runtime,1029,49,15,real,21.0,1,167,1.6085810431472274,torch_grouped_active_prebuilt_oracle,16,0.553600013256073
dense_006_real,gsm8k,middle,measured_dense_runtime,1029,49,15,real,21.0,1,167,1.6085810431472274,torch_grouped_active_prebuilt_oracle,17,0.5537279844284058
dense_006_real,gsm8k,middle,measured_dense_runtime,1029,49,15,real,21.0,1,167,1.6085810431472274,torch_grouped_active_prebuilt_oracle,18,0.554207980632782
dense_006_real,gsm8k,middle,measured_dense_runtime,1029,49,15,real,21.0,1,167,1.6085810431472274,torch_grouped_active_prebuilt_oracle,19,0.5552319884300232
dense_006_real,gsm8k,middle,measured_dense_runtime,1029,49,15,real,21.0,1,167,1.6085810431472274,torch_grouped_active_prebuilt_oracle,20,0.5576320290565491
dense_006_real,gsm8k,middle,measured_dense_runtime,1029,49,15,real,21.0,1,167,1.6085810431472274,torch_grouped_active_prebuilt_oracle,21,0.5688959956169128
dense_006_real,gsm8k,middle,measured_dense_runtime,1029,49,15,real,21.0,1,167,1.6085810431472274,torch_grouped_active_prebuilt_oracle,22,0.5605760216712952
dense_006_real,gsm8k,middle,measured_dense_runtime,1029,49,15,real,21.0,1,167,1.6085810431472274,torch_grouped_active_prebuilt_oracle,23,0.577023983001709
dense_006_real,gsm8k,middle,measured_dense_runtime,1029,49,15,real,21.0,1,167,1.6085810431472274,torch_grouped_active_prebuilt_oracle,24,0.5551999807357788
dense_006_real,gsm8k,middle,measured_dense_runtime,1029,49,15,real,21.0,1,167,1.6085810431472274,torch_grouped_active_prebuilt_oracle,25,0.5541120171546936
dense_006_real,gsm8k,middle,measured_dense_runtime,1029,49,15,real,21.0,1,167,1.6085810431472274,torch_grouped_active_prebuilt_oracle,26,0.5565440058708191
dense_006_real,gsm8k,middle,measured_dense_runtime,1029,49,15,real,21.0,1,167,1.6085810431472274,torch_grouped_active_prebuilt_oracle,27,0.5560640096664429
dense_006_real,gsm8k,middle,measured_dense_runtime,1029,49,15,real,21.0,1,167,1.6085810431472274,torch_grouped_active_prebuilt_oracle,28,0.5535039901733398
dense_006_real,gsm8k,middle,measured_dense_runtime,1029,49,15,real,21.0,1,167,1.6085810431472274,torch_grouped_active_prebuilt_oracle,29,0.5543040037155151
dense_006_real,gsm8k,middle,measured_dense_runtime,1029,49,15,real,21.0,1,167,1.6085810431472274,torch_grouped_active_prebuilt_oracle,30,0.558784008026123
dense_006_real,gsm8k,middle,measured_dense_runtime,1029,49,15,real,21.0,1,167,1.6085810431472274,torch_grouped_active_prebuilt_oracle,31,0.5557119846343994
dense_006_real,gsm8k,middle,measured_dense_runtime,1029,49,15,real,21.0,1,167,1.6085810431472274,torch_grouped_active_prebuilt_oracle,32,0.5551360249519348
dense_006_real,gsm8k,middle,measured_dense_runtime,1029,49,15,real,21.0,1,167,1.6085810431472274,torch_grouped_active_prebuilt_oracle,33,0.5545600056648254
dense_006_real,gsm8k,middle,measured_dense_runtime,1029,49,15,real,21.0,1,167,1.6085810431472274,torch_grouped_active_prebuilt_oracle,34,0.555679976940155
dense_006_real,gsm8k,middle,measured_dense_runtime,1029,49,15,real,21.0,1,167,1.6085810431472274,torch_grouped_active_prebuilt_oracle,35,0.5614079833030701
dense_006_real,gsm8k,middle,measured_dense_runtime,1029,49,15,real,21.0,1,167,1.6085810431472274,torch_grouped_active_prebuilt_oracle,36,0.5523840188980103
dense_006_real,gsm8k,middle,measured_dense_runtime,1029,49,15,real,21.0,1,167,1.6085810431472274,torch_grouped_active_prebuilt_oracle,37,0.5617280006408691
dense_006_real,gsm8k,middle,measured_dense_runtime,1029,49,15,real,21.0,1,167,1.6085810431472274,torch_grouped_active_prebuilt_oracle,38,0.5577279925346375
dense_006_real,gsm8k,middle,measured_dense_runtime,1029,49,15,real,21.0,1,167,1.6085810431472274,torch_grouped_active_prebuilt_oracle,39,0.5555520057678223
dense_006_real,gsm8k,middle,measured_dense_runtime,1029,49,15,real,21.0,1,167,1.6085810431472274,torch_grouped_full64_gpu_cumsum,0,0.5950080156326294
dense_006_real,gsm8k,middle,measured_dense_runtime,1029,49,15,real,21.0,1,167,1.6085810431472274,torch_grouped_full64_gpu_cumsum,1,0.574176013469696
dense_006_real,gsm8k,middle,measured_dense_runtime,1029,49,15,real,21.0,1,167,1.6085810431472274,torch_grouped_full64_gpu_cumsum,2,0.5637760162353516
dense_006_real,gsm8k,middle,measured_dense_runtime,1029,49,15,real,21.0,1,167,1.6085810431472274,torch_grouped_full64_gpu_cumsum,3,0.568448007106781
dense_006_real,gsm8k,middle,measured_dense_runtime,1029,49,15,real,21.0,1,167,1.6085810431472274,torch_grouped_full64_gpu_cumsum,4,0.5723839998245239
dense_006_real,gsm8k,middle,measured_dense_runtime,1029,49,15,real,21.0,1,167,1.6085810431472274,torch_grouped_full64_gpu_cumsum,5,0.5689600110054016
dense_006_real,gsm8k,middle,measured_dense_runtime,1029,49,15,real,21.0,1,167,1.6085810431472274,torch_grouped_full64_gpu_cumsum,6,0.5683519840240479
dense_006_real,gsm8k,middle,measured_dense_runtime,1029,49,15,real,21.0,1,167,1.6085810431472274,torch_grouped_full64_gpu_cumsum,7,0.5684159994125366
dense_006_real,gsm8k,middle,measured_dense_runtime,1029,49,15,real,21.0,1,167,1.6085810431472274,torch_grouped_full64_gpu_cumsum,8,0.5810880064964294
dense_006_real,gsm8k,middle,measured_dense_runtime,1029,49,15,real,21.0,1,167,1.6085810431472274,torch_grouped_full64_gpu_cumsum,9,0.5871359705924988
dense_006_real,gsm8k,middle,measured_dense_runtime,1029,49,15,real,21.0,1,167,1.6085810431472274,torch_grouped_full64_gpu_cumsum,10,0.5990399718284607
dense_006_real,gsm8k,middle,measured_dense_runtime,1029,49,15,real,21.0,1,167,1.6085810431472274,torch_grouped_full64_gpu_cumsum,11,0.5776640176773071
dense_006_real,gsm8k,middle,measured_dense_runtime,1029,49,15,real,21.0,1,167,1.6085810431472274,torch_grouped_full64_gpu_cumsum,12,0.5700160264968872
dense_006_real,gsm8k,middle,measured_dense_runtime,1029,49,15,real,21.0,1,167,1.6085810431472274,torch_grouped_full64_gpu_cumsum,13,0.5674239993095398
dense_006_real,gsm8k,middle,measured_dense_runtime,1029,49,15,real,21.0,1,167,1.6085810431472274,torch_grouped_full64_gpu_cumsum,14,0.5632960200309753
dense_006_real,gsm8k,middle,measured_dense_runtime,1029,49,15,real,21.0,1,167,1.6085810431472274,torch_grouped_full64_gpu_cumsum,15,0.5673279762268066
dense_006_real,gsm8k,middle,measured_dense_runtime,1029,49,15,real,21.0,1,167,1.6085810431472274,torch_grouped_full64_gpu_cumsum,16,0.5684800148010254
dense_006_real,gsm8k,middle,measured_dense_runtime,1029,49,15,real,21.0,1,167,1.6085810431472274,torch_grouped_full64_gpu_cumsum,17,0.566815972328186
dense_006_real,gsm8k,middle,measured_dense_runtime,1029,49,15,real,21.0,1,167,1.6085810431472274,torch_grouped_full64_gpu_cumsum,18,0.5675839781761169
dense_006_real,gsm8k,middle,measured_dense_runtime,1029,49,15,real,21.0,1,167,1.6085810431472274,torch_grouped_full64_gpu_cumsum,19,0.5716480016708374
dense_006_real,gsm8k,middle,measured_dense_runtime,1029,49,15,real,21.0,1,167,1.6085810431472274,torch_grouped_full64_gpu_cumsum,20,0.5674560070037842
dense_006_real,gsm8k,middle,measured_dense_runtime,1029,49,15,real,21.0,1,167,1.6085810431472274,torch_grouped_full64_gpu_cumsum,21,0.5964800119400024
dense_006_real,gsm8k,middle,measured_dense_runtime,1029,49,15,real,21.0,1,167,1.6085810431472274,torch_grouped_full64_gpu_cumsum,22,0.5843520164489746
dense_006_real,gsm8k,middle,measured_dense_runtime,1029,49,15,real,21.0,1,167,1.6085810431472274,torch_grouped_full64_gpu_cumsum,23,0.5983039736747742
dense_006_real,gsm8k,middle,measured_dense_runtime,1029,49,15,real,21.0,1,167,1.6085810431472274,torch_grouped_full64_gpu_cumsum,24,0.5790079832077026
dense_006_real,gsm8k,middle,measured_dense_runtime,1029,49,15,real,21.0,1,167,1.6085810431472274,torch_grouped_full64_gpu_cumsum,25,0.5680959820747375
dense_006_real,gsm8k,middle,measured_dense_runtime,1029,49,15,real,21.0,1,167,1.6085810431472274,torch_grouped_full64_gpu_cumsum,26,0.5652160048484802
dense_006_real,gsm8k,middle,measured_dense_runtime,1029,49,15,real,21.0,1,167,1.6085810431472274,torch_grouped_full64_gpu_cumsum,27,0.5668479800224304
dense_006_real,gsm8k,middle,measured_dense_runtime,1029,49,15,real,21.0,1,167,1.6085810431472274,torch_grouped_full64_gpu_cumsum,28,0.575872004032135
dense_006_real,gsm8k,middle,measured_dense_runtime,1029,49,15,real,21.0,1,167,1.6085810431472274,torch_grouped_full64_gpu_cumsum,29,0.5649920105934143
dense_006_real,gsm8k,middle,measured_dense_runtime,1029,49,15,real,21.0,1,167,1.6085810431472274,torch_grouped_full64_gpu_cumsum,30,0.5748479962348938
dense_006_real,gsm8k,middle,measured_dense_runtime,1029,49,15,real,21.0,1,167,1.6085810431472274,torch_grouped_full64_gpu_cumsum,31,0.5735039710998535
dense_006_real,gsm8k,middle,measured_dense_runtime,1029,49,15,real,21.0,1,167,1.6085810431472274,torch_grouped_full64_gpu_cumsum,32,0.5667200088500977
dense_006_real,gsm8k,middle,measured_dense_runtime,1029,49,15,real,21.0,1,167,1.6085810431472274,torch_grouped_full64_gpu_cumsum,33,0.5723199844360352
dense_006_real,gsm8k,middle,measured_dense_runtime,1029,49,15,real,21.0,1,167,1.6085810431472274,torch_grouped_full64_gpu_cumsum,34,0.5718719959259033
dense_006_real,gsm8k,middle,measured_dense_runtime,1029,49,15,real,21.0,1,167,1.6085810431472274,torch_grouped_full64_gpu_cumsum,35,0.5669119954109192
dense_006_real,gsm8k,middle,measured_dense_runtime,1029,49,15,real,21.0,1,167,1.6085810431472274,torch_grouped_full64_gpu_cumsum,36,0.5703039765357971
dense_006_real,gsm8k,middle,measured_dense_runtime,1029,49,15,real,21.0,1,167,1.6085810431472274,torch_grouped_full64_gpu_cumsum,37,0.5745279788970947
dense_006_real,gsm8k,middle,measured_dense_runtime,1029,49,15,real,21.0,1,167,1.6085810431472274,torch_grouped_full64_gpu_cumsum,38,0.5784000158309937
dense_006_real,gsm8k,middle,measured_dense_runtime,1029,49,15,real,21.0,1,167,1.6085810431472274,torch_grouped_full64_gpu_cumsum,39,0.5945919752120972
dense_006_real,gsm8k,middle,measured_dense_runtime,1029,49,15,real,21.0,1,167,1.6085810431472274,vllm_fused,0,0.9544960260391235
dense_006_real,gsm8k,middle,measured_dense_runtime,1029,49,15,real,21.0,1,167,1.6085810431472274,vllm_fused,1,0.9639359712600708
dense_006_real,gsm8k,middle,measured_dense_runtime,1029,49,15,real,21.0,1,167,1.6085810431472274,vllm_fused,2,0.8650879859924316
dense_006_real,gsm8k,middle,measured_dense_runtime,1029,49,15,real,21.0,1,167,1.6085810431472274,vllm_fused,3,0.9207040071487427
dense_006_real,gsm8k,middle,measured_dense_runtime,1029,49,15,real,21.0,1,167,1.6085810431472274,vllm_fused,4,0.8836159706115723
dense_006_real,gsm8k,middle,measured_dense_runtime,1029,49,15,real,21.0,1,167,1.6085810431472274,vllm_fused,5,0.9118080139160156
dense_006_real,gsm8k,middle,measured_dense_runtime,1029,49,15,real,21.0,1,167,1.6085810431472274,vllm_fused,6,0.8109440207481384
dense_006_real,gsm8k,middle,measured_dense_runtime,1029,49,15,real,21.0,1,167,1.6085810431472274,vllm_fused,7,0.8035200238227844
dense_006_real,gsm8k,middle,measured_dense_runtime,1029,49,15,real,21.0,1,167,1.6085810431472274,vllm_fused,8,0.7863680124282837
dense_006_real,gsm8k,middle,measured_dense_runtime,1029,49,15,real,21.0,1,167,1.6085810431472274,vllm_fused,9,0.795199990272522
dense_006_real,gsm8k,middle,measured_dense_runtime,1029,49,15,real,21.0,1,167,1.6085810431472274,vllm_fused,10,0.7723199725151062
dense_006_real,gsm8k,middle,measured_dense_runtime,1029,49,15,real,21.0,1,167,1.6085810431472274,vllm_fused,11,0.782975971698761
dense_006_real,gsm8k,middle,measured_dense_runtime,1029,49,15,real,21.0,1,167,1.6085810431472274,vllm_fused,12,0.8109440207481384
dense_006_real,gsm8k,middle,measured_dense_runtime,1029,49,15,real,21.0,1,167,1.6085810431472274,vllm_fused,13,0.7791360020637512
dense_006_real,gsm8k,middle,measured_dense_runtime,1029,49,15,real,21.0,1,167,1.6085810431472274,vllm_fused,14,0.7864320278167725
dense_006_real,gsm8k,middle,measured_dense_runtime,1029,49,15,real,21.0,1,167,1.6085810431472274,vllm_fused,15,0.7692480087280273
dense_006_real,gsm8k,middle,measured_dense_runtime,1029,49,15,real,21.0,1,167,1.6085810431472274,vllm_fused,16,0.779807984828949
dense_006_real,gsm8k,middle,measured_dense_runtime,1029,49,15,real,21.0,1,167,1.6085810431472274,vllm_fused,17,0.7681919932365417
dense_006_real,gsm8k,middle,measured_dense_runtime,1029,49,15,real,21.0,1,167,1.6085810431472274,vllm_fused,18,0.7688959836959839
dense_006_real,gsm8k,middle,measured_dense_runtime,1029,49,15,real,21.0,1,167,1.6085810431472274,vllm_fused,19,0.7757120132446289
dense_006_real,gsm8k,middle,measured_dense_runtime,1029,49,15,real,21.0,1,167,1.6085810431472274,vllm_fused,20,0.7964800000190735
dense_006_real,gsm8k,middle,measured_dense_runtime,1029,49,15,real,21.0,1,167,1.6085810431472274,vllm_fused,21,0.7815999984741211
dense_006_real,gsm8k,middle,measured_dense_runtime,1029,49,15,real,21.0,1,167,1.6085810431472274,vllm_fused,22,0.7991679906845093
dense_006_real,gsm8k,middle,measured_dense_runtime,1029,49,15,real,21.0,1,167,1.6085810431472274,vllm_fused,23,0.8936960101127625
dense_006_real,gsm8k,middle,measured_dense_runtime,1029,49,15,real,21.0,1,167,1.6085810431472274,vllm_fused,24,0.8809919953346252
dense_006_real,gsm8k,middle,measured_dense_runtime,1029,49,15,real,21.0,1,167,1.6085810431472274,vllm_fused,25,0.9581440091133118
dense_006_real,gsm8k,middle,measured_dense_runtime,1029,49,15,real,21.0,1,167,1.6085810431472274,vllm_fused,26,0.9237440228462219
dense_006_real,gsm8k,middle,measured_dense_runtime,1029,49,15,real,21.0,1,167,1.6085810431472274,vllm_fused,27,0.8526080250740051
dense_006_real,gsm8k,middle,measured_dense_runtime,1029,49,15,real,21.0,1,167,1.6085810431472274,vllm_fused,28,0.797760009765625
dense_006_real,gsm8k,middle,measured_dense_runtime,1029,49,15,real,21.0,1,167,1.6085810431472274,vllm_fused,29,0.7934719920158386
dense_006_real,gsm8k,middle,measured_dense_runtime,1029,49,15,real,21.0,1,167,1.6085810431472274,vllm_fused,30,0.7789760231971741
dense_006_real,gsm8k,middle,measured_dense_runtime,1029,49,15,real,21.0,1,167,1.6085810431472274,vllm_fused,31,0.7885439991950989
dense_006_real,gsm8k,middle,measured_dense_runtime,1029,49,15,real,21.0,1,167,1.6085810431472274,vllm_fused,32,0.7753599882125854
dense_006_real,gsm8k,middle,measured_dense_runtime,1029,49,15,real,21.0,1,167,1.6085810431472274,vllm_fused,33,0.769216001033783
dense_006_real,gsm8k,middle,measured_dense_runtime,1029,49,15,real,21.0,1,167,1.6085810431472274,vllm_fused,34,0.9038079977035522
dense_006_real,gsm8k,middle,measured_dense_runtime,1029,49,15,real,21.0,1,167,1.6085810431472274,vllm_fused,35,0.9508159756660461
dense_006_real,gsm8k,middle,measured_dense_runtime,1029,49,15,real,21.0,1,167,1.6085810431472274,vllm_fused,36,0.7895359992980957
dense_006_real,gsm8k,middle,measured_dense_runtime,1029,49,15,real,21.0,1,167,1.6085810431472274,vllm_fused,37,0.7819200158119202
dense_006_real,gsm8k,middle,measured_dense_runtime,1029,49,15,real,21.0,1,167,1.6085810431472274,vllm_fused,38,0.7806079983711243
dense_006_real,gsm8k,middle,measured_dense_runtime,1029,49,15,real,21.0,1,167,1.6085810431472274,vllm_fused,39,0.7893440127372742
dense_006_real,gsm8k,middle,measured_dense_runtime,1029,49,15,real,21.0,1,167,1.6085810431472274,torch_grouped_full64_prebuilt,0,0.5631359815597534
dense_006_real,gsm8k,middle,measured_dense_runtime,1029,49,15,real,21.0,1,167,1.6085810431472274,torch_grouped_full64_prebuilt,1,0.5570560097694397
dense_006_real,gsm8k,middle,measured_dense_runtime,1029,49,15,real,21.0,1,167,1.6085810431472274,torch_grouped_full64_prebuilt,2,0.5657280087471008
dense_006_real,gsm8k,middle,measured_dense_runtime,1029,49,15,real,21.0,1,167,1.6085810431472274,torch_grouped_full64_prebuilt,3,0.5612480044364929
dense_006_real,gsm8k,middle,measured_dense_runtime,1029,49,15,real,21.0,1,167,1.6085810431472274,torch_grouped_full64_prebuilt,4,0.5774400234222412
dense_006_real,gsm8k,middle,measured_dense_runtime,1029,49,15,real,21.0,1,167,1.6085810431472274,torch_grouped_full64_prebuilt,5,0.5636799931526184
dense_006_real,gsm8k,middle,measured_dense_runtime,1029,49,15,real,21.0,1,167,1.6085810431472274,torch_grouped_full64_prebuilt,6,0.5530239939689636
dense_006_real,gsm8k,middle,measured_dense_runtime,1029,49,15,real,21.0,1,167,1.6085810431472274,torch_grouped_full64_prebuilt,7,0.5603839755058289
dense_006_real,gsm8k,middle,measured_dense_runtime,1029,49,15,real,21.0,1,167,1.6085810431472274,torch_grouped_full64_prebuilt,8,0.5599679946899414
dense_006_real,gsm8k,middle,measured_dense_runtime,1029,49,15,real,21.0,1,167,1.6085810431472274,torch_grouped_full64_prebuilt,9,0.5568640232086182
dense_006_real,gsm8k,middle,measured_dense_runtime,1029,49,15,real,21.0,1,167,1.6085810431472274,torch_grouped_full64_prebuilt,10,0.5561919808387756
dense_006_real,gsm8k,middle,measured_dense_runtime,1029,49,15,real,21.0,1,167,1.6085810431472274,torch_grouped_full64_prebuilt,11,0.5590400099754333
dense_006_real,gsm8k,middle,measured_dense_runtime,1029,49,15,real,21.0,1,167,1.6085810431472274,torch_grouped_full64_prebuilt,12,0.5541120171546936
dense_006_real,gsm8k,middle,measured_dense_runtime,1029,49,15,real,21.0,1,167,1.6085810431472274,torch_grouped_full64_prebuilt,13,0.5591040253639221
dense_006_real,gsm8k,middle,measured_dense_runtime,1029,49,15,real,21.0,1,167,1.6085810431472274,torch_grouped_full64_prebuilt,14,0.5548160076141357
dense_006_real,gsm8k,middle,measured_dense_runtime,1029,49,15,real,21.0,1,167,1.6085810431472274,torch_grouped_full64_prebuilt,15,0.5533440113067627
dense_006_real,gsm8k,middle,measured_dense_runtime,1029,49,15,real,21.0,1,167,1.6085810431472274,torch_grouped_full64_prebuilt,16,0.5596799850463867
dense_006_real,gsm8k,middle,measured_dense_runtime,1029,49,15,real,21.0,1,167,1.6085810431472274,torch_grouped_full64_prebuilt,17,0.5535680055618286
dense_006_real,gsm8k,middle,measured_dense_runtime,1029,49,15,real,21.0,1,167,1.6085810431472274,torch_grouped_full64_prebuilt,18,0.556768000125885
dense_006_real,gsm8k,middle,measured_dense_runtime,1029,49,15,real,21.0,1,167,1.6085810431472274,torch_grouped_full64_prebuilt,19,0.5583680272102356
dense_006_real,gsm8k,middle,measured_dense_runtime,1029,49,15,real,21.0,1,167,1.6085810431472274,torch_grouped_full64_prebuilt,20,0.5511680245399475
dense_006_real,gsm8k,middle,measured_dense_runtime,1029,49,15,real,21.0,1,167,1.6085810431472274,torch_grouped_full64_prebuilt,21,0.5696960091590881
dense_006_real,gsm8k,middle,measured_dense_runtime,1029,49,15,real,21.0,1,167,1.6085810431472274,torch_grouped_full64_prebuilt,22,0.5639680027961731
dense_006_real,gsm8k,middle,measured_dense_runtime,1029,49,15,real,21.0,1,167,1.6085810431472274,torch_grouped_full64_prebuilt,23,0.5655999779701233
dense_006_real,gsm8k,middle,measured_dense_runtime,1029,49,15,real,21.0,1,167,1.6085810431472274,torch_grouped_full64_prebuilt,24,0.5709120035171509
dense_006_real,gsm8k,middle,measured_dense_runtime,1029,49,15,real,21.0,1,167,1.6085810431472274,torch_grouped_full64_prebuilt,25,0.5667200088500977
dense_006_real,gsm8k,middle,measured_dense_runtime,1029,49,15,real,21.0,1,167,1.6085810431472274,torch_grouped_full64_prebuilt,26,0.5613120198249817
dense_006_real,gsm8k,middle,measured_dense_runtime,1029,49,15,real,21.0,1,167,1.6085810431472274,torch_grouped_full64_prebuilt,27,0.5645440220832825
dense_006_real,gsm8k,middle,measured_dense_runtime,1029,49,15,real,21.0,1,167,1.6085810431472274,torch_grouped_full64_prebuilt,28,0.5598719716072083
dense_006_real,gsm8k,middle,measured_dense_runtime,1029,49,15,real,21.0,1,167,1.6085810431472274,torch_grouped_full64_prebuilt,29,0.5598080158233643
dense_006_real,gsm8k,middle,measured_dense_runtime,1029,49,15,real,21.0,1,167,1.6085810431472274,torch_grouped_full64_prebuilt,30,0.5577920079231262
dense_006_real,gsm8k,middle,measured_dense_runtime,1029,49,15,real,21.0,1,167,1.6085810431472274,torch_grouped_full64_prebuilt,31,0.5575360059738159
dense_006_real,gsm8k,middle,measured_dense_runtime,1029,49,15,real,21.0,1,167,1.6085810431472274,torch_grouped_full64_prebuilt,32,0.5569279789924622
dense_006_real,gsm8k,middle,measured_dense_runtime,1029,49,15,real,21.0,1,167,1.6085810431472274,torch_grouped_full64_prebuilt,33,0.5584319829940796
dense_006_real,gsm8k,middle,measured_dense_runtime,1029,49,15,real,21.0,1,167,1.6085810431472274,torch_grouped_full64_prebuilt,34,0.5617600083351135
dense_006_real,gsm8k,middle,measured_dense_runtime,1029,49,15,real,21.0,1,167,1.6085810431472274,torch_grouped_full64_prebuilt,35,0.5577600002288818
dense_006_real,gsm8k,middle,measured_dense_runtime,1029,49,15,real,21.0,1,167,1.6085810431472274,torch_grouped_full64_prebuilt,36,0.5591359734535217
dense_006_real,gsm8k,middle,measured_dense_runtime,1029,49,15,real,21.0,1,167,1.6085810431472274,torch_grouped_full64_prebuilt,37,0.5582720041275024
dense_006_real,gsm8k,middle,measured_dense_runtime,1029,49,15,real,21.0,1,167,1.6085810431472274,torch_grouped_full64_prebuilt,38,0.554207980632782
dense_006_real,gsm8k,middle,measured_dense_runtime,1029,49,15,real,21.0,1,167,1.6085810431472274,torch_grouped_full64_prebuilt,39,0.5589119791984558
dense_006_real,gsm8k,middle,measured_dense_runtime,1029,49,15,real,21.0,1,167,1.6085810431472274,torch_grouped_full64_cpu_list_offsets,0,0.6453120112419128
dense_006_real,gsm8k,middle,measured_dense_runtime,1029,49,15,real,21.0,1,167,1.6085810431472274,torch_grouped_full64_cpu_list_offsets,1,0.6013439893722534
dense_006_real,gsm8k,middle,measured_dense_runtime,1029,49,15,real,21.0,1,167,1.6085810431472274,torch_grouped_full64_cpu_list_offsets,2,0.5996159911155701
dense_006_real,gsm8k,middle,measured_dense_runtime,1029,49,15,real,21.0,1,167,1.6085810431472274,torch_grouped_full64_cpu_list_offsets,3,0.59552001953125
dense_006_real,gsm8k,middle,measured_dense_runtime,1029,49,15,real,21.0,1,167,1.6085810431472274,torch_grouped_full64_cpu_list_offsets,4,0.5856320261955261
dense_006_real,gsm8k,middle,measured_dense_runtime,1029,49,15,real,21.0,1,167,1.6085810431472274,torch_grouped_full64_cpu_list_offsets,5,0.5965759754180908
dense_006_real,gsm8k,middle,measured_dense_runtime,1029,49,15,real,21.0,1,167,1.6085810431472274,torch_grouped_full64_cpu_list_offsets,6,0.592415988445282
dense_006_real,gsm8k,middle,measured_dense_runtime,1029,49,15,real,21.0,1,167,1.6085810431472274,torch_grouped_full64_cpu_list_offsets,7,0.5965120196342468
dense_006_real,gsm8k,middle,measured_dense_runtime,1029,49,15,real,21.0,1,167,1.6085810431472274,torch_grouped_full64_cpu_list_offsets,8,0.5952960252761841
dense_006_real,gsm8k,middle,measured_dense_runtime,1029,49,15,real,21.0,1,167,1.6085810431472274,torch_grouped_full64_cpu_list_offsets,9,0.5989760160446167
dense_006_real,gsm8k,middle,measured_dense_runtime,1029,49,15,real,21.0,1,167,1.6085810431472274,torch_grouped_full64_cpu_list_offsets,10,0.5960320234298706
dense_006_real,gsm8k,middle,measured_dense_runtime,1029,49,15,real,21.0,1,167,1.6085810431472274,torch_grouped_full64_cpu_list_offsets,11,0.6185280084609985
dense_006_real,gsm8k,middle,measured_dense_runtime,1029,49,15,real,21.0,1,167,1.6085810431472274,torch_grouped_full64_cpu_list_offsets,12,0.6199359893798828
dense_006_real,gsm8k,middle,measured_dense_runtime,1029,49,15,real,21.0,1,167,1.6085810431472274,torch_grouped_full64_cpu_list_offsets,13,0.6368319988250732
dense_006_real,gsm8k,middle,measured_dense_runtime,1029,49,15,real,21.0,1,167,1.6085810431472274,torch_grouped_full64_cpu_list_offsets,14,0.6281279921531677
dense_006_real,gsm8k,middle,measured_dense_runtime,1029,49,15,real,21.0,1,167,1.6085810431472274,torch_grouped_full64_cpu_list_offsets,15,0.6037120223045349
dense_006_real,gsm8k,middle,measured_dense_runtime,1029,49,15,real,21.0,1,167,1.6085810431472274,torch_grouped_full64_cpu_list_offsets,16,0.5956479907035828
dense_006_real,gsm8k,middle,measured_dense_runtime,1029,49,15,real,21.0,1,167,1.6085810431472274,torch_grouped_full64_cpu_list_offsets,17,0.5979840159416199
dense_006_real,gsm8k,middle,measured_dense_runtime,1029,49,15,real,21.0,1,167,1.6085810431472274,torch_grouped_full64_cpu_list_offsets,18,0.5939199924468994
dense_006_real,gsm8k,middle,measured_dense_runtime,1029,49,15,real,21.0,1,167,1.6085810431472274,torch_grouped_full64_cpu_list_offsets,19,0.5908799767494202
dense_006_real,gsm8k,middle,measured_dense_runtime,1029,49,15,real,21.0,1,167,1.6085810431472274,torch_grouped_full64_cpu_list_offsets,20,0.5913919806480408
dense_006_real,gsm8k,middle,measured_dense_runtime,1029,49,15,real,21.0,1,167,1.6085810431472274,torch_grouped_full64_cpu_list_offsets,21,0.5954560041427612
dense_006_real,gsm8k,middle,measured_dense_runtime,1029,49,15,real,21.0,1,167,1.6085810431472274,torch_grouped_full64_cpu_list_offsets,22,0.5933120250701904
dense_006_real,gsm8k,middle,measured_dense_runtime,1029,49,15,real,21.0,1,167,1.6085810431472274,torch_grouped_full64_cpu_list_offsets,23,0.6233599781990051
dense_006_real,gsm8k,middle,measured_dense_runtime,1029,49,15,real,21.0,1,167,1.6085810431472274,torch_grouped_full64_cpu_list_offsets,24,0.6202239990234375
dense_006_real,gsm8k,middle,measured_dense_runtime,1029,49,15,real,21.0,1,167,1.6085810431472274,torch_grouped_full64_cpu_list_offsets,25,0.6400319933891296
dense_006_real,gsm8k,middle,measured_dense_runtime,1029,49,15,real,21.0,1,167,1.6085810431472274,torch_grouped_full64_cpu_list_offsets,26,0.616864025592804
dense_006_real,gsm8k,middle,measured_dense_runtime,1029,49,15,real,21.0,1,167,1.6085810431472274,torch_grouped_full64_cpu_list_offsets,27,0.6016319990158081
dense_006_real,gsm8k,middle,measured_dense_runtime,1029,49,15,real,21.0,1,167,1.6085810431472274,torch_grouped_full64_cpu_list_offsets,28,0.5961920022964478
dense_006_real,gsm8k,middle,measured_dense_runtime,1029,49,15,real,21.0,1,167,1.6085810431472274,torch_grouped_full64_cpu_list_offsets,29,0.5990399718284607
dense_006_real,gsm8k,middle,measured_dense_runtime,1029,49,15,real,21.0,1,167,1.6085810431472274,torch_grouped_full64_cpu_list_offsets,30,0.6003199815750122
dense_006_real,gsm8k,middle,measured_dense_runtime,1029,49,15,real,21.0,1,167,1.6085810431472274,torch_grouped_full64_cpu_list_offsets,31,0.5908160209655762
dense_006_real,gsm8k,middle,measured_dense_runtime,1029,49,15,real,21.0,1,167,1.6085810431472274,torch_grouped_full64_cpu_list_offsets,32,0.5911999940872192
dense_006_real,gsm8k,middle,measured_dense_runtime,1029,49,15,real,21.0,1,167,1.6085810431472274,torch_grouped_full64_cpu_list_offsets,33,0.6085759997367859
dense_006_real,gsm8k,middle,measured_dense_runtime,1029,49,15,real,21.0,1,167,1.6085810431472274,torch_grouped_full64_cpu_list_offsets,34,0.5913919806480408
dense_006_real,gsm8k,middle,measured_dense_runtime,1029,49,15,real,21.0,1,167,1.6085810431472274,torch_grouped_full64_cpu_list_offsets,35,0.5928959846496582
dense_006_real,gsm8k,middle,measured_dense_runtime,1029,49,15,real,21.0,1,167,1.6085810431472274,torch_grouped_full64_cpu_list_offsets,36,0.5919679999351501
dense_006_real,gsm8k,middle,measured_dense_runtime,1029,49,15,real,21.0,1,167,1.6085810431472274,torch_grouped_full64_cpu_list_offsets,37,0.5848960280418396
dense_006_real,gsm8k,middle,measured_dense_runtime,1029,49,15,real,21.0,1,167,1.6085810431472274,torch_grouped_full64_cpu_list_offsets,38,0.5953919887542725
dense_006_real,gsm8k,middle,measured_dense_runtime,1029,49,15,real,21.0,1,167,1.6085810431472274,torch_grouped_full64_cpu_list_offsets,39,0.5990399718284607
dense_007_real,gsm8k,middle,measured_dense_runtime,1753,46,18,real,38.108695652173914,1,242,1.544090647104201,torch_grouped_full64_cpu_list_offsets,0,0.6621119976043701
dense_007_real,gsm8k,middle,measured_dense_runtime,1753,46,18,real,38.108695652173914,1,242,1.544090647104201,torch_grouped_full64_cpu_list_offsets,1,0.6304000020027161
dense_007_real,gsm8k,middle,measured_dense_runtime,1753,46,18,real,38.108695652173914,1,242,1.544090647104201,torch_grouped_full64_cpu_list_offsets,2,0.6173120141029358
dense_007_real,gsm8k,middle,measured_dense_runtime,1753,46,18,real,38.108695652173914,1,242,1.544090647104201,torch_grouped_full64_cpu_list_offsets,3,0.6076160073280334
dense_007_real,gsm8k,middle,measured_dense_runtime,1753,46,18,real,38.108695652173914,1,242,1.544090647104201,torch_grouped_full64_cpu_list_offsets,4,0.6047679781913757
dense_007_real,gsm8k,middle,measured_dense_runtime,1753,46,18,real,38.108695652173914,1,242,1.544090647104201,torch_grouped_full64_cpu_list_offsets,5,0.6067519783973694
dense_007_real,gsm8k,middle,measured_dense_runtime,1753,46,18,real,38.108695652173914,1,242,1.544090647104201,torch_grouped_full64_cpu_list_offsets,6,0.6104320287704468
dense_007_real,gsm8k,middle,measured_dense_runtime,1753,46,18,real,38.108695652173914,1,242,1.544090647104201,torch_grouped_full64_cpu_list_offsets,7,0.6091840267181396
dense_007_real,gsm8k,middle,measured_dense_runtime,1753,46,18,real,38.108695652173914,1,242,1.544090647104201,torch_grouped_full64_cpu_list_offsets,8,0.6347839832305908
dense_007_real,gsm8k,middle,measured_dense_runtime,1753,46,18,real,38.108695652173914,1,242,1.544090647104201,torch_grouped_full64_cpu_list_offsets,9,0.6389439702033997
dense_007_real,gsm8k,middle,measured_dense_runtime,1753,46,18,real,38.108695652173914,1,242,1.544090647104201,torch_grouped_full64_cpu_list_offsets,10,0.642848014831543
dense_007_real,gsm8k,middle,measured_dense_runtime,1753,46,18,real,38.108695652173914,1,242,1.544090647104201,torch_grouped_full64_cpu_list_offsets,11,0.6794880032539368
dense_007_real,gsm8k,middle,measured_dense_runtime,1753,46,18,real,38.108695652173914,1,242,1.544090647104201,torch_grouped_full64_cpu_list_offsets,12,0.6511679887771606
dense_007_real,gsm8k,middle,measured_dense_runtime,1753,46,18,real,38.108695652173914,1,242,1.544090647104201,torch_grouped_full64_cpu_list_offsets,13,0.6605759859085083
dense_007_real,gsm8k,middle,measured_dense_runtime,1753,46,18,real,38.108695652173914,1,242,1.544090647104201,torch_grouped_full64_cpu_list_offsets,14,0.635968029499054
dense_007_real,gsm8k,middle,measured_dense_runtime,1753,46,18,real,38.108695652173914,1,242,1.544090647104201,torch_grouped_full64_cpu_list_offsets,15,0.614687979221344
dense_007_real,gsm8k,middle,measured_dense_runtime,1753,46,18,real,38.108695652173914,1,242,1.544090647104201,torch_grouped_full64_cpu_list_offsets,16,0.6200000047683716
dense_007_real,gsm8k,middle,measured_dense_runtime,1753,46,18,real,38.108695652173914,1,242,1.544090647104201,torch_grouped_full64_cpu_list_offsets,17,0.6112319827079773
dense_007_real,gsm8k,middle,measured_dense_runtime,1753,46,18,real,38.108695652173914,1,242,1.544090647104201,torch_grouped_full64_cpu_list_offsets,18,0.5995200276374817
dense_007_real,gsm8k,middle,measured_dense_runtime,1753,46,18,real,38.108695652173914,1,242,1.544090647104201,torch_grouped_full64_cpu_list_offsets,19,0.6058880090713501
dense_007_real,gsm8k,middle,measured_dense_runtime,1753,46,18,real,38.108695652173914,1,242,1.544090647104201,torch_grouped_full64_cpu_list_offsets,20,0.6094719767570496
dense_007_real,gsm8k,middle,measured_dense_runtime,1753,46,18,real,38.108695652173914,1,242,1.544090647104201,torch_grouped_full64_cpu_list_offsets,21,0.6084160208702087
dense_007_real,gsm8k,middle,measured_dense_runtime,1753,46,18,real,38.108695652173914,1,242,1.544090647104201,torch_grouped_full64_cpu_list_offsets,22,0.6172800064086914
dense_007_real,gsm8k,middle,measured_dense_runtime,1753,46,18,real,38.108695652173914,1,242,1.544090647104201,torch_grouped_full64_cpu_list_offsets,23,0.6469119787216187
dense_007_real,gsm8k,middle,measured_dense_runtime,1753,46,18,real,38.108695652173914,1,242,1.544090647104201,torch_grouped_full64_cpu_list_offsets,24,0.6481919884681702
dense_007_real,gsm8k,middle,measured_dense_runtime,1753,46,18,real,38.108695652173914,1,242,1.544090647104201,torch_grouped_full64_cpu_list_offsets,25,0.6580479741096497
dense_007_real,gsm8k,middle,measured_dense_runtime,1753,46,18,real,38.108695652173914,1,242,1.544090647104201,torch_grouped_full64_cpu_list_offsets,26,0.6128640174865723
dense_007_real,gsm8k,middle,measured_dense_runtime,1753,46,18,real,38.108695652173914,1,242,1.544090647104201,torch_grouped_full64_cpu_list_offsets,27,0.6084799766540527
dense_007_real,gsm8k,middle,measured_dense_runtime,1753,46,18,real,38.108695652173914,1,242,1.544090647104201,torch_grouped_full64_cpu_list_offsets,28,0.6181439757347107
dense_007_real,gsm8k,middle,measured_dense_runtime,1753,46,18,real,38.108695652173914,1,242,1.544090647104201,torch_grouped_full64_cpu_list_offsets,29,0.6001600027084351
dense_007_real,gsm8k,middle,measured_dense_runtime,1753,46,18,real,38.108695652173914,1,242,1.544090647104201,torch_grouped_full64_cpu_list_offsets,30,0.6122879981994629
dense_007_real,gsm8k,middle,measured_dense_runtime,1753,46,18,real,38.108695652173914,1,242,1.544090647104201,torch_grouped_full64_cpu_list_offsets,31,0.6146559715270996
dense_007_real,gsm8k,middle,measured_dense_runtime,1753,46,18,real,38.108695652173914,1,242,1.544090647104201,torch_grouped_full64_cpu_list_offsets,32,0.5966399908065796
dense_007_real,gsm8k,middle,measured_dense_runtime,1753,46,18,real,38.108695652173914,1,242,1.544090647104201,torch_grouped_full64_cpu_list_offsets,33,0.6102719902992249
dense_007_real,gsm8k,middle,measured_dense_runtime,1753,46,18,real,38.108695652173914,1,242,1.544090647104201,torch_grouped_full64_cpu_list_offsets,34,0.6019520163536072
dense_007_real,gsm8k,middle,measured_dense_runtime,1753,46,18,real,38.108695652173914,1,242,1.544090647104201,torch_grouped_full64_cpu_list_offsets,35,0.5999040007591248
dense_007_real,gsm8k,middle,measured_dense_runtime,1753,46,18,real,38.108695652173914,1,242,1.544090647104201,torch_grouped_full64_cpu_list_offsets,36,0.6058880090713501
dense_007_real,gsm8k,middle,measured_dense_runtime,1753,46,18,real,38.108695652173914,1,242,1.544090647104201,torch_grouped_full64_cpu_list_offsets,37,0.6116160154342651
dense_007_real,gsm8k,middle,measured_dense_runtime,1753,46,18,real,38.108695652173914,1,242,1.544090647104201,torch_grouped_full64_cpu_list_offsets,38,0.6101760268211365
dense_007_real,gsm8k,middle,measured_dense_runtime,1753,46,18,real,38.108695652173914,1,242,1.544090647104201,torch_grouped_full64_cpu_list_offsets,39,0.6290240287780762
dense_007_real,gsm8k,middle,measured_dense_runtime,1753,46,18,real,38.108695652173914,1,242,1.544090647104201,vllm_fused,0,0.9949759840965271
dense_007_real,gsm8k,middle,measured_dense_runtime,1753,46,18,real,38.108695652173914,1,242,1.544090647104201,vllm_fused,1,0.9563519954681396
dense_007_real,gsm8k,middle,measured_dense_runtime,1753,46,18,real,38.108695652173914,1,242,1.544090647104201,vllm_fused,2,0.9531840085983276
dense_007_real,gsm8k,middle,measured_dense_runtime,1753,46,18,real,38.108695652173914,1,242,1.544090647104201,vllm_fused,3,0.8992639780044556
dense_007_real,gsm8k,middle,measured_dense_runtime,1753,46,18,real,38.108695652173914,1,242,1.544090647104201,vllm_fused,4,0.9787200093269348
dense_007_real,gsm8k,middle,measured_dense_runtime,1753,46,18,real,38.108695652173914,1,242,1.544090647104201,vllm_fused,5,0.9270079731941223
dense_007_real,gsm8k,middle,measured_dense_runtime,1753,46,18,real,38.108695652173914,1,242,1.544090647104201,vllm_fused,6,0.935808002948761
dense_007_real,gsm8k,middle,measured_dense_runtime,1753,46,18,real,38.108695652173914,1,242,1.544090647104201,vllm_fused,7,0.8340160250663757
dense_007_real,gsm8k,middle,measured_dense_runtime,1753,46,18,real,38.108695652173914,1,242,1.544090647104201,vllm_fused,8,0.8132479786872864
dense_007_real,gsm8k,middle,measured_dense_runtime,1753,46,18,real,38.108695652173914,1,242,1.544090647104201,vllm_fused,9,0.8213760256767273
dense_007_real,gsm8k,middle,measured_dense_runtime,1753,46,18,real,38.108695652173914,1,242,1.544090647104201,vllm_fused,10,0.8166400194168091
dense_007_real,gsm8k,middle,measured_dense_runtime,1753,46,18,real,38.108695652173914,1,242,1.544090647104201,vllm_fused,11,0.8008639812469482
dense_007_real,gsm8k,middle,measured_dense_runtime,1753,46,18,real,38.108695652173914,1,242,1.544090647104201,vllm_fused,12,0.8006079792976379
dense_007_real,gsm8k,middle,measured_dense_runtime,1753,46,18,real,38.108695652173914,1,242,1.544090647104201,vllm_fused,13,0.9199680089950562
dense_007_real,gsm8k,middle,measured_dense_runtime,1753,46,18,real,38.108695652173914,1,242,1.544090647104201,vllm_fused,14,0.8964160084724426
dense_007_real,gsm8k,middle,measured_dense_runtime,1753,46,18,real,38.108695652173914,1,242,1.544090647104201,vllm_fused,15,0.8952959775924683
dense_007_real,gsm8k,middle,measured_dense_runtime,1753,46,18,real,38.108695652173914,1,242,1.544090647104201,vllm_fused,16,0.8156800270080566
dense_007_real,gsm8k,middle,measured_dense_runtime,1753,46,18,real,38.108695652173914,1,242,1.544090647104201,vllm_fused,17,0.8019840121269226
dense_007_real,gsm8k,middle,measured_dense_runtime,1753,46,18,real,38.108695652173914,1,242,1.544090647104201,vllm_fused,18,0.7979519963264465
dense_007_real,gsm8k,middle,measured_dense_runtime,1753,46,18,real,38.108695652173914,1,242,1.544090647104201,vllm_fused,19,0.8021759986877441
dense_007_real,gsm8k,middle,measured_dense_runtime,1753,46,18,real,38.108695652173914,1,242,1.544090647104201,vllm_fused,20,0.8032000064849854
dense_007_real,gsm8k,middle,measured_dense_runtime,1753,46,18,real,38.108695652173914,1,242,1.544090647104201,vllm_fused,21,0.8055999875068665
dense_007_real,gsm8k,middle,measured_dense_runtime,1753,46,18,real,38.108695652173914,1,242,1.544090647104201,vllm_fused,22,0.7976319789886475
dense_007_real,gsm8k,middle,measured_dense_runtime,1753,46,18,real,38.108695652173914,1,242,1.544090647104201,vllm_fused,23,0.7923840284347534
dense_007_real,gsm8k,middle,measured_dense_runtime,1753,46,18,real,38.108695652173914,1,242,1.544090647104201,vllm_fused,24,0.8198720216751099
dense_007_real,gsm8k,middle,measured_dense_runtime,1753,46,18,real,38.108695652173914,1,242,1.544090647104201,vllm_fused,25,0.8213120102882385
dense_007_real,gsm8k,middle,measured_dense_runtime,1753,46,18,real,38.108695652173914,1,242,1.544090647104201,vllm_fused,26,0.8738880157470703
dense_007_real,gsm8k,middle,measured_dense_runtime,1753,46,18,real,38.108695652173914,1,242,1.544090647104201,vllm_fused,27,0.9037119746208191
dense_007_real,gsm8k,middle,measured_dense_runtime,1753,46,18,real,38.108695652173914,1,242,1.544090647104201,vllm_fused,28,0.9286720156669617
dense_007_real,gsm8k,middle,measured_dense_runtime,1753,46,18,real,38.108695652173914,1,242,1.544090647104201,vllm_fused,29,0.8273599743843079
dense_007_real,gsm8k,middle,measured_dense_runtime,1753,46,18,real,38.108695652173914,1,242,1.544090647104201,vllm_fused,30,0.8075519800186157
dense_007_real,gsm8k,middle,measured_dense_runtime,1753,46,18,real,38.108695652173914,1,242,1.544090647104201,vllm_fused,31,0.8081920146942139
dense_007_real,gsm8k,middle,measured_dense_runtime,1753,46,18,real,38.108695652173914,1,242,1.544090647104201,vllm_fused,32,0.8054400086402893
dense_007_real,gsm8k,middle,measured_dense_runtime,1753,46,18,real,38.108695652173914,1,242,1.544090647104201,vllm_fused,33,0.8083840012550354
dense_007_real,gsm8k,middle,measured_dense_runtime,1753,46,18,real,38.108695652173914,1,242,1.544090647104201,vllm_fused,34,0.79094398021698
dense_007_real,gsm8k,middle,measured_dense_runtime,1753,46,18,real,38.108695652173914,1,242,1.544090647104201,vllm_fused,35,0.9026560187339783
dense_007_real,gsm8k,middle,measured_dense_runtime,1753,46,18,real,38.108695652173914,1,242,1.544090647104201,vllm_fused,36,0.9185600280761719
dense_007_real,gsm8k,middle,measured_dense_runtime,1753,46,18,real,38.108695652173914,1,242,1.544090647104201,vllm_fused,37,0.8681920170783997
dense_007_real,gsm8k,middle,measured_dense_runtime,1753,46,18,real,38.108695652173914,1,242,1.544090647104201,vllm_fused,38,0.8068479895591736
dense_007_real,gsm8k,middle,measured_dense_runtime,1753,46,18,real,38.108695652173914,1,242,1.544090647104201,vllm_fused,39,0.8073920011520386
dense_007_real,gsm8k,middle,measured_dense_runtime,1753,46,18,real,38.108695652173914,1,242,1.544090647104201,torch_grouped_full64_gpu_cumsum,0,0.611519992351532
dense_007_real,gsm8k,middle,measured_dense_runtime,1753,46,18,real,38.108695652173914,1,242,1.544090647104201,torch_grouped_full64_gpu_cumsum,1,0.5839359760284424
dense_007_real,gsm8k,middle,measured_dense_runtime,1753,46,18,real,38.108695652173914,1,242,1.544090647104201,torch_grouped_full64_gpu_cumsum,2,0.5844159722328186
dense_007_real,gsm8k,middle,measured_dense_runtime,1753,46,18,real,38.108695652173914,1,242,1.544090647104201,torch_grouped_full64_gpu_cumsum,3,0.5930240154266357
dense_007_real,gsm8k,middle,measured_dense_runtime,1753,46,18,real,38.108695652173914,1,242,1.544090647104201,torch_grouped_full64_gpu_cumsum,4,0.585856020450592
dense_007_real,gsm8k,middle,measured_dense_runtime,1753,46,18,real,38.108695652173914,1,242,1.544090647104201,torch_grouped_full64_gpu_cumsum,5,0.5899839997291565
dense_007_real,gsm8k,middle,measured_dense_runtime,1753,46,18,real,38.108695652173914,1,242,1.544090647104201,torch_grouped_full64_gpu_cumsum,6,0.5916479825973511
dense_007_real,gsm8k,middle,measured_dense_runtime,1753,46,18,real,38.108695652173914,1,242,1.544090647104201,torch_grouped_full64_gpu_cumsum,7,0.5905600190162659
dense_007_real,gsm8k,middle,measured_dense_runtime,1753,46,18,real,38.108695652173914,1,242,1.544090647104201,torch_grouped_full64_gpu_cumsum,8,0.5852800011634827
dense_007_real,gsm8k,middle,measured_dense_runtime,1753,46,18,real,38.108695652173914,1,242,1.544090647104201,torch_grouped_full64_gpu_cumsum,9,0.5837119817733765
dense_007_real,gsm8k,middle,measured_dense_runtime,1753,46,18,real,38.108695652173914,1,242,1.544090647104201,torch_grouped_full64_gpu_cumsum,10,0.5804799795150757
dense_007_real,gsm8k,middle,measured_dense_runtime,1753,46,18,real,38.108695652173914,1,242,1.544090647104201,torch_grouped_full64_gpu_cumsum,11,0.5882560014724731
dense_007_real,gsm8k,middle,measured_dense_runtime,1753,46,18,real,38.108695652173914,1,242,1.544090647104201,torch_grouped_full64_gpu_cumsum,12,0.5958399772644043
dense_007_real,gsm8k,middle,measured_dense_runtime,1753,46,18,real,38.108695652173914,1,242,1.544090647104201,torch_grouped_full64_gpu_cumsum,13,0.5865920186042786
dense_007_real,gsm8k,middle,measured_dense_runtime,1753,46,18,real,38.108695652173914,1,242,1.544090647104201,torch_grouped_full64_gpu_cumsum,14,0.5872319936752319
dense_007_real,gsm8k,middle,measured_dense_runtime,1753,46,18,real,38.108695652173914,1,242,1.544090647104201,torch_grouped_full64_gpu_cumsum,15,0.5874559879302979
dense_007_real,gsm8k,middle,measured_dense_runtime,1753,46,18,real,38.108695652173914,1,242,1.544090647104201,torch_grouped_full64_gpu_cumsum,16,0.5806400179862976
dense_007_real,gsm8k,middle,measured_dense_runtime,1753,46,18,real,38.108695652173914,1,242,1.544090647104201,torch_grouped_full64_gpu_cumsum,17,0.5910720229148865
dense_007_real,gsm8k,middle,measured_dense_runtime,1753,46,18,real,38.108695652173914,1,242,1.544090647104201,torch_grouped_full64_gpu_cumsum,18,0.5850560069084167
dense_007_real,gsm8k,middle,measured_dense_runtime,1753,46,18,real,38.108695652173914,1,242,1.544090647104201,torch_grouped_full64_gpu_cumsum,19,0.578495979309082
dense_007_real,gsm8k,middle,measured_dense_runtime,1753,46,18,real,38.108695652173914,1,242,1.544090647104201,torch_grouped_full64_gpu_cumsum,20,0.5859519839286804
dense_007_real,gsm8k,middle,measured_dense_runtime,1753,46,18,real,38.108695652173914,1,242,1.544090647104201,torch_grouped_full64_gpu_cumsum,21,0.5902400016784668
dense_007_real,gsm8k,middle,measured_dense_runtime,1753,46,18,real,38.108695652173914,1,242,1.544090647104201,torch_grouped_full64_gpu_cumsum,22,0.5891519784927368
dense_007_real,gsm8k,middle,measured_dense_runtime,1753,46,18,real,38.108695652173914,1,242,1.544090647104201,torch_grouped_full64_gpu_cumsum,23,0.5897279977798462
dense_007_real,gsm8k,middle,measured_dense_runtime,1753,46,18,real,38.108695652173914,1,242,1.544090647104201,torch_grouped_full64_gpu_cumsum,24,0.5845119953155518
dense_007_real,gsm8k,middle,measured_dense_runtime,1753,46,18,real,38.108695652173914,1,242,1.544090647104201,torch_grouped_full64_gpu_cumsum,25,0.5837439894676208
dense_007_real,gsm8k,middle,measured_dense_runtime,1753,46,18,real,38.108695652173914,1,242,1.544090647104201,torch_grouped_full64_gpu_cumsum,26,0.5768640041351318
dense_007_real,gsm8k,middle,measured_dense_runtime,1753,46,18,real,38.108695652173914,1,242,1.544090647104201,torch_grouped_full64_gpu_cumsum,27,0.5861120223999023
dense_007_real,gsm8k,middle,measured_dense_runtime,1753,46,18,real,38.108695652173914,1,242,1.544090647104201,torch_grouped_full64_gpu_cumsum,28,0.5820159912109375
dense_007_real,gsm8k,middle,measured_dense_runtime,1753,46,18,real,38.108695652173914,1,242,1.544090647104201,torch_grouped_full64_gpu_cumsum,29,0.5925440192222595
dense_007_real,gsm8k,middle,measured_dense_runtime,1753,46,18,real,38.108695652173914,1,242,1.544090647104201,torch_grouped_full64_gpu_cumsum,30,0.5896639823913574
dense_007_real,gsm8k,middle,measured_dense_runtime,1753,46,18,real,38.108695652173914,1,242,1.544090647104201,torch_grouped_full64_gpu_cumsum,31,0.5952320098876953
dense_007_real,gsm8k,middle,measured_dense_runtime,1753,46,18,real,38.108695652173914,1,242,1.544090647104201,torch_grouped_full64_gpu_cumsum,32,0.6014080047607422
dense_007_real,gsm8k,middle,measured_dense_runtime,1753,46,18,real,38.108695652173914,1,242,1.544090647104201,torch_grouped_full64_gpu_cumsum,33,0.604960024356842
dense_007_real,gsm8k,middle,measured_dense_runtime,1753,46,18,real,38.108695652173914,1,242,1.544090647104201,torch_grouped_full64_gpu_cumsum,34,0.6051520109176636
dense_007_real,gsm8k,middle,measured_dense_runtime,1753,46,18,real,38.108695652173914,1,242,1.544090647104201,torch_grouped_full64_gpu_cumsum,35,0.601311981678009
dense_007_real,gsm8k,middle,measured_dense_runtime,1753,46,18,real,38.108695652173914,1,242,1.544090647104201,torch_grouped_full64_gpu_cumsum,36,0.6133440136909485
dense_007_real,gsm8k,middle,measured_dense_runtime,1753,46,18,real,38.108695652173914,1,242,1.544090647104201,torch_grouped_full64_gpu_cumsum,37,0.6039999723434448
dense_007_real,gsm8k,middle,measured_dense_runtime,1753,46,18,real,38.108695652173914,1,242,1.544090647104201,torch_grouped_full64_gpu_cumsum,38,0.6142719984054565
dense_007_real,gsm8k,middle,measured_dense_runtime,1753,46,18,real,38.108695652173914,1,242,1.544090647104201,torch_grouped_full64_gpu_cumsum,39,0.6061440110206604
dense_007_real,gsm8k,middle,measured_dense_runtime,1753,46,18,real,38.108695652173914,1,242,1.544090647104201,torch_grouped_active_prebuilt_oracle,0,0.5947520136833191
dense_007_real,gsm8k,middle,measured_dense_runtime,1753,46,18,real,38.108695652173914,1,242,1.544090647104201,torch_grouped_active_prebuilt_oracle,1,0.5834559798240662
dense_007_real,gsm8k,middle,measured_dense_runtime,1753,46,18,real,38.108695652173914,1,242,1.544090647104201,torch_grouped_active_prebuilt_oracle,2,0.5821760296821594
dense_007_real,gsm8k,middle,measured_dense_runtime,1753,46,18,real,38.108695652173914,1,242,1.544090647104201,torch_grouped_active_prebuilt_oracle,3,0.5837119817733765
dense_007_real,gsm8k,middle,measured_dense_runtime,1753,46,18,real,38.108695652173914,1,242,1.544090647104201,torch_grouped_active_prebuilt_oracle,4,0.57532799243927
dense_007_real,gsm8k,middle,measured_dense_runtime,1753,46,18,real,38.108695652173914,1,242,1.544090647104201,torch_grouped_active_prebuilt_oracle,5,0.5828480124473572
dense_007_real,gsm8k,middle,measured_dense_runtime,1753,46,18,real,38.108695652173914,1,242,1.544090647104201,torch_grouped_active_prebuilt_oracle,6,0.5683519840240479
dense_007_real,gsm8k,middle,measured_dense_runtime,1753,46,18,real,38.108695652173914,1,242,1.544090647104201,torch_grouped_active_prebuilt_oracle,7,0.5726720094680786
dense_007_real,gsm8k,middle,measured_dense_runtime,1753,46,18,real,38.108695652173914,1,242,1.544090647104201,torch_grouped_active_prebuilt_oracle,8,0.5735999941825867
dense_007_real,gsm8k,middle,measured_dense_runtime,1753,46,18,real,38.108695652173914,1,242,1.544090647104201,torch_grouped_active_prebuilt_oracle,9,0.57532799243927
dense_007_real,gsm8k,middle,measured_dense_runtime,1753,46,18,real,38.108695652173914,1,242,1.544090647104201,torch_grouped_active_prebuilt_oracle,10,0.5738880038261414
dense_007_real,gsm8k,middle,measured_dense_runtime,1753,46,18,real,38.108695652173914,1,242,1.544090647104201,torch_grouped_active_prebuilt_oracle,11,0.5703679919242859
dense_007_real,gsm8k,middle,measured_dense_runtime,1753,46,18,real,38.108695652173914,1,242,1.544090647104201,torch_grouped_active_prebuilt_oracle,12,0.5714880228042603
dense_007_real,gsm8k,middle,measured_dense_runtime,1753,46,18,real,38.108695652173914,1,242,1.544090647104201,torch_grouped_active_prebuilt_oracle,13,0.57123202085495
dense_007_real,gsm8k,middle,measured_dense_runtime,1753,46,18,real,38.108695652173914,1,242,1.544090647104201,torch_grouped_active_prebuilt_oracle,14,0.5847039818763733
dense_007_real,gsm8k,middle,measured_dense_runtime,1753,46,18,real,38.108695652173914,1,242,1.544090647104201,torch_grouped_active_prebuilt_oracle,15,0.5773440003395081
dense_007_real,gsm8k,middle,measured_dense_runtime,1753,46,18,real,38.108695652173914,1,242,1.544090647104201,torch_grouped_active_prebuilt_oracle,16,0.5877760052680969
dense_007_real,gsm8k,middle,measured_dense_runtime,1753,46,18,real,38.108695652173914,1,242,1.544090647104201,torch_grouped_active_prebuilt_oracle,17,0.56905597448349
dense_007_real,gsm8k,middle,measured_dense_runtime,1753,46,18,real,38.108695652173914,1,242,1.544090647104201,torch_grouped_active_prebuilt_oracle,18,0.5674880146980286
dense_007_real,gsm8k,middle,measured_dense_runtime,1753,46,18,real,38.108695652173914,1,242,1.544090647104201,torch_grouped_active_prebuilt_oracle,19,0.5715839862823486
dense_007_real,gsm8k,middle,measured_dense_runtime,1753,46,18,real,38.108695652173914,1,242,1.544090647104201,torch_grouped_active_prebuilt_oracle,20,0.5690879821777344
dense_007_real,gsm8k,middle,measured_dense_runtime,1753,46,18,real,38.108695652173914,1,242,1.544090647104201,torch_grouped_active_prebuilt_oracle,21,0.5689280033111572
dense_007_real,gsm8k,middle,measured_dense_runtime,1753,46,18,real,38.108695652173914,1,242,1.544090647104201,torch_grouped_active_prebuilt_oracle,22,0.567520022392273
dense_007_real,gsm8k,middle,measured_dense_runtime,1753,46,18,real,38.108695652173914,1,242,1.544090647104201,torch_grouped_active_prebuilt_oracle,23,0.5689280033111572
dense_007_real,gsm8k,middle,measured_dense_runtime,1753,46,18,real,38.108695652173914,1,242,1.544090647104201,torch_grouped_active_prebuilt_oracle,24,0.5740479826927185
dense_007_real,gsm8k,middle,measured_dense_runtime,1753,46,18,real,38.108695652173914,1,242,1.544090647104201,torch_grouped_active_prebuilt_oracle,25,0.5736640095710754
dense_007_real,gsm8k,middle,measured_dense_runtime,1753,46,18,real,38.108695652173914,1,242,1.544090647104201,torch_grouped_active_prebuilt_oracle,26,0.571071982383728
dense_007_real,gsm8k,middle,measured_dense_runtime,1753,46,18,real,38.108695652173914,1,242,1.544090647104201,torch_grouped_active_prebuilt_oracle,27,0.565887987613678
dense_007_real,gsm8k,middle,measured_dense_runtime,1753,46,18,real,38.108695652173914,1,242,1.544090647104201,torch_grouped_active_prebuilt_oracle,28,0.5668799877166748
dense_007_real,gsm8k,middle,measured_dense_runtime,1753,46,18,real,38.108695652173914,1,242,1.544090647104201,torch_grouped_active_prebuilt_oracle,29,0.5751039981842041
dense_007_real,gsm8k,middle,measured_dense_runtime,1753,46,18,real,38.108695652173914,1,242,1.544090647104201,torch_grouped_active_prebuilt_oracle,30,0.5713919997215271
dense_007_real,gsm8k,middle,measured_dense_runtime,1753,46,18,real,38.108695652173914,1,242,1.544090647104201,torch_grouped_active_prebuilt_oracle,31,0.5749760270118713
dense_007_real,gsm8k,middle,measured_dense_runtime,1753,46,18,real,38.108695652173914,1,242,1.544090647104201,torch_grouped_active_prebuilt_oracle,32,0.5781760215759277
dense_007_real,gsm8k,middle,measured_dense_runtime,1753,46,18,real,38.108695652173914,1,242,1.544090647104201,torch_grouped_active_prebuilt_oracle,33,0.5793920159339905
dense_007_real,gsm8k,middle,measured_dense_runtime,1753,46,18,real,38.108695652173914,1,242,1.544090647104201,torch_grouped_active_prebuilt_oracle,34,0.5806400179862976
dense_007_real,gsm8k,middle,measured_dense_runtime,1753,46,18,real,38.108695652173914,1,242,1.544090647104201,torch_grouped_active_prebuilt_oracle,35,0.5900160074234009
dense_007_real,gsm8k,middle,measured_dense_runtime,1753,46,18,real,38.108695652173914,1,242,1.544090647104201,torch_grouped_active_prebuilt_oracle,36,0.5776960253715515
dense_007_real,gsm8k,middle,measured_dense_runtime,1753,46,18,real,38.108695652173914,1,242,1.544090647104201,torch_grouped_active_prebuilt_oracle,37,0.5850880146026611
dense_007_real,gsm8k,middle,measured_dense_runtime,1753,46,18,real,38.108695652173914,1,242,1.544090647104201,torch_grouped_active_prebuilt_oracle,38,0.5789759755134583
dense_007_real,gsm8k,middle,measured_dense_runtime,1753,46,18,real,38.108695652173914,1,242,1.544090647104201,torch_grouped_active_prebuilt_oracle,39,0.5848640203475952
dense_007_real,gsm8k,middle,measured_dense_runtime,1753,46,18,real,38.108695652173914,1,242,1.544090647104201,torch_grouped_full64_prebuilt,0,0.5889279842376709
dense_007_real,gsm8k,middle,measured_dense_runtime,1753,46,18,real,38.108695652173914,1,242,1.544090647104201,torch_grouped_full64_prebuilt,1,0.5814719796180725
dense_007_real,gsm8k,middle,measured_dense_runtime,1753,46,18,real,38.108695652173914,1,242,1.544090647104201,torch_grouped_full64_prebuilt,2,0.5816959738731384
dense_007_real,gsm8k,middle,measured_dense_runtime,1753,46,18,real,38.108695652173914,1,242,1.544090647104201,torch_grouped_full64_prebuilt,3,0.5729600191116333
dense_007_real,gsm8k,middle,measured_dense_runtime,1753,46,18,real,38.108695652173914,1,242,1.544090647104201,torch_grouped_full64_prebuilt,4,0.589631974697113
dense_007_real,gsm8k,middle,measured_dense_runtime,1753,46,18,real,38.108695652173914,1,242,1.544090647104201,torch_grouped_full64_prebuilt,5,0.5686720013618469
dense_007_real,gsm8k,middle,measured_dense_runtime,1753,46,18,real,38.108695652173914,1,242,1.544090647104201,torch_grouped_full64_prebuilt,6,0.5695359706878662
dense_007_real,gsm8k,middle,measured_dense_runtime,1753,46,18,real,38.108695652173914,1,242,1.544090647104201,torch_grouped_full64_prebuilt,7,0.5771840214729309
dense_007_real,gsm8k,middle,measured_dense_runtime,1753,46,18,real,38.108695652173914,1,242,1.544090647104201,torch_grouped_full64_prebuilt,8,0.5670080184936523
dense_007_real,gsm8k,middle,measured_dense_runtime,1753,46,18,real,38.108695652173914,1,242,1.544090647104201,torch_grouped_full64_prebuilt,9,0.5773119926452637
dense_007_real,gsm8k,middle,measured_dense_runtime,1753,46,18,real,38.108695652173914,1,242,1.544090647104201,torch_grouped_full64_prebuilt,10,0.5623040199279785
dense_007_real,gsm8k,middle,measured_dense_runtime,1753,46,18,real,38.108695652173914,1,242,1.544090647104201,torch_grouped_full64_prebuilt,11,0.5711680054664612
dense_007_real,gsm8k,middle,measured_dense_runtime,1753,46,18,real,38.108695652173914,1,242,1.544090647104201,torch_grouped_full64_prebuilt,12,0.5673919916152954
dense_007_real,gsm8k,middle,measured_dense_runtime,1753,46,18,real,38.108695652173914,1,242,1.544090647104201,torch_grouped_full64_prebuilt,13,0.5791360139846802
dense_007_real,gsm8k,middle,measured_dense_runtime,1753,46,18,real,38.108695652173914,1,242,1.544090647104201,torch_grouped_full64_prebuilt,14,0.5754879713058472
dense_007_real,gsm8k,middle,measured_dense_runtime,1753,46,18,real,38.108695652173914,1,242,1.544090647104201,torch_grouped_full64_prebuilt,15,0.5803840160369873
dense_007_real,gsm8k,middle,measured_dense_runtime,1753,46,18,real,38.108695652173914,1,242,1.544090647104201,torch_grouped_full64_prebuilt,16,0.5705919861793518
dense_007_real,gsm8k,middle,measured_dense_runtime,1753,46,18,real,38.108695652173914,1,242,1.544090647104201,torch_grouped_full64_prebuilt,17,0.5739840269088745
dense_007_real,gsm8k,middle,measured_dense_runtime,1753,46,18,real,38.108695652173914,1,242,1.544090647104201,torch_grouped_full64_prebuilt,18,0.5659199953079224
dense_007_real,gsm8k,middle,measured_dense_runtime,1753,46,18,real,38.108695652173914,1,242,1.544090647104201,torch_grouped_full64_prebuilt,19,0.5723519921302795
dense_007_real,gsm8k,middle,measured_dense_runtime,1753,46,18,real,38.108695652173914,1,242,1.544090647104201,torch_grouped_full64_prebuilt,20,0.57014399766922
dense_007_real,gsm8k,middle,measured_dense_runtime,1753,46,18,real,38.108695652173914,1,242,1.544090647104201,torch_grouped_full64_prebuilt,21,0.573632001876831
dense_007_real,gsm8k,middle,measured_dense_runtime,1753,46,18,real,38.108695652173914,1,242,1.544090647104201,torch_grouped_full64_prebuilt,22,0.5646079778671265
dense_007_real,gsm8k,middle,measured_dense_runtime,1753,46,18,real,38.108695652173914,1,242,1.544090647104201,torch_grouped_full64_prebuilt,23,0.5658239722251892
dense_007_real,gsm8k,middle,measured_dense_runtime,1753,46,18,real,38.108695652173914,1,242,1.544090647104201,torch_grouped_full64_prebuilt,24,0.5675519704818726
dense_007_real,gsm8k,middle,measured_dense_runtime,1753,46,18,real,38.108695652173914,1,242,1.544090647104201,torch_grouped_full64_prebuilt,25,0.5740479826927185
dense_007_real,gsm8k,middle,measured_dense_runtime,1753,46,18,real,38.108695652173914,1,242,1.544090647104201,torch_grouped_full64_prebuilt,26,0.5688319802284241
dense_007_real,gsm8k,middle,measured_dense_runtime,1753,46,18,real,38.108695652173914,1,242,1.544090647104201,torch_grouped_full64_prebuilt,27,0.5759360194206238
dense_007_real,gsm8k,middle,measured_dense_runtime,1753,46,18,real,38.108695652173914,1,242,1.544090647104201,torch_grouped_full64_prebuilt,28,0.5680000185966492
dense_007_real,gsm8k,middle,measured_dense_runtime,1753,46,18,real,38.108695652173914,1,242,1.544090647104201,torch_grouped_full64_prebuilt,29,0.5718399882316589
dense_007_real,gsm8k,middle,measured_dense_runtime,1753,46,18,real,38.108695652173914,1,242,1.544090647104201,torch_grouped_full64_prebuilt,30,0.569920003414154
dense_007_real,gsm8k,middle,measured_dense_runtime,1753,46,18,real,38.108695652173914,1,242,1.544090647104201,torch_grouped_full64_prebuilt,31,0.5682880282402039
dense_007_real,gsm8k,middle,measured_dense_runtime,1753,46,18,real,38.108695652173914,1,242,1.544090647104201,torch_grouped_full64_prebuilt,32,0.5703999996185303
dense_007_real,gsm8k,middle,measured_dense_runtime,1753,46,18,real,38.108695652173914,1,242,1.544090647104201,torch_grouped_full64_prebuilt,33,0.5787519812583923
dense_007_real,gsm8k,middle,measured_dense_runtime,1753,46,18,real,38.108695652173914,1,242,1.544090647104201,torch_grouped_full64_prebuilt,34,0.5866559743881226
dense_007_real,gsm8k,middle,measured_dense_runtime,1753,46,18,real,38.108695652173914,1,242,1.544090647104201,torch_grouped_full64_prebuilt,35,0.5794240236282349
dense_007_real,gsm8k,middle,measured_dense_runtime,1753,46,18,real,38.108695652173914,1,242,1.544090647104201,torch_grouped_full64_prebuilt,36,0.5744959712028503
dense_007_real,gsm8k,middle,measured_dense_runtime,1753,46,18,real,38.108695652173914,1,242,1.544090647104201,torch_grouped_full64_prebuilt,37,0.585536003112793
dense_007_real,gsm8k,middle,measured_dense_runtime,1753,46,18,real,38.108695652173914,1,242,1.544090647104201,torch_grouped_full64_prebuilt,38,0.5760319828987122
dense_007_real,gsm8k,middle,measured_dense_runtime,1753,46,18,real,38.108695652173914,1,242,1.544090647104201,torch_grouped_full64_prebuilt,39,0.594048023223877
dense_008_real,gsm8k,middle,measured_dense_runtime,2683,49,15,real,54.755102040816325,1,266,1.2823194372830053,torch_grouped_full64_cpu_list_offsets,0,0.7071040272712708
dense_008_real,gsm8k,middle,measured_dense_runtime,2683,49,15,real,54.755102040816325,1,266,1.2823194372830053,torch_grouped_full64_cpu_list_offsets,1,0.6866880059242249
dense_008_real,gsm8k,middle,measured_dense_runtime,2683,49,15,real,54.755102040816325,1,266,1.2823194372830053,torch_grouped_full64_cpu_list_offsets,2,0.6807680130004883
dense_008_real,gsm8k,middle,measured_dense_runtime,2683,49,15,real,54.755102040816325,1,266,1.2823194372830053,torch_grouped_full64_cpu_list_offsets,3,0.6924480199813843
dense_008_real,gsm8k,middle,measured_dense_runtime,2683,49,15,real,54.755102040816325,1,266,1.2823194372830053,torch_grouped_full64_cpu_list_offsets,4,0.7175679802894592
dense_008_real,gsm8k,middle,measured_dense_runtime,2683,49,15,real,54.755102040816325,1,266,1.2823194372830053,torch_grouped_full64_cpu_list_offsets,5,0.7048640251159668
dense_008_real,gsm8k,middle,measured_dense_runtime,2683,49,15,real,54.755102040816325,1,266,1.2823194372830053,torch_grouped_full64_cpu_list_offsets,6,0.7383360266685486
dense_008_real,gsm8k,middle,measured_dense_runtime,2683,49,15,real,54.755102040816325,1,266,1.2823194372830053,torch_grouped_full64_cpu_list_offsets,7,0.7328640222549438
dense_008_real,gsm8k,middle,measured_dense_runtime,2683,49,15,real,54.755102040816325,1,266,1.2823194372830053,torch_grouped_full64_cpu_list_offsets,8,0.7032639980316162
dense_008_real,gsm8k,middle,measured_dense_runtime,2683,49,15,real,54.755102040816325,1,266,1.2823194372830053,torch_grouped_full64_cpu_list_offsets,9,0.6841599941253662
dense_008_real,gsm8k,middle,measured_dense_runtime,2683,49,15,real,54.755102040816325,1,266,1.2823194372830053,torch_grouped_full64_cpu_list_offsets,10,0.6781759858131409
dense_008_real,gsm8k,middle,measured_dense_runtime,2683,49,15,real,54.755102040816325,1,266,1.2823194372830053,torch_grouped_full64_cpu_list_offsets,11,0.6824960112571716
dense_008_real,gsm8k,middle,measured_dense_runtime,2683,49,15,real,54.755102040816325,1,266,1.2823194372830053,torch_grouped_full64_cpu_list_offsets,12,0.6791359782218933
dense_008_real,gsm8k,middle,measured_dense_runtime,2683,49,15,real,54.755102040816325,1,266,1.2823194372830053,torch_grouped_full64_cpu_list_offsets,13,0.6840639710426331
dense_008_real,gsm8k,middle,measured_dense_runtime,2683,49,15,real,54.755102040816325,1,266,1.2823194372830053,torch_grouped_full64_cpu_list_offsets,14,0.6824319958686829
dense_008_real,gsm8k,middle,measured_dense_runtime,2683,49,15,real,54.755102040816325,1,266,1.2823194372830053,torch_grouped_full64_cpu_list_offsets,15,0.6843839883804321
dense_008_real,gsm8k,middle,measured_dense_runtime,2683,49,15,real,54.755102040816325,1,266,1.2823194372830053,torch_grouped_full64_cpu_list_offsets,16,0.6898880004882812
dense_008_real,gsm8k,middle,measured_dense_runtime,2683,49,15,real,54.755102040816325,1,266,1.2823194372830053,torch_grouped_full64_cpu_list_offsets,17,0.6777920126914978
dense_008_real,gsm8k,middle,measured_dense_runtime,2683,49,15,real,54.755102040816325,1,266,1.2823194372830053,torch_grouped_full64_cpu_list_offsets,18,0.6755520105361938
dense_008_real,gsm8k,middle,measured_dense_runtime,2683,49,15,real,54.755102040816325,1,266,1.2823194372830053,torch_grouped_full64_cpu_list_offsets,19,0.6759039759635925
dense_008_real,gsm8k,middle,measured_dense_runtime,2683,49,15,real,54.755102040816325,1,266,1.2823194372830053,torch_grouped_full64_cpu_list_offsets,20,0.6888319849967957
dense_008_real,gsm8k,middle,measured_dense_runtime,2683,49,15,real,54.755102040816325,1,266,1.2823194372830053,torch_grouped_full64_cpu_list_offsets,21,0.6781439781188965
dense_008_real,gsm8k,middle,measured_dense_runtime,2683,49,15,real,54.755102040816325,1,266,1.2823194372830053,torch_grouped_full64_cpu_list_offsets,22,0.6868799924850464
dense_008_real,gsm8k,middle,measured_dense_runtime,2683,49,15,real,54.755102040816325,1,266,1.2823194372830053,torch_grouped_full64_cpu_list_offsets,23,0.6789439916610718
dense_008_real,gsm8k,middle,measured_dense_runtime,2683,49,15,real,54.755102040816325,1,266,1.2823194372830053,torch_grouped_full64_cpu_list_offsets,24,0.6786239743232727
dense_008_real,gsm8k,middle,measured_dense_runtime,2683,49,15,real,54.755102040816325,1,266,1.2823194372830053,torch_grouped_full64_cpu_list_offsets,25,0.6794559955596924
dense_008_real,gsm8k,middle,measured_dense_runtime,2683,49,15,real,54.755102040816325,1,266,1.2823194372830053,torch_grouped_full64_cpu_list_offsets,26,0.7410560250282288
dense_008_real,gsm8k,middle,measured_dense_runtime,2683,49,15,real,54.755102040816325,1,266,1.2823194372830053,torch_grouped_full64_cpu_list_offsets,27,0.6815360188484192
dense_008_real,gsm8k,middle,measured_dense_runtime,2683,49,15,real,54.755102040816325,1,266,1.2823194372830053,torch_grouped_full64_cpu_list_offsets,28,0.6858559846878052
dense_008_real,gsm8k,middle,measured_dense_runtime,2683,49,15,real,54.755102040816325,1,266,1.2823194372830053,torch_grouped_full64_cpu_list_offsets,29,0.692799985408783
dense_008_real,gsm8k,middle,measured_dense_runtime,2683,49,15,real,54.755102040816325,1,266,1.2823194372830053,torch_grouped_full64_cpu_list_offsets,30,0.6774719953536987
dense_008_real,gsm8k,middle,measured_dense_runtime,2683,49,15,real,54.755102040816325,1,266,1.2823194372830053,torch_grouped_full64_cpu_list_offsets,31,0.6840000152587891
dense_008_real,gsm8k,middle,measured_dense_runtime,2683,49,15,real,54.755102040816325,1,266,1.2823194372830053,torch_grouped_full64_cpu_list_offsets,32,0.6797760128974915
dense_008_real,gsm8k,middle,measured_dense_runtime,2683,49,15,real,54.755102040816325,1,266,1.2823194372830053,torch_grouped_full64_cpu_list_offsets,33,0.6777600049972534
dense_008_real,gsm8k,middle,measured_dense_runtime,2683,49,15,real,54.755102040816325,1,266,1.2823194372830053,torch_grouped_full64_cpu_list_offsets,34,0.6795520186424255
dense_008_real,gsm8k,middle,measured_dense_runtime,2683,49,15,real,54.755102040816325,1,266,1.2823194372830053,torch_grouped_full64_cpu_list_offsets,35,0.6885120272636414
dense_008_real,gsm8k,middle,measured_dense_runtime,2683,49,15,real,54.755102040816325,1,266,1.2823194372830053,torch_grouped_full64_cpu_list_offsets,36,0.6843199729919434
dense_008_real,gsm8k,middle,measured_dense_runtime,2683,49,15,real,54.755102040816325,1,266,1.2823194372830053,torch_grouped_full64_cpu_list_offsets,37,0.6824319958686829
dense_008_real,gsm8k,middle,measured_dense_runtime,2683,49,15,real,54.755102040816325,1,266,1.2823194372830053,torch_grouped_full64_cpu_list_offsets,38,0.6810879707336426
dense_008_real,gsm8k,middle,measured_dense_runtime,2683,49,15,real,54.755102040816325,1,266,1.2823194372830053,torch_grouped_full64_cpu_list_offsets,39,0.67740797996521
dense_008_real,gsm8k,middle,measured_dense_runtime,2683,49,15,real,54.755102040816325,1,266,1.2823194372830053,torch_grouped_active_prebuilt_oracle,0,0.6482239961624146
dense_008_real,gsm8k,middle,measured_dense_runtime,2683,49,15,real,54.755102040816325,1,266,1.2823194372830053,torch_grouped_active_prebuilt_oracle,1,0.6452479958534241
dense_008_real,gsm8k,middle,measured_dense_runtime,2683,49,15,real,54.755102040816325,1,266,1.2823194372830053,torch_grouped_active_prebuilt_oracle,2,0.6464959979057312
dense_008_real,gsm8k,middle,measured_dense_runtime,2683,49,15,real,54.755102040816325,1,266,1.2823194372830053,torch_grouped_active_prebuilt_oracle,3,0.6448000073432922
dense_008_real,gsm8k,middle,measured_dense_runtime,2683,49,15,real,54.755102040816325,1,266,1.2823194372830053,torch_grouped_active_prebuilt_oracle,4,0.6459839940071106
dense_008_real,gsm8k,middle,measured_dense_runtime,2683,49,15,real,54.755102040816325,1,266,1.2823194372830053,torch_grouped_active_prebuilt_oracle,5,0.6536639928817749
dense_008_real,gsm8k,middle,measured_dense_runtime,2683,49,15,real,54.755102040816325,1,266,1.2823194372830053,torch_grouped_active_prebuilt_oracle,6,0.6531519889831543
dense_008_real,gsm8k,middle,measured_dense_runtime,2683,49,15,real,54.755102040816325,1,266,1.2823194372830053,torch_grouped_active_prebuilt_oracle,7,0.6513599753379822
dense_008_real,gsm8k,middle,measured_dense_runtime,2683,49,15,real,54.755102040816325,1,266,1.2823194372830053,torch_grouped_active_prebuilt_oracle,8,0.660319983959198
dense_008_real,gsm8k,middle,measured_dense_runtime,2683,49,15,real,54.755102040816325,1,266,1.2823194372830053,torch_grouped_active_prebuilt_oracle,9,0.6518719792366028
dense_008_real,gsm8k,middle,measured_dense_runtime,2683,49,15,real,54.755102040816325,1,266,1.2823194372830053,torch_grouped_active_prebuilt_oracle,10,0.6493440270423889
dense_008_real,gsm8k,middle,measured_dense_runtime,2683,49,15,real,54.755102040816325,1,266,1.2823194372830053,torch_grouped_active_prebuilt_oracle,11,0.6497600078582764
dense_008_real,gsm8k,middle,measured_dense_runtime,2683,49,15,real,54.755102040816325,1,266,1.2823194372830053,torch_grouped_active_prebuilt_oracle,12,0.6484799981117249
dense_008_real,gsm8k,middle,measured_dense_runtime,2683,49,15,real,54.755102040816325,1,266,1.2823194372830053,torch_grouped_active_prebuilt_oracle,13,0.6501439809799194
dense_008_real,gsm8k,middle,measured_dense_runtime,2683,49,15,real,54.755102040816325,1,266,1.2823194372830053,torch_grouped_active_prebuilt_oracle,14,0.6521599888801575
dense_008_real,gsm8k,middle,measured_dense_runtime,2683,49,15,real,54.755102040816325,1,266,1.2823194372830053,torch_grouped_active_prebuilt_oracle,15,0.6476160287857056
dense_008_real,gsm8k,middle,measured_dense_runtime,2683,49,15,real,54.755102040816325,1,266,1.2823194372830053,torch_grouped_active_prebuilt_oracle,16,0.6448000073432922
dense_008_real,gsm8k,middle,measured_dense_runtime,2683,49,15,real,54.755102040816325,1,266,1.2823194372830053,torch_grouped_active_prebuilt_oracle,17,0.6604160070419312
dense_008_real,gsm8k,middle,measured_dense_runtime,2683,49,15,real,54.755102040816325,1,266,1.2823194372830053,torch_grouped_active_prebuilt_oracle,18,0.6532160043716431
dense_008_real,gsm8k,middle,measured_dense_runtime,2683,49,15,real,54.755102040816325,1,266,1.2823194372830053,torch_grouped_active_prebuilt_oracle,19,0.656063973903656
dense_008_real,gsm8k,middle,measured_dense_runtime,2683,49,15,real,54.755102040816325,1,266,1.2823194372830053,torch_grouped_active_prebuilt_oracle,20,0.646336019039154
dense_008_real,gsm8k,middle,measured_dense_runtime,2683,49,15,real,54.755102040816325,1,266,1.2823194372830053,torch_grouped_active_prebuilt_oracle,21,0.6512320041656494
dense_008_real,gsm8k,middle,measured_dense_runtime,2683,49,15,real,54.755102040816325,1,266,1.2823194372830053,torch_grouped_active_prebuilt_oracle,22,0.6517120003700256
dense_008_real,gsm8k,middle,measured_dense_runtime,2683,49,15,real,54.755102040816325,1,266,1.2823194372830053,torch_grouped_active_prebuilt_oracle,23,0.644320011138916
dense_008_real,gsm8k,middle,measured_dense_runtime,2683,49,15,real,54.755102040816325,1,266,1.2823194372830053,torch_grouped_active_prebuilt_oracle,24,0.6447039842605591
dense_008_real,gsm8k,middle,measured_dense_runtime,2683,49,15,real,54.755102040816325,1,266,1.2823194372830053,torch_grouped_active_prebuilt_oracle,25,0.6453120112419128
dense_008_real,gsm8k,middle,measured_dense_runtime,2683,49,15,real,54.755102040816325,1,266,1.2823194372830053,torch_grouped_active_prebuilt_oracle,26,0.6478080153465271
dense_008_real,gsm8k,middle,measured_dense_runtime,2683,49,15,real,54.755102040816325,1,266,1.2823194372830053,torch_grouped_active_prebuilt_oracle,27,0.6492159962654114
dense_008_real,gsm8k,middle,measured_dense_runtime,2683,49,15,real,54.755102040816325,1,266,1.2823194372830053,torch_grouped_active_prebuilt_oracle,28,0.647711992263794
dense_008_real,gsm8k,middle,measured_dense_runtime,2683,49,15,real,54.755102040816325,1,266,1.2823194372830053,torch_grouped_active_prebuilt_oracle,29,0.6512320041656494
dense_008_real,gsm8k,middle,measured_dense_runtime,2683,49,15,real,54.755102040816325,1,266,1.2823194372830053,torch_grouped_active_prebuilt_oracle,30,0.6472319960594177
dense_008_real,gsm8k,middle,measured_dense_runtime,2683,49,15,real,54.755102040816325,1,266,1.2823194372830053,torch_grouped_active_prebuilt_oracle,31,0.6459839940071106
dense_008_real,gsm8k,middle,measured_dense_runtime,2683,49,15,real,54.755102040816325,1,266,1.2823194372830053,torch_grouped_active_prebuilt_oracle,32,0.6522240042686462
dense_008_real,gsm8k,middle,measured_dense_runtime,2683,49,15,real,54.755102040816325,1,266,1.2823194372830053,torch_grouped_active_prebuilt_oracle,33,0.6463040113449097
dense_008_real,gsm8k,middle,measured_dense_runtime,2683,49,15,real,54.755102040816325,1,266,1.2823194372830053,torch_grouped_active_prebuilt_oracle,34,0.6444479823112488
dense_008_real,gsm8k,middle,measured_dense_runtime,2683,49,15,real,54.755102040816325,1,266,1.2823194372830053,torch_grouped_active_prebuilt_oracle,35,0.649183988571167
dense_008_real,gsm8k,middle,measured_dense_runtime,2683,49,15,real,54.755102040816325,1,266,1.2823194372830053,torch_grouped_active_prebuilt_oracle,36,0.6524800062179565
dense_008_real,gsm8k,middle,measured_dense_runtime,2683,49,15,real,54.755102040816325,1,266,1.2823194372830053,torch_grouped_active_prebuilt_oracle,37,0.6667199730873108
dense_008_real,gsm8k,middle,measured_dense_runtime,2683,49,15,real,54.755102040816325,1,266,1.2823194372830053,torch_grouped_active_prebuilt_oracle,38,0.6462079882621765
dense_008_real,gsm8k,middle,measured_dense_runtime,2683,49,15,real,54.755102040816325,1,266,1.2823194372830053,torch_grouped_active_prebuilt_oracle,39,0.6468160152435303
dense_008_real,gsm8k,middle,measured_dense_runtime,2683,49,15,real,54.755102040816325,1,266,1.2823194372830053,torch_grouped_full64_gpu_cumsum,0,0.6678079962730408
dense_008_real,gsm8k,middle,measured_dense_runtime,2683,49,15,real,54.755102040816325,1,266,1.2823194372830053,torch_grouped_full64_gpu_cumsum,1,0.6595519781112671
dense_008_real,gsm8k,middle,measured_dense_runtime,2683,49,15,real,54.755102040816325,1,266,1.2823194372830053,torch_grouped_full64_gpu_cumsum,2,0.6593599915504456
dense_008_real,gsm8k,middle,measured_dense_runtime,2683,49,15,real,54.755102040816325,1,266,1.2823194372830053,torch_grouped_full64_gpu_cumsum,3,0.6575679779052734
dense_008_real,gsm8k,middle,measured_dense_runtime,2683,49,15,real,54.755102040816325,1,266,1.2823194372830053,torch_grouped_full64_gpu_cumsum,4,0.662335991859436
dense_008_real,gsm8k,middle,measured_dense_runtime,2683,49,15,real,54.755102040816325,1,266,1.2823194372830053,torch_grouped_full64_gpu_cumsum,5,0.6579200029373169
dense_008_real,gsm8k,middle,measured_dense_runtime,2683,49,15,real,54.755102040816325,1,266,1.2823194372830053,torch_grouped_full64_gpu_cumsum,6,0.6606079936027527
dense_008_real,gsm8k,middle,measured_dense_runtime,2683,49,15,real,54.755102040816325,1,266,1.2823194372830053,torch_grouped_full64_gpu_cumsum,7,0.655456006526947
dense_008_real,gsm8k,middle,measured_dense_runtime,2683,49,15,real,54.755102040816325,1,266,1.2823194372830053,torch_grouped_full64_gpu_cumsum,8,0.665503978729248
dense_008_real,gsm8k,middle,measured_dense_runtime,2683,49,15,real,54.755102040816325,1,266,1.2823194372830053,torch_grouped_full64_gpu_cumsum,9,0.6830400228500366
dense_008_real,gsm8k,middle,measured_dense_runtime,2683,49,15,real,54.755102040816325,1,266,1.2823194372830053,torch_grouped_full64_gpu_cumsum,10,0.6763200163841248
dense_008_real,gsm8k,middle,measured_dense_runtime,2683,49,15,real,54.755102040816325,1,266,1.2823194372830053,torch_grouped_full64_gpu_cumsum,11,0.6926400065422058
dense_008_real,gsm8k,middle,measured_dense_runtime,2683,49,15,real,54.755102040816325,1,266,1.2823194372830053,torch_grouped_full64_gpu_cumsum,12,0.6825600266456604
dense_008_real,gsm8k,middle,measured_dense_runtime,2683,49,15,real,54.755102040816325,1,266,1.2823194372830053,torch_grouped_full64_gpu_cumsum,13,0.690496027469635
dense_008_real,gsm8k,middle,measured_dense_runtime,2683,49,15,real,54.755102040816325,1,266,1.2823194372830053,torch_grouped_full64_gpu_cumsum,14,0.6793599724769592
dense_008_real,gsm8k,middle,measured_dense_runtime,2683,49,15,real,54.755102040816325,1,266,1.2823194372830053,torch_grouped_full64_gpu_cumsum,15,0.701088011264801
dense_008_real,gsm8k,middle,measured_dense_runtime,2683,49,15,real,54.755102040816325,1,266,1.2823194372830053,torch_grouped_full64_gpu_cumsum,16,0.666208028793335
dense_008_real,gsm8k,middle,measured_dense_runtime,2683,49,15,real,54.755102040816325,1,266,1.2823194372830053,torch_grouped_full64_gpu_cumsum,17,0.6573759913444519
dense_008_real,gsm8k,middle,measured_dense_runtime,2683,49,15,real,54.755102040816325,1,266,1.2823194372830053,torch_grouped_full64_gpu_cumsum,18,0.6648319959640503
dense_008_real,gsm8k,middle,measured_dense_runtime,2683,49,15,real,54.755102040816325,1,266,1.2823194372830053,torch_grouped_full64_gpu_cumsum,19,0.6667199730873108
dense_008_real,gsm8k,middle,measured_dense_runtime,2683,49,15,real,54.755102040816325,1,266,1.2823194372830053,torch_grouped_full64_gpu_cumsum,20,0.6588159799575806
dense_008_real,gsm8k,middle,measured_dense_runtime,2683,49,15,real,54.755102040816325,1,266,1.2823194372830053,torch_grouped_full64_gpu_cumsum,21,0.6672000288963318
dense_008_real,gsm8k,middle,measured_dense_runtime,2683,49,15,real,54.755102040816325,1,266,1.2823194372830053,torch_grouped_full64_gpu_cumsum,22,0.657535970211029
dense_008_real,gsm8k,middle,measured_dense_runtime,2683,49,15,real,54.755102040816325,1,266,1.2823194372830053,torch_grouped_full64_gpu_cumsum,23,0.6756160259246826
dense_008_real,gsm8k,middle,measured_dense_runtime,2683,49,15,real,54.755102040816325,1,266,1.2823194372830053,torch_grouped_full64_gpu_cumsum,24,0.6716160178184509
dense_008_real,gsm8k,middle,measured_dense_runtime,2683,49,15,real,54.755102040816325,1,266,1.2823194372830053,torch_grouped_full64_gpu_cumsum,25,0.6837120056152344
dense_008_real,gsm8k,middle,measured_dense_runtime,2683,49,15,real,54.755102040816325,1,266,1.2823194372830053,torch_grouped_full64_gpu_cumsum,26,0.658623993396759
dense_008_real,gsm8k,middle,measured_dense_runtime,2683,49,15,real,54.755102040816325,1,266,1.2823194372830053,torch_grouped_full64_gpu_cumsum,27,0.6567999720573425
dense_008_real,gsm8k,middle,measured_dense_runtime,2683,49,15,real,54.755102040816325,1,266,1.2823194372830053,torch_grouped_full64_gpu_cumsum,28,0.6565759778022766
dense_008_real,gsm8k,middle,measured_dense_runtime,2683,49,15,real,54.755102040816325,1,266,1.2823194372830053,torch_grouped_full64_gpu_cumsum,29,0.658847987651825
dense_008_real,gsm8k,middle,measured_dense_runtime,2683,49,15,real,54.755102040816325,1,266,1.2823194372830053,torch_grouped_full64_gpu_cumsum,30,0.6629760265350342
dense_008_real,gsm8k,middle,measured_dense_runtime,2683,49,15,real,54.755102040816325,1,266,1.2823194372830053,torch_grouped_full64_gpu_cumsum,31,0.6546880006790161
dense_008_real,gsm8k,middle,measured_dense_runtime,2683,49,15,real,54.755102040816325,1,266,1.2823194372830053,torch_grouped_full64_gpu_cumsum,32,0.6573119759559631
dense_008_real,gsm8k,middle,measured_dense_runtime,2683,49,15,real,54.755102040816325,1,266,1.2823194372830053,torch_grouped_full64_gpu_cumsum,33,0.6623039841651917
dense_008_real,gsm8k,middle,measured_dense_runtime,2683,49,15,real,54.755102040816325,1,266,1.2823194372830053,torch_grouped_full64_gpu_cumsum,34,0.6542720198631287
dense_008_real,gsm8k,middle,measured_dense_runtime,2683,49,15,real,54.755102040816325,1,266,1.2823194372830053,torch_grouped_full64_gpu_cumsum,35,0.6622080206871033
dense_008_real,gsm8k,middle,measured_dense_runtime,2683,49,15,real,54.755102040816325,1,266,1.2823194372830053,torch_grouped_full64_gpu_cumsum,36,0.6564159989356995
dense_008_real,gsm8k,middle,measured_dense_runtime,2683,49,15,real,54.755102040816325,1,266,1.2823194372830053,torch_grouped_full64_gpu_cumsum,37,0.657535970211029
dense_008_real,gsm8k,middle,measured_dense_runtime,2683,49,15,real,54.755102040816325,1,266,1.2823194372830053,torch_grouped_full64_gpu_cumsum,38,0.6695039868354797
dense_008_real,gsm8k,middle,measured_dense_runtime,2683,49,15,real,54.755102040816325,1,266,1.2823194372830053,torch_grouped_full64_gpu_cumsum,39,0.6789119839668274
dense_008_real,gsm8k,middle,measured_dense_runtime,2683,49,15,real,54.755102040816325,1,266,1.2823194372830053,torch_grouped_full64_prebuilt,0,0.6450560092926025
dense_008_real,gsm8k,middle,measured_dense_runtime,2683,49,15,real,54.755102040816325,1,266,1.2823194372830053,torch_grouped_full64_prebuilt,1,0.6522240042686462
dense_008_real,gsm8k,middle,measured_dense_runtime,2683,49,15,real,54.755102040816325,1,266,1.2823194372830053,torch_grouped_full64_prebuilt,2,0.6481919884681702
dense_008_real,gsm8k,middle,measured_dense_runtime,2683,49,15,real,54.755102040816325,1,266,1.2823194372830053,torch_grouped_full64_prebuilt,3,0.6488639712333679
dense_008_real,gsm8k,middle,measured_dense_runtime,2683,49,15,real,54.755102040816325,1,266,1.2823194372830053,torch_grouped_full64_prebuilt,4,0.6490880250930786
dense_008_real,gsm8k,middle,measured_dense_runtime,2683,49,15,real,54.755102040816325,1,266,1.2823194372830053,torch_grouped_full64_prebuilt,5,0.6456639766693115
dense_008_real,gsm8k,middle,measured_dense_runtime,2683,49,15,real,54.755102040816325,1,266,1.2823194372830053,torch_grouped_full64_prebuilt,6,0.6483200192451477
dense_008_real,gsm8k,middle,measured_dense_runtime,2683,49,15,real,54.755102040816325,1,266,1.2823194372830053,torch_grouped_full64_prebuilt,7,0.643775999546051
dense_008_real,gsm8k,middle,measured_dense_runtime,2683,49,15,real,54.755102040816325,1,266,1.2823194372830053,torch_grouped_full64_prebuilt,8,0.6444799900054932
dense_008_real,gsm8k,middle,measured_dense_runtime,2683,49,15,real,54.755102040816325,1,266,1.2823194372830053,torch_grouped_full64_prebuilt,9,0.650272011756897
dense_008_real,gsm8k,middle,measured_dense_runtime,2683,49,15,real,54.755102040816325,1,266,1.2823194372830053,torch_grouped_full64_prebuilt,10,0.6492800116539001
dense_008_real,gsm8k,middle,measured_dense_runtime,2683,49,15,real,54.755102040816325,1,266,1.2823194372830053,torch_grouped_full64_prebuilt,11,0.6546880006790161
dense_008_real,gsm8k,middle,measured_dense_runtime,2683,49,15,real,54.755102040816325,1,266,1.2823194372830053,torch_grouped_full64_prebuilt,12,0.6488320231437683
dense_008_real,gsm8k,middle,measured_dense_runtime,2683,49,15,real,54.755102040816325,1,266,1.2823194372830053,torch_grouped_full64_prebuilt,13,0.6611520051956177
dense_008_real,gsm8k,middle,measured_dense_runtime,2683,49,15,real,54.755102040816325,1,266,1.2823194372830053,torch_grouped_full64_prebuilt,14,0.6509119868278503
dense_008_real,gsm8k,middle,measured_dense_runtime,2683,49,15,real,54.755102040816325,1,266,1.2823194372830053,torch_grouped_full64_prebuilt,15,0.6770560145378113
dense_008_real,gsm8k,middle,measured_dense_runtime,2683,49,15,real,54.755102040816325,1,266,1.2823194372830053,torch_grouped_full64_prebuilt,16,0.6578879952430725
dense_008_real,gsm8k,middle,measured_dense_runtime,2683,49,15,real,54.755102040816325,1,266,1.2823194372830053,torch_grouped_full64_prebuilt,17,0.6675840020179749
dense_008_real,gsm8k,middle,measured_dense_runtime,2683,49,15,real,54.755102040816325,1,266,1.2823194372830053,torch_grouped_full64_prebuilt,18,0.6498559713363647
dense_008_real,gsm8k,middle,measured_dense_runtime,2683,49,15,real,54.755102040816325,1,266,1.2823194372830053,torch_grouped_full64_prebuilt,19,0.6487680077552795
dense_008_real,gsm8k,middle,measured_dense_runtime,2683,49,15,real,54.755102040816325,1,266,1.2823194372830053,torch_grouped_full64_prebuilt,20,0.6491199731826782
dense_008_real,gsm8k,middle,measured_dense_runtime,2683,49,15,real,54.755102040816325,1,266,1.2823194372830053,torch_grouped_full64_prebuilt,21,0.6487360000610352
dense_008_real,gsm8k,middle,measured_dense_runtime,2683,49,15,real,54.755102040816325,1,266,1.2823194372830053,torch_grouped_full64_prebuilt,22,0.6458560228347778
dense_008_real,gsm8k,middle,measured_dense_runtime,2683,49,15,real,54.755102040816325,1,266,1.2823194372830053,torch_grouped_full64_prebuilt,23,0.6483200192451477
dense_008_real,gsm8k,middle,measured_dense_runtime,2683,49,15,real,54.755102040816325,1,266,1.2823194372830053,torch_grouped_full64_prebuilt,24,0.6481279730796814
dense_008_real,gsm8k,middle,measured_dense_runtime,2683,49,15,real,54.755102040816325,1,266,1.2823194372830053,torch_grouped_full64_prebuilt,25,0.6544319987297058
dense_008_real,gsm8k,middle,measured_dense_runtime,2683,49,15,real,54.755102040816325,1,266,1.2823194372830053,torch_grouped_full64_prebuilt,26,0.6560959815979004
dense_008_real,gsm8k,middle,measured_dense_runtime,2683,49,15,real,54.755102040816325,1,266,1.2823194372830053,torch_grouped_full64_prebuilt,27,0.6600639820098877
dense_008_real,gsm8k,middle,measured_dense_runtime,2683,49,15,real,54.755102040816325,1,266,1.2823194372830053,torch_grouped_full64_prebuilt,28,0.6528639793395996
dense_008_real,gsm8k,middle,measured_dense_runtime,2683,49,15,real,54.755102040816325,1,266,1.2823194372830053,torch_grouped_full64_prebuilt,29,0.6483520269393921
dense_008_real,gsm8k,middle,measured_dense_runtime,2683,49,15,real,54.755102040816325,1,266,1.2823194372830053,torch_grouped_full64_prebuilt,30,0.6463680267333984
dense_008_real,gsm8k,middle,measured_dense_runtime,2683,49,15,real,54.755102040816325,1,266,1.2823194372830053,torch_grouped_full64_prebuilt,31,0.6475200057029724
dense_008_real,gsm8k,middle,measured_dense_runtime,2683,49,15,real,54.755102040816325,1,266,1.2823194372830053,torch_grouped_full64_prebuilt,32,0.6476479768753052
dense_008_real,gsm8k,middle,measured_dense_runtime,2683,49,15,real,54.755102040816325,1,266,1.2823194372830053,torch_grouped_full64_prebuilt,33,0.6489599943161011
dense_008_real,gsm8k,middle,measured_dense_runtime,2683,49,15,real,54.755102040816325,1,266,1.2823194372830053,torch_grouped_full64_prebuilt,34,0.6480000019073486
dense_008_real,gsm8k,middle,measured_dense_runtime,2683,49,15,real,54.755102040816325,1,266,1.2823194372830053,torch_grouped_full64_prebuilt,35,0.6493759751319885
dense_008_real,gsm8k,middle,measured_dense_runtime,2683,49,15,real,54.755102040816325,1,266,1.2823194372830053,torch_grouped_full64_prebuilt,36,0.6461759805679321
dense_008_real,gsm8k,middle,measured_dense_runtime,2683,49,15,real,54.755102040816325,1,266,1.2823194372830053,torch_grouped_full64_prebuilt,37,0.6468480229377747
dense_008_real,gsm8k,middle,measured_dense_runtime,2683,49,15,real,54.755102040816325,1,266,1.2823194372830053,torch_grouped_full64_prebuilt,38,0.6509439945220947
dense_008_real,gsm8k,middle,measured_dense_runtime,2683,49,15,real,54.755102040816325,1,266,1.2823194372830053,torch_grouped_full64_prebuilt,39,0.6435520052909851
dense_008_real,gsm8k,middle,measured_dense_runtime,2683,49,15,real,54.755102040816325,1,266,1.2823194372830053,vllm_fused,0,0.9828159809112549
dense_008_real,gsm8k,middle,measured_dense_runtime,2683,49,15,real,54.755102040816325,1,266,1.2823194372830053,vllm_fused,1,0.9194239974021912
dense_008_real,gsm8k,middle,measured_dense_runtime,2683,49,15,real,54.755102040816325,1,266,1.2823194372830053,vllm_fused,2,0.9106240272521973
dense_008_real,gsm8k,middle,measured_dense_runtime,2683,49,15,real,54.755102040816325,1,266,1.2823194372830053,vllm_fused,3,0.9785599708557129
dense_008_real,gsm8k,middle,measured_dense_runtime,2683,49,15,real,54.755102040816325,1,266,1.2823194372830053,vllm_fused,4,1.0063040256500244
dense_008_real,gsm8k,middle,measured_dense_runtime,2683,49,15,real,54.755102040816325,1,266,1.2823194372830053,vllm_fused,5,1.0565439462661743
dense_008_real,gsm8k,middle,measured_dense_runtime,2683,49,15,real,54.755102040816325,1,266,1.2823194372830053,vllm_fused,6,1.064255952835083
dense_008_real,gsm8k,middle,measured_dense_runtime,2683,49,15,real,54.755102040816325,1,266,1.2823194372830053,vllm_fused,7,0.9550079703330994
dense_008_real,gsm8k,middle,measured_dense_runtime,2683,49,15,real,54.755102040816325,1,266,1.2823194372830053,vllm_fused,8,0.905888020992279
dense_008_real,gsm8k,middle,measured_dense_runtime,2683,49,15,real,54.755102040816325,1,266,1.2823194372830053,vllm_fused,9,0.901856005191803
dense_008_real,gsm8k,middle,measured_dense_runtime,2683,49,15,real,54.755102040816325,1,266,1.2823194372830053,vllm_fused,10,0.9205120205879211
dense_008_real,gsm8k,middle,measured_dense_runtime,2683,49,15,real,54.755102040816325,1,266,1.2823194372830053,vllm_fused,11,0.9162240028381348
dense_008_real,gsm8k,middle,measured_dense_runtime,2683,49,15,real,54.755102040816325,1,266,1.2823194372830053,vllm_fused,12,0.8987200260162354
dense_008_real,gsm8k,middle,measured_dense_runtime,2683,49,15,real,54.755102040816325,1,266,1.2823194372830053,vllm_fused,13,0.9015679955482483
dense_008_real,gsm8k,middle,measured_dense_runtime,2683,49,15,real,54.755102040816325,1,266,1.2823194372830053,vllm_fused,14,0.9034559726715088
dense_008_real,gsm8k,middle,measured_dense_runtime,2683,49,15,real,54.755102040816325,1,266,1.2823194372830053,vllm_fused,15,0.898464024066925
dense_008_real,gsm8k,middle,measured_dense_runtime,2683,49,15,real,54.755102040816325,1,266,1.2823194372830053,vllm_fused,16,0.8964800238609314
dense_008_real,gsm8k,middle,measured_dense_runtime,2683,49,15,real,54.755102040816325,1,266,1.2823194372830053,vllm_fused,17,0.8935679793357849
dense_008_real,gsm8k,middle,measured_dense_runtime,2683,49,15,real,54.755102040816325,1,266,1.2823194372830053,vllm_fused,18,0.8910719752311707
dense_008_real,gsm8k,middle,measured_dense_runtime,2683,49,15,real,54.755102040816325,1,266,1.2823194372830053,vllm_fused,19,0.9080320000648499
dense_008_real,gsm8k,middle,measured_dense_runtime,2683,49,15,real,54.755102040816325,1,266,1.2823194372830053,vllm_fused,20,1.0254720449447632
dense_008_real,gsm8k,middle,measured_dense_runtime,2683,49,15,real,54.755102040816325,1,266,1.2823194372830053,vllm_fused,21,1.0584319829940796
dense_008_real,gsm8k,middle,measured_dense_runtime,2683,49,15,real,54.755102040816325,1,266,1.2823194372830053,vllm_fused,22,0.9402880072593689
dense_008_real,gsm8k,middle,measured_dense_runtime,2683,49,15,real,54.755102040816325,1,266,1.2823194372830053,vllm_fused,23,0.9088640213012695
dense_008_real,gsm8k,middle,measured_dense_runtime,2683,49,15,real,54.755102040816325,1,266,1.2823194372830053,vllm_fused,24,0.9099839925765991
dense_008_real,gsm8k,middle,measured_dense_runtime,2683,49,15,real,54.755102040816325,1,266,1.2823194372830053,vllm_fused,25,0.9023039937019348
dense_008_real,gsm8k,middle,measured_dense_runtime,2683,49,15,real,54.755102040816325,1,266,1.2823194372830053,vllm_fused,26,0.9023680090904236
dense_008_real,gsm8k,middle,measured_dense_runtime,2683,49,15,real,54.755102040816325,1,266,1.2823194372830053,vllm_fused,27,0.9182080030441284
dense_008_real,gsm8k,middle,measured_dense_runtime,2683,49,15,real,54.755102040816325,1,266,1.2823194372830053,vllm_fused,28,0.9094079732894897
dense_008_real,gsm8k,middle,measured_dense_runtime,2683,49,15,real,54.755102040816325,1,266,1.2823194372830053,vllm_fused,29,0.9015679955482483
dense_008_real,gsm8k,middle,measured_dense_runtime,2683,49,15,real,54.755102040816325,1,266,1.2823194372830053,vllm_fused,30,0.9089599847793579
dense_008_real,gsm8k,middle,measured_dense_runtime,2683,49,15,real,54.755102040816325,1,266,1.2823194372830053,vllm_fused,31,0.8944960236549377
dense_008_real,gsm8k,middle,measured_dense_runtime,2683,49,15,real,54.755102040816325,1,266,1.2823194372830053,vllm_fused,32,0.8978880047798157
dense_008_real,gsm8k,middle,measured_dense_runtime,2683,49,15,real,54.755102040816325,1,266,1.2823194372830053,vllm_fused,33,0.9146239757537842
dense_008_real,gsm8k,middle,measured_dense_runtime,2683,49,15,real,54.755102040816325,1,266,1.2823194372830053,vllm_fused,34,0.9013440012931824
dense_008_real,gsm8k,middle,measured_dense_runtime,2683,49,15,real,54.755102040816325,1,266,1.2823194372830053,vllm_fused,35,0.8999040126800537
dense_008_real,gsm8k,middle,measured_dense_runtime,2683,49,15,real,54.755102040816325,1,266,1.2823194372830053,vllm_fused,36,0.9691839814186096
dense_008_real,gsm8k,middle,measured_dense_runtime,2683,49,15,real,54.755102040816325,1,266,1.2823194372830053,vllm_fused,37,0.9886400103569031
dense_008_real,gsm8k,middle,measured_dense_runtime,2683,49,15,real,54.755102040816325,1,266,1.2823194372830053,vllm_fused,38,1.0710079669952393
dense_008_real,gsm8k,middle,measured_dense_runtime,2683,49,15,real,54.755102040816325,1,266,1.2823194372830053,vllm_fused,39,1.0388480424880981
dense_009_real,humaneval,early,measured_dense_runtime,1237,47,17,real,26.319148936170212,1,404,2.8609917253951522,torch_grouped_full64_gpu_cumsum,0,0.6209279894828796
dense_009_real,humaneval,early,measured_dense_runtime,1237,47,17,real,26.319148936170212,1,404,2.8609917253951522,torch_grouped_full64_gpu_cumsum,1,0.6000319719314575
dense_009_real,humaneval,early,measured_dense_runtime,1237,47,17,real,26.319148936170212,1,404,2.8609917253951522,torch_grouped_full64_gpu_cumsum,2,0.5920320153236389
dense_009_real,humaneval,early,measured_dense_runtime,1237,47,17,real,26.319148936170212,1,404,2.8609917253951522,torch_grouped_full64_gpu_cumsum,3,0.5947200059890747
dense_009_real,humaneval,early,measured_dense_runtime,1237,47,17,real,26.319148936170212,1,404,2.8609917253951522,torch_grouped_full64_gpu_cumsum,4,0.5932160019874573
dense_009_real,humaneval,early,measured_dense_runtime,1237,47,17,real,26.319148936170212,1,404,2.8609917253951522,torch_grouped_full64_gpu_cumsum,5,0.5871040225028992
dense_009_real,humaneval,early,measured_dense_runtime,1237,47,17,real,26.319148936170212,1,404,2.8609917253951522,torch_grouped_full64_gpu_cumsum,6,0.5867519974708557
dense_009_real,humaneval,early,measured_dense_runtime,1237,47,17,real,26.319148936170212,1,404,2.8609917253951522,torch_grouped_full64_gpu_cumsum,7,0.5891519784927368
dense_009_real,humaneval,early,measured_dense_runtime,1237,47,17,real,26.319148936170212,1,404,2.8609917253951522,torch_grouped_full64_gpu_cumsum,8,0.5867519974708557
dense_009_real,humaneval,early,measured_dense_runtime,1237,47,17,real,26.319148936170212,1,404,2.8609917253951522,torch_grouped_full64_gpu_cumsum,9,0.58924800157547
dense_009_real,humaneval,early,measured_dense_runtime,1237,47,17,real,26.319148936170212,1,404,2.8609917253951522,torch_grouped_full64_gpu_cumsum,10,0.5897600054740906
dense_009_real,humaneval,early,measured_dense_runtime,1237,47,17,real,26.319148936170212,1,404,2.8609917253951522,torch_grouped_full64_gpu_cumsum,11,0.5849599838256836
dense_009_real,humaneval,early,measured_dense_runtime,1237,47,17,real,26.319148936170212,1,404,2.8609917253951522,torch_grouped_full64_gpu_cumsum,12,0.5883520245552063
dense_009_real,humaneval,early,measured_dense_runtime,1237,47,17,real,26.319148936170212,1,404,2.8609917253951522,torch_grouped_full64_gpu_cumsum,13,0.5896959900856018
dense_009_real,humaneval,early,measured_dense_runtime,1237,47,17,real,26.319148936170212,1,404,2.8609917253951522,torch_grouped_full64_gpu_cumsum,14,0.6072319746017456
dense_009_real,humaneval,early,measured_dense_runtime,1237,47,17,real,26.319148936170212,1,404,2.8609917253951522,torch_grouped_full64_gpu_cumsum,15,0.6004480123519897
dense_009_real,humaneval,early,measured_dense_runtime,1237,47,17,real,26.319148936170212,1,404,2.8609917253951522,torch_grouped_full64_gpu_cumsum,16,0.6207680106163025
dense_009_real,humaneval,early,measured_dense_runtime,1237,47,17,real,26.319148936170212,1,404,2.8609917253951522,torch_grouped_full64_gpu_cumsum,17,0.5972800254821777
dense_009_real,humaneval,early,measured_dense_runtime,1237,47,17,real,26.319148936170212,1,404,2.8609917253951522,torch_grouped_full64_gpu_cumsum,18,0.5926719903945923
dense_009_real,humaneval,early,measured_dense_runtime,1237,47,17,real,26.319148936170212,1,404,2.8609917253951522,torch_grouped_full64_gpu_cumsum,19,0.593504011631012
dense_009_real,humaneval,early,measured_dense_runtime,1237,47,17,real,26.319148936170212,1,404,2.8609917253951522,torch_grouped_full64_gpu_cumsum,20,0.5856639742851257
dense_009_real,humaneval,early,measured_dense_runtime,1237,47,17,real,26.319148936170212,1,404,2.8609917253951522,torch_grouped_full64_gpu_cumsum,21,0.5837439894676208
dense_009_real,humaneval,early,measured_dense_runtime,1237,47,17,real,26.319148936170212,1,404,2.8609917253951522,torch_grouped_full64_gpu_cumsum,22,0.5904639959335327
dense_009_real,humaneval,early,measured_dense_runtime,1237,47,17,real,26.319148936170212,1,404,2.8609917253951522,torch_grouped_full64_gpu_cumsum,23,0.5837119817733765
dense_009_real,humaneval,early,measured_dense_runtime,1237,47,17,real,26.319148936170212,1,404,2.8609917253951522,torch_grouped_full64_gpu_cumsum,24,0.5864959955215454
dense_009_real,humaneval,early,measured_dense_runtime,1237,47,17,real,26.319148936170212,1,404,2.8609917253951522,torch_grouped_full64_gpu_cumsum,25,0.5843520164489746
dense_009_real,humaneval,early,measured_dense_runtime,1237,47,17,real,26.319148936170212,1,404,2.8609917253951522,torch_grouped_full64_gpu_cumsum,26,0.6027200222015381
dense_009_real,humaneval,early,measured_dense_runtime,1237,47,17,real,26.319148936170212,1,404,2.8609917253951522,torch_grouped_full64_gpu_cumsum,27,0.6087679862976074
dense_009_real,humaneval,early,measured_dense_runtime,1237,47,17,real,26.319148936170212,1,404,2.8609917253951522,torch_grouped_full64_gpu_cumsum,28,0.6045119762420654
dense_009_real,humaneval,early,measured_dense_runtime,1237,47,17,real,26.319148936170212,1,404,2.8609917253951522,torch_grouped_full64_gpu_cumsum,29,0.5846080183982849
dense_009_real,humaneval,early,measured_dense_runtime,1237,47,17,real,26.319148936170212,1,404,2.8609917253951522,torch_grouped_full64_gpu_cumsum,30,0.5883839726448059
dense_009_real,humaneval,early,measured_dense_runtime,1237,47,17,real,26.319148936170212,1,404,2.8609917253951522,torch_grouped_full64_gpu_cumsum,31,0.593280017375946
dense_009_real,humaneval,early,measured_dense_runtime,1237,47,17,real,26.319148936170212,1,404,2.8609917253951522,torch_grouped_full64_gpu_cumsum,32,0.5847679972648621
dense_009_real,humaneval,early,measured_dense_runtime,1237,47,17,real,26.319148936170212,1,404,2.8609917253951522,torch_grouped_full64_gpu_cumsum,33,0.5828800201416016
dense_009_real,humaneval,early,measured_dense_runtime,1237,47,17,real,26.319148936170212,1,404,2.8609917253951522,torch_grouped_full64_gpu_cumsum,34,0.5873919725418091
dense_009_real,humaneval,early,measured_dense_runtime,1237,47,17,real,26.319148936170212,1,404,2.8609917253951522,torch_grouped_full64_gpu_cumsum,35,0.5888320207595825
dense_009_real,humaneval,early,measured_dense_runtime,1237,47,17,real,26.319148936170212,1,404,2.8609917253951522,torch_grouped_full64_gpu_cumsum,36,0.5874239802360535
dense_009_real,humaneval,early,measured_dense_runtime,1237,47,17,real,26.319148936170212,1,404,2.8609917253951522,torch_grouped_full64_gpu_cumsum,37,0.5866879820823669
dense_009_real,humaneval,early,measured_dense_runtime,1237,47,17,real,26.319148936170212,1,404,2.8609917253951522,torch_grouped_full64_gpu_cumsum,38,0.5861120223999023
dense_009_real,humaneval,early,measured_dense_runtime,1237,47,17,real,26.319148936170212,1,404,2.8609917253951522,torch_grouped_full64_gpu_cumsum,39,0.5911999940872192
dense_009_real,humaneval,early,measured_dense_runtime,1237,47,17,real,26.319148936170212,1,404,2.8609917253951522,torch_grouped_full64_prebuilt,0,0.5776960253715515
dense_009_real,humaneval,early,measured_dense_runtime,1237,47,17,real,26.319148936170212,1,404,2.8609917253951522,torch_grouped_full64_prebuilt,1,0.5770879983901978
dense_009_real,humaneval,early,measured_dense_runtime,1237,47,17,real,26.319148936170212,1,404,2.8609917253951522,torch_grouped_full64_prebuilt,2,0.5845760107040405
dense_009_real,humaneval,early,measured_dense_runtime,1237,47,17,real,26.319148936170212,1,404,2.8609917253951522,torch_grouped_full64_prebuilt,3,0.5823360085487366
dense_009_real,humaneval,early,measured_dense_runtime,1237,47,17,real,26.319148936170212,1,404,2.8609917253951522,torch_grouped_full64_prebuilt,4,0.5907840132713318
dense_009_real,humaneval,early,measured_dense_runtime,1237,47,17,real,26.319148936170212,1,404,2.8609917253951522,torch_grouped_full64_prebuilt,5,0.5892159938812256
dense_009_real,humaneval,early,measured_dense_runtime,1237,47,17,real,26.319148936170212,1,404,2.8609917253951522,torch_grouped_full64_prebuilt,6,0.589792013168335
dense_009_real,humaneval,early,measured_dense_runtime,1237,47,17,real,26.319148936170212,1,404,2.8609917253951522,torch_grouped_full64_prebuilt,7,0.5821120142936707
dense_009_real,humaneval,early,measured_dense_runtime,1237,47,17,real,26.319148936170212,1,404,2.8609917253951522,torch_grouped_full64_prebuilt,8,0.5745919942855835
dense_009_real,humaneval,early,measured_dense_runtime,1237,47,17,real,26.319148936170212,1,404,2.8609917253951522,torch_grouped_full64_prebuilt,9,0.572160005569458
dense_009_real,humaneval,early,measured_dense_runtime,1237,47,17,real,26.319148936170212,1,404,2.8609917253951522,torch_grouped_full64_prebuilt,10,0.5831360220909119
dense_009_real,humaneval,early,measured_dense_runtime,1237,47,17,real,26.319148936170212,1,404,2.8609917253951522,torch_grouped_full64_prebuilt,11,0.5744959712028503
dense_009_real,humaneval,early,measured_dense_runtime,1237,47,17,real,26.319148936170212,1,404,2.8609917253951522,torch_grouped_full64_prebuilt,12,0.5748479962348938
dense_009_real,humaneval,early,measured_dense_runtime,1237,47,17,real,26.319148936170212,1,404,2.8609917253951522,torch_grouped_full64_prebuilt,13,0.5755199790000916
dense_009_real,humaneval,early,measured_dense_runtime,1237,47,17,real,26.319148936170212,1,404,2.8609917253951522,torch_grouped_full64_prebuilt,14,0.5742400288581848
dense_009_real,humaneval,early,measured_dense_runtime,1237,47,17,real,26.319148936170212,1,404,2.8609917253951522,torch_grouped_full64_prebuilt,15,0.5767359733581543
dense_009_real,humaneval,early,measured_dense_runtime,1237,47,17,real,26.319148936170212,1,404,2.8609917253951522,torch_grouped_full64_prebuilt,16,0.5887680053710938
dense_009_real,humaneval,early,measured_dense_runtime,1237,47,17,real,26.319148936170212,1,404,2.8609917253951522,torch_grouped_full64_prebuilt,17,0.5810880064964294
dense_009_real,humaneval,early,measured_dense_runtime,1237,47,17,real,26.319148936170212,1,404,2.8609917253951522,torch_grouped_full64_prebuilt,18,0.5885760188102722
dense_009_real,humaneval,early,measured_dense_runtime,1237,47,17,real,26.319148936170212,1,404,2.8609917253951522,torch_grouped_full64_prebuilt,19,0.5757759809494019
dense_009_real,humaneval,early,measured_dense_runtime,1237,47,17,real,26.319148936170212,1,404,2.8609917253951522,torch_grouped_full64_prebuilt,20,0.5733439922332764
dense_009_real,humaneval,early,measured_dense_runtime,1237,47,17,real,26.319148936170212,1,404,2.8609917253951522,torch_grouped_full64_prebuilt,21,0.5761600136756897
dense_009_real,humaneval,early,measured_dense_runtime,1237,47,17,real,26.319148936170212,1,404,2.8609917253951522,torch_grouped_full64_prebuilt,22,0.5743359923362732
dense_009_real,humaneval,early,measured_dense_runtime,1237,47,17,real,26.319148936170212,1,404,2.8609917253951522,torch_grouped_full64_prebuilt,23,0.5773440003395081
dense_009_real,humaneval,early,measured_dense_runtime,1237,47,17,real,26.319148936170212,1,404,2.8609917253951522,torch_grouped_full64_prebuilt,24,0.576960027217865
dense_009_real,humaneval,early,measured_dense_runtime,1237,47,17,real,26.319148936170212,1,404,2.8609917253951522,torch_grouped_full64_prebuilt,25,0.5750399827957153
dense_009_real,humaneval,early,measured_dense_runtime,1237,47,17,real,26.319148936170212,1,404,2.8609917253951522,torch_grouped_full64_prebuilt,26,0.5762879848480225
dense_009_real,humaneval,early,measured_dense_runtime,1237,47,17,real,26.319148936170212,1,404,2.8609917253951522,torch_grouped_full64_prebuilt,27,0.5718719959259033
dense_009_real,humaneval,early,measured_dense_runtime,1237,47,17,real,26.319148936170212,1,404,2.8609917253951522,torch_grouped_full64_prebuilt,28,0.5756800174713135
dense_009_real,humaneval,early,measured_dense_runtime,1237,47,17,real,26.319148936170212,1,404,2.8609917253951522,torch_grouped_full64_prebuilt,29,0.5734080076217651
dense_009_real,humaneval,early,measured_dense_runtime,1237,47,17,real,26.319148936170212,1,404,2.8609917253951522,torch_grouped_full64_prebuilt,30,0.5734400153160095
dense_009_real,humaneval,early,measured_dense_runtime,1237,47,17,real,26.319148936170212,1,404,2.8609917253951522,torch_grouped_full64_prebuilt,31,0.5768960118293762
dense_009_real,humaneval,early,measured_dense_runtime,1237,47,17,real,26.319148936170212,1,404,2.8609917253951522,torch_grouped_full64_prebuilt,32,0.5788480043411255
dense_009_real,humaneval,early,measured_dense_runtime,1237,47,17,real,26.319148936170212,1,404,2.8609917253951522,torch_grouped_full64_prebuilt,33,0.586463987827301
dense_009_real,humaneval,early,measured_dense_runtime,1237,47,17,real,26.319148936170212,1,404,2.8609917253951522,torch_grouped_full64_prebuilt,34,0.5838080048561096
dense_009_real,humaneval,early,measured_dense_runtime,1237,47,17,real,26.319148936170212,1,404,2.8609917253951522,torch_grouped_full64_prebuilt,35,0.5931839942932129
dense_009_real,humaneval,early,measured_dense_runtime,1237,47,17,real,26.319148936170212,1,404,2.8609917253951522,torch_grouped_full64_prebuilt,36,0.5897600054740906
dense_009_real,humaneval,early,measured_dense_runtime,1237,47,17,real,26.319148936170212,1,404,2.8609917253951522,torch_grouped_full64_prebuilt,37,0.582207977771759
dense_009_real,humaneval,early,measured_dense_runtime,1237,47,17,real,26.319148936170212,1,404,2.8609917253951522,torch_grouped_full64_prebuilt,38,0.5917760133743286
dense_009_real,humaneval,early,measured_dense_runtime,1237,47,17,real,26.319148936170212,1,404,2.8609917253951522,torch_grouped_full64_prebuilt,39,0.5871359705924988
dense_009_real,humaneval,early,measured_dense_runtime,1237,47,17,real,26.319148936170212,1,404,2.8609917253951522,torch_grouped_active_prebuilt_oracle,0,0.5729600191116333
dense_009_real,humaneval,early,measured_dense_runtime,1237,47,17,real,26.319148936170212,1,404,2.8609917253951522,torch_grouped_active_prebuilt_oracle,1,0.5712640285491943
dense_009_real,humaneval,early,measured_dense_runtime,1237,47,17,real,26.319148936170212,1,404,2.8609917253951522,torch_grouped_active_prebuilt_oracle,2,0.5720639824867249
dense_009_real,humaneval,early,measured_dense_runtime,1237,47,17,real,26.319148936170212,1,404,2.8609917253951522,torch_grouped_active_prebuilt_oracle,3,0.5765439867973328
dense_009_real,humaneval,early,measured_dense_runtime,1237,47,17,real,26.319148936170212,1,404,2.8609917253951522,torch_grouped_active_prebuilt_oracle,4,0.5728639960289001
dense_009_real,humaneval,early,measured_dense_runtime,1237,47,17,real,26.319148936170212,1,404,2.8609917253951522,torch_grouped_active_prebuilt_oracle,5,0.5739520192146301
dense_009_real,humaneval,early,measured_dense_runtime,1237,47,17,real,26.319148936170212,1,404,2.8609917253951522,torch_grouped_active_prebuilt_oracle,6,0.5760959982872009
dense_009_real,humaneval,early,measured_dense_runtime,1237,47,17,real,26.319148936170212,1,404,2.8609917253951522,torch_grouped_active_prebuilt_oracle,7,0.5713279843330383
dense_009_real,humaneval,early,measured_dense_runtime,1237,47,17,real,26.319148936170212,1,404,2.8609917253951522,torch_grouped_active_prebuilt_oracle,8,0.5791360139846802
dense_009_real,humaneval,early,measured_dense_runtime,1237,47,17,real,26.319148936170212,1,404,2.8609917253951522,torch_grouped_active_prebuilt_oracle,9,0.5811520218849182
dense_009_real,humaneval,early,measured_dense_runtime,1237,47,17,real,26.319148936170212,1,404,2.8609917253951522,torch_grouped_active_prebuilt_oracle,10,0.5836799740791321
dense_009_real,humaneval,early,measured_dense_runtime,1237,47,17,real,26.319148936170212,1,404,2.8609917253951522,torch_grouped_active_prebuilt_oracle,11,0.5779520273208618
dense_009_real,humaneval,early,measured_dense_runtime,1237,47,17,real,26.319148936170212,1,404,2.8609917253951522,torch_grouped_active_prebuilt_oracle,12,0.5852479934692383
dense_009_real,humaneval,early,measured_dense_runtime,1237,47,17,real,26.319148936170212,1,404,2.8609917253951522,torch_grouped_active_prebuilt_oracle,13,0.5807679891586304
dense_009_real,humaneval,early,measured_dense_runtime,1237,47,17,real,26.319148936170212,1,404,2.8609917253951522,torch_grouped_active_prebuilt_oracle,14,0.5723199844360352
dense_009_real,humaneval,early,measured_dense_runtime,1237,47,17,real,26.319148936170212,1,404,2.8609917253951522,torch_grouped_active_prebuilt_oracle,15,0.5731840133666992
dense_009_real,humaneval,early,measured_dense_runtime,1237,47,17,real,26.319148936170212,1,404,2.8609917253951522,torch_grouped_active_prebuilt_oracle,16,0.5737280249595642
dense_009_real,humaneval,early,measured_dense_runtime,1237,47,17,real,26.319148936170212,1,404,2.8609917253951522,torch_grouped_active_prebuilt_oracle,17,0.5724480152130127
dense_009_real,humaneval,early,measured_dense_runtime,1237,47,17,real,26.319148936170212,1,404,2.8609917253951522,torch_grouped_active_prebuilt_oracle,18,0.5699520111083984
dense_009_real,humaneval,early,measured_dense_runtime,1237,47,17,real,26.319148936170212,1,404,2.8609917253951522,torch_grouped_active_prebuilt_oracle,19,0.5750719904899597
dense_009_real,humaneval,early,measured_dense_runtime,1237,47,17,real,26.319148936170212,1,404,2.8609917253951522,torch_grouped_active_prebuilt_oracle,20,0.572704017162323
dense_009_real,humaneval,early,measured_dense_runtime,1237,47,17,real,26.319148936170212,1,404,2.8609917253951522,torch_grouped_active_prebuilt_oracle,21,0.5700479745864868
dense_009_real,humaneval,early,measured_dense_runtime,1237,47,17,real,26.319148936170212,1,404,2.8609917253951522,torch_grouped_active_prebuilt_oracle,22,0.5720319747924805
dense_009_real,humaneval,early,measured_dense_runtime,1237,47,17,real,26.319148936170212,1,404,2.8609917253951522,torch_grouped_active_prebuilt_oracle,23,0.58815997838974
dense_009_real,humaneval,early,measured_dense_runtime,1237,47,17,real,26.319148936170212,1,404,2.8609917253951522,torch_grouped_active_prebuilt_oracle,24,0.5794879794120789
dense_009_real,humaneval,early,measured_dense_runtime,1237,47,17,real,26.319148936170212,1,404,2.8609917253951522,torch_grouped_active_prebuilt_oracle,25,0.5902720093727112
dense_009_real,humaneval,early,measured_dense_runtime,1237,47,17,real,26.319148936170212,1,404,2.8609917253951522,torch_grouped_active_prebuilt_oracle,26,0.579039990901947
dense_009_real,humaneval,early,measured_dense_runtime,1237,47,17,real,26.319148936170212,1,404,2.8609917253951522,torch_grouped_active_prebuilt_oracle,27,0.5708479881286621
dense_009_real,humaneval,early,measured_dense_runtime,1237,47,17,real,26.319148936170212,1,404,2.8609917253951522,torch_grouped_active_prebuilt_oracle,28,0.5746240019798279
dense_009_real,humaneval,early,measured_dense_runtime,1237,47,17,real,26.319148936170212,1,404,2.8609917253951522,torch_grouped_active_prebuilt_oracle,29,0.5780799984931946
dense_009_real,humaneval,early,measured_dense_runtime,1237,47,17,real,26.319148936170212,1,404,2.8609917253951522,torch_grouped_active_prebuilt_oracle,30,0.5741119980812073
dense_009_real,humaneval,early,measured_dense_runtime,1237,47,17,real,26.319148936170212,1,404,2.8609917253951522,torch_grouped_active_prebuilt_oracle,31,0.5754560232162476
dense_009_real,humaneval,early,measured_dense_runtime,1237,47,17,real,26.319148936170212,1,404,2.8609917253951522,torch_grouped_active_prebuilt_oracle,32,0.5726400017738342
dense_009_real,humaneval,early,measured_dense_runtime,1237,47,17,real,26.319148936170212,1,404,2.8609917253951522,torch_grouped_active_prebuilt_oracle,33,0.5788480043411255
dense_009_real,humaneval,early,measured_dense_runtime,1237,47,17,real,26.319148936170212,1,404,2.8609917253951522,torch_grouped_active_prebuilt_oracle,34,0.5728319883346558
dense_009_real,humaneval,early,measured_dense_runtime,1237,47,17,real,26.319148936170212,1,404,2.8609917253951522,torch_grouped_active_prebuilt_oracle,35,0.574176013469696
dense_009_real,humaneval,early,measured_dense_runtime,1237,47,17,real,26.319148936170212,1,404,2.8609917253951522,torch_grouped_active_prebuilt_oracle,36,0.5693439841270447
dense_009_real,humaneval,early,measured_dense_runtime,1237,47,17,real,26.319148936170212,1,404,2.8609917253951522,torch_grouped_active_prebuilt_oracle,37,0.572767972946167
dense_009_real,humaneval,early,measured_dense_runtime,1237,47,17,real,26.319148936170212,1,404,2.8609917253951522,torch_grouped_active_prebuilt_oracle,38,0.5729920268058777
dense_009_real,humaneval,early,measured_dense_runtime,1237,47,17,real,26.319148936170212,1,404,2.8609917253951522,torch_grouped_active_prebuilt_oracle,39,0.5788159966468811
dense_009_real,humaneval,early,measured_dense_runtime,1237,47,17,real,26.319148936170212,1,404,2.8609917253951522,vllm_fused,0,0.9414399862289429
dense_009_real,humaneval,early,measured_dense_runtime,1237,47,17,real,26.319148936170212,1,404,2.8609917253951522,vllm_fused,1,0.9063360095024109
dense_009_real,humaneval,early,measured_dense_runtime,1237,47,17,real,26.319148936170212,1,404,2.8609917253951522,vllm_fused,2,0.8024960160255432
dense_009_real,humaneval,early,measured_dense_runtime,1237,47,17,real,26.319148936170212,1,404,2.8609917253951522,vllm_fused,3,0.7732160091400146
dense_009_real,humaneval,early,measured_dense_runtime,1237,47,17,real,26.319148936170212,1,404,2.8609917253951522,vllm_fused,4,0.7582719922065735
dense_009_real,humaneval,early,measured_dense_runtime,1237,47,17,real,26.319148936170212,1,404,2.8609917253951522,vllm_fused,5,0.7699519991874695
dense_009_real,humaneval,early,measured_dense_runtime,1237,47,17,real,26.319148936170212,1,404,2.8609917253951522,vllm_fused,6,0.7579839825630188
dense_009_real,humaneval,early,measured_dense_runtime,1237,47,17,real,26.319148936170212,1,404,2.8609917253951522,vllm_fused,7,0.7573440074920654
dense_009_real,humaneval,early,measured_dense_runtime,1237,47,17,real,26.319148936170212,1,404,2.8609917253951522,vllm_fused,8,0.7655360102653503
dense_009_real,humaneval,early,measured_dense_runtime,1237,47,17,real,26.319148936170212,1,404,2.8609917253951522,vllm_fused,9,0.9293439984321594
dense_009_real,humaneval,early,measured_dense_runtime,1237,47,17,real,26.319148936170212,1,404,2.8609917253951522,vllm_fused,10,0.9185280203819275
dense_009_real,humaneval,early,measured_dense_runtime,1237,47,17,real,26.319148936170212,1,404,2.8609917253951522,vllm_fused,11,0.7954879999160767
dense_009_real,humaneval,early,measured_dense_runtime,1237,47,17,real,26.319148936170212,1,404,2.8609917253951522,vllm_fused,12,0.822048008441925
dense_009_real,humaneval,early,measured_dense_runtime,1237,47,17,real,26.319148936170212,1,404,2.8609917253951522,vllm_fused,13,0.7714239954948425
dense_009_real,humaneval,early,measured_dense_runtime,1237,47,17,real,26.319148936170212,1,404,2.8609917253951522,vllm_fused,14,0.7521920204162598
dense_009_real,humaneval,early,measured_dense_runtime,1237,47,17,real,26.319148936170212,1,404,2.8609917253951522,vllm_fused,15,0.7492480278015137
dense_009_real,humaneval,early,measured_dense_runtime,1237,47,17,real,26.319148936170212,1,404,2.8609917253951522,vllm_fused,16,0.7577919960021973
dense_009_real,humaneval,early,measured_dense_runtime,1237,47,17,real,26.319148936170212,1,404,2.8609917253951522,vllm_fused,17,0.7552000284194946
dense_009_real,humaneval,early,measured_dense_runtime,1237,47,17,real,26.319148936170212,1,404,2.8609917253951522,vllm_fused,18,0.7546560168266296
dense_009_real,humaneval,early,measured_dense_runtime,1237,47,17,real,26.319148936170212,1,404,2.8609917253951522,vllm_fused,19,0.7668480277061462
dense_009_real,humaneval,early,measured_dense_runtime,1237,47,17,real,26.319148936170212,1,404,2.8609917253951522,vllm_fused,20,0.746944010257721
dense_009_real,humaneval,early,measured_dense_runtime,1237,47,17,real,26.319148936170212,1,404,2.8609917253951522,vllm_fused,21,0.7544959783554077
dense_009_real,humaneval,early,measured_dense_runtime,1237,47,17,real,26.319148936170212,1,404,2.8609917253951522,vllm_fused,22,0.7541120052337646
dense_009_real,humaneval,early,measured_dense_runtime,1237,47,17,real,26.319148936170212,1,404,2.8609917253951522,vllm_fused,23,0.7540479898452759
dense_009_real,humaneval,early,measured_dense_runtime,1237,47,17,real,26.319148936170212,1,404,2.8609917253951522,vllm_fused,24,0.7497599720954895
dense_009_real,humaneval,early,measured_dense_runtime,1237,47,17,real,26.319148936170212,1,404,2.8609917253951522,vllm_fused,25,0.7546560168266296
dense_009_real,humaneval,early,measured_dense_runtime,1237,47,17,real,26.319148936170212,1,404,2.8609917253951522,vllm_fused,26,0.7976959943771362
dense_009_real,humaneval,early,measured_dense_runtime,1237,47,17,real,26.319148936170212,1,404,2.8609917253951522,vllm_fused,27,0.7522559762001038
dense_009_real,humaneval,early,measured_dense_runtime,1237,47,17,real,26.319148936170212,1,404,2.8609917253951522,vllm_fused,28,0.746399998664856
dense_009_real,humaneval,early,measured_dense_runtime,1237,47,17,real,26.319148936170212,1,404,2.8609917253951522,vllm_fused,29,0.7597119808197021
dense_009_real,humaneval,early,measured_dense_runtime,1237,47,17,real,26.319148936170212,1,404,2.8609917253951522,vllm_fused,30,0.7794880270957947
dense_009_real,humaneval,early,measured_dense_runtime,1237,47,17,real,26.319148936170212,1,404,2.8609917253951522,vllm_fused,31,0.749023973941803
dense_009_real,humaneval,early,measured_dense_runtime,1237,47,17,real,26.319148936170212,1,404,2.8609917253951522,vllm_fused,32,0.7504640221595764
dense_009_real,humaneval,early,measured_dense_runtime,1237,47,17,real,26.319148936170212,1,404,2.8609917253951522,vllm_fused,33,0.7515199780464172
dense_009_real,humaneval,early,measured_dense_runtime,1237,47,17,real,26.319148936170212,1,404,2.8609917253951522,vllm_fused,34,0.7407039999961853
dense_009_real,humaneval,early,measured_dense_runtime,1237,47,17,real,26.319148936170212,1,404,2.8609917253951522,vllm_fused,35,0.7553920149803162
dense_009_real,humaneval,early,measured_dense_runtime,1237,47,17,real,26.319148936170212,1,404,2.8609917253951522,vllm_fused,36,0.8647040128707886
dense_009_real,humaneval,early,measured_dense_runtime,1237,47,17,real,26.319148936170212,1,404,2.8609917253951522,vllm_fused,37,0.8520960211753845
dense_009_real,humaneval,early,measured_dense_runtime,1237,47,17,real,26.319148936170212,1,404,2.8609917253951522,vllm_fused,38,0.8964800238609314
dense_009_real,humaneval,early,measured_dense_runtime,1237,47,17,real,26.319148936170212,1,404,2.8609917253951522,vllm_fused,39,0.9104959964752197
dense_009_real,humaneval,early,measured_dense_runtime,1237,47,17,real,26.319148936170212,1,404,2.8609917253951522,torch_grouped_full64_cpu_list_offsets,0,0.6430720090866089
dense_009_real,humaneval,early,measured_dense_runtime,1237,47,17,real,26.319148936170212,1,404,2.8609917253951522,torch_grouped_full64_cpu_list_offsets,1,0.6172800064086914
dense_009_real,humaneval,early,measured_dense_runtime,1237,47,17,real,26.319148936170212,1,404,2.8609917253951522,torch_grouped_full64_cpu_list_offsets,2,0.6137920022010803
dense_009_real,humaneval,early,measured_dense_runtime,1237,47,17,real,26.319148936170212,1,404,2.8609917253951522,torch_grouped_full64_cpu_list_offsets,3,0.6180160045623779
dense_009_real,humaneval,early,measured_dense_runtime,1237,47,17,real,26.319148936170212,1,404,2.8609917253951522,torch_grouped_full64_cpu_list_offsets,4,0.6137920022010803
dense_009_real,humaneval,early,measured_dense_runtime,1237,47,17,real,26.319148936170212,1,404,2.8609917253951522,torch_grouped_full64_cpu_list_offsets,5,0.6117759943008423
dense_009_real,humaneval,early,measured_dense_runtime,1237,47,17,real,26.319148936170212,1,404,2.8609917253951522,torch_grouped_full64_cpu_list_offsets,6,0.6122559905052185
dense_009_real,humaneval,early,measured_dense_runtime,1237,47,17,real,26.319148936170212,1,404,2.8609917253951522,torch_grouped_full64_cpu_list_offsets,7,0.6093440055847168
dense_009_real,humaneval,early,measured_dense_runtime,1237,47,17,real,26.319148936170212,1,404,2.8609917253951522,torch_grouped_full64_cpu_list_offsets,8,0.609824001789093
dense_009_real,humaneval,early,measured_dense_runtime,1237,47,17,real,26.319148936170212,1,404,2.8609917253951522,torch_grouped_full64_cpu_list_offsets,9,0.6117119789123535
dense_009_real,humaneval,early,measured_dense_runtime,1237,47,17,real,26.319148936170212,1,404,2.8609917253951522,torch_grouped_full64_cpu_list_offsets,10,0.6086400151252747
dense_009_real,humaneval,early,measured_dense_runtime,1237,47,17,real,26.319148936170212,1,404,2.8609917253951522,torch_grouped_full64_cpu_list_offsets,11,0.6144959926605225
dense_009_real,humaneval,early,measured_dense_runtime,1237,47,17,real,26.319148936170212,1,404,2.8609917253951522,torch_grouped_full64_cpu_list_offsets,12,0.6146240234375
dense_009_real,humaneval,early,measured_dense_runtime,1237,47,17,real,26.319148936170212,1,404,2.8609917253951522,torch_grouped_full64_cpu_list_offsets,13,0.6029120087623596
dense_009_real,humaneval,early,measured_dense_runtime,1237,47,17,real,26.319148936170212,1,404,2.8609917253951522,torch_grouped_full64_cpu_list_offsets,14,0.6268159747123718
dense_009_real,humaneval,early,measured_dense_runtime,1237,47,17,real,26.319148936170212,1,404,2.8609917253951522,torch_grouped_full64_cpu_list_offsets,15,0.6088640093803406
dense_009_real,humaneval,early,measured_dense_runtime,1237,47,17,real,26.319148936170212,1,404,2.8609917253951522,torch_grouped_full64_cpu_list_offsets,16,0.6149119734764099
dense_009_real,humaneval,early,measured_dense_runtime,1237,47,17,real,26.319148936170212,1,404,2.8609917253951522,torch_grouped_full64_cpu_list_offsets,17,0.6060159802436829
dense_009_real,humaneval,early,measured_dense_runtime,1237,47,17,real,26.319148936170212,1,404,2.8609917253951522,torch_grouped_full64_cpu_list_offsets,18,0.6132479906082153
dense_009_real,humaneval,early,measured_dense_runtime,1237,47,17,real,26.319148936170212,1,404,2.8609917253951522,torch_grouped_full64_cpu_list_offsets,19,0.6117119789123535
dense_009_real,humaneval,early,measured_dense_runtime,1237,47,17,real,26.319148936170212,1,404,2.8609917253951522,torch_grouped_full64_cpu_list_offsets,20,0.6056960225105286
dense_009_real,humaneval,early,measured_dense_runtime,1237,47,17,real,26.319148936170212,1,404,2.8609917253951522,torch_grouped_full64_cpu_list_offsets,21,0.6096320152282715
dense_009_real,humaneval,early,measured_dense_runtime,1237,47,17,real,26.319148936170212,1,404,2.8609917253951522,torch_grouped_full64_cpu_list_offsets,22,0.6176959872245789
dense_009_real,humaneval,early,measured_dense_runtime,1237,47,17,real,26.319148936170212,1,404,2.8609917253951522,torch_grouped_full64_cpu_list_offsets,23,0.6119679808616638
dense_009_real,humaneval,early,measured_dense_runtime,1237,47,17,real,26.319148936170212,1,404,2.8609917253951522,torch_grouped_full64_cpu_list_offsets,24,0.6113920211791992
dense_009_real,humaneval,early,measured_dense_runtime,1237,47,17,real,26.319148936170212,1,404,2.8609917253951522,torch_grouped_full64_cpu_list_offsets,25,0.6137599945068359
dense_009_real,humaneval,early,measured_dense_runtime,1237,47,17,real,26.319148936170212,1,404,2.8609917253951522,torch_grouped_full64_cpu_list_offsets,26,0.6254079937934875
dense_009_real,humaneval,early,measured_dense_runtime,1237,47,17,real,26.319148936170212,1,404,2.8609917253951522,torch_grouped_full64_cpu_list_offsets,27,0.6455039978027344
dense_009_real,humaneval,early,measured_dense_runtime,1237,47,17,real,26.319148936170212,1,404,2.8609917253951522,torch_grouped_full64_cpu_list_offsets,28,0.6544640064239502
dense_009_real,humaneval,early,measured_dense_runtime,1237,47,17,real,26.319148936170212,1,404,2.8609917253951522,torch_grouped_full64_cpu_list_offsets,29,0.6777600049972534
dense_009_real,humaneval,early,measured_dense_runtime,1237,47,17,real,26.319148936170212,1,404,2.8609917253951522,torch_grouped_full64_cpu_list_offsets,30,0.6444479823112488
dense_009_real,humaneval,early,measured_dense_runtime,1237,47,17,real,26.319148936170212,1,404,2.8609917253951522,torch_grouped_full64_cpu_list_offsets,31,0.66457599401474
dense_009_real,humaneval,early,measured_dense_runtime,1237,47,17,real,26.319148936170212,1,404,2.8609917253951522,torch_grouped_full64_cpu_list_offsets,32,0.6307839751243591
dense_009_real,humaneval,early,measured_dense_runtime,1237,47,17,real,26.319148936170212,1,404,2.8609917253951522,torch_grouped_full64_cpu_list_offsets,33,0.6183040142059326
dense_009_real,humaneval,early,measured_dense_runtime,1237,47,17,real,26.319148936170212,1,404,2.8609917253951522,torch_grouped_full64_cpu_list_offsets,34,0.6136000156402588
dense_009_real,humaneval,early,measured_dense_runtime,1237,47,17,real,26.319148936170212,1,404,2.8609917253951522,torch_grouped_full64_cpu_list_offsets,35,0.6122879981994629
dense_009_real,humaneval,early,measured_dense_runtime,1237,47,17,real,26.319148936170212,1,404,2.8609917253951522,torch_grouped_full64_cpu_list_offsets,36,0.6124799847602844
dense_009_real,humaneval,early,measured_dense_runtime,1237,47,17,real,26.319148936170212,1,404,2.8609917253951522,torch_grouped_full64_cpu_list_offsets,37,0.6141759753227234
dense_009_real,humaneval,early,measured_dense_runtime,1237,47,17,real,26.319148936170212,1,404,2.8609917253951522,torch_grouped_full64_cpu_list_offsets,38,0.614687979221344
dense_009_real,humaneval,early,measured_dense_runtime,1237,47,17,real,26.319148936170212,1,404,2.8609917253951522,torch_grouped_full64_cpu_list_offsets,39,0.6138560175895691
dense_010_real,humaneval,early,measured_dense_runtime,1965,44,20,real,44.65909090909091,1,855,3.276167937789007,torch_grouped_full64_prebuilt,0,0.6000000238418579
dense_010_real,humaneval,early,measured_dense_runtime,1965,44,20,real,44.65909090909091,1,855,3.276167937789007,torch_grouped_full64_prebuilt,1,0.6071040034294128
dense_010_real,humaneval,early,measured_dense_runtime,1965,44,20,real,44.65909090909091,1,855,3.276167937789007,torch_grouped_full64_prebuilt,2,0.6008960008621216
dense_010_real,humaneval,early,measured_dense_runtime,1965,44,20,real,44.65909090909091,1,855,3.276167937789007,torch_grouped_full64_prebuilt,3,0.5973119735717773
dense_010_real,humaneval,early,measured_dense_runtime,1965,44,20,real,44.65909090909091,1,855,3.276167937789007,torch_grouped_full64_prebuilt,4,0.596671998500824
dense_010_real,humaneval,early,measured_dense_runtime,1965,44,20,real,44.65909090909091,1,855,3.276167937789007,torch_grouped_full64_prebuilt,5,0.6193600296974182
dense_010_real,humaneval,early,measured_dense_runtime,1965,44,20,real,44.65909090909091,1,855,3.276167937789007,torch_grouped_full64_prebuilt,6,0.6084160208702087
dense_010_real,humaneval,early,measured_dense_runtime,1965,44,20,real,44.65909090909091,1,855,3.276167937789007,torch_grouped_full64_prebuilt,7,0.6119679808616638
dense_010_real,humaneval,early,measured_dense_runtime,1965,44,20,real,44.65909090909091,1,855,3.276167937789007,torch_grouped_full64_prebuilt,8,0.5995839834213257
dense_010_real,humaneval,early,measured_dense_runtime,1965,44,20,real,44.65909090909091,1,855,3.276167937789007,torch_grouped_full64_prebuilt,9,0.5986239910125732
dense_010_real,humaneval,early,measured_dense_runtime,1965,44,20,real,44.65909090909091,1,855,3.276167937789007,torch_grouped_full64_prebuilt,10,0.5965120196342468
dense_010_real,humaneval,early,measured_dense_runtime,1965,44,20,real,44.65909090909091,1,855,3.276167937789007,torch_grouped_full64_prebuilt,11,0.6043840050697327
dense_010_real,humaneval,early,measured_dense_runtime,1965,44,20,real,44.65909090909091,1,855,3.276167937789007,torch_grouped_full64_prebuilt,12,0.6000319719314575
dense_010_real,humaneval,early,measured_dense_runtime,1965,44,20,real,44.65909090909091,1,855,3.276167937789007,torch_grouped_full64_prebuilt,13,0.5996479988098145
dense_010_real,humaneval,early,measured_dense_runtime,1965,44,20,real,44.65909090909091,1,855,3.276167937789007,torch_grouped_full64_prebuilt,14,0.597536027431488
dense_010_real,humaneval,early,measured_dense_runtime,1965,44,20,real,44.65909090909091,1,855,3.276167937789007,torch_grouped_full64_prebuilt,15,0.6025599837303162
dense_010_real,humaneval,early,measured_dense_runtime,1965,44,20,real,44.65909090909091,1,855,3.276167937789007,torch_grouped_full64_prebuilt,16,0.5981760025024414
dense_010_real,humaneval,early,measured_dense_runtime,1965,44,20,real,44.65909090909091,1,855,3.276167937789007,torch_grouped_full64_prebuilt,17,0.6010559797286987
dense_010_real,humaneval,early,measured_dense_runtime,1965,44,20,real,44.65909090909091,1,855,3.276167937789007,torch_grouped_full64_prebuilt,18,0.5991359949111938
dense_010_real,humaneval,early,measured_dense_runtime,1965,44,20,real,44.65909090909091,1,855,3.276167937789007,torch_grouped_full64_prebuilt,19,0.5992640256881714
dense_010_real,humaneval,early,measured_dense_runtime,1965,44,20,real,44.65909090909091,1,855,3.276167937789007,torch_grouped_full64_prebuilt,20,0.6050559878349304
dense_010_real,humaneval,early,measured_dense_runtime,1965,44,20,real,44.65909090909091,1,855,3.276167937789007,torch_grouped_full64_prebuilt,21,0.6095359921455383
dense_010_real,humaneval,early,measured_dense_runtime,1965,44,20,real,44.65909090909091,1,855,3.276167937789007,torch_grouped_full64_prebuilt,22,0.6087679862976074
dense_010_real,humaneval,early,measured_dense_runtime,1965,44,20,real,44.65909090909091,1,855,3.276167937789007,torch_grouped_full64_prebuilt,23,0.6213439702987671
dense_010_real,humaneval,early,measured_dense_runtime,1965,44,20,real,44.65909090909091,1,855,3.276167937789007,torch_grouped_full64_prebuilt,24,0.6077119708061218
dense_010_real,humaneval,early,measured_dense_runtime,1965,44,20,real,44.65909090909091,1,855,3.276167937789007,torch_grouped_full64_prebuilt,25,0.6022080183029175
dense_010_real,humaneval,early,measured_dense_runtime,1965,44,20,real,44.65909090909091,1,855,3.276167937789007,torch_grouped_full64_prebuilt,26,0.5963519811630249
dense_010_real,humaneval,early,measured_dense_runtime,1965,44,20,real,44.65909090909091,1,855,3.276167937789007,torch_grouped_full64_prebuilt,27,0.596127986907959
dense_010_real,humaneval,early,measured_dense_runtime,1965,44,20,real,44.65909090909091,1,855,3.276167937789007,torch_grouped_full64_prebuilt,28,0.6017919778823853
dense_010_real,humaneval,early,measured_dense_runtime,1965,44,20,real,44.65909090909091,1,855,3.276167937789007,torch_grouped_full64_prebuilt,29,0.5990080237388611
dense_010_real,humaneval,early,measured_dense_runtime,1965,44,20,real,44.65909090909091,1,855,3.276167937789007,torch_grouped_full64_prebuilt,30,0.5993919968605042
dense_010_real,humaneval,early,measured_dense_runtime,1965,44,20,real,44.65909090909091,1,855,3.276167937789007,torch_grouped_full64_prebuilt,31,0.6006079912185669
dense_010_real,humaneval,early,measured_dense_runtime,1965,44,20,real,44.65909090909091,1,855,3.276167937789007,torch_grouped_full64_prebuilt,32,0.6021760106086731
dense_010_real,humaneval,early,measured_dense_runtime,1965,44,20,real,44.65909090909091,1,855,3.276167937789007,torch_grouped_full64_prebuilt,33,0.6062719821929932
dense_010_real,humaneval,early,measured_dense_runtime,1965,44,20,real,44.65909090909091,1,855,3.276167937789007,torch_grouped_full64_prebuilt,34,0.6176639795303345
dense_010_real,humaneval,early,measured_dense_runtime,1965,44,20,real,44.65909090909091,1,855,3.276167937789007,torch_grouped_full64_prebuilt,35,0.6057919859886169
dense_010_real,humaneval,early,measured_dense_runtime,1965,44,20,real,44.65909090909091,1,855,3.276167937789007,torch_grouped_full64_prebuilt,36,0.6020159721374512
dense_010_real,humaneval,early,measured_dense_runtime,1965,44,20,real,44.65909090909091,1,855,3.276167937789007,torch_grouped_full64_prebuilt,37,0.5978879928588867
dense_010_real,humaneval,early,measured_dense_runtime,1965,44,20,real,44.65909090909091,1,855,3.276167937789007,torch_grouped_full64_prebuilt,38,0.5994240045547485
dense_010_real,humaneval,early,measured_dense_runtime,1965,44,20,real,44.65909090909091,1,855,3.276167937789007,torch_grouped_full64_prebuilt,39,0.6032959818840027
dense_010_real,humaneval,early,measured_dense_runtime,1965,44,20,real,44.65909090909091,1,855,3.276167937789007,torch_grouped_full64_gpu_cumsum,0,0.616096019744873
dense_010_real,humaneval,early,measured_dense_runtime,1965,44,20,real,44.65909090909091,1,855,3.276167937789007,torch_grouped_full64_gpu_cumsum,1,0.6092159748077393
dense_010_real,humaneval,early,measured_dense_runtime,1965,44,20,real,44.65909090909091,1,855,3.276167937789007,torch_grouped_full64_gpu_cumsum,2,0.616096019744873
dense_010_real,humaneval,early,measured_dense_runtime,1965,44,20,real,44.65909090909091,1,855,3.276167937789007,torch_grouped_full64_gpu_cumsum,3,0.6120319962501526
dense_010_real,humaneval,early,measured_dense_runtime,1965,44,20,real,44.65909090909091,1,855,3.276167937789007,torch_grouped_full64_gpu_cumsum,4,0.6104639768600464
dense_010_real,humaneval,early,measured_dense_runtime,1965,44,20,real,44.65909090909091,1,855,3.276167937789007,torch_grouped_full64_gpu_cumsum,5,0.6141120195388794
dense_010_real,humaneval,early,measured_dense_runtime,1965,44,20,real,44.65909090909091,1,855,3.276167937789007,torch_grouped_full64_gpu_cumsum,6,0.6180160045623779
dense_010_real,humaneval,early,measured_dense_runtime,1965,44,20,real,44.65909090909091,1,855,3.276167937789007,torch_grouped_full64_gpu_cumsum,7,0.6181759834289551
dense_010_real,humaneval,early,measured_dense_runtime,1965,44,20,real,44.65909090909091,1,855,3.276167937789007,torch_grouped_full64_gpu_cumsum,8,0.6135680079460144
dense_010_real,humaneval,early,measured_dense_runtime,1965,44,20,real,44.65909090909091,1,855,3.276167937789007,torch_grouped_full64_gpu_cumsum,9,0.6168959736824036
dense_010_real,humaneval,early,measured_dense_runtime,1965,44,20,real,44.65909090909091,1,855,3.276167937789007,torch_grouped_full64_gpu_cumsum,10,0.6124160289764404
dense_010_real,humaneval,early,measured_dense_runtime,1965,44,20,real,44.65909090909091,1,855,3.276167937789007,torch_grouped_full64_gpu_cumsum,11,0.6220800280570984
dense_010_real,humaneval,early,measured_dense_runtime,1965,44,20,real,44.65909090909091,1,855,3.276167937789007,torch_grouped_full64_gpu_cumsum,12,0.6305599808692932
dense_010_real,humaneval,early,measured_dense_runtime,1965,44,20,real,44.65909090909091,1,855,3.276167937789007,torch_grouped_full64_gpu_cumsum,13,0.6440960168838501
dense_010_real,humaneval,early,measured_dense_runtime,1965,44,20,real,44.65909090909091,1,855,3.276167937789007,torch_grouped_full64_gpu_cumsum,14,0.6227520108222961
dense_010_real,humaneval,early,measured_dense_runtime,1965,44,20,real,44.65909090909091,1,855,3.276167937789007,torch_grouped_full64_gpu_cumsum,15,0.6179839968681335
dense_010_real,humaneval,early,measured_dense_runtime,1965,44,20,real,44.65909090909091,1,855,3.276167937789007,torch_grouped_full64_gpu_cumsum,16,0.6211199760437012
dense_010_real,humaneval,early,measured_dense_runtime,1965,44,20,real,44.65909090909091,1,855,3.276167937789007,torch_grouped_full64_gpu_cumsum,17,0.6114240288734436
dense_010_real,humaneval,early,measured_dense_runtime,1965,44,20,real,44.65909090909091,1,855,3.276167937789007,torch_grouped_full64_gpu_cumsum,18,0.6108480095863342
dense_010_real,humaneval,early,measured_dense_runtime,1965,44,20,real,44.65909090909091,1,855,3.276167937789007,torch_grouped_full64_gpu_cumsum,19,0.6151999831199646
dense_010_real,humaneval,early,measured_dense_runtime,1965,44,20,real,44.65909090909091,1,855,3.276167937789007,torch_grouped_full64_gpu_cumsum,20,0.6155840158462524
dense_010_real,humaneval,early,measured_dense_runtime,1965,44,20,real,44.65909090909091,1,855,3.276167937789007,torch_grouped_full64_gpu_cumsum,21,0.6173440217971802
dense_010_real,humaneval,early,measured_dense_runtime,1965,44,20,real,44.65909090909091,1,855,3.276167937789007,torch_grouped_full64_gpu_cumsum,22,0.6142719984054565
dense_010_real,humaneval,early,measured_dense_runtime,1965,44,20,real,44.65909090909091,1,855,3.276167937789007,torch_grouped_full64_gpu_cumsum,23,0.616320013999939
dense_010_real,humaneval,early,measured_dense_runtime,1965,44,20,real,44.65909090909091,1,855,3.276167937789007,torch_grouped_full64_gpu_cumsum,24,0.6094080209732056
dense_010_real,humaneval,early,measured_dense_runtime,1965,44,20,real,44.65909090909091,1,855,3.276167937789007,torch_grouped_full64_gpu_cumsum,25,0.6187840104103088
dense_010_real,humaneval,early,measured_dense_runtime,1965,44,20,real,44.65909090909091,1,855,3.276167937789007,torch_grouped_full64_gpu_cumsum,26,0.6149119734764099
dense_010_real,humaneval,early,measured_dense_runtime,1965,44,20,real,44.65909090909091,1,855,3.276167937789007,torch_grouped_full64_gpu_cumsum,27,0.6190080046653748
dense_010_real,humaneval,early,measured_dense_runtime,1965,44,20,real,44.65909090909091,1,855,3.276167937789007,torch_grouped_full64_gpu_cumsum,28,0.6174399852752686
dense_010_real,humaneval,early,measured_dense_runtime,1965,44,20,real,44.65909090909091,1,855,3.276167937789007,torch_grouped_full64_gpu_cumsum,29,0.619871973991394
dense_010_real,humaneval,early,measured_dense_runtime,1965,44,20,real,44.65909090909091,1,855,3.276167937789007,torch_grouped_full64_gpu_cumsum,30,0.6110399961471558
dense_010_real,humaneval,early,measured_dense_runtime,1965,44,20,real,44.65909090909091,1,855,3.276167937789007,torch_grouped_full64_gpu_cumsum,31,0.6128320097923279
dense_010_real,humaneval,early,measured_dense_runtime,1965,44,20,real,44.65909090909091,1,855,3.276167937789007,torch_grouped_full64_gpu_cumsum,32,0.6155840158462524
dense_010_real,humaneval,early,measured_dense_runtime,1965,44,20,real,44.65909090909091,1,855,3.276167937789007,torch_grouped_full64_gpu_cumsum,33,0.6193919777870178
dense_010_real,humaneval,early,measured_dense_runtime,1965,44,20,real,44.65909090909091,1,855,3.276167937789007,torch_grouped_full64_gpu_cumsum,34,0.6230720281600952
dense_010_real,humaneval,early,measured_dense_runtime,1965,44,20,real,44.65909090909091,1,855,3.276167937789007,torch_grouped_full64_gpu_cumsum,35,0.6207039952278137
dense_010_real,humaneval,early,measured_dense_runtime,1965,44,20,real,44.65909090909091,1,855,3.276167937789007,torch_grouped_full64_gpu_cumsum,36,0.6143360137939453
dense_010_real,humaneval,early,measured_dense_runtime,1965,44,20,real,44.65909090909091,1,855,3.276167937789007,torch_grouped_full64_gpu_cumsum,37,0.6172159910202026
dense_010_real,humaneval,early,measured_dense_runtime,1965,44,20,real,44.65909090909091,1,855,3.276167937789007,torch_grouped_full64_gpu_cumsum,38,0.6161919832229614
dense_010_real,humaneval,early,measured_dense_runtime,1965,44,20,real,44.65909090909091,1,855,3.276167937789007,torch_grouped_full64_gpu_cumsum,39,0.6086400151252747
dense_010_real,humaneval,early,measured_dense_runtime,1965,44,20,real,44.65909090909091,1,855,3.276167937789007,torch_grouped_full64_cpu_list_offsets,0,0.6813120245933533
dense_010_real,humaneval,early,measured_dense_runtime,1965,44,20,real,44.65909090909091,1,855,3.276167937789007,torch_grouped_full64_cpu_list_offsets,1,0.656000018119812
dense_010_real,humaneval,early,measured_dense_runtime,1965,44,20,real,44.65909090909091,1,855,3.276167937789007,torch_grouped_full64_cpu_list_offsets,2,0.6397119760513306
dense_010_real,humaneval,early,measured_dense_runtime,1965,44,20,real,44.65909090909091,1,855,3.276167937789007,torch_grouped_full64_cpu_list_offsets,3,0.6457279920578003
dense_010_real,humaneval,early,measured_dense_runtime,1965,44,20,real,44.65909090909091,1,855,3.276167937789007,torch_grouped_full64_cpu_list_offsets,4,0.6382399797439575
dense_010_real,humaneval,early,measured_dense_runtime,1965,44,20,real,44.65909090909091,1,855,3.276167937789007,torch_grouped_full64_cpu_list_offsets,5,0.6401600241661072
dense_010_real,humaneval,early,measured_dense_runtime,1965,44,20,real,44.65909090909091,1,855,3.276167937789007,torch_grouped_full64_cpu_list_offsets,6,0.6399679780006409
dense_010_real,humaneval,early,measured_dense_runtime,1965,44,20,real,44.65909090909091,1,855,3.276167937789007,torch_grouped_full64_cpu_list_offsets,7,0.6415039896965027
dense_010_real,humaneval,early,measured_dense_runtime,1965,44,20,real,44.65909090909091,1,855,3.276167937789007,torch_grouped_full64_cpu_list_offsets,8,0.6404799818992615
dense_010_real,humaneval,early,measured_dense_runtime,1965,44,20,real,44.65909090909091,1,855,3.276167937789007,torch_grouped_full64_cpu_list_offsets,9,0.6475520133972168
dense_010_real,humaneval,early,measured_dense_runtime,1965,44,20,real,44.65909090909091,1,855,3.276167937789007,torch_grouped_full64_cpu_list_offsets,10,0.641215980052948
dense_010_real,humaneval,early,measured_dense_runtime,1965,44,20,real,44.65909090909091,1,855,3.276167937789007,torch_grouped_full64_cpu_list_offsets,11,0.6676480174064636
dense_010_real,humaneval,early,measured_dense_runtime,1965,44,20,real,44.65909090909091,1,855,3.276167937789007,torch_grouped_full64_cpu_list_offsets,12,0.6780800223350525
dense_010_real,humaneval,early,measured_dense_runtime,1965,44,20,real,44.65909090909091,1,855,3.276167937789007,torch_grouped_full64_cpu_list_offsets,13,0.6690239906311035
dense_010_real,humaneval,early,measured_dense_runtime,1965,44,20,real,44.65909090909091,1,855,3.276167937789007,torch_grouped_full64_cpu_list_offsets,14,0.7050560116767883
dense_010_real,humaneval,early,measured_dense_runtime,1965,44,20,real,44.65909090909091,1,855,3.276167937789007,torch_grouped_full64_cpu_list_offsets,15,0.6872320175170898
dense_010_real,humaneval,early,measured_dense_runtime,1965,44,20,real,44.65909090909091,1,855,3.276167937789007,torch_grouped_full64_cpu_list_offsets,16,0.6779199838638306
dense_010_real,humaneval,early,measured_dense_runtime,1965,44,20,real,44.65909090909091,1,855,3.276167937789007,torch_grouped_full64_cpu_list_offsets,17,0.6849600076675415
dense_010_real,humaneval,early,measured_dense_runtime,1965,44,20,real,44.65909090909091,1,855,3.276167937789007,torch_grouped_full64_cpu_list_offsets,18,0.684224009513855
dense_010_real,humaneval,early,measured_dense_runtime,1965,44,20,real,44.65909090909091,1,855,3.276167937789007,torch_grouped_full64_cpu_list_offsets,19,0.6456639766693115
dense_010_real,humaneval,early,measured_dense_runtime,1965,44,20,real,44.65909090909091,1,855,3.276167937789007,torch_grouped_full64_cpu_list_offsets,20,0.6374080181121826
dense_010_real,humaneval,early,measured_dense_runtime,1965,44,20,real,44.65909090909091,1,855,3.276167937789007,torch_grouped_full64_cpu_list_offsets,21,0.643392026424408
dense_010_real,humaneval,early,measured_dense_runtime,1965,44,20,real,44.65909090909091,1,855,3.276167937789007,torch_grouped_full64_cpu_list_offsets,22,0.6405439972877502
dense_010_real,humaneval,early,measured_dense_runtime,1965,44,20,real,44.65909090909091,1,855,3.276167937789007,torch_grouped_full64_cpu_list_offsets,23,0.6364160180091858
dense_010_real,humaneval,early,measured_dense_runtime,1965,44,20,real,44.65909090909091,1,855,3.276167937789007,torch_grouped_full64_cpu_list_offsets,24,0.6511359810829163
dense_010_real,humaneval,early,measured_dense_runtime,1965,44,20,real,44.65909090909091,1,855,3.276167937789007,torch_grouped_full64_cpu_list_offsets,25,0.6353920102119446
dense_010_real,humaneval,early,measured_dense_runtime,1965,44,20,real,44.65909090909091,1,855,3.276167937789007,torch_grouped_full64_cpu_list_offsets,26,0.6342080235481262
dense_010_real,humaneval,early,measured_dense_runtime,1965,44,20,real,44.65909090909091,1,855,3.276167937789007,torch_grouped_full64_cpu_list_offsets,27,0.6542080044746399
dense_010_real,humaneval,early,measured_dense_runtime,1965,44,20,real,44.65909090909091,1,855,3.276167937789007,torch_grouped_full64_cpu_list_offsets,28,0.6758720278739929
dense_010_real,humaneval,early,measured_dense_runtime,1965,44,20,real,44.65909090909091,1,855,3.276167937789007,torch_grouped_full64_cpu_list_offsets,29,0.684224009513855
dense_010_real,humaneval,early,measured_dense_runtime,1965,44,20,real,44.65909090909091,1,855,3.276167937789007,torch_grouped_full64_cpu_list_offsets,30,0.6870719790458679
dense_010_real,humaneval,early,measured_dense_runtime,1965,44,20,real,44.65909090909091,1,855,3.276167937789007,torch_grouped_full64_cpu_list_offsets,31,0.6368319988250732
dense_010_real,humaneval,early,measured_dense_runtime,1965,44,20,real,44.65909090909091,1,855,3.276167937789007,torch_grouped_full64_cpu_list_offsets,32,0.6340799927711487
dense_010_real,humaneval,early,measured_dense_runtime,1965,44,20,real,44.65909090909091,1,855,3.276167937789007,torch_grouped_full64_cpu_list_offsets,33,0.6375679969787598
dense_010_real,humaneval,early,measured_dense_runtime,1965,44,20,real,44.65909090909091,1,855,3.276167937789007,torch_grouped_full64_cpu_list_offsets,34,0.6397119760513306
dense_010_real,humaneval,early,measured_dense_runtime,1965,44,20,real,44.65909090909091,1,855,3.276167937789007,torch_grouped_full64_cpu_list_offsets,35,0.6377599835395813
dense_010_real,humaneval,early,measured_dense_runtime,1965,44,20,real,44.65909090909091,1,855,3.276167937789007,torch_grouped_full64_cpu_list_offsets,36,0.6481279730796814
dense_010_real,humaneval,early,measured_dense_runtime,1965,44,20,real,44.65909090909091,1,855,3.276167937789007,torch_grouped_full64_cpu_list_offsets,37,0.6435520052909851
dense_010_real,humaneval,early,measured_dense_runtime,1965,44,20,real,44.65909090909091,1,855,3.276167937789007,torch_grouped_full64_cpu_list_offsets,38,0.640064001083374
dense_010_real,humaneval,early,measured_dense_runtime,1965,44,20,real,44.65909090909091,1,855,3.276167937789007,torch_grouped_full64_cpu_list_offsets,39,0.636352002620697
dense_010_real,humaneval,early,measured_dense_runtime,1965,44,20,real,44.65909090909091,1,855,3.276167937789007,vllm_fused,0,0.8692799806594849
dense_010_real,humaneval,early,measured_dense_runtime,1965,44,20,real,44.65909090909091,1,855,3.276167937789007,vllm_fused,1,0.8186879754066467
dense_010_real,humaneval,early,measured_dense_runtime,1965,44,20,real,44.65909090909091,1,855,3.276167937789007,vllm_fused,2,0.8700159788131714
dense_010_real,humaneval,early,measured_dense_runtime,1965,44,20,real,44.65909090909091,1,855,3.276167937789007,vllm_fused,3,0.8767039775848389
dense_010_real,humaneval,early,measured_dense_runtime,1965,44,20,real,44.65909090909091,1,855,3.276167937789007,vllm_fused,4,0.8732799887657166
dense_010_real,humaneval,early,measured_dense_runtime,1965,44,20,real,44.65909090909091,1,855,3.276167937789007,vllm_fused,5,0.7941759824752808
dense_010_real,humaneval,early,measured_dense_runtime,1965,44,20,real,44.65909090909091,1,855,3.276167937789007,vllm_fused,6,0.785535991191864
dense_010_real,humaneval,early,measured_dense_runtime,1965,44,20,real,44.65909090909091,1,855,3.276167937789007,vllm_fused,7,0.7761600017547607
dense_010_real,humaneval,early,measured_dense_runtime,1965,44,20,real,44.65909090909091,1,855,3.276167937789007,vllm_fused,8,0.7796480059623718
dense_010_real,humaneval,early,measured_dense_runtime,1965,44,20,real,44.65909090909091,1,855,3.276167937789007,vllm_fused,9,0.7896320223808289
dense_010_real,humaneval,early,measured_dense_runtime,1965,44,20,real,44.65909090909091,1,855,3.276167937789007,vllm_fused,10,0.7934079766273499
dense_010_real,humaneval,early,measured_dense_runtime,1965,44,20,real,44.65909090909091,1,855,3.276167937789007,vllm_fused,11,0.7745919823646545
dense_010_real,humaneval,early,measured_dense_runtime,1965,44,20,real,44.65909090909091,1,855,3.276167937789007,vllm_fused,12,0.7746880054473877
dense_010_real,humaneval,early,measured_dense_runtime,1965,44,20,real,44.65909090909091,1,855,3.276167937789007,vllm_fused,13,0.77920001745224
dense_010_real,humaneval,early,measured_dense_runtime,1965,44,20,real,44.65909090909091,1,855,3.276167937789007,vllm_fused,14,0.8048319816589355
dense_010_real,humaneval,early,measured_dense_runtime,1965,44,20,real,44.65909090909091,1,855,3.276167937789007,vllm_fused,15,0.8868160247802734
dense_010_real,humaneval,early,measured_dense_runtime,1965,44,20,real,44.65909090909091,1,855,3.276167937789007,vllm_fused,16,0.883679986000061
dense_010_real,humaneval,early,measured_dense_runtime,1965,44,20,real,44.65909090909091,1,855,3.276167937789007,vllm_fused,17,0.8425920009613037
dense_010_real,humaneval,early,measured_dense_runtime,1965,44,20,real,44.65909090909091,1,855,3.276167937789007,vllm_fused,18,0.78438401222229
dense_010_real,humaneval,early,measured_dense_runtime,1965,44,20,real,44.65909090909091,1,855,3.276167937789007,vllm_fused,19,0.7888320088386536
dense_010_real,humaneval,early,measured_dense_runtime,1965,44,20,real,44.65909090909091,1,855,3.276167937789007,vllm_fused,20,0.7750719785690308
dense_010_real,humaneval,early,measured_dense_runtime,1965,44,20,real,44.65909090909091,1,855,3.276167937789007,vllm_fused,21,0.7782080173492432
dense_010_real,humaneval,early,measured_dense_runtime,1965,44,20,real,44.65909090909091,1,855,3.276167937789007,vllm_fused,22,0.7843520045280457
dense_010_real,humaneval,early,measured_dense_runtime,1965,44,20,real,44.65909090909091,1,855,3.276167937789007,vllm_fused,23,0.7681919932365417
dense_010_real,humaneval,early,measured_dense_runtime,1965,44,20,real,44.65909090909091,1,855,3.276167937789007,vllm_fused,24,0.811743974685669
dense_010_real,humaneval,early,measured_dense_runtime,1965,44,20,real,44.65909090909091,1,855,3.276167937789007,vllm_fused,25,0.7864000201225281
dense_010_real,humaneval,early,measured_dense_runtime,1965,44,20,real,44.65909090909091,1,855,3.276167937789007,vllm_fused,26,0.7751039862632751
dense_010_real,humaneval,early,measured_dense_runtime,1965,44,20,real,44.65909090909091,1,855,3.276167937789007,vllm_fused,27,0.7715200185775757
dense_010_real,humaneval,early,measured_dense_runtime,1965,44,20,real,44.65909090909091,1,855,3.276167937789007,vllm_fused,28,0.7744640111923218
dense_010_real,humaneval,early,measured_dense_runtime,1965,44,20,real,44.65909090909091,1,855,3.276167937789007,vllm_fused,29,0.7819520235061646
dense_010_real,humaneval,early,measured_dense_runtime,1965,44,20,real,44.65909090909091,1,855,3.276167937789007,vllm_fused,30,0.7815679907798767
dense_010_real,humaneval,early,measured_dense_runtime,1965,44,20,real,44.65909090909091,1,855,3.276167937789007,vllm_fused,31,0.7856320142745972
dense_010_real,humaneval,early,measured_dense_runtime,1965,44,20,real,44.65909090909091,1,855,3.276167937789007,vllm_fused,32,0.7748479843139648
dense_010_real,humaneval,early,measured_dense_runtime,1965,44,20,real,44.65909090909091,1,855,3.276167937789007,vllm_fused,33,0.791808009147644
dense_010_real,humaneval,early,measured_dense_runtime,1965,44,20,real,44.65909090909091,1,855,3.276167937789007,vllm_fused,34,0.8834879994392395
dense_010_real,humaneval,early,measured_dense_runtime,1965,44,20,real,44.65909090909091,1,855,3.276167937789007,vllm_fused,35,0.8920959830284119
dense_010_real,humaneval,early,measured_dense_runtime,1965,44,20,real,44.65909090909091,1,855,3.276167937789007,vllm_fused,36,0.9214400053024292
dense_010_real,humaneval,early,measured_dense_runtime,1965,44,20,real,44.65909090909091,1,855,3.276167937789007,vllm_fused,37,0.8931199908256531
dense_010_real,humaneval,early,measured_dense_runtime,1965,44,20,real,44.65909090909091,1,855,3.276167937789007,vllm_fused,38,0.9223359823226929
dense_010_real,humaneval,early,measured_dense_runtime,1965,44,20,real,44.65909090909091,1,855,3.276167937789007,vllm_fused,39,0.9090880155563354
dense_010_real,humaneval,early,measured_dense_runtime,1965,44,20,real,44.65909090909091,1,855,3.276167937789007,torch_grouped_active_prebuilt_oracle,0,0.6065919995307922
dense_010_real,humaneval,early,measured_dense_runtime,1965,44,20,real,44.65909090909091,1,855,3.276167937789007,torch_grouped_active_prebuilt_oracle,1,0.5983359813690186
dense_010_real,humaneval,early,measured_dense_runtime,1965,44,20,real,44.65909090909091,1,855,3.276167937789007,torch_grouped_active_prebuilt_oracle,2,0.601248025894165
dense_010_real,humaneval,early,measured_dense_runtime,1965,44,20,real,44.65909090909091,1,855,3.276167937789007,torch_grouped_active_prebuilt_oracle,3,0.6006399989128113
dense_010_real,humaneval,early,measured_dense_runtime,1965,44,20,real,44.65909090909091,1,855,3.276167937789007,torch_grouped_active_prebuilt_oracle,4,0.6008639931678772
dense_010_real,humaneval,early,measured_dense_runtime,1965,44,20,real,44.65909090909091,1,855,3.276167937789007,torch_grouped_active_prebuilt_oracle,5,0.6056640148162842
dense_010_real,humaneval,early,measured_dense_runtime,1965,44,20,real,44.65909090909091,1,855,3.276167937789007,torch_grouped_active_prebuilt_oracle,6,0.5969600081443787
dense_010_real,humaneval,early,measured_dense_runtime,1965,44,20,real,44.65909090909091,1,855,3.276167937789007,torch_grouped_active_prebuilt_oracle,7,0.5968000292778015
dense_010_real,humaneval,early,measured_dense_runtime,1965,44,20,real,44.65909090909091,1,855,3.276167937789007,torch_grouped_active_prebuilt_oracle,8,0.601855993270874
dense_010_real,humaneval,early,measured_dense_runtime,1965,44,20,real,44.65909090909091,1,855,3.276167937789007,torch_grouped_active_prebuilt_oracle,9,0.6077439785003662
dense_010_real,humaneval,early,measured_dense_runtime,1965,44,20,real,44.65909090909091,1,855,3.276167937789007,torch_grouped_active_prebuilt_oracle,10,0.594111979007721
dense_010_real,humaneval,early,measured_dense_runtime,1965,44,20,real,44.65909090909091,1,855,3.276167937789007,torch_grouped_active_prebuilt_oracle,11,0.5949119925498962
dense_010_real,humaneval,early,measured_dense_runtime,1965,44,20,real,44.65909090909091,1,855,3.276167937789007,torch_grouped_active_prebuilt_oracle,12,0.6010879874229431
dense_010_real,humaneval,early,measured_dense_runtime,1965,44,20,real,44.65909090909091,1,855,3.276167937789007,torch_grouped_active_prebuilt_oracle,13,0.6031360030174255
dense_010_real,humaneval,early,measured_dense_runtime,1965,44,20,real,44.65909090909091,1,855,3.276167937789007,torch_grouped_active_prebuilt_oracle,14,0.6070399880409241
dense_010_real,humaneval,early,measured_dense_runtime,1965,44,20,real,44.65909090909091,1,855,3.276167937789007,torch_grouped_active_prebuilt_oracle,15,0.5976960062980652
dense_010_real,humaneval,early,measured_dense_runtime,1965,44,20,real,44.65909090909091,1,855,3.276167937789007,torch_grouped_active_prebuilt_oracle,16,0.6057279706001282
dense_010_real,humaneval,early,measured_dense_runtime,1965,44,20,real,44.65909090909091,1,855,3.276167937789007,torch_grouped_active_prebuilt_oracle,17,0.6092479825019836
dense_010_real,humaneval,early,measured_dense_runtime,1965,44,20,real,44.65909090909091,1,855,3.276167937789007,torch_grouped_active_prebuilt_oracle,18,0.6150720119476318
dense_010_real,humaneval,early,measured_dense_runtime,1965,44,20,real,44.65909090909091,1,855,3.276167937789007,torch_grouped_active_prebuilt_oracle,19,0.6094719767570496
dense_010_real,humaneval,early,measured_dense_runtime,1965,44,20,real,44.65909090909091,1,855,3.276167937789007,torch_grouped_active_prebuilt_oracle,20,0.6074560284614563
dense_010_real,humaneval,early,measured_dense_runtime,1965,44,20,real,44.65909090909091,1,855,3.276167937789007,torch_grouped_active_prebuilt_oracle,21,0.6084480285644531
dense_010_real,humaneval,early,measured_dense_runtime,1965,44,20,real,44.65909090909091,1,855,3.276167937789007,torch_grouped_active_prebuilt_oracle,22,0.608128011226654
dense_010_real,humaneval,early,measured_dense_runtime,1965,44,20,real,44.65909090909091,1,855,3.276167937789007,torch_grouped_active_prebuilt_oracle,23,0.6023679971694946
dense_010_real,humaneval,early,measured_dense_runtime,1965,44,20,real,44.65909090909091,1,855,3.276167937789007,torch_grouped_active_prebuilt_oracle,24,0.5936959981918335
dense_010_real,humaneval,early,measured_dense_runtime,1965,44,20,real,44.65909090909091,1,855,3.276167937789007,torch_grouped_active_prebuilt_oracle,25,0.6137279868125916
dense_010_real,humaneval,early,measured_dense_runtime,1965,44,20,real,44.65909090909091,1,855,3.276167937789007,torch_grouped_active_prebuilt_oracle,26,0.6012160181999207
dense_010_real,humaneval,early,measured_dense_runtime,1965,44,20,real,44.65909090909091,1,855,3.276167937789007,torch_grouped_active_prebuilt_oracle,27,0.5937920212745667
dense_010_real,humaneval,early,measured_dense_runtime,1965,44,20,real,44.65909090909091,1,855,3.276167937789007,torch_grouped_active_prebuilt_oracle,28,0.5993279814720154
dense_010_real,humaneval,early,measured_dense_runtime,1965,44,20,real,44.65909090909091,1,855,3.276167937789007,torch_grouped_active_prebuilt_oracle,29,0.6017919778823853
dense_010_real,humaneval,early,measured_dense_runtime,1965,44,20,real,44.65909090909091,1,855,3.276167937789007,torch_grouped_active_prebuilt_oracle,30,0.594048023223877
dense_010_real,humaneval,early,measured_dense_runtime,1965,44,20,real,44.65909090909091,1,855,3.276167937789007,torch_grouped_active_prebuilt_oracle,31,0.6078720092773438
dense_010_real,humaneval,early,measured_dense_runtime,1965,44,20,real,44.65909090909091,1,855,3.276167937789007,torch_grouped_active_prebuilt_oracle,32,0.605184018611908
dense_010_real,humaneval,early,measured_dense_runtime,1965,44,20,real,44.65909090909091,1,855,3.276167937789007,torch_grouped_active_prebuilt_oracle,33,0.6149439811706543
dense_010_real,humaneval,early,measured_dense_runtime,1965,44,20,real,44.65909090909091,1,855,3.276167937789007,torch_grouped_active_prebuilt_oracle,34,0.6033599972724915
dense_010_real,humaneval,early,measured_dense_runtime,1965,44,20,real,44.65909090909091,1,855,3.276167937789007,torch_grouped_active_prebuilt_oracle,35,0.6009920239448547
dense_010_real,humaneval,early,measured_dense_runtime,1965,44,20,real,44.65909090909091,1,855,3.276167937789007,torch_grouped_active_prebuilt_oracle,36,0.6005439758300781
dense_010_real,humaneval,early,measured_dense_runtime,1965,44,20,real,44.65909090909091,1,855,3.276167937789007,torch_grouped_active_prebuilt_oracle,37,0.6006399989128113
dense_010_real,humaneval,early,measured_dense_runtime,1965,44,20,real,44.65909090909091,1,855,3.276167937789007,torch_grouped_active_prebuilt_oracle,38,0.5967040061950684
dense_010_real,humaneval,early,measured_dense_runtime,1965,44,20,real,44.65909090909091,1,855,3.276167937789007,torch_grouped_active_prebuilt_oracle,39,0.5999040007591248
dense_011_real,humaneval,early,measured_dense_runtime,3003,61,3,real,49.22950819672131,1,521,2.1658296602899183,torch_grouped_full64_prebuilt,0,0.7969599962234497
dense_011_real,humaneval,early,measured_dense_runtime,3003,61,3,real,49.22950819672131,1,521,2.1658296602899183,torch_grouped_full64_prebuilt,1,0.7842239737510681
dense_011_real,humaneval,early,measured_dense_runtime,3003,61,3,real,49.22950819672131,1,521,2.1658296602899183,torch_grouped_full64_prebuilt,2,0.7828480005264282
dense_011_real,humaneval,early,measured_dense_runtime,3003,61,3,real,49.22950819672131,1,521,2.1658296602899183,torch_grouped_full64_prebuilt,3,0.7855039834976196
dense_011_real,humaneval,early,measured_dense_runtime,3003,61,3,real,49.22950819672131,1,521,2.1658296602899183,torch_grouped_full64_prebuilt,4,0.7838079929351807
dense_011_real,humaneval,early,measured_dense_runtime,3003,61,3,real,49.22950819672131,1,521,2.1658296602899183,torch_grouped_full64_prebuilt,5,0.7851840257644653
dense_011_real,humaneval,early,measured_dense_runtime,3003,61,3,real,49.22950819672131,1,521,2.1658296602899183,torch_grouped_full64_prebuilt,6,0.7819839715957642
dense_011_real,humaneval,early,measured_dense_runtime,3003,61,3,real,49.22950819672131,1,521,2.1658296602899183,torch_grouped_full64_prebuilt,7,0.7830079793930054
dense_011_real,humaneval,early,measured_dense_runtime,3003,61,3,real,49.22950819672131,1,521,2.1658296602899183,torch_grouped_full64_prebuilt,8,0.7856960296630859
dense_011_real,humaneval,early,measured_dense_runtime,3003,61,3,real,49.22950819672131,1,521,2.1658296602899183,torch_grouped_full64_prebuilt,9,0.7799680233001709
dense_011_real,humaneval,early,measured_dense_runtime,3003,61,3,real,49.22950819672131,1,521,2.1658296602899183,torch_grouped_full64_prebuilt,10,0.7827839851379395
dense_011_real,humaneval,early,measured_dense_runtime,3003,61,3,real,49.22950819672131,1,521,2.1658296602899183,torch_grouped_full64_prebuilt,11,0.7857279777526855
dense_011_real,humaneval,early,measured_dense_runtime,3003,61,3,real,49.22950819672131,1,521,2.1658296602899183,torch_grouped_full64_prebuilt,12,0.787168025970459
dense_011_real,humaneval,early,measured_dense_runtime,3003,61,3,real,49.22950819672131,1,521,2.1658296602899183,torch_grouped_full64_prebuilt,13,0.7889279723167419
dense_011_real,humaneval,early,measured_dense_runtime,3003,61,3,real,49.22950819672131,1,521,2.1658296602899183,torch_grouped_full64_prebuilt,14,0.8006719946861267
dense_011_real,humaneval,early,measured_dense_runtime,3003,61,3,real,49.22950819672131,1,521,2.1658296602899183,torch_grouped_full64_prebuilt,15,0.7980800271034241
dense_011_real,humaneval,early,measured_dense_runtime,3003,61,3,real,49.22950819672131,1,521,2.1658296602899183,torch_grouped_full64_prebuilt,16,0.7981759905815125
dense_011_real,humaneval,early,measured_dense_runtime,3003,61,3,real,49.22950819672131,1,521,2.1658296602899183,torch_grouped_full64_prebuilt,17,0.7960960268974304
dense_011_real,humaneval,early,measured_dense_runtime,3003,61,3,real,49.22950819672131,1,521,2.1658296602899183,torch_grouped_full64_prebuilt,18,0.7879359722137451
dense_011_real,humaneval,early,measured_dense_runtime,3003,61,3,real,49.22950819672131,1,521,2.1658296602899183,torch_grouped_full64_prebuilt,19,0.7779520153999329
dense_011_real,humaneval,early,measured_dense_runtime,3003,61,3,real,49.22950819672131,1,521,2.1658296602899183,torch_grouped_full64_prebuilt,20,0.7864959836006165
dense_011_real,humaneval,early,measured_dense_runtime,3003,61,3,real,49.22950819672131,1,521,2.1658296602899183,torch_grouped_full64_prebuilt,21,0.7853760123252869
dense_011_real,humaneval,early,measured_dense_runtime,3003,61,3,real,49.22950819672131,1,521,2.1658296602899183,torch_grouped_full64_prebuilt,22,0.781440019607544
dense_011_real,humaneval,early,measured_dense_runtime,3003,61,3,real,49.22950819672131,1,521,2.1658296602899183,torch_grouped_full64_prebuilt,23,0.7870720028877258
dense_011_real,humaneval,early,measured_dense_runtime,3003,61,3,real,49.22950819672131,1,521,2.1658296602899183,torch_grouped_full64_prebuilt,24,0.7861440181732178
dense_011_real,humaneval,early,measured_dense_runtime,3003,61,3,real,49.22950819672131,1,521,2.1658296602899183,torch_grouped_full64_prebuilt,25,0.7968320250511169
dense_011_real,humaneval,early,measured_dense_runtime,3003,61,3,real,49.22950819672131,1,521,2.1658296602899183,torch_grouped_full64_prebuilt,26,0.7967039942741394
dense_011_real,humaneval,early,measured_dense_runtime,3003,61,3,real,49.22950819672131,1,521,2.1658296602899183,torch_grouped_full64_prebuilt,27,0.7824640274047852
dense_011_real,humaneval,early,measured_dense_runtime,3003,61,3,real,49.22950819672131,1,521,2.1658296602899183,torch_grouped_full64_prebuilt,28,0.7796480059623718
dense_011_real,humaneval,early,measured_dense_runtime,3003,61,3,real,49.22950819672131,1,521,2.1658296602899183,torch_grouped_full64_prebuilt,29,0.7796480059623718
dense_011_real,humaneval,early,measured_dense_runtime,3003,61,3,real,49.22950819672131,1,521,2.1658296602899183,torch_grouped_full64_prebuilt,30,0.7794560194015503
dense_011_real,humaneval,early,measured_dense_runtime,3003,61,3,real,49.22950819672131,1,521,2.1658296602899183,torch_grouped_full64_prebuilt,31,0.7833279967308044
dense_011_real,humaneval,early,measured_dense_runtime,3003,61,3,real,49.22950819672131,1,521,2.1658296602899183,torch_grouped_full64_prebuilt,32,0.7895359992980957
dense_011_real,humaneval,early,measured_dense_runtime,3003,61,3,real,49.22950819672131,1,521,2.1658296602899183,torch_grouped_full64_prebuilt,33,0.7859519720077515
dense_011_real,humaneval,early,measured_dense_runtime,3003,61,3,real,49.22950819672131,1,521,2.1658296602899183,torch_grouped_full64_prebuilt,34,0.782368004322052
dense_011_real,humaneval,early,measured_dense_runtime,3003,61,3,real,49.22950819672131,1,521,2.1658296602899183,torch_grouped_full64_prebuilt,35,0.7824959754943848
dense_011_real,humaneval,early,measured_dense_runtime,3003,61,3,real,49.22950819672131,1,521,2.1658296602899183,torch_grouped_full64_prebuilt,36,0.7813439965248108
dense_011_real,humaneval,early,measured_dense_runtime,3003,61,3,real,49.22950819672131,1,521,2.1658296602899183,torch_grouped_full64_prebuilt,37,0.7807040214538574
dense_011_real,humaneval,early,measured_dense_runtime,3003,61,3,real,49.22950819672131,1,521,2.1658296602899183,torch_grouped_full64_prebuilt,38,0.7904639840126038
dense_011_real,humaneval,early,measured_dense_runtime,3003,61,3,real,49.22950819672131,1,521,2.1658296602899183,torch_grouped_full64_prebuilt,39,0.7859519720077515
dense_011_real,humaneval,early,measured_dense_runtime,3003,61,3,real,49.22950819672131,1,521,2.1658296602899183,torch_grouped_full64_gpu_cumsum,0,0.8359040021896362
dense_011_real,humaneval,early,measured_dense_runtime,3003,61,3,real,49.22950819672131,1,521,2.1658296602899183,torch_grouped_full64_gpu_cumsum,1,0.8304640054702759
dense_011_real,humaneval,early,measured_dense_runtime,3003,61,3,real,49.22950819672131,1,521,2.1658296602899183,torch_grouped_full64_gpu_cumsum,2,0.8216320276260376
dense_011_real,humaneval,early,measured_dense_runtime,3003,61,3,real,49.22950819672131,1,521,2.1658296602899183,torch_grouped_full64_gpu_cumsum,3,0.8260480165481567
dense_011_real,humaneval,early,measured_dense_runtime,3003,61,3,real,49.22950819672131,1,521,2.1658296602899183,torch_grouped_full64_gpu_cumsum,4,0.8161280155181885
dense_011_real,humaneval,early,measured_dense_runtime,3003,61,3,real,49.22950819672131,1,521,2.1658296602899183,torch_grouped_full64_gpu_cumsum,5,0.8321599960327148
dense_011_real,humaneval,early,measured_dense_runtime,3003,61,3,real,49.22950819672131,1,521,2.1658296602899183,torch_grouped_full64_gpu_cumsum,6,0.8216639757156372
dense_011_real,humaneval,early,measured_dense_runtime,3003,61,3,real,49.22950819672131,1,521,2.1658296602899183,torch_grouped_full64_gpu_cumsum,7,0.8029119968414307
dense_011_real,humaneval,early,measured_dense_runtime,3003,61,3,real,49.22950819672131,1,521,2.1658296602899183,torch_grouped_full64_gpu_cumsum,8,0.8005120158195496
dense_011_real,humaneval,early,measured_dense_runtime,3003,61,3,real,49.22950819672131,1,521,2.1658296602899183,torch_grouped_full64_gpu_cumsum,9,0.7950400114059448
dense_011_real,humaneval,early,measured_dense_runtime,3003,61,3,real,49.22950819672131,1,521,2.1658296602899183,torch_grouped_full64_gpu_cumsum,10,0.8047680258750916
dense_011_real,humaneval,early,measured_dense_runtime,3003,61,3,real,49.22950819672131,1,521,2.1658296602899183,torch_grouped_full64_gpu_cumsum,11,0.8015679717063904
dense_011_real,humaneval,early,measured_dense_runtime,3003,61,3,real,49.22950819672131,1,521,2.1658296602899183,torch_grouped_full64_gpu_cumsum,12,0.7936959862709045
dense_011_real,humaneval,early,measured_dense_runtime,3003,61,3,real,49.22950819672131,1,521,2.1658296602899183,torch_grouped_full64_gpu_cumsum,13,0.8016319870948792
dense_011_real,humaneval,early,measured_dense_runtime,3003,61,3,real,49.22950819672131,1,521,2.1658296602899183,torch_grouped_full64_gpu_cumsum,14,0.8340799808502197
dense_011_real,humaneval,early,measured_dense_runtime,3003,61,3,real,49.22950819672131,1,521,2.1658296602899183,torch_grouped_full64_gpu_cumsum,15,0.8308799862861633
dense_011_real,humaneval,early,measured_dense_runtime,3003,61,3,real,49.22950819672131,1,521,2.1658296602899183,torch_grouped_full64_gpu_cumsum,16,0.7942079901695251
dense_011_real,humaneval,early,measured_dense_runtime,3003,61,3,real,49.22950819672131,1,521,2.1658296602899183,torch_grouped_full64_gpu_cumsum,17,0.7980480194091797
dense_011_real,humaneval,early,measured_dense_runtime,3003,61,3,real,49.22950819672131,1,521,2.1658296602899183,torch_grouped_full64_gpu_cumsum,18,0.7982720136642456
dense_011_real,humaneval,early,measured_dense_runtime,3003,61,3,real,49.22950819672131,1,521,2.1658296602899183,torch_grouped_full64_gpu_cumsum,19,0.8027840256690979
dense_011_real,humaneval,early,measured_dense_runtime,3003,61,3,real,49.22950819672131,1,521,2.1658296602899183,torch_grouped_full64_gpu_cumsum,20,0.793503999710083
dense_011_real,humaneval,early,measured_dense_runtime,3003,61,3,real,49.22950819672131,1,521,2.1658296602899183,torch_grouped_full64_gpu_cumsum,21,0.7999039888381958
dense_011_real,humaneval,early,measured_dense_runtime,3003,61,3,real,49.22950819672131,1,521,2.1658296602899183,torch_grouped_full64_gpu_cumsum,22,0.792959988117218
dense_011_real,humaneval,early,measured_dense_runtime,3003,61,3,real,49.22950819672131,1,521,2.1658296602899183,torch_grouped_full64_gpu_cumsum,23,0.798367977142334
dense_011_real,humaneval,early,measured_dense_runtime,3003,61,3,real,49.22950819672131,1,521,2.1658296602899183,torch_grouped_full64_gpu_cumsum,24,0.7959679961204529
dense_011_real,humaneval,early,measured_dense_runtime,3003,61,3,real,49.22950819672131,1,521,2.1658296602899183,torch_grouped_full64_gpu_cumsum,25,0.7978240251541138
dense_011_real,humaneval,early,measured_dense_runtime,3003,61,3,real,49.22950819672131,1,521,2.1658296602899183,torch_grouped_full64_gpu_cumsum,26,0.8030719757080078
dense_011_real,humaneval,early,measured_dense_runtime,3003,61,3,real,49.22950819672131,1,521,2.1658296602899183,torch_grouped_full64_gpu_cumsum,27,0.8271999955177307
dense_011_real,humaneval,early,measured_dense_runtime,3003,61,3,real,49.22950819672131,1,521,2.1658296602899183,torch_grouped_full64_gpu_cumsum,28,0.8203200101852417
dense_011_real,humaneval,early,measured_dense_runtime,3003,61,3,real,49.22950819672131,1,521,2.1658296602899183,torch_grouped_full64_gpu_cumsum,29,0.832863986492157
dense_011_real,humaneval,early,measured_dense_runtime,3003,61,3,real,49.22950819672131,1,521,2.1658296602899183,torch_grouped_full64_gpu_cumsum,30,0.8316479921340942
dense_011_real,humaneval,early,measured_dense_runtime,3003,61,3,real,49.22950819672131,1,521,2.1658296602899183,torch_grouped_full64_gpu_cumsum,31,0.8218880295753479
dense_011_real,humaneval,early,measured_dense_runtime,3003,61,3,real,49.22950819672131,1,521,2.1658296602899183,torch_grouped_full64_gpu_cumsum,32,0.8327360153198242
dense_011_real,humaneval,early,measured_dense_runtime,3003,61,3,real,49.22950819672131,1,521,2.1658296602899183,torch_grouped_full64_gpu_cumsum,33,0.8151360154151917
dense_011_real,humaneval,early,measured_dense_runtime,3003,61,3,real,49.22950819672131,1,521,2.1658296602899183,torch_grouped_full64_gpu_cumsum,34,0.8230720162391663
dense_011_real,humaneval,early,measured_dense_runtime,3003,61,3,real,49.22950819672131,1,521,2.1658296602899183,torch_grouped_full64_gpu_cumsum,35,0.8021439909934998
dense_011_real,humaneval,early,measured_dense_runtime,3003,61,3,real,49.22950819672131,1,521,2.1658296602899183,torch_grouped_full64_gpu_cumsum,36,0.805728018283844
dense_011_real,humaneval,early,measured_dense_runtime,3003,61,3,real,49.22950819672131,1,521,2.1658296602899183,torch_grouped_full64_gpu_cumsum,37,0.7954239845275879
dense_011_real,humaneval,early,measured_dense_runtime,3003,61,3,real,49.22950819672131,1,521,2.1658296602899183,torch_grouped_full64_gpu_cumsum,38,0.8021439909934998
dense_011_real,humaneval,early,measured_dense_runtime,3003,61,3,real,49.22950819672131,1,521,2.1658296602899183,torch_grouped_full64_gpu_cumsum,39,0.7943040132522583
dense_011_real,humaneval,early,measured_dense_runtime,3003,61,3,real,49.22950819672131,1,521,2.1658296602899183,torch_grouped_full64_cpu_list_offsets,0,0.8496320247650146
dense_011_real,humaneval,early,measured_dense_runtime,3003,61,3,real,49.22950819672131,1,521,2.1658296602899183,torch_grouped_full64_cpu_list_offsets,1,0.8651520013809204
dense_011_real,humaneval,early,measured_dense_runtime,3003,61,3,real,49.22950819672131,1,521,2.1658296602899183,torch_grouped_full64_cpu_list_offsets,2,0.8625919818878174
dense_011_real,humaneval,early,measured_dense_runtime,3003,61,3,real,49.22950819672131,1,521,2.1658296602899183,torch_grouped_full64_cpu_list_offsets,3,0.8523200154304504
dense_011_real,humaneval,early,measured_dense_runtime,3003,61,3,real,49.22950819672131,1,521,2.1658296602899183,torch_grouped_full64_cpu_list_offsets,4,0.8337600231170654
dense_011_real,humaneval,early,measured_dense_runtime,3003,61,3,real,49.22950819672131,1,521,2.1658296602899183,torch_grouped_full64_cpu_list_offsets,5,0.8178560137748718
dense_011_real,humaneval,early,measured_dense_runtime,3003,61,3,real,49.22950819672131,1,521,2.1658296602899183,torch_grouped_full64_cpu_list_offsets,6,0.8210240006446838
dense_011_real,humaneval,early,measured_dense_runtime,3003,61,3,real,49.22950819672131,1,521,2.1658296602899183,torch_grouped_full64_cpu_list_offsets,7,0.8196160197257996
dense_011_real,humaneval,early,measured_dense_runtime,3003,61,3,real,49.22950819672131,1,521,2.1658296602899183,torch_grouped_full64_cpu_list_offsets,8,0.8212159872055054
dense_011_real,humaneval,early,measured_dense_runtime,3003,61,3,real,49.22950819672131,1,521,2.1658296602899183,torch_grouped_full64_cpu_list_offsets,9,0.8210880160331726
dense_011_real,humaneval,early,measured_dense_runtime,3003,61,3,real,49.22950819672131,1,521,2.1658296602899183,torch_grouped_full64_cpu_list_offsets,10,0.8229119777679443
dense_011_real,humaneval,early,measured_dense_runtime,3003,61,3,real,49.22950819672131,1,521,2.1658296602899183,torch_grouped_full64_cpu_list_offsets,11,0.8204479813575745
dense_011_real,humaneval,early,measured_dense_runtime,3003,61,3,real,49.22950819672131,1,521,2.1658296602899183,torch_grouped_full64_cpu_list_offsets,12,0.8180800080299377
dense_011_real,humaneval,early,measured_dense_runtime,3003,61,3,real,49.22950819672131,1,521,2.1658296602899183,torch_grouped_full64_cpu_list_offsets,13,0.8327999711036682
dense_011_real,humaneval,early,measured_dense_runtime,3003,61,3,real,49.22950819672131,1,521,2.1658296602899183,torch_grouped_full64_cpu_list_offsets,14,0.8400639891624451
dense_011_real,humaneval,early,measured_dense_runtime,3003,61,3,real,49.22950819672131,1,521,2.1658296602899183,torch_grouped_full64_cpu_list_offsets,15,0.8440639972686768
dense_011_real,humaneval,early,measured_dense_runtime,3003,61,3,real,49.22950819672131,1,521,2.1658296602899183,torch_grouped_full64_cpu_list_offsets,16,0.8721280097961426
dense_011_real,humaneval,early,measured_dense_runtime,3003,61,3,real,49.22950819672131,1,521,2.1658296602899183,torch_grouped_full64_cpu_list_offsets,17,0.8786240220069885
dense_011_real,humaneval,early,measured_dense_runtime,3003,61,3,real,49.22950819672131,1,521,2.1658296602899183,torch_grouped_full64_cpu_list_offsets,18,0.8773120045661926
dense_011_real,humaneval,early,measured_dense_runtime,3003,61,3,real,49.22950819672131,1,521,2.1658296602899183,torch_grouped_full64_cpu_list_offsets,19,0.8745279908180237
dense_011_real,humaneval,early,measured_dense_runtime,3003,61,3,real,49.22950819672131,1,521,2.1658296602899183,torch_grouped_full64_cpu_list_offsets,20,0.8540160059928894
dense_011_real,humaneval,early,measured_dense_runtime,3003,61,3,real,49.22950819672131,1,521,2.1658296602899183,torch_grouped_full64_cpu_list_offsets,21,0.852512001991272
dense_011_real,humaneval,early,measured_dense_runtime,3003,61,3,real,49.22950819672131,1,521,2.1658296602899183,torch_grouped_full64_cpu_list_offsets,22,0.8278719782829285
dense_011_real,humaneval,early,measured_dense_runtime,3003,61,3,real,49.22950819672131,1,521,2.1658296602899183,torch_grouped_full64_cpu_list_offsets,23,0.8242560029029846
dense_011_real,humaneval,early,measured_dense_runtime,3003,61,3,real,49.22950819672131,1,521,2.1658296602899183,torch_grouped_full64_cpu_list_offsets,24,0.8151040077209473
dense_011_real,humaneval,early,measured_dense_runtime,3003,61,3,real,49.22950819672131,1,521,2.1658296602899183,torch_grouped_full64_cpu_list_offsets,25,0.8227519989013672
dense_011_real,humaneval,early,measured_dense_runtime,3003,61,3,real,49.22950819672131,1,521,2.1658296602899183,torch_grouped_full64_cpu_list_offsets,26,0.8197759985923767
dense_011_real,humaneval,early,measured_dense_runtime,3003,61,3,real,49.22950819672131,1,521,2.1658296602899183,torch_grouped_full64_cpu_list_offsets,27,0.8171520233154297
dense_011_real,humaneval,early,measured_dense_runtime,3003,61,3,real,49.22950819672131,1,521,2.1658296602899183,torch_grouped_full64_cpu_list_offsets,28,0.8668799996376038
dense_011_real,humaneval,early,measured_dense_runtime,3003,61,3,real,49.22950819672131,1,521,2.1658296602899183,torch_grouped_full64_cpu_list_offsets,29,0.8688960075378418
dense_011_real,humaneval,early,measured_dense_runtime,3003,61,3,real,49.22950819672131,1,521,2.1658296602899183,torch_grouped_full64_cpu_list_offsets,30,0.8415679931640625
dense_011_real,humaneval,early,measured_dense_runtime,3003,61,3,real,49.22950819672131,1,521,2.1658296602899183,torch_grouped_full64_cpu_list_offsets,31,0.8292800188064575
dense_011_real,humaneval,early,measured_dense_runtime,3003,61,3,real,49.22950819672131,1,521,2.1658296602899183,torch_grouped_full64_cpu_list_offsets,32,0.8192639946937561
dense_011_real,humaneval,early,measured_dense_runtime,3003,61,3,real,49.22950819672131,1,521,2.1658296602899183,torch_grouped_full64_cpu_list_offsets,33,0.8177599906921387
dense_011_real,humaneval,early,measured_dense_runtime,3003,61,3,real,49.22950819672131,1,521,2.1658296602899183,torch_grouped_full64_cpu_list_offsets,34,0.8165760040283203
dense_011_real,humaneval,early,measured_dense_runtime,3003,61,3,real,49.22950819672131,1,521,2.1658296602899183,torch_grouped_full64_cpu_list_offsets,35,0.8135039806365967
dense_011_real,humaneval,early,measured_dense_runtime,3003,61,3,real,49.22950819672131,1,521,2.1658296602899183,torch_grouped_full64_cpu_list_offsets,36,0.8203840255737305
dense_011_real,humaneval,early,measured_dense_runtime,3003,61,3,real,49.22950819672131,1,521,2.1658296602899183,torch_grouped_full64_cpu_list_offsets,37,0.8167679905891418
dense_011_real,humaneval,early,measured_dense_runtime,3003,61,3,real,49.22950819672131,1,521,2.1658296602899183,torch_grouped_full64_cpu_list_offsets,38,0.8239359855651855
dense_011_real,humaneval,early,measured_dense_runtime,3003,61,3,real,49.22950819672131,1,521,2.1658296602899183,torch_grouped_full64_cpu_list_offsets,39,0.821183979511261
dense_011_real,humaneval,early,measured_dense_runtime,3003,61,3,real,49.22950819672131,1,521,2.1658296602899183,vllm_fused,0,1.124608039855957
dense_011_real,humaneval,early,measured_dense_runtime,3003,61,3,real,49.22950819672131,1,521,2.1658296602899183,vllm_fused,1,1.1695679426193237
dense_011_real,humaneval,early,measured_dense_runtime,3003,61,3,real,49.22950819672131,1,521,2.1658296602899183,vllm_fused,2,1.220736026763916
dense_011_real,humaneval,early,measured_dense_runtime,3003,61,3,real,49.22950819672131,1,521,2.1658296602899183,vllm_fused,3,1.1752959489822388
dense_011_real,humaneval,early,measured_dense_runtime,3003,61,3,real,49.22950819672131,1,521,2.1658296602899183,vllm_fused,4,1.1640959978103638
dense_011_real,humaneval,early,measured_dense_runtime,3003,61,3,real,49.22950819672131,1,521,2.1658296602899183,vllm_fused,5,1.108672022819519
dense_011_real,humaneval,early,measured_dense_runtime,3003,61,3,real,49.22950819672131,1,521,2.1658296602899183,vllm_fused,6,1.028831958770752
dense_011_real,humaneval,early,measured_dense_runtime,3003,61,3,real,49.22950819672131,1,521,2.1658296602899183,vllm_fused,7,1.0274239778518677
dense_011_real,humaneval,early,measured_dense_runtime,3003,61,3,real,49.22950819672131,1,521,2.1658296602899183,vllm_fused,8,1.0236480236053467
dense_011_real,humaneval,early,measured_dense_runtime,3003,61,3,real,49.22950819672131,1,521,2.1658296602899183,vllm_fused,9,1.014623999595642
dense_011_real,humaneval,early,measured_dense_runtime,3003,61,3,real,49.22950819672131,1,521,2.1658296602899183,vllm_fused,10,1.1129599809646606
dense_011_real,humaneval,early,measured_dense_runtime,3003,61,3,real,49.22950819672131,1,521,2.1658296602899183,vllm_fused,11,1.1511039733886719
dense_011_real,humaneval,early,measured_dense_runtime,3003,61,3,real,49.22950819672131,1,521,2.1658296602899183,vllm_fused,12,1.0811519622802734
dense_011_real,humaneval,early,measured_dense_runtime,3003,61,3,real,49.22950819672131,1,521,2.1658296602899183,vllm_fused,13,1.046720027923584
dense_011_real,humaneval,early,measured_dense_runtime,3003,61,3,real,49.22950819672131,1,521,2.1658296602899183,vllm_fused,14,1.0297919511795044
dense_011_real,humaneval,early,measured_dense_runtime,3003,61,3,real,49.22950819672131,1,521,2.1658296602899183,vllm_fused,15,1.0288640260696411
dense_011_real,humaneval,early,measured_dense_runtime,3003,61,3,real,49.22950819672131,1,521,2.1658296602899183,vllm_fused,16,1.022047996520996
dense_011_real,humaneval,early,measured_dense_runtime,3003,61,3,real,49.22950819672131,1,521,2.1658296602899183,vllm_fused,17,1.0344959497451782
dense_011_real,humaneval,early,measured_dense_runtime,3003,61,3,real,49.22950819672131,1,521,2.1658296602899183,vllm_fused,18,1.0331840515136719
dense_011_real,humaneval,early,measured_dense_runtime,3003,61,3,real,49.22950819672131,1,521,2.1658296602899183,vllm_fused,19,1.0188159942626953
dense_011_real,humaneval,early,measured_dense_runtime,3003,61,3,real,49.22950819672131,1,521,2.1658296602899183,vllm_fused,20,1.014623999595642
dense_011_real,humaneval,early,measured_dense_runtime,3003,61,3,real,49.22950819672131,1,521,2.1658296602899183,vllm_fused,21,1.0401279926300049
dense_011_real,humaneval,early,measured_dense_runtime,3003,61,3,real,49.22950819672131,1,521,2.1658296602899183,vllm_fused,22,1.1557120084762573
dense_011_real,humaneval,early,measured_dense_runtime,3003,61,3,real,49.22950819672131,1,521,2.1658296602899183,vllm_fused,23,1.2149120569229126
dense_011_real,humaneval,early,measured_dense_runtime,3003,61,3,real,49.22950819672131,1,521,2.1658296602899183,vllm_fused,24,1.1235519647598267
dense_011_real,humaneval,early,measured_dense_runtime,3003,61,3,real,49.22950819672131,1,521,2.1658296602899183,vllm_fused,25,1.045375943183899
dense_011_real,humaneval,early,measured_dense_runtime,3003,61,3,real,49.22950819672131,1,521,2.1658296602899183,vllm_fused,26,1.0257600545883179
dense_011_real,humaneval,early,measured_dense_runtime,3003,61,3,real,49.22950819672131,1,521,2.1658296602899183,vllm_fused,27,1.0363839864730835
dense_011_real,humaneval,early,measured_dense_runtime,3003,61,3,real,49.22950819672131,1,521,2.1658296602899183,vllm_fused,28,1.0414079427719116
dense_011_real,humaneval,early,measured_dense_runtime,3003,61,3,real,49.22950819672131,1,521,2.1658296602899183,vllm_fused,29,1.0303679704666138
dense_011_real,humaneval,early,measured_dense_runtime,3003,61,3,real,49.22950819672131,1,521,2.1658296602899183,vllm_fused,30,1.127776026725769
dense_011_real,humaneval,early,measured_dense_runtime,3003,61,3,real,49.22950819672131,1,521,2.1658296602899183,vllm_fused,31,1.1979199647903442
dense_011_real,humaneval,early,measured_dense_runtime,3003,61,3,real,49.22950819672131,1,521,2.1658296602899183,vllm_fused,32,1.0744960308074951
dense_011_real,humaneval,early,measured_dense_runtime,3003,61,3,real,49.22950819672131,1,521,2.1658296602899183,vllm_fused,33,1.0289599895477295
dense_011_real,humaneval,early,measured_dense_runtime,3003,61,3,real,49.22950819672131,1,521,2.1658296602899183,vllm_fused,34,1.022047996520996
dense_011_real,humaneval,early,measured_dense_runtime,3003,61,3,real,49.22950819672131,1,521,2.1658296602899183,vllm_fused,35,1.0552639961242676
dense_011_real,humaneval,early,measured_dense_runtime,3003,61,3,real,49.22950819672131,1,521,2.1658296602899183,vllm_fused,36,1.0338879823684692
dense_011_real,humaneval,early,measured_dense_runtime,3003,61,3,real,49.22950819672131,1,521,2.1658296602899183,vllm_fused,37,1.0382720232009888
dense_011_real,humaneval,early,measured_dense_runtime,3003,61,3,real,49.22950819672131,1,521,2.1658296602899183,vllm_fused,38,1.0307519435882568
dense_011_real,humaneval,early,measured_dense_runtime,3003,61,3,real,49.22950819672131,1,521,2.1658296602899183,vllm_fused,39,1.025056004524231
dense_011_real,humaneval,early,measured_dense_runtime,3003,61,3,real,49.22950819672131,1,521,2.1658296602899183,torch_grouped_active_prebuilt_oracle,0,0.7836800217628479
dense_011_real,humaneval,early,measured_dense_runtime,3003,61,3,real,49.22950819672131,1,521,2.1658296602899183,torch_grouped_active_prebuilt_oracle,1,0.7867199778556824
dense_011_real,humaneval,early,measured_dense_runtime,3003,61,3,real,49.22950819672131,1,521,2.1658296602899183,torch_grouped_active_prebuilt_oracle,2,0.7887359857559204
dense_011_real,humaneval,early,measured_dense_runtime,3003,61,3,real,49.22950819672131,1,521,2.1658296602899183,torch_grouped_active_prebuilt_oracle,3,0.787551999092102
dense_011_real,humaneval,early,measured_dense_runtime,3003,61,3,real,49.22950819672131,1,521,2.1658296602899183,torch_grouped_active_prebuilt_oracle,4,0.7864320278167725
dense_011_real,humaneval,early,measured_dense_runtime,3003,61,3,real,49.22950819672131,1,521,2.1658296602899183,torch_grouped_active_prebuilt_oracle,5,0.788320004940033
dense_011_real,humaneval,early,measured_dense_runtime,3003,61,3,real,49.22950819672131,1,521,2.1658296602899183,torch_grouped_active_prebuilt_oracle,6,0.7835519909858704
dense_011_real,humaneval,early,measured_dense_runtime,3003,61,3,real,49.22950819672131,1,521,2.1658296602899183,torch_grouped_active_prebuilt_oracle,7,0.783456027507782
dense_011_real,humaneval,early,measured_dense_runtime,3003,61,3,real,49.22950819672131,1,521,2.1658296602899183,torch_grouped_active_prebuilt_oracle,8,0.7841280102729797
dense_011_real,humaneval,early,measured_dense_runtime,3003,61,3,real,49.22950819672131,1,521,2.1658296602899183,torch_grouped_active_prebuilt_oracle,9,0.7854080200195312
dense_011_real,humaneval,early,measured_dense_runtime,3003,61,3,real,49.22950819672131,1,521,2.1658296602899183,torch_grouped_active_prebuilt_oracle,10,0.782912015914917
dense_011_real,humaneval,early,measured_dense_runtime,3003,61,3,real,49.22950819672131,1,521,2.1658296602899183,torch_grouped_active_prebuilt_oracle,11,0.7964800000190735
dense_011_real,humaneval,early,measured_dense_runtime,3003,61,3,real,49.22950819672131,1,521,2.1658296602899183,torch_grouped_active_prebuilt_oracle,12,0.7941120266914368
dense_011_real,humaneval,early,measured_dense_runtime,3003,61,3,real,49.22950819672131,1,521,2.1658296602899183,torch_grouped_active_prebuilt_oracle,13,0.7968639731407166
dense_011_real,humaneval,early,measured_dense_runtime,3003,61,3,real,49.22950819672131,1,521,2.1658296602899183,torch_grouped_active_prebuilt_oracle,14,0.804256021976471
dense_011_real,humaneval,early,measured_dense_runtime,3003,61,3,real,49.22950819672131,1,521,2.1658296602899183,torch_grouped_active_prebuilt_oracle,15,0.7897599935531616
dense_011_real,humaneval,early,measured_dense_runtime,3003,61,3,real,49.22950819672131,1,521,2.1658296602899183,torch_grouped_active_prebuilt_oracle,16,0.7904959917068481
dense_011_real,humaneval,early,measured_dense_runtime,3003,61,3,real,49.22950819672131,1,521,2.1658296602899183,torch_grouped_active_prebuilt_oracle,17,0.7868160009384155
dense_011_real,humaneval,early,measured_dense_runtime,3003,61,3,real,49.22950819672131,1,521,2.1658296602899183,torch_grouped_active_prebuilt_oracle,18,0.7880319952964783
dense_011_real,humaneval,early,measured_dense_runtime,3003,61,3,real,49.22950819672131,1,521,2.1658296602899183,torch_grouped_active_prebuilt_oracle,19,0.784608006477356
dense_011_real,humaneval,early,measured_dense_runtime,3003,61,3,real,49.22950819672131,1,521,2.1658296602899183,torch_grouped_active_prebuilt_oracle,20,0.7889279723167419
dense_011_real,humaneval,early,measured_dense_runtime,3003,61,3,real,49.22950819672131,1,521,2.1658296602899183,torch_grouped_active_prebuilt_oracle,21,0.7803199887275696
dense_011_real,humaneval,early,measured_dense_runtime,3003,61,3,real,49.22950819672131,1,521,2.1658296602899183,torch_grouped_active_prebuilt_oracle,22,0.7879040241241455
dense_011_real,humaneval,early,measured_dense_runtime,3003,61,3,real,49.22950819672131,1,521,2.1658296602899183,torch_grouped_active_prebuilt_oracle,23,0.7882559895515442
dense_011_real,humaneval,early,measured_dense_runtime,3003,61,3,real,49.22950819672131,1,521,2.1658296602899183,torch_grouped_active_prebuilt_oracle,24,0.7934079766273499
dense_011_real,humaneval,early,measured_dense_runtime,3003,61,3,real,49.22950819672131,1,521,2.1658296602899183,torch_grouped_active_prebuilt_oracle,25,0.7990080118179321
dense_011_real,humaneval,early,measured_dense_runtime,3003,61,3,real,49.22950819672131,1,521,2.1658296602899183,torch_grouped_active_prebuilt_oracle,26,0.7913920283317566
dense_011_real,humaneval,early,measured_dense_runtime,3003,61,3,real,49.22950819672131,1,521,2.1658296602899183,torch_grouped_active_prebuilt_oracle,27,0.7880640029907227
dense_011_real,humaneval,early,measured_dense_runtime,3003,61,3,real,49.22950819672131,1,521,2.1658296602899183,torch_grouped_active_prebuilt_oracle,28,0.7876480221748352
dense_011_real,humaneval,early,measured_dense_runtime,3003,61,3,real,49.22950819672131,1,521,2.1658296602899183,torch_grouped_active_prebuilt_oracle,29,0.7794560194015503
dense_011_real,humaneval,early,measured_dense_runtime,3003,61,3,real,49.22950819672131,1,521,2.1658296602899183,torch_grouped_active_prebuilt_oracle,30,0.7894080281257629
dense_011_real,humaneval,early,measured_dense_runtime,3003,61,3,real,49.22950819672131,1,521,2.1658296602899183,torch_grouped_active_prebuilt_oracle,31,0.7897599935531616
dense_011_real,humaneval,early,measured_dense_runtime,3003,61,3,real,49.22950819672131,1,521,2.1658296602899183,torch_grouped_active_prebuilt_oracle,32,0.7885119915008545
dense_011_real,humaneval,early,measured_dense_runtime,3003,61,3,real,49.22950819672131,1,521,2.1658296602899183,torch_grouped_active_prebuilt_oracle,33,0.7895359992980957
dense_011_real,humaneval,early,measured_dense_runtime,3003,61,3,real,49.22950819672131,1,521,2.1658296602899183,torch_grouped_active_prebuilt_oracle,34,0.7806079983711243
dense_011_real,humaneval,early,measured_dense_runtime,3003,61,3,real,49.22950819672131,1,521,2.1658296602899183,torch_grouped_active_prebuilt_oracle,35,0.787168025970459
dense_011_real,humaneval,early,measured_dense_runtime,3003,61,3,real,49.22950819672131,1,521,2.1658296602899183,torch_grouped_active_prebuilt_oracle,36,0.7864320278167725
dense_011_real,humaneval,early,measured_dense_runtime,3003,61,3,real,49.22950819672131,1,521,2.1658296602899183,torch_grouped_active_prebuilt_oracle,37,0.7951679825782776
dense_011_real,humaneval,early,measured_dense_runtime,3003,61,3,real,49.22950819672131,1,521,2.1658296602899183,torch_grouped_active_prebuilt_oracle,38,0.7912960052490234
dense_011_real,humaneval,early,measured_dense_runtime,3003,61,3,real,49.22950819672131,1,521,2.1658296602899183,torch_grouped_active_prebuilt_oracle,39,0.8008319735527039
dense_012_real,humaneval,late,measured_dense_runtime,52,16,48,real,3.25,1,12,0.982088102677208,torch_grouped_full64_prebuilt,0,0.21331200003623962
dense_012_real,humaneval,late,measured_dense_runtime,52,16,48,real,3.25,1,12,0.982088102677208,torch_grouped_full64_prebuilt,1,0.21887999773025513
dense_012_real,humaneval,late,measured_dense_runtime,52,16,48,real,3.25,1,12,0.982088102677208,torch_grouped_full64_prebuilt,2,0.21171200275421143
dense_012_real,humaneval,late,measured_dense_runtime,52,16,48,real,3.25,1,12,0.982088102677208,torch_grouped_full64_prebuilt,3,0.21247999370098114
dense_012_real,humaneval,late,measured_dense_runtime,52,16,48,real,3.25,1,12,0.982088102677208,torch_grouped_full64_prebuilt,4,0.22044800221920013
dense_012_real,humaneval,late,measured_dense_runtime,52,16,48,real,3.25,1,12,0.982088102677208,torch_grouped_full64_prebuilt,5,0.2184000015258789
dense_012_real,humaneval,late,measured_dense_runtime,52,16,48,real,3.25,1,12,0.982088102677208,torch_grouped_full64_prebuilt,6,0.22246399521827698
dense_012_real,humaneval,late,measured_dense_runtime,52,16,48,real,3.25,1,12,0.982088102677208,torch_grouped_full64_prebuilt,7,0.2208320051431656
dense_012_real,humaneval,late,measured_dense_runtime,52,16,48,real,3.25,1,12,0.982088102677208,torch_grouped_full64_prebuilt,8,0.22153599560260773
dense_012_real,humaneval,late,measured_dense_runtime,52,16,48,real,3.25,1,12,0.982088102677208,torch_grouped_full64_prebuilt,9,0.2213120013475418
dense_012_real,humaneval,late,measured_dense_runtime,52,16,48,real,3.25,1,12,0.982088102677208,torch_grouped_full64_prebuilt,10,0.21606400609016418
dense_012_real,humaneval,late,measured_dense_runtime,52,16,48,real,3.25,1,12,0.982088102677208,torch_grouped_full64_prebuilt,11,0.21084800362586975
dense_012_real,humaneval,late,measured_dense_runtime,52,16,48,real,3.25,1,12,0.982088102677208,torch_grouped_full64_prebuilt,12,0.2120320051908493
dense_012_real,humaneval,late,measured_dense_runtime,52,16,48,real,3.25,1,12,0.982088102677208,torch_grouped_full64_prebuilt,13,0.21356800198554993
dense_012_real,humaneval,late,measured_dense_runtime,52,16,48,real,3.25,1,12,0.982088102677208,torch_grouped_full64_prebuilt,14,0.21296000480651855
dense_012_real,humaneval,late,measured_dense_runtime,52,16,48,real,3.25,1,12,0.982088102677208,torch_grouped_full64_prebuilt,15,0.2125760018825531
dense_012_real,humaneval,late,measured_dense_runtime,52,16,48,real,3.25,1,12,0.982088102677208,torch_grouped_full64_prebuilt,16,0.21436800062656403
dense_012_real,humaneval,late,measured_dense_runtime,52,16,48,real,3.25,1,12,0.982088102677208,torch_grouped_full64_prebuilt,17,0.21667200326919556
dense_012_real,humaneval,late,measured_dense_runtime,52,16,48,real,3.25,1,12,0.982088102677208,torch_grouped_full64_prebuilt,18,0.21184000372886658
dense_012_real,humaneval,late,measured_dense_runtime,52,16,48,real,3.25,1,12,0.982088102677208,torch_grouped_full64_prebuilt,19,0.2107200026512146
dense_012_real,humaneval,late,measured_dense_runtime,52,16,48,real,3.25,1,12,0.982088102677208,torch_grouped_full64_prebuilt,20,0.21024000644683838
dense_012_real,humaneval,late,measured_dense_runtime,52,16,48,real,3.25,1,12,0.982088102677208,torch_grouped_full64_prebuilt,21,0.21145600080490112
dense_012_real,humaneval,late,measured_dense_runtime,52,16,48,real,3.25,1,12,0.982088102677208,torch_grouped_full64_prebuilt,22,0.21196800470352173
dense_012_real,humaneval,late,measured_dense_runtime,52,16,48,real,3.25,1,12,0.982088102677208,torch_grouped_full64_prebuilt,23,0.211776003241539
dense_012_real,humaneval,late,measured_dense_runtime,52,16,48,real,3.25,1,12,0.982088102677208,torch_grouped_full64_prebuilt,24,0.2768000066280365
dense_012_real,humaneval,late,measured_dense_runtime,52,16,48,real,3.25,1,12,0.982088102677208,torch_grouped_full64_prebuilt,25,0.2104959934949875
dense_012_real,humaneval,late,measured_dense_runtime,52,16,48,real,3.25,1,12,0.982088102677208,torch_grouped_full64_prebuilt,26,0.21142399311065674
dense_012_real,humaneval,late,measured_dense_runtime,52,16,48,real,3.25,1,12,0.982088102677208,torch_grouped_full64_prebuilt,27,0.21148799359798431
dense_012_real,humaneval,late,measured_dense_runtime,52,16,48,real,3.25,1,12,0.982088102677208,torch_grouped_full64_prebuilt,28,0.21196800470352173
dense_012_real,humaneval,late,measured_dense_runtime,52,16,48,real,3.25,1,12,0.982088102677208,torch_grouped_full64_prebuilt,29,0.21187199652194977
dense_012_real,humaneval,late,measured_dense_runtime,52,16,48,real,3.25,1,12,0.982088102677208,torch_grouped_full64_prebuilt,30,0.21216000616550446
dense_012_real,humaneval,late,measured_dense_runtime,52,16,48,real,3.25,1,12,0.982088102677208,torch_grouped_full64_prebuilt,31,0.21344000101089478
dense_012_real,humaneval,late,measured_dense_runtime,52,16,48,real,3.25,1,12,0.982088102677208,torch_grouped_full64_prebuilt,32,0.20956799387931824
dense_012_real,humaneval,late,measured_dense_runtime,52,16,48,real,3.25,1,12,0.982088102677208,torch_grouped_full64_prebuilt,33,0.21484799683094025
dense_012_real,humaneval,late,measured_dense_runtime,52,16,48,real,3.25,1,12,0.982088102677208,torch_grouped_full64_prebuilt,34,0.21171200275421143
dense_012_real,humaneval,late,measured_dense_runtime,52,16,48,real,3.25,1,12,0.982088102677208,torch_grouped_full64_prebuilt,35,0.21279999613761902
dense_012_real,humaneval,late,measured_dense_runtime,52,16,48,real,3.25,1,12,0.982088102677208,torch_grouped_full64_prebuilt,36,0.2093760073184967
dense_012_real,humaneval,late,measured_dense_runtime,52,16,48,real,3.25,1,12,0.982088102677208,torch_grouped_full64_prebuilt,37,0.21462400257587433
dense_012_real,humaneval,late,measured_dense_runtime,52,16,48,real,3.25,1,12,0.982088102677208,torch_grouped_full64_prebuilt,38,0.22067199647426605
dense_012_real,humaneval,late,measured_dense_runtime,52,16,48,real,3.25,1,12,0.982088102677208,torch_grouped_full64_prebuilt,39,0.2123199999332428
dense_012_real,humaneval,late,measured_dense_runtime,52,16,48,real,3.25,1,12,0.982088102677208,torch_grouped_active_prebuilt_oracle,0,0.21292799711227417
dense_012_real,humaneval,late,measured_dense_runtime,52,16,48,real,3.25,1,12,0.982088102677208,torch_grouped_active_prebuilt_oracle,1,0.21024000644683838
dense_012_real,humaneval,late,measured_dense_runtime,52,16,48,real,3.25,1,12,0.982088102677208,torch_grouped_active_prebuilt_oracle,2,0.21007999777793884
dense_012_real,humaneval,late,measured_dense_runtime,52,16,48,real,3.25,1,12,0.982088102677208,torch_grouped_active_prebuilt_oracle,3,0.21225599944591522
dense_012_real,humaneval,late,measured_dense_runtime,52,16,48,real,3.25,1,12,0.982088102677208,torch_grouped_active_prebuilt_oracle,4,0.21011200547218323
dense_012_real,humaneval,late,measured_dense_runtime,52,16,48,real,3.25,1,12,0.982088102677208,torch_grouped_active_prebuilt_oracle,5,0.20924800634384155
dense_012_real,humaneval,late,measured_dense_runtime,52,16,48,real,3.25,1,12,0.982088102677208,torch_grouped_active_prebuilt_oracle,6,0.21001599729061127
dense_012_real,humaneval,late,measured_dense_runtime,52,16,48,real,3.25,1,12,0.982088102677208,torch_grouped_active_prebuilt_oracle,7,0.21040000021457672
dense_012_real,humaneval,late,measured_dense_runtime,52,16,48,real,3.25,1,12,0.982088102677208,torch_grouped_active_prebuilt_oracle,8,0.2104959934949875
dense_012_real,humaneval,late,measured_dense_runtime,52,16,48,real,3.25,1,12,0.982088102677208,torch_grouped_active_prebuilt_oracle,9,0.2133760005235672
dense_012_real,humaneval,late,measured_dense_runtime,52,16,48,real,3.25,1,12,0.982088102677208,torch_grouped_active_prebuilt_oracle,10,0.21459199488162994
dense_012_real,humaneval,late,measured_dense_runtime,52,16,48,real,3.25,1,12,0.982088102677208,torch_grouped_active_prebuilt_oracle,11,0.20956799387931824
dense_012_real,humaneval,late,measured_dense_runtime,52,16,48,real,3.25,1,12,0.982088102677208,torch_grouped_active_prebuilt_oracle,12,0.2130880057811737
dense_012_real,humaneval,late,measured_dense_runtime,52,16,48,real,3.25,1,12,0.982088102677208,torch_grouped_active_prebuilt_oracle,13,0.21209600567817688
dense_012_real,humaneval,late,measured_dense_runtime,52,16,48,real,3.25,1,12,0.982088102677208,torch_grouped_active_prebuilt_oracle,14,0.2115200012922287
dense_012_real,humaneval,late,measured_dense_runtime,52,16,48,real,3.25,1,12,0.982088102677208,torch_grouped_active_prebuilt_oracle,15,0.2123199999332428
dense_012_real,humaneval,late,measured_dense_runtime,52,16,48,real,3.25,1,12,0.982088102677208,torch_grouped_active_prebuilt_oracle,16,0.21318399906158447
dense_012_real,humaneval,late,measured_dense_runtime,52,16,48,real,3.25,1,12,0.982088102677208,torch_grouped_active_prebuilt_oracle,17,0.21334399282932281
dense_012_real,humaneval,late,measured_dense_runtime,52,16,48,real,3.25,1,12,0.982088102677208,torch_grouped_active_prebuilt_oracle,18,0.21078400313854218
dense_012_real,humaneval,late,measured_dense_runtime,52,16,48,real,3.25,1,12,0.982088102677208,torch_grouped_active_prebuilt_oracle,19,0.20902399718761444
dense_012_real,humaneval,late,measured_dense_runtime,52,16,48,real,3.25,1,12,0.982088102677208,torch_grouped_active_prebuilt_oracle,20,0.21196800470352173
dense_012_real,humaneval,late,measured_dense_runtime,52,16,48,real,3.25,1,12,0.982088102677208,torch_grouped_active_prebuilt_oracle,21,0.2099519968032837
dense_012_real,humaneval,late,measured_dense_runtime,52,16,48,real,3.25,1,12,0.982088102677208,torch_grouped_active_prebuilt_oracle,22,0.20960000157356262
dense_012_real,humaneval,late,measured_dense_runtime,52,16,48,real,3.25,1,12,0.982088102677208,torch_grouped_active_prebuilt_oracle,23,0.20972800254821777
dense_012_real,humaneval,late,measured_dense_runtime,52,16,48,real,3.25,1,12,0.982088102677208,torch_grouped_active_prebuilt_oracle,24,0.21568000316619873
dense_012_real,humaneval,late,measured_dense_runtime,52,16,48,real,3.25,1,12,0.982088102677208,torch_grouped_active_prebuilt_oracle,25,0.21305599808692932
dense_012_real,humaneval,late,measured_dense_runtime,52,16,48,real,3.25,1,12,0.982088102677208,torch_grouped_active_prebuilt_oracle,26,0.21174399554729462
dense_012_real,humaneval,late,measured_dense_runtime,52,16,48,real,3.25,1,12,0.982088102677208,torch_grouped_active_prebuilt_oracle,27,0.2118079960346222
dense_012_real,humaneval,late,measured_dense_runtime,52,16,48,real,3.25,1,12,0.982088102677208,torch_grouped_active_prebuilt_oracle,28,0.2123199999332428
dense_012_real,humaneval,late,measured_dense_runtime,52,16,48,real,3.25,1,12,0.982088102677208,torch_grouped_active_prebuilt_oracle,29,0.21142399311065674
dense_012_real,humaneval,late,measured_dense_runtime,52,16,48,real,3.25,1,12,0.982088102677208,torch_grouped_active_prebuilt_oracle,30,0.21174399554729462
dense_012_real,humaneval,late,measured_dense_runtime,52,16,48,real,3.25,1,12,0.982088102677208,torch_grouped_active_prebuilt_oracle,31,0.22032000124454498
dense_012_real,humaneval,late,measured_dense_runtime,52,16,48,real,3.25,1,12,0.982088102677208,torch_grouped_active_prebuilt_oracle,32,0.21756799519062042
dense_012_real,humaneval,late,measured_dense_runtime,52,16,48,real,3.25,1,12,0.982088102677208,torch_grouped_active_prebuilt_oracle,33,0.22828799486160278
dense_012_real,humaneval,late,measured_dense_runtime,52,16,48,real,3.25,1,12,0.982088102677208,torch_grouped_active_prebuilt_oracle,34,0.22515200078487396
dense_012_real,humaneval,late,measured_dense_runtime,52,16,48,real,3.25,1,12,0.982088102677208,torch_grouped_active_prebuilt_oracle,35,0.22006399929523468
dense_012_real,humaneval,late,measured_dense_runtime,52,16,48,real,3.25,1,12,0.982088102677208,torch_grouped_active_prebuilt_oracle,36,0.22035199403762817
dense_012_real,humaneval,late,measured_dense_runtime,52,16,48,real,3.25,1,12,0.982088102677208,torch_grouped_active_prebuilt_oracle,37,0.22435200214385986
dense_012_real,humaneval,late,measured_dense_runtime,52,16,48,real,3.25,1,12,0.982088102677208,torch_grouped_active_prebuilt_oracle,38,0.2207999974489212
dense_012_real,humaneval,late,measured_dense_runtime,52,16,48,real,3.25,1,12,0.982088102677208,torch_grouped_active_prebuilt_oracle,39,0.2208320051431656
dense_012_real,humaneval,late,measured_dense_runtime,52,16,48,real,3.25,1,12,0.982088102677208,vllm_fused,0,0.41388800740242004
dense_012_real,humaneval,late,measured_dense_runtime,52,16,48,real,3.25,1,12,0.982088102677208,vllm_fused,1,0.331167995929718
dense_012_real,humaneval,late,measured_dense_runtime,52,16,48,real,3.25,1,12,0.982088102677208,vllm_fused,2,0.3190400004386902
dense_012_real,humaneval,late,measured_dense_runtime,52,16,48,real,3.25,1,12,0.982088102677208,vllm_fused,3,0.3105280101299286
dense_012_real,humaneval,late,measured_dense_runtime,52,16,48,real,3.25,1,12,0.982088102677208,vllm_fused,4,0.33532801270484924
dense_012_real,humaneval,late,measured_dense_runtime,52,16,48,real,3.25,1,12,0.982088102677208,vllm_fused,5,0.3131519854068756
dense_012_real,humaneval,late,measured_dense_runtime,52,16,48,real,3.25,1,12,0.982088102677208,vllm_fused,6,0.3117760121822357
dense_012_real,humaneval,late,measured_dense_runtime,52,16,48,real,3.25,1,12,0.982088102677208,vllm_fused,7,0.31968000531196594
dense_012_real,humaneval,late,measured_dense_runtime,52,16,48,real,3.25,1,12,0.982088102677208,vllm_fused,8,0.3023679852485657
dense_012_real,humaneval,late,measured_dense_runtime,52,16,48,real,3.25,1,12,0.982088102677208,vllm_fused,9,0.3247680068016052
dense_012_real,humaneval,late,measured_dense_runtime,52,16,48,real,3.25,1,12,0.982088102677208,vllm_fused,10,0.3065919876098633
dense_012_real,humaneval,late,measured_dense_runtime,52,16,48,real,3.25,1,12,0.982088102677208,vllm_fused,11,0.30527999997138977
dense_012_real,humaneval,late,measured_dense_runtime,52,16,48,real,3.25,1,12,0.982088102677208,vllm_fused,12,0.30483201146125793
dense_012_real,humaneval,late,measured_dense_runtime,52,16,48,real,3.25,1,12,0.982088102677208,vllm_fused,13,0.3052160143852234
dense_012_real,humaneval,late,measured_dense_runtime,52,16,48,real,3.25,1,12,0.982088102677208,vllm_fused,14,0.32121598720550537
dense_012_real,humaneval,late,measured_dense_runtime,52,16,48,real,3.25,1,12,0.982088102677208,vllm_fused,15,0.3752000033855438
dense_012_real,humaneval,late,measured_dense_runtime,52,16,48,real,3.25,1,12,0.982088102677208,vllm_fused,16,0.419871985912323
dense_012_real,humaneval,late,measured_dense_runtime,52,16,48,real,3.25,1,12,0.982088102677208,vllm_fused,17,0.38860800862312317
dense_012_real,humaneval,late,measured_dense_runtime,52,16,48,real,3.25,1,12,0.982088102677208,vllm_fused,18,0.5199679732322693
dense_012_real,humaneval,late,measured_dense_runtime,52,16,48,real,3.25,1,12,0.982088102677208,vllm_fused,19,0.3596479892730713
dense_012_real,humaneval,late,measured_dense_runtime,52,16,48,real,3.25,1,12,0.982088102677208,vllm_fused,20,0.33904001116752625
dense_012_real,humaneval,late,measured_dense_runtime,52,16,48,real,3.25,1,12,0.982088102677208,vllm_fused,21,0.3201279938220978
dense_012_real,humaneval,late,measured_dense_runtime,52,16,48,real,3.25,1,12,0.982088102677208,vllm_fused,22,0.3089599907398224
dense_012_real,humaneval,late,measured_dense_runtime,52,16,48,real,3.25,1,12,0.982088102677208,vllm_fused,23,0.3149760067462921
dense_012_real,humaneval,late,measured_dense_runtime,52,16,48,real,3.25,1,12,0.982088102677208,vllm_fused,24,0.31004801392555237
dense_012_real,humaneval,late,measured_dense_runtime,52,16,48,real,3.25,1,12,0.982088102677208,vllm_fused,25,0.3194560110569
dense_012_real,humaneval,late,measured_dense_runtime,52,16,48,real,3.25,1,12,0.982088102677208,vllm_fused,26,0.3044799864292145
dense_012_real,humaneval,late,measured_dense_runtime,52,16,48,real,3.25,1,12,0.982088102677208,vllm_fused,27,0.3019520044326782
dense_012_real,humaneval,late,measured_dense_runtime,52,16,48,real,3.25,1,12,0.982088102677208,vllm_fused,28,0.3060159981250763
dense_012_real,humaneval,late,measured_dense_runtime,52,16,48,real,3.25,1,12,0.982088102677208,vllm_fused,29,0.29955199360847473
dense_012_real,humaneval,late,measured_dense_runtime,52,16,48,real,3.25,1,12,0.982088102677208,vllm_fused,30,0.3129279911518097
dense_012_real,humaneval,late,measured_dense_runtime,52,16,48,real,3.25,1,12,0.982088102677208,vllm_fused,31,0.329120010137558
dense_012_real,humaneval,late,measured_dense_runtime,52,16,48,real,3.25,1,12,0.982088102677208,vllm_fused,32,0.3038080036640167
dense_012_real,humaneval,late,measured_dense_runtime,52,16,48,real,3.25,1,12,0.982088102677208,vllm_fused,33,0.30713599920272827
dense_012_real,humaneval,late,measured_dense_runtime,52,16,48,real,3.25,1,12,0.982088102677208,vllm_fused,34,0.29631999135017395
dense_012_real,humaneval,late,measured_dense_runtime,52,16,48,real,3.25,1,12,0.982088102677208,vllm_fused,35,0.31727999448776245
dense_012_real,humaneval,late,measured_dense_runtime,52,16,48,real,3.25,1,12,0.982088102677208,vllm_fused,36,0.3052160143852234
dense_012_real,humaneval,late,measured_dense_runtime,52,16,48,real,3.25,1,12,0.982088102677208,vllm_fused,37,0.30588799715042114
dense_012_real,humaneval,late,measured_dense_runtime,52,16,48,real,3.25,1,12,0.982088102677208,vllm_fused,38,0.3112320005893707
dense_012_real,humaneval,late,measured_dense_runtime,52,16,48,real,3.25,1,12,0.982088102677208,vllm_fused,39,0.3043839931488037
dense_012_real,humaneval,late,measured_dense_runtime,52,16,48,real,3.25,1,12,0.982088102677208,torch_grouped_full64_cpu_list_offsets,0,0.29052799940109253
dense_012_real,humaneval,late,measured_dense_runtime,52,16,48,real,3.25,1,12,0.982088102677208,torch_grouped_full64_cpu_list_offsets,1,0.2587200105190277
dense_012_real,humaneval,late,measured_dense_runtime,52,16,48,real,3.25,1,12,0.982088102677208,torch_grouped_full64_cpu_list_offsets,2,0.2555199861526489
dense_012_real,humaneval,late,measured_dense_runtime,52,16,48,real,3.25,1,12,0.982088102677208,torch_grouped_full64_cpu_list_offsets,3,0.24979199469089508
dense_012_real,humaneval,late,measured_dense_runtime,52,16,48,real,3.25,1,12,0.982088102677208,torch_grouped_full64_cpu_list_offsets,4,0.24851199984550476
dense_012_real,humaneval,late,measured_dense_runtime,52,16,48,real,3.25,1,12,0.982088102677208,torch_grouped_full64_cpu_list_offsets,5,0.2516160011291504
dense_012_real,humaneval,late,measured_dense_runtime,52,16,48,real,3.25,1,12,0.982088102677208,torch_grouped_full64_cpu_list_offsets,6,0.25094398856163025
dense_012_real,humaneval,late,measured_dense_runtime,52,16,48,real,3.25,1,12,0.982088102677208,torch_grouped_full64_cpu_list_offsets,7,0.26073598861694336
dense_012_real,humaneval,late,measured_dense_runtime,52,16,48,real,3.25,1,12,0.982088102677208,torch_grouped_full64_cpu_list_offsets,8,0.2635839879512787
dense_012_real,humaneval,late,measured_dense_runtime,52,16,48,real,3.25,1,12,0.982088102677208,torch_grouped_full64_cpu_list_offsets,9,0.28748801350593567
dense_012_real,humaneval,late,measured_dense_runtime,52,16,48,real,3.25,1,12,0.982088102677208,torch_grouped_full64_cpu_list_offsets,10,0.2703680098056793
dense_012_real,humaneval,late,measured_dense_runtime,52,16,48,real,3.25,1,12,0.982088102677208,torch_grouped_full64_cpu_list_offsets,11,0.2662079930305481
dense_012_real,humaneval,late,measured_dense_runtime,52,16,48,real,3.25,1,12,0.982088102677208,torch_grouped_full64_cpu_list_offsets,12,0.3044480085372925
dense_012_real,humaneval,late,measured_dense_runtime,52,16,48,real,3.25,1,12,0.982088102677208,torch_grouped_full64_cpu_list_offsets,13,0.29548799991607666
dense_012_real,humaneval,late,measured_dense_runtime,52,16,48,real,3.25,1,12,0.982088102677208,torch_grouped_full64_cpu_list_offsets,14,0.29635199904441833
dense_012_real,humaneval,late,measured_dense_runtime,52,16,48,real,3.25,1,12,0.982088102677208,torch_grouped_full64_cpu_list_offsets,15,0.27641600370407104
dense_012_real,humaneval,late,measured_dense_runtime,52,16,48,real,3.25,1,12,0.982088102677208,torch_grouped_full64_cpu_list_offsets,16,0.27590399980545044
dense_012_real,humaneval,late,measured_dense_runtime,52,16,48,real,3.25,1,12,0.982088102677208,torch_grouped_full64_cpu_list_offsets,17,0.31119999289512634
dense_012_real,humaneval,late,measured_dense_runtime,52,16,48,real,3.25,1,12,0.982088102677208,torch_grouped_full64_cpu_list_offsets,18,0.28726398944854736
dense_012_real,humaneval,late,measured_dense_runtime,52,16,48,real,3.25,1,12,0.982088102677208,torch_grouped_full64_cpu_list_offsets,19,0.2919999957084656
dense_012_real,humaneval,late,measured_dense_runtime,52,16,48,real,3.25,1,12,0.982088102677208,torch_grouped_full64_cpu_list_offsets,20,0.2876479923725128
dense_012_real,humaneval,late,measured_dense_runtime,52,16,48,real,3.25,1,12,0.982088102677208,torch_grouped_full64_cpu_list_offsets,21,0.2924799919128418
dense_012_real,humaneval,late,measured_dense_runtime,52,16,48,real,3.25,1,12,0.982088102677208,torch_grouped_full64_cpu_list_offsets,22,0.3038719892501831
dense_012_real,humaneval,late,measured_dense_runtime,52,16,48,real,3.25,1,12,0.982088102677208,torch_grouped_full64_cpu_list_offsets,23,0.2739199995994568
dense_012_real,humaneval,late,measured_dense_runtime,52,16,48,real,3.25,1,12,0.982088102677208,torch_grouped_full64_cpu_list_offsets,24,0.28070399165153503
dense_012_real,humaneval,late,measured_dense_runtime,52,16,48,real,3.25,1,12,0.982088102677208,torch_grouped_full64_cpu_list_offsets,25,0.2722879946231842
dense_012_real,humaneval,late,measured_dense_runtime,52,16,48,real,3.25,1,12,0.982088102677208,torch_grouped_full64_cpu_list_offsets,26,0.2898559868335724
dense_012_real,humaneval,late,measured_dense_runtime,52,16,48,real,3.25,1,12,0.982088102677208,torch_grouped_full64_cpu_list_offsets,27,0.26291200518608093
dense_012_real,humaneval,late,measured_dense_runtime,52,16,48,real,3.25,1,12,0.982088102677208,torch_grouped_full64_cpu_list_offsets,28,0.2547520101070404
dense_012_real,humaneval,late,measured_dense_runtime,52,16,48,real,3.25,1,12,0.982088102677208,torch_grouped_full64_cpu_list_offsets,29,0.25196799635887146
dense_012_real,humaneval,late,measured_dense_runtime,52,16,48,real,3.25,1,12,0.982088102677208,torch_grouped_full64_cpu_list_offsets,30,0.2516799867153168
dense_012_real,humaneval,late,measured_dense_runtime,52,16,48,real,3.25,1,12,0.982088102677208,torch_grouped_full64_cpu_list_offsets,31,0.24672000110149384
dense_012_real,humaneval,late,measured_dense_runtime,52,16,48,real,3.25,1,12,0.982088102677208,torch_grouped_full64_cpu_list_offsets,32,0.24780799448490143
dense_012_real,humaneval,late,measured_dense_runtime,52,16,48,real,3.25,1,12,0.982088102677208,torch_grouped_full64_cpu_list_offsets,33,0.2515519857406616
dense_012_real,humaneval,late,measured_dense_runtime,52,16,48,real,3.25,1,12,0.982088102677208,torch_grouped_full64_cpu_list_offsets,34,0.25174400210380554
dense_012_real,humaneval,late,measured_dense_runtime,52,16,48,real,3.25,1,12,0.982088102677208,torch_grouped_full64_cpu_list_offsets,35,0.24751999974250793
dense_012_real,humaneval,late,measured_dense_runtime,52,16,48,real,3.25,1,12,0.982088102677208,torch_grouped_full64_cpu_list_offsets,36,0.24991999566555023
dense_012_real,humaneval,late,measured_dense_runtime,52,16,48,real,3.25,1,12,0.982088102677208,torch_grouped_full64_cpu_list_offsets,37,0.24531200528144836
dense_012_real,humaneval,late,measured_dense_runtime,52,16,48,real,3.25,1,12,0.982088102677208,torch_grouped_full64_cpu_list_offsets,38,0.24860799312591553
dense_012_real,humaneval,late,measured_dense_runtime,52,16,48,real,3.25,1,12,0.982088102677208,torch_grouped_full64_cpu_list_offsets,39,0.2553600072860718
dense_012_real,humaneval,late,measured_dense_runtime,52,16,48,real,3.25,1,12,0.982088102677208,torch_grouped_full64_gpu_cumsum,0,0.22748799622058868
dense_012_real,humaneval,late,measured_dense_runtime,52,16,48,real,3.25,1,12,0.982088102677208,torch_grouped_full64_gpu_cumsum,1,0.23097600042819977
dense_012_real,humaneval,late,measured_dense_runtime,52,16,48,real,3.25,1,12,0.982088102677208,torch_grouped_full64_gpu_cumsum,2,0.23001599311828613
dense_012_real,humaneval,late,measured_dense_runtime,52,16,48,real,3.25,1,12,0.982088102677208,torch_grouped_full64_gpu_cumsum,3,0.2300799936056137
dense_012_real,humaneval,late,measured_dense_runtime,52,16,48,real,3.25,1,12,0.982088102677208,torch_grouped_full64_gpu_cumsum,4,0.22652800381183624
dense_012_real,humaneval,late,measured_dense_runtime,52,16,48,real,3.25,1,12,0.982088102677208,torch_grouped_full64_gpu_cumsum,5,0.22729599475860596
dense_012_real,humaneval,late,measured_dense_runtime,52,16,48,real,3.25,1,12,0.982088102677208,torch_grouped_full64_gpu_cumsum,6,0.25065600872039795
dense_012_real,humaneval,late,measured_dense_runtime,52,16,48,real,3.25,1,12,0.982088102677208,torch_grouped_full64_gpu_cumsum,7,0.24643200635910034
dense_012_real,humaneval,late,measured_dense_runtime,52,16,48,real,3.25,1,12,0.982088102677208,torch_grouped_full64_gpu_cumsum,8,0.24105599522590637
dense_012_real,humaneval,late,measured_dense_runtime,52,16,48,real,3.25,1,12,0.982088102677208,torch_grouped_full64_gpu_cumsum,9,0.2393919974565506
dense_012_real,humaneval,late,measured_dense_runtime,52,16,48,real,3.25,1,12,0.982088102677208,torch_grouped_full64_gpu_cumsum,10,0.24217599630355835
dense_012_real,humaneval,late,measured_dense_runtime,52,16,48,real,3.25,1,12,0.982088102677208,torch_grouped_full64_gpu_cumsum,11,0.24902400374412537
dense_012_real,humaneval,late,measured_dense_runtime,52,16,48,real,3.25,1,12,0.982088102677208,torch_grouped_full64_gpu_cumsum,12,0.23430399596691132
dense_012_real,humaneval,late,measured_dense_runtime,52,16,48,real,3.25,1,12,0.982088102677208,torch_grouped_full64_gpu_cumsum,13,0.2250239998102188
dense_012_real,humaneval,late,measured_dense_runtime,52,16,48,real,3.25,1,12,0.982088102677208,torch_grouped_full64_gpu_cumsum,14,0.22991999983787537
dense_012_real,humaneval,late,measured_dense_runtime,52,16,48,real,3.25,1,12,0.982088102677208,torch_grouped_full64_gpu_cumsum,15,0.23068800568580627
dense_012_real,humaneval,late,measured_dense_runtime,52,16,48,real,3.25,1,12,0.982088102677208,torch_grouped_full64_gpu_cumsum,16,0.22518399357795715
dense_012_real,humaneval,late,measured_dense_runtime,52,16,48,real,3.25,1,12,0.982088102677208,torch_grouped_full64_gpu_cumsum,17,0.23046399652957916
dense_012_real,humaneval,late,measured_dense_runtime,52,16,48,real,3.25,1,12,0.982088102677208,torch_grouped_full64_gpu_cumsum,18,0.2250880002975464
dense_012_real,humaneval,late,measured_dense_runtime,52,16,48,real,3.25,1,12,0.982088102677208,torch_grouped_full64_gpu_cumsum,19,0.22735999524593353
dense_012_real,humaneval,late,measured_dense_runtime,52,16,48,real,3.25,1,12,0.982088102677208,torch_grouped_full64_gpu_cumsum,20,0.2242559939622879
dense_012_real,humaneval,late,measured_dense_runtime,52,16,48,real,3.25,1,12,0.982088102677208,torch_grouped_full64_gpu_cumsum,21,0.2266560047864914
dense_012_real,humaneval,late,measured_dense_runtime,52,16,48,real,3.25,1,12,0.982088102677208,torch_grouped_full64_gpu_cumsum,22,0.22358399629592896
dense_012_real,humaneval,late,measured_dense_runtime,52,16,48,real,3.25,1,12,0.982088102677208,torch_grouped_full64_gpu_cumsum,23,0.22543999552726746
dense_012_real,humaneval,late,measured_dense_runtime,52,16,48,real,3.25,1,12,0.982088102677208,torch_grouped_full64_gpu_cumsum,24,0.23017600178718567
dense_012_real,humaneval,late,measured_dense_runtime,52,16,48,real,3.25,1,12,0.982088102677208,torch_grouped_full64_gpu_cumsum,25,0.225055992603302
dense_012_real,humaneval,late,measured_dense_runtime,52,16,48,real,3.25,1,12,0.982088102677208,torch_grouped_full64_gpu_cumsum,26,0.22444799542427063
dense_012_real,humaneval,late,measured_dense_runtime,52,16,48,real,3.25,1,12,0.982088102677208,torch_grouped_full64_gpu_cumsum,27,0.22748799622058868
dense_012_real,humaneval,late,measured_dense_runtime,52,16,48,real,3.25,1,12,0.982088102677208,torch_grouped_full64_gpu_cumsum,28,0.22537599503993988
dense_012_real,humaneval,late,measured_dense_runtime,52,16,48,real,3.25,1,12,0.982088102677208,torch_grouped_full64_gpu_cumsum,29,0.22838400304317474
dense_012_real,humaneval,late,measured_dense_runtime,52,16,48,real,3.25,1,12,0.982088102677208,torch_grouped_full64_gpu_cumsum,30,0.22729599475860596
dense_012_real,humaneval,late,measured_dense_runtime,52,16,48,real,3.25,1,12,0.982088102677208,torch_grouped_full64_gpu_cumsum,31,0.22572800517082214
dense_012_real,humaneval,late,measured_dense_runtime,52,16,48,real,3.25,1,12,0.982088102677208,torch_grouped_full64_gpu_cumsum,32,0.22675199806690216
dense_012_real,humaneval,late,measured_dense_runtime,52,16,48,real,3.25,1,12,0.982088102677208,torch_grouped_full64_gpu_cumsum,33,0.2306559979915619
dense_012_real,humaneval,late,measured_dense_runtime,52,16,48,real,3.25,1,12,0.982088102677208,torch_grouped_full64_gpu_cumsum,34,0.22988800704479218
dense_012_real,humaneval,late,measured_dense_runtime,52,16,48,real,3.25,1,12,0.982088102677208,torch_grouped_full64_gpu_cumsum,35,0.2248000055551529
dense_012_real,humaneval,late,measured_dense_runtime,52,16,48,real,3.25,1,12,0.982088102677208,torch_grouped_full64_gpu_cumsum,36,0.22310400009155273
dense_012_real,humaneval,late,measured_dense_runtime,52,16,48,real,3.25,1,12,0.982088102677208,torch_grouped_full64_gpu_cumsum,37,0.2290239930152893
dense_012_real,humaneval,late,measured_dense_runtime,52,16,48,real,3.25,1,12,0.982088102677208,torch_grouped_full64_gpu_cumsum,38,0.2306559979915619
dense_012_real,humaneval,late,measured_dense_runtime,52,16,48,real,3.25,1,12,0.982088102677208,torch_grouped_full64_gpu_cumsum,39,0.227743998169899
dense_013_real,humaneval,late,measured_dense_runtime,151,46,18,real,3.282608695652174,1,13,0.9751304258390485,torch_grouped_full64_prebuilt,0,0.524511992931366
dense_013_real,humaneval,late,measured_dense_runtime,151,46,18,real,3.282608695652174,1,13,0.9751304258390485,torch_grouped_full64_prebuilt,1,0.5158079862594604
dense_013_real,humaneval,late,measured_dense_runtime,151,46,18,real,3.282608695652174,1,13,0.9751304258390485,torch_grouped_full64_prebuilt,2,0.5252479910850525
dense_013_real,humaneval,late,measured_dense_runtime,151,46,18,real,3.282608695652174,1,13,0.9751304258390485,torch_grouped_full64_prebuilt,3,0.5190079808235168
dense_013_real,humaneval,late,measured_dense_runtime,151,46,18,real,3.282608695652174,1,13,0.9751304258390485,torch_grouped_full64_prebuilt,4,0.5271679759025574
dense_013_real,humaneval,late,measured_dense_runtime,151,46,18,real,3.282608695652174,1,13,0.9751304258390485,torch_grouped_full64_prebuilt,5,0.5231360197067261
dense_013_real,humaneval,late,measured_dense_runtime,151,46,18,real,3.282608695652174,1,13,0.9751304258390485,torch_grouped_full64_prebuilt,6,0.5174400210380554
dense_013_real,humaneval,late,measured_dense_runtime,151,46,18,real,3.282608695652174,1,13,0.9751304258390485,torch_grouped_full64_prebuilt,7,0.5311359763145447
dense_013_real,humaneval,late,measured_dense_runtime,151,46,18,real,3.282608695652174,1,13,0.9751304258390485,torch_grouped_full64_prebuilt,8,0.5277760028839111
dense_013_real,humaneval,late,measured_dense_runtime,151,46,18,real,3.282608695652174,1,13,0.9751304258390485,torch_grouped_full64_prebuilt,9,0.5242559909820557
dense_013_real,humaneval,late,measured_dense_runtime,151,46,18,real,3.282608695652174,1,13,0.9751304258390485,torch_grouped_full64_prebuilt,10,0.520255982875824
dense_013_real,humaneval,late,measured_dense_runtime,151,46,18,real,3.282608695652174,1,13,0.9751304258390485,torch_grouped_full64_prebuilt,11,0.5224959850311279
dense_013_real,humaneval,late,measured_dense_runtime,151,46,18,real,3.282608695652174,1,13,0.9751304258390485,torch_grouped_full64_prebuilt,12,0.512607991695404
dense_013_real,humaneval,late,measured_dense_runtime,151,46,18,real,3.282608695652174,1,13,0.9751304258390485,torch_grouped_full64_prebuilt,13,0.5130239725112915
dense_013_real,humaneval,late,measured_dense_runtime,151,46,18,real,3.282608695652174,1,13,0.9751304258390485,torch_grouped_full64_prebuilt,14,0.5145919919013977
dense_013_real,humaneval,late,measured_dense_runtime,151,46,18,real,3.282608695652174,1,13,0.9751304258390485,torch_grouped_full64_prebuilt,15,0.5101119875907898
dense_013_real,humaneval,late,measured_dense_runtime,151,46,18,real,3.282608695652174,1,13,0.9751304258390485,torch_grouped_full64_prebuilt,16,0.5163840055465698
dense_013_real,humaneval,late,measured_dense_runtime,151,46,18,real,3.282608695652174,1,13,0.9751304258390485,torch_grouped_full64_prebuilt,17,0.5148159861564636
dense_013_real,humaneval,late,measured_dense_runtime,151,46,18,real,3.282608695652174,1,13,0.9751304258390485,torch_grouped_full64_prebuilt,18,0.5154240131378174
dense_013_real,humaneval,late,measured_dense_runtime,151,46,18,real,3.282608695652174,1,13,0.9751304258390485,torch_grouped_full64_prebuilt,19,0.5157439708709717
dense_013_real,humaneval,late,measured_dense_runtime,151,46,18,real,3.282608695652174,1,13,0.9751304258390485,torch_grouped_full64_prebuilt,20,0.5184640288352966
dense_013_real,humaneval,late,measured_dense_runtime,151,46,18,real,3.282608695652174,1,13,0.9751304258390485,torch_grouped_full64_prebuilt,21,0.5207039713859558
dense_013_real,humaneval,late,measured_dense_runtime,151,46,18,real,3.282608695652174,1,13,0.9751304258390485,torch_grouped_full64_prebuilt,22,0.5379520058631897
dense_013_real,humaneval,late,measured_dense_runtime,151,46,18,real,3.282608695652174,1,13,0.9751304258390485,torch_grouped_full64_prebuilt,23,0.5166079998016357
dense_013_real,humaneval,late,measured_dense_runtime,151,46,18,real,3.282608695652174,1,13,0.9751304258390485,torch_grouped_full64_prebuilt,24,0.5119040012359619
dense_013_real,humaneval,late,measured_dense_runtime,151,46,18,real,3.282608695652174,1,13,0.9751304258390485,torch_grouped_full64_prebuilt,25,0.5115519762039185
dense_013_real,humaneval,late,measured_dense_runtime,151,46,18,real,3.282608695652174,1,13,0.9751304258390485,torch_grouped_full64_prebuilt,26,0.5114560127258301
dense_013_real,humaneval,late,measured_dense_runtime,151,46,18,real,3.282608695652174,1,13,0.9751304258390485,torch_grouped_full64_prebuilt,27,0.5101439952850342
dense_013_real,humaneval,late,measured_dense_runtime,151,46,18,real,3.282608695652174,1,13,0.9751304258390485,torch_grouped_full64_prebuilt,28,0.5131840109825134
dense_013_real,humaneval,late,measured_dense_runtime,151,46,18,real,3.282608695652174,1,13,0.9751304258390485,torch_grouped_full64_prebuilt,29,0.514303982257843
dense_013_real,humaneval,late,measured_dense_runtime,151,46,18,real,3.282608695652174,1,13,0.9751304258390485,torch_grouped_full64_prebuilt,30,0.5115519762039185
dense_013_real,humaneval,late,measured_dense_runtime,151,46,18,real,3.282608695652174,1,13,0.9751304258390485,torch_grouped_full64_prebuilt,31,0.5150079727172852
dense_013_real,humaneval,late,measured_dense_runtime,151,46,18,real,3.282608695652174,1,13,0.9751304258390485,torch_grouped_full64_prebuilt,32,0.5129920244216919
dense_013_real,humaneval,late,measured_dense_runtime,151,46,18,real,3.282608695652174,1,13,0.9751304258390485,torch_grouped_full64_prebuilt,33,0.5115839838981628
dense_013_real,humaneval,late,measured_dense_runtime,151,46,18,real,3.282608695652174,1,13,0.9751304258390485,torch_grouped_full64_prebuilt,34,0.5179200172424316
dense_013_real,humaneval,late,measured_dense_runtime,151,46,18,real,3.282608695652174,1,13,0.9751304258390485,torch_grouped_full64_prebuilt,35,0.5125120282173157
dense_013_real,humaneval,late,measured_dense_runtime,151,46,18,real,3.282608695652174,1,13,0.9751304258390485,torch_grouped_full64_prebuilt,36,0.5097280144691467
dense_013_real,humaneval,late,measured_dense_runtime,151,46,18,real,3.282608695652174,1,13,0.9751304258390485,torch_grouped_full64_prebuilt,37,0.5162559747695923
dense_013_real,humaneval,late,measured_dense_runtime,151,46,18,real,3.282608695652174,1,13,0.9751304258390485,torch_grouped_full64_prebuilt,38,0.5133439898490906
dense_013_real,humaneval,late,measured_dense_runtime,151,46,18,real,3.282608695652174,1,13,0.9751304258390485,torch_grouped_full64_prebuilt,39,0.5139840245246887
dense_013_real,humaneval,late,measured_dense_runtime,151,46,18,real,3.282608695652174,1,13,0.9751304258390485,torch_grouped_active_prebuilt_oracle,0,0.5141440033912659
dense_013_real,humaneval,late,measured_dense_runtime,151,46,18,real,3.282608695652174,1,13,0.9751304258390485,torch_grouped_active_prebuilt_oracle,1,0.5208640098571777
dense_013_real,humaneval,late,measured_dense_runtime,151,46,18,real,3.282608695652174,1,13,0.9751304258390485,torch_grouped_active_prebuilt_oracle,2,0.5178880095481873
dense_013_real,humaneval,late,measured_dense_runtime,151,46,18,real,3.282608695652174,1,13,0.9751304258390485,torch_grouped_active_prebuilt_oracle,3,0.51801598072052
dense_013_real,humaneval,late,measured_dense_runtime,151,46,18,real,3.282608695652174,1,13,0.9751304258390485,torch_grouped_active_prebuilt_oracle,4,0.5266879796981812
dense_013_real,humaneval,late,measured_dense_runtime,151,46,18,real,3.282608695652174,1,13,0.9751304258390485,torch_grouped_active_prebuilt_oracle,5,0.5221440196037292
dense_013_real,humaneval,late,measured_dense_runtime,151,46,18,real,3.282608695652174,1,13,0.9751304258390485,torch_grouped_active_prebuilt_oracle,6,0.523967981338501
dense_013_real,humaneval,late,measured_dense_runtime,151,46,18,real,3.282608695652174,1,13,0.9751304258390485,torch_grouped_active_prebuilt_oracle,7,0.5254719853401184
dense_013_real,humaneval,late,measured_dense_runtime,151,46,18,real,3.282608695652174,1,13,0.9751304258390485,torch_grouped_active_prebuilt_oracle,8,0.5186880230903625
dense_013_real,humaneval,late,measured_dense_runtime,151,46,18,real,3.282608695652174,1,13,0.9751304258390485,torch_grouped_active_prebuilt_oracle,9,0.5313599705696106
dense_013_real,humaneval,late,measured_dense_runtime,151,46,18,real,3.282608695652174,1,13,0.9751304258390485,torch_grouped_active_prebuilt_oracle,10,0.5124160051345825
dense_013_real,humaneval,late,measured_dense_runtime,151,46,18,real,3.282608695652174,1,13,0.9751304258390485,torch_grouped_active_prebuilt_oracle,11,0.5160639882087708
dense_013_real,humaneval,late,measured_dense_runtime,151,46,18,real,3.282608695652174,1,13,0.9751304258390485,torch_grouped_active_prebuilt_oracle,12,0.5143359899520874
dense_013_real,humaneval,late,measured_dense_runtime,151,46,18,real,3.282608695652174,1,13,0.9751304258390485,torch_grouped_active_prebuilt_oracle,13,0.5124480128288269
dense_013_real,humaneval,late,measured_dense_runtime,151,46,18,real,3.282608695652174,1,13,0.9751304258390485,torch_grouped_active_prebuilt_oracle,14,0.5130879878997803
dense_013_real,humaneval,late,measured_dense_runtime,151,46,18,real,3.282608695652174,1,13,0.9751304258390485,torch_grouped_active_prebuilt_oracle,15,0.5114880204200745
dense_013_real,humaneval,late,measured_dense_runtime,151,46,18,real,3.282608695652174,1,13,0.9751304258390485,torch_grouped_active_prebuilt_oracle,16,0.5076479911804199
dense_013_real,humaneval,late,measured_dense_runtime,151,46,18,real,3.282608695652174,1,13,0.9751304258390485,torch_grouped_active_prebuilt_oracle,17,0.5104960203170776
dense_013_real,humaneval,late,measured_dense_runtime,151,46,18,real,3.282608695652174,1,13,0.9751304258390485,torch_grouped_active_prebuilt_oracle,18,0.5120319724082947
dense_013_real,humaneval,late,measured_dense_runtime,151,46,18,real,3.282608695652174,1,13,0.9751304258390485,torch_grouped_active_prebuilt_oracle,19,0.5110399723052979
dense_013_real,humaneval,late,measured_dense_runtime,151,46,18,real,3.282608695652174,1,13,0.9751304258390485,torch_grouped_active_prebuilt_oracle,20,0.5098559856414795
dense_013_real,humaneval,late,measured_dense_runtime,151,46,18,real,3.282608695652174,1,13,0.9751304258390485,torch_grouped_active_prebuilt_oracle,21,0.5192639827728271
dense_013_real,humaneval,late,measured_dense_runtime,151,46,18,real,3.282608695652174,1,13,0.9751304258390485,torch_grouped_active_prebuilt_oracle,22,0.5263360142707825
dense_013_real,humaneval,late,measured_dense_runtime,151,46,18,real,3.282608695652174,1,13,0.9751304258390485,torch_grouped_active_prebuilt_oracle,23,0.5271360278129578
dense_013_real,humaneval,late,measured_dense_runtime,151,46,18,real,3.282608695652174,1,13,0.9751304258390485,torch_grouped_active_prebuilt_oracle,24,0.5162879824638367
dense_013_real,humaneval,late,measured_dense_runtime,151,46,18,real,3.282608695652174,1,13,0.9751304258390485,torch_grouped_active_prebuilt_oracle,25,0.508575975894928
dense_013_real,humaneval,late,measured_dense_runtime,151,46,18,real,3.282608695652174,1,13,0.9751304258390485,torch_grouped_active_prebuilt_oracle,26,0.513152003288269
dense_013_real,humaneval,late,measured_dense_runtime,151,46,18,real,3.282608695652174,1,13,0.9751304258390485,torch_grouped_active_prebuilt_oracle,27,0.5166079998016357
dense_013_real,humaneval,late,measured_dense_runtime,151,46,18,real,3.282608695652174,1,13,0.9751304258390485,torch_grouped_active_prebuilt_oracle,28,0.5132160186767578
dense_013_real,humaneval,late,measured_dense_runtime,151,46,18,real,3.282608695652174,1,13,0.9751304258390485,torch_grouped_active_prebuilt_oracle,29,0.5152000188827515
dense_013_real,humaneval,late,measured_dense_runtime,151,46,18,real,3.282608695652174,1,13,0.9751304258390485,torch_grouped_active_prebuilt_oracle,30,0.5103359818458557
dense_013_real,humaneval,late,measured_dense_runtime,151,46,18,real,3.282608695652174,1,13,0.9751304258390485,torch_grouped_active_prebuilt_oracle,31,0.5071679949760437
dense_013_real,humaneval,late,measured_dense_runtime,151,46,18,real,3.282608695652174,1,13,0.9751304258390485,torch_grouped_active_prebuilt_oracle,32,0.5144000053405762
dense_013_real,humaneval,late,measured_dense_runtime,151,46,18,real,3.282608695652174,1,13,0.9751304258390485,torch_grouped_active_prebuilt_oracle,33,0.5162879824638367
dense_013_real,humaneval,late,measured_dense_runtime,151,46,18,real,3.282608695652174,1,13,0.9751304258390485,torch_grouped_active_prebuilt_oracle,34,0.5151360034942627
dense_013_real,humaneval,late,measured_dense_runtime,151,46,18,real,3.282608695652174,1,13,0.9751304258390485,torch_grouped_active_prebuilt_oracle,35,0.5191360116004944
dense_013_real,humaneval,late,measured_dense_runtime,151,46,18,real,3.282608695652174,1,13,0.9751304258390485,torch_grouped_active_prebuilt_oracle,36,0.514303982257843
dense_013_real,humaneval,late,measured_dense_runtime,151,46,18,real,3.282608695652174,1,13,0.9751304258390485,torch_grouped_active_prebuilt_oracle,37,0.5114240050315857
dense_013_real,humaneval,late,measured_dense_runtime,151,46,18,real,3.282608695652174,1,13,0.9751304258390485,torch_grouped_active_prebuilt_oracle,38,0.5118079781532288
dense_013_real,humaneval,late,measured_dense_runtime,151,46,18,real,3.282608695652174,1,13,0.9751304258390485,torch_grouped_active_prebuilt_oracle,39,0.5089920163154602
dense_013_real,humaneval,late,measured_dense_runtime,151,46,18,real,3.282608695652174,1,13,0.9751304258390485,vllm_fused,0,0.7688320279121399
dense_013_real,humaneval,late,measured_dense_runtime,151,46,18,real,3.282608695652174,1,13,0.9751304258390485,vllm_fused,1,0.7168639898300171
dense_013_real,humaneval,late,measured_dense_runtime,151,46,18,real,3.282608695652174,1,13,0.9751304258390485,vllm_fused,2,0.7746239900588989
dense_013_real,humaneval,late,measured_dense_runtime,151,46,18,real,3.282608695652174,1,13,0.9751304258390485,vllm_fused,3,0.7868800163269043
dense_013_real,humaneval,late,measured_dense_runtime,151,46,18,real,3.282608695652174,1,13,0.9751304258390485,vllm_fused,4,0.8240320086479187
dense_013_real,humaneval,late,measured_dense_runtime,151,46,18,real,3.282608695652174,1,13,0.9751304258390485,vllm_fused,5,0.7815039753913879
dense_013_real,humaneval,late,measured_dense_runtime,151,46,18,real,3.282608695652174,1,13,0.9751304258390485,vllm_fused,6,0.8292800188064575
dense_013_real,humaneval,late,measured_dense_runtime,151,46,18,real,3.282608695652174,1,13,0.9751304258390485,vllm_fused,7,0.7855679988861084
dense_013_real,humaneval,late,measured_dense_runtime,151,46,18,real,3.282608695652174,1,13,0.9751304258390485,vllm_fused,8,0.7372480034828186
dense_013_real,humaneval,late,measured_dense_runtime,151,46,18,real,3.282608695652174,1,13,0.9751304258390485,vllm_fused,9,0.8256959915161133
dense_013_real,humaneval,late,measured_dense_runtime,151,46,18,real,3.282608695652174,1,13,0.9751304258390485,vllm_fused,10,0.7862719893455505
dense_013_real,humaneval,late,measured_dense_runtime,151,46,18,real,3.282608695652174,1,13,0.9751304258390485,vllm_fused,11,0.7758399844169617
dense_013_real,humaneval,late,measured_dense_runtime,151,46,18,real,3.282608695652174,1,13,0.9751304258390485,vllm_fused,12,0.6925119757652283
dense_013_real,humaneval,late,measured_dense_runtime,151,46,18,real,3.282608695652174,1,13,0.9751304258390485,vllm_fused,13,0.6754239797592163
dense_013_real,humaneval,late,measured_dense_runtime,151,46,18,real,3.282608695652174,1,13,0.9751304258390485,vllm_fused,14,0.6897280216217041
dense_013_real,humaneval,late,measured_dense_runtime,151,46,18,real,3.282608695652174,1,13,0.9751304258390485,vllm_fused,15,0.6685439944267273
dense_013_real,humaneval,late,measured_dense_runtime,151,46,18,real,3.282608695652174,1,13,0.9751304258390485,vllm_fused,16,0.6654719710350037
dense_013_real,humaneval,late,measured_dense_runtime,151,46,18,real,3.282608695652174,1,13,0.9751304258390485,vllm_fused,17,0.6680639982223511
dense_013_real,humaneval,late,measured_dense_runtime,151,46,18,real,3.282608695652174,1,13,0.9751304258390485,vllm_fused,18,0.6654719710350037
dense_013_real,humaneval,late,measured_dense_runtime,151,46,18,real,3.282608695652174,1,13,0.9751304258390485,vllm_fused,19,0.6702079772949219
dense_013_real,humaneval,late,measured_dense_runtime,151,46,18,real,3.282608695652174,1,13,0.9751304258390485,vllm_fused,20,0.7942720055580139
dense_013_real,humaneval,late,measured_dense_runtime,151,46,18,real,3.282608695652174,1,13,0.9751304258390485,vllm_fused,21,0.7938240170478821
dense_013_real,humaneval,late,measured_dense_runtime,151,46,18,real,3.282608695652174,1,13,0.9751304258390485,vllm_fused,22,0.7191680073738098
dense_013_real,humaneval,late,measured_dense_runtime,151,46,18,real,3.282608695652174,1,13,0.9751304258390485,vllm_fused,23,0.6995519995689392
dense_013_real,humaneval,late,measured_dense_runtime,151,46,18,real,3.282608695652174,1,13,0.9751304258390485,vllm_fused,24,0.6884160041809082
dense_013_real,humaneval,late,measured_dense_runtime,151,46,18,real,3.282608695652174,1,13,0.9751304258390485,vllm_fused,25,0.6717759966850281
dense_013_real,humaneval,late,measured_dense_runtime,151,46,18,real,3.282608695652174,1,13,0.9751304258390485,vllm_fused,26,0.6606720089912415
dense_013_real,humaneval,late,measured_dense_runtime,151,46,18,real,3.282608695652174,1,13,0.9751304258390485,vllm_fused,27,0.6682559847831726
dense_013_real,humaneval,late,measured_dense_runtime,151,46,18,real,3.282608695652174,1,13,0.9751304258390485,vllm_fused,28,0.6727679967880249
dense_013_real,humaneval,late,measured_dense_runtime,151,46,18,real,3.282608695652174,1,13,0.9751304258390485,vllm_fused,29,0.6642240285873413
dense_013_real,humaneval,late,measured_dense_runtime,151,46,18,real,3.282608695652174,1,13,0.9751304258390485,vllm_fused,30,0.6661440134048462
dense_013_real,humaneval,late,measured_dense_runtime,151,46,18,real,3.282608695652174,1,13,0.9751304258390485,vllm_fused,31,0.6683520078659058
dense_013_real,humaneval,late,measured_dense_runtime,151,46,18,real,3.282608695652174,1,13,0.9751304258390485,vllm_fused,32,0.6626240015029907
dense_013_real,humaneval,late,measured_dense_runtime,151,46,18,real,3.282608695652174,1,13,0.9751304258390485,vllm_fused,33,0.6553279757499695
dense_013_real,humaneval,late,measured_dense_runtime,151,46,18,real,3.282608695652174,1,13,0.9751304258390485,vllm_fused,34,0.6696959733963013
dense_013_real,humaneval,late,measured_dense_runtime,151,46,18,real,3.282608695652174,1,13,0.9751304258390485,vllm_fused,35,0.6644160151481628
dense_013_real,humaneval,late,measured_dense_runtime,151,46,18,real,3.282608695652174,1,13,0.9751304258390485,vllm_fused,36,0.6949120163917542
dense_013_real,humaneval,late,measured_dense_runtime,151,46,18,real,3.282608695652174,1,13,0.9751304258390485,vllm_fused,37,0.7799360156059265
dense_013_real,humaneval,late,measured_dense_runtime,151,46,18,real,3.282608695652174,1,13,0.9751304258390485,vllm_fused,38,0.753279983997345
dense_013_real,humaneval,late,measured_dense_runtime,151,46,18,real,3.282608695652174,1,13,0.9751304258390485,vllm_fused,39,0.8270080089569092
dense_013_real,humaneval,late,measured_dense_runtime,151,46,18,real,3.282608695652174,1,13,0.9751304258390485,torch_grouped_full64_gpu_cumsum,0,0.5364159941673279
dense_013_real,humaneval,late,measured_dense_runtime,151,46,18,real,3.282608695652174,1,13,0.9751304258390485,torch_grouped_full64_gpu_cumsum,1,0.5294399857521057
dense_013_real,humaneval,late,measured_dense_runtime,151,46,18,real,3.282608695652174,1,13,0.9751304258390485,torch_grouped_full64_gpu_cumsum,2,0.5406399965286255
dense_013_real,humaneval,late,measured_dense_runtime,151,46,18,real,3.282608695652174,1,13,0.9751304258390485,torch_grouped_full64_gpu_cumsum,3,0.5456640124320984
dense_013_real,humaneval,late,measured_dense_runtime,151,46,18,real,3.282608695652174,1,13,0.9751304258390485,torch_grouped_full64_gpu_cumsum,4,0.5489280223846436
dense_013_real,humaneval,late,measured_dense_runtime,151,46,18,real,3.282608695652174,1,13,0.9751304258390485,torch_grouped_full64_gpu_cumsum,5,0.5414720177650452
dense_013_real,humaneval,late,measured_dense_runtime,151,46,18,real,3.282608695652174,1,13,0.9751304258390485,torch_grouped_full64_gpu_cumsum,6,0.531711995601654
dense_013_real,humaneval,late,measured_dense_runtime,151,46,18,real,3.282608695652174,1,13,0.9751304258390485,torch_grouped_full64_gpu_cumsum,7,0.5226560235023499
dense_013_real,humaneval,late,measured_dense_runtime,151,46,18,real,3.282608695652174,1,13,0.9751304258390485,torch_grouped_full64_gpu_cumsum,8,0.523967981338501
dense_013_real,humaneval,late,measured_dense_runtime,151,46,18,real,3.282608695652174,1,13,0.9751304258390485,torch_grouped_full64_gpu_cumsum,9,0.5240640044212341
dense_013_real,humaneval,late,measured_dense_runtime,151,46,18,real,3.282608695652174,1,13,0.9751304258390485,torch_grouped_full64_gpu_cumsum,10,0.5300800204277039
dense_013_real,humaneval,late,measured_dense_runtime,151,46,18,real,3.282608695652174,1,13,0.9751304258390485,torch_grouped_full64_gpu_cumsum,11,0.521344006061554
dense_013_real,humaneval,late,measured_dense_runtime,151,46,18,real,3.282608695652174,1,13,0.9751304258390485,torch_grouped_full64_gpu_cumsum,12,0.5266559720039368
dense_013_real,humaneval,late,measured_dense_runtime,151,46,18,real,3.282608695652174,1,13,0.9751304258390485,torch_grouped_full64_gpu_cumsum,13,0.5219839811325073
dense_013_real,humaneval,late,measured_dense_runtime,151,46,18,real,3.282608695652174,1,13,0.9751304258390485,torch_grouped_full64_gpu_cumsum,14,0.5282880067825317
dense_013_real,humaneval,late,measured_dense_runtime,151,46,18,real,3.282608695652174,1,13,0.9751304258390485,torch_grouped_full64_gpu_cumsum,15,0.531328022480011
dense_013_real,humaneval,late,measured_dense_runtime,151,46,18,real,3.282608695652174,1,13,0.9751304258390485,torch_grouped_full64_gpu_cumsum,16,0.5268800258636475
dense_013_real,humaneval,late,measured_dense_runtime,151,46,18,real,3.282608695652174,1,13,0.9751304258390485,torch_grouped_full64_gpu_cumsum,17,0.5285120010375977
dense_013_real,humaneval,late,measured_dense_runtime,151,46,18,real,3.282608695652174,1,13,0.9751304258390485,torch_grouped_full64_gpu_cumsum,18,0.5185920000076294
dense_013_real,humaneval,late,measured_dense_runtime,151,46,18,real,3.282608695652174,1,13,0.9751304258390485,torch_grouped_full64_gpu_cumsum,19,0.5261440277099609
dense_013_real,humaneval,late,measured_dense_runtime,151,46,18,real,3.282608695652174,1,13,0.9751304258390485,torch_grouped_full64_gpu_cumsum,20,0.5264639854431152
dense_013_real,humaneval,late,measured_dense_runtime,151,46,18,real,3.282608695652174,1,13,0.9751304258390485,torch_grouped_full64_gpu_cumsum,21,0.5243520140647888
dense_013_real,humaneval,late,measured_dense_runtime,151,46,18,real,3.282608695652174,1,13,0.9751304258390485,torch_grouped_full64_gpu_cumsum,22,0.5292159914970398
dense_013_real,humaneval,late,measured_dense_runtime,151,46,18,real,3.282608695652174,1,13,0.9751304258390485,torch_grouped_full64_gpu_cumsum,23,0.543615996837616
dense_013_real,humaneval,late,measured_dense_runtime,151,46,18,real,3.282608695652174,1,13,0.9751304258390485,torch_grouped_full64_gpu_cumsum,24,0.5366079807281494
dense_013_real,humaneval,late,measured_dense_runtime,151,46,18,real,3.282608695652174,1,13,0.9751304258390485,torch_grouped_full64_gpu_cumsum,25,0.5407040119171143
dense_013_real,humaneval,late,measured_dense_runtime,151,46,18,real,3.282608695652174,1,13,0.9751304258390485,torch_grouped_full64_gpu_cumsum,26,0.5611839890480042
dense_013_real,humaneval,late,measured_dense_runtime,151,46,18,real,3.282608695652174,1,13,0.9751304258390485,torch_grouped_full64_gpu_cumsum,27,0.5529279708862305
dense_013_real,humaneval,late,measured_dense_runtime,151,46,18,real,3.282608695652174,1,13,0.9751304258390485,torch_grouped_full64_gpu_cumsum,28,0.5498239994049072
dense_013_real,humaneval,late,measured_dense_runtime,151,46,18,real,3.282608695652174,1,13,0.9751304258390485,torch_grouped_full64_gpu_cumsum,29,0.5538240075111389
dense_013_real,humaneval,late,measured_dense_runtime,151,46,18,real,3.282608695652174,1,13,0.9751304258390485,torch_grouped_full64_gpu_cumsum,30,0.5478399991989136
dense_013_real,humaneval,late,measured_dense_runtime,151,46,18,real,3.282608695652174,1,13,0.9751304258390485,torch_grouped_full64_gpu_cumsum,31,0.5438719987869263
dense_013_real,humaneval,late,measured_dense_runtime,151,46,18,real,3.282608695652174,1,13,0.9751304258390485,torch_grouped_full64_gpu_cumsum,32,0.5486720204353333
dense_013_real,humaneval,late,measured_dense_runtime,151,46,18,real,3.282608695652174,1,13,0.9751304258390485,torch_grouped_full64_gpu_cumsum,33,0.5468800067901611
dense_013_real,humaneval,late,measured_dense_runtime,151,46,18,real,3.282608695652174,1,13,0.9751304258390485,torch_grouped_full64_gpu_cumsum,34,0.5441920161247253
dense_013_real,humaneval,late,measured_dense_runtime,151,46,18,real,3.282608695652174,1,13,0.9751304258390485,torch_grouped_full64_gpu_cumsum,35,0.5561919808387756
dense_013_real,humaneval,late,measured_dense_runtime,151,46,18,real,3.282608695652174,1,13,0.9751304258390485,torch_grouped_full64_gpu_cumsum,36,0.5365440249443054
dense_013_real,humaneval,late,measured_dense_runtime,151,46,18,real,3.282608695652174,1,13,0.9751304258390485,torch_grouped_full64_gpu_cumsum,37,0.5277119874954224
dense_013_real,humaneval,late,measured_dense_runtime,151,46,18,real,3.282608695652174,1,13,0.9751304258390485,torch_grouped_full64_gpu_cumsum,38,0.5253440141677856
dense_013_real,humaneval,late,measured_dense_runtime,151,46,18,real,3.282608695652174,1,13,0.9751304258390485,torch_grouped_full64_gpu_cumsum,39,0.5266559720039368
dense_013_real,humaneval,late,measured_dense_runtime,151,46,18,real,3.282608695652174,1,13,0.9751304258390485,torch_grouped_full64_cpu_list_offsets,0,0.5717120170593262
dense_013_real,humaneval,late,measured_dense_runtime,151,46,18,real,3.282608695652174,1,13,0.9751304258390485,torch_grouped_full64_cpu_list_offsets,1,0.5483520030975342
dense_013_real,humaneval,late,measured_dense_runtime,151,46,18,real,3.282608695652174,1,13,0.9751304258390485,torch_grouped_full64_cpu_list_offsets,2,0.5448960065841675
dense_013_real,humaneval,late,measured_dense_runtime,151,46,18,real,3.282608695652174,1,13,0.9751304258390485,torch_grouped_full64_cpu_list_offsets,3,0.5601599812507629
dense_013_real,humaneval,late,measured_dense_runtime,151,46,18,real,3.282608695652174,1,13,0.9751304258390485,torch_grouped_full64_cpu_list_offsets,4,0.5518400073051453
dense_013_real,humaneval,late,measured_dense_runtime,151,46,18,real,3.282608695652174,1,13,0.9751304258390485,torch_grouped_full64_cpu_list_offsets,5,0.5476160049438477
dense_013_real,humaneval,late,measured_dense_runtime,151,46,18,real,3.282608695652174,1,13,0.9751304258390485,torch_grouped_full64_cpu_list_offsets,6,0.5782399773597717
dense_013_real,humaneval,late,measured_dense_runtime,151,46,18,real,3.282608695652174,1,13,0.9751304258390485,torch_grouped_full64_cpu_list_offsets,7,0.584991991519928
dense_013_real,humaneval,late,measured_dense_runtime,151,46,18,real,3.282608695652174,1,13,0.9751304258390485,torch_grouped_full64_cpu_list_offsets,8,0.6055359840393066
dense_013_real,humaneval,late,measured_dense_runtime,151,46,18,real,3.282608695652174,1,13,0.9751304258390485,torch_grouped_full64_cpu_list_offsets,9,0.5603200197219849
dense_013_real,humaneval,late,measured_dense_runtime,151,46,18,real,3.282608695652174,1,13,0.9751304258390485,torch_grouped_full64_cpu_list_offsets,10,0.5473920106887817
dense_013_real,humaneval,late,measured_dense_runtime,151,46,18,real,3.282608695652174,1,13,0.9751304258390485,torch_grouped_full64_cpu_list_offsets,11,0.5474879741668701
dense_013_real,humaneval,late,measured_dense_runtime,151,46,18,real,3.282608695652174,1,13,0.9751304258390485,torch_grouped_full64_cpu_list_offsets,12,0.54448002576828
dense_013_real,humaneval,late,measured_dense_runtime,151,46,18,real,3.282608695652174,1,13,0.9751304258390485,torch_grouped_full64_cpu_list_offsets,13,0.5418879985809326
dense_013_real,humaneval,late,measured_dense_runtime,151,46,18,real,3.282608695652174,1,13,0.9751304258390485,torch_grouped_full64_cpu_list_offsets,14,0.5424000024795532
dense_013_real,humaneval,late,measured_dense_runtime,151,46,18,real,3.282608695652174,1,13,0.9751304258390485,torch_grouped_full64_cpu_list_offsets,15,0.5446079969406128
dense_013_real,humaneval,late,measured_dense_runtime,151,46,18,real,3.282608695652174,1,13,0.9751304258390485,torch_grouped_full64_cpu_list_offsets,16,0.5462719798088074
dense_013_real,humaneval,late,measured_dense_runtime,151,46,18,real,3.282608695652174,1,13,0.9751304258390485,torch_grouped_full64_cpu_list_offsets,17,0.5431039929389954
dense_013_real,humaneval,late,measured_dense_runtime,151,46,18,real,3.282608695652174,1,13,0.9751304258390485,torch_grouped_full64_cpu_list_offsets,18,0.5449600219726562
dense_013_real,humaneval,late,measured_dense_runtime,151,46,18,real,3.282608695652174,1,13,0.9751304258390485,torch_grouped_full64_cpu_list_offsets,19,0.5441280007362366
dense_013_real,humaneval,late,measured_dense_runtime,151,46,18,real,3.282608695652174,1,13,0.9751304258390485,torch_grouped_full64_cpu_list_offsets,20,0.5428159832954407
dense_013_real,humaneval,late,measured_dense_runtime,151,46,18,real,3.282608695652174,1,13,0.9751304258390485,torch_grouped_full64_cpu_list_offsets,21,0.5398399829864502
dense_013_real,humaneval,late,measured_dense_runtime,151,46,18,real,3.282608695652174,1,13,0.9751304258390485,torch_grouped_full64_cpu_list_offsets,22,0.5430399775505066
dense_013_real,humaneval,late,measured_dense_runtime,151,46,18,real,3.282608695652174,1,13,0.9751304258390485,torch_grouped_full64_cpu_list_offsets,23,0.5401920080184937
dense_013_real,humaneval,late,measured_dense_runtime,151,46,18,real,3.282608695652174,1,13,0.9751304258390485,torch_grouped_full64_cpu_list_offsets,24,0.5373759865760803
dense_013_real,humaneval,late,measured_dense_runtime,151,46,18,real,3.282608695652174,1,13,0.9751304258390485,torch_grouped_full64_cpu_list_offsets,25,0.5436480045318604
dense_013_real,humaneval,late,measured_dense_runtime,151,46,18,real,3.282608695652174,1,13,0.9751304258390485,torch_grouped_full64_cpu_list_offsets,26,0.5565119981765747
dense_013_real,humaneval,late,measured_dense_runtime,151,46,18,real,3.282608695652174,1,13,0.9751304258390485,torch_grouped_full64_cpu_list_offsets,27,0.5717440247535706
dense_013_real,humaneval,late,measured_dense_runtime,151,46,18,real,3.282608695652174,1,13,0.9751304258390485,torch_grouped_full64_cpu_list_offsets,28,0.5908480286598206
dense_013_real,humaneval,late,measured_dense_runtime,151,46,18,real,3.282608695652174,1,13,0.9751304258390485,torch_grouped_full64_cpu_list_offsets,29,0.6006720066070557
dense_013_real,humaneval,late,measured_dense_runtime,151,46,18,real,3.282608695652174,1,13,0.9751304258390485,torch_grouped_full64_cpu_list_offsets,30,0.5837119817733765
dense_013_real,humaneval,late,measured_dense_runtime,151,46,18,real,3.282608695652174,1,13,0.9751304258390485,torch_grouped_full64_cpu_list_offsets,31,0.5882560014724731
dense_013_real,humaneval,late,measured_dense_runtime,151,46,18,real,3.282608695652174,1,13,0.9751304258390485,torch_grouped_full64_cpu_list_offsets,32,0.5758399963378906
dense_013_real,humaneval,late,measured_dense_runtime,151,46,18,real,3.282608695652174,1,13,0.9751304258390485,torch_grouped_full64_cpu_list_offsets,33,0.5667200088500977
dense_013_real,humaneval,late,measured_dense_runtime,151,46,18,real,3.282608695652174,1,13,0.9751304258390485,torch_grouped_full64_cpu_list_offsets,34,0.5486080050468445
dense_013_real,humaneval,late,measured_dense_runtime,151,46,18,real,3.282608695652174,1,13,0.9751304258390485,torch_grouped_full64_cpu_list_offsets,35,0.544160008430481
dense_013_real,humaneval,late,measured_dense_runtime,151,46,18,real,3.282608695652174,1,13,0.9751304258390485,torch_grouped_full64_cpu_list_offsets,36,0.5413119792938232
dense_013_real,humaneval,late,measured_dense_runtime,151,46,18,real,3.282608695652174,1,13,0.9751304258390485,torch_grouped_full64_cpu_list_offsets,37,0.5472639799118042
dense_013_real,humaneval,late,measured_dense_runtime,151,46,18,real,3.282608695652174,1,13,0.9751304258390485,torch_grouped_full64_cpu_list_offsets,38,0.5455359816551208
dense_013_real,humaneval,late,measured_dense_runtime,151,46,18,real,3.282608695652174,1,13,0.9751304258390485,torch_grouped_full64_cpu_list_offsets,39,0.5420479774475098
dense_014_real,humaneval,late,measured_dense_runtime,932,58,6,real,16.06896551724138,1,80,1.1483032931810604,torch_grouped_full64_gpu_cumsum,0,0.6938560009002686
dense_014_real,humaneval,late,measured_dense_runtime,932,58,6,real,16.06896551724138,1,80,1.1483032931810604,torch_grouped_full64_gpu_cumsum,1,0.669215977191925
dense_014_real,humaneval,late,measured_dense_runtime,932,58,6,real,16.06896551724138,1,80,1.1483032931810604,torch_grouped_full64_gpu_cumsum,2,0.6480000019073486
dense_014_real,humaneval,late,measured_dense_runtime,932,58,6,real,16.06896551724138,1,80,1.1483032931810604,torch_grouped_full64_gpu_cumsum,3,0.6428160071372986
dense_014_real,humaneval,late,measured_dense_runtime,932,58,6,real,16.06896551724138,1,80,1.1483032931810604,torch_grouped_full64_gpu_cumsum,4,0.6387199759483337
dense_014_real,humaneval,late,measured_dense_runtime,932,58,6,real,16.06896551724138,1,80,1.1483032931810604,torch_grouped_full64_gpu_cumsum,5,0.6409919857978821
dense_014_real,humaneval,late,measured_dense_runtime,932,58,6,real,16.06896551724138,1,80,1.1483032931810604,torch_grouped_full64_gpu_cumsum,6,0.6494079828262329
dense_014_real,humaneval,late,measured_dense_runtime,932,58,6,real,16.06896551724138,1,80,1.1483032931810604,torch_grouped_full64_gpu_cumsum,7,0.6371840238571167
dense_014_real,humaneval,late,measured_dense_runtime,932,58,6,real,16.06896551724138,1,80,1.1483032931810604,torch_grouped_full64_gpu_cumsum,8,0.6550719738006592
dense_014_real,humaneval,late,measured_dense_runtime,932,58,6,real,16.06896551724138,1,80,1.1483032931810604,torch_grouped_full64_gpu_cumsum,9,0.6579840183258057
dense_014_real,humaneval,late,measured_dense_runtime,932,58,6,real,16.06896551724138,1,80,1.1483032931810604,torch_grouped_full64_gpu_cumsum,10,0.668832004070282
dense_014_real,humaneval,late,measured_dense_runtime,932,58,6,real,16.06896551724138,1,80,1.1483032931810604,torch_grouped_full64_gpu_cumsum,11,0.6435520052909851
dense_014_real,humaneval,late,measured_dense_runtime,932,58,6,real,16.06896551724138,1,80,1.1483032931810604,torch_grouped_full64_gpu_cumsum,12,0.6423360109329224
dense_014_real,humaneval,late,measured_dense_runtime,932,58,6,real,16.06896551724138,1,80,1.1483032931810604,torch_grouped_full64_gpu_cumsum,13,0.6446080207824707
dense_014_real,humaneval,late,measured_dense_runtime,932,58,6,real,16.06896551724138,1,80,1.1483032931810604,torch_grouped_full64_gpu_cumsum,14,0.6372479796409607
dense_014_real,humaneval,late,measured_dense_runtime,932,58,6,real,16.06896551724138,1,80,1.1483032931810604,torch_grouped_full64_gpu_cumsum,15,0.6438080072402954
dense_014_real,humaneval,late,measured_dense_runtime,932,58,6,real,16.06896551724138,1,80,1.1483032931810604,torch_grouped_full64_gpu_cumsum,16,0.6405439972877502
dense_014_real,humaneval,late,measured_dense_runtime,932,58,6,real,16.06896551724138,1,80,1.1483032931810604,torch_grouped_full64_gpu_cumsum,17,0.6452800035476685
dense_014_real,humaneval,late,measured_dense_runtime,932,58,6,real,16.06896551724138,1,80,1.1483032931810604,torch_grouped_full64_gpu_cumsum,18,0.641759991645813
dense_014_real,humaneval,late,measured_dense_runtime,932,58,6,real,16.06896551724138,1,80,1.1483032931810604,torch_grouped_full64_gpu_cumsum,19,0.6405119895935059
dense_014_real,humaneval,late,measured_dense_runtime,932,58,6,real,16.06896551724138,1,80,1.1483032931810604,torch_grouped_full64_gpu_cumsum,20,0.6382719874382019
dense_014_real,humaneval,late,measured_dense_runtime,932,58,6,real,16.06896551724138,1,80,1.1483032931810604,torch_grouped_full64_gpu_cumsum,21,0.639519989490509
dense_014_real,humaneval,late,measured_dense_runtime,932,58,6,real,16.06896551724138,1,80,1.1483032931810604,torch_grouped_full64_gpu_cumsum,22,0.6359360218048096
dense_014_real,humaneval,late,measured_dense_runtime,932,58,6,real,16.06896551724138,1,80,1.1483032931810604,torch_grouped_full64_gpu_cumsum,23,0.6357120275497437
dense_014_real,humaneval,late,measured_dense_runtime,932,58,6,real,16.06896551724138,1,80,1.1483032931810604,torch_grouped_full64_gpu_cumsum,24,0.6403840184211731
dense_014_real,humaneval,late,measured_dense_runtime,932,58,6,real,16.06896551724138,1,80,1.1483032931810604,torch_grouped_full64_gpu_cumsum,25,0.6528639793395996
dense_014_real,humaneval,late,measured_dense_runtime,932,58,6,real,16.06896551724138,1,80,1.1483032931810604,torch_grouped_full64_gpu_cumsum,26,0.6587520241737366
dense_014_real,humaneval,late,measured_dense_runtime,932,58,6,real,16.06896551724138,1,80,1.1483032931810604,torch_grouped_full64_gpu_cumsum,27,0.6637759804725647
dense_014_real,humaneval,late,measured_dense_runtime,932,58,6,real,16.06896551724138,1,80,1.1483032931810604,torch_grouped_full64_gpu_cumsum,28,0.6827520132064819
dense_014_real,humaneval,late,measured_dense_runtime,932,58,6,real,16.06896551724138,1,80,1.1483032931810604,torch_grouped_full64_gpu_cumsum,29,0.6619840264320374
dense_014_real,humaneval,late,measured_dense_runtime,932,58,6,real,16.06896551724138,1,80,1.1483032931810604,torch_grouped_full64_gpu_cumsum,30,0.6843199729919434
dense_014_real,humaneval,late,measured_dense_runtime,932,58,6,real,16.06896551724138,1,80,1.1483032931810604,torch_grouped_full64_gpu_cumsum,31,0.660256028175354
dense_014_real,humaneval,late,measured_dense_runtime,932,58,6,real,16.06896551724138,1,80,1.1483032931810604,torch_grouped_full64_gpu_cumsum,32,0.6573759913444519
dense_014_real,humaneval,late,measured_dense_runtime,932,58,6,real,16.06896551724138,1,80,1.1483032931810604,torch_grouped_full64_gpu_cumsum,33,0.673695981502533
dense_014_real,humaneval,late,measured_dense_runtime,932,58,6,real,16.06896551724138,1,80,1.1483032931810604,torch_grouped_full64_gpu_cumsum,34,0.6568959951400757
dense_014_real,humaneval,late,measured_dense_runtime,932,58,6,real,16.06896551724138,1,80,1.1483032931810604,torch_grouped_full64_gpu_cumsum,35,0.6635199785232544
dense_014_real,humaneval,late,measured_dense_runtime,932,58,6,real,16.06896551724138,1,80,1.1483032931810604,torch_grouped_full64_gpu_cumsum,36,0.6573439836502075
dense_014_real,humaneval,late,measured_dense_runtime,932,58,6,real,16.06896551724138,1,80,1.1483032931810604,torch_grouped_full64_gpu_cumsum,37,0.6462720036506653
dense_014_real,humaneval,late,measured_dense_runtime,932,58,6,real,16.06896551724138,1,80,1.1483032931810604,torch_grouped_full64_gpu_cumsum,38,0.6603839993476868
dense_014_real,humaneval,late,measured_dense_runtime,932,58,6,real,16.06896551724138,1,80,1.1483032931810604,torch_grouped_full64_gpu_cumsum,39,0.6466240286827087
dense_014_real,humaneval,late,measured_dense_runtime,932,58,6,real,16.06896551724138,1,80,1.1483032931810604,torch_grouped_full64_prebuilt,0,0.6327360272407532
dense_014_real,humaneval,late,measured_dense_runtime,932,58,6,real,16.06896551724138,1,80,1.1483032931810604,torch_grouped_full64_prebuilt,1,0.6451519727706909
dense_014_real,humaneval,late,measured_dense_runtime,932,58,6,real,16.06896551724138,1,80,1.1483032931810604,torch_grouped_full64_prebuilt,2,0.6341440081596375
dense_014_real,humaneval,late,measured_dense_runtime,932,58,6,real,16.06896551724138,1,80,1.1483032931810604,torch_grouped_full64_prebuilt,3,0.6368319988250732
dense_014_real,humaneval,late,measured_dense_runtime,932,58,6,real,16.06896551724138,1,80,1.1483032931810604,torch_grouped_full64_prebuilt,4,0.6385599970817566
dense_014_real,humaneval,late,measured_dense_runtime,932,58,6,real,16.06896551724138,1,80,1.1483032931810604,torch_grouped_full64_prebuilt,5,0.6252800226211548
dense_014_real,humaneval,late,measured_dense_runtime,932,58,6,real,16.06896551724138,1,80,1.1483032931810604,torch_grouped_full64_prebuilt,6,0.6239680051803589
dense_014_real,humaneval,late,measured_dense_runtime,932,58,6,real,16.06896551724138,1,80,1.1483032931810604,torch_grouped_full64_prebuilt,7,0.6333119869232178
dense_014_real,humaneval,late,measured_dense_runtime,932,58,6,real,16.06896551724138,1,80,1.1483032931810604,torch_grouped_full64_prebuilt,8,0.6268799901008606
dense_014_real,humaneval,late,measured_dense_runtime,932,58,6,real,16.06896551724138,1,80,1.1483032931810604,torch_grouped_full64_prebuilt,9,0.6308799982070923
dense_014_real,humaneval,late,measured_dense_runtime,932,58,6,real,16.06896551724138,1,80,1.1483032931810604,torch_grouped_full64_prebuilt,10,0.628928005695343
dense_014_real,humaneval,late,measured_dense_runtime,932,58,6,real,16.06896551724138,1,80,1.1483032931810604,torch_grouped_full64_prebuilt,11,0.630016028881073
dense_014_real,humaneval,late,measured_dense_runtime,932,58,6,real,16.06896551724138,1,80,1.1483032931810604,torch_grouped_full64_prebuilt,12,0.6282879710197449
dense_014_real,humaneval,late,measured_dense_runtime,932,58,6,real,16.06896551724138,1,80,1.1483032931810604,torch_grouped_full64_prebuilt,13,0.6319360136985779
dense_014_real,humaneval,late,measured_dense_runtime,932,58,6,real,16.06896551724138,1,80,1.1483032931810604,torch_grouped_full64_prebuilt,14,0.6339520215988159
dense_014_real,humaneval,late,measured_dense_runtime,932,58,6,real,16.06896551724138,1,80,1.1483032931810604,torch_grouped_full64_prebuilt,15,0.6312639713287354
dense_014_real,humaneval,late,measured_dense_runtime,932,58,6,real,16.06896551724138,1,80,1.1483032931810604,torch_grouped_full64_prebuilt,16,0.7390400171279907
dense_014_real,humaneval,late,measured_dense_runtime,932,58,6,real,16.06896551724138,1,80,1.1483032931810604,torch_grouped_full64_prebuilt,17,0.6332799792289734
dense_014_real,humaneval,late,measured_dense_runtime,932,58,6,real,16.06896551724138,1,80,1.1483032931810604,torch_grouped_full64_prebuilt,18,0.6270080208778381
dense_014_real,humaneval,late,measured_dense_runtime,932,58,6,real,16.06896551724138,1,80,1.1483032931810604,torch_grouped_full64_prebuilt,19,0.6328639984130859
dense_014_real,humaneval,late,measured_dense_runtime,932,58,6,real,16.06896551724138,1,80,1.1483032931810604,torch_grouped_full64_prebuilt,20,0.6299520134925842
dense_014_real,humaneval,late,measured_dense_runtime,932,58,6,real,16.06896551724138,1,80,1.1483032931810604,torch_grouped_full64_prebuilt,21,0.6260160207748413
dense_014_real,humaneval,late,measured_dense_runtime,932,58,6,real,16.06896551724138,1,80,1.1483032931810604,torch_grouped_full64_prebuilt,22,0.6273279786109924
dense_014_real,humaneval,late,measured_dense_runtime,932,58,6,real,16.06896551724138,1,80,1.1483032931810604,torch_grouped_full64_prebuilt,23,0.6288959980010986
dense_014_real,humaneval,late,measured_dense_runtime,932,58,6,real,16.06896551724138,1,80,1.1483032931810604,torch_grouped_full64_prebuilt,24,0.6258559823036194
dense_014_real,humaneval,late,measured_dense_runtime,932,58,6,real,16.06896551724138,1,80,1.1483032931810604,torch_grouped_full64_prebuilt,25,0.6249279975891113
dense_014_real,humaneval,late,measured_dense_runtime,932,58,6,real,16.06896551724138,1,80,1.1483032931810604,torch_grouped_full64_prebuilt,26,0.6270719766616821
dense_014_real,humaneval,late,measured_dense_runtime,932,58,6,real,16.06896551724138,1,80,1.1483032931810604,torch_grouped_full64_prebuilt,27,0.6262400150299072
dense_014_real,humaneval,late,measured_dense_runtime,932,58,6,real,16.06896551724138,1,80,1.1483032931810604,torch_grouped_full64_prebuilt,28,0.6330239772796631
dense_014_real,humaneval,late,measured_dense_runtime,932,58,6,real,16.06896551724138,1,80,1.1483032931810604,torch_grouped_full64_prebuilt,29,0.6328960061073303
dense_014_real,humaneval,late,measured_dense_runtime,932,58,6,real,16.06896551724138,1,80,1.1483032931810604,torch_grouped_full64_prebuilt,30,0.6456639766693115
dense_014_real,humaneval,late,measured_dense_runtime,932,58,6,real,16.06896551724138,1,80,1.1483032931810604,torch_grouped_full64_prebuilt,31,0.6410239934921265
dense_014_real,humaneval,late,measured_dense_runtime,932,58,6,real,16.06896551724138,1,80,1.1483032931810604,torch_grouped_full64_prebuilt,32,0.6412799954414368
dense_014_real,humaneval,late,measured_dense_runtime,932,58,6,real,16.06896551724138,1,80,1.1483032931810604,torch_grouped_full64_prebuilt,33,0.6367999911308289
dense_014_real,humaneval,late,measured_dense_runtime,932,58,6,real,16.06896551724138,1,80,1.1483032931810604,torch_grouped_full64_prebuilt,34,0.6243199706077576
dense_014_real,humaneval,late,measured_dense_runtime,932,58,6,real,16.06896551724138,1,80,1.1483032931810604,torch_grouped_full64_prebuilt,35,0.6328639984130859
dense_014_real,humaneval,late,measured_dense_runtime,932,58,6,real,16.06896551724138,1,80,1.1483032931810604,torch_grouped_full64_prebuilt,36,0.6294080018997192
dense_014_real,humaneval,late,measured_dense_runtime,932,58,6,real,16.06896551724138,1,80,1.1483032931810604,torch_grouped_full64_prebuilt,37,0.6287360191345215
dense_014_real,humaneval,late,measured_dense_runtime,932,58,6,real,16.06896551724138,1,80,1.1483032931810604,torch_grouped_full64_prebuilt,38,0.6277120113372803
dense_014_real,humaneval,late,measured_dense_runtime,932,58,6,real,16.06896551724138,1,80,1.1483032931810604,torch_grouped_full64_prebuilt,39,0.6279360055923462
dense_014_real,humaneval,late,measured_dense_runtime,932,58,6,real,16.06896551724138,1,80,1.1483032931810604,torch_grouped_active_prebuilt_oracle,0,0.6488000154495239
dense_014_real,humaneval,late,measured_dense_runtime,932,58,6,real,16.06896551724138,1,80,1.1483032931810604,torch_grouped_active_prebuilt_oracle,1,0.6383680105209351
dense_014_real,humaneval,late,measured_dense_runtime,932,58,6,real,16.06896551724138,1,80,1.1483032931810604,torch_grouped_active_prebuilt_oracle,2,0.6435199975967407
dense_014_real,humaneval,late,measured_dense_runtime,932,58,6,real,16.06896551724138,1,80,1.1483032931810604,torch_grouped_active_prebuilt_oracle,3,0.6383360028266907
dense_014_real,humaneval,late,measured_dense_runtime,932,58,6,real,16.06896551724138,1,80,1.1483032931810604,torch_grouped_active_prebuilt_oracle,4,0.6381120085716248
dense_014_real,humaneval,late,measured_dense_runtime,932,58,6,real,16.06896551724138,1,80,1.1483032931810604,torch_grouped_active_prebuilt_oracle,5,0.6345919966697693
dense_014_real,humaneval,late,measured_dense_runtime,932,58,6,real,16.06896551724138,1,80,1.1483032931810604,torch_grouped_active_prebuilt_oracle,6,0.6264960169792175
dense_014_real,humaneval,late,measured_dense_runtime,932,58,6,real,16.06896551724138,1,80,1.1483032931810604,torch_grouped_active_prebuilt_oracle,7,0.6268159747123718
dense_014_real,humaneval,late,measured_dense_runtime,932,58,6,real,16.06896551724138,1,80,1.1483032931810604,torch_grouped_active_prebuilt_oracle,8,0.6291840076446533
dense_014_real,humaneval,late,measured_dense_runtime,932,58,6,real,16.06896551724138,1,80,1.1483032931810604,torch_grouped_active_prebuilt_oracle,9,0.6301440000534058
dense_014_real,humaneval,late,measured_dense_runtime,932,58,6,real,16.06896551724138,1,80,1.1483032931810604,torch_grouped_active_prebuilt_oracle,10,0.6244480013847351
dense_014_real,humaneval,late,measured_dense_runtime,932,58,6,real,16.06896551724138,1,80,1.1483032931810604,torch_grouped_active_prebuilt_oracle,11,0.6264960169792175
dense_014_real,humaneval,late,measured_dense_runtime,932,58,6,real,16.06896551724138,1,80,1.1483032931810604,torch_grouped_active_prebuilt_oracle,12,0.6258559823036194
dense_014_real,humaneval,late,measured_dense_runtime,932,58,6,real,16.06896551724138,1,80,1.1483032931810604,torch_grouped_active_prebuilt_oracle,13,0.6210240125656128
dense_014_real,humaneval,late,measured_dense_runtime,932,58,6,real,16.06896551724138,1,80,1.1483032931810604,torch_grouped_active_prebuilt_oracle,14,0.6283519864082336
dense_014_real,humaneval,late,measured_dense_runtime,932,58,6,real,16.06896551724138,1,80,1.1483032931810604,torch_grouped_active_prebuilt_oracle,15,0.6261759996414185
dense_014_real,humaneval,late,measured_dense_runtime,932,58,6,real,16.06896551724138,1,80,1.1483032931810604,torch_grouped_active_prebuilt_oracle,16,0.6276159882545471
dense_014_real,humaneval,late,measured_dense_runtime,932,58,6,real,16.06896551724138,1,80,1.1483032931810604,torch_grouped_active_prebuilt_oracle,17,0.627839982509613
dense_014_real,humaneval,late,measured_dense_runtime,932,58,6,real,16.06896551724138,1,80,1.1483032931810604,torch_grouped_active_prebuilt_oracle,18,0.6285439729690552
dense_014_real,humaneval,late,measured_dense_runtime,932,58,6,real,16.06896551724138,1,80,1.1483032931810604,torch_grouped_active_prebuilt_oracle,19,0.6285759806632996
dense_014_real,humaneval,late,measured_dense_runtime,932,58,6,real,16.06896551724138,1,80,1.1483032931810604,torch_grouped_active_prebuilt_oracle,20,0.6309760212898254
dense_014_real,humaneval,late,measured_dense_runtime,932,58,6,real,16.06896551724138,1,80,1.1483032931810604,torch_grouped_active_prebuilt_oracle,21,0.6216639876365662
dense_014_real,humaneval,late,measured_dense_runtime,932,58,6,real,16.06896551724138,1,80,1.1483032931810604,torch_grouped_active_prebuilt_oracle,22,0.6283519864082336
dense_014_real,humaneval,late,measured_dense_runtime,932,58,6,real,16.06896551724138,1,80,1.1483032931810604,torch_grouped_active_prebuilt_oracle,23,0.6299840211868286
dense_014_real,humaneval,late,measured_dense_runtime,932,58,6,real,16.06896551724138,1,80,1.1483032931810604,torch_grouped_active_prebuilt_oracle,24,0.628063976764679
dense_014_real,humaneval,late,measured_dense_runtime,932,58,6,real,16.06896551724138,1,80,1.1483032931810604,torch_grouped_active_prebuilt_oracle,25,0.6279039978981018
dense_014_real,humaneval,late,measured_dense_runtime,932,58,6,real,16.06896551724138,1,80,1.1483032931810604,torch_grouped_active_prebuilt_oracle,26,0.6287040114402771
dense_014_real,humaneval,late,measured_dense_runtime,932,58,6,real,16.06896551724138,1,80,1.1483032931810604,torch_grouped_active_prebuilt_oracle,27,0.6238399744033813
dense_014_real,humaneval,late,measured_dense_runtime,932,58,6,real,16.06896551724138,1,80,1.1483032931810604,torch_grouped_active_prebuilt_oracle,28,0.6247040033340454
dense_014_real,humaneval,late,measured_dense_runtime,932,58,6,real,16.06896551724138,1,80,1.1483032931810604,torch_grouped_active_prebuilt_oracle,29,0.6258879899978638
dense_014_real,humaneval,late,measured_dense_runtime,932,58,6,real,16.06896551724138,1,80,1.1483032931810604,torch_grouped_active_prebuilt_oracle,30,0.6383039951324463
dense_014_real,humaneval,late,measured_dense_runtime,932,58,6,real,16.06896551724138,1,80,1.1483032931810604,torch_grouped_active_prebuilt_oracle,31,0.634335994720459
dense_014_real,humaneval,late,measured_dense_runtime,932,58,6,real,16.06896551724138,1,80,1.1483032931810604,torch_grouped_active_prebuilt_oracle,32,0.6350079774856567
dense_014_real,humaneval,late,measured_dense_runtime,932,58,6,real,16.06896551724138,1,80,1.1483032931810604,torch_grouped_active_prebuilt_oracle,33,0.6335679888725281
dense_014_real,humaneval,late,measured_dense_runtime,932,58,6,real,16.06896551724138,1,80,1.1483032931810604,torch_grouped_active_prebuilt_oracle,34,0.6319360136985779
dense_014_real,humaneval,late,measured_dense_runtime,932,58,6,real,16.06896551724138,1,80,1.1483032931810604,torch_grouped_active_prebuilt_oracle,35,0.6304960250854492
dense_014_real,humaneval,late,measured_dense_runtime,932,58,6,real,16.06896551724138,1,80,1.1483032931810604,torch_grouped_active_prebuilt_oracle,36,0.6274880170822144
dense_014_real,humaneval,late,measured_dense_runtime,932,58,6,real,16.06896551724138,1,80,1.1483032931810604,torch_grouped_active_prebuilt_oracle,37,0.6249279975891113
dense_014_real,humaneval,late,measured_dense_runtime,932,58,6,real,16.06896551724138,1,80,1.1483032931810604,torch_grouped_active_prebuilt_oracle,38,0.6239359974861145
dense_014_real,humaneval,late,measured_dense_runtime,932,58,6,real,16.06896551724138,1,80,1.1483032931810604,torch_grouped_active_prebuilt_oracle,39,0.6313599944114685
dense_014_real,humaneval,late,measured_dense_runtime,932,58,6,real,16.06896551724138,1,80,1.1483032931810604,torch_grouped_full64_cpu_list_offsets,0,0.7021759748458862
dense_014_real,humaneval,late,measured_dense_runtime,932,58,6,real,16.06896551724138,1,80,1.1483032931810604,torch_grouped_full64_cpu_list_offsets,1,0.678272008895874
dense_014_real,humaneval,late,measured_dense_runtime,932,58,6,real,16.06896551724138,1,80,1.1483032931810604,torch_grouped_full64_cpu_list_offsets,2,0.6695359945297241
dense_014_real,humaneval,late,measured_dense_runtime,932,58,6,real,16.06896551724138,1,80,1.1483032931810604,torch_grouped_full64_cpu_list_offsets,3,0.6642559766769409
dense_014_real,humaneval,late,measured_dense_runtime,932,58,6,real,16.06896551724138,1,80,1.1483032931810604,torch_grouped_full64_cpu_list_offsets,4,0.6714239716529846
dense_014_real,humaneval,late,measured_dense_runtime,932,58,6,real,16.06896551724138,1,80,1.1483032931810604,torch_grouped_full64_cpu_list_offsets,5,0.6614400148391724
dense_014_real,humaneval,late,measured_dense_runtime,932,58,6,real,16.06896551724138,1,80,1.1483032931810604,torch_grouped_full64_cpu_list_offsets,6,0.6641280055046082
dense_014_real,humaneval,late,measured_dense_runtime,932,58,6,real,16.06896551724138,1,80,1.1483032931810604,torch_grouped_full64_cpu_list_offsets,7,0.6600319743156433
dense_014_real,humaneval,late,measured_dense_runtime,932,58,6,real,16.06896551724138,1,80,1.1483032931810604,torch_grouped_full64_cpu_list_offsets,8,0.6667199730873108
dense_014_real,humaneval,late,measured_dense_runtime,932,58,6,real,16.06896551724138,1,80,1.1483032931810604,torch_grouped_full64_cpu_list_offsets,9,0.6722559928894043
dense_014_real,humaneval,late,measured_dense_runtime,932,58,6,real,16.06896551724138,1,80,1.1483032931810604,torch_grouped_full64_cpu_list_offsets,10,0.6651520133018494
dense_014_real,humaneval,late,measured_dense_runtime,932,58,6,real,16.06896551724138,1,80,1.1483032931810604,torch_grouped_full64_cpu_list_offsets,11,0.662335991859436
dense_014_real,humaneval,late,measured_dense_runtime,932,58,6,real,16.06896551724138,1,80,1.1483032931810604,torch_grouped_full64_cpu_list_offsets,12,0.6674240231513977
dense_014_real,humaneval,late,measured_dense_runtime,932,58,6,real,16.06896551724138,1,80,1.1483032931810604,torch_grouped_full64_cpu_list_offsets,13,0.6639360189437866
dense_014_real,humaneval,late,measured_dense_runtime,932,58,6,real,16.06896551724138,1,80,1.1483032931810604,torch_grouped_full64_cpu_list_offsets,14,0.6660799980163574
dense_014_real,humaneval,late,measured_dense_runtime,932,58,6,real,16.06896551724138,1,80,1.1483032931810604,torch_grouped_full64_cpu_list_offsets,15,0.7029759883880615
dense_014_real,humaneval,late,measured_dense_runtime,932,58,6,real,16.06896551724138,1,80,1.1483032931810604,torch_grouped_full64_cpu_list_offsets,16,0.6926720142364502
dense_014_real,humaneval,late,measured_dense_runtime,932,58,6,real,16.06896551724138,1,80,1.1483032931810604,torch_grouped_full64_cpu_list_offsets,17,0.7303680181503296
dense_014_real,humaneval,late,measured_dense_runtime,932,58,6,real,16.06896551724138,1,80,1.1483032931810604,torch_grouped_full64_cpu_list_offsets,18,0.677951991558075
dense_014_real,humaneval,late,measured_dense_runtime,932,58,6,real,16.06896551724138,1,80,1.1483032931810604,torch_grouped_full64_cpu_list_offsets,19,0.6645119786262512
dense_014_real,humaneval,late,measured_dense_runtime,932,58,6,real,16.06896551724138,1,80,1.1483032931810604,torch_grouped_full64_cpu_list_offsets,20,0.6734399795532227
dense_014_real,humaneval,late,measured_dense_runtime,932,58,6,real,16.06896551724138,1,80,1.1483032931810604,torch_grouped_full64_cpu_list_offsets,21,0.6605439782142639
dense_014_real,humaneval,late,measured_dense_runtime,932,58,6,real,16.06896551724138,1,80,1.1483032931810604,torch_grouped_full64_cpu_list_offsets,22,0.6624959707260132
dense_014_real,humaneval,late,measured_dense_runtime,932,58,6,real,16.06896551724138,1,80,1.1483032931810604,torch_grouped_full64_cpu_list_offsets,23,0.6653119921684265
dense_014_real,humaneval,late,measured_dense_runtime,932,58,6,real,16.06896551724138,1,80,1.1483032931810604,torch_grouped_full64_cpu_list_offsets,24,0.6753280162811279
dense_014_real,humaneval,late,measured_dense_runtime,932,58,6,real,16.06896551724138,1,80,1.1483032931810604,torch_grouped_full64_cpu_list_offsets,25,0.6649280190467834
dense_014_real,humaneval,late,measured_dense_runtime,932,58,6,real,16.06896551724138,1,80,1.1483032931810604,torch_grouped_full64_cpu_list_offsets,26,0.6613439917564392
dense_014_real,humaneval,late,measured_dense_runtime,932,58,6,real,16.06896551724138,1,80,1.1483032931810604,torch_grouped_full64_cpu_list_offsets,27,0.7012159824371338
dense_014_real,humaneval,late,measured_dense_runtime,932,58,6,real,16.06896551724138,1,80,1.1483032931810604,torch_grouped_full64_cpu_list_offsets,28,0.697920024394989
dense_014_real,humaneval,late,measured_dense_runtime,932,58,6,real,16.06896551724138,1,80,1.1483032931810604,torch_grouped_full64_cpu_list_offsets,29,0.7162560224533081
dense_014_real,humaneval,late,measured_dense_runtime,932,58,6,real,16.06896551724138,1,80,1.1483032931810604,torch_grouped_full64_cpu_list_offsets,30,0.6653119921684265
dense_014_real,humaneval,late,measured_dense_runtime,932,58,6,real,16.06896551724138,1,80,1.1483032931810604,torch_grouped_full64_cpu_list_offsets,31,0.6615039706230164
dense_014_real,humaneval,late,measured_dense_runtime,932,58,6,real,16.06896551724138,1,80,1.1483032931810604,torch_grouped_full64_cpu_list_offsets,32,0.6732479929924011
dense_014_real,humaneval,late,measured_dense_runtime,932,58,6,real,16.06896551724138,1,80,1.1483032931810604,torch_grouped_full64_cpu_list_offsets,33,0.6684160232543945
dense_014_real,humaneval,late,measured_dense_runtime,932,58,6,real,16.06896551724138,1,80,1.1483032931810604,torch_grouped_full64_cpu_list_offsets,34,0.6536319851875305
dense_014_real,humaneval,late,measured_dense_runtime,932,58,6,real,16.06896551724138,1,80,1.1483032931810604,torch_grouped_full64_cpu_list_offsets,35,0.6637120246887207
dense_014_real,humaneval,late,measured_dense_runtime,932,58,6,real,16.06896551724138,1,80,1.1483032931810604,torch_grouped_full64_cpu_list_offsets,36,0.6633920073509216
dense_014_real,humaneval,late,measured_dense_runtime,932,58,6,real,16.06896551724138,1,80,1.1483032931810604,torch_grouped_full64_cpu_list_offsets,37,0.6717439889907837
dense_014_real,humaneval,late,measured_dense_runtime,932,58,6,real,16.06896551724138,1,80,1.1483032931810604,torch_grouped_full64_cpu_list_offsets,38,0.6588799953460693
dense_014_real,humaneval,late,measured_dense_runtime,932,58,6,real,16.06896551724138,1,80,1.1483032931810604,torch_grouped_full64_cpu_list_offsets,39,0.6609920263290405
dense_014_real,humaneval,late,measured_dense_runtime,932,58,6,real,16.06896551724138,1,80,1.1483032931810604,vllm_fused,0,0.9358720183372498
dense_014_real,humaneval,late,measured_dense_runtime,932,58,6,real,16.06896551724138,1,80,1.1483032931810604,vllm_fused,1,0.871999979019165
dense_014_real,humaneval,late,measured_dense_runtime,932,58,6,real,16.06896551724138,1,80,1.1483032931810604,vllm_fused,2,0.8635200262069702
dense_014_real,humaneval,late,measured_dense_runtime,932,58,6,real,16.06896551724138,1,80,1.1483032931810604,vllm_fused,3,0.8583359718322754
dense_014_real,humaneval,late,measured_dense_runtime,932,58,6,real,16.06896551724138,1,80,1.1483032931810604,vllm_fused,4,0.8541439771652222
dense_014_real,humaneval,late,measured_dense_runtime,932,58,6,real,16.06896551724138,1,80,1.1483032931810604,vllm_fused,5,0.8435519933700562
dense_014_real,humaneval,late,measured_dense_runtime,932,58,6,real,16.06896551724138,1,80,1.1483032931810604,vllm_fused,6,0.8383359909057617
dense_014_real,humaneval,late,measured_dense_runtime,932,58,6,real,16.06896551724138,1,80,1.1483032931810604,vllm_fused,7,0.8537600040435791
dense_014_real,humaneval,late,measured_dense_runtime,932,58,6,real,16.06896551724138,1,80,1.1483032931810604,vllm_fused,8,0.9445760250091553
dense_014_real,humaneval,late,measured_dense_runtime,932,58,6,real,16.06896551724138,1,80,1.1483032931810604,vllm_fused,9,0.946399986743927
dense_014_real,humaneval,late,measured_dense_runtime,932,58,6,real,16.06896551724138,1,80,1.1483032931810604,vllm_fused,10,1.0055359601974487
dense_014_real,humaneval,late,measured_dense_runtime,932,58,6,real,16.06896551724138,1,80,1.1483032931810604,vllm_fused,11,0.9822080135345459
dense_014_real,humaneval,late,measured_dense_runtime,932,58,6,real,16.06896551724138,1,80,1.1483032931810604,vllm_fused,12,0.9619519710540771
dense_014_real,humaneval,late,measured_dense_runtime,932,58,6,real,16.06896551724138,1,80,1.1483032931810604,vllm_fused,13,0.8804159760475159
dense_014_real,humaneval,late,measured_dense_runtime,932,58,6,real,16.06896551724138,1,80,1.1483032931810604,vllm_fused,14,0.8625280261039734
dense_014_real,humaneval,late,measured_dense_runtime,932,58,6,real,16.06896551724138,1,80,1.1483032931810604,vllm_fused,15,0.8538879752159119
dense_014_real,humaneval,late,measured_dense_runtime,932,58,6,real,16.06896551724138,1,80,1.1483032931810604,vllm_fused,16,0.8555520176887512
dense_014_real,humaneval,late,measured_dense_runtime,932,58,6,real,16.06896551724138,1,80,1.1483032931810604,vllm_fused,17,0.8586879968643188
dense_014_real,humaneval,late,measured_dense_runtime,932,58,6,real,16.06896551724138,1,80,1.1483032931810604,vllm_fused,18,0.8611840009689331
dense_014_real,humaneval,late,measured_dense_runtime,932,58,6,real,16.06896551724138,1,80,1.1483032931810604,vllm_fused,19,0.9878079891204834
dense_014_real,humaneval,late,measured_dense_runtime,932,58,6,real,16.06896551724138,1,80,1.1483032931810604,vllm_fused,20,0.99891197681427
dense_014_real,humaneval,late,measured_dense_runtime,932,58,6,real,16.06896551724138,1,80,1.1483032931810604,vllm_fused,21,0.8858559727668762
dense_014_real,humaneval,late,measured_dense_runtime,932,58,6,real,16.06896551724138,1,80,1.1483032931810604,vllm_fused,22,0.8646079897880554
dense_014_real,humaneval,late,measured_dense_runtime,932,58,6,real,16.06896551724138,1,80,1.1483032931810604,vllm_fused,23,0.8562880158424377
dense_014_real,humaneval,late,measured_dense_runtime,932,58,6,real,16.06896551724138,1,80,1.1483032931810604,vllm_fused,24,0.8515840172767639
dense_014_real,humaneval,late,measured_dense_runtime,932,58,6,real,16.06896551724138,1,80,1.1483032931810604,vllm_fused,25,0.8526080250740051
dense_014_real,humaneval,late,measured_dense_runtime,932,58,6,real,16.06896551724138,1,80,1.1483032931810604,vllm_fused,26,0.8478720188140869
dense_014_real,humaneval,late,measured_dense_runtime,932,58,6,real,16.06896551724138,1,80,1.1483032931810604,vllm_fused,27,0.855135977268219
dense_014_real,humaneval,late,measured_dense_runtime,932,58,6,real,16.06896551724138,1,80,1.1483032931810604,vllm_fused,28,0.8571839928627014
dense_014_real,humaneval,late,measured_dense_runtime,932,58,6,real,16.06896551724138,1,80,1.1483032931810604,vllm_fused,29,0.8375040292739868
dense_014_real,humaneval,late,measured_dense_runtime,932,58,6,real,16.06896551724138,1,80,1.1483032931810604,vllm_fused,30,0.8855680227279663
dense_014_real,humaneval,late,measured_dense_runtime,932,58,6,real,16.06896551724138,1,80,1.1483032931810604,vllm_fused,31,0.9746559858322144
dense_014_real,humaneval,late,measured_dense_runtime,932,58,6,real,16.06896551724138,1,80,1.1483032931810604,vllm_fused,32,0.9779199957847595
dense_014_real,humaneval,late,measured_dense_runtime,932,58,6,real,16.06896551724138,1,80,1.1483032931810604,vllm_fused,33,1.0308799743652344
dense_014_real,humaneval,late,measured_dense_runtime,932,58,6,real,16.06896551724138,1,80,1.1483032931810604,vllm_fused,34,0.9523839950561523
dense_014_real,humaneval,late,measured_dense_runtime,932,58,6,real,16.06896551724138,1,80,1.1483032931810604,vllm_fused,35,0.902239978313446
dense_014_real,humaneval,late,measured_dense_runtime,932,58,6,real,16.06896551724138,1,80,1.1483032931810604,vllm_fused,36,0.8630719780921936
dense_014_real,humaneval,late,measured_dense_runtime,932,58,6,real,16.06896551724138,1,80,1.1483032931810604,vllm_fused,37,0.8583679795265198
dense_014_real,humaneval,late,measured_dense_runtime,932,58,6,real,16.06896551724138,1,80,1.1483032931810604,vllm_fused,38,0.8555520176887512
dense_014_real,humaneval,late,measured_dense_runtime,932,58,6,real,16.06896551724138,1,80,1.1483032931810604,vllm_fused,39,0.8641600012779236
dense_015_real,humaneval,middle,measured_dense_runtime,163,39,25,real,4.17948717948718,1,14,0.8478696295144327,torch_grouped_full64_gpu_cumsum,0,0.47433599829673767
dense_015_real,humaneval,middle,measured_dense_runtime,163,39,25,real,4.17948717948718,1,14,0.8478696295144327,torch_grouped_full64_gpu_cumsum,1,0.4672960042953491
dense_015_real,humaneval,middle,measured_dense_runtime,163,39,25,real,4.17948717948718,1,14,0.8478696295144327,torch_grouped_full64_gpu_cumsum,2,0.4638719856739044
dense_015_real,humaneval,middle,measured_dense_runtime,163,39,25,real,4.17948717948718,1,14,0.8478696295144327,torch_grouped_full64_gpu_cumsum,3,0.4764479994773865
dense_015_real,humaneval,middle,measured_dense_runtime,163,39,25,real,4.17948717948718,1,14,0.8478696295144327,torch_grouped_full64_gpu_cumsum,4,0.4656960070133209
dense_015_real,humaneval,middle,measured_dense_runtime,163,39,25,real,4.17948717948718,1,14,0.8478696295144327,torch_grouped_full64_gpu_cumsum,5,0.4679360091686249
dense_015_real,humaneval,middle,measured_dense_runtime,163,39,25,real,4.17948717948718,1,14,0.8478696295144327,torch_grouped_full64_gpu_cumsum,6,0.46300798654556274
dense_015_real,humaneval,middle,measured_dense_runtime,163,39,25,real,4.17948717948718,1,14,0.8478696295144327,torch_grouped_full64_gpu_cumsum,7,0.4636160135269165
dense_015_real,humaneval,middle,measured_dense_runtime,163,39,25,real,4.17948717948718,1,14,0.8478696295144327,torch_grouped_full64_gpu_cumsum,8,0.4622400104999542
dense_015_real,humaneval,middle,measured_dense_runtime,163,39,25,real,4.17948717948718,1,14,0.8478696295144327,torch_grouped_full64_gpu_cumsum,9,0.4432640075683594
dense_015_real,humaneval,middle,measured_dense_runtime,163,39,25,real,4.17948717948718,1,14,0.8478696295144327,torch_grouped_full64_gpu_cumsum,10,0.446399986743927
dense_015_real,humaneval,middle,measured_dense_runtime,163,39,25,real,4.17948717948718,1,14,0.8478696295144327,torch_grouped_full64_gpu_cumsum,11,0.44377601146698
dense_015_real,humaneval,middle,measured_dense_runtime,163,39,25,real,4.17948717948718,1,14,0.8478696295144327,torch_grouped_full64_gpu_cumsum,12,0.45420798659324646
dense_015_real,humaneval,middle,measured_dense_runtime,163,39,25,real,4.17948717948718,1,14,0.8478696295144327,torch_grouped_full64_gpu_cumsum,13,0.4447680115699768
dense_015_real,humaneval,middle,measured_dense_runtime,163,39,25,real,4.17948717948718,1,14,0.8478696295144327,torch_grouped_full64_gpu_cumsum,14,0.45689600706100464
dense_015_real,humaneval,middle,measured_dense_runtime,163,39,25,real,4.17948717948718,1,14,0.8478696295144327,torch_grouped_full64_gpu_cumsum,15,0.459199994802475
dense_015_real,humaneval,middle,measured_dense_runtime,163,39,25,real,4.17948717948718,1,14,0.8478696295144327,torch_grouped_full64_gpu_cumsum,16,0.4456639885902405
dense_015_real,humaneval,middle,measured_dense_runtime,163,39,25,real,4.17948717948718,1,14,0.8478696295144327,torch_grouped_full64_gpu_cumsum,17,0.44678398966789246
dense_015_real,humaneval,middle,measured_dense_runtime,163,39,25,real,4.17948717948718,1,14,0.8478696295144327,torch_grouped_full64_gpu_cumsum,18,0.4468800127506256
dense_015_real,humaneval,middle,measured_dense_runtime,163,39,25,real,4.17948717948718,1,14,0.8478696295144327,torch_grouped_full64_gpu_cumsum,19,0.4448319971561432
dense_015_real,humaneval,middle,measured_dense_runtime,163,39,25,real,4.17948717948718,1,14,0.8478696295144327,torch_grouped_full64_gpu_cumsum,20,0.4442879855632782
dense_015_real,humaneval,middle,measured_dense_runtime,163,39,25,real,4.17948717948718,1,14,0.8478696295144327,torch_grouped_full64_gpu_cumsum,21,0.46377599239349365
dense_015_real,humaneval,middle,measured_dense_runtime,163,39,25,real,4.17948717948718,1,14,0.8478696295144327,torch_grouped_full64_gpu_cumsum,22,0.4634239971637726
dense_015_real,humaneval,middle,measured_dense_runtime,163,39,25,real,4.17948717948718,1,14,0.8478696295144327,torch_grouped_full64_gpu_cumsum,23,0.46748799085617065
dense_015_real,humaneval,middle,measured_dense_runtime,163,39,25,real,4.17948717948718,1,14,0.8478696295144327,torch_grouped_full64_gpu_cumsum,24,0.466592013835907
dense_015_real,humaneval,middle,measured_dense_runtime,163,39,25,real,4.17948717948718,1,14,0.8478696295144327,torch_grouped_full64_gpu_cumsum,25,0.4434239864349365
dense_015_real,humaneval,middle,measured_dense_runtime,163,39,25,real,4.17948717948718,1,14,0.8478696295144327,torch_grouped_full64_gpu_cumsum,26,0.458079993724823
dense_015_real,humaneval,middle,measured_dense_runtime,163,39,25,real,4.17948717948718,1,14,0.8478696295144327,torch_grouped_full64_gpu_cumsum,27,0.4464319944381714
dense_015_real,humaneval,middle,measured_dense_runtime,163,39,25,real,4.17948717948718,1,14,0.8478696295144327,torch_grouped_full64_gpu_cumsum,28,0.4453119933605194
dense_015_real,humaneval,middle,measured_dense_runtime,163,39,25,real,4.17948717948718,1,14,0.8478696295144327,torch_grouped_full64_gpu_cumsum,29,0.44383999705314636
dense_015_real,humaneval,middle,measured_dense_runtime,163,39,25,real,4.17948717948718,1,14,0.8478696295144327,torch_grouped_full64_gpu_cumsum,30,0.446943998336792
dense_015_real,humaneval,middle,measured_dense_runtime,163,39,25,real,4.17948717948718,1,14,0.8478696295144327,torch_grouped_full64_gpu_cumsum,31,0.45126399397850037
dense_015_real,humaneval,middle,measured_dense_runtime,163,39,25,real,4.17948717948718,1,14,0.8478696295144327,torch_grouped_full64_gpu_cumsum,32,0.4496319890022278
dense_015_real,humaneval,middle,measured_dense_runtime,163,39,25,real,4.17948717948718,1,14,0.8478696295144327,torch_grouped_full64_gpu_cumsum,33,0.44790399074554443
dense_015_real,humaneval,middle,measured_dense_runtime,163,39,25,real,4.17948717948718,1,14,0.8478696295144327,torch_grouped_full64_gpu_cumsum,34,0.4469119906425476
dense_015_real,humaneval,middle,measured_dense_runtime,163,39,25,real,4.17948717948718,1,14,0.8478696295144327,torch_grouped_full64_gpu_cumsum,35,0.4434239864349365
dense_015_real,humaneval,middle,measured_dense_runtime,163,39,25,real,4.17948717948718,1,14,0.8478696295144327,torch_grouped_full64_gpu_cumsum,36,0.44495999813079834
dense_015_real,humaneval,middle,measured_dense_runtime,163,39,25,real,4.17948717948718,1,14,0.8478696295144327,torch_grouped_full64_gpu_cumsum,37,0.45372799038887024
dense_015_real,humaneval,middle,measured_dense_runtime,163,39,25,real,4.17948717948718,1,14,0.8478696295144327,torch_grouped_full64_gpu_cumsum,38,0.454912006855011
dense_015_real,humaneval,middle,measured_dense_runtime,163,39,25,real,4.17948717948718,1,14,0.8478696295144327,torch_grouped_full64_gpu_cumsum,39,0.4444800019264221
dense_015_real,humaneval,middle,measured_dense_runtime,163,39,25,real,4.17948717948718,1,14,0.8478696295144327,torch_grouped_active_prebuilt_oracle,0,0.43772798776626587
dense_015_real,humaneval,middle,measured_dense_runtime,163,39,25,real,4.17948717948718,1,14,0.8478696295144327,torch_grouped_active_prebuilt_oracle,1,0.43062400817871094
dense_015_real,humaneval,middle,measured_dense_runtime,163,39,25,real,4.17948717948718,1,14,0.8478696295144327,torch_grouped_active_prebuilt_oracle,2,0.43091198801994324
dense_015_real,humaneval,middle,measured_dense_runtime,163,39,25,real,4.17948717948718,1,14,0.8478696295144327,torch_grouped_active_prebuilt_oracle,3,0.43248000741004944
dense_015_real,humaneval,middle,measured_dense_runtime,163,39,25,real,4.17948717948718,1,14,0.8478696295144327,torch_grouped_active_prebuilt_oracle,4,0.4342400133609772
dense_015_real,humaneval,middle,measured_dense_runtime,163,39,25,real,4.17948717948718,1,14,0.8478696295144327,torch_grouped_active_prebuilt_oracle,5,0.43324801325798035
dense_015_real,humaneval,middle,measured_dense_runtime,163,39,25,real,4.17948717948718,1,14,0.8478696295144327,torch_grouped_active_prebuilt_oracle,6,0.43113601207733154
dense_015_real,humaneval,middle,measured_dense_runtime,163,39,25,real,4.17948717948718,1,14,0.8478696295144327,torch_grouped_active_prebuilt_oracle,7,0.43139201402664185
dense_015_real,humaneval,middle,measured_dense_runtime,163,39,25,real,4.17948717948718,1,14,0.8478696295144327,torch_grouped_active_prebuilt_oracle,8,0.4384320080280304
dense_015_real,humaneval,middle,measured_dense_runtime,163,39,25,real,4.17948717948718,1,14,0.8478696295144327,torch_grouped_active_prebuilt_oracle,9,0.43353599309921265
dense_015_real,humaneval,middle,measured_dense_runtime,163,39,25,real,4.17948717948718,1,14,0.8478696295144327,torch_grouped_active_prebuilt_oracle,10,0.4382080137729645
dense_015_real,humaneval,middle,measured_dense_runtime,163,39,25,real,4.17948717948718,1,14,0.8478696295144327,torch_grouped_active_prebuilt_oracle,11,0.4432640075683594
dense_015_real,humaneval,middle,measured_dense_runtime,163,39,25,real,4.17948717948718,1,14,0.8478696295144327,torch_grouped_active_prebuilt_oracle,12,0.4387519955635071
dense_015_real,humaneval,middle,measured_dense_runtime,163,39,25,real,4.17948717948718,1,14,0.8478696295144327,torch_grouped_active_prebuilt_oracle,13,0.4465920031070709
dense_015_real,humaneval,middle,measured_dense_runtime,163,39,25,real,4.17948717948718,1,14,0.8478696295144327,torch_grouped_active_prebuilt_oracle,14,0.44252800941467285
dense_015_real,humaneval,middle,measured_dense_runtime,163,39,25,real,4.17948717948718,1,14,0.8478696295144327,torch_grouped_active_prebuilt_oracle,15,0.4416320025920868
dense_015_real,humaneval,middle,measured_dense_runtime,163,39,25,real,4.17948717948718,1,14,0.8478696295144327,torch_grouped_active_prebuilt_oracle,16,0.44383999705314636
dense_015_real,humaneval,middle,measured_dense_runtime,163,39,25,real,4.17948717948718,1,14,0.8478696295144327,torch_grouped_active_prebuilt_oracle,17,0.43561598658561707
dense_015_real,humaneval,middle,measured_dense_runtime,163,39,25,real,4.17948717948718,1,14,0.8478696295144327,torch_grouped_active_prebuilt_oracle,18,0.4448640048503876
dense_015_real,humaneval,middle,measured_dense_runtime,163,39,25,real,4.17948717948718,1,14,0.8478696295144327,torch_grouped_active_prebuilt_oracle,19,0.44041600823402405
dense_015_real,humaneval,middle,measured_dense_runtime,163,39,25,real,4.17948717948718,1,14,0.8478696295144327,torch_grouped_active_prebuilt_oracle,20,0.4422079920768738
dense_015_real,humaneval,middle,measured_dense_runtime,163,39,25,real,4.17948717948718,1,14,0.8478696295144327,torch_grouped_active_prebuilt_oracle,21,0.4405120015144348
dense_015_real,humaneval,middle,measured_dense_runtime,163,39,25,real,4.17948717948718,1,14,0.8478696295144327,torch_grouped_active_prebuilt_oracle,22,0.4383679926395416
dense_015_real,humaneval,middle,measured_dense_runtime,163,39,25,real,4.17948717948718,1,14,0.8478696295144327,torch_grouped_active_prebuilt_oracle,23,0.4432640075683594
dense_015_real,humaneval,middle,measured_dense_runtime,163,39,25,real,4.17948717948718,1,14,0.8478696295144327,torch_grouped_active_prebuilt_oracle,24,0.44207999110221863
dense_015_real,humaneval,middle,measured_dense_runtime,163,39,25,real,4.17948717948718,1,14,0.8478696295144327,torch_grouped_active_prebuilt_oracle,25,0.4431680142879486
dense_015_real,humaneval,middle,measured_dense_runtime,163,39,25,real,4.17948717948718,1,14,0.8478696295144327,torch_grouped_active_prebuilt_oracle,26,0.43862399458885193
dense_015_real,humaneval,middle,measured_dense_runtime,163,39,25,real,4.17948717948718,1,14,0.8478696295144327,torch_grouped_active_prebuilt_oracle,27,0.4455679953098297
dense_015_real,humaneval,middle,measured_dense_runtime,163,39,25,real,4.17948717948718,1,14,0.8478696295144327,torch_grouped_active_prebuilt_oracle,28,0.438944011926651
dense_015_real,humaneval,middle,measured_dense_runtime,163,39,25,real,4.17948717948718,1,14,0.8478696295144327,torch_grouped_active_prebuilt_oracle,29,0.4408000111579895
dense_015_real,humaneval,middle,measured_dense_runtime,163,39,25,real,4.17948717948718,1,14,0.8478696295144327,torch_grouped_active_prebuilt_oracle,30,0.4395520091056824
dense_015_real,humaneval,middle,measured_dense_runtime,163,39,25,real,4.17948717948718,1,14,0.8478696295144327,torch_grouped_active_prebuilt_oracle,31,0.4345279932022095
dense_015_real,humaneval,middle,measured_dense_runtime,163,39,25,real,4.17948717948718,1,14,0.8478696295144327,torch_grouped_active_prebuilt_oracle,32,0.438944011926651
dense_015_real,humaneval,middle,measured_dense_runtime,163,39,25,real,4.17948717948718,1,14,0.8478696295144327,torch_grouped_active_prebuilt_oracle,33,0.4317759871482849
dense_015_real,humaneval,middle,measured_dense_runtime,163,39,25,real,4.17948717948718,1,14,0.8478696295144327,torch_grouped_active_prebuilt_oracle,34,0.4325439929962158
dense_015_real,humaneval,middle,measured_dense_runtime,163,39,25,real,4.17948717948718,1,14,0.8478696295144327,torch_grouped_active_prebuilt_oracle,35,0.42902401089668274
dense_015_real,humaneval,middle,measured_dense_runtime,163,39,25,real,4.17948717948718,1,14,0.8478696295144327,torch_grouped_active_prebuilt_oracle,36,0.43241599202156067
dense_015_real,humaneval,middle,measured_dense_runtime,163,39,25,real,4.17948717948718,1,14,0.8478696295144327,torch_grouped_active_prebuilt_oracle,37,0.4334399998188019
dense_015_real,humaneval,middle,measured_dense_runtime,163,39,25,real,4.17948717948718,1,14,0.8478696295144327,torch_grouped_active_prebuilt_oracle,38,0.4327999949455261
dense_015_real,humaneval,middle,measured_dense_runtime,163,39,25,real,4.17948717948718,1,14,0.8478696295144327,torch_grouped_active_prebuilt_oracle,39,0.4311999976634979
dense_015_real,humaneval,middle,measured_dense_runtime,163,39,25,real,4.17948717948718,1,14,0.8478696295144327,torch_grouped_full64_prebuilt,0,0.44067201018333435
dense_015_real,humaneval,middle,measured_dense_runtime,163,39,25,real,4.17948717948718,1,14,0.8478696295144327,torch_grouped_full64_prebuilt,1,0.4350079894065857
dense_015_real,humaneval,middle,measured_dense_runtime,163,39,25,real,4.17948717948718,1,14,0.8478696295144327,torch_grouped_full64_prebuilt,2,0.43615999817848206
dense_015_real,humaneval,middle,measured_dense_runtime,163,39,25,real,4.17948717948718,1,14,0.8478696295144327,torch_grouped_full64_prebuilt,3,0.43302398920059204
dense_015_real,humaneval,middle,measured_dense_runtime,163,39,25,real,4.17948717948718,1,14,0.8478696295144327,torch_grouped_full64_prebuilt,4,0.43929600715637207
dense_015_real,humaneval,middle,measured_dense_runtime,163,39,25,real,4.17948717948718,1,14,0.8478696295144327,torch_grouped_full64_prebuilt,5,0.44012799859046936
dense_015_real,humaneval,middle,measured_dense_runtime,163,39,25,real,4.17948717948718,1,14,0.8478696295144327,torch_grouped_full64_prebuilt,6,0.4410240054130554
dense_015_real,humaneval,middle,measured_dense_runtime,163,39,25,real,4.17948717948718,1,14,0.8478696295144327,torch_grouped_full64_prebuilt,7,0.4467200040817261
dense_015_real,humaneval,middle,measured_dense_runtime,163,39,25,real,4.17948717948718,1,14,0.8478696295144327,torch_grouped_full64_prebuilt,8,0.4474560022354126
dense_015_real,humaneval,middle,measured_dense_runtime,163,39,25,real,4.17948717948718,1,14,0.8478696295144327,torch_grouped_full64_prebuilt,9,0.43219199776649475
dense_015_real,humaneval,middle,measured_dense_runtime,163,39,25,real,4.17948717948718,1,14,0.8478696295144327,torch_grouped_full64_prebuilt,10,0.4288640022277832
dense_015_real,humaneval,middle,measured_dense_runtime,163,39,25,real,4.17948717948718,1,14,0.8478696295144327,torch_grouped_full64_prebuilt,11,0.4350399971008301
dense_015_real,humaneval,middle,measured_dense_runtime,163,39,25,real,4.17948717948718,1,14,0.8478696295144327,torch_grouped_full64_prebuilt,12,0.43484801054000854
dense_015_real,humaneval,middle,measured_dense_runtime,163,39,25,real,4.17948717948718,1,14,0.8478696295144327,torch_grouped_full64_prebuilt,13,0.4370880126953125
dense_015_real,humaneval,middle,measured_dense_runtime,163,39,25,real,4.17948717948718,1,14,0.8478696295144327,torch_grouped_full64_prebuilt,14,0.43696001172065735
dense_015_real,humaneval,middle,measured_dense_runtime,163,39,25,real,4.17948717948718,1,14,0.8478696295144327,torch_grouped_full64_prebuilt,15,0.4336639940738678
dense_015_real,humaneval,middle,measured_dense_runtime,163,39,25,real,4.17948717948718,1,14,0.8478696295144327,torch_grouped_full64_prebuilt,16,0.434143990278244
dense_015_real,humaneval,middle,measured_dense_runtime,163,39,25,real,4.17948717948718,1,14,0.8478696295144327,torch_grouped_full64_prebuilt,17,0.4344959855079651
dense_015_real,humaneval,middle,measured_dense_runtime,163,39,25,real,4.17948717948718,1,14,0.8478696295144327,torch_grouped_full64_prebuilt,18,0.4327999949455261
dense_015_real,humaneval,middle,measured_dense_runtime,163,39,25,real,4.17948717948718,1,14,0.8478696295144327,torch_grouped_full64_prebuilt,19,0.4343999922275543
dense_015_real,humaneval,middle,measured_dense_runtime,163,39,25,real,4.17948717948718,1,14,0.8478696295144327,torch_grouped_full64_prebuilt,20,0.434112012386322
dense_015_real,humaneval,middle,measured_dense_runtime,163,39,25,real,4.17948717948718,1,14,0.8478696295144327,torch_grouped_full64_prebuilt,21,0.43539199233055115
dense_015_real,humaneval,middle,measured_dense_runtime,163,39,25,real,4.17948717948718,1,14,0.8478696295144327,torch_grouped_full64_prebuilt,22,0.4347839951515198
dense_015_real,humaneval,middle,measured_dense_runtime,163,39,25,real,4.17948717948718,1,14,0.8478696295144327,torch_grouped_full64_prebuilt,23,0.43696001172065735
dense_015_real,humaneval,middle,measured_dense_runtime,163,39,25,real,4.17948717948718,1,14,0.8478696295144327,torch_grouped_full64_prebuilt,24,0.43331199884414673
dense_015_real,humaneval,middle,measured_dense_runtime,163,39,25,real,4.17948717948718,1,14,0.8478696295144327,torch_grouped_full64_prebuilt,25,0.434143990278244
dense_015_real,humaneval,middle,measured_dense_runtime,163,39,25,real,4.17948717948718,1,14,0.8478696295144327,torch_grouped_full64_prebuilt,26,0.43904000520706177
dense_015_real,humaneval,middle,measured_dense_runtime,163,39,25,real,4.17948717948718,1,14,0.8478696295144327,torch_grouped_full64_prebuilt,27,0.4371519982814789
dense_015_real,humaneval,middle,measured_dense_runtime,163,39,25,real,4.17948717948718,1,14,0.8478696295144327,torch_grouped_full64_prebuilt,28,0.4368959963321686
dense_015_real,humaneval,middle,measured_dense_runtime,163,39,25,real,4.17948717948718,1,14,0.8478696295144327,torch_grouped_full64_prebuilt,29,0.4347519874572754
dense_015_real,humaneval,middle,measured_dense_runtime,163,39,25,real,4.17948717948718,1,14,0.8478696295144327,torch_grouped_full64_prebuilt,30,0.43481600284576416
dense_015_real,humaneval,middle,measured_dense_runtime,163,39,25,real,4.17948717948718,1,14,0.8478696295144327,torch_grouped_full64_prebuilt,31,0.44092801213264465
dense_015_real,humaneval,middle,measured_dense_runtime,163,39,25,real,4.17948717948718,1,14,0.8478696295144327,torch_grouped_full64_prebuilt,32,0.4430080056190491
dense_015_real,humaneval,middle,measured_dense_runtime,163,39,25,real,4.17948717948718,1,14,0.8478696295144327,torch_grouped_full64_prebuilt,33,0.44147199392318726
dense_015_real,humaneval,middle,measured_dense_runtime,163,39,25,real,4.17948717948718,1,14,0.8478696295144327,torch_grouped_full64_prebuilt,34,0.4416959881782532
dense_015_real,humaneval,middle,measured_dense_runtime,163,39,25,real,4.17948717948718,1,14,0.8478696295144327,torch_grouped_full64_prebuilt,35,0.4461440145969391
dense_015_real,humaneval,middle,measured_dense_runtime,163,39,25,real,4.17948717948718,1,14,0.8478696295144327,torch_grouped_full64_prebuilt,36,0.44732800126075745
dense_015_real,humaneval,middle,measured_dense_runtime,163,39,25,real,4.17948717948718,1,14,0.8478696295144327,torch_grouped_full64_prebuilt,37,0.44464001059532166
dense_015_real,humaneval,middle,measured_dense_runtime,163,39,25,real,4.17948717948718,1,14,0.8478696295144327,torch_grouped_full64_prebuilt,38,0.45241600275039673
dense_015_real,humaneval,middle,measured_dense_runtime,163,39,25,real,4.17948717948718,1,14,0.8478696295144327,torch_grouped_full64_prebuilt,39,0.4394879937171936
dense_015_real,humaneval,middle,measured_dense_runtime,163,39,25,real,4.17948717948718,1,14,0.8478696295144327,torch_grouped_full64_cpu_list_offsets,0,0.5024639964103699
dense_015_real,humaneval,middle,measured_dense_runtime,163,39,25,real,4.17948717948718,1,14,0.8478696295144327,torch_grouped_full64_cpu_list_offsets,1,0.49321600794792175
dense_015_real,humaneval,middle,measured_dense_runtime,163,39,25,real,4.17948717948718,1,14,0.8478696295144327,torch_grouped_full64_cpu_list_offsets,2,0.4771200120449066
dense_015_real,humaneval,middle,measured_dense_runtime,163,39,25,real,4.17948717948718,1,14,0.8478696295144327,torch_grouped_full64_cpu_list_offsets,3,0.4885759949684143
dense_015_real,humaneval,middle,measured_dense_runtime,163,39,25,real,4.17948717948718,1,14,0.8478696295144327,torch_grouped_full64_cpu_list_offsets,4,0.4962559938430786
dense_015_real,humaneval,middle,measured_dense_runtime,163,39,25,real,4.17948717948718,1,14,0.8478696295144327,torch_grouped_full64_cpu_list_offsets,5,0.5168319940567017
dense_015_real,humaneval,middle,measured_dense_runtime,163,39,25,real,4.17948717948718,1,14,0.8478696295144327,torch_grouped_full64_cpu_list_offsets,6,0.5302720069885254
dense_015_real,humaneval,middle,measured_dense_runtime,163,39,25,real,4.17948717948718,1,14,0.8478696295144327,torch_grouped_full64_cpu_list_offsets,7,0.5075839757919312
dense_015_real,humaneval,middle,measured_dense_runtime,163,39,25,real,4.17948717948718,1,14,0.8478696295144327,torch_grouped_full64_cpu_list_offsets,8,0.4978559911251068
dense_015_real,humaneval,middle,measured_dense_runtime,163,39,25,real,4.17948717948718,1,14,0.8478696295144327,torch_grouped_full64_cpu_list_offsets,9,0.5124160051345825
dense_015_real,humaneval,middle,measured_dense_runtime,163,39,25,real,4.17948717948718,1,14,0.8478696295144327,torch_grouped_full64_cpu_list_offsets,10,0.5061119794845581
dense_015_real,humaneval,middle,measured_dense_runtime,163,39,25,real,4.17948717948718,1,14,0.8478696295144327,torch_grouped_full64_cpu_list_offsets,11,0.481471985578537
dense_015_real,humaneval,middle,measured_dense_runtime,163,39,25,real,4.17948717948718,1,14,0.8478696295144327,torch_grouped_full64_cpu_list_offsets,12,0.4724160134792328
dense_015_real,humaneval,middle,measured_dense_runtime,163,39,25,real,4.17948717948718,1,14,0.8478696295144327,torch_grouped_full64_cpu_list_offsets,13,0.47174400091171265
dense_015_real,humaneval,middle,measured_dense_runtime,163,39,25,real,4.17948717948718,1,14,0.8478696295144327,torch_grouped_full64_cpu_list_offsets,14,0.4662719964981079
dense_015_real,humaneval,middle,measured_dense_runtime,163,39,25,real,4.17948717948718,1,14,0.8478696295144327,torch_grouped_full64_cpu_list_offsets,15,0.4728640019893646
dense_015_real,humaneval,middle,measured_dense_runtime,163,39,25,real,4.17948717948718,1,14,0.8478696295144327,torch_grouped_full64_cpu_list_offsets,16,0.47494399547576904
dense_015_real,humaneval,middle,measured_dense_runtime,163,39,25,real,4.17948717948718,1,14,0.8478696295144327,torch_grouped_full64_cpu_list_offsets,17,0.46886399388313293
dense_015_real,humaneval,middle,measured_dense_runtime,163,39,25,real,4.17948717948718,1,14,0.8478696295144327,torch_grouped_full64_cpu_list_offsets,18,0.469184011220932
dense_015_real,humaneval,middle,measured_dense_runtime,163,39,25,real,4.17948717948718,1,14,0.8478696295144327,torch_grouped_full64_cpu_list_offsets,19,0.4681279957294464
dense_015_real,humaneval,middle,measured_dense_runtime,163,39,25,real,4.17948717948718,1,14,0.8478696295144327,torch_grouped_full64_cpu_list_offsets,20,0.47071999311447144
dense_015_real,humaneval,middle,measured_dense_runtime,163,39,25,real,4.17948717948718,1,14,0.8478696295144327,torch_grouped_full64_cpu_list_offsets,21,0.4691520035266876
dense_015_real,humaneval,middle,measured_dense_runtime,163,39,25,real,4.17948717948718,1,14,0.8478696295144327,torch_grouped_full64_cpu_list_offsets,22,0.47036799788475037
dense_015_real,humaneval,middle,measured_dense_runtime,163,39,25,real,4.17948717948718,1,14,0.8478696295144327,torch_grouped_full64_cpu_list_offsets,23,0.4853760004043579
dense_015_real,humaneval,middle,measured_dense_runtime,163,39,25,real,4.17948717948718,1,14,0.8478696295144327,torch_grouped_full64_cpu_list_offsets,24,0.49807998538017273
dense_015_real,humaneval,middle,measured_dense_runtime,163,39,25,real,4.17948717948718,1,14,0.8478696295144327,torch_grouped_full64_cpu_list_offsets,25,0.5050240159034729
dense_015_real,humaneval,middle,measured_dense_runtime,163,39,25,real,4.17948717948718,1,14,0.8478696295144327,torch_grouped_full64_cpu_list_offsets,26,0.5069440007209778
dense_015_real,humaneval,middle,measured_dense_runtime,163,39,25,real,4.17948717948718,1,14,0.8478696295144327,torch_grouped_full64_cpu_list_offsets,27,0.4737919867038727
dense_015_real,humaneval,middle,measured_dense_runtime,163,39,25,real,4.17948717948718,1,14,0.8478696295144327,torch_grouped_full64_cpu_list_offsets,28,0.4634239971637726
dense_015_real,humaneval,middle,measured_dense_runtime,163,39,25,real,4.17948717948718,1,14,0.8478696295144327,torch_grouped_full64_cpu_list_offsets,29,0.46726399660110474
dense_015_real,humaneval,middle,measured_dense_runtime,163,39,25,real,4.17948717948718,1,14,0.8478696295144327,torch_grouped_full64_cpu_list_offsets,30,0.47763198614120483
dense_015_real,humaneval,middle,measured_dense_runtime,163,39,25,real,4.17948717948718,1,14,0.8478696295144327,torch_grouped_full64_cpu_list_offsets,31,0.4705600142478943
dense_015_real,humaneval,middle,measured_dense_runtime,163,39,25,real,4.17948717948718,1,14,0.8478696295144327,torch_grouped_full64_cpu_list_offsets,32,0.47494399547576904
dense_015_real,humaneval,middle,measured_dense_runtime,163,39,25,real,4.17948717948718,1,14,0.8478696295144327,torch_grouped_full64_cpu_list_offsets,33,0.4727360010147095
dense_015_real,humaneval,middle,measured_dense_runtime,163,39,25,real,4.17948717948718,1,14,0.8478696295144327,torch_grouped_full64_cpu_list_offsets,34,0.4682239890098572
dense_015_real,humaneval,middle,measured_dense_runtime,163,39,25,real,4.17948717948718,1,14,0.8478696295144327,torch_grouped_full64_cpu_list_offsets,35,0.47228801250457764
dense_015_real,humaneval,middle,measured_dense_runtime,163,39,25,real,4.17948717948718,1,14,0.8478696295144327,torch_grouped_full64_cpu_list_offsets,36,0.4670720100402832
dense_015_real,humaneval,middle,measured_dense_runtime,163,39,25,real,4.17948717948718,1,14,0.8478696295144327,torch_grouped_full64_cpu_list_offsets,37,0.46480000019073486
dense_015_real,humaneval,middle,measured_dense_runtime,163,39,25,real,4.17948717948718,1,14,0.8478696295144327,torch_grouped_full64_cpu_list_offsets,38,0.4715839922428131
dense_015_real,humaneval,middle,measured_dense_runtime,163,39,25,real,4.17948717948718,1,14,0.8478696295144327,torch_grouped_full64_cpu_list_offsets,39,0.4737919867038727
dense_015_real,humaneval,middle,measured_dense_runtime,163,39,25,real,4.17948717948718,1,14,0.8478696295144327,vllm_fused,0,0.8108479976654053
dense_015_real,humaneval,middle,measured_dense_runtime,163,39,25,real,4.17948717948718,1,14,0.8478696295144327,vllm_fused,1,0.7083839774131775
dense_015_real,humaneval,middle,measured_dense_runtime,163,39,25,real,4.17948717948718,1,14,0.8478696295144327,vllm_fused,2,0.6486080288887024
dense_015_real,humaneval,middle,measured_dense_runtime,163,39,25,real,4.17948717948718,1,14,0.8478696295144327,vllm_fused,3,0.6416000127792358
dense_015_real,humaneval,middle,measured_dense_runtime,163,39,25,real,4.17948717948718,1,14,0.8478696295144327,vllm_fused,4,0.6379200220108032
dense_015_real,humaneval,middle,measured_dense_runtime,163,39,25,real,4.17948717948718,1,14,0.8478696295144327,vllm_fused,5,0.6436799764633179
dense_015_real,humaneval,middle,measured_dense_runtime,163,39,25,real,4.17948717948718,1,14,0.8478696295144327,vllm_fused,6,0.6285120248794556
dense_015_real,humaneval,middle,measured_dense_runtime,163,39,25,real,4.17948717948718,1,14,0.8478696295144327,vllm_fused,7,0.6296960115432739
dense_015_real,humaneval,middle,measured_dense_runtime,163,39,25,real,4.17948717948718,1,14,0.8478696295144327,vllm_fused,8,0.6205120086669922
dense_015_real,humaneval,middle,measured_dense_runtime,163,39,25,real,4.17948717948718,1,14,0.8478696295144327,vllm_fused,9,0.6382399797439575
dense_015_real,humaneval,middle,measured_dense_runtime,163,39,25,real,4.17948717948718,1,14,0.8478696295144327,vllm_fused,10,0.7108479738235474
dense_015_real,humaneval,middle,measured_dense_runtime,163,39,25,real,4.17948717948718,1,14,0.8478696295144327,vllm_fused,11,0.7280640006065369
dense_015_real,humaneval,middle,measured_dense_runtime,163,39,25,real,4.17948717948718,1,14,0.8478696295144327,vllm_fused,12,0.7921599745750427
dense_015_real,humaneval,middle,measured_dense_runtime,163,39,25,real,4.17948717948718,1,14,0.8478696295144327,vllm_fused,13,0.6712319850921631
dense_015_real,humaneval,middle,measured_dense_runtime,163,39,25,real,4.17948717948718,1,14,0.8478696295144327,vllm_fused,14,0.6470400094985962
dense_015_real,humaneval,middle,measured_dense_runtime,163,39,25,real,4.17948717948718,1,14,0.8478696295144327,vllm_fused,15,0.6393600106239319
dense_015_real,humaneval,middle,measured_dense_runtime,163,39,25,real,4.17948717948718,1,14,0.8478696295144327,vllm_fused,16,0.6288959980010986
dense_015_real,humaneval,middle,measured_dense_runtime,163,39,25,real,4.17948717948718,1,14,0.8478696295144327,vllm_fused,17,0.644927978515625
dense_015_real,humaneval,middle,measured_dense_runtime,163,39,25,real,4.17948717948718,1,14,0.8478696295144327,vllm_fused,18,0.6410880088806152
dense_015_real,humaneval,middle,measured_dense_runtime,163,39,25,real,4.17948717948718,1,14,0.8478696295144327,vllm_fused,19,0.6181439757347107
dense_015_real,humaneval,middle,measured_dense_runtime,163,39,25,real,4.17948717948718,1,14,0.8478696295144327,vllm_fused,20,0.6244480013847351
dense_015_real,humaneval,middle,measured_dense_runtime,163,39,25,real,4.17948717948718,1,14,0.8478696295144327,vllm_fused,21,0.6291199922561646
dense_015_real,humaneval,middle,measured_dense_runtime,163,39,25,real,4.17948717948718,1,14,0.8478696295144327,vllm_fused,22,0.6295999884605408
dense_015_real,humaneval,middle,measured_dense_runtime,163,39,25,real,4.17948717948718,1,14,0.8478696295144327,vllm_fused,23,0.6251519918441772
dense_015_real,humaneval,middle,measured_dense_runtime,163,39,25,real,4.17948717948718,1,14,0.8478696295144327,vllm_fused,24,0.6251519918441772
dense_015_real,humaneval,middle,measured_dense_runtime,163,39,25,real,4.17948717948718,1,14,0.8478696295144327,vllm_fused,25,0.6178240180015564
dense_015_real,humaneval,middle,measured_dense_runtime,163,39,25,real,4.17948717948718,1,14,0.8478696295144327,vllm_fused,26,0.6123520135879517
dense_015_real,humaneval,middle,measured_dense_runtime,163,39,25,real,4.17948717948718,1,14,0.8478696295144327,vllm_fused,27,0.6249279975891113
dense_015_real,humaneval,middle,measured_dense_runtime,163,39,25,real,4.17948717948718,1,14,0.8478696295144327,vllm_fused,28,0.6462079882621765
dense_015_real,humaneval,middle,measured_dense_runtime,163,39,25,real,4.17948717948718,1,14,0.8478696295144327,vllm_fused,29,0.7158719897270203
dense_015_real,humaneval,middle,measured_dense_runtime,163,39,25,real,4.17948717948718,1,14,0.8478696295144327,vllm_fused,30,0.7227519750595093
dense_015_real,humaneval,middle,measured_dense_runtime,163,39,25,real,4.17948717948718,1,14,0.8478696295144327,vllm_fused,31,0.748960018157959
dense_015_real,humaneval,middle,measured_dense_runtime,163,39,25,real,4.17948717948718,1,14,0.8478696295144327,vllm_fused,32,0.6864320039749146
dense_015_real,humaneval,middle,measured_dense_runtime,163,39,25,real,4.17948717948718,1,14,0.8478696295144327,vllm_fused,33,0.6496959924697876
dense_015_real,humaneval,middle,measured_dense_runtime,163,39,25,real,4.17948717948718,1,14,0.8478696295144327,vllm_fused,34,0.6399040222167969
dense_015_real,humaneval,middle,measured_dense_runtime,163,39,25,real,4.17948717948718,1,14,0.8478696295144327,vllm_fused,35,0.6284800171852112
dense_015_real,humaneval,middle,measured_dense_runtime,163,39,25,real,4.17948717948718,1,14,0.8478696295144327,vllm_fused,36,0.6311360001564026
dense_015_real,humaneval,middle,measured_dense_runtime,163,39,25,real,4.17948717948718,1,14,0.8478696295144327,vllm_fused,37,0.623744010925293
dense_015_real,humaneval,middle,measured_dense_runtime,163,39,25,real,4.17948717948718,1,14,0.8478696295144327,vllm_fused,38,0.6347519755363464
dense_015_real,humaneval,middle,measured_dense_runtime,163,39,25,real,4.17948717948718,1,14,0.8478696295144327,vllm_fused,39,0.6298879981040955
dense_016_real,humaneval,middle,measured_dense_runtime,748,56,8,real,13.357142857142858,1,68,0.9336261318165292,torch_grouped_active_prebuilt_oracle,0,0.617247998714447
dense_016_real,humaneval,middle,measured_dense_runtime,748,56,8,real,13.357142857142858,1,68,0.9336261318165292,torch_grouped_active_prebuilt_oracle,1,0.6058880090713501
dense_016_real,humaneval,middle,measured_dense_runtime,748,56,8,real,13.357142857142858,1,68,0.9336261318165292,torch_grouped_active_prebuilt_oracle,2,0.6086080074310303
dense_016_real,humaneval,middle,measured_dense_runtime,748,56,8,real,13.357142857142858,1,68,0.9336261318165292,torch_grouped_active_prebuilt_oracle,3,0.6106560230255127
dense_016_real,humaneval,middle,measured_dense_runtime,748,56,8,real,13.357142857142858,1,68,0.9336261318165292,torch_grouped_active_prebuilt_oracle,4,0.617792010307312
dense_016_real,humaneval,middle,measured_dense_runtime,748,56,8,real,13.357142857142858,1,68,0.9336261318165292,torch_grouped_active_prebuilt_oracle,5,0.6044800281524658
dense_016_real,humaneval,middle,measured_dense_runtime,748,56,8,real,13.357142857142858,1,68,0.9336261318165292,torch_grouped_active_prebuilt_oracle,6,0.6011520028114319
dense_016_real,humaneval,middle,measured_dense_runtime,748,56,8,real,13.357142857142858,1,68,0.9336261318165292,torch_grouped_active_prebuilt_oracle,7,0.6033599972724915
dense_016_real,humaneval,middle,measured_dense_runtime,748,56,8,real,13.357142857142858,1,68,0.9336261318165292,torch_grouped_active_prebuilt_oracle,8,0.601855993270874
dense_016_real,humaneval,middle,measured_dense_runtime,748,56,8,real,13.357142857142858,1,68,0.9336261318165292,torch_grouped_active_prebuilt_oracle,9,0.6052799820899963
dense_016_real,humaneval,middle,measured_dense_runtime,748,56,8,real,13.357142857142858,1,68,0.9336261318165292,torch_grouped_active_prebuilt_oracle,10,0.6022080183029175
dense_016_real,humaneval,middle,measured_dense_runtime,748,56,8,real,13.357142857142858,1,68,0.9336261318165292,torch_grouped_active_prebuilt_oracle,11,0.5988479852676392
dense_016_real,humaneval,middle,measured_dense_runtime,748,56,8,real,13.357142857142858,1,68,0.9336261318165292,torch_grouped_active_prebuilt_oracle,12,0.6013439893722534
dense_016_real,humaneval,middle,measured_dense_runtime,748,56,8,real,13.357142857142858,1,68,0.9336261318165292,torch_grouped_active_prebuilt_oracle,13,0.6069440245628357
dense_016_real,humaneval,middle,measured_dense_runtime,748,56,8,real,13.357142857142858,1,68,0.9336261318165292,torch_grouped_active_prebuilt_oracle,14,0.6030719876289368
dense_016_real,humaneval,middle,measured_dense_runtime,748,56,8,real,13.357142857142858,1,68,0.9336261318165292,torch_grouped_active_prebuilt_oracle,15,0.5995839834213257
dense_016_real,humaneval,middle,measured_dense_runtime,748,56,8,real,13.357142857142858,1,68,0.9336261318165292,torch_grouped_active_prebuilt_oracle,16,0.6023039817810059
dense_016_real,humaneval,middle,measured_dense_runtime,748,56,8,real,13.357142857142858,1,68,0.9336261318165292,torch_grouped_active_prebuilt_oracle,17,0.60835200548172
dense_016_real,humaneval,middle,measured_dense_runtime,748,56,8,real,13.357142857142858,1,68,0.9336261318165292,torch_grouped_active_prebuilt_oracle,18,0.606656014919281
dense_016_real,humaneval,middle,measured_dense_runtime,748,56,8,real,13.357142857142858,1,68,0.9336261318165292,torch_grouped_active_prebuilt_oracle,19,0.6065919995307922
dense_016_real,humaneval,middle,measured_dense_runtime,748,56,8,real,13.357142857142858,1,68,0.9336261318165292,torch_grouped_active_prebuilt_oracle,20,0.604960024356842
dense_016_real,humaneval,middle,measured_dense_runtime,748,56,8,real,13.357142857142858,1,68,0.9336261318165292,torch_grouped_active_prebuilt_oracle,21,0.6077119708061218
dense_016_real,humaneval,middle,measured_dense_runtime,748,56,8,real,13.357142857142858,1,68,0.9336261318165292,torch_grouped_active_prebuilt_oracle,22,0.6137279868125916
dense_016_real,humaneval,middle,measured_dense_runtime,748,56,8,real,13.357142857142858,1,68,0.9336261318165292,torch_grouped_active_prebuilt_oracle,23,0.6118080019950867
dense_016_real,humaneval,middle,measured_dense_runtime,748,56,8,real,13.357142857142858,1,68,0.9336261318165292,torch_grouped_active_prebuilt_oracle,24,0.6219199895858765
dense_016_real,humaneval,middle,measured_dense_runtime,748,56,8,real,13.357142857142858,1,68,0.9336261318165292,torch_grouped_active_prebuilt_oracle,25,0.612608015537262
dense_016_real,humaneval,middle,measured_dense_runtime,748,56,8,real,13.357142857142858,1,68,0.9336261318165292,torch_grouped_active_prebuilt_oracle,26,0.6169919967651367
dense_016_real,humaneval,middle,measured_dense_runtime,748,56,8,real,13.357142857142858,1,68,0.9336261318165292,torch_grouped_active_prebuilt_oracle,27,0.6111360192298889
dense_016_real,humaneval,middle,measured_dense_runtime,748,56,8,real,13.357142857142858,1,68,0.9336261318165292,torch_grouped_active_prebuilt_oracle,28,0.6119999885559082
dense_016_real,humaneval,middle,measured_dense_runtime,748,56,8,real,13.357142857142858,1,68,0.9336261318165292,torch_grouped_active_prebuilt_oracle,29,0.611840009689331
dense_016_real,humaneval,middle,measured_dense_runtime,748,56,8,real,13.357142857142858,1,68,0.9336261318165292,torch_grouped_active_prebuilt_oracle,30,0.6129279732704163
dense_016_real,humaneval,middle,measured_dense_runtime,748,56,8,real,13.357142857142858,1,68,0.9336261318165292,torch_grouped_active_prebuilt_oracle,31,0.6166080236434937
dense_016_real,humaneval,middle,measured_dense_runtime,748,56,8,real,13.357142857142858,1,68,0.9336261318165292,torch_grouped_active_prebuilt_oracle,32,0.6137920022010803
dense_016_real,humaneval,middle,measured_dense_runtime,748,56,8,real,13.357142857142858,1,68,0.9336261318165292,torch_grouped_active_prebuilt_oracle,33,0.6145280003547668
dense_016_real,humaneval,middle,measured_dense_runtime,748,56,8,real,13.357142857142858,1,68,0.9336261318165292,torch_grouped_active_prebuilt_oracle,34,0.6075839996337891
dense_016_real,humaneval,middle,measured_dense_runtime,748,56,8,real,13.357142857142858,1,68,0.9336261318165292,torch_grouped_active_prebuilt_oracle,35,0.6216959953308105
dense_016_real,humaneval,middle,measured_dense_runtime,748,56,8,real,13.357142857142858,1,68,0.9336261318165292,torch_grouped_active_prebuilt_oracle,36,0.6146240234375
dense_016_real,humaneval,middle,measured_dense_runtime,748,56,8,real,13.357142857142858,1,68,0.9336261318165292,torch_grouped_active_prebuilt_oracle,37,0.6145280003547668
dense_016_real,humaneval,middle,measured_dense_runtime,748,56,8,real,13.357142857142858,1,68,0.9336261318165292,torch_grouped_active_prebuilt_oracle,38,0.6055999994277954
dense_016_real,humaneval,middle,measured_dense_runtime,748,56,8,real,13.357142857142858,1,68,0.9336261318165292,torch_grouped_active_prebuilt_oracle,39,0.6008319854736328
dense_016_real,humaneval,middle,measured_dense_runtime,748,56,8,real,13.357142857142858,1,68,0.9336261318165292,torch_grouped_full64_cpu_list_offsets,0,0.6701440215110779
dense_016_real,humaneval,middle,measured_dense_runtime,748,56,8,real,13.357142857142858,1,68,0.9336261318165292,torch_grouped_full64_cpu_list_offsets,1,0.6455360054969788
dense_016_real,humaneval,middle,measured_dense_runtime,748,56,8,real,13.357142857142858,1,68,0.9336261318165292,torch_grouped_full64_cpu_list_offsets,2,0.6465920209884644
dense_016_real,humaneval,middle,measured_dense_runtime,748,56,8,real,13.357142857142858,1,68,0.9336261318165292,torch_grouped_full64_cpu_list_offsets,3,0.6630399823188782
dense_016_real,humaneval,middle,measured_dense_runtime,748,56,8,real,13.357142857142858,1,68,0.9336261318165292,torch_grouped_full64_cpu_list_offsets,4,0.6687039732933044
dense_016_real,humaneval,middle,measured_dense_runtime,748,56,8,real,13.357142857142858,1,68,0.9336261318165292,torch_grouped_full64_cpu_list_offsets,5,0.7157440185546875
dense_016_real,humaneval,middle,measured_dense_runtime,748,56,8,real,13.357142857142858,1,68,0.9336261318165292,torch_grouped_full64_cpu_list_offsets,6,0.6931520104408264
dense_016_real,humaneval,middle,measured_dense_runtime,748,56,8,real,13.357142857142858,1,68,0.9336261318165292,torch_grouped_full64_cpu_list_offsets,7,0.6917440295219421
dense_016_real,humaneval,middle,measured_dense_runtime,748,56,8,real,13.357142857142858,1,68,0.9336261318165292,torch_grouped_full64_cpu_list_offsets,8,0.6650559902191162
dense_016_real,humaneval,middle,measured_dense_runtime,748,56,8,real,13.357142857142858,1,68,0.9336261318165292,torch_grouped_full64_cpu_list_offsets,9,0.6982719898223877
dense_016_real,humaneval,middle,measured_dense_runtime,748,56,8,real,13.357142857142858,1,68,0.9336261318165292,torch_grouped_full64_cpu_list_offsets,10,0.6692799925804138
dense_016_real,humaneval,middle,measured_dense_runtime,748,56,8,real,13.357142857142858,1,68,0.9336261318165292,torch_grouped_full64_cpu_list_offsets,11,0.7066239714622498
dense_016_real,humaneval,middle,measured_dense_runtime,748,56,8,real,13.357142857142858,1,68,0.9336261318165292,torch_grouped_full64_cpu_list_offsets,12,0.6576640009880066
dense_016_real,humaneval,middle,measured_dense_runtime,748,56,8,real,13.357142857142858,1,68,0.9336261318165292,torch_grouped_full64_cpu_list_offsets,13,0.6460800170898438
dense_016_real,humaneval,middle,measured_dense_runtime,748,56,8,real,13.357142857142858,1,68,0.9336261318165292,torch_grouped_full64_cpu_list_offsets,14,0.6473280191421509
dense_016_real,humaneval,middle,measured_dense_runtime,748,56,8,real,13.357142857142858,1,68,0.9336261318165292,torch_grouped_full64_cpu_list_offsets,15,0.6443840265274048
dense_016_real,humaneval,middle,measured_dense_runtime,748,56,8,real,13.357142857142858,1,68,0.9336261318165292,torch_grouped_full64_cpu_list_offsets,16,0.6340159773826599
dense_016_real,humaneval,middle,measured_dense_runtime,748,56,8,real,13.357142857142858,1,68,0.9336261318165292,torch_grouped_full64_cpu_list_offsets,17,0.6442559957504272
dense_016_real,humaneval,middle,measured_dense_runtime,748,56,8,real,13.357142857142858,1,68,0.9336261318165292,torch_grouped_full64_cpu_list_offsets,18,0.6444799900054932
dense_016_real,humaneval,middle,measured_dense_runtime,748,56,8,real,13.357142857142858,1,68,0.9336261318165292,torch_grouped_full64_cpu_list_offsets,19,0.6590080261230469
dense_016_real,humaneval,middle,measured_dense_runtime,748,56,8,real,13.357142857142858,1,68,0.9336261318165292,torch_grouped_full64_cpu_list_offsets,20,0.6346560120582581
dense_016_real,humaneval,middle,measured_dense_runtime,748,56,8,real,13.357142857142858,1,68,0.9336261318165292,torch_grouped_full64_cpu_list_offsets,21,0.6451519727706909
dense_016_real,humaneval,middle,measured_dense_runtime,748,56,8,real,13.357142857142858,1,68,0.9336261318165292,torch_grouped_full64_cpu_list_offsets,22,0.6455680131912231
dense_016_real,humaneval,middle,measured_dense_runtime,748,56,8,real,13.357142857142858,1,68,0.9336261318165292,torch_grouped_full64_cpu_list_offsets,23,0.6452159881591797
dense_016_real,humaneval,middle,measured_dense_runtime,748,56,8,real,13.357142857142858,1,68,0.9336261318165292,torch_grouped_full64_cpu_list_offsets,24,0.6438400149345398
dense_016_real,humaneval,middle,measured_dense_runtime,748,56,8,real,13.357142857142858,1,68,0.9336261318165292,torch_grouped_full64_cpu_list_offsets,25,0.6377279758453369
dense_016_real,humaneval,middle,measured_dense_runtime,748,56,8,real,13.357142857142858,1,68,0.9336261318165292,torch_grouped_full64_cpu_list_offsets,26,0.6440960168838501
dense_016_real,humaneval,middle,measured_dense_runtime,748,56,8,real,13.357142857142858,1,68,0.9336261318165292,torch_grouped_full64_cpu_list_offsets,27,0.6340479850769043
dense_016_real,humaneval,middle,measured_dense_runtime,748,56,8,real,13.357142857142858,1,68,0.9336261318165292,torch_grouped_full64_cpu_list_offsets,28,0.6379520297050476
dense_016_real,humaneval,middle,measured_dense_runtime,748,56,8,real,13.357142857142858,1,68,0.9336261318165292,torch_grouped_full64_cpu_list_offsets,29,0.6525440216064453
dense_016_real,humaneval,middle,measured_dense_runtime,748,56,8,real,13.357142857142858,1,68,0.9336261318165292,torch_grouped_full64_cpu_list_offsets,30,0.637440025806427
dense_016_real,humaneval,middle,measured_dense_runtime,748,56,8,real,13.357142857142858,1,68,0.9336261318165292,torch_grouped_full64_cpu_list_offsets,31,0.6366080045700073
dense_016_real,humaneval,middle,measured_dense_runtime,748,56,8,real,13.357142857142858,1,68,0.9336261318165292,torch_grouped_full64_cpu_list_offsets,32,0.6439999938011169
dense_016_real,humaneval,middle,measured_dense_runtime,748,56,8,real,13.357142857142858,1,68,0.9336261318165292,torch_grouped_full64_cpu_list_offsets,33,0.6422399878501892
dense_016_real,humaneval,middle,measured_dense_runtime,748,56,8,real,13.357142857142858,1,68,0.9336261318165292,torch_grouped_full64_cpu_list_offsets,34,0.6414080262184143
dense_016_real,humaneval,middle,measured_dense_runtime,748,56,8,real,13.357142857142858,1,68,0.9336261318165292,torch_grouped_full64_cpu_list_offsets,35,0.6404479742050171
dense_016_real,humaneval,middle,measured_dense_runtime,748,56,8,real,13.357142857142858,1,68,0.9336261318165292,torch_grouped_full64_cpu_list_offsets,36,0.6382399797439575
dense_016_real,humaneval,middle,measured_dense_runtime,748,56,8,real,13.357142857142858,1,68,0.9336261318165292,torch_grouped_full64_cpu_list_offsets,37,0.6301440000534058
dense_016_real,humaneval,middle,measured_dense_runtime,748,56,8,real,13.357142857142858,1,68,0.9336261318165292,torch_grouped_full64_cpu_list_offsets,38,0.6374719738960266
dense_016_real,humaneval,middle,measured_dense_runtime,748,56,8,real,13.357142857142858,1,68,0.9336261318165292,torch_grouped_full64_cpu_list_offsets,39,0.6439039707183838
dense_016_real,humaneval,middle,measured_dense_runtime,748,56,8,real,13.357142857142858,1,68,0.9336261318165292,vllm_fused,0,0.8980799913406372
dense_016_real,humaneval,middle,measured_dense_runtime,748,56,8,real,13.357142857142858,1,68,0.9336261318165292,vllm_fused,1,0.8615999817848206
dense_016_real,humaneval,middle,measured_dense_runtime,748,56,8,real,13.357142857142858,1,68,0.9336261318165292,vllm_fused,2,0.8355200290679932
dense_016_real,humaneval,middle,measured_dense_runtime,748,56,8,real,13.357142857142858,1,68,0.9336261318165292,vllm_fused,3,0.830560028553009
dense_016_real,humaneval,middle,measured_dense_runtime,748,56,8,real,13.357142857142858,1,68,0.9336261318165292,vllm_fused,4,0.9079359769821167
dense_016_real,humaneval,middle,measured_dense_runtime,748,56,8,real,13.357142857142858,1,68,0.9336261318165292,vllm_fused,5,0.9507840275764465
dense_016_real,humaneval,middle,measured_dense_runtime,748,56,8,real,13.357142857142858,1,68,0.9336261318165292,vllm_fused,6,0.9778559803962708
dense_016_real,humaneval,middle,measured_dense_runtime,748,56,8,real,13.357142857142858,1,68,0.9336261318165292,vllm_fused,7,0.9617279767990112
dense_016_real,humaneval,middle,measured_dense_runtime,748,56,8,real,13.357142857142858,1,68,0.9336261318165292,vllm_fused,8,0.9786880016326904
dense_016_real,humaneval,middle,measured_dense_runtime,748,56,8,real,13.357142857142858,1,68,0.9336261318165292,vllm_fused,9,0.9812160134315491
dense_016_real,humaneval,middle,measured_dense_runtime,748,56,8,real,13.357142857142858,1,68,0.9336261318165292,vllm_fused,10,0.9494400024414062
dense_016_real,humaneval,middle,measured_dense_runtime,748,56,8,real,13.357142857142858,1,68,0.9336261318165292,vllm_fused,11,1.0039360523223877
dense_016_real,humaneval,middle,measured_dense_runtime,748,56,8,real,13.357142857142858,1,68,0.9336261318165292,vllm_fused,12,0.9834880232810974
dense_016_real,humaneval,middle,measured_dense_runtime,748,56,8,real,13.357142857142858,1,68,0.9336261318165292,vllm_fused,13,0.9473599791526794
dense_016_real,humaneval,middle,measured_dense_runtime,748,56,8,real,13.357142857142858,1,68,0.9336261318165292,vllm_fused,14,0.8896639943122864
dense_016_real,humaneval,middle,measured_dense_runtime,748,56,8,real,13.357142857142858,1,68,0.9336261318165292,vllm_fused,15,0.8516799807548523
dense_016_real,humaneval,middle,measured_dense_runtime,748,56,8,real,13.357142857142858,1,68,0.9336261318165292,vllm_fused,16,0.8218240141868591
dense_016_real,humaneval,middle,measured_dense_runtime,748,56,8,real,13.357142857142858,1,68,0.9336261318165292,vllm_fused,17,0.8268479704856873
dense_016_real,humaneval,middle,measured_dense_runtime,748,56,8,real,13.357142857142858,1,68,0.9336261318165292,vllm_fused,18,0.8203200101852417
dense_016_real,humaneval,middle,measured_dense_runtime,748,56,8,real,13.357142857142858,1,68,0.9336261318165292,vllm_fused,19,0.8175680041313171
dense_016_real,humaneval,middle,measured_dense_runtime,748,56,8,real,13.357142857142858,1,68,0.9336261318165292,vllm_fused,20,0.8257920145988464
dense_016_real,humaneval,middle,measured_dense_runtime,748,56,8,real,13.357142857142858,1,68,0.9336261318165292,vllm_fused,21,0.9686400294303894
dense_016_real,humaneval,middle,measured_dense_runtime,748,56,8,real,13.357142857142858,1,68,0.9336261318165292,vllm_fused,22,0.9182400107383728
dense_016_real,humaneval,middle,measured_dense_runtime,748,56,8,real,13.357142857142858,1,68,0.9336261318165292,vllm_fused,23,0.8528000116348267
dense_016_real,humaneval,middle,measured_dense_runtime,748,56,8,real,13.357142857142858,1,68,0.9336261318165292,vllm_fused,24,0.8232960104942322
dense_016_real,humaneval,middle,measured_dense_runtime,748,56,8,real,13.357142857142858,1,68,0.9336261318165292,vllm_fused,25,0.8354560136795044
dense_016_real,humaneval,middle,measured_dense_runtime,748,56,8,real,13.357142857142858,1,68,0.9336261318165292,vllm_fused,26,0.8133760094642639
dense_016_real,humaneval,middle,measured_dense_runtime,748,56,8,real,13.357142857142858,1,68,0.9336261318165292,vllm_fused,27,0.8183040022850037
dense_016_real,humaneval,middle,measured_dense_runtime,748,56,8,real,13.357142857142858,1,68,0.9336261318165292,vllm_fused,28,0.8155199885368347
dense_016_real,humaneval,middle,measured_dense_runtime,748,56,8,real,13.357142857142858,1,68,0.9336261318165292,vllm_fused,29,0.8264319896697998
dense_016_real,humaneval,middle,measured_dense_runtime,748,56,8,real,13.357142857142858,1,68,0.9336261318165292,vllm_fused,30,0.8161919713020325
dense_016_real,humaneval,middle,measured_dense_runtime,748,56,8,real,13.357142857142858,1,68,0.9336261318165292,vllm_fused,31,0.8186879754066467
dense_016_real,humaneval,middle,measured_dense_runtime,748,56,8,real,13.357142857142858,1,68,0.9336261318165292,vllm_fused,32,0.8256959915161133
dense_016_real,humaneval,middle,measured_dense_runtime,748,56,8,real,13.357142857142858,1,68,0.9336261318165292,vllm_fused,33,0.8085759878158569
dense_016_real,humaneval,middle,measured_dense_runtime,748,56,8,real,13.357142857142858,1,68,0.9336261318165292,vllm_fused,34,0.8071680068969727
dense_016_real,humaneval,middle,measured_dense_runtime,748,56,8,real,13.357142857142858,1,68,0.9336261318165292,vllm_fused,35,0.8944000005722046
dense_016_real,humaneval,middle,measured_dense_runtime,748,56,8,real,13.357142857142858,1,68,0.9336261318165292,vllm_fused,36,0.9276800155639648
dense_016_real,humaneval,middle,measured_dense_runtime,748,56,8,real,13.357142857142858,1,68,0.9336261318165292,vllm_fused,37,0.9849280118942261
dense_016_real,humaneval,middle,measured_dense_runtime,748,56,8,real,13.357142857142858,1,68,0.9336261318165292,vllm_fused,38,0.9456959962844849
dense_016_real,humaneval,middle,measured_dense_runtime,748,56,8,real,13.357142857142858,1,68,0.9336261318165292,vllm_fused,39,0.9801920056343079
dense_016_real,humaneval,middle,measured_dense_runtime,748,56,8,real,13.357142857142858,1,68,0.9336261318165292,torch_grouped_full64_gpu_cumsum,0,0.6552640199661255
dense_016_real,humaneval,middle,measured_dense_runtime,748,56,8,real,13.357142857142858,1,68,0.9336261318165292,torch_grouped_full64_gpu_cumsum,1,0.6464639902114868
dense_016_real,humaneval,middle,measured_dense_runtime,748,56,8,real,13.357142857142858,1,68,0.9336261318165292,torch_grouped_full64_gpu_cumsum,2,0.6511039733886719
dense_016_real,humaneval,middle,measured_dense_runtime,748,56,8,real,13.357142857142858,1,68,0.9336261318165292,torch_grouped_full64_gpu_cumsum,3,0.6273599863052368
dense_016_real,humaneval,middle,measured_dense_runtime,748,56,8,real,13.357142857142858,1,68,0.9336261318165292,torch_grouped_full64_gpu_cumsum,4,0.6175040006637573
dense_016_real,humaneval,middle,measured_dense_runtime,748,56,8,real,13.357142857142858,1,68,0.9336261318165292,torch_grouped_full64_gpu_cumsum,5,0.6234880089759827
dense_016_real,humaneval,middle,measured_dense_runtime,748,56,8,real,13.357142857142858,1,68,0.9336261318165292,torch_grouped_full64_gpu_cumsum,6,0.6232960224151611
dense_016_real,humaneval,middle,measured_dense_runtime,748,56,8,real,13.357142857142858,1,68,0.9336261318165292,torch_grouped_full64_gpu_cumsum,7,0.6117759943008423
dense_016_real,humaneval,middle,measured_dense_runtime,748,56,8,real,13.357142857142858,1,68,0.9336261318165292,torch_grouped_full64_gpu_cumsum,8,0.616703987121582
dense_016_real,humaneval,middle,measured_dense_runtime,748,56,8,real,13.357142857142858,1,68,0.9336261318165292,torch_grouped_full64_gpu_cumsum,9,0.612991988658905
dense_016_real,humaneval,middle,measured_dense_runtime,748,56,8,real,13.357142857142858,1,68,0.9336261318165292,torch_grouped_full64_gpu_cumsum,10,0.6144000291824341
dense_016_real,humaneval,middle,measured_dense_runtime,748,56,8,real,13.357142857142858,1,68,0.9336261318165292,torch_grouped_full64_gpu_cumsum,11,0.6178240180015564
dense_016_real,humaneval,middle,measured_dense_runtime,748,56,8,real,13.357142857142858,1,68,0.9336261318165292,torch_grouped_full64_gpu_cumsum,12,0.6272640228271484
dense_016_real,humaneval,middle,measured_dense_runtime,748,56,8,real,13.357142857142858,1,68,0.9336261318165292,torch_grouped_full64_gpu_cumsum,13,0.631168007850647
dense_016_real,humaneval,middle,measured_dense_runtime,748,56,8,real,13.357142857142858,1,68,0.9336261318165292,torch_grouped_full64_gpu_cumsum,14,0.6508479714393616
dense_016_real,humaneval,middle,measured_dense_runtime,748,56,8,real,13.357142857142858,1,68,0.9336261318165292,torch_grouped_full64_gpu_cumsum,15,0.6288959980010986
dense_016_real,humaneval,middle,measured_dense_runtime,748,56,8,real,13.357142857142858,1,68,0.9336261318165292,torch_grouped_full64_gpu_cumsum,16,0.6169919967651367
dense_016_real,humaneval,middle,measured_dense_runtime,748,56,8,real,13.357142857142858,1,68,0.9336261318165292,torch_grouped_full64_gpu_cumsum,17,0.6223040223121643
dense_016_real,humaneval,middle,measured_dense_runtime,748,56,8,real,13.357142857142858,1,68,0.9336261318165292,torch_grouped_full64_gpu_cumsum,18,0.6142719984054565
dense_016_real,humaneval,middle,measured_dense_runtime,748,56,8,real,13.357142857142858,1,68,0.9336261318165292,torch_grouped_full64_gpu_cumsum,19,0.6144319772720337
dense_016_real,humaneval,middle,measured_dense_runtime,748,56,8,real,13.357142857142858,1,68,0.9336261318165292,torch_grouped_full64_gpu_cumsum,20,0.6149759888648987
dense_016_real,humaneval,middle,measured_dense_runtime,748,56,8,real,13.357142857142858,1,68,0.9336261318165292,torch_grouped_full64_gpu_cumsum,21,0.624351978302002
dense_016_real,humaneval,middle,measured_dense_runtime,748,56,8,real,13.357142857142858,1,68,0.9336261318165292,torch_grouped_full64_gpu_cumsum,22,0.612608015537262
dense_016_real,humaneval,middle,measured_dense_runtime,748,56,8,real,13.357142857142858,1,68,0.9336261318165292,torch_grouped_full64_gpu_cumsum,23,0.6141440272331238
dense_016_real,humaneval,middle,measured_dense_runtime,748,56,8,real,13.357142857142858,1,68,0.9336261318165292,torch_grouped_full64_gpu_cumsum,24,0.6171839833259583
dense_016_real,humaneval,middle,measured_dense_runtime,748,56,8,real,13.357142857142858,1,68,0.9336261318165292,torch_grouped_full64_gpu_cumsum,25,0.6184960007667542
dense_016_real,humaneval,middle,measured_dense_runtime,748,56,8,real,13.357142857142858,1,68,0.9336261318165292,torch_grouped_full64_gpu_cumsum,26,0.628383994102478
dense_016_real,humaneval,middle,measured_dense_runtime,748,56,8,real,13.357142857142858,1,68,0.9336261318165292,torch_grouped_full64_gpu_cumsum,27,0.6182399988174438
dense_016_real,humaneval,middle,measured_dense_runtime,748,56,8,real,13.357142857142858,1,68,0.9336261318165292,torch_grouped_full64_gpu_cumsum,28,0.619488000869751
dense_016_real,humaneval,middle,measured_dense_runtime,748,56,8,real,13.357142857142858,1,68,0.9336261318165292,torch_grouped_full64_gpu_cumsum,29,0.6156160235404968
dense_016_real,humaneval,middle,measured_dense_runtime,748,56,8,real,13.357142857142858,1,68,0.9336261318165292,torch_grouped_full64_gpu_cumsum,30,0.6274880170822144
dense_016_real,humaneval,middle,measured_dense_runtime,748,56,8,real,13.357142857142858,1,68,0.9336261318165292,torch_grouped_full64_gpu_cumsum,31,0.6252800226211548
dense_016_real,humaneval,middle,measured_dense_runtime,748,56,8,real,13.357142857142858,1,68,0.9336261318165292,torch_grouped_full64_gpu_cumsum,32,0.6303679943084717
dense_016_real,humaneval,middle,measured_dense_runtime,748,56,8,real,13.357142857142858,1,68,0.9336261318165292,torch_grouped_full64_gpu_cumsum,33,0.6335999965667725
dense_016_real,humaneval,middle,measured_dense_runtime,748,56,8,real,13.357142857142858,1,68,0.9336261318165292,torch_grouped_full64_gpu_cumsum,34,0.6446080207824707
dense_016_real,humaneval,middle,measured_dense_runtime,748,56,8,real,13.357142857142858,1,68,0.9336261318165292,torch_grouped_full64_gpu_cumsum,35,0.6515840291976929
dense_016_real,humaneval,middle,measured_dense_runtime,748,56,8,real,13.357142857142858,1,68,0.9336261318165292,torch_grouped_full64_gpu_cumsum,36,0.6494719982147217
dense_016_real,humaneval,middle,measured_dense_runtime,748,56,8,real,13.357142857142858,1,68,0.9336261318165292,torch_grouped_full64_gpu_cumsum,37,0.632095992565155
dense_016_real,humaneval,middle,measured_dense_runtime,748,56,8,real,13.357142857142858,1,68,0.9336261318165292,torch_grouped_full64_gpu_cumsum,38,0.6512640118598938
dense_016_real,humaneval,middle,measured_dense_runtime,748,56,8,real,13.357142857142858,1,68,0.9336261318165292,torch_grouped_full64_gpu_cumsum,39,0.6342399716377258
dense_016_real,humaneval,middle,measured_dense_runtime,748,56,8,real,13.357142857142858,1,68,0.9336261318165292,torch_grouped_full64_prebuilt,0,0.6155840158462524
dense_016_real,humaneval,middle,measured_dense_runtime,748,56,8,real,13.357142857142858,1,68,0.9336261318165292,torch_grouped_full64_prebuilt,1,0.5996800065040588
dense_016_real,humaneval,middle,measured_dense_runtime,748,56,8,real,13.357142857142858,1,68,0.9336261318165292,torch_grouped_full64_prebuilt,2,0.6042559742927551
dense_016_real,humaneval,middle,measured_dense_runtime,748,56,8,real,13.357142857142858,1,68,0.9336261318165292,torch_grouped_full64_prebuilt,3,0.602944016456604
dense_016_real,humaneval,middle,measured_dense_runtime,748,56,8,real,13.357142857142858,1,68,0.9336261318165292,torch_grouped_full64_prebuilt,4,0.6036480069160461
dense_016_real,humaneval,middle,measured_dense_runtime,748,56,8,real,13.357142857142858,1,68,0.9336261318165292,torch_grouped_full64_prebuilt,5,0.6031039953231812
dense_016_real,humaneval,middle,measured_dense_runtime,748,56,8,real,13.357142857142858,1,68,0.9336261318165292,torch_grouped_full64_prebuilt,6,0.6041920185089111
dense_016_real,humaneval,middle,measured_dense_runtime,748,56,8,real,13.357142857142858,1,68,0.9336261318165292,torch_grouped_full64_prebuilt,7,0.6029760241508484
dense_016_real,humaneval,middle,measured_dense_runtime,748,56,8,real,13.357142857142858,1,68,0.9336261318165292,torch_grouped_full64_prebuilt,8,0.6046720147132874
dense_016_real,humaneval,middle,measured_dense_runtime,748,56,8,real,13.357142857142858,1,68,0.9336261318165292,torch_grouped_full64_prebuilt,9,0.6083199977874756
dense_016_real,humaneval,middle,measured_dense_runtime,748,56,8,real,13.357142857142858,1,68,0.9336261318165292,torch_grouped_full64_prebuilt,10,0.6043199896812439
dense_016_real,humaneval,middle,measured_dense_runtime,748,56,8,real,13.357142857142858,1,68,0.9336261318165292,torch_grouped_full64_prebuilt,11,0.6057279706001282
dense_016_real,humaneval,middle,measured_dense_runtime,748,56,8,real,13.357142857142858,1,68,0.9336261318165292,torch_grouped_full64_prebuilt,12,0.601855993270874
dense_016_real,humaneval,middle,measured_dense_runtime,748,56,8,real,13.357142857142858,1,68,0.9336261318165292,torch_grouped_full64_prebuilt,13,0.6017600297927856
dense_016_real,humaneval,middle,measured_dense_runtime,748,56,8,real,13.357142857142858,1,68,0.9336261318165292,torch_grouped_full64_prebuilt,14,0.6056960225105286
dense_016_real,humaneval,middle,measured_dense_runtime,748,56,8,real,13.357142857142858,1,68,0.9336261318165292,torch_grouped_full64_prebuilt,15,0.6055999994277954
dense_016_real,humaneval,middle,measured_dense_runtime,748,56,8,real,13.357142857142858,1,68,0.9336261318165292,torch_grouped_full64_prebuilt,16,0.6035199761390686
dense_016_real,humaneval,middle,measured_dense_runtime,748,56,8,real,13.357142857142858,1,68,0.9336261318165292,torch_grouped_full64_prebuilt,17,0.6023039817810059
dense_016_real,humaneval,middle,measured_dense_runtime,748,56,8,real,13.357142857142858,1,68,0.9336261318165292,torch_grouped_full64_prebuilt,18,0.6079040169715881
dense_016_real,humaneval,middle,measured_dense_runtime,748,56,8,real,13.357142857142858,1,68,0.9336261318165292,torch_grouped_full64_prebuilt,19,0.6022400259971619
dense_016_real,humaneval,middle,measured_dense_runtime,748,56,8,real,13.357142857142858,1,68,0.9336261318165292,torch_grouped_full64_prebuilt,20,0.6040639877319336
dense_016_real,humaneval,middle,measured_dense_runtime,748,56,8,real,13.357142857142858,1,68,0.9336261318165292,torch_grouped_full64_prebuilt,21,0.6041600108146667
dense_016_real,humaneval,middle,measured_dense_runtime,748,56,8,real,13.357142857142858,1,68,0.9336261318165292,torch_grouped_full64_prebuilt,22,0.6028159856796265
dense_016_real,humaneval,middle,measured_dense_runtime,748,56,8,real,13.357142857142858,1,68,0.9336261318165292,torch_grouped_full64_prebuilt,23,0.5997120141983032
dense_016_real,humaneval,middle,measured_dense_runtime,748,56,8,real,13.357142857142858,1,68,0.9336261318165292,torch_grouped_full64_prebuilt,24,0.601535975933075
dense_016_real,humaneval,middle,measured_dense_runtime,748,56,8,real,13.357142857142858,1,68,0.9336261318165292,torch_grouped_full64_prebuilt,25,0.6027839779853821
dense_016_real,humaneval,middle,measured_dense_runtime,748,56,8,real,13.357142857142858,1,68,0.9336261318165292,torch_grouped_full64_prebuilt,26,0.6092159748077393
dense_016_real,humaneval,middle,measured_dense_runtime,748,56,8,real,13.357142857142858,1,68,0.9336261318165292,torch_grouped_full64_prebuilt,27,0.6084799766540527
dense_016_real,humaneval,middle,measured_dense_runtime,748,56,8,real,13.357142857142858,1,68,0.9336261318165292,torch_grouped_full64_prebuilt,28,0.6110720038414001
dense_016_real,humaneval,middle,measured_dense_runtime,748,56,8,real,13.357142857142858,1,68,0.9336261318165292,torch_grouped_full64_prebuilt,29,0.62745600938797
dense_016_real,humaneval,middle,measured_dense_runtime,748,56,8,real,13.357142857142858,1,68,0.9336261318165292,torch_grouped_full64_prebuilt,30,0.6086400151252747
dense_016_real,humaneval,middle,measured_dense_runtime,748,56,8,real,13.357142857142858,1,68,0.9336261318165292,torch_grouped_full64_prebuilt,31,0.6255040168762207
dense_016_real,humaneval,middle,measured_dense_runtime,748,56,8,real,13.357142857142858,1,68,0.9336261318165292,torch_grouped_full64_prebuilt,32,0.6118720173835754
dense_016_real,humaneval,middle,measured_dense_runtime,748,56,8,real,13.357142857142858,1,68,0.9336261318165292,torch_grouped_full64_prebuilt,33,0.6164479851722717
dense_016_real,humaneval,middle,measured_dense_runtime,748,56,8,real,13.357142857142858,1,68,0.9336261318165292,torch_grouped_full64_prebuilt,34,0.6139839887619019
dense_016_real,humaneval,middle,measured_dense_runtime,748,56,8,real,13.357142857142858,1,68,0.9336261318165292,torch_grouped_full64_prebuilt,35,0.6093119978904724
dense_016_real,humaneval,middle,measured_dense_runtime,748,56,8,real,13.357142857142858,1,68,0.9336261318165292,torch_grouped_full64_prebuilt,36,0.6168959736824036
dense_016_real,humaneval,middle,measured_dense_runtime,748,56,8,real,13.357142857142858,1,68,0.9336261318165292,torch_grouped_full64_prebuilt,37,0.6102719902992249
dense_016_real,humaneval,middle,measured_dense_runtime,748,56,8,real,13.357142857142858,1,68,0.9336261318165292,torch_grouped_full64_prebuilt,38,0.6130239963531494
dense_016_real,humaneval,middle,measured_dense_runtime,748,56,8,real,13.357142857142858,1,68,0.9336261318165292,torch_grouped_full64_prebuilt,39,0.6042559742927551
dense_017_real,humaneval,middle,measured_dense_runtime,1986,63,1,real,31.523809523809526,1,142,0.8836896738624543,vllm_fused,0,1.0028480291366577
dense_017_real,humaneval,middle,measured_dense_runtime,1986,63,1,real,31.523809523809526,1,142,0.8836896738624543,vllm_fused,1,1.0207359790802002
dense_017_real,humaneval,middle,measured_dense_runtime,1986,63,1,real,31.523809523809526,1,142,0.8836896738624543,vllm_fused,2,1.0093439817428589
dense_017_real,humaneval,middle,measured_dense_runtime,1986,63,1,real,31.523809523809526,1,142,0.8836896738624543,vllm_fused,3,0.9941759705543518
dense_017_real,humaneval,middle,measured_dense_runtime,1986,63,1,real,31.523809523809526,1,142,0.8836896738624543,vllm_fused,4,0.9961280226707458
dense_017_real,humaneval,middle,measured_dense_runtime,1986,63,1,real,31.523809523809526,1,142,0.8836896738624543,vllm_fused,5,1.024448037147522
dense_017_real,humaneval,middle,measured_dense_runtime,1986,63,1,real,31.523809523809526,1,142,0.8836896738624543,vllm_fused,6,1.1318080425262451
dense_017_real,humaneval,middle,measured_dense_runtime,1986,63,1,real,31.523809523809526,1,142,0.8836896738624543,vllm_fused,7,1.1435199975967407
dense_017_real,humaneval,middle,measured_dense_runtime,1986,63,1,real,31.523809523809526,1,142,0.8836896738624543,vllm_fused,8,1.1208000183105469
dense_017_real,humaneval,middle,measured_dense_runtime,1986,63,1,real,31.523809523809526,1,142,0.8836896738624543,vllm_fused,9,1.1448639631271362
dense_017_real,humaneval,middle,measured_dense_runtime,1986,63,1,real,31.523809523809526,1,142,0.8836896738624543,vllm_fused,10,1.1611520051956177
dense_017_real,humaneval,middle,measured_dense_runtime,1986,63,1,real,31.523809523809526,1,142,0.8836896738624543,vllm_fused,11,1.1591999530792236
dense_017_real,humaneval,middle,measured_dense_runtime,1986,63,1,real,31.523809523809526,1,142,0.8836896738624543,vllm_fused,12,1.1260160207748413
dense_017_real,humaneval,middle,measured_dense_runtime,1986,63,1,real,31.523809523809526,1,142,0.8836896738624543,vllm_fused,13,1.0712319612503052
dense_017_real,humaneval,middle,measured_dense_runtime,1986,63,1,real,31.523809523809526,1,142,0.8836896738624543,vllm_fused,14,1.011199951171875
dense_017_real,humaneval,middle,measured_dense_runtime,1986,63,1,real,31.523809523809526,1,142,0.8836896738624543,vllm_fused,15,0.9981120228767395
dense_017_real,humaneval,middle,measured_dense_runtime,1986,63,1,real,31.523809523809526,1,142,0.8836896738624543,vllm_fused,16,1.015231966972351
dense_017_real,humaneval,middle,measured_dense_runtime,1986,63,1,real,31.523809523809526,1,142,0.8836896738624543,vllm_fused,17,1.0255359411239624
dense_017_real,humaneval,middle,measured_dense_runtime,1986,63,1,real,31.523809523809526,1,142,0.8836896738624543,vllm_fused,18,0.9963840246200562
dense_017_real,humaneval,middle,measured_dense_runtime,1986,63,1,real,31.523809523809526,1,142,0.8836896738624543,vllm_fused,19,1.1162879467010498
dense_017_real,humaneval,middle,measured_dense_runtime,1986,63,1,real,31.523809523809526,1,142,0.8836896738624543,vllm_fused,20,1.1325440406799316
dense_017_real,humaneval,middle,measured_dense_runtime,1986,63,1,real,31.523809523809526,1,142,0.8836896738624543,vllm_fused,21,1.0250240564346313
dense_017_real,humaneval,middle,measured_dense_runtime,1986,63,1,real,31.523809523809526,1,142,0.8836896738624543,vllm_fused,22,1.0133119821548462
dense_017_real,humaneval,middle,measured_dense_runtime,1986,63,1,real,31.523809523809526,1,142,0.8836896738624543,vllm_fused,23,1.0079679489135742
dense_017_real,humaneval,middle,measured_dense_runtime,1986,63,1,real,31.523809523809526,1,142,0.8836896738624543,vllm_fused,24,0.9930239915847778
dense_017_real,humaneval,middle,measured_dense_runtime,1986,63,1,real,31.523809523809526,1,142,0.8836896738624543,vllm_fused,25,0.9953920245170593
dense_017_real,humaneval,middle,measured_dense_runtime,1986,63,1,real,31.523809523809526,1,142,0.8836896738624543,vllm_fused,26,0.9938240051269531
dense_017_real,humaneval,middle,measured_dense_runtime,1986,63,1,real,31.523809523809526,1,142,0.8836896738624543,vllm_fused,27,0.990336000919342
dense_017_real,humaneval,middle,measured_dense_runtime,1986,63,1,real,31.523809523809526,1,142,0.8836896738624543,vllm_fused,28,0.9927679896354675
dense_017_real,humaneval,middle,measured_dense_runtime,1986,63,1,real,31.523809523809526,1,142,0.8836896738624543,vllm_fused,29,0.9941759705543518
dense_017_real,humaneval,middle,measured_dense_runtime,1986,63,1,real,31.523809523809526,1,142,0.8836896738624543,vllm_fused,30,1.013856053352356
dense_017_real,humaneval,middle,measured_dense_runtime,1986,63,1,real,31.523809523809526,1,142,0.8836896738624543,vllm_fused,31,1.1014399528503418
dense_017_real,humaneval,middle,measured_dense_runtime,1986,63,1,real,31.523809523809526,1,142,0.8836896738624543,vllm_fused,32,1.119488000869751
dense_017_real,humaneval,middle,measured_dense_runtime,1986,63,1,real,31.523809523809526,1,142,0.8836896738624543,vllm_fused,33,1.147968053817749
dense_017_real,humaneval,middle,measured_dense_runtime,1986,63,1,real,31.523809523809526,1,142,0.8836896738624543,vllm_fused,34,1.163807988166809
dense_017_real,humaneval,middle,measured_dense_runtime,1986,63,1,real,31.523809523809526,1,142,0.8836896738624543,vllm_fused,35,1.1603519916534424
dense_017_real,humaneval,middle,measured_dense_runtime,1986,63,1,real,31.523809523809526,1,142,0.8836896738624543,vllm_fused,36,1.1219520568847656
dense_017_real,humaneval,middle,measured_dense_runtime,1986,63,1,real,31.523809523809526,1,142,0.8836896738624543,vllm_fused,37,1.181663990020752
dense_017_real,humaneval,middle,measured_dense_runtime,1986,63,1,real,31.523809523809526,1,142,0.8836896738624543,vllm_fused,38,1.13919997215271
dense_017_real,humaneval,middle,measured_dense_runtime,1986,63,1,real,31.523809523809526,1,142,0.8836896738624543,vllm_fused,39,1.0230720043182373
dense_017_real,humaneval,middle,measured_dense_runtime,1986,63,1,real,31.523809523809526,1,142,0.8836896738624543,torch_grouped_full64_gpu_cumsum,0,0.730400025844574
dense_017_real,humaneval,middle,measured_dense_runtime,1986,63,1,real,31.523809523809526,1,142,0.8836896738624543,torch_grouped_full64_gpu_cumsum,1,0.7318400144577026
dense_017_real,humaneval,middle,measured_dense_runtime,1986,63,1,real,31.523809523809526,1,142,0.8836896738624543,torch_grouped_full64_gpu_cumsum,2,0.7404800057411194
dense_017_real,humaneval,middle,measured_dense_runtime,1986,63,1,real,31.523809523809526,1,142,0.8836896738624543,torch_grouped_full64_gpu_cumsum,3,0.7269759774208069
dense_017_real,humaneval,middle,measured_dense_runtime,1986,63,1,real,31.523809523809526,1,142,0.8836896738624543,torch_grouped_full64_gpu_cumsum,4,0.7134400010108948
dense_017_real,humaneval,middle,measured_dense_runtime,1986,63,1,real,31.523809523809526,1,142,0.8836896738624543,torch_grouped_full64_gpu_cumsum,5,0.72188800573349
dense_017_real,humaneval,middle,measured_dense_runtime,1986,63,1,real,31.523809523809526,1,142,0.8836896738624543,torch_grouped_full64_gpu_cumsum,6,0.7151359915733337
dense_017_real,humaneval,middle,measured_dense_runtime,1986,63,1,real,31.523809523809526,1,142,0.8836896738624543,torch_grouped_full64_gpu_cumsum,7,0.7178879976272583
dense_017_real,humaneval,middle,measured_dense_runtime,1986,63,1,real,31.523809523809526,1,142,0.8836896738624543,torch_grouped_full64_gpu_cumsum,8,0.7269440293312073
dense_017_real,humaneval,middle,measured_dense_runtime,1986,63,1,real,31.523809523809526,1,142,0.8836896738624543,torch_grouped_full64_gpu_cumsum,9,0.7123200297355652
dense_017_real,humaneval,middle,measured_dense_runtime,1986,63,1,real,31.523809523809526,1,142,0.8836896738624543,torch_grouped_full64_gpu_cumsum,10,0.7089279890060425
dense_017_real,humaneval,middle,measured_dense_runtime,1986,63,1,real,31.523809523809526,1,142,0.8836896738624543,torch_grouped_full64_gpu_cumsum,11,0.7107840180397034
dense_017_real,humaneval,middle,measured_dense_runtime,1986,63,1,real,31.523809523809526,1,142,0.8836896738624543,torch_grouped_full64_gpu_cumsum,12,0.7244799733161926
dense_017_real,humaneval,middle,measured_dense_runtime,1986,63,1,real,31.523809523809526,1,142,0.8836896738624543,torch_grouped_full64_gpu_cumsum,13,0.710752010345459
dense_017_real,humaneval,middle,measured_dense_runtime,1986,63,1,real,31.523809523809526,1,142,0.8836896738624543,torch_grouped_full64_gpu_cumsum,14,0.7136639952659607
dense_017_real,humaneval,middle,measured_dense_runtime,1986,63,1,real,31.523809523809526,1,142,0.8836896738624543,torch_grouped_full64_gpu_cumsum,15,0.7144960165023804
dense_017_real,humaneval,middle,measured_dense_runtime,1986,63,1,real,31.523809523809526,1,142,0.8836896738624543,torch_grouped_full64_gpu_cumsum,16,0.7213119864463806
dense_017_real,humaneval,middle,measured_dense_runtime,1986,63,1,real,31.523809523809526,1,142,0.8836896738624543,torch_grouped_full64_gpu_cumsum,17,0.7110080122947693
dense_017_real,humaneval,middle,measured_dense_runtime,1986,63,1,real,31.523809523809526,1,142,0.8836896738624543,torch_grouped_full64_gpu_cumsum,18,0.7129600048065186
dense_017_real,humaneval,middle,measured_dense_runtime,1986,63,1,real,31.523809523809526,1,142,0.8836896738624543,torch_grouped_full64_gpu_cumsum,19,0.724448025226593
dense_017_real,humaneval,middle,measured_dense_runtime,1986,63,1,real,31.523809523809526,1,142,0.8836896738624543,torch_grouped_full64_gpu_cumsum,20,0.7267839908599854
dense_017_real,humaneval,middle,measured_dense_runtime,1986,63,1,real,31.523809523809526,1,142,0.8836896738624543,torch_grouped_full64_gpu_cumsum,21,0.7395520210266113
dense_017_real,humaneval,middle,measured_dense_runtime,1986,63,1,real,31.523809523809526,1,142,0.8836896738624543,torch_grouped_full64_gpu_cumsum,22,0.7348160147666931
dense_017_real,humaneval,middle,measured_dense_runtime,1986,63,1,real,31.523809523809526,1,142,0.8836896738624543,torch_grouped_full64_gpu_cumsum,23,0.7445759773254395
dense_017_real,humaneval,middle,measured_dense_runtime,1986,63,1,real,31.523809523809526,1,142,0.8836896738624543,torch_grouped_full64_gpu_cumsum,24,0.7395520210266113
dense_017_real,humaneval,middle,measured_dense_runtime,1986,63,1,real,31.523809523809526,1,142,0.8836896738624543,torch_grouped_full64_gpu_cumsum,25,0.7395520210266113
dense_017_real,humaneval,middle,measured_dense_runtime,1986,63,1,real,31.523809523809526,1,142,0.8836896738624543,torch_grouped_full64_gpu_cumsum,26,0.7382720112800598
dense_017_real,humaneval,middle,measured_dense_runtime,1986,63,1,real,31.523809523809526,1,142,0.8836896738624543,torch_grouped_full64_gpu_cumsum,27,0.7390080094337463
dense_017_real,humaneval,middle,measured_dense_runtime,1986,63,1,real,31.523809523809526,1,142,0.8836896738624543,torch_grouped_full64_gpu_cumsum,28,0.7212160229682922
dense_017_real,humaneval,middle,measured_dense_runtime,1986,63,1,real,31.523809523809526,1,142,0.8836896738624543,torch_grouped_full64_gpu_cumsum,29,0.7110080122947693
dense_017_real,humaneval,middle,measured_dense_runtime,1986,63,1,real,31.523809523809526,1,142,0.8836896738624543,torch_grouped_full64_gpu_cumsum,30,0.7164160013198853
dense_017_real,humaneval,middle,measured_dense_runtime,1986,63,1,real,31.523809523809526,1,142,0.8836896738624543,torch_grouped_full64_gpu_cumsum,31,0.711135983467102
dense_017_real,humaneval,middle,measured_dense_runtime,1986,63,1,real,31.523809523809526,1,142,0.8836896738624543,torch_grouped_full64_gpu_cumsum,32,0.7154560089111328
dense_017_real,humaneval,middle,measured_dense_runtime,1986,63,1,real,31.523809523809526,1,142,0.8836896738624543,torch_grouped_full64_gpu_cumsum,33,0.7157120108604431
dense_017_real,humaneval,middle,measured_dense_runtime,1986,63,1,real,31.523809523809526,1,142,0.8836896738624543,torch_grouped_full64_gpu_cumsum,34,0.7180799841880798
dense_017_real,humaneval,middle,measured_dense_runtime,1986,63,1,real,31.523809523809526,1,142,0.8836896738624543,torch_grouped_full64_gpu_cumsum,35,0.7129279971122742
dense_017_real,humaneval,middle,measured_dense_runtime,1986,63,1,real,31.523809523809526,1,142,0.8836896738624543,torch_grouped_full64_gpu_cumsum,36,0.726207971572876
dense_017_real,humaneval,middle,measured_dense_runtime,1986,63,1,real,31.523809523809526,1,142,0.8836896738624543,torch_grouped_full64_gpu_cumsum,37,0.7411519885063171
dense_017_real,humaneval,middle,measured_dense_runtime,1986,63,1,real,31.523809523809526,1,142,0.8836896738624543,torch_grouped_full64_gpu_cumsum,38,0.7372480034828186
dense_017_real,humaneval,middle,measured_dense_runtime,1986,63,1,real,31.523809523809526,1,142,0.8836896738624543,torch_grouped_full64_gpu_cumsum,39,0.7174400091171265
dense_017_real,humaneval,middle,measured_dense_runtime,1986,63,1,real,31.523809523809526,1,142,0.8836896738624543,torch_grouped_active_prebuilt_oracle,0,0.7052479982376099
dense_017_real,humaneval,middle,measured_dense_runtime,1986,63,1,real,31.523809523809526,1,142,0.8836896738624543,torch_grouped_active_prebuilt_oracle,1,0.7026879787445068
dense_017_real,humaneval,middle,measured_dense_runtime,1986,63,1,real,31.523809523809526,1,142,0.8836896738624543,torch_grouped_active_prebuilt_oracle,2,0.70169597864151
dense_017_real,humaneval,middle,measured_dense_runtime,1986,63,1,real,31.523809523809526,1,142,0.8836896738624543,torch_grouped_active_prebuilt_oracle,3,0.7034879922866821
dense_017_real,humaneval,middle,measured_dense_runtime,1986,63,1,real,31.523809523809526,1,142,0.8836896738624543,torch_grouped_active_prebuilt_oracle,4,0.7076159715652466
dense_017_real,humaneval,middle,measured_dense_runtime,1986,63,1,real,31.523809523809526,1,142,0.8836896738624543,torch_grouped_active_prebuilt_oracle,5,0.7029439806938171
dense_017_real,humaneval,middle,measured_dense_runtime,1986,63,1,real,31.523809523809526,1,142,0.8836896738624543,torch_grouped_active_prebuilt_oracle,6,0.7022079825401306
dense_017_real,humaneval,middle,measured_dense_runtime,1986,63,1,real,31.523809523809526,1,142,0.8836896738624543,torch_grouped_active_prebuilt_oracle,7,0.707423985004425
dense_017_real,humaneval,middle,measured_dense_runtime,1986,63,1,real,31.523809523809526,1,142,0.8836896738624543,torch_grouped_active_prebuilt_oracle,8,0.7026240229606628
dense_017_real,humaneval,middle,measured_dense_runtime,1986,63,1,real,31.523809523809526,1,142,0.8836896738624543,torch_grouped_active_prebuilt_oracle,9,0.7067199945449829
dense_017_real,humaneval,middle,measured_dense_runtime,1986,63,1,real,31.523809523809526,1,142,0.8836896738624543,torch_grouped_active_prebuilt_oracle,10,0.7098240256309509
dense_017_real,humaneval,middle,measured_dense_runtime,1986,63,1,real,31.523809523809526,1,142,0.8836896738624543,torch_grouped_active_prebuilt_oracle,11,0.7209280133247375
dense_017_real,humaneval,middle,measured_dense_runtime,1986,63,1,real,31.523809523809526,1,142,0.8836896738624543,torch_grouped_active_prebuilt_oracle,12,0.7101759910583496
dense_017_real,humaneval,middle,measured_dense_runtime,1986,63,1,real,31.523809523809526,1,142,0.8836896738624543,torch_grouped_active_prebuilt_oracle,13,0.7181439995765686
dense_017_real,humaneval,middle,measured_dense_runtime,1986,63,1,real,31.523809523809526,1,142,0.8836896738624543,torch_grouped_active_prebuilt_oracle,14,0.7168639898300171
dense_017_real,humaneval,middle,measured_dense_runtime,1986,63,1,real,31.523809523809526,1,142,0.8836896738624543,torch_grouped_active_prebuilt_oracle,15,0.715008020401001
dense_017_real,humaneval,middle,measured_dense_runtime,1986,63,1,real,31.523809523809526,1,142,0.8836896738624543,torch_grouped_active_prebuilt_oracle,16,0.7044159770011902
dense_017_real,humaneval,middle,measured_dense_runtime,1986,63,1,real,31.523809523809526,1,142,0.8836896738624543,torch_grouped_active_prebuilt_oracle,17,0.7053760290145874
dense_017_real,humaneval,middle,measured_dense_runtime,1986,63,1,real,31.523809523809526,1,142,0.8836896738624543,torch_grouped_active_prebuilt_oracle,18,0.7021759748458862
dense_017_real,humaneval,middle,measured_dense_runtime,1986,63,1,real,31.523809523809526,1,142,0.8836896738624543,torch_grouped_active_prebuilt_oracle,19,0.7027519941329956
dense_017_real,humaneval,middle,measured_dense_runtime,1986,63,1,real,31.523809523809526,1,142,0.8836896738624543,torch_grouped_active_prebuilt_oracle,20,0.7008640170097351
dense_017_real,humaneval,middle,measured_dense_runtime,1986,63,1,real,31.523809523809526,1,142,0.8836896738624543,torch_grouped_active_prebuilt_oracle,21,0.7078080177307129
dense_017_real,humaneval,middle,measured_dense_runtime,1986,63,1,real,31.523809523809526,1,142,0.8836896738624543,torch_grouped_active_prebuilt_oracle,22,0.7032639980316162
dense_017_real,humaneval,middle,measured_dense_runtime,1986,63,1,real,31.523809523809526,1,142,0.8836896738624543,torch_grouped_active_prebuilt_oracle,23,0.6984639763832092
dense_017_real,humaneval,middle,measured_dense_runtime,1986,63,1,real,31.523809523809526,1,142,0.8836896738624543,torch_grouped_active_prebuilt_oracle,24,0.701088011264801
dense_017_real,humaneval,middle,measured_dense_runtime,1986,63,1,real,31.523809523809526,1,142,0.8836896738624543,torch_grouped_active_prebuilt_oracle,25,0.7090880274772644
dense_017_real,humaneval,middle,measured_dense_runtime,1986,63,1,real,31.523809523809526,1,142,0.8836896738624543,torch_grouped_active_prebuilt_oracle,26,0.7135679721832275
dense_017_real,humaneval,middle,measured_dense_runtime,1986,63,1,real,31.523809523809526,1,142,0.8836896738624543,torch_grouped_active_prebuilt_oracle,27,0.7063360214233398
dense_017_real,humaneval,middle,measured_dense_runtime,1986,63,1,real,31.523809523809526,1,142,0.8836896738624543,torch_grouped_active_prebuilt_oracle,28,0.7008320093154907
dense_017_real,humaneval,middle,measured_dense_runtime,1986,63,1,real,31.523809523809526,1,142,0.8836896738624543,torch_grouped_active_prebuilt_oracle,29,0.7005760073661804
dense_017_real,humaneval,middle,measured_dense_runtime,1986,63,1,real,31.523809523809526,1,142,0.8836896738624543,torch_grouped_active_prebuilt_oracle,30,0.7017279863357544
dense_017_real,humaneval,middle,measured_dense_runtime,1986,63,1,real,31.523809523809526,1,142,0.8836896738624543,torch_grouped_active_prebuilt_oracle,31,0.70169597864151
dense_017_real,humaneval,middle,measured_dense_runtime,1986,63,1,real,31.523809523809526,1,142,0.8836896738624543,torch_grouped_active_prebuilt_oracle,32,0.704479992389679
dense_017_real,humaneval,middle,measured_dense_runtime,1986,63,1,real,31.523809523809526,1,142,0.8836896738624543,torch_grouped_active_prebuilt_oracle,33,0.7008960247039795
dense_017_real,humaneval,middle,measured_dense_runtime,1986,63,1,real,31.523809523809526,1,142,0.8836896738624543,torch_grouped_active_prebuilt_oracle,34,0.7000640034675598
dense_017_real,humaneval,middle,measured_dense_runtime,1986,63,1,real,31.523809523809526,1,142,0.8836896738624543,torch_grouped_active_prebuilt_oracle,35,0.7019839882850647
dense_017_real,humaneval,middle,measured_dense_runtime,1986,63,1,real,31.523809523809526,1,142,0.8836896738624543,torch_grouped_active_prebuilt_oracle,36,0.6999679803848267
dense_017_real,humaneval,middle,measured_dense_runtime,1986,63,1,real,31.523809523809526,1,142,0.8836896738624543,torch_grouped_active_prebuilt_oracle,37,0.7007039785385132
dense_017_real,humaneval,middle,measured_dense_runtime,1986,63,1,real,31.523809523809526,1,142,0.8836896738624543,torch_grouped_active_prebuilt_oracle,38,0.701088011264801
dense_017_real,humaneval,middle,measured_dense_runtime,1986,63,1,real,31.523809523809526,1,142,0.8836896738624543,torch_grouped_active_prebuilt_oracle,39,0.7005760073661804
dense_017_real,humaneval,middle,measured_dense_runtime,1986,63,1,real,31.523809523809526,1,142,0.8836896738624543,torch_grouped_full64_cpu_list_offsets,0,0.7628800272941589
dense_017_real,humaneval,middle,measured_dense_runtime,1986,63,1,real,31.523809523809526,1,142,0.8836896738624543,torch_grouped_full64_cpu_list_offsets,1,0.7492160201072693
dense_017_real,humaneval,middle,measured_dense_runtime,1986,63,1,real,31.523809523809526,1,142,0.8836896738624543,torch_grouped_full64_cpu_list_offsets,2,0.7746559977531433
dense_017_real,humaneval,middle,measured_dense_runtime,1986,63,1,real,31.523809523809526,1,142,0.8836896738624543,torch_grouped_full64_cpu_list_offsets,3,0.7607359886169434
dense_017_real,humaneval,middle,measured_dense_runtime,1986,63,1,real,31.523809523809526,1,142,0.8836896738624543,torch_grouped_full64_cpu_list_offsets,4,0.8092479705810547
dense_017_real,humaneval,middle,measured_dense_runtime,1986,63,1,real,31.523809523809526,1,142,0.8836896738624543,torch_grouped_full64_cpu_list_offsets,5,0.7816960215568542
dense_017_real,humaneval,middle,measured_dense_runtime,1986,63,1,real,31.523809523809526,1,142,0.8836896738624543,torch_grouped_full64_cpu_list_offsets,6,0.8015679717063904
dense_017_real,humaneval,middle,measured_dense_runtime,1986,63,1,real,31.523809523809526,1,142,0.8836896738624543,torch_grouped_full64_cpu_list_offsets,7,0.768992006778717
dense_017_real,humaneval,middle,measured_dense_runtime,1986,63,1,real,31.523809523809526,1,142,0.8836896738624543,torch_grouped_full64_cpu_list_offsets,8,0.7862719893455505
dense_017_real,humaneval,middle,measured_dense_runtime,1986,63,1,real,31.523809523809526,1,142,0.8836896738624543,torch_grouped_full64_cpu_list_offsets,9,0.7963839769363403
dense_017_real,humaneval,middle,measured_dense_runtime,1986,63,1,real,31.523809523809526,1,142,0.8836896738624543,torch_grouped_full64_cpu_list_offsets,10,0.7972800135612488
dense_017_real,humaneval,middle,measured_dense_runtime,1986,63,1,real,31.523809523809526,1,142,0.8836896738624543,torch_grouped_full64_cpu_list_offsets,11,0.7913600206375122
dense_017_real,humaneval,middle,measured_dense_runtime,1986,63,1,real,31.523809523809526,1,142,0.8836896738624543,torch_grouped_full64_cpu_list_offsets,12,0.7502719759941101
dense_017_real,humaneval,middle,measured_dense_runtime,1986,63,1,real,31.523809523809526,1,142,0.8836896738624543,torch_grouped_full64_cpu_list_offsets,13,0.7377600073814392
dense_017_real,humaneval,middle,measured_dense_runtime,1986,63,1,real,31.523809523809526,1,142,0.8836896738624543,torch_grouped_full64_cpu_list_offsets,14,0.7417920231819153
dense_017_real,humaneval,middle,measured_dense_runtime,1986,63,1,real,31.523809523809526,1,142,0.8836896738624543,torch_grouped_full64_cpu_list_offsets,15,0.7441920042037964
dense_017_real,humaneval,middle,measured_dense_runtime,1986,63,1,real,31.523809523809526,1,142,0.8836896738624543,torch_grouped_full64_cpu_list_offsets,16,0.7368320226669312
dense_017_real,humaneval,middle,measured_dense_runtime,1986,63,1,real,31.523809523809526,1,142,0.8836896738624543,torch_grouped_full64_cpu_list_offsets,17,0.7454720139503479
dense_017_real,humaneval,middle,measured_dense_runtime,1986,63,1,real,31.523809523809526,1,142,0.8836896738624543,torch_grouped_full64_cpu_list_offsets,18,0.7326400279998779
dense_017_real,humaneval,middle,measured_dense_runtime,1986,63,1,real,31.523809523809526,1,142,0.8836896738624543,torch_grouped_full64_cpu_list_offsets,19,0.7420799732208252
dense_017_real,humaneval,middle,measured_dense_runtime,1986,63,1,real,31.523809523809526,1,142,0.8836896738624543,torch_grouped_full64_cpu_list_offsets,20,0.7391679883003235
dense_017_real,humaneval,middle,measured_dense_runtime,1986,63,1,real,31.523809523809526,1,142,0.8836896738624543,torch_grouped_full64_cpu_list_offsets,21,0.7471359968185425
dense_017_real,humaneval,middle,measured_dense_runtime,1986,63,1,real,31.523809523809526,1,142,0.8836896738624543,torch_grouped_full64_cpu_list_offsets,22,0.7375680208206177
dense_017_real,humaneval,middle,measured_dense_runtime,1986,63,1,real,31.523809523809526,1,142,0.8836896738624543,torch_grouped_full64_cpu_list_offsets,23,0.7459840178489685
dense_017_real,humaneval,middle,measured_dense_runtime,1986,63,1,real,31.523809523809526,1,142,0.8836896738624543,torch_grouped_full64_cpu_list_offsets,24,0.735584020614624
dense_017_real,humaneval,middle,measured_dense_runtime,1986,63,1,real,31.523809523809526,1,142,0.8836896738624543,torch_grouped_full64_cpu_list_offsets,25,0.7360320091247559
dense_017_real,humaneval,middle,measured_dense_runtime,1986,63,1,real,31.523809523809526,1,142,0.8836896738624543,torch_grouped_full64_cpu_list_offsets,26,0.7376319766044617
dense_017_real,humaneval,middle,measured_dense_runtime,1986,63,1,real,31.523809523809526,1,142,0.8836896738624543,torch_grouped_full64_cpu_list_offsets,27,0.7424319982528687
dense_017_real,humaneval,middle,measured_dense_runtime,1986,63,1,real,31.523809523809526,1,142,0.8836896738624543,torch_grouped_full64_cpu_list_offsets,28,0.7412160038948059
dense_017_real,humaneval,middle,measured_dense_runtime,1986,63,1,real,31.523809523809526,1,142,0.8836896738624543,torch_grouped_full64_cpu_list_offsets,29,0.7348160147666931
dense_017_real,humaneval,middle,measured_dense_runtime,1986,63,1,real,31.523809523809526,1,142,0.8836896738624543,torch_grouped_full64_cpu_list_offsets,30,0.7404800057411194
dense_017_real,humaneval,middle,measured_dense_runtime,1986,63,1,real,31.523809523809526,1,142,0.8836896738624543,torch_grouped_full64_cpu_list_offsets,31,0.7403200268745422
dense_017_real,humaneval,middle,measured_dense_runtime,1986,63,1,real,31.523809523809526,1,142,0.8836896738624543,torch_grouped_full64_cpu_list_offsets,32,0.7400320172309875
dense_017_real,humaneval,middle,measured_dense_runtime,1986,63,1,real,31.523809523809526,1,142,0.8836896738624543,torch_grouped_full64_cpu_list_offsets,33,0.7351679801940918
dense_017_real,humaneval,middle,measured_dense_runtime,1986,63,1,real,31.523809523809526,1,142,0.8836896738624543,torch_grouped_full64_cpu_list_offsets,34,0.7675840258598328
dense_017_real,humaneval,middle,measured_dense_runtime,1986,63,1,real,31.523809523809526,1,142,0.8836896738624543,torch_grouped_full64_cpu_list_offsets,35,0.7711679935455322
dense_017_real,humaneval,middle,measured_dense_runtime,1986,63,1,real,31.523809523809526,1,142,0.8836896738624543,torch_grouped_full64_cpu_list_offsets,36,0.7931839823722839
dense_017_real,humaneval,middle,measured_dense_runtime,1986,63,1,real,31.523809523809526,1,142,0.8836896738624543,torch_grouped_full64_cpu_list_offsets,37,0.7833920121192932
dense_017_real,humaneval,middle,measured_dense_runtime,1986,63,1,real,31.523809523809526,1,142,0.8836896738624543,torch_grouped_full64_cpu_list_offsets,38,0.7936639785766602
dense_017_real,humaneval,middle,measured_dense_runtime,1986,63,1,real,31.523809523809526,1,142,0.8836896738624543,torch_grouped_full64_cpu_list_offsets,39,0.7794240117073059
dense_017_real,humaneval,middle,measured_dense_runtime,1986,63,1,real,31.523809523809526,1,142,0.8836896738624543,torch_grouped_full64_prebuilt,0,0.7131199836730957
dense_017_real,humaneval,middle,measured_dense_runtime,1986,63,1,real,31.523809523809526,1,142,0.8836896738624543,torch_grouped_full64_prebuilt,1,0.7041599750518799
dense_017_real,humaneval,middle,measured_dense_runtime,1986,63,1,real,31.523809523809526,1,142,0.8836896738624543,torch_grouped_full64_prebuilt,2,0.700543999671936
dense_017_real,humaneval,middle,measured_dense_runtime,1986,63,1,real,31.523809523809526,1,142,0.8836896738624543,torch_grouped_full64_prebuilt,3,0.6995519995689392
dense_017_real,humaneval,middle,measured_dense_runtime,1986,63,1,real,31.523809523809526,1,142,0.8836896738624543,torch_grouped_full64_prebuilt,4,0.7004479765892029
dense_017_real,humaneval,middle,measured_dense_runtime,1986,63,1,real,31.523809523809526,1,142,0.8836896738624543,torch_grouped_full64_prebuilt,5,0.6994240283966064
dense_017_real,humaneval,middle,measured_dense_runtime,1986,63,1,real,31.523809523809526,1,142,0.8836896738624543,torch_grouped_full64_prebuilt,6,0.7032960057258606
dense_017_real,humaneval,middle,measured_dense_runtime,1986,63,1,real,31.523809523809526,1,142,0.8836896738624543,torch_grouped_full64_prebuilt,7,0.7006719708442688
dense_017_real,humaneval,middle,measured_dense_runtime,1986,63,1,real,31.523809523809526,1,142,0.8836896738624543,torch_grouped_full64_prebuilt,8,0.6959999799728394
dense_017_real,humaneval,middle,measured_dense_runtime,1986,63,1,real,31.523809523809526,1,142,0.8836896738624543,torch_grouped_full64_prebuilt,9,0.7021440267562866
dense_017_real,humaneval,middle,measured_dense_runtime,1986,63,1,real,31.523809523809526,1,142,0.8836896738624543,torch_grouped_full64_prebuilt,10,0.7045440077781677
dense_017_real,humaneval,middle,measured_dense_runtime,1986,63,1,real,31.523809523809526,1,142,0.8836896738624543,torch_grouped_full64_prebuilt,11,0.703328013420105
dense_017_real,humaneval,middle,measured_dense_runtime,1986,63,1,real,31.523809523809526,1,142,0.8836896738624543,torch_grouped_full64_prebuilt,12,0.7009279727935791
dense_017_real,humaneval,middle,measured_dense_runtime,1986,63,1,real,31.523809523809526,1,142,0.8836896738624543,torch_grouped_full64_prebuilt,13,0.7028160095214844
dense_017_real,humaneval,middle,measured_dense_runtime,1986,63,1,real,31.523809523809526,1,142,0.8836896738624543,torch_grouped_full64_prebuilt,14,0.7011200189590454
dense_017_real,humaneval,middle,measured_dense_runtime,1986,63,1,real,31.523809523809526,1,142,0.8836896738624543,torch_grouped_full64_prebuilt,15,0.70387202501297
dense_017_real,humaneval,middle,measured_dense_runtime,1986,63,1,real,31.523809523809526,1,142,0.8836896738624543,torch_grouped_full64_prebuilt,16,0.6960639953613281
dense_017_real,humaneval,middle,measured_dense_runtime,1986,63,1,real,31.523809523809526,1,142,0.8836896738624543,torch_grouped_full64_prebuilt,17,0.7065280079841614
dense_017_real,humaneval,middle,measured_dense_runtime,1986,63,1,real,31.523809523809526,1,142,0.8836896738624543,torch_grouped_full64_prebuilt,18,0.6986879706382751
dense_017_real,humaneval,middle,measured_dense_runtime,1986,63,1,real,31.523809523809526,1,142,0.8836896738624543,torch_grouped_full64_prebuilt,19,0.7010239958763123
dense_017_real,humaneval,middle,measured_dense_runtime,1986,63,1,real,31.523809523809526,1,142,0.8836896738624543,torch_grouped_full64_prebuilt,20,0.6999679803848267
dense_017_real,humaneval,middle,measured_dense_runtime,1986,63,1,real,31.523809523809526,1,142,0.8836896738624543,torch_grouped_full64_prebuilt,21,0.6961920261383057
dense_017_real,humaneval,middle,measured_dense_runtime,1986,63,1,real,31.523809523809526,1,142,0.8836896738624543,torch_grouped_full64_prebuilt,22,0.6995840072631836
dense_017_real,humaneval,middle,measured_dense_runtime,1986,63,1,real,31.523809523809526,1,142,0.8836896738624543,torch_grouped_full64_prebuilt,23,0.7064639925956726
dense_017_real,humaneval,middle,measured_dense_runtime,1986,63,1,real,31.523809523809526,1,142,0.8836896738624543,torch_grouped_full64_prebuilt,24,0.7040320038795471
dense_017_real,humaneval,middle,measured_dense_runtime,1986,63,1,real,31.523809523809526,1,142,0.8836896738624543,torch_grouped_full64_prebuilt,25,0.7150400280952454
dense_017_real,humaneval,middle,measured_dense_runtime,1986,63,1,real,31.523809523809526,1,142,0.8836896738624543,torch_grouped_full64_prebuilt,26,0.7152320146560669
dense_017_real,humaneval,middle,measured_dense_runtime,1986,63,1,real,31.523809523809526,1,142,0.8836896738624543,torch_grouped_full64_prebuilt,27,0.7176640033721924
dense_017_real,humaneval,middle,measured_dense_runtime,1986,63,1,real,31.523809523809526,1,142,0.8836896738624543,torch_grouped_full64_prebuilt,28,0.7146559953689575
dense_017_real,humaneval,middle,measured_dense_runtime,1986,63,1,real,31.523809523809526,1,142,0.8836896738624543,torch_grouped_full64_prebuilt,29,0.6976640224456787
dense_017_real,humaneval,middle,measured_dense_runtime,1986,63,1,real,31.523809523809526,1,142,0.8836896738624543,torch_grouped_full64_prebuilt,30,0.6998080015182495
dense_017_real,humaneval,middle,measured_dense_runtime,1986,63,1,real,31.523809523809526,1,142,0.8836896738624543,torch_grouped_full64_prebuilt,31,0.7045440077781677
dense_017_real,humaneval,middle,measured_dense_runtime,1986,63,1,real,31.523809523809526,1,142,0.8836896738624543,torch_grouped_full64_prebuilt,32,0.6998080015182495
dense_017_real,humaneval,middle,measured_dense_runtime,1986,63,1,real,31.523809523809526,1,142,0.8836896738624543,torch_grouped_full64_prebuilt,33,0.6951360106468201
dense_017_real,humaneval,middle,measured_dense_runtime,1986,63,1,real,31.523809523809526,1,142,0.8836896738624543,torch_grouped_full64_prebuilt,34,0.6994879841804504
dense_017_real,humaneval,middle,measured_dense_runtime,1986,63,1,real,31.523809523809526,1,142,0.8836896738624543,torch_grouped_full64_prebuilt,35,0.7058240175247192
dense_017_real,humaneval,middle,measured_dense_runtime,1986,63,1,real,31.523809523809526,1,142,0.8836896738624543,torch_grouped_full64_prebuilt,36,0.7137920260429382
dense_017_real,humaneval,middle,measured_dense_runtime,1986,63,1,real,31.523809523809526,1,142,0.8836896738624543,torch_grouped_full64_prebuilt,37,0.70905601978302
dense_017_real,humaneval,middle,measured_dense_runtime,1986,63,1,real,31.523809523809526,1,142,0.8836896738624543,torch_grouped_full64_prebuilt,38,0.718720018863678
dense_017_real,humaneval,middle,measured_dense_runtime,1986,63,1,real,31.523809523809526,1,142,0.8836896738624543,torch_grouped_full64_prebuilt,39,0.7039999961853027
