case_id,task,phase,scope,total_rows,active_experts,inactive_experts,geometry,mean_m_e,min_m_e,max_m_e,m_e_cv,operation,repetition,latency_ms
case_000_real,gsm8k,early,real_route_replay,1606,50,14,real,32.12,1,145,1.0628919014118656,gate_up_full64_prebuilt,0,0.4065600037574768
case_000_real,gsm8k,early,real_route_replay,1606,50,14,real,32.12,1,145,1.0628919014118656,gate_up_full64_prebuilt,1,0.3685759902000427
case_000_real,gsm8k,early,real_route_replay,1606,50,14,real,32.12,1,145,1.0628919014118656,gate_up_full64_prebuilt,2,0.34672001004219055
case_000_real,gsm8k,early,real_route_replay,1606,50,14,real,32.12,1,145,1.0628919014118656,gate_up_full64_prebuilt,3,0.3387199938297272
case_000_real,gsm8k,early,real_route_replay,1606,50,14,real,32.12,1,145,1.0628919014118656,gate_up_full64_prebuilt,4,0.33772799372673035
case_000_real,gsm8k,early,real_route_replay,1606,50,14,real,32.12,1,145,1.0628919014118656,gate_up_full64_prebuilt,5,0.350271999835968
case_000_real,gsm8k,early,real_route_replay,1606,50,14,real,32.12,1,145,1.0628919014118656,gate_up_full64_prebuilt,6,0.34217599034309387
case_000_real,gsm8k,early,real_route_replay,1606,50,14,real,32.12,1,145,1.0628919014118656,gate_up_full64_prebuilt,7,0.3389439880847931
case_000_real,gsm8k,early,real_route_replay,1606,50,14,real,32.12,1,145,1.0628919014118656,gate_up_full64_prebuilt,8,0.33955198526382446
case_000_real,gsm8k,early,real_route_replay,1606,50,14,real,32.12,1,145,1.0628919014118656,gate_up_full64_prebuilt,9,0.33878400921821594
case_000_real,gsm8k,early,real_route_replay,1606,50,14,real,32.12,1,145,1.0628919014118656,gate_up_full64_prebuilt,10,0.342303991317749
case_000_real,gsm8k,early,real_route_replay,1606,50,14,real,32.12,1,145,1.0628919014118656,gate_up_full64_prebuilt,11,0.33952000737190247
case_000_real,gsm8k,early,real_route_replay,1606,50,14,real,32.12,1,145,1.0628919014118656,gate_up_full64_prebuilt,12,0.3388800024986267
case_000_real,gsm8k,early,real_route_replay,1606,50,14,real,32.12,1,145,1.0628919014118656,gate_up_full64_prebuilt,13,0.346560001373291
case_000_real,gsm8k,early,real_route_replay,1606,50,14,real,32.12,1,145,1.0628919014118656,gate_up_full64_prebuilt,14,0.3463360071182251
case_000_real,gsm8k,early,real_route_replay,1606,50,14,real,32.12,1,145,1.0628919014118656,gate_up_full64_prebuilt,15,0.3452480137348175
case_000_real,gsm8k,early,real_route_replay,1606,50,14,real,32.12,1,145,1.0628919014118656,gate_up_full64_prebuilt,16,0.35571199655532837
case_000_real,gsm8k,early,real_route_replay,1606,50,14,real,32.12,1,145,1.0628919014118656,gate_up_full64_prebuilt,17,0.3428800106048584
case_000_real,gsm8k,early,real_route_replay,1606,50,14,real,32.12,1,145,1.0628919014118656,gate_up_full64_prebuilt,18,0.3425599932670593
case_000_real,gsm8k,early,real_route_replay,1606,50,14,real,32.12,1,145,1.0628919014118656,gate_up_full64_prebuilt,19,0.3404479920864105
case_000_real,gsm8k,early,real_route_replay,1606,50,14,real,32.12,1,145,1.0628919014118656,gate_up_full64_prebuilt,20,0.33846399188041687
case_000_real,gsm8k,early,real_route_replay,1606,50,14,real,32.12,1,145,1.0628919014118656,gate_up_full64_prebuilt,21,0.340256005525589
case_000_real,gsm8k,early,real_route_replay,1606,50,14,real,32.12,1,145,1.0628919014118656,gate_up_full64_prebuilt,22,0.33580800890922546
case_000_real,gsm8k,early,real_route_replay,1606,50,14,real,32.12,1,145,1.0628919014118656,gate_up_full64_prebuilt,23,0.33827200531959534
case_000_real,gsm8k,early,real_route_replay,1606,50,14,real,32.12,1,145,1.0628919014118656,gate_up_full64_prebuilt,24,0.3370879888534546
case_000_real,gsm8k,early,real_route_replay,1606,50,14,real,32.12,1,145,1.0628919014118656,gate_up_full64_prebuilt,25,0.33855998516082764
case_000_real,gsm8k,early,real_route_replay,1606,50,14,real,32.12,1,145,1.0628919014118656,gate_up_full64_prebuilt,26,0.3360320031642914
case_000_real,gsm8k,early,real_route_replay,1606,50,14,real,32.12,1,145,1.0628919014118656,gate_up_full64_prebuilt,27,0.34886398911476135
case_000_real,gsm8k,early,real_route_replay,1606,50,14,real,32.12,1,145,1.0628919014118656,gate_up_full64_prebuilt,28,0.3405759930610657
case_000_real,gsm8k,early,real_route_replay,1606,50,14,real,32.12,1,145,1.0628919014118656,gate_up_full64_prebuilt,29,0.3402880132198334
case_000_real,gsm8k,early,real_route_replay,1606,50,14,real,32.12,1,145,1.0628919014118656,gate_up_full64_prebuilt,30,0.3360320031642914
case_000_real,gsm8k,early,real_route_replay,1606,50,14,real,32.12,1,145,1.0628919014118656,gate_up_full64_prebuilt,31,0.3387199938297272
case_000_real,gsm8k,early,real_route_replay,1606,50,14,real,32.12,1,145,1.0628919014118656,gate_up_full64_prebuilt,32,0.3378239870071411
case_000_real,gsm8k,early,real_route_replay,1606,50,14,real,32.12,1,145,1.0628919014118656,gate_up_full64_prebuilt,33,0.3375999927520752
case_000_real,gsm8k,early,real_route_replay,1606,50,14,real,32.12,1,145,1.0628919014118656,gate_up_full64_prebuilt,34,0.3410559892654419
case_000_real,gsm8k,early,real_route_replay,1606,50,14,real,32.12,1,145,1.0628919014118656,gate_up_full64_prebuilt,35,0.3494400084018707
case_000_real,gsm8k,early,real_route_replay,1606,50,14,real,32.12,1,145,1.0628919014118656,gate_up_full64_prebuilt,36,0.3394879996776581
case_000_real,gsm8k,early,real_route_replay,1606,50,14,real,32.12,1,145,1.0628919014118656,gate_up_full64_prebuilt,37,0.3362559974193573
case_000_real,gsm8k,early,real_route_replay,1606,50,14,real,32.12,1,145,1.0628919014118656,gate_up_full64_prebuilt,38,0.3383679986000061
case_000_real,gsm8k,early,real_route_replay,1606,50,14,real,32.12,1,145,1.0628919014118656,gate_up_full64_prebuilt,39,0.33907198905944824
case_000_real,gsm8k,early,real_route_replay,1606,50,14,real,32.12,1,145,1.0628919014118656,down_full64_prebuilt,0,0.21276800334453583
case_000_real,gsm8k,early,real_route_replay,1606,50,14,real,32.12,1,145,1.0628919014118656,down_full64_prebuilt,1,0.20848000049591064
case_000_real,gsm8k,early,real_route_replay,1606,50,14,real,32.12,1,145,1.0628919014118656,down_full64_prebuilt,2,0.2061759978532791
case_000_real,gsm8k,early,real_route_replay,1606,50,14,real,32.12,1,145,1.0628919014118656,down_full64_prebuilt,3,0.20656000077724457
case_000_real,gsm8k,early,real_route_replay,1606,50,14,real,32.12,1,145,1.0628919014118656,down_full64_prebuilt,4,0.20470400154590607
case_000_real,gsm8k,early,real_route_replay,1606,50,14,real,32.12,1,145,1.0628919014118656,down_full64_prebuilt,5,0.20851199328899384
case_000_real,gsm8k,early,real_route_replay,1606,50,14,real,32.12,1,145,1.0628919014118656,down_full64_prebuilt,6,0.20559999346733093
case_000_real,gsm8k,early,real_route_replay,1606,50,14,real,32.12,1,145,1.0628919014118656,down_full64_prebuilt,7,0.20825600624084473
case_000_real,gsm8k,early,real_route_replay,1606,50,14,real,32.12,1,145,1.0628919014118656,down_full64_prebuilt,8,0.20572799444198608
case_000_real,gsm8k,early,real_route_replay,1606,50,14,real,32.12,1,145,1.0628919014118656,down_full64_prebuilt,9,0.20828799903392792
case_000_real,gsm8k,early,real_route_replay,1606,50,14,real,32.12,1,145,1.0628919014118656,down_full64_prebuilt,10,0.2099519968032837
case_000_real,gsm8k,early,real_route_replay,1606,50,14,real,32.12,1,145,1.0628919014118656,down_full64_prebuilt,11,0.2062399983406067
case_000_real,gsm8k,early,real_route_replay,1606,50,14,real,32.12,1,145,1.0628919014118656,down_full64_prebuilt,12,0.20825600624084473
case_000_real,gsm8k,early,real_route_replay,1606,50,14,real,32.12,1,145,1.0628919014118656,down_full64_prebuilt,13,0.2070399969816208
case_000_real,gsm8k,early,real_route_replay,1606,50,14,real,32.12,1,145,1.0628919014118656,down_full64_prebuilt,14,0.20691199600696564
case_000_real,gsm8k,early,real_route_replay,1606,50,14,real,32.12,1,145,1.0628919014118656,down_full64_prebuilt,15,0.20399999618530273
case_000_real,gsm8k,early,real_route_replay,1606,50,14,real,32.12,1,145,1.0628919014118656,down_full64_prebuilt,16,0.20457600057125092
case_000_real,gsm8k,early,real_route_replay,1606,50,14,real,32.12,1,145,1.0628919014118656,down_full64_prebuilt,17,0.2070080041885376
case_000_real,gsm8k,early,real_route_replay,1606,50,14,real,32.12,1,145,1.0628919014118656,down_full64_prebuilt,18,0.2062080055475235
case_000_real,gsm8k,early,real_route_replay,1606,50,14,real,32.12,1,145,1.0628919014118656,down_full64_prebuilt,19,0.20508800446987152
case_000_real,gsm8k,early,real_route_replay,1606,50,14,real,32.12,1,145,1.0628919014118656,down_full64_prebuilt,20,0.2056960016489029
case_000_real,gsm8k,early,real_route_replay,1606,50,14,real,32.12,1,145,1.0628919014118656,down_full64_prebuilt,21,0.2078080028295517
case_000_real,gsm8k,early,real_route_replay,1606,50,14,real,32.12,1,145,1.0628919014118656,down_full64_prebuilt,22,0.20588800311088562
case_000_real,gsm8k,early,real_route_replay,1606,50,14,real,32.12,1,145,1.0628919014118656,down_full64_prebuilt,23,0.20348800718784332
case_000_real,gsm8k,early,real_route_replay,1606,50,14,real,32.12,1,145,1.0628919014118656,down_full64_prebuilt,24,0.2040639966726303
case_000_real,gsm8k,early,real_route_replay,1606,50,14,real,32.12,1,145,1.0628919014118656,down_full64_prebuilt,25,0.2051839977502823
case_000_real,gsm8k,early,real_route_replay,1606,50,14,real,32.12,1,145,1.0628919014118656,down_full64_prebuilt,26,0.20790399610996246
case_000_real,gsm8k,early,real_route_replay,1606,50,14,real,32.12,1,145,1.0628919014118656,down_full64_prebuilt,27,0.2078080028295517
case_000_real,gsm8k,early,real_route_replay,1606,50,14,real,32.12,1,145,1.0628919014118656,down_full64_prebuilt,28,0.2059199959039688
case_000_real,gsm8k,early,real_route_replay,1606,50,14,real,32.12,1,145,1.0628919014118656,down_full64_prebuilt,29,0.20399999618530273
case_000_real,gsm8k,early,real_route_replay,1606,50,14,real,32.12,1,145,1.0628919014118656,down_full64_prebuilt,30,0.20361599326133728
case_000_real,gsm8k,early,real_route_replay,1606,50,14,real,32.12,1,145,1.0628919014118656,down_full64_prebuilt,31,0.2022079974412918
case_000_real,gsm8k,early,real_route_replay,1606,50,14,real,32.12,1,145,1.0628919014118656,down_full64_prebuilt,32,0.20585599541664124
case_000_real,gsm8k,early,real_route_replay,1606,50,14,real,32.12,1,145,1.0628919014118656,down_full64_prebuilt,33,0.20707200467586517
case_000_real,gsm8k,early,real_route_replay,1606,50,14,real,32.12,1,145,1.0628919014118656,down_full64_prebuilt,34,0.20284800231456757
case_000_real,gsm8k,early,real_route_replay,1606,50,14,real,32.12,1,145,1.0628919014118656,down_full64_prebuilt,35,0.20579199492931366
case_000_real,gsm8k,early,real_route_replay,1606,50,14,real,32.12,1,145,1.0628919014118656,down_full64_prebuilt,36,0.20950399339199066
case_000_real,gsm8k,early,real_route_replay,1606,50,14,real,32.12,1,145,1.0628919014118656,down_full64_prebuilt,37,0.2043199986219406
case_000_real,gsm8k,early,real_route_replay,1606,50,14,real,32.12,1,145,1.0628919014118656,down_full64_prebuilt,38,0.2051199972629547
case_000_real,gsm8k,early,real_route_replay,1606,50,14,real,32.12,1,145,1.0628919014118656,down_full64_prebuilt,39,0.20483200252056122
case_000_real,gsm8k,early,real_route_replay,1606,50,14,real,32.12,1,145,1.0628919014118656,gate_up_active_prebuilt,0,0.36003199219703674
case_000_real,gsm8k,early,real_route_replay,1606,50,14,real,32.12,1,145,1.0628919014118656,gate_up_active_prebuilt,1,0.3491840064525604
case_000_real,gsm8k,early,real_route_replay,1606,50,14,real,32.12,1,145,1.0628919014118656,gate_up_active_prebuilt,2,0.3418560028076172
case_000_real,gsm8k,early,real_route_replay,1606,50,14,real,32.12,1,145,1.0628919014118656,gate_up_active_prebuilt,3,0.3495999872684479
case_000_real,gsm8k,early,real_route_replay,1606,50,14,real,32.12,1,145,1.0628919014118656,gate_up_active_prebuilt,4,0.340256005525589
case_000_real,gsm8k,early,real_route_replay,1606,50,14,real,32.12,1,145,1.0628919014118656,gate_up_active_prebuilt,5,0.3404160141944885
case_000_real,gsm8k,early,real_route_replay,1606,50,14,real,32.12,1,145,1.0628919014118656,gate_up_active_prebuilt,6,0.33987200260162354
case_000_real,gsm8k,early,real_route_replay,1606,50,14,real,32.12,1,145,1.0628919014118656,gate_up_active_prebuilt,7,0.3378880023956299
case_000_real,gsm8k,early,real_route_replay,1606,50,14,real,32.12,1,145,1.0628919014118656,gate_up_active_prebuilt,8,0.33875200152397156
case_000_real,gsm8k,early,real_route_replay,1606,50,14,real,32.12,1,145,1.0628919014118656,gate_up_active_prebuilt,9,0.3396799862384796
case_000_real,gsm8k,early,real_route_replay,1606,50,14,real,32.12,1,145,1.0628919014118656,gate_up_active_prebuilt,10,0.337119996547699
case_000_real,gsm8k,early,real_route_replay,1606,50,14,real,32.12,1,145,1.0628919014118656,gate_up_active_prebuilt,11,0.3357760012149811
case_000_real,gsm8k,early,real_route_replay,1606,50,14,real,32.12,1,145,1.0628919014118656,gate_up_active_prebuilt,12,0.3436479866504669
case_000_real,gsm8k,early,real_route_replay,1606,50,14,real,32.12,1,145,1.0628919014118656,gate_up_active_prebuilt,13,0.33532801270484924
case_000_real,gsm8k,early,real_route_replay,1606,50,14,real,32.12,1,145,1.0628919014118656,gate_up_active_prebuilt,14,0.3372800052165985
case_000_real,gsm8k,early,real_route_replay,1606,50,14,real,32.12,1,145,1.0628919014118656,gate_up_active_prebuilt,15,0.33692800998687744
case_000_real,gsm8k,early,real_route_replay,1606,50,14,real,32.12,1,145,1.0628919014118656,gate_up_active_prebuilt,16,0.33689600229263306
case_000_real,gsm8k,early,real_route_replay,1606,50,14,real,32.12,1,145,1.0628919014118656,gate_up_active_prebuilt,17,0.33855998516082764
case_000_real,gsm8k,early,real_route_replay,1606,50,14,real,32.12,1,145,1.0628919014118656,gate_up_active_prebuilt,18,0.33535999059677124
case_000_real,gsm8k,early,real_route_replay,1606,50,14,real,32.12,1,145,1.0628919014118656,gate_up_active_prebuilt,19,0.3370560109615326
case_000_real,gsm8k,early,real_route_replay,1606,50,14,real,32.12,1,145,1.0628919014118656,gate_up_active_prebuilt,20,0.34195199608802795
case_000_real,gsm8k,early,real_route_replay,1606,50,14,real,32.12,1,145,1.0628919014118656,gate_up_active_prebuilt,21,0.3433600068092346
case_000_real,gsm8k,early,real_route_replay,1606,50,14,real,32.12,1,145,1.0628919014118656,gate_up_active_prebuilt,22,0.3441919982433319
case_000_real,gsm8k,early,real_route_replay,1606,50,14,real,32.12,1,145,1.0628919014118656,gate_up_active_prebuilt,23,0.3465920090675354
case_000_real,gsm8k,early,real_route_replay,1606,50,14,real,32.12,1,145,1.0628919014118656,gate_up_active_prebuilt,24,0.3410879969596863
case_000_real,gsm8k,early,real_route_replay,1606,50,14,real,32.12,1,145,1.0628919014118656,gate_up_active_prebuilt,25,0.34006398916244507
case_000_real,gsm8k,early,real_route_replay,1606,50,14,real,32.12,1,145,1.0628919014118656,gate_up_active_prebuilt,26,0.3397440016269684
case_000_real,gsm8k,early,real_route_replay,1606,50,14,real,32.12,1,145,1.0628919014118656,gate_up_active_prebuilt,27,0.33795198798179626
case_000_real,gsm8k,early,real_route_replay,1606,50,14,real,32.12,1,145,1.0628919014118656,gate_up_active_prebuilt,28,0.3352000117301941
case_000_real,gsm8k,early,real_route_replay,1606,50,14,real,32.12,1,145,1.0628919014118656,gate_up_active_prebuilt,29,0.3367680013179779
case_000_real,gsm8k,early,real_route_replay,1606,50,14,real,32.12,1,145,1.0628919014118656,gate_up_active_prebuilt,30,0.3337920010089874
case_000_real,gsm8k,early,real_route_replay,1606,50,14,real,32.12,1,145,1.0628919014118656,gate_up_active_prebuilt,31,0.3402880132198334
case_000_real,gsm8k,early,real_route_replay,1606,50,14,real,32.12,1,145,1.0628919014118656,gate_up_active_prebuilt,32,0.3372800052165985
case_000_real,gsm8k,early,real_route_replay,1606,50,14,real,32.12,1,145,1.0628919014118656,gate_up_active_prebuilt,33,0.3362239897251129
case_000_real,gsm8k,early,real_route_replay,1606,50,14,real,32.12,1,145,1.0628919014118656,gate_up_active_prebuilt,34,0.3347199857234955
case_000_real,gsm8k,early,real_route_replay,1606,50,14,real,32.12,1,145,1.0628919014118656,gate_up_active_prebuilt,35,0.33878400921821594
case_000_real,gsm8k,early,real_route_replay,1606,50,14,real,32.12,1,145,1.0628919014118656,gate_up_active_prebuilt,36,0.3380799889564514
case_000_real,gsm8k,early,real_route_replay,1606,50,14,real,32.12,1,145,1.0628919014118656,gate_up_active_prebuilt,37,0.33721598982810974
case_000_real,gsm8k,early,real_route_replay,1606,50,14,real,32.12,1,145,1.0628919014118656,gate_up_active_prebuilt,38,0.33580800890922546
case_000_real,gsm8k,early,real_route_replay,1606,50,14,real,32.12,1,145,1.0628919014118656,gate_up_active_prebuilt,39,0.3360320031642914
case_000_real,gsm8k,early,real_route_replay,1606,50,14,real,32.12,1,145,1.0628919014118656,down_active_prebuilt,0,0.22140799462795258
case_000_real,gsm8k,early,real_route_replay,1606,50,14,real,32.12,1,145,1.0628919014118656,down_active_prebuilt,1,0.21491199731826782
case_000_real,gsm8k,early,real_route_replay,1606,50,14,real,32.12,1,145,1.0628919014118656,down_active_prebuilt,2,0.21478399634361267
case_000_real,gsm8k,early,real_route_replay,1606,50,14,real,32.12,1,145,1.0628919014118656,down_active_prebuilt,3,0.21686400473117828
case_000_real,gsm8k,early,real_route_replay,1606,50,14,real,32.12,1,145,1.0628919014118656,down_active_prebuilt,4,0.2223680019378662
case_000_real,gsm8k,early,real_route_replay,1606,50,14,real,32.12,1,145,1.0628919014118656,down_active_prebuilt,5,0.2317119985818863
case_000_real,gsm8k,early,real_route_replay,1606,50,14,real,32.12,1,145,1.0628919014118656,down_active_prebuilt,6,0.20870399475097656
case_000_real,gsm8k,early,real_route_replay,1606,50,14,real,32.12,1,145,1.0628919014118656,down_active_prebuilt,7,0.20563200116157532
case_000_real,gsm8k,early,real_route_replay,1606,50,14,real,32.12,1,145,1.0628919014118656,down_active_prebuilt,8,0.20822399854660034
case_000_real,gsm8k,early,real_route_replay,1606,50,14,real,32.12,1,145,1.0628919014118656,down_active_prebuilt,9,0.20924800634384155
case_000_real,gsm8k,early,real_route_replay,1606,50,14,real,32.12,1,145,1.0628919014118656,down_active_prebuilt,10,0.20720000565052032
case_000_real,gsm8k,early,real_route_replay,1606,50,14,real,32.12,1,145,1.0628919014118656,down_active_prebuilt,11,0.20662400126457214
case_000_real,gsm8k,early,real_route_replay,1606,50,14,real,32.12,1,145,1.0628919014118656,down_active_prebuilt,12,0.2093760073184967
case_000_real,gsm8k,early,real_route_replay,1606,50,14,real,32.12,1,145,1.0628919014118656,down_active_prebuilt,13,0.20774400234222412
case_000_real,gsm8k,early,real_route_replay,1606,50,14,real,32.12,1,145,1.0628919014118656,down_active_prebuilt,14,0.2067199945449829
case_000_real,gsm8k,early,real_route_replay,1606,50,14,real,32.12,1,145,1.0628919014118656,down_active_prebuilt,15,0.20895999670028687
case_000_real,gsm8k,early,real_route_replay,1606,50,14,real,32.12,1,145,1.0628919014118656,down_active_prebuilt,16,0.21110400557518005
case_000_real,gsm8k,early,real_route_replay,1606,50,14,real,32.12,1,145,1.0628919014118656,down_active_prebuilt,17,0.21078400313854218
case_000_real,gsm8k,early,real_route_replay,1606,50,14,real,32.12,1,145,1.0628919014118656,down_active_prebuilt,18,0.20764799416065216
case_000_real,gsm8k,early,real_route_replay,1606,50,14,real,32.12,1,145,1.0628919014118656,down_active_prebuilt,19,0.2088319957256317
case_000_real,gsm8k,early,real_route_replay,1606,50,14,real,32.12,1,145,1.0628919014118656,down_active_prebuilt,20,0.21091200411319733
case_000_real,gsm8k,early,real_route_replay,1606,50,14,real,32.12,1,145,1.0628919014118656,down_active_prebuilt,21,0.20563200116157532
case_000_real,gsm8k,early,real_route_replay,1606,50,14,real,32.12,1,145,1.0628919014118656,down_active_prebuilt,22,0.2062399983406067
case_000_real,gsm8k,early,real_route_replay,1606,50,14,real,32.12,1,145,1.0628919014118656,down_active_prebuilt,23,0.2064639925956726
case_000_real,gsm8k,early,real_route_replay,1606,50,14,real,32.12,1,145,1.0628919014118656,down_active_prebuilt,24,0.21299199759960175
case_000_real,gsm8k,early,real_route_replay,1606,50,14,real,32.12,1,145,1.0628919014118656,down_active_prebuilt,25,0.21318399906158447
case_000_real,gsm8k,early,real_route_replay,1606,50,14,real,32.12,1,145,1.0628919014118656,down_active_prebuilt,26,0.20953600108623505
case_000_real,gsm8k,early,real_route_replay,1606,50,14,real,32.12,1,145,1.0628919014118656,down_active_prebuilt,27,0.21091200411319733
case_000_real,gsm8k,early,real_route_replay,1606,50,14,real,32.12,1,145,1.0628919014118656,down_active_prebuilt,28,0.20953600108623505
case_000_real,gsm8k,early,real_route_replay,1606,50,14,real,32.12,1,145,1.0628919014118656,down_active_prebuilt,29,0.2165759950876236
case_000_real,gsm8k,early,real_route_replay,1606,50,14,real,32.12,1,145,1.0628919014118656,down_active_prebuilt,30,0.22115199267864227
case_000_real,gsm8k,early,real_route_replay,1606,50,14,real,32.12,1,145,1.0628919014118656,down_active_prebuilt,31,0.21516799926757812
case_000_real,gsm8k,early,real_route_replay,1606,50,14,real,32.12,1,145,1.0628919014118656,down_active_prebuilt,32,0.21289600431919098
case_000_real,gsm8k,early,real_route_replay,1606,50,14,real,32.12,1,145,1.0628919014118656,down_active_prebuilt,33,0.2266560047864914
case_000_real,gsm8k,early,real_route_replay,1606,50,14,real,32.12,1,145,1.0628919014118656,down_active_prebuilt,34,0.22198399901390076
case_000_real,gsm8k,early,real_route_replay,1606,50,14,real,32.12,1,145,1.0628919014118656,down_active_prebuilt,35,0.21193599700927734
case_000_real,gsm8k,early,real_route_replay,1606,50,14,real,32.12,1,145,1.0628919014118656,down_active_prebuilt,36,0.21158400177955627
case_000_real,gsm8k,early,real_route_replay,1606,50,14,real,32.12,1,145,1.0628919014118656,down_active_prebuilt,37,0.21328000724315643
case_000_real,gsm8k,early,real_route_replay,1606,50,14,real,32.12,1,145,1.0628919014118656,down_active_prebuilt,38,0.21344000101089478
case_000_real,gsm8k,early,real_route_replay,1606,50,14,real,32.12,1,145,1.0628919014118656,down_active_prebuilt,39,0.20739200711250305
case_000_real,gsm8k,early,real_route_replay,1606,50,14,real,32.12,1,145,1.0628919014118656,swiglu,0,0.03728000074625015
case_000_real,gsm8k,early,real_route_replay,1606,50,14,real,32.12,1,145,1.0628919014118656,swiglu,1,0.02630399912595749
case_000_real,gsm8k,early,real_route_replay,1606,50,14,real,32.12,1,145,1.0628919014118656,swiglu,2,0.02223999984562397
case_000_real,gsm8k,early,real_route_replay,1606,50,14,real,32.12,1,145,1.0628919014118656,swiglu,3,0.022112000733613968
case_000_real,gsm8k,early,real_route_replay,1606,50,14,real,32.12,1,145,1.0628919014118656,swiglu,4,0.02127999998629093
case_000_real,gsm8k,early,real_route_replay,1606,50,14,real,32.12,1,145,1.0628919014118656,swiglu,5,0.02304000034928322
case_000_real,gsm8k,early,real_route_replay,1606,50,14,real,32.12,1,145,1.0628919014118656,swiglu,6,0.022592000663280487
case_000_real,gsm8k,early,real_route_replay,1606,50,14,real,32.12,1,145,1.0628919014118656,swiglu,7,0.023264000192284584
case_000_real,gsm8k,early,real_route_replay,1606,50,14,real,32.12,1,145,1.0628919014118656,swiglu,8,0.02380800060927868
case_000_real,gsm8k,early,real_route_replay,1606,50,14,real,32.12,1,145,1.0628919014118656,swiglu,9,0.02425600029528141
case_000_real,gsm8k,early,real_route_replay,1606,50,14,real,32.12,1,145,1.0628919014118656,swiglu,10,0.02489599958062172
case_000_real,gsm8k,early,real_route_replay,1606,50,14,real,32.12,1,145,1.0628919014118656,swiglu,11,0.023744000121951103
case_000_real,gsm8k,early,real_route_replay,1606,50,14,real,32.12,1,145,1.0628919014118656,swiglu,12,0.023264000192284584
case_000_real,gsm8k,early,real_route_replay,1606,50,14,real,32.12,1,145,1.0628919014118656,swiglu,13,0.024191999807953835
case_000_real,gsm8k,early,real_route_replay,1606,50,14,real,32.12,1,145,1.0628919014118656,swiglu,14,0.022943999618291855
case_000_real,gsm8k,early,real_route_replay,1606,50,14,real,32.12,1,145,1.0628919014118656,swiglu,15,0.02412799932062626
case_000_real,gsm8k,early,real_route_replay,1606,50,14,real,32.12,1,145,1.0628919014118656,swiglu,16,0.023615999147295952
case_000_real,gsm8k,early,real_route_replay,1606,50,14,real,32.12,1,145,1.0628919014118656,swiglu,17,0.024383999407291412
case_000_real,gsm8k,early,real_route_replay,1606,50,14,real,32.12,1,145,1.0628919014118656,swiglu,18,0.024447999894618988
case_000_real,gsm8k,early,real_route_replay,1606,50,14,real,32.12,1,145,1.0628919014118656,swiglu,19,0.024032000452280045
case_000_real,gsm8k,early,real_route_replay,1606,50,14,real,32.12,1,145,1.0628919014118656,swiglu,20,0.022048000246286392
case_000_real,gsm8k,early,real_route_replay,1606,50,14,real,32.12,1,145,1.0628919014118656,swiglu,21,0.02454400062561035
case_000_real,gsm8k,early,real_route_replay,1606,50,14,real,32.12,1,145,1.0628919014118656,swiglu,22,0.02191999927163124
case_000_real,gsm8k,early,real_route_replay,1606,50,14,real,32.12,1,145,1.0628919014118656,swiglu,23,0.02127999998629093
case_000_real,gsm8k,early,real_route_replay,1606,50,14,real,32.12,1,145,1.0628919014118656,swiglu,24,0.022112000733613968
case_000_real,gsm8k,early,real_route_replay,1606,50,14,real,32.12,1,145,1.0628919014118656,swiglu,25,0.02143999934196472
case_000_real,gsm8k,early,real_route_replay,1606,50,14,real,32.12,1,145,1.0628919014118656,swiglu,26,0.021023999899625778
case_000_real,gsm8k,early,real_route_replay,1606,50,14,real,32.12,1,145,1.0628919014118656,swiglu,27,0.021695999428629875
case_000_real,gsm8k,early,real_route_replay,1606,50,14,real,32.12,1,145,1.0628919014118656,swiglu,28,0.021088000386953354
case_000_real,gsm8k,early,real_route_replay,1606,50,14,real,32.12,1,145,1.0628919014118656,swiglu,29,0.02127999998629093
case_000_real,gsm8k,early,real_route_replay,1606,50,14,real,32.12,1,145,1.0628919014118656,swiglu,30,0.021183999255299568
case_000_real,gsm8k,early,real_route_replay,1606,50,14,real,32.12,1,145,1.0628919014118656,swiglu,31,0.020959999412298203
case_000_real,gsm8k,early,real_route_replay,1606,50,14,real,32.12,1,145,1.0628919014118656,swiglu,32,0.02099199965596199
case_000_real,gsm8k,early,real_route_replay,1606,50,14,real,32.12,1,145,1.0628919014118656,swiglu,33,0.031072000041604042
case_000_real,gsm8k,early,real_route_replay,1606,50,14,real,32.12,1,145,1.0628919014118656,swiglu,34,0.02195199951529503
case_000_real,gsm8k,early,real_route_replay,1606,50,14,real,32.12,1,145,1.0628919014118656,swiglu,35,0.021247999742627144
case_000_real,gsm8k,early,real_route_replay,1606,50,14,real,32.12,1,145,1.0628919014118656,swiglu,36,0.02470399998128414
case_000_real,gsm8k,early,real_route_replay,1606,50,14,real,32.12,1,145,1.0628919014118656,swiglu,37,0.026688000187277794
case_000_real,gsm8k,early,real_route_replay,1606,50,14,real,32.12,1,145,1.0628919014118656,swiglu,38,0.02332800067961216
case_000_real,gsm8k,early,real_route_replay,1606,50,14,real,32.12,1,145,1.0628919014118656,swiglu,39,0.021663999184966087
case_000_real,gsm8k,early,real_route_replay,1606,50,14,real,32.12,1,145,1.0628919014118656,route_weight,0,0.027712000533938408
case_000_real,gsm8k,early,real_route_replay,1606,50,14,real,32.12,1,145,1.0628919014118656,route_weight,1,0.024768000468611717
case_000_real,gsm8k,early,real_route_replay,1606,50,14,real,32.12,1,145,1.0628919014118656,route_weight,2,0.026528000831604004
case_000_real,gsm8k,early,real_route_replay,1606,50,14,real,32.12,1,145,1.0628919014118656,route_weight,3,0.027456000447273254
case_000_real,gsm8k,early,real_route_replay,1606,50,14,real,32.12,1,145,1.0628919014118656,route_weight,4,0.026655999943614006
case_000_real,gsm8k,early,real_route_replay,1606,50,14,real,32.12,1,145,1.0628919014118656,route_weight,5,0.026528000831604004
case_000_real,gsm8k,early,real_route_replay,1606,50,14,real,32.12,1,145,1.0628919014118656,route_weight,6,0.027424000203609467
case_000_real,gsm8k,early,real_route_replay,1606,50,14,real,32.12,1,145,1.0628919014118656,route_weight,7,0.026176000013947487
case_000_real,gsm8k,early,real_route_replay,1606,50,14,real,32.12,1,145,1.0628919014118656,route_weight,8,0.02687999978661537
case_000_real,gsm8k,early,real_route_replay,1606,50,14,real,32.12,1,145,1.0628919014118656,route_weight,9,0.02691200003027916
case_000_real,gsm8k,early,real_route_replay,1606,50,14,real,32.12,1,145,1.0628919014118656,route_weight,10,0.026176000013947487
case_000_real,gsm8k,early,real_route_replay,1606,50,14,real,32.12,1,145,1.0628919014118656,route_weight,11,0.026496000587940216
case_000_real,gsm8k,early,real_route_replay,1606,50,14,real,32.12,1,145,1.0628919014118656,route_weight,12,0.026496000587940216
case_000_real,gsm8k,early,real_route_replay,1606,50,14,real,32.12,1,145,1.0628919014118656,route_weight,13,0.02703999914228916
case_000_real,gsm8k,early,real_route_replay,1606,50,14,real,32.12,1,145,1.0628919014118656,route_weight,14,0.025312000885605812
case_000_real,gsm8k,early,real_route_replay,1606,50,14,real,32.12,1,145,1.0628919014118656,route_weight,15,0.025087999179959297
case_000_real,gsm8k,early,real_route_replay,1606,50,14,real,32.12,1,145,1.0628919014118656,route_weight,16,0.024607999250292778
case_000_real,gsm8k,early,real_route_replay,1606,50,14,real,32.12,1,145,1.0628919014118656,route_weight,17,0.025631999596953392
case_000_real,gsm8k,early,real_route_replay,1606,50,14,real,32.12,1,145,1.0628919014118656,route_weight,18,0.026208000257611275
case_000_real,gsm8k,early,real_route_replay,1606,50,14,real,32.12,1,145,1.0628919014118656,route_weight,19,0.025760000571608543
case_000_real,gsm8k,early,real_route_replay,1606,50,14,real,32.12,1,145,1.0628919014118656,route_weight,20,0.026335999369621277
case_000_real,gsm8k,early,real_route_replay,1606,50,14,real,32.12,1,145,1.0628919014118656,route_weight,21,0.025599999353289604
case_000_real,gsm8k,early,real_route_replay,1606,50,14,real,32.12,1,145,1.0628919014118656,route_weight,22,0.02751999907195568
case_000_real,gsm8k,early,real_route_replay,1606,50,14,real,32.12,1,145,1.0628919014118656,route_weight,23,0.025472000241279602
case_000_real,gsm8k,early,real_route_replay,1606,50,14,real,32.12,1,145,1.0628919014118656,route_weight,24,0.025567999109625816
case_000_real,gsm8k,early,real_route_replay,1606,50,14,real,32.12,1,145,1.0628919014118656,route_weight,25,0.02630399912595749
case_000_real,gsm8k,early,real_route_replay,1606,50,14,real,32.12,1,145,1.0628919014118656,route_weight,26,0.02521600015461445
case_000_real,gsm8k,early,real_route_replay,1606,50,14,real,32.12,1,145,1.0628919014118656,route_weight,27,0.02502400055527687
case_000_real,gsm8k,early,real_route_replay,1606,50,14,real,32.12,1,145,1.0628919014118656,route_weight,28,0.02502400055527687
case_000_real,gsm8k,early,real_route_replay,1606,50,14,real,32.12,1,145,1.0628919014118656,route_weight,29,0.025696000084280968
case_000_real,gsm8k,early,real_route_replay,1606,50,14,real,32.12,1,145,1.0628919014118656,route_weight,30,0.02579200081527233
case_000_real,gsm8k,early,real_route_replay,1606,50,14,real,32.12,1,145,1.0628919014118656,route_weight,31,0.025087999179959297
case_000_real,gsm8k,early,real_route_replay,1606,50,14,real,32.12,1,145,1.0628919014118656,route_weight,32,0.025567999109625816
case_000_real,gsm8k,early,real_route_replay,1606,50,14,real,32.12,1,145,1.0628919014118656,route_weight,33,0.025919999927282333
case_000_real,gsm8k,early,real_route_replay,1606,50,14,real,32.12,1,145,1.0628919014118656,route_weight,34,0.02582399919629097
case_000_real,gsm8k,early,real_route_replay,1606,50,14,real,32.12,1,145,1.0628919014118656,route_weight,35,0.026559999212622643
case_000_real,gsm8k,early,real_route_replay,1606,50,14,real,32.12,1,145,1.0628919014118656,route_weight,36,0.026559999212622643
case_000_real,gsm8k,early,real_route_replay,1606,50,14,real,32.12,1,145,1.0628919014118656,route_weight,37,0.024800000712275505
case_000_real,gsm8k,early,real_route_replay,1606,50,14,real,32.12,1,145,1.0628919014118656,route_weight,38,0.0323840007185936
case_000_real,gsm8k,early,real_route_replay,1606,50,14,real,32.12,1,145,1.0628919014118656,route_weight,39,0.025087999179959297
case_001_real,gsm8k,early,real_route_replay,781,47,17,real,16.617021276595743,1,131,1.5198727786045299,down_active_prebuilt,0,0.22921599447727203
case_001_real,gsm8k,early,real_route_replay,781,47,17,real,16.617021276595743,1,131,1.5198727786045299,down_active_prebuilt,1,0.20707200467586517
case_001_real,gsm8k,early,real_route_replay,781,47,17,real,16.617021276595743,1,131,1.5198727786045299,down_active_prebuilt,2,0.2038400024175644
case_001_real,gsm8k,early,real_route_replay,781,47,17,real,16.617021276595743,1,131,1.5198727786045299,down_active_prebuilt,3,0.19923199713230133
case_001_real,gsm8k,early,real_route_replay,781,47,17,real,16.617021276595743,1,131,1.5198727786045299,down_active_prebuilt,4,0.19996799528598785
case_001_real,gsm8k,early,real_route_replay,781,47,17,real,16.617021276595743,1,131,1.5198727786045299,down_active_prebuilt,5,0.20316800475120544
case_001_real,gsm8k,early,real_route_replay,781,47,17,real,16.617021276595743,1,131,1.5198727786045299,down_active_prebuilt,6,0.19920000433921814
case_001_real,gsm8k,early,real_route_replay,781,47,17,real,16.617021276595743,1,131,1.5198727786045299,down_active_prebuilt,7,0.19910399615764618
case_001_real,gsm8k,early,real_route_replay,781,47,17,real,16.617021276595743,1,131,1.5198727786045299,down_active_prebuilt,8,0.2006720006465912
case_001_real,gsm8k,early,real_route_replay,781,47,17,real,16.617021276595743,1,131,1.5198727786045299,down_active_prebuilt,9,0.20265600085258484
case_001_real,gsm8k,early,real_route_replay,781,47,17,real,16.617021276595743,1,131,1.5198727786045299,down_active_prebuilt,10,0.2022079974412918
case_001_real,gsm8k,early,real_route_replay,781,47,17,real,16.617021276595743,1,131,1.5198727786045299,down_active_prebuilt,11,0.20265600085258484
case_001_real,gsm8k,early,real_route_replay,781,47,17,real,16.617021276595743,1,131,1.5198727786045299,down_active_prebuilt,12,0.19935999810695648
case_001_real,gsm8k,early,real_route_replay,781,47,17,real,16.617021276595743,1,131,1.5198727786045299,down_active_prebuilt,13,0.2017280012369156
case_001_real,gsm8k,early,real_route_replay,781,47,17,real,16.617021276595743,1,131,1.5198727786045299,down_active_prebuilt,14,0.2009280025959015
case_001_real,gsm8k,early,real_route_replay,781,47,17,real,16.617021276595743,1,131,1.5198727786045299,down_active_prebuilt,15,0.19791999459266663
case_001_real,gsm8k,early,real_route_replay,781,47,17,real,16.617021276595743,1,131,1.5198727786045299,down_active_prebuilt,16,0.20032000541687012
case_001_real,gsm8k,early,real_route_replay,781,47,17,real,16.617021276595743,1,131,1.5198727786045299,down_active_prebuilt,17,0.20160000026226044
case_001_real,gsm8k,early,real_route_replay,781,47,17,real,16.617021276595743,1,131,1.5198727786045299,down_active_prebuilt,18,0.19884799420833588
case_001_real,gsm8k,early,real_route_replay,781,47,17,real,16.617021276595743,1,131,1.5198727786045299,down_active_prebuilt,19,0.19705599546432495
case_001_real,gsm8k,early,real_route_replay,781,47,17,real,16.617021276595743,1,131,1.5198727786045299,down_active_prebuilt,20,0.20127999782562256
case_001_real,gsm8k,early,real_route_replay,781,47,17,real,16.617021276595743,1,131,1.5198727786045299,down_active_prebuilt,21,0.20070399343967438
case_001_real,gsm8k,early,real_route_replay,781,47,17,real,16.617021276595743,1,131,1.5198727786045299,down_active_prebuilt,22,0.21359999477863312
case_001_real,gsm8k,early,real_route_replay,781,47,17,real,16.617021276595743,1,131,1.5198727786045299,down_active_prebuilt,23,0.20559999346733093
case_001_real,gsm8k,early,real_route_replay,781,47,17,real,16.617021276595743,1,131,1.5198727786045299,down_active_prebuilt,24,0.2099519968032837
case_001_real,gsm8k,early,real_route_replay,781,47,17,real,16.617021276595743,1,131,1.5198727786045299,down_active_prebuilt,25,0.20547200739383698
case_001_real,gsm8k,early,real_route_replay,781,47,17,real,16.617021276595743,1,131,1.5198727786045299,down_active_prebuilt,26,0.2072959989309311
case_001_real,gsm8k,early,real_route_replay,781,47,17,real,16.617021276595743,1,131,1.5198727786045299,down_active_prebuilt,27,0.21430400013923645
case_001_real,gsm8k,early,real_route_replay,781,47,17,real,16.617021276595743,1,131,1.5198727786045299,down_active_prebuilt,28,0.20972800254821777
case_001_real,gsm8k,early,real_route_replay,781,47,17,real,16.617021276595743,1,131,1.5198727786045299,down_active_prebuilt,29,0.2016959935426712
case_001_real,gsm8k,early,real_route_replay,781,47,17,real,16.617021276595743,1,131,1.5198727786045299,down_active_prebuilt,30,0.20265600085258484
case_001_real,gsm8k,early,real_route_replay,781,47,17,real,16.617021276595743,1,131,1.5198727786045299,down_active_prebuilt,31,0.19840000569820404
case_001_real,gsm8k,early,real_route_replay,781,47,17,real,16.617021276595743,1,131,1.5198727786045299,down_active_prebuilt,32,0.2019840031862259
case_001_real,gsm8k,early,real_route_replay,781,47,17,real,16.617021276595743,1,131,1.5198727786045299,down_active_prebuilt,33,0.20022399723529816
case_001_real,gsm8k,early,real_route_replay,781,47,17,real,16.617021276595743,1,131,1.5198727786045299,down_active_prebuilt,34,0.20150400698184967
case_001_real,gsm8k,early,real_route_replay,781,47,17,real,16.617021276595743,1,131,1.5198727786045299,down_active_prebuilt,35,0.19855999946594238
case_001_real,gsm8k,early,real_route_replay,781,47,17,real,16.617021276595743,1,131,1.5198727786045299,down_active_prebuilt,36,0.19737599790096283
case_001_real,gsm8k,early,real_route_replay,781,47,17,real,16.617021276595743,1,131,1.5198727786045299,down_active_prebuilt,37,0.20380799472332
case_001_real,gsm8k,early,real_route_replay,781,47,17,real,16.617021276595743,1,131,1.5198727786045299,down_active_prebuilt,38,0.20028799772262573
case_001_real,gsm8k,early,real_route_replay,781,47,17,real,16.617021276595743,1,131,1.5198727786045299,down_active_prebuilt,39,0.20419199764728546
case_001_real,gsm8k,early,real_route_replay,781,47,17,real,16.617021276595743,1,131,1.5198727786045299,gate_up_active_prebuilt,0,0.32582399249076843
case_001_real,gsm8k,early,real_route_replay,781,47,17,real,16.617021276595743,1,131,1.5198727786045299,gate_up_active_prebuilt,1,0.3144960105419159
case_001_real,gsm8k,early,real_route_replay,781,47,17,real,16.617021276595743,1,131,1.5198727786045299,gate_up_active_prebuilt,2,0.3179199993610382
case_001_real,gsm8k,early,real_route_replay,781,47,17,real,16.617021276595743,1,131,1.5198727786045299,gate_up_active_prebuilt,3,0.31462401151657104
case_001_real,gsm8k,early,real_route_replay,781,47,17,real,16.617021276595743,1,131,1.5198727786045299,gate_up_active_prebuilt,4,0.31459200382232666
case_001_real,gsm8k,early,real_route_replay,781,47,17,real,16.617021276595743,1,131,1.5198727786045299,gate_up_active_prebuilt,5,0.3166080117225647
case_001_real,gsm8k,early,real_route_replay,781,47,17,real,16.617021276595743,1,131,1.5198727786045299,gate_up_active_prebuilt,6,0.31648001074790955
case_001_real,gsm8k,early,real_route_replay,781,47,17,real,16.617021276595743,1,131,1.5198727786045299,gate_up_active_prebuilt,7,0.31536000967025757
case_001_real,gsm8k,early,real_route_replay,781,47,17,real,16.617021276595743,1,131,1.5198727786045299,gate_up_active_prebuilt,8,0.3162879943847656
case_001_real,gsm8k,early,real_route_replay,781,47,17,real,16.617021276595743,1,131,1.5198727786045299,gate_up_active_prebuilt,9,0.31520000100135803
case_001_real,gsm8k,early,real_route_replay,781,47,17,real,16.617021276595743,1,131,1.5198727786045299,gate_up_active_prebuilt,10,0.3155519962310791
case_001_real,gsm8k,early,real_route_replay,781,47,17,real,16.617021276595743,1,131,1.5198727786045299,gate_up_active_prebuilt,11,0.31459200382232666
case_001_real,gsm8k,early,real_route_replay,781,47,17,real,16.617021276595743,1,131,1.5198727786045299,gate_up_active_prebuilt,12,0.31632000207901
case_001_real,gsm8k,early,real_route_replay,781,47,17,real,16.617021276595743,1,131,1.5198727786045299,gate_up_active_prebuilt,13,0.31513598561286926
case_001_real,gsm8k,early,real_route_replay,781,47,17,real,16.617021276595743,1,131,1.5198727786045299,gate_up_active_prebuilt,14,0.31542399525642395
case_001_real,gsm8k,early,real_route_replay,781,47,17,real,16.617021276595743,1,131,1.5198727786045299,gate_up_active_prebuilt,15,0.31833600997924805
case_001_real,gsm8k,early,real_route_replay,781,47,17,real,16.617021276595743,1,131,1.5198727786045299,gate_up_active_prebuilt,16,0.31696000695228577
case_001_real,gsm8k,early,real_route_replay,781,47,17,real,16.617021276595743,1,131,1.5198727786045299,gate_up_active_prebuilt,17,0.31411200761795044
case_001_real,gsm8k,early,real_route_replay,781,47,17,real,16.617021276595743,1,131,1.5198727786045299,gate_up_active_prebuilt,18,0.31545600295066833
case_001_real,gsm8k,early,real_route_replay,781,47,17,real,16.617021276595743,1,131,1.5198727786045299,gate_up_active_prebuilt,19,0.3136959969997406
case_001_real,gsm8k,early,real_route_replay,781,47,17,real,16.617021276595743,1,131,1.5198727786045299,gate_up_active_prebuilt,20,0.3145599961280823
case_001_real,gsm8k,early,real_route_replay,781,47,17,real,16.617021276595743,1,131,1.5198727786045299,gate_up_active_prebuilt,21,0.3190400004386902
case_001_real,gsm8k,early,real_route_replay,781,47,17,real,16.617021276595743,1,131,1.5198727786045299,gate_up_active_prebuilt,22,0.3153280019760132
case_001_real,gsm8k,early,real_route_replay,781,47,17,real,16.617021276595743,1,131,1.5198727786045299,gate_up_active_prebuilt,23,0.3208639919757843
case_001_real,gsm8k,early,real_route_replay,781,47,17,real,16.617021276595743,1,131,1.5198727786045299,gate_up_active_prebuilt,24,0.31353598833084106
case_001_real,gsm8k,early,real_route_replay,781,47,17,real,16.617021276595743,1,131,1.5198727786045299,gate_up_active_prebuilt,25,0.3150399923324585
case_001_real,gsm8k,early,real_route_replay,781,47,17,real,16.617021276595743,1,131,1.5198727786045299,gate_up_active_prebuilt,26,0.31705600023269653
case_001_real,gsm8k,early,real_route_replay,781,47,17,real,16.617021276595743,1,131,1.5198727786045299,gate_up_active_prebuilt,27,0.31622400879859924
case_001_real,gsm8k,early,real_route_replay,781,47,17,real,16.617021276595743,1,131,1.5198727786045299,gate_up_active_prebuilt,28,0.3169279992580414
case_001_real,gsm8k,early,real_route_replay,781,47,17,real,16.617021276595743,1,131,1.5198727786045299,gate_up_active_prebuilt,29,0.31516799330711365
case_001_real,gsm8k,early,real_route_replay,781,47,17,real,16.617021276595743,1,131,1.5198727786045299,gate_up_active_prebuilt,30,0.31382399797439575
case_001_real,gsm8k,early,real_route_replay,781,47,17,real,16.617021276595743,1,131,1.5198727786045299,gate_up_active_prebuilt,31,0.31632000207901
case_001_real,gsm8k,early,real_route_replay,781,47,17,real,16.617021276595743,1,131,1.5198727786045299,gate_up_active_prebuilt,32,0.31324800848960876
case_001_real,gsm8k,early,real_route_replay,781,47,17,real,16.617021276595743,1,131,1.5198727786045299,gate_up_active_prebuilt,33,0.3155840039253235
case_001_real,gsm8k,early,real_route_replay,781,47,17,real,16.617021276595743,1,131,1.5198727786045299,gate_up_active_prebuilt,34,0.3173759877681732
case_001_real,gsm8k,early,real_route_replay,781,47,17,real,16.617021276595743,1,131,1.5198727786045299,gate_up_active_prebuilt,35,0.3160000145435333
case_001_real,gsm8k,early,real_route_replay,781,47,17,real,16.617021276595743,1,131,1.5198727786045299,gate_up_active_prebuilt,36,0.316864013671875
case_001_real,gsm8k,early,real_route_replay,781,47,17,real,16.617021276595743,1,131,1.5198727786045299,gate_up_active_prebuilt,37,0.3224000036716461
case_001_real,gsm8k,early,real_route_replay,781,47,17,real,16.617021276595743,1,131,1.5198727786045299,gate_up_active_prebuilt,38,0.32342401146888733
case_001_real,gsm8k,early,real_route_replay,781,47,17,real,16.617021276595743,1,131,1.5198727786045299,gate_up_active_prebuilt,39,0.32438400387763977
case_001_real,gsm8k,early,real_route_replay,781,47,17,real,16.617021276595743,1,131,1.5198727786045299,down_full64_prebuilt,0,0.20851199328899384
case_001_real,gsm8k,early,real_route_replay,781,47,17,real,16.617021276595743,1,131,1.5198727786045299,down_full64_prebuilt,1,0.21353599429130554
case_001_real,gsm8k,early,real_route_replay,781,47,17,real,16.617021276595743,1,131,1.5198727786045299,down_full64_prebuilt,2,0.21187199652194977
case_001_real,gsm8k,early,real_route_replay,781,47,17,real,16.617021276595743,1,131,1.5198727786045299,down_full64_prebuilt,3,0.2085759937763214
case_001_real,gsm8k,early,real_route_replay,781,47,17,real,16.617021276595743,1,131,1.5198727786045299,down_full64_prebuilt,4,0.20908799767494202
case_001_real,gsm8k,early,real_route_replay,781,47,17,real,16.617021276595743,1,131,1.5198727786045299,down_full64_prebuilt,5,0.20547200739383698
case_001_real,gsm8k,early,real_route_replay,781,47,17,real,16.617021276595743,1,131,1.5198727786045299,down_full64_prebuilt,6,0.20787200331687927
case_001_real,gsm8k,early,real_route_replay,781,47,17,real,16.617021276595743,1,131,1.5198727786045299,down_full64_prebuilt,7,0.2133760005235672
case_001_real,gsm8k,early,real_route_replay,781,47,17,real,16.617021276595743,1,131,1.5198727786045299,down_full64_prebuilt,8,0.2083519995212555
case_001_real,gsm8k,early,real_route_replay,781,47,17,real,16.617021276595743,1,131,1.5198727786045299,down_full64_prebuilt,9,0.21004800498485565
case_001_real,gsm8k,early,real_route_replay,781,47,17,real,16.617021276595743,1,131,1.5198727786045299,down_full64_prebuilt,10,0.20268799364566803
case_001_real,gsm8k,early,real_route_replay,781,47,17,real,16.617021276595743,1,131,1.5198727786045299,down_full64_prebuilt,11,0.2008959949016571
case_001_real,gsm8k,early,real_route_replay,781,47,17,real,16.617021276595743,1,131,1.5198727786045299,down_full64_prebuilt,12,0.20134399831295013
case_001_real,gsm8k,early,real_route_replay,781,47,17,real,16.617021276595743,1,131,1.5198727786045299,down_full64_prebuilt,13,0.2006720006465912
case_001_real,gsm8k,early,real_route_replay,781,47,17,real,16.617021276595743,1,131,1.5198727786045299,down_full64_prebuilt,14,0.20502400398254395
case_001_real,gsm8k,early,real_route_replay,781,47,17,real,16.617021276595743,1,131,1.5198727786045299,down_full64_prebuilt,15,0.20259200036525726
case_001_real,gsm8k,early,real_route_replay,781,47,17,real,16.617021276595743,1,131,1.5198727786045299,down_full64_prebuilt,16,0.2043839991092682
case_001_real,gsm8k,early,real_route_replay,781,47,17,real,16.617021276595743,1,131,1.5198727786045299,down_full64_prebuilt,17,0.20214399695396423
case_001_real,gsm8k,early,real_route_replay,781,47,17,real,16.617021276595743,1,131,1.5198727786045299,down_full64_prebuilt,18,0.20121599733829498
case_001_real,gsm8k,early,real_route_replay,781,47,17,real,16.617021276595743,1,131,1.5198727786045299,down_full64_prebuilt,19,0.1974399983882904
case_001_real,gsm8k,early,real_route_replay,781,47,17,real,16.617021276595743,1,131,1.5198727786045299,down_full64_prebuilt,20,0.20524799823760986
case_001_real,gsm8k,early,real_route_replay,781,47,17,real,16.617021276595743,1,131,1.5198727786045299,down_full64_prebuilt,21,0.20390400290489197
case_001_real,gsm8k,early,real_route_replay,781,47,17,real,16.617021276595743,1,131,1.5198727786045299,down_full64_prebuilt,22,0.2046400010585785
case_001_real,gsm8k,early,real_route_replay,781,47,17,real,16.617021276595743,1,131,1.5198727786045299,down_full64_prebuilt,23,0.2022079974412918
case_001_real,gsm8k,early,real_route_replay,781,47,17,real,16.617021276595743,1,131,1.5198727786045299,down_full64_prebuilt,24,0.20080000162124634
case_001_real,gsm8k,early,real_route_replay,781,47,17,real,16.617021276595743,1,131,1.5198727786045299,down_full64_prebuilt,25,0.20236800611019135
case_001_real,gsm8k,early,real_route_replay,781,47,17,real,16.617021276595743,1,131,1.5198727786045299,down_full64_prebuilt,26,0.20102399587631226
case_001_real,gsm8k,early,real_route_replay,781,47,17,real,16.617021276595743,1,131,1.5198727786045299,down_full64_prebuilt,27,0.2032639980316162
case_001_real,gsm8k,early,real_route_replay,781,47,17,real,16.617021276595743,1,131,1.5198727786045299,down_full64_prebuilt,28,0.20095999538898468
case_001_real,gsm8k,early,real_route_replay,781,47,17,real,16.617021276595743,1,131,1.5198727786045299,down_full64_prebuilt,29,0.2040639966726303
case_001_real,gsm8k,early,real_route_replay,781,47,17,real,16.617021276595743,1,131,1.5198727786045299,down_full64_prebuilt,30,0.19923199713230133
case_001_real,gsm8k,early,real_route_replay,781,47,17,real,16.617021276595743,1,131,1.5198727786045299,down_full64_prebuilt,31,0.200095996260643
case_001_real,gsm8k,early,real_route_replay,781,47,17,real,16.617021276595743,1,131,1.5198727786045299,down_full64_prebuilt,32,0.20399999618530273
case_001_real,gsm8k,early,real_route_replay,781,47,17,real,16.617021276595743,1,131,1.5198727786045299,down_full64_prebuilt,33,0.20028799772262573
case_001_real,gsm8k,early,real_route_replay,781,47,17,real,16.617021276595743,1,131,1.5198727786045299,down_full64_prebuilt,34,0.19945600628852844
case_001_real,gsm8k,early,real_route_replay,781,47,17,real,16.617021276595743,1,131,1.5198727786045299,down_full64_prebuilt,35,0.19971199333667755
case_001_real,gsm8k,early,real_route_replay,781,47,17,real,16.617021276595743,1,131,1.5198727786045299,down_full64_prebuilt,36,0.20319999754428864
case_001_real,gsm8k,early,real_route_replay,781,47,17,real,16.617021276595743,1,131,1.5198727786045299,down_full64_prebuilt,37,0.19961600005626678
case_001_real,gsm8k,early,real_route_replay,781,47,17,real,16.617021276595743,1,131,1.5198727786045299,down_full64_prebuilt,38,0.20156799256801605
case_001_real,gsm8k,early,real_route_replay,781,47,17,real,16.617021276595743,1,131,1.5198727786045299,down_full64_prebuilt,39,0.20323200523853302
case_001_real,gsm8k,early,real_route_replay,781,47,17,real,16.617021276595743,1,131,1.5198727786045299,swiglu,0,0.036159999668598175
case_001_real,gsm8k,early,real_route_replay,781,47,17,real,16.617021276595743,1,131,1.5198727786045299,swiglu,1,0.025631999596953392
case_001_real,gsm8k,early,real_route_replay,781,47,17,real,16.617021276595743,1,131,1.5198727786045299,swiglu,2,0.02518399991095066
case_001_real,gsm8k,early,real_route_replay,781,47,17,real,16.617021276595743,1,131,1.5198727786045299,swiglu,3,0.023455999791622162
case_001_real,gsm8k,early,real_route_replay,781,47,17,real,16.617021276595743,1,131,1.5198727786045299,swiglu,4,0.022975999861955643
case_001_real,gsm8k,early,real_route_replay,781,47,17,real,16.617021276595743,1,131,1.5198727786045299,swiglu,5,0.020767999812960625
case_001_real,gsm8k,early,real_route_replay,781,47,17,real,16.617021276595743,1,131,1.5198727786045299,swiglu,6,0.020255999639630318
case_001_real,gsm8k,early,real_route_replay,781,47,17,real,16.617021276595743,1,131,1.5198727786045299,swiglu,7,0.019999999552965164
case_001_real,gsm8k,early,real_route_replay,781,47,17,real,16.617021276595743,1,131,1.5198727786045299,swiglu,8,0.02239999920129776
case_001_real,gsm8k,early,real_route_replay,781,47,17,real,16.617021276595743,1,131,1.5198727786045299,swiglu,9,0.021344000473618507
case_001_real,gsm8k,early,real_route_replay,781,47,17,real,16.617021276595743,1,131,1.5198727786045299,swiglu,10,0.025760000571608543
case_001_real,gsm8k,early,real_route_replay,781,47,17,real,16.617021276595743,1,131,1.5198727786045299,swiglu,11,0.023391999304294586
case_001_real,gsm8k,early,real_route_replay,781,47,17,real,16.617021276595743,1,131,1.5198727786045299,swiglu,12,0.022752000018954277
case_001_real,gsm8k,early,real_route_replay,781,47,17,real,16.617021276595743,1,131,1.5198727786045299,swiglu,13,0.02195199951529503
case_001_real,gsm8k,early,real_route_replay,781,47,17,real,16.617021276595743,1,131,1.5198727786045299,swiglu,14,0.02252800017595291
case_001_real,gsm8k,early,real_route_replay,781,47,17,real,16.617021276595743,1,131,1.5198727786045299,swiglu,15,0.0197759997099638
case_001_real,gsm8k,early,real_route_replay,781,47,17,real,16.617021276595743,1,131,1.5198727786045299,swiglu,16,0.02143999934196472
case_001_real,gsm8k,early,real_route_replay,781,47,17,real,16.617021276595743,1,131,1.5198727786045299,swiglu,17,0.02112000063061714
case_001_real,gsm8k,early,real_route_replay,781,47,17,real,16.617021276595743,1,131,1.5198727786045299,swiglu,18,0.021568000316619873
case_001_real,gsm8k,early,real_route_replay,781,47,17,real,16.617021276595743,1,131,1.5198727786045299,swiglu,19,0.021536000072956085
case_001_real,gsm8k,early,real_route_replay,781,47,17,real,16.617021276595743,1,131,1.5198727786045299,swiglu,20,0.02131200022995472
case_001_real,gsm8k,early,real_route_replay,781,47,17,real,16.617021276595743,1,131,1.5198727786045299,swiglu,21,0.02160000056028366
case_001_real,gsm8k,early,real_route_replay,781,47,17,real,16.617021276595743,1,131,1.5198727786045299,swiglu,22,0.028095999732613564
case_001_real,gsm8k,early,real_route_replay,781,47,17,real,16.617021276595743,1,131,1.5198727786045299,swiglu,23,0.021663999184966087
case_001_real,gsm8k,early,real_route_replay,781,47,17,real,16.617021276595743,1,131,1.5198727786045299,swiglu,24,0.021183999255299568
case_001_real,gsm8k,early,real_route_replay,781,47,17,real,16.617021276595743,1,131,1.5198727786045299,swiglu,25,0.02115200087428093
case_001_real,gsm8k,early,real_route_replay,781,47,17,real,16.617021276595743,1,131,1.5198727786045299,swiglu,26,0.02175999991595745
case_001_real,gsm8k,early,real_route_replay,781,47,17,real,16.617021276595743,1,131,1.5198727786045299,swiglu,27,0.020864000543951988
case_001_real,gsm8k,early,real_route_replay,781,47,17,real,16.617021276595743,1,131,1.5198727786045299,swiglu,28,0.021503999829292297
case_001_real,gsm8k,early,real_route_replay,781,47,17,real,16.617021276595743,1,131,1.5198727786045299,swiglu,29,0.02143999934196472
case_001_real,gsm8k,early,real_route_replay,781,47,17,real,16.617021276595743,1,131,1.5198727786045299,swiglu,30,0.02284800074994564
case_001_real,gsm8k,early,real_route_replay,781,47,17,real,16.617021276595743,1,131,1.5198727786045299,swiglu,31,0.02239999920129776
case_001_real,gsm8k,early,real_route_replay,781,47,17,real,16.617021276595743,1,131,1.5198727786045299,swiglu,32,0.021888000890612602
case_001_real,gsm8k,early,real_route_replay,781,47,17,real,16.617021276595743,1,131,1.5198727786045299,swiglu,33,0.020128000527620316
case_001_real,gsm8k,early,real_route_replay,781,47,17,real,16.617021276595743,1,131,1.5198727786045299,swiglu,34,0.02595200017094612
case_001_real,gsm8k,early,real_route_replay,781,47,17,real,16.617021276595743,1,131,1.5198727786045299,swiglu,35,0.02131200022995472
case_001_real,gsm8k,early,real_route_replay,781,47,17,real,16.617021276595743,1,131,1.5198727786045299,swiglu,36,0.023679999634623528
case_001_real,gsm8k,early,real_route_replay,781,47,17,real,16.617021276595743,1,131,1.5198727786045299,swiglu,37,0.024064000695943832
case_001_real,gsm8k,early,real_route_replay,781,47,17,real,16.617021276595743,1,131,1.5198727786045299,swiglu,38,0.025312000885605812
case_001_real,gsm8k,early,real_route_replay,781,47,17,real,16.617021276595743,1,131,1.5198727786045299,swiglu,39,0.02348800003528595
case_001_real,gsm8k,early,real_route_replay,781,47,17,real,16.617021276595743,1,131,1.5198727786045299,gate_up_full64_prebuilt,0,0.32844799757003784
case_001_real,gsm8k,early,real_route_replay,781,47,17,real,16.617021276595743,1,131,1.5198727786045299,gate_up_full64_prebuilt,1,0.3214719891548157
case_001_real,gsm8k,early,real_route_replay,781,47,17,real,16.617021276595743,1,131,1.5198727786045299,gate_up_full64_prebuilt,2,0.3245759904384613
case_001_real,gsm8k,early,real_route_replay,781,47,17,real,16.617021276595743,1,131,1.5198727786045299,gate_up_full64_prebuilt,3,0.3253439962863922
case_001_real,gsm8k,early,real_route_replay,781,47,17,real,16.617021276595743,1,131,1.5198727786045299,gate_up_full64_prebuilt,4,0.32844799757003784
case_001_real,gsm8k,early,real_route_replay,781,47,17,real,16.617021276595743,1,131,1.5198727786045299,gate_up_full64_prebuilt,5,0.333407998085022
case_001_real,gsm8k,early,real_route_replay,781,47,17,real,16.617021276595743,1,131,1.5198727786045299,gate_up_full64_prebuilt,6,0.33139199018478394
case_001_real,gsm8k,early,real_route_replay,781,47,17,real,16.617021276595743,1,131,1.5198727786045299,gate_up_full64_prebuilt,7,0.32550400495529175
case_001_real,gsm8k,early,real_route_replay,781,47,17,real,16.617021276595743,1,131,1.5198727786045299,gate_up_full64_prebuilt,8,0.3389759957790375
case_001_real,gsm8k,early,real_route_replay,781,47,17,real,16.617021276595743,1,131,1.5198727786045299,gate_up_full64_prebuilt,9,0.3198719918727875
case_001_real,gsm8k,early,real_route_replay,781,47,17,real,16.617021276595743,1,131,1.5198727786045299,gate_up_full64_prebuilt,10,0.3247680068016052
case_001_real,gsm8k,early,real_route_replay,781,47,17,real,16.617021276595743,1,131,1.5198727786045299,gate_up_full64_prebuilt,11,0.3187839984893799
case_001_real,gsm8k,early,real_route_replay,781,47,17,real,16.617021276595743,1,131,1.5198727786045299,gate_up_full64_prebuilt,12,0.31462401151657104
case_001_real,gsm8k,early,real_route_replay,781,47,17,real,16.617021276595743,1,131,1.5198727786045299,gate_up_full64_prebuilt,13,0.31833600997924805
case_001_real,gsm8k,early,real_route_replay,781,47,17,real,16.617021276595743,1,131,1.5198727786045299,gate_up_full64_prebuilt,14,0.31779199838638306
case_001_real,gsm8k,early,real_route_replay,781,47,17,real,16.617021276595743,1,131,1.5198727786045299,gate_up_full64_prebuilt,15,0.3171519935131073
case_001_real,gsm8k,early,real_route_replay,781,47,17,real,16.617021276595743,1,131,1.5198727786045299,gate_up_full64_prebuilt,16,0.3145599961280823
case_001_real,gsm8k,early,real_route_replay,781,47,17,real,16.617021276595743,1,131,1.5198727786045299,gate_up_full64_prebuilt,17,0.31436800956726074
case_001_real,gsm8k,early,real_route_replay,781,47,17,real,16.617021276595743,1,131,1.5198727786045299,gate_up_full64_prebuilt,18,0.31619200110435486
case_001_real,gsm8k,early,real_route_replay,781,47,17,real,16.617021276595743,1,131,1.5198727786045299,gate_up_full64_prebuilt,19,0.3154880106449127
case_001_real,gsm8k,early,real_route_replay,781,47,17,real,16.617021276595743,1,131,1.5198727786045299,gate_up_full64_prebuilt,20,0.31459200382232666
case_001_real,gsm8k,early,real_route_replay,781,47,17,real,16.617021276595743,1,131,1.5198727786045299,gate_up_full64_prebuilt,21,0.31673601269721985
case_001_real,gsm8k,early,real_route_replay,781,47,17,real,16.617021276595743,1,131,1.5198727786045299,gate_up_full64_prebuilt,22,0.31305599212646484
case_001_real,gsm8k,early,real_route_replay,781,47,17,real,16.617021276595743,1,131,1.5198727786045299,gate_up_full64_prebuilt,23,0.3150399923324585
case_001_real,gsm8k,early,real_route_replay,781,47,17,real,16.617021276595743,1,131,1.5198727786045299,gate_up_full64_prebuilt,24,0.32387199997901917
case_001_real,gsm8k,early,real_route_replay,781,47,17,real,16.617021276595743,1,131,1.5198727786045299,gate_up_full64_prebuilt,25,0.3187519907951355
case_001_real,gsm8k,early,real_route_replay,781,47,17,real,16.617021276595743,1,131,1.5198727786045299,gate_up_full64_prebuilt,26,0.32793599367141724
case_001_real,gsm8k,early,real_route_replay,781,47,17,real,16.617021276595743,1,131,1.5198727786045299,gate_up_full64_prebuilt,27,0.32572799921035767
case_001_real,gsm8k,early,real_route_replay,781,47,17,real,16.617021276595743,1,131,1.5198727786045299,gate_up_full64_prebuilt,28,0.3322240114212036
case_001_real,gsm8k,early,real_route_replay,781,47,17,real,16.617021276595743,1,131,1.5198727786045299,gate_up_full64_prebuilt,29,0.328000009059906
case_001_real,gsm8k,early,real_route_replay,781,47,17,real,16.617021276595743,1,131,1.5198727786045299,gate_up_full64_prebuilt,30,0.33190399408340454
case_001_real,gsm8k,early,real_route_replay,781,47,17,real,16.617021276595743,1,131,1.5198727786045299,gate_up_full64_prebuilt,31,0.3198080062866211
case_001_real,gsm8k,early,real_route_replay,781,47,17,real,16.617021276595743,1,131,1.5198727786045299,gate_up_full64_prebuilt,32,0.31651198863983154
case_001_real,gsm8k,early,real_route_replay,781,47,17,real,16.617021276595743,1,131,1.5198727786045299,gate_up_full64_prebuilt,33,0.31536000967025757
case_001_real,gsm8k,early,real_route_replay,781,47,17,real,16.617021276595743,1,131,1.5198727786045299,gate_up_full64_prebuilt,34,0.3171199858188629
case_001_real,gsm8k,early,real_route_replay,781,47,17,real,16.617021276595743,1,131,1.5198727786045299,gate_up_full64_prebuilt,35,0.31491199135780334
case_001_real,gsm8k,early,real_route_replay,781,47,17,real,16.617021276595743,1,131,1.5198727786045299,gate_up_full64_prebuilt,36,0.3145599961280823
case_001_real,gsm8k,early,real_route_replay,781,47,17,real,16.617021276595743,1,131,1.5198727786045299,gate_up_full64_prebuilt,37,0.31727999448776245
case_001_real,gsm8k,early,real_route_replay,781,47,17,real,16.617021276595743,1,131,1.5198727786045299,gate_up_full64_prebuilt,38,0.31756800413131714
case_001_real,gsm8k,early,real_route_replay,781,47,17,real,16.617021276595743,1,131,1.5198727786045299,gate_up_full64_prebuilt,39,0.3158720135688782
case_001_real,gsm8k,early,real_route_replay,781,47,17,real,16.617021276595743,1,131,1.5198727786045299,route_weight,0,0.024480000138282776
case_001_real,gsm8k,early,real_route_replay,781,47,17,real,16.617021276595743,1,131,1.5198727786045299,route_weight,1,0.024480000138282776
case_001_real,gsm8k,early,real_route_replay,781,47,17,real,16.617021276595743,1,131,1.5198727786045299,route_weight,2,0.01759999990463257
case_001_real,gsm8k,early,real_route_replay,781,47,17,real,16.617021276595743,1,131,1.5198727786045299,route_weight,3,0.016672000288963318
case_001_real,gsm8k,early,real_route_replay,781,47,17,real,16.617021276595743,1,131,1.5198727786045299,route_weight,4,0.017152000218629837
case_001_real,gsm8k,early,real_route_replay,781,47,17,real,16.617021276595743,1,131,1.5198727786045299,route_weight,5,0.017983999103307724
case_001_real,gsm8k,early,real_route_replay,781,47,17,real,16.617021276595743,1,131,1.5198727786045299,route_weight,6,0.017376000061631203
case_001_real,gsm8k,early,real_route_replay,781,47,17,real,16.617021276595743,1,131,1.5198727786045299,route_weight,7,0.016256000846624374
case_001_real,gsm8k,early,real_route_replay,781,47,17,real,16.617021276595743,1,131,1.5198727786045299,route_weight,8,0.01708799973130226
case_001_real,gsm8k,early,real_route_replay,781,47,17,real,16.617021276595743,1,131,1.5198727786045299,route_weight,9,0.01664000004529953
case_001_real,gsm8k,early,real_route_replay,781,47,17,real,16.617021276595743,1,131,1.5198727786045299,route_weight,10,0.016607999801635742
case_001_real,gsm8k,early,real_route_replay,781,47,17,real,16.617021276595743,1,131,1.5198727786045299,route_weight,11,0.01679999940097332
case_001_real,gsm8k,early,real_route_replay,781,47,17,real,16.617021276595743,1,131,1.5198727786045299,route_weight,12,0.016416000202298164
case_001_real,gsm8k,early,real_route_replay,781,47,17,real,16.617021276595743,1,131,1.5198727786045299,route_weight,13,0.01648000068962574
case_001_real,gsm8k,early,real_route_replay,781,47,17,real,16.617021276595743,1,131,1.5198727786045299,route_weight,14,0.024159999564290047
case_001_real,gsm8k,early,real_route_replay,781,47,17,real,16.617021276595743,1,131,1.5198727786045299,route_weight,15,0.01708799973130226
case_001_real,gsm8k,early,real_route_replay,781,47,17,real,16.617021276595743,1,131,1.5198727786045299,route_weight,16,0.01648000068962574
case_001_real,gsm8k,early,real_route_replay,781,47,17,real,16.617021276595743,1,131,1.5198727786045299,route_weight,17,0.017535999417304993
case_001_real,gsm8k,early,real_route_replay,781,47,17,real,16.617021276595743,1,131,1.5198727786045299,route_weight,18,0.028736000880599022
case_001_real,gsm8k,early,real_route_replay,781,47,17,real,16.617021276595743,1,131,1.5198727786045299,route_weight,19,0.019168000668287277
case_001_real,gsm8k,early,real_route_replay,781,47,17,real,16.617021276595743,1,131,1.5198727786045299,route_weight,20,0.019168000668287277
case_001_real,gsm8k,early,real_route_replay,781,47,17,real,16.617021276595743,1,131,1.5198727786045299,route_weight,21,0.01711999997496605
case_001_real,gsm8k,early,real_route_replay,781,47,17,real,16.617021276595743,1,131,1.5198727786045299,route_weight,22,0.017855999991297722
case_001_real,gsm8k,early,real_route_replay,781,47,17,real,16.617021276595743,1,131,1.5198727786045299,route_weight,23,0.01664000004529953
case_001_real,gsm8k,early,real_route_replay,781,47,17,real,16.617021276595743,1,131,1.5198727786045299,route_weight,24,0.01648000068962574
case_001_real,gsm8k,early,real_route_replay,781,47,17,real,16.617021276595743,1,131,1.5198727786045299,route_weight,25,0.016543999314308167
case_001_real,gsm8k,early,real_route_replay,781,47,17,real,16.617021276595743,1,131,1.5198727786045299,route_weight,26,0.016736000776290894
case_001_real,gsm8k,early,real_route_replay,781,47,17,real,16.617021276595743,1,131,1.5198727786045299,route_weight,27,0.018400000408291817
case_001_real,gsm8k,early,real_route_replay,781,47,17,real,16.617021276595743,1,131,1.5198727786045299,route_weight,28,0.01817600056529045
case_001_real,gsm8k,early,real_route_replay,781,47,17,real,16.617021276595743,1,131,1.5198727786045299,route_weight,29,0.01744000054895878
case_001_real,gsm8k,early,real_route_replay,781,47,17,real,16.617021276595743,1,131,1.5198727786045299,route_weight,30,0.01820800080895424
case_001_real,gsm8k,early,real_route_replay,781,47,17,real,16.617021276595743,1,131,1.5198727786045299,route_weight,31,0.01817600056529045
case_001_real,gsm8k,early,real_route_replay,781,47,17,real,16.617021276595743,1,131,1.5198727786045299,route_weight,32,0.018848000094294548
case_001_real,gsm8k,early,real_route_replay,781,47,17,real,16.617021276595743,1,131,1.5198727786045299,route_weight,33,0.022143999114632607
case_001_real,gsm8k,early,real_route_replay,781,47,17,real,16.617021276595743,1,131,1.5198727786045299,route_weight,34,0.017216000705957413
case_001_real,gsm8k,early,real_route_replay,781,47,17,real,16.617021276595743,1,131,1.5198727786045299,route_weight,35,0.018432000651955605
case_001_real,gsm8k,early,real_route_replay,781,47,17,real,16.617021276595743,1,131,1.5198727786045299,route_weight,36,0.01833599992096424
case_001_real,gsm8k,early,real_route_replay,781,47,17,real,16.617021276595743,1,131,1.5198727786045299,route_weight,37,0.01852799952030182
case_001_real,gsm8k,early,real_route_replay,781,47,17,real,16.617021276595743,1,131,1.5198727786045299,route_weight,38,0.01664000004529953
case_001_real,gsm8k,early,real_route_replay,781,47,17,real,16.617021276595743,1,131,1.5198727786045299,route_weight,39,0.018464000895619392
case_002_real,gsm8k,early,real_route_replay,114,15,49,real,7.6,1,21,0.8658921178423205,swiglu,0,0.02691200003027916
case_002_real,gsm8k,early,real_route_replay,114,15,49,real,7.6,1,21,0.8658921178423205,swiglu,1,0.020767999812960625
case_002_real,gsm8k,early,real_route_replay,114,15,49,real,7.6,1,21,0.8658921178423205,swiglu,2,0.020927999168634415
case_002_real,gsm8k,early,real_route_replay,114,15,49,real,7.6,1,21,0.8658921178423205,swiglu,3,0.020447999238967896
case_002_real,gsm8k,early,real_route_replay,114,15,49,real,7.6,1,21,0.8658921178423205,swiglu,4,0.021503999829292297
case_002_real,gsm8k,early,real_route_replay,114,15,49,real,7.6,1,21,0.8658921178423205,swiglu,5,0.0226879995316267
case_002_real,gsm8k,early,real_route_replay,114,15,49,real,7.6,1,21,0.8658921178423205,swiglu,6,0.02300800010561943
case_002_real,gsm8k,early,real_route_replay,114,15,49,real,7.6,1,21,0.8658921178423205,swiglu,7,0.023903999477624893
case_002_real,gsm8k,early,real_route_replay,114,15,49,real,7.6,1,21,0.8658921178423205,swiglu,8,0.023360000923275948
case_002_real,gsm8k,early,real_route_replay,114,15,49,real,7.6,1,21,0.8658921178423205,swiglu,9,0.023520000278949738
case_002_real,gsm8k,early,real_route_replay,114,15,49,real,7.6,1,21,0.8658921178423205,swiglu,10,0.028095999732613564
case_002_real,gsm8k,early,real_route_replay,114,15,49,real,7.6,1,21,0.8658921178423205,swiglu,11,0.0225600004196167
case_002_real,gsm8k,early,real_route_replay,114,15,49,real,7.6,1,21,0.8658921178423205,swiglu,12,0.023552000522613525
case_002_real,gsm8k,early,real_route_replay,114,15,49,real,7.6,1,21,0.8658921178423205,swiglu,13,0.023072000592947006
case_002_real,gsm8k,early,real_route_replay,114,15,49,real,7.6,1,21,0.8658921178423205,swiglu,14,0.0208320003002882
case_002_real,gsm8k,early,real_route_replay,114,15,49,real,7.6,1,21,0.8658921178423205,swiglu,15,0.02067199908196926
case_002_real,gsm8k,early,real_route_replay,114,15,49,real,7.6,1,21,0.8658921178423205,swiglu,16,0.020287999883294106
case_002_real,gsm8k,early,real_route_replay,114,15,49,real,7.6,1,21,0.8658921178423205,swiglu,17,0.0225600004196167
case_002_real,gsm8k,early,real_route_replay,114,15,49,real,7.6,1,21,0.8658921178423205,swiglu,18,0.023679999634623528
case_002_real,gsm8k,early,real_route_replay,114,15,49,real,7.6,1,21,0.8658921178423205,swiglu,19,0.023455999791622162
case_002_real,gsm8k,early,real_route_replay,114,15,49,real,7.6,1,21,0.8658921178423205,swiglu,20,0.02006400004029274
case_002_real,gsm8k,early,real_route_replay,114,15,49,real,7.6,1,21,0.8658921178423205,swiglu,21,0.02127999998629093
case_002_real,gsm8k,early,real_route_replay,114,15,49,real,7.6,1,21,0.8658921178423205,swiglu,22,0.022112000733613968
case_002_real,gsm8k,early,real_route_replay,114,15,49,real,7.6,1,21,0.8658921178423205,swiglu,23,0.021727999672293663
case_002_real,gsm8k,early,real_route_replay,114,15,49,real,7.6,1,21,0.8658921178423205,swiglu,24,0.019936000928282738
case_002_real,gsm8k,early,real_route_replay,114,15,49,real,7.6,1,21,0.8658921178423205,swiglu,25,0.020447999238967896
case_002_real,gsm8k,early,real_route_replay,114,15,49,real,7.6,1,21,0.8658921178423205,swiglu,26,0.02022399939596653
case_002_real,gsm8k,early,real_route_replay,114,15,49,real,7.6,1,21,0.8658921178423205,swiglu,27,0.024607999250292778
case_002_real,gsm8k,early,real_route_replay,114,15,49,real,7.6,1,21,0.8658921178423205,swiglu,28,0.032575998455286026
case_002_real,gsm8k,early,real_route_replay,114,15,49,real,7.6,1,21,0.8658921178423205,swiglu,29,0.031231999397277832
case_002_real,gsm8k,early,real_route_replay,114,15,49,real,7.6,1,21,0.8658921178423205,swiglu,30,0.030751999467611313
case_002_real,gsm8k,early,real_route_replay,114,15,49,real,7.6,1,21,0.8658921178423205,swiglu,31,0.03561599925160408
case_002_real,gsm8k,early,real_route_replay,114,15,49,real,7.6,1,21,0.8658921178423205,swiglu,32,0.03625600039958954
case_002_real,gsm8k,early,real_route_replay,114,15,49,real,7.6,1,21,0.8658921178423205,swiglu,33,0.03452799841761589
case_002_real,gsm8k,early,real_route_replay,114,15,49,real,7.6,1,21,0.8658921178423205,swiglu,34,0.039744000881910324
case_002_real,gsm8k,early,real_route_replay,114,15,49,real,7.6,1,21,0.8658921178423205,swiglu,35,0.03267199918627739
case_002_real,gsm8k,early,real_route_replay,114,15,49,real,7.6,1,21,0.8658921178423205,swiglu,36,0.031968001276254654
case_002_real,gsm8k,early,real_route_replay,114,15,49,real,7.6,1,21,0.8658921178423205,swiglu,37,0.03280000016093254
case_002_real,gsm8k,early,real_route_replay,114,15,49,real,7.6,1,21,0.8658921178423205,swiglu,38,0.03203200176358223
case_002_real,gsm8k,early,real_route_replay,114,15,49,real,7.6,1,21,0.8658921178423205,swiglu,39,0.03331200033426285
case_002_real,gsm8k,early,real_route_replay,114,15,49,real,7.6,1,21,0.8658921178423205,down_active_prebuilt,0,0.09523200243711472
case_002_real,gsm8k,early,real_route_replay,114,15,49,real,7.6,1,21,0.8658921178423205,down_active_prebuilt,1,0.09123200178146362
case_002_real,gsm8k,early,real_route_replay,114,15,49,real,7.6,1,21,0.8658921178423205,down_active_prebuilt,2,0.0904960036277771
case_002_real,gsm8k,early,real_route_replay,114,15,49,real,7.6,1,21,0.8658921178423205,down_active_prebuilt,3,0.08524800091981888
case_002_real,gsm8k,early,real_route_replay,114,15,49,real,7.6,1,21,0.8658921178423205,down_active_prebuilt,4,0.08313599973917007
case_002_real,gsm8k,early,real_route_replay,114,15,49,real,7.6,1,21,0.8658921178423205,down_active_prebuilt,5,0.08399999886751175
case_002_real,gsm8k,early,real_route_replay,114,15,49,real,7.6,1,21,0.8658921178423205,down_active_prebuilt,6,0.08352000266313553
case_002_real,gsm8k,early,real_route_replay,114,15,49,real,7.6,1,21,0.8658921178423205,down_active_prebuilt,7,0.07977599650621414
case_002_real,gsm8k,early,real_route_replay,114,15,49,real,7.6,1,21,0.8658921178423205,down_active_prebuilt,8,0.0820159986615181
case_002_real,gsm8k,early,real_route_replay,114,15,49,real,7.6,1,21,0.8658921178423205,down_active_prebuilt,9,0.07859200239181519
case_002_real,gsm8k,early,real_route_replay,114,15,49,real,7.6,1,21,0.8658921178423205,down_active_prebuilt,10,0.0793600007891655
case_002_real,gsm8k,early,real_route_replay,114,15,49,real,7.6,1,21,0.8658921178423205,down_active_prebuilt,11,0.07814399898052216
case_002_real,gsm8k,early,real_route_replay,114,15,49,real,7.6,1,21,0.8658921178423205,down_active_prebuilt,12,0.08198399841785431
case_002_real,gsm8k,early,real_route_replay,114,15,49,real,7.6,1,21,0.8658921178423205,down_active_prebuilt,13,0.0791039988398552
case_002_real,gsm8k,early,real_route_replay,114,15,49,real,7.6,1,21,0.8658921178423205,down_active_prebuilt,14,0.07859200239181519
case_002_real,gsm8k,early,real_route_replay,114,15,49,real,7.6,1,21,0.8658921178423205,down_active_prebuilt,15,0.08128000050783157
case_002_real,gsm8k,early,real_route_replay,114,15,49,real,7.6,1,21,0.8658921178423205,down_active_prebuilt,16,0.08054400235414505
case_002_real,gsm8k,early,real_route_replay,114,15,49,real,7.6,1,21,0.8658921178423205,down_active_prebuilt,17,0.08166400343179703
case_002_real,gsm8k,early,real_route_replay,114,15,49,real,7.6,1,21,0.8658921178423205,down_active_prebuilt,18,0.07929600030183792
case_002_real,gsm8k,early,real_route_replay,114,15,49,real,7.6,1,21,0.8658921178423205,down_active_prebuilt,19,0.08060800284147263
case_002_real,gsm8k,early,real_route_replay,114,15,49,real,7.6,1,21,0.8658921178423205,down_active_prebuilt,20,0.07820799946784973
case_002_real,gsm8k,early,real_route_replay,114,15,49,real,7.6,1,21,0.8658921178423205,down_active_prebuilt,21,0.08070400357246399
case_002_real,gsm8k,early,real_route_replay,114,15,49,real,7.6,1,21,0.8658921178423205,down_active_prebuilt,22,0.07980799674987793
case_002_real,gsm8k,early,real_route_replay,114,15,49,real,7.6,1,21,0.8658921178423205,down_active_prebuilt,23,0.0788159966468811
case_002_real,gsm8k,early,real_route_replay,114,15,49,real,7.6,1,21,0.8658921178423205,down_active_prebuilt,24,0.07817599922418594
case_002_real,gsm8k,early,real_route_replay,114,15,49,real,7.6,1,21,0.8658921178423205,down_active_prebuilt,25,0.07942400127649307
case_002_real,gsm8k,early,real_route_replay,114,15,49,real,7.6,1,21,0.8658921178423205,down_active_prebuilt,26,0.08246400207281113
case_002_real,gsm8k,early,real_route_replay,114,15,49,real,7.6,1,21,0.8658921178423205,down_active_prebuilt,27,0.07823999971151352
case_002_real,gsm8k,early,real_route_replay,114,15,49,real,7.6,1,21,0.8658921178423205,down_active_prebuilt,28,0.07942400127649307
case_002_real,gsm8k,early,real_route_replay,114,15,49,real,7.6,1,21,0.8658921178423205,down_active_prebuilt,29,0.07859200239181519
case_002_real,gsm8k,early,real_route_replay,114,15,49,real,7.6,1,21,0.8658921178423205,down_active_prebuilt,30,0.07913599908351898
case_002_real,gsm8k,early,real_route_replay,114,15,49,real,7.6,1,21,0.8658921178423205,down_active_prebuilt,31,0.07766400277614594
case_002_real,gsm8k,early,real_route_replay,114,15,49,real,7.6,1,21,0.8658921178423205,down_active_prebuilt,32,0.07891199737787247
case_002_real,gsm8k,early,real_route_replay,114,15,49,real,7.6,1,21,0.8658921178423205,down_active_prebuilt,33,0.08342400193214417
case_002_real,gsm8k,early,real_route_replay,114,15,49,real,7.6,1,21,0.8658921178423205,down_active_prebuilt,34,0.08204799890518188
case_002_real,gsm8k,early,real_route_replay,114,15,49,real,7.6,1,21,0.8658921178423205,down_active_prebuilt,35,0.0799039974808693
case_002_real,gsm8k,early,real_route_replay,114,15,49,real,7.6,1,21,0.8658921178423205,down_active_prebuilt,36,0.07939200103282928
case_002_real,gsm8k,early,real_route_replay,114,15,49,real,7.6,1,21,0.8658921178423205,down_active_prebuilt,37,0.07942400127649307
case_002_real,gsm8k,early,real_route_replay,114,15,49,real,7.6,1,21,0.8658921178423205,down_active_prebuilt,38,0.07891199737787247
case_002_real,gsm8k,early,real_route_replay,114,15,49,real,7.6,1,21,0.8658921178423205,down_active_prebuilt,39,0.08003199845552444
case_002_real,gsm8k,early,real_route_replay,114,15,49,real,7.6,1,21,0.8658921178423205,route_weight,0,0.02006400004029274
case_002_real,gsm8k,early,real_route_replay,114,15,49,real,7.6,1,21,0.8658921178423205,route_weight,1,0.015647999942302704
case_002_real,gsm8k,early,real_route_replay,114,15,49,real,7.6,1,21,0.8658921178423205,route_weight,2,0.014944000169634819
case_002_real,gsm8k,early,real_route_replay,114,15,49,real,7.6,1,21,0.8658921178423205,route_weight,3,0.015263999812304974
case_002_real,gsm8k,early,real_route_replay,114,15,49,real,7.6,1,21,0.8658921178423205,route_weight,4,0.015135999768972397
case_002_real,gsm8k,early,real_route_replay,114,15,49,real,7.6,1,21,0.8658921178423205,route_weight,5,0.015552000142633915
case_002_real,gsm8k,early,real_route_replay,114,15,49,real,7.6,1,21,0.8658921178423205,route_weight,6,0.014560000039637089
case_002_real,gsm8k,early,real_route_replay,114,15,49,real,7.6,1,21,0.8658921178423205,route_weight,7,0.015424000099301338
case_002_real,gsm8k,early,real_route_replay,114,15,49,real,7.6,1,21,0.8658921178423205,route_weight,8,0.014271999709308147
case_002_real,gsm8k,early,real_route_replay,114,15,49,real,7.6,1,21,0.8658921178423205,route_weight,9,0.016767999157309532
case_002_real,gsm8k,early,real_route_replay,114,15,49,real,7.6,1,21,0.8658921178423205,route_weight,10,0.015072000212967396
case_002_real,gsm8k,early,real_route_replay,114,15,49,real,7.6,1,21,0.8658921178423205,route_weight,11,0.015072000212967396
case_002_real,gsm8k,early,real_route_replay,114,15,49,real,7.6,1,21,0.8658921178423205,route_weight,12,0.014368000440299511
case_002_real,gsm8k,early,real_route_replay,114,15,49,real,7.6,1,21,0.8658921178423205,route_weight,13,0.015519999898970127
case_002_real,gsm8k,early,real_route_replay,114,15,49,real,7.6,1,21,0.8658921178423205,route_weight,14,0.014208000153303146
case_002_real,gsm8k,early,real_route_replay,114,15,49,real,7.6,1,21,0.8658921178423205,route_weight,15,0.013439999893307686
case_002_real,gsm8k,early,real_route_replay,114,15,49,real,7.6,1,21,0.8658921178423205,route_weight,16,0.014175999909639359
case_002_real,gsm8k,early,real_route_replay,114,15,49,real,7.6,1,21,0.8658921178423205,route_weight,17,0.013632000423967838
case_002_real,gsm8k,early,real_route_replay,114,15,49,real,7.6,1,21,0.8658921178423205,route_weight,18,0.012799999676644802
case_002_real,gsm8k,early,real_route_replay,114,15,49,real,7.6,1,21,0.8658921178423205,route_weight,19,0.013663999736309052
case_002_real,gsm8k,early,real_route_replay,114,15,49,real,7.6,1,21,0.8658921178423205,route_weight,20,0.012864000163972378
case_002_real,gsm8k,early,real_route_replay,114,15,49,real,7.6,1,21,0.8658921178423205,route_weight,21,0.013439999893307686
case_002_real,gsm8k,early,real_route_replay,114,15,49,real,7.6,1,21,0.8658921178423205,route_weight,22,0.014751999638974667
case_002_real,gsm8k,early,real_route_replay,114,15,49,real,7.6,1,21,0.8658921178423205,route_weight,23,0.014047999866306782
case_002_real,gsm8k,early,real_route_replay,114,15,49,real,7.6,1,21,0.8658921178423205,route_weight,24,0.013407999649643898
case_002_real,gsm8k,early,real_route_replay,114,15,49,real,7.6,1,21,0.8658921178423205,route_weight,25,0.013407999649643898
case_002_real,gsm8k,early,real_route_replay,114,15,49,real,7.6,1,21,0.8658921178423205,route_weight,26,0.013279999606311321
case_002_real,gsm8k,early,real_route_replay,114,15,49,real,7.6,1,21,0.8658921178423205,route_weight,27,0.01375999953597784
case_002_real,gsm8k,early,real_route_replay,114,15,49,real,7.6,1,21,0.8658921178423205,route_weight,28,0.013376000337302685
case_002_real,gsm8k,early,real_route_replay,114,15,49,real,7.6,1,21,0.8658921178423205,route_weight,29,0.01321600005030632
case_002_real,gsm8k,early,real_route_replay,114,15,49,real,7.6,1,21,0.8658921178423205,route_weight,30,0.014368000440299511
case_002_real,gsm8k,early,real_route_replay,114,15,49,real,7.6,1,21,0.8658921178423205,route_weight,31,0.015168000012636185
case_002_real,gsm8k,early,real_route_replay,114,15,49,real,7.6,1,21,0.8658921178423205,route_weight,32,0.014047999866306782
case_002_real,gsm8k,early,real_route_replay,114,15,49,real,7.6,1,21,0.8658921178423205,route_weight,33,0.014783999882638454
case_002_real,gsm8k,early,real_route_replay,114,15,49,real,7.6,1,21,0.8658921178423205,route_weight,34,0.012671999633312225
case_002_real,gsm8k,early,real_route_replay,114,15,49,real,7.6,1,21,0.8658921178423205,route_weight,35,0.01772800087928772
case_002_real,gsm8k,early,real_route_replay,114,15,49,real,7.6,1,21,0.8658921178423205,route_weight,36,0.013887999579310417
case_002_real,gsm8k,early,real_route_replay,114,15,49,real,7.6,1,21,0.8658921178423205,route_weight,37,0.013632000423967838
case_002_real,gsm8k,early,real_route_replay,114,15,49,real,7.6,1,21,0.8658921178423205,route_weight,38,0.013311999849975109
case_002_real,gsm8k,early,real_route_replay,114,15,49,real,7.6,1,21,0.8658921178423205,route_weight,39,0.017216000705957413
case_002_real,gsm8k,early,real_route_replay,114,15,49,real,7.6,1,21,0.8658921178423205,gate_up_full64_prebuilt,0,0.12937599420547485
case_002_real,gsm8k,early,real_route_replay,114,15,49,real,7.6,1,21,0.8658921178423205,gate_up_full64_prebuilt,1,0.11667200177907944
case_002_real,gsm8k,early,real_route_replay,114,15,49,real,7.6,1,21,0.8658921178423205,gate_up_full64_prebuilt,2,0.11577600240707397
case_002_real,gsm8k,early,real_route_replay,114,15,49,real,7.6,1,21,0.8658921178423205,gate_up_full64_prebuilt,3,0.11833599954843521
case_002_real,gsm8k,early,real_route_replay,114,15,49,real,7.6,1,21,0.8658921178423205,gate_up_full64_prebuilt,4,0.11555200070142746
case_002_real,gsm8k,early,real_route_replay,114,15,49,real,7.6,1,21,0.8658921178423205,gate_up_full64_prebuilt,5,0.11580800265073776
case_002_real,gsm8k,early,real_route_replay,114,15,49,real,7.6,1,21,0.8658921178423205,gate_up_full64_prebuilt,6,0.11497599631547928
case_002_real,gsm8k,early,real_route_replay,114,15,49,real,7.6,1,21,0.8658921178423205,gate_up_full64_prebuilt,7,0.1181119978427887
case_002_real,gsm8k,early,real_route_replay,114,15,49,real,7.6,1,21,0.8658921178423205,gate_up_full64_prebuilt,8,0.1157120019197464
case_002_real,gsm8k,early,real_route_replay,114,15,49,real,7.6,1,21,0.8658921178423205,gate_up_full64_prebuilt,9,0.11801599711179733
case_002_real,gsm8k,early,real_route_replay,114,15,49,real,7.6,1,21,0.8658921178423205,gate_up_full64_prebuilt,10,0.11446399986743927
case_002_real,gsm8k,early,real_route_replay,114,15,49,real,7.6,1,21,0.8658921178423205,gate_up_full64_prebuilt,11,0.11484800279140472
case_002_real,gsm8k,early,real_route_replay,114,15,49,real,7.6,1,21,0.8658921178423205,gate_up_full64_prebuilt,12,0.11488000303506851
case_002_real,gsm8k,early,real_route_replay,114,15,49,real,7.6,1,21,0.8658921178423205,gate_up_full64_prebuilt,13,0.11456000059843063
case_002_real,gsm8k,early,real_route_replay,114,15,49,real,7.6,1,21,0.8658921178423205,gate_up_full64_prebuilt,14,0.1186240017414093
case_002_real,gsm8k,early,real_route_replay,114,15,49,real,7.6,1,21,0.8658921178423205,gate_up_full64_prebuilt,15,0.11468800157308578
case_002_real,gsm8k,early,real_route_replay,114,15,49,real,7.6,1,21,0.8658921178423205,gate_up_full64_prebuilt,16,0.11542399972677231
case_002_real,gsm8k,early,real_route_replay,114,15,49,real,7.6,1,21,0.8658921178423205,gate_up_full64_prebuilt,17,0.11542399972677231
case_002_real,gsm8k,early,real_route_replay,114,15,49,real,7.6,1,21,0.8658921178423205,gate_up_full64_prebuilt,18,0.11558400094509125
case_002_real,gsm8k,early,real_route_replay,114,15,49,real,7.6,1,21,0.8658921178423205,gate_up_full64_prebuilt,19,0.12444800138473511
case_002_real,gsm8k,early,real_route_replay,114,15,49,real,7.6,1,21,0.8658921178423205,gate_up_full64_prebuilt,20,0.12438400089740753
case_002_real,gsm8k,early,real_route_replay,114,15,49,real,7.6,1,21,0.8658921178423205,gate_up_full64_prebuilt,21,0.12195199728012085
case_002_real,gsm8k,early,real_route_replay,114,15,49,real,7.6,1,21,0.8658921178423205,gate_up_full64_prebuilt,22,0.12223999947309494
case_002_real,gsm8k,early,real_route_replay,114,15,49,real,7.6,1,21,0.8658921178423205,gate_up_full64_prebuilt,23,0.12201599776744843
case_002_real,gsm8k,early,real_route_replay,114,15,49,real,7.6,1,21,0.8658921178423205,gate_up_full64_prebuilt,24,0.12227199971675873
case_002_real,gsm8k,early,real_route_replay,114,15,49,real,7.6,1,21,0.8658921178423205,gate_up_full64_prebuilt,25,0.12377600371837616
case_002_real,gsm8k,early,real_route_replay,114,15,49,real,7.6,1,21,0.8658921178423205,gate_up_full64_prebuilt,26,0.1231359988451004
case_002_real,gsm8k,early,real_route_replay,114,15,49,real,7.6,1,21,0.8658921178423205,gate_up_full64_prebuilt,27,0.12057600170373917
case_002_real,gsm8k,early,real_route_replay,114,15,49,real,7.6,1,21,0.8658921178423205,gate_up_full64_prebuilt,28,0.12156800180673599
case_002_real,gsm8k,early,real_route_replay,114,15,49,real,7.6,1,21,0.8658921178423205,gate_up_full64_prebuilt,29,0.12851199507713318
case_002_real,gsm8k,early,real_route_replay,114,15,49,real,7.6,1,21,0.8658921178423205,gate_up_full64_prebuilt,30,0.1231359988451004
case_002_real,gsm8k,early,real_route_replay,114,15,49,real,7.6,1,21,0.8658921178423205,gate_up_full64_prebuilt,31,0.12857599556446075
case_002_real,gsm8k,early,real_route_replay,114,15,49,real,7.6,1,21,0.8658921178423205,gate_up_full64_prebuilt,32,0.12800000607967377
case_002_real,gsm8k,early,real_route_replay,114,15,49,real,7.6,1,21,0.8658921178423205,gate_up_full64_prebuilt,33,0.1364160031080246
case_002_real,gsm8k,early,real_route_replay,114,15,49,real,7.6,1,21,0.8658921178423205,gate_up_full64_prebuilt,34,0.12422399967908859
case_002_real,gsm8k,early,real_route_replay,114,15,49,real,7.6,1,21,0.8658921178423205,gate_up_full64_prebuilt,35,0.12284799665212631
case_002_real,gsm8k,early,real_route_replay,114,15,49,real,7.6,1,21,0.8658921178423205,gate_up_full64_prebuilt,36,0.12163200229406357
case_002_real,gsm8k,early,real_route_replay,114,15,49,real,7.6,1,21,0.8658921178423205,gate_up_full64_prebuilt,37,0.12332800030708313
case_002_real,gsm8k,early,real_route_replay,114,15,49,real,7.6,1,21,0.8658921178423205,gate_up_full64_prebuilt,38,0.12803199887275696
case_002_real,gsm8k,early,real_route_replay,114,15,49,real,7.6,1,21,0.8658921178423205,gate_up_full64_prebuilt,39,0.12956799566745758
case_002_real,gsm8k,early,real_route_replay,114,15,49,real,7.6,1,21,0.8658921178423205,gate_up_active_prebuilt,0,0.12092799693346024
case_002_real,gsm8k,early,real_route_replay,114,15,49,real,7.6,1,21,0.8658921178423205,gate_up_active_prebuilt,1,0.11894399672746658
case_002_real,gsm8k,early,real_route_replay,114,15,49,real,7.6,1,21,0.8658921178423205,gate_up_active_prebuilt,2,0.1159679964184761
case_002_real,gsm8k,early,real_route_replay,114,15,49,real,7.6,1,21,0.8658921178423205,gate_up_active_prebuilt,3,0.11747200042009354
case_002_real,gsm8k,early,real_route_replay,114,15,49,real,7.6,1,21,0.8658921178423205,gate_up_active_prebuilt,4,0.11830399930477142
case_002_real,gsm8k,early,real_route_replay,114,15,49,real,7.6,1,21,0.8658921178423205,gate_up_active_prebuilt,5,0.11603199690580368
case_002_real,gsm8k,early,real_route_replay,114,15,49,real,7.6,1,21,0.8658921178423205,gate_up_active_prebuilt,6,0.11532799899578094
case_002_real,gsm8k,early,real_route_replay,114,15,49,real,7.6,1,21,0.8658921178423205,gate_up_active_prebuilt,7,0.11664000153541565
case_002_real,gsm8k,early,real_route_replay,114,15,49,real,7.6,1,21,0.8658921178423205,gate_up_active_prebuilt,8,0.11535999923944473
case_002_real,gsm8k,early,real_route_replay,114,15,49,real,7.6,1,21,0.8658921178423205,gate_up_active_prebuilt,9,0.11548800021409988
case_002_real,gsm8k,early,real_route_replay,114,15,49,real,7.6,1,21,0.8658921178423205,gate_up_active_prebuilt,10,0.11494400352239609
case_002_real,gsm8k,early,real_route_replay,114,15,49,real,7.6,1,21,0.8658921178423205,gate_up_active_prebuilt,11,0.11552000045776367
case_002_real,gsm8k,early,real_route_replay,114,15,49,real,7.6,1,21,0.8658921178423205,gate_up_active_prebuilt,12,0.11395200341939926
case_002_real,gsm8k,early,real_route_replay,114,15,49,real,7.6,1,21,0.8658921178423205,gate_up_active_prebuilt,13,0.11478400230407715
case_002_real,gsm8k,early,real_route_replay,114,15,49,real,7.6,1,21,0.8658921178423205,gate_up_active_prebuilt,14,0.11503999680280685
case_002_real,gsm8k,early,real_route_replay,114,15,49,real,7.6,1,21,0.8658921178423205,gate_up_active_prebuilt,15,0.11503999680280685
case_002_real,gsm8k,early,real_route_replay,114,15,49,real,7.6,1,21,0.8658921178423205,gate_up_active_prebuilt,16,0.11443199962377548
case_002_real,gsm8k,early,real_route_replay,114,15,49,real,7.6,1,21,0.8658921178423205,gate_up_active_prebuilt,17,0.11840000003576279
case_002_real,gsm8k,early,real_route_replay,114,15,49,real,7.6,1,21,0.8658921178423205,gate_up_active_prebuilt,18,0.11875200271606445
case_002_real,gsm8k,early,real_route_replay,114,15,49,real,7.6,1,21,0.8658921178423205,gate_up_active_prebuilt,19,0.11699199676513672
case_002_real,gsm8k,early,real_route_replay,114,15,49,real,7.6,1,21,0.8658921178423205,gate_up_active_prebuilt,20,0.11859200149774551
case_002_real,gsm8k,early,real_route_replay,114,15,49,real,7.6,1,21,0.8658921178423205,gate_up_active_prebuilt,21,0.1143679991364479
case_002_real,gsm8k,early,real_route_replay,114,15,49,real,7.6,1,21,0.8658921178423205,gate_up_active_prebuilt,22,0.11628799885511398
case_002_real,gsm8k,early,real_route_replay,114,15,49,real,7.6,1,21,0.8658921178423205,gate_up_active_prebuilt,23,0.1159679964184761
case_002_real,gsm8k,early,real_route_replay,114,15,49,real,7.6,1,21,0.8658921178423205,gate_up_active_prebuilt,24,0.1143999993801117
case_002_real,gsm8k,early,real_route_replay,114,15,49,real,7.6,1,21,0.8658921178423205,gate_up_active_prebuilt,25,0.11603199690580368
case_002_real,gsm8k,early,real_route_replay,114,15,49,real,7.6,1,21,0.8658921178423205,gate_up_active_prebuilt,26,0.11631999909877777
case_002_real,gsm8k,early,real_route_replay,114,15,49,real,7.6,1,21,0.8658921178423205,gate_up_active_prebuilt,27,0.11535999923944473
case_002_real,gsm8k,early,real_route_replay,114,15,49,real,7.6,1,21,0.8658921178423205,gate_up_active_prebuilt,28,0.11568000167608261
case_002_real,gsm8k,early,real_route_replay,114,15,49,real,7.6,1,21,0.8658921178423205,gate_up_active_prebuilt,29,0.11427199840545654
case_002_real,gsm8k,early,real_route_replay,114,15,49,real,7.6,1,21,0.8658921178423205,gate_up_active_prebuilt,30,0.11363200098276138
case_002_real,gsm8k,early,real_route_replay,114,15,49,real,7.6,1,21,0.8658921178423205,gate_up_active_prebuilt,31,0.11763200163841248
case_002_real,gsm8k,early,real_route_replay,114,15,49,real,7.6,1,21,0.8658921178423205,gate_up_active_prebuilt,32,0.11555200070142746
case_002_real,gsm8k,early,real_route_replay,114,15,49,real,7.6,1,21,0.8658921178423205,gate_up_active_prebuilt,33,0.1186240017414093
case_002_real,gsm8k,early,real_route_replay,114,15,49,real,7.6,1,21,0.8658921178423205,gate_up_active_prebuilt,34,0.11913599818944931
case_002_real,gsm8k,early,real_route_replay,114,15,49,real,7.6,1,21,0.8658921178423205,gate_up_active_prebuilt,35,0.11311999708414078
case_002_real,gsm8k,early,real_route_replay,114,15,49,real,7.6,1,21,0.8658921178423205,gate_up_active_prebuilt,36,0.11430399864912033
case_002_real,gsm8k,early,real_route_replay,114,15,49,real,7.6,1,21,0.8658921178423205,gate_up_active_prebuilt,37,0.11708799749612808
case_002_real,gsm8k,early,real_route_replay,114,15,49,real,7.6,1,21,0.8658921178423205,gate_up_active_prebuilt,38,0.11427199840545654
case_002_real,gsm8k,early,real_route_replay,114,15,49,real,7.6,1,21,0.8658921178423205,gate_up_active_prebuilt,39,0.11472000181674957
case_002_real,gsm8k,early,real_route_replay,114,15,49,real,7.6,1,21,0.8658921178423205,down_full64_prebuilt,0,0.08313599973917007
case_002_real,gsm8k,early,real_route_replay,114,15,49,real,7.6,1,21,0.8658921178423205,down_full64_prebuilt,1,0.08019199967384338
case_002_real,gsm8k,early,real_route_replay,114,15,49,real,7.6,1,21,0.8658921178423205,down_full64_prebuilt,2,0.08032000064849854
case_002_real,gsm8k,early,real_route_replay,114,15,49,real,7.6,1,21,0.8658921178423205,down_full64_prebuilt,3,0.08230400085449219
case_002_real,gsm8k,early,real_route_replay,114,15,49,real,7.6,1,21,0.8658921178423205,down_full64_prebuilt,4,0.08249600231647491
case_002_real,gsm8k,early,real_route_replay,114,15,49,real,7.6,1,21,0.8658921178423205,down_full64_prebuilt,5,0.08207999914884567
case_002_real,gsm8k,early,real_route_replay,114,15,49,real,7.6,1,21,0.8658921178423205,down_full64_prebuilt,6,0.08054400235414505
case_002_real,gsm8k,early,real_route_replay,114,15,49,real,7.6,1,21,0.8658921178423205,down_full64_prebuilt,7,0.08134400099515915
case_002_real,gsm8k,early,real_route_replay,114,15,49,real,7.6,1,21,0.8658921178423205,down_full64_prebuilt,8,0.08038400113582611
case_002_real,gsm8k,early,real_route_replay,114,15,49,real,7.6,1,21,0.8658921178423205,down_full64_prebuilt,9,0.08086399734020233
case_002_real,gsm8k,early,real_route_replay,114,15,49,real,7.6,1,21,0.8658921178423205,down_full64_prebuilt,10,0.07955200225114822
case_002_real,gsm8k,early,real_route_replay,114,15,49,real,7.6,1,21,0.8658921178423205,down_full64_prebuilt,11,0.07923199981451035
case_002_real,gsm8k,early,real_route_replay,114,15,49,real,7.6,1,21,0.8658921178423205,down_full64_prebuilt,12,0.08099199831485748
case_002_real,gsm8k,early,real_route_replay,114,15,49,real,7.6,1,21,0.8658921178423205,down_full64_prebuilt,13,0.08092799782752991
case_002_real,gsm8k,early,real_route_replay,114,15,49,real,7.6,1,21,0.8658921178423205,down_full64_prebuilt,14,0.07974400371313095
case_002_real,gsm8k,early,real_route_replay,114,15,49,real,7.6,1,21,0.8658921178423205,down_full64_prebuilt,15,0.08073599636554718
case_002_real,gsm8k,early,real_route_replay,114,15,49,real,7.6,1,21,0.8658921178423205,down_full64_prebuilt,16,0.07865600287914276
case_002_real,gsm8k,early,real_route_replay,114,15,49,real,7.6,1,21,0.8658921178423205,down_full64_prebuilt,17,0.07929600030183792
case_002_real,gsm8k,early,real_route_replay,114,15,49,real,7.6,1,21,0.8658921178423205,down_full64_prebuilt,18,0.0801599994301796
case_002_real,gsm8k,early,real_route_replay,114,15,49,real,7.6,1,21,0.8658921178423205,down_full64_prebuilt,19,0.08019199967384338
case_002_real,gsm8k,early,real_route_replay,114,15,49,real,7.6,1,21,0.8658921178423205,down_full64_prebuilt,20,0.07999999821186066
case_002_real,gsm8k,early,real_route_replay,114,15,49,real,7.6,1,21,0.8658921178423205,down_full64_prebuilt,21,0.08259200304746628
case_002_real,gsm8k,early,real_route_replay,114,15,49,real,7.6,1,21,0.8658921178423205,down_full64_prebuilt,22,0.08271999657154083
case_002_real,gsm8k,early,real_route_replay,114,15,49,real,7.6,1,21,0.8658921178423205,down_full64_prebuilt,23,0.08303999900817871
case_002_real,gsm8k,early,real_route_replay,114,15,49,real,7.6,1,21,0.8658921178423205,down_full64_prebuilt,24,0.07814399898052216
case_002_real,gsm8k,early,real_route_replay,114,15,49,real,7.6,1,21,0.8658921178423205,down_full64_prebuilt,25,0.08006399869918823
case_002_real,gsm8k,early,real_route_replay,114,15,49,real,7.6,1,21,0.8658921178423205,down_full64_prebuilt,26,0.08188799768686295
case_002_real,gsm8k,early,real_route_replay,114,15,49,real,7.6,1,21,0.8658921178423205,down_full64_prebuilt,27,0.08419200032949448
case_002_real,gsm8k,early,real_route_replay,114,15,49,real,7.6,1,21,0.8658921178423205,down_full64_prebuilt,28,0.08028800040483475
case_002_real,gsm8k,early,real_route_replay,114,15,49,real,7.6,1,21,0.8658921178423205,down_full64_prebuilt,29,0.08352000266313553
case_002_real,gsm8k,early,real_route_replay,114,15,49,real,7.6,1,21,0.8658921178423205,down_full64_prebuilt,30,0.08383999764919281
case_002_real,gsm8k,early,real_route_replay,114,15,49,real,7.6,1,21,0.8658921178423205,down_full64_prebuilt,31,0.08211199939250946
case_002_real,gsm8k,early,real_route_replay,114,15,49,real,7.6,1,21,0.8658921178423205,down_full64_prebuilt,32,0.08668799698352814
case_002_real,gsm8k,early,real_route_replay,114,15,49,real,7.6,1,21,0.8658921178423205,down_full64_prebuilt,33,0.08636800199747086
case_002_real,gsm8k,early,real_route_replay,114,15,49,real,7.6,1,21,0.8658921178423205,down_full64_prebuilt,34,0.08844800293445587
case_002_real,gsm8k,early,real_route_replay,114,15,49,real,7.6,1,21,0.8658921178423205,down_full64_prebuilt,35,0.08803199976682663
case_002_real,gsm8k,early,real_route_replay,114,15,49,real,7.6,1,21,0.8658921178423205,down_full64_prebuilt,36,0.08806400001049042
case_002_real,gsm8k,early,real_route_replay,114,15,49,real,7.6,1,21,0.8658921178423205,down_full64_prebuilt,37,0.08649600297212601
case_002_real,gsm8k,early,real_route_replay,114,15,49,real,7.6,1,21,0.8658921178423205,down_full64_prebuilt,38,0.08771199733018875
case_002_real,gsm8k,early,real_route_replay,114,15,49,real,7.6,1,21,0.8658921178423205,down_full64_prebuilt,39,0.08694399893283844
case_003_real,gsm8k,early,real_route_replay,922,35,29,real,26.34285714285714,1,237,1.57649172405167,gate_up_full64_prebuilt,0,0.26211199164390564
case_003_real,gsm8k,early,real_route_replay,922,35,29,real,26.34285714285714,1,237,1.57649172405167,gate_up_full64_prebuilt,1,0.258976012468338
case_003_real,gsm8k,early,real_route_replay,922,35,29,real,26.34285714285714,1,237,1.57649172405167,gate_up_full64_prebuilt,2,0.2518399953842163
case_003_real,gsm8k,early,real_route_replay,922,35,29,real,26.34285714285714,1,237,1.57649172405167,gate_up_full64_prebuilt,3,0.25603199005126953
case_003_real,gsm8k,early,real_route_replay,922,35,29,real,26.34285714285714,1,237,1.57649172405167,gate_up_full64_prebuilt,4,0.249439999461174
case_003_real,gsm8k,early,real_route_replay,922,35,29,real,26.34285714285714,1,237,1.57649172405167,gate_up_full64_prebuilt,5,0.2529279887676239
case_003_real,gsm8k,early,real_route_replay,922,35,29,real,26.34285714285714,1,237,1.57649172405167,gate_up_full64_prebuilt,6,0.25279998779296875
case_003_real,gsm8k,early,real_route_replay,922,35,29,real,26.34285714285714,1,237,1.57649172405167,gate_up_full64_prebuilt,7,0.24687999486923218
case_003_real,gsm8k,early,real_route_replay,922,35,29,real,26.34285714285714,1,237,1.57649172405167,gate_up_full64_prebuilt,8,0.24534399807453156
case_003_real,gsm8k,early,real_route_replay,922,35,29,real,26.34285714285714,1,237,1.57649172405167,gate_up_full64_prebuilt,9,0.2404160052537918
case_003_real,gsm8k,early,real_route_replay,922,35,29,real,26.34285714285714,1,237,1.57649172405167,gate_up_full64_prebuilt,10,0.24115200340747833
case_003_real,gsm8k,early,real_route_replay,922,35,29,real,26.34285714285714,1,237,1.57649172405167,gate_up_full64_prebuilt,11,0.24371199309825897
case_003_real,gsm8k,early,real_route_replay,922,35,29,real,26.34285714285714,1,237,1.57649172405167,gate_up_full64_prebuilt,12,0.2436479926109314
case_003_real,gsm8k,early,real_route_replay,922,35,29,real,26.34285714285714,1,237,1.57649172405167,gate_up_full64_prebuilt,13,0.24156799912452698
case_003_real,gsm8k,early,real_route_replay,922,35,29,real,26.34285714285714,1,237,1.57649172405167,gate_up_full64_prebuilt,14,0.23731200397014618
case_003_real,gsm8k,early,real_route_replay,922,35,29,real,26.34285714285714,1,237,1.57649172405167,gate_up_full64_prebuilt,15,0.2425599992275238
case_003_real,gsm8k,early,real_route_replay,922,35,29,real,26.34285714285714,1,237,1.57649172405167,gate_up_full64_prebuilt,16,0.24089600145816803
case_003_real,gsm8k,early,real_route_replay,922,35,29,real,26.34285714285714,1,237,1.57649172405167,gate_up_full64_prebuilt,17,0.2388480007648468
case_003_real,gsm8k,early,real_route_replay,922,35,29,real,26.34285714285714,1,237,1.57649172405167,gate_up_full64_prebuilt,18,0.24137599766254425
case_003_real,gsm8k,early,real_route_replay,922,35,29,real,26.34285714285714,1,237,1.57649172405167,gate_up_full64_prebuilt,19,0.24028800427913666
case_003_real,gsm8k,early,real_route_replay,922,35,29,real,26.34285714285714,1,237,1.57649172405167,gate_up_full64_prebuilt,20,0.24764800071716309
case_003_real,gsm8k,early,real_route_replay,922,35,29,real,26.34285714285714,1,237,1.57649172405167,gate_up_full64_prebuilt,21,0.24771200120449066
case_003_real,gsm8k,early,real_route_replay,922,35,29,real,26.34285714285714,1,237,1.57649172405167,gate_up_full64_prebuilt,22,0.2597759962081909
case_003_real,gsm8k,early,real_route_replay,922,35,29,real,26.34285714285714,1,237,1.57649172405167,gate_up_full64_prebuilt,23,0.25334399938583374
case_003_real,gsm8k,early,real_route_replay,922,35,29,real,26.34285714285714,1,237,1.57649172405167,gate_up_full64_prebuilt,24,0.2561280131340027
case_003_real,gsm8k,early,real_route_replay,922,35,29,real,26.34285714285714,1,237,1.57649172405167,gate_up_full64_prebuilt,25,0.25571200251579285
case_003_real,gsm8k,early,real_route_replay,922,35,29,real,26.34285714285714,1,237,1.57649172405167,gate_up_full64_prebuilt,26,0.24544000625610352
case_003_real,gsm8k,early,real_route_replay,922,35,29,real,26.34285714285714,1,237,1.57649172405167,gate_up_full64_prebuilt,27,0.24432000517845154
case_003_real,gsm8k,early,real_route_replay,922,35,29,real,26.34285714285714,1,237,1.57649172405167,gate_up_full64_prebuilt,28,0.2401600033044815
case_003_real,gsm8k,early,real_route_replay,922,35,29,real,26.34285714285714,1,237,1.57649172405167,gate_up_full64_prebuilt,29,0.24265600740909576
case_003_real,gsm8k,early,real_route_replay,922,35,29,real,26.34285714285714,1,237,1.57649172405167,gate_up_full64_prebuilt,30,0.24137599766254425
case_003_real,gsm8k,early,real_route_replay,922,35,29,real,26.34285714285714,1,237,1.57649172405167,gate_up_full64_prebuilt,31,0.24057599902153015
case_003_real,gsm8k,early,real_route_replay,922,35,29,real,26.34285714285714,1,237,1.57649172405167,gate_up_full64_prebuilt,32,0.24188800156116486
case_003_real,gsm8k,early,real_route_replay,922,35,29,real,26.34285714285714,1,237,1.57649172405167,gate_up_full64_prebuilt,33,0.24188800156116486
case_003_real,gsm8k,early,real_route_replay,922,35,29,real,26.34285714285714,1,237,1.57649172405167,gate_up_full64_prebuilt,34,0.25331199169158936
case_003_real,gsm8k,early,real_route_replay,922,35,29,real,26.34285714285714,1,237,1.57649172405167,gate_up_full64_prebuilt,35,0.24137599766254425
case_003_real,gsm8k,early,real_route_replay,922,35,29,real,26.34285714285714,1,237,1.57649172405167,gate_up_full64_prebuilt,36,0.23904000222682953
case_003_real,gsm8k,early,real_route_replay,922,35,29,real,26.34285714285714,1,237,1.57649172405167,gate_up_full64_prebuilt,37,0.24134400486946106
case_003_real,gsm8k,early,real_route_replay,922,35,29,real,26.34285714285714,1,237,1.57649172405167,gate_up_full64_prebuilt,38,0.24201600253582
case_003_real,gsm8k,early,real_route_replay,922,35,29,real,26.34285714285714,1,237,1.57649172405167,gate_up_full64_prebuilt,39,0.2417600005865097
case_003_real,gsm8k,early,real_route_replay,922,35,29,real,26.34285714285714,1,237,1.57649172405167,swiglu,0,0.033984001725912094
case_003_real,gsm8k,early,real_route_replay,922,35,29,real,26.34285714285714,1,237,1.57649172405167,swiglu,1,0.039712000638246536
case_003_real,gsm8k,early,real_route_replay,922,35,29,real,26.34285714285714,1,237,1.57649172405167,swiglu,2,0.04467200115323067
case_003_real,gsm8k,early,real_route_replay,922,35,29,real,26.34285714285714,1,237,1.57649172405167,swiglu,3,0.0272000003606081
case_003_real,gsm8k,early,real_route_replay,922,35,29,real,26.34285714285714,1,237,1.57649172405167,swiglu,4,0.02521600015461445
case_003_real,gsm8k,early,real_route_replay,922,35,29,real,26.34285714285714,1,237,1.57649172405167,swiglu,5,0.023264000192284584
case_003_real,gsm8k,early,real_route_replay,922,35,29,real,26.34285714285714,1,237,1.57649172405167,swiglu,6,0.023711999878287315
case_003_real,gsm8k,early,real_route_replay,922,35,29,real,26.34285714285714,1,237,1.57649172405167,swiglu,7,0.02163200080394745
case_003_real,gsm8k,early,real_route_replay,922,35,29,real,26.34285714285714,1,237,1.57649172405167,swiglu,8,0.021215999498963356
case_003_real,gsm8k,early,real_route_replay,922,35,29,real,26.34285714285714,1,237,1.57649172405167,swiglu,9,0.020447999238967896
case_003_real,gsm8k,early,real_route_replay,922,35,29,real,26.34285714285714,1,237,1.57649172405167,swiglu,10,0.020320000126957893
case_003_real,gsm8k,early,real_route_replay,922,35,29,real,26.34285714285714,1,237,1.57649172405167,swiglu,11,0.02112000063061714
case_003_real,gsm8k,early,real_route_replay,922,35,29,real,26.34285714285714,1,237,1.57649172405167,swiglu,12,0.02054399996995926
case_003_real,gsm8k,early,real_route_replay,922,35,29,real,26.34285714285714,1,237,1.57649172405167,swiglu,13,0.022655999287962914
case_003_real,gsm8k,early,real_route_replay,922,35,29,real,26.34285714285714,1,237,1.57649172405167,swiglu,14,0.02054399996995926
case_003_real,gsm8k,early,real_route_replay,922,35,29,real,26.34285714285714,1,237,1.57649172405167,swiglu,15,0.020735999569296837
case_003_real,gsm8k,early,real_route_replay,922,35,29,real,26.34285714285714,1,237,1.57649172405167,swiglu,16,0.02147199958562851
case_003_real,gsm8k,early,real_route_replay,922,35,29,real,26.34285714285714,1,237,1.57649172405167,swiglu,17,0.02051199972629547
case_003_real,gsm8k,early,real_route_replay,922,35,29,real,26.34285714285714,1,237,1.57649172405167,swiglu,18,0.021183999255299568
case_003_real,gsm8k,early,real_route_replay,922,35,29,real,26.34285714285714,1,237,1.57649172405167,swiglu,19,0.02195199951529503
case_003_real,gsm8k,early,real_route_replay,922,35,29,real,26.34285714285714,1,237,1.57649172405167,swiglu,20,0.024159999564290047
case_003_real,gsm8k,early,real_route_replay,922,35,29,real,26.34285714285714,1,237,1.57649172405167,swiglu,21,0.02703999914228916
case_003_real,gsm8k,early,real_route_replay,922,35,29,real,26.34285714285714,1,237,1.57649172405167,swiglu,22,0.022431999444961548
case_003_real,gsm8k,early,real_route_replay,922,35,29,real,26.34285714285714,1,237,1.57649172405167,swiglu,23,0.019967999309301376
case_003_real,gsm8k,early,real_route_replay,922,35,29,real,26.34285714285714,1,237,1.57649172405167,swiglu,24,0.020287999883294106
case_003_real,gsm8k,early,real_route_replay,922,35,29,real,26.34285714285714,1,237,1.57649172405167,swiglu,25,0.022463999688625336
case_003_real,gsm8k,early,real_route_replay,922,35,29,real,26.34285714285714,1,237,1.57649172405167,swiglu,26,0.02112000063061714
case_003_real,gsm8k,early,real_route_replay,922,35,29,real,26.34285714285714,1,237,1.57649172405167,swiglu,27,0.020608000457286835
case_003_real,gsm8k,early,real_route_replay,922,35,29,real,26.34285714285714,1,237,1.57649172405167,swiglu,28,0.03625600039958954
case_003_real,gsm8k,early,real_route_replay,922,35,29,real,26.34285714285714,1,237,1.57649172405167,swiglu,29,0.0226879995316267
case_003_real,gsm8k,early,real_route_replay,922,35,29,real,26.34285714285714,1,237,1.57649172405167,swiglu,30,0.021663999184966087
case_003_real,gsm8k,early,real_route_replay,922,35,29,real,26.34285714285714,1,237,1.57649172405167,swiglu,31,0.02099199965596199
case_003_real,gsm8k,early,real_route_replay,922,35,29,real,26.34285714285714,1,237,1.57649172405167,swiglu,32,0.021247999742627144
case_003_real,gsm8k,early,real_route_replay,922,35,29,real,26.34285714285714,1,237,1.57649172405167,swiglu,33,0.0208320003002882
case_003_real,gsm8k,early,real_route_replay,922,35,29,real,26.34285714285714,1,237,1.57649172405167,swiglu,34,0.019967999309301376
case_003_real,gsm8k,early,real_route_replay,922,35,29,real,26.34285714285714,1,237,1.57649172405167,swiglu,35,0.022911999374628067
case_003_real,gsm8k,early,real_route_replay,922,35,29,real,26.34285714285714,1,237,1.57649172405167,swiglu,36,0.021856000646948814
case_003_real,gsm8k,early,real_route_replay,922,35,29,real,26.34285714285714,1,237,1.57649172405167,swiglu,37,0.023871999233961105
case_003_real,gsm8k,early,real_route_replay,922,35,29,real,26.34285714285714,1,237,1.57649172405167,swiglu,38,0.02070399932563305
case_003_real,gsm8k,early,real_route_replay,922,35,29,real,26.34285714285714,1,237,1.57649172405167,swiglu,39,0.02022399939596653
case_003_real,gsm8k,early,real_route_replay,922,35,29,real,26.34285714285714,1,237,1.57649172405167,route_weight,0,0.022911999374628067
case_003_real,gsm8k,early,real_route_replay,922,35,29,real,26.34285714285714,1,237,1.57649172405167,route_weight,1,0.018464000895619392
case_003_real,gsm8k,early,real_route_replay,922,35,29,real,26.34285714285714,1,237,1.57649172405167,route_weight,2,0.0191040001809597
case_003_real,gsm8k,early,real_route_replay,922,35,29,real,26.34285714285714,1,237,1.57649172405167,route_weight,3,0.018079999834299088
case_003_real,gsm8k,early,real_route_replay,922,35,29,real,26.34285714285714,1,237,1.57649172405167,route_weight,4,0.019200000911951065
case_003_real,gsm8k,early,real_route_replay,922,35,29,real,26.34285714285714,1,237,1.57649172405167,route_weight,5,0.018079999834299088
case_003_real,gsm8k,early,real_route_replay,922,35,29,real,26.34285714285714,1,237,1.57649172405167,route_weight,6,0.017855999991297722
case_003_real,gsm8k,early,real_route_replay,922,35,29,real,26.34285714285714,1,237,1.57649172405167,route_weight,7,0.018112000077962875
case_003_real,gsm8k,early,real_route_replay,922,35,29,real,26.34285714285714,1,237,1.57649172405167,route_weight,8,0.018880000337958336
case_003_real,gsm8k,early,real_route_replay,922,35,29,real,26.34285714285714,1,237,1.57649172405167,route_weight,9,0.019840000197291374
case_003_real,gsm8k,early,real_route_replay,922,35,29,real,26.34285714285714,1,237,1.57649172405167,route_weight,10,0.019999999552965164
case_003_real,gsm8k,early,real_route_replay,922,35,29,real,26.34285714285714,1,237,1.57649172405167,route_weight,11,0.019200000911951065
case_003_real,gsm8k,early,real_route_replay,922,35,29,real,26.34285714285714,1,237,1.57649172405167,route_weight,12,0.019680000841617584
case_003_real,gsm8k,early,real_route_replay,922,35,29,real,26.34285714285714,1,237,1.57649172405167,route_weight,13,0.017983999103307724
case_003_real,gsm8k,early,real_route_replay,922,35,29,real,26.34285714285714,1,237,1.57649172405167,route_weight,14,0.01759999990463257
case_003_real,gsm8k,early,real_route_replay,922,35,29,real,26.34285714285714,1,237,1.57649172405167,route_weight,15,0.017503999173641205
case_003_real,gsm8k,early,real_route_replay,922,35,29,real,26.34285714285714,1,237,1.57649172405167,route_weight,16,0.017503999173641205
case_003_real,gsm8k,early,real_route_replay,922,35,29,real,26.34285714285714,1,237,1.57649172405167,route_weight,17,0.01788800023496151
case_003_real,gsm8k,early,real_route_replay,922,35,29,real,26.34285714285714,1,237,1.57649172405167,route_weight,18,0.01724799908697605
case_003_real,gsm8k,early,real_route_replay,922,35,29,real,26.34285714285714,1,237,1.57649172405167,route_weight,19,0.016767999157309532
case_003_real,gsm8k,early,real_route_replay,922,35,29,real,26.34285714285714,1,237,1.57649172405167,route_weight,20,0.018015999346971512
case_003_real,gsm8k,early,real_route_replay,922,35,29,real,26.34285714285714,1,237,1.57649172405167,route_weight,21,0.020896000787615776
case_003_real,gsm8k,early,real_route_replay,922,35,29,real,26.34285714285714,1,237,1.57649172405167,route_weight,22,0.0191040001809597
case_003_real,gsm8k,early,real_route_replay,922,35,29,real,26.34285714285714,1,237,1.57649172405167,route_weight,23,0.018303999677300453
case_003_real,gsm8k,early,real_route_replay,922,35,29,real,26.34285714285714,1,237,1.57649172405167,route_weight,24,0.017632000148296356
case_003_real,gsm8k,early,real_route_replay,922,35,29,real,26.34285714285714,1,237,1.57649172405167,route_weight,25,0.01756799966096878
case_003_real,gsm8k,early,real_route_replay,922,35,29,real,26.34285714285714,1,237,1.57649172405167,route_weight,26,0.017376000061631203
case_003_real,gsm8k,early,real_route_replay,922,35,29,real,26.34285714285714,1,237,1.57649172405167,route_weight,27,0.01961600035429001
case_003_real,gsm8k,early,real_route_replay,922,35,29,real,26.34285714285714,1,237,1.57649172405167,route_weight,28,0.021183999255299568
case_003_real,gsm8k,early,real_route_replay,922,35,29,real,26.34285714285714,1,237,1.57649172405167,route_weight,29,0.0191040001809597
case_003_real,gsm8k,early,real_route_replay,922,35,29,real,26.34285714285714,1,237,1.57649172405167,route_weight,30,0.019936000928282738
case_003_real,gsm8k,early,real_route_replay,922,35,29,real,26.34285714285714,1,237,1.57649172405167,route_weight,31,0.017791999503970146
case_003_real,gsm8k,early,real_route_replay,922,35,29,real,26.34285714285714,1,237,1.57649172405167,route_weight,32,0.017920000478625298
case_003_real,gsm8k,early,real_route_replay,922,35,29,real,26.34285714285714,1,237,1.57649172405167,route_weight,33,0.029888000339269638
case_003_real,gsm8k,early,real_route_replay,922,35,29,real,26.34285714285714,1,237,1.57649172405167,route_weight,34,0.01833599992096424
case_003_real,gsm8k,early,real_route_replay,922,35,29,real,26.34285714285714,1,237,1.57649172405167,route_weight,35,0.017855999991297722
case_003_real,gsm8k,early,real_route_replay,922,35,29,real,26.34285714285714,1,237,1.57649172405167,route_weight,36,0.017920000478625298
case_003_real,gsm8k,early,real_route_replay,922,35,29,real,26.34285714285714,1,237,1.57649172405167,route_weight,37,0.019999999552965164
case_003_real,gsm8k,early,real_route_replay,922,35,29,real,26.34285714285714,1,237,1.57649172405167,route_weight,38,0.018239999189972878
case_003_real,gsm8k,early,real_route_replay,922,35,29,real,26.34285714285714,1,237,1.57649172405167,route_weight,39,0.01836800016462803
case_003_real,gsm8k,early,real_route_replay,922,35,29,real,26.34285714285714,1,237,1.57649172405167,down_active_prebuilt,0,0.16758400201797485
case_003_real,gsm8k,early,real_route_replay,922,35,29,real,26.34285714285714,1,237,1.57649172405167,down_active_prebuilt,1,0.15225599706172943
case_003_real,gsm8k,early,real_route_replay,922,35,29,real,26.34285714285714,1,237,1.57649172405167,down_active_prebuilt,2,0.15705600380897522
case_003_real,gsm8k,early,real_route_replay,922,35,29,real,26.34285714285714,1,237,1.57649172405167,down_active_prebuilt,3,0.1562879979610443
case_003_real,gsm8k,early,real_route_replay,922,35,29,real,26.34285714285714,1,237,1.57649172405167,down_active_prebuilt,4,0.1547199934720993
case_003_real,gsm8k,early,real_route_replay,922,35,29,real,26.34285714285714,1,237,1.57649172405167,down_active_prebuilt,5,0.15385599434375763
case_003_real,gsm8k,early,real_route_replay,922,35,29,real,26.34285714285714,1,237,1.57649172405167,down_active_prebuilt,6,0.15680000185966492
case_003_real,gsm8k,early,real_route_replay,922,35,29,real,26.34285714285714,1,237,1.57649172405167,down_active_prebuilt,7,0.15644800662994385
case_003_real,gsm8k,early,real_route_replay,922,35,29,real,26.34285714285714,1,237,1.57649172405167,down_active_prebuilt,8,0.15347200632095337
case_003_real,gsm8k,early,real_route_replay,922,35,29,real,26.34285714285714,1,237,1.57649172405167,down_active_prebuilt,9,0.1539520025253296
case_003_real,gsm8k,early,real_route_replay,922,35,29,real,26.34285714285714,1,237,1.57649172405167,down_active_prebuilt,10,0.15331199765205383
case_003_real,gsm8k,early,real_route_replay,922,35,29,real,26.34285714285714,1,237,1.57649172405167,down_active_prebuilt,11,0.15430399775505066
case_003_real,gsm8k,early,real_route_replay,922,35,29,real,26.34285714285714,1,237,1.57649172405167,down_active_prebuilt,12,0.1531520038843155
case_003_real,gsm8k,early,real_route_replay,922,35,29,real,26.34285714285714,1,237,1.57649172405167,down_active_prebuilt,13,0.15222400426864624
case_003_real,gsm8k,early,real_route_replay,922,35,29,real,26.34285714285714,1,237,1.57649172405167,down_active_prebuilt,14,0.15638400614261627
case_003_real,gsm8k,early,real_route_replay,922,35,29,real,26.34285714285714,1,237,1.57649172405167,down_active_prebuilt,15,0.15507200360298157
case_003_real,gsm8k,early,real_route_replay,922,35,29,real,26.34285714285714,1,237,1.57649172405167,down_active_prebuilt,16,0.1581760048866272
case_003_real,gsm8k,early,real_route_replay,922,35,29,real,26.34285714285714,1,237,1.57649172405167,down_active_prebuilt,17,0.1531520038843155
case_003_real,gsm8k,early,real_route_replay,922,35,29,real,26.34285714285714,1,237,1.57649172405167,down_active_prebuilt,18,0.15241600573062897
case_003_real,gsm8k,early,real_route_replay,922,35,29,real,26.34285714285714,1,237,1.57649172405167,down_active_prebuilt,19,0.15052799880504608
case_003_real,gsm8k,early,real_route_replay,922,35,29,real,26.34285714285714,1,237,1.57649172405167,down_active_prebuilt,20,0.15564799308776855
case_003_real,gsm8k,early,real_route_replay,922,35,29,real,26.34285714285714,1,237,1.57649172405167,down_active_prebuilt,21,0.1528960019350052
case_003_real,gsm8k,early,real_route_replay,922,35,29,real,26.34285714285714,1,237,1.57649172405167,down_active_prebuilt,22,0.15321600437164307
case_003_real,gsm8k,early,real_route_replay,922,35,29,real,26.34285714285714,1,237,1.57649172405167,down_active_prebuilt,23,0.15225599706172943
case_003_real,gsm8k,early,real_route_replay,922,35,29,real,26.34285714285714,1,237,1.57649172405167,down_active_prebuilt,24,0.1536320000886917
case_003_real,gsm8k,early,real_route_replay,922,35,29,real,26.34285714285714,1,237,1.57649172405167,down_active_prebuilt,25,0.15222400426864624
case_003_real,gsm8k,early,real_route_replay,922,35,29,real,26.34285714285714,1,237,1.57649172405167,down_active_prebuilt,26,0.15503999590873718
case_003_real,gsm8k,early,real_route_replay,922,35,29,real,26.34285714285714,1,237,1.57649172405167,down_active_prebuilt,27,0.15263999998569489
case_003_real,gsm8k,early,real_route_replay,922,35,29,real,26.34285714285714,1,237,1.57649172405167,down_active_prebuilt,28,0.15238399803638458
case_003_real,gsm8k,early,real_route_replay,922,35,29,real,26.34285714285714,1,237,1.57649172405167,down_active_prebuilt,29,0.15167999267578125
case_003_real,gsm8k,early,real_route_replay,922,35,29,real,26.34285714285714,1,237,1.57649172405167,down_active_prebuilt,30,0.1536639928817749
case_003_real,gsm8k,early,real_route_replay,922,35,29,real,26.34285714285714,1,237,1.57649172405167,down_active_prebuilt,31,0.15238399803638458
case_003_real,gsm8k,early,real_route_replay,922,35,29,real,26.34285714285714,1,237,1.57649172405167,down_active_prebuilt,32,0.1560640037059784
case_003_real,gsm8k,early,real_route_replay,922,35,29,real,26.34285714285714,1,237,1.57649172405167,down_active_prebuilt,33,0.1525759994983673
case_003_real,gsm8k,early,real_route_replay,922,35,29,real,26.34285714285714,1,237,1.57649172405167,down_active_prebuilt,34,0.15801599621772766
case_003_real,gsm8k,early,real_route_replay,922,35,29,real,26.34285714285714,1,237,1.57649172405167,down_active_prebuilt,35,0.15459200739860535
case_003_real,gsm8k,early,real_route_replay,922,35,29,real,26.34285714285714,1,237,1.57649172405167,down_active_prebuilt,36,0.15279999375343323
case_003_real,gsm8k,early,real_route_replay,922,35,29,real,26.34285714285714,1,237,1.57649172405167,down_active_prebuilt,37,0.15270400047302246
case_003_real,gsm8k,early,real_route_replay,922,35,29,real,26.34285714285714,1,237,1.57649172405167,down_active_prebuilt,38,0.16067199409008026
case_003_real,gsm8k,early,real_route_replay,922,35,29,real,26.34285714285714,1,237,1.57649172405167,down_active_prebuilt,39,0.15651200711727142
case_003_real,gsm8k,early,real_route_replay,922,35,29,real,26.34285714285714,1,237,1.57649172405167,down_full64_prebuilt,0,0.156031996011734
case_003_real,gsm8k,early,real_route_replay,922,35,29,real,26.34285714285714,1,237,1.57649172405167,down_full64_prebuilt,1,0.15279999375343323
case_003_real,gsm8k,early,real_route_replay,922,35,29,real,26.34285714285714,1,237,1.57649172405167,down_full64_prebuilt,2,0.15427200496196747
case_003_real,gsm8k,early,real_route_replay,922,35,29,real,26.34285714285714,1,237,1.57649172405167,down_full64_prebuilt,3,0.15699200332164764
case_003_real,gsm8k,early,real_route_replay,922,35,29,real,26.34285714285714,1,237,1.57649172405167,down_full64_prebuilt,4,0.1547520011663437
case_003_real,gsm8k,early,real_route_replay,922,35,29,real,26.34285714285714,1,237,1.57649172405167,down_full64_prebuilt,5,0.15654399991035461
case_003_real,gsm8k,early,real_route_replay,922,35,29,real,26.34285714285714,1,237,1.57649172405167,down_full64_prebuilt,6,0.15561600029468536
case_003_real,gsm8k,early,real_route_replay,922,35,29,real,26.34285714285714,1,237,1.57649172405167,down_full64_prebuilt,7,0.15574400126934052
case_003_real,gsm8k,early,real_route_replay,922,35,29,real,26.34285714285714,1,237,1.57649172405167,down_full64_prebuilt,8,0.15379199385643005
case_003_real,gsm8k,early,real_route_replay,922,35,29,real,26.34285714285714,1,237,1.57649172405167,down_full64_prebuilt,9,0.156031996011734
case_003_real,gsm8k,early,real_route_replay,922,35,29,real,26.34285714285714,1,237,1.57649172405167,down_full64_prebuilt,10,0.1536320000886917
case_003_real,gsm8k,early,real_route_replay,922,35,29,real,26.34285714285714,1,237,1.57649172405167,down_full64_prebuilt,11,0.15324799716472626
case_003_real,gsm8k,early,real_route_replay,922,35,29,real,26.34285714285714,1,237,1.57649172405167,down_full64_prebuilt,12,0.1555519998073578
case_003_real,gsm8k,early,real_route_replay,922,35,29,real,26.34285714285714,1,237,1.57649172405167,down_full64_prebuilt,13,0.1536960005760193
case_003_real,gsm8k,early,real_route_replay,922,35,29,real,26.34285714285714,1,237,1.57649172405167,down_full64_prebuilt,14,0.15455999970436096
case_003_real,gsm8k,early,real_route_replay,922,35,29,real,26.34285714285714,1,237,1.57649172405167,down_full64_prebuilt,15,0.15343999862670898
case_003_real,gsm8k,early,real_route_replay,922,35,29,real,26.34285714285714,1,237,1.57649172405167,down_full64_prebuilt,16,0.15465599298477173
case_003_real,gsm8k,early,real_route_replay,922,35,29,real,26.34285714285714,1,237,1.57649172405167,down_full64_prebuilt,17,0.15161600708961487
case_003_real,gsm8k,early,real_route_replay,922,35,29,real,26.34285714285714,1,237,1.57649172405167,down_full64_prebuilt,18,0.15411199629306793
case_003_real,gsm8k,early,real_route_replay,922,35,29,real,26.34285714285714,1,237,1.57649172405167,down_full64_prebuilt,19,0.15539200603961945
case_003_real,gsm8k,early,real_route_replay,922,35,29,real,26.34285714285714,1,237,1.57649172405167,down_full64_prebuilt,20,0.1558080017566681
case_003_real,gsm8k,early,real_route_replay,922,35,29,real,26.34285714285714,1,237,1.57649172405167,down_full64_prebuilt,21,0.1536960005760193
case_003_real,gsm8k,early,real_route_replay,922,35,29,real,26.34285714285714,1,237,1.57649172405167,down_full64_prebuilt,22,0.15376000106334686
case_003_real,gsm8k,early,real_route_replay,922,35,29,real,26.34285714285714,1,237,1.57649172405167,down_full64_prebuilt,23,0.15356799960136414
case_003_real,gsm8k,early,real_route_replay,922,35,29,real,26.34285714285714,1,237,1.57649172405167,down_full64_prebuilt,24,0.15372799336910248
case_003_real,gsm8k,early,real_route_replay,922,35,29,real,26.34285714285714,1,237,1.57649172405167,down_full64_prebuilt,25,0.15939199924468994
case_003_real,gsm8k,early,real_route_replay,922,35,29,real,26.34285714285714,1,237,1.57649172405167,down_full64_prebuilt,26,0.15398399531841278
case_003_real,gsm8k,early,real_route_replay,922,35,29,real,26.34285714285714,1,237,1.57649172405167,down_full64_prebuilt,27,0.15308800339698792
case_003_real,gsm8k,early,real_route_replay,922,35,29,real,26.34285714285714,1,237,1.57649172405167,down_full64_prebuilt,28,0.15379199385643005
case_003_real,gsm8k,early,real_route_replay,922,35,29,real,26.34285714285714,1,237,1.57649172405167,down_full64_prebuilt,29,0.15987199544906616
case_003_real,gsm8k,early,real_route_replay,922,35,29,real,26.34285714285714,1,237,1.57649172405167,down_full64_prebuilt,30,0.15542399883270264
case_003_real,gsm8k,early,real_route_replay,922,35,29,real,26.34285714285714,1,237,1.57649172405167,down_full64_prebuilt,31,0.15769599378108978
case_003_real,gsm8k,early,real_route_replay,922,35,29,real,26.34285714285714,1,237,1.57649172405167,down_full64_prebuilt,32,0.15356799960136414
case_003_real,gsm8k,early,real_route_replay,922,35,29,real,26.34285714285714,1,237,1.57649172405167,down_full64_prebuilt,33,0.15747199952602386
case_003_real,gsm8k,early,real_route_replay,922,35,29,real,26.34285714285714,1,237,1.57649172405167,down_full64_prebuilt,34,0.15824000537395477
case_003_real,gsm8k,early,real_route_replay,922,35,29,real,26.34285714285714,1,237,1.57649172405167,down_full64_prebuilt,35,0.15641599893569946
case_003_real,gsm8k,early,real_route_replay,922,35,29,real,26.34285714285714,1,237,1.57649172405167,down_full64_prebuilt,36,0.15219199657440186
case_003_real,gsm8k,early,real_route_replay,922,35,29,real,26.34285714285714,1,237,1.57649172405167,down_full64_prebuilt,37,0.15401600301265717
case_003_real,gsm8k,early,real_route_replay,922,35,29,real,26.34285714285714,1,237,1.57649172405167,down_full64_prebuilt,38,0.16096000373363495
case_003_real,gsm8k,early,real_route_replay,922,35,29,real,26.34285714285714,1,237,1.57649172405167,down_full64_prebuilt,39,0.15865600109100342
case_003_real,gsm8k,early,real_route_replay,922,35,29,real,26.34285714285714,1,237,1.57649172405167,gate_up_active_prebuilt,0,0.2536959946155548
case_003_real,gsm8k,early,real_route_replay,922,35,29,real,26.34285714285714,1,237,1.57649172405167,gate_up_active_prebuilt,1,0.25654399394989014
case_003_real,gsm8k,early,real_route_replay,922,35,29,real,26.34285714285714,1,237,1.57649172405167,gate_up_active_prebuilt,2,0.2505919933319092
case_003_real,gsm8k,early,real_route_replay,922,35,29,real,26.34285714285714,1,237,1.57649172405167,gate_up_active_prebuilt,3,0.24988800287246704
case_003_real,gsm8k,early,real_route_replay,922,35,29,real,26.34285714285714,1,237,1.57649172405167,gate_up_active_prebuilt,4,0.24748800694942474
case_003_real,gsm8k,early,real_route_replay,922,35,29,real,26.34285714285714,1,237,1.57649172405167,gate_up_active_prebuilt,5,0.2475840002298355
case_003_real,gsm8k,early,real_route_replay,922,35,29,real,26.34285714285714,1,237,1.57649172405167,gate_up_active_prebuilt,6,0.2504960000514984
case_003_real,gsm8k,early,real_route_replay,922,35,29,real,26.34285714285714,1,237,1.57649172405167,gate_up_active_prebuilt,7,0.2550719976425171
case_003_real,gsm8k,early,real_route_replay,922,35,29,real,26.34285714285714,1,237,1.57649172405167,gate_up_active_prebuilt,8,0.26256000995635986
case_003_real,gsm8k,early,real_route_replay,922,35,29,real,26.34285714285714,1,237,1.57649172405167,gate_up_active_prebuilt,9,0.2497600018978119
case_003_real,gsm8k,early,real_route_replay,922,35,29,real,26.34285714285714,1,237,1.57649172405167,gate_up_active_prebuilt,10,0.24499200284481049
case_003_real,gsm8k,early,real_route_replay,922,35,29,real,26.34285714285714,1,237,1.57649172405167,gate_up_active_prebuilt,11,0.25433599948883057
case_003_real,gsm8k,early,real_route_replay,922,35,29,real,26.34285714285714,1,237,1.57649172405167,gate_up_active_prebuilt,12,0.2507520020008087
case_003_real,gsm8k,early,real_route_replay,922,35,29,real,26.34285714285714,1,237,1.57649172405167,gate_up_active_prebuilt,13,0.25040000677108765
case_003_real,gsm8k,early,real_route_replay,922,35,29,real,26.34285714285714,1,237,1.57649172405167,gate_up_active_prebuilt,14,0.2494720071554184
case_003_real,gsm8k,early,real_route_replay,922,35,29,real,26.34285714285714,1,237,1.57649172405167,gate_up_active_prebuilt,15,0.2516799867153168
case_003_real,gsm8k,early,real_route_replay,922,35,29,real,26.34285714285714,1,237,1.57649172405167,gate_up_active_prebuilt,16,0.25196799635887146
case_003_real,gsm8k,early,real_route_replay,922,35,29,real,26.34285714285714,1,237,1.57649172405167,gate_up_active_prebuilt,17,0.25356799364089966
case_003_real,gsm8k,early,real_route_replay,922,35,29,real,26.34285714285714,1,237,1.57649172405167,gate_up_active_prebuilt,18,0.24825599789619446
case_003_real,gsm8k,early,real_route_replay,922,35,29,real,26.34285714285714,1,237,1.57649172405167,gate_up_active_prebuilt,19,0.25251200795173645
case_003_real,gsm8k,early,real_route_replay,922,35,29,real,26.34285714285714,1,237,1.57649172405167,gate_up_active_prebuilt,20,0.25388801097869873
case_003_real,gsm8k,early,real_route_replay,922,35,29,real,26.34285714285714,1,237,1.57649172405167,gate_up_active_prebuilt,21,0.2529599964618683
case_003_real,gsm8k,early,real_route_replay,922,35,29,real,26.34285714285714,1,237,1.57649172405167,gate_up_active_prebuilt,22,0.2524479925632477
case_003_real,gsm8k,early,real_route_replay,922,35,29,real,26.34285714285714,1,237,1.57649172405167,gate_up_active_prebuilt,23,0.2491839975118637
case_003_real,gsm8k,early,real_route_replay,922,35,29,real,26.34285714285714,1,237,1.57649172405167,gate_up_active_prebuilt,24,0.24828800559043884
case_003_real,gsm8k,early,real_route_replay,922,35,29,real,26.34285714285714,1,237,1.57649172405167,gate_up_active_prebuilt,25,0.25046399235725403
case_003_real,gsm8k,early,real_route_replay,922,35,29,real,26.34285714285714,1,237,1.57649172405167,gate_up_active_prebuilt,26,0.2468159943819046
case_003_real,gsm8k,early,real_route_replay,922,35,29,real,26.34285714285714,1,237,1.57649172405167,gate_up_active_prebuilt,27,0.25017601251602173
case_003_real,gsm8k,early,real_route_replay,922,35,29,real,26.34285714285714,1,237,1.57649172405167,gate_up_active_prebuilt,28,0.2467840015888214
case_003_real,gsm8k,early,real_route_replay,922,35,29,real,26.34285714285714,1,237,1.57649172405167,gate_up_active_prebuilt,29,0.25174400210380554
case_003_real,gsm8k,early,real_route_replay,922,35,29,real,26.34285714285714,1,237,1.57649172405167,gate_up_active_prebuilt,30,0.24428799748420715
case_003_real,gsm8k,early,real_route_replay,922,35,29,real,26.34285714285714,1,237,1.57649172405167,gate_up_active_prebuilt,31,0.2399359941482544
case_003_real,gsm8k,early,real_route_replay,922,35,29,real,26.34285714285714,1,237,1.57649172405167,gate_up_active_prebuilt,32,0.2385919988155365
case_003_real,gsm8k,early,real_route_replay,922,35,29,real,26.34285714285714,1,237,1.57649172405167,gate_up_active_prebuilt,33,0.24025599658489227
case_003_real,gsm8k,early,real_route_replay,922,35,29,real,26.34285714285714,1,237,1.57649172405167,gate_up_active_prebuilt,34,0.24092799425125122
case_003_real,gsm8k,early,real_route_replay,922,35,29,real,26.34285714285714,1,237,1.57649172405167,gate_up_active_prebuilt,35,0.24400000274181366
case_003_real,gsm8k,early,real_route_replay,922,35,29,real,26.34285714285714,1,237,1.57649172405167,gate_up_active_prebuilt,36,0.24425600469112396
case_003_real,gsm8k,early,real_route_replay,922,35,29,real,26.34285714285714,1,237,1.57649172405167,gate_up_active_prebuilt,37,0.23836800456047058
case_003_real,gsm8k,early,real_route_replay,922,35,29,real,26.34285714285714,1,237,1.57649172405167,gate_up_active_prebuilt,38,0.2396479994058609
case_003_real,gsm8k,early,real_route_replay,922,35,29,real,26.34285714285714,1,237,1.57649172405167,gate_up_active_prebuilt,39,0.23875199258327484
case_004_real,gsm8k,early,real_route_replay,2099,39,25,real,53.82051282051282,1,825,3.3006229871897332,gate_up_full64_prebuilt,0,0.34649598598480225
case_004_real,gsm8k,early,real_route_replay,2099,39,25,real,53.82051282051282,1,825,3.3006229871897332,gate_up_full64_prebuilt,1,0.32787200808525085
case_004_real,gsm8k,early,real_route_replay,2099,39,25,real,53.82051282051282,1,825,3.3006229871897332,gate_up_full64_prebuilt,2,0.3264960050582886
case_004_real,gsm8k,early,real_route_replay,2099,39,25,real,53.82051282051282,1,825,3.3006229871897332,gate_up_full64_prebuilt,3,0.3272320032119751
case_004_real,gsm8k,early,real_route_replay,2099,39,25,real,53.82051282051282,1,825,3.3006229871897332,gate_up_full64_prebuilt,4,0.3246400058269501
case_004_real,gsm8k,early,real_route_replay,2099,39,25,real,53.82051282051282,1,825,3.3006229871897332,gate_up_full64_prebuilt,5,0.32684800028800964
case_004_real,gsm8k,early,real_route_replay,2099,39,25,real,53.82051282051282,1,825,3.3006229871897332,gate_up_full64_prebuilt,6,0.33158400654792786
case_004_real,gsm8k,early,real_route_replay,2099,39,25,real,53.82051282051282,1,825,3.3006229871897332,gate_up_full64_prebuilt,7,0.33420801162719727
case_004_real,gsm8k,early,real_route_replay,2099,39,25,real,53.82051282051282,1,825,3.3006229871897332,gate_up_full64_prebuilt,8,0.33289599418640137
case_004_real,gsm8k,early,real_route_replay,2099,39,25,real,53.82051282051282,1,825,3.3006229871897332,gate_up_full64_prebuilt,9,0.3353919982910156
case_004_real,gsm8k,early,real_route_replay,2099,39,25,real,53.82051282051282,1,825,3.3006229871897332,gate_up_full64_prebuilt,10,0.3392319977283478
case_004_real,gsm8k,early,real_route_replay,2099,39,25,real,53.82051282051282,1,825,3.3006229871897332,gate_up_full64_prebuilt,11,0.3484799861907959
case_004_real,gsm8k,early,real_route_replay,2099,39,25,real,53.82051282051282,1,825,3.3006229871897332,gate_up_full64_prebuilt,12,0.3309440016746521
case_004_real,gsm8k,early,real_route_replay,2099,39,25,real,53.82051282051282,1,825,3.3006229871897332,gate_up_full64_prebuilt,13,0.33395200967788696
case_004_real,gsm8k,early,real_route_replay,2099,39,25,real,53.82051282051282,1,825,3.3006229871897332,gate_up_full64_prebuilt,14,0.3372800052165985
case_004_real,gsm8k,early,real_route_replay,2099,39,25,real,53.82051282051282,1,825,3.3006229871897332,gate_up_full64_prebuilt,15,0.3325119912624359
case_004_real,gsm8k,early,real_route_replay,2099,39,25,real,53.82051282051282,1,825,3.3006229871897332,gate_up_full64_prebuilt,16,0.3327679932117462
case_004_real,gsm8k,early,real_route_replay,2099,39,25,real,53.82051282051282,1,825,3.3006229871897332,gate_up_full64_prebuilt,17,0.3325760066509247
case_004_real,gsm8k,early,real_route_replay,2099,39,25,real,53.82051282051282,1,825,3.3006229871897332,gate_up_full64_prebuilt,18,0.3378880023956299
case_004_real,gsm8k,early,real_route_replay,2099,39,25,real,53.82051282051282,1,825,3.3006229871897332,gate_up_full64_prebuilt,19,0.33187198638916016
case_004_real,gsm8k,early,real_route_replay,2099,39,25,real,53.82051282051282,1,825,3.3006229871897332,gate_up_full64_prebuilt,20,0.3354879915714264
case_004_real,gsm8k,early,real_route_replay,2099,39,25,real,53.82051282051282,1,825,3.3006229871897332,gate_up_full64_prebuilt,21,0.33820798993110657
case_004_real,gsm8k,early,real_route_replay,2099,39,25,real,53.82051282051282,1,825,3.3006229871897332,gate_up_full64_prebuilt,22,0.33641600608825684
case_004_real,gsm8k,early,real_route_replay,2099,39,25,real,53.82051282051282,1,825,3.3006229871897332,gate_up_full64_prebuilt,23,0.33542400598526
case_004_real,gsm8k,early,real_route_replay,2099,39,25,real,53.82051282051282,1,825,3.3006229871897332,gate_up_full64_prebuilt,24,0.34121599793434143
case_004_real,gsm8k,early,real_route_replay,2099,39,25,real,53.82051282051282,1,825,3.3006229871897332,gate_up_full64_prebuilt,25,0.33113598823547363
case_004_real,gsm8k,early,real_route_replay,2099,39,25,real,53.82051282051282,1,825,3.3006229871897332,gate_up_full64_prebuilt,26,0.3318080008029938
case_004_real,gsm8k,early,real_route_replay,2099,39,25,real,53.82051282051282,1,825,3.3006229871897332,gate_up_full64_prebuilt,27,0.3264960050582886
case_004_real,gsm8k,early,real_route_replay,2099,39,25,real,53.82051282051282,1,825,3.3006229871897332,gate_up_full64_prebuilt,28,0.3246400058269501
case_004_real,gsm8k,early,real_route_replay,2099,39,25,real,53.82051282051282,1,825,3.3006229871897332,gate_up_full64_prebuilt,29,0.32681599259376526
case_004_real,gsm8k,early,real_route_replay,2099,39,25,real,53.82051282051282,1,825,3.3006229871897332,gate_up_full64_prebuilt,30,0.32604798674583435
case_004_real,gsm8k,early,real_route_replay,2099,39,25,real,53.82051282051282,1,825,3.3006229871897332,gate_up_full64_prebuilt,31,0.3230080008506775
case_004_real,gsm8k,early,real_route_replay,2099,39,25,real,53.82051282051282,1,825,3.3006229871897332,gate_up_full64_prebuilt,32,0.32607999444007874
case_004_real,gsm8k,early,real_route_replay,2099,39,25,real,53.82051282051282,1,825,3.3006229871897332,gate_up_full64_prebuilt,33,0.324319988489151
case_004_real,gsm8k,early,real_route_replay,2099,39,25,real,53.82051282051282,1,825,3.3006229871897332,gate_up_full64_prebuilt,34,0.32678401470184326
case_004_real,gsm8k,early,real_route_replay,2099,39,25,real,53.82051282051282,1,825,3.3006229871897332,gate_up_full64_prebuilt,35,0.32524800300598145
case_004_real,gsm8k,early,real_route_replay,2099,39,25,real,53.82051282051282,1,825,3.3006229871897332,gate_up_full64_prebuilt,36,0.32236799597740173
case_004_real,gsm8k,early,real_route_replay,2099,39,25,real,53.82051282051282,1,825,3.3006229871897332,gate_up_full64_prebuilt,37,0.33273598551750183
case_004_real,gsm8k,early,real_route_replay,2099,39,25,real,53.82051282051282,1,825,3.3006229871897332,gate_up_full64_prebuilt,38,0.3296320140361786
case_004_real,gsm8k,early,real_route_replay,2099,39,25,real,53.82051282051282,1,825,3.3006229871897332,gate_up_full64_prebuilt,39,0.33113598823547363
case_004_real,gsm8k,early,real_route_replay,2099,39,25,real,53.82051282051282,1,825,3.3006229871897332,down_active_prebuilt,0,0.2093760073184967
case_004_real,gsm8k,early,real_route_replay,2099,39,25,real,53.82051282051282,1,825,3.3006229871897332,down_active_prebuilt,1,0.20563200116157532
case_004_real,gsm8k,early,real_route_replay,2099,39,25,real,53.82051282051282,1,825,3.3006229871897332,down_active_prebuilt,2,0.20380799472332
case_004_real,gsm8k,early,real_route_replay,2099,39,25,real,53.82051282051282,1,825,3.3006229871897332,down_active_prebuilt,3,0.20160000026226044
case_004_real,gsm8k,early,real_route_replay,2099,39,25,real,53.82051282051282,1,825,3.3006229871897332,down_active_prebuilt,4,0.20153599977493286
case_004_real,gsm8k,early,real_route_replay,2099,39,25,real,53.82051282051282,1,825,3.3006229871897332,down_active_prebuilt,5,0.2046079933643341
case_004_real,gsm8k,early,real_route_replay,2099,39,25,real,53.82051282051282,1,825,3.3006229871897332,down_active_prebuilt,6,0.20422400534152985
case_004_real,gsm8k,early,real_route_replay,2099,39,25,real,53.82051282051282,1,825,3.3006229871897332,down_active_prebuilt,7,0.2133760005235672
case_004_real,gsm8k,early,real_route_replay,2099,39,25,real,53.82051282051282,1,825,3.3006229871897332,down_active_prebuilt,8,0.21196800470352173
case_004_real,gsm8k,early,real_route_replay,2099,39,25,real,53.82051282051282,1,825,3.3006229871897332,down_active_prebuilt,9,0.20812800526618958
case_004_real,gsm8k,early,real_route_replay,2099,39,25,real,53.82051282051282,1,825,3.3006229871897332,down_active_prebuilt,10,0.2067520022392273
case_004_real,gsm8k,early,real_route_replay,2099,39,25,real,53.82051282051282,1,825,3.3006229871897332,down_active_prebuilt,11,0.2118079960346222
case_004_real,gsm8k,early,real_route_replay,2099,39,25,real,53.82051282051282,1,825,3.3006229871897332,down_active_prebuilt,12,0.23350399732589722
case_004_real,gsm8k,early,real_route_replay,2099,39,25,real,53.82051282051282,1,825,3.3006229871897332,down_active_prebuilt,13,0.2165440022945404
case_004_real,gsm8k,early,real_route_replay,2099,39,25,real,53.82051282051282,1,825,3.3006229871897332,down_active_prebuilt,14,0.20908799767494202
case_004_real,gsm8k,early,real_route_replay,2099,39,25,real,53.82051282051282,1,825,3.3006229871897332,down_active_prebuilt,15,0.20454399287700653
case_004_real,gsm8k,early,real_route_replay,2099,39,25,real,53.82051282051282,1,825,3.3006229871897332,down_active_prebuilt,16,0.20179200172424316
case_004_real,gsm8k,early,real_route_replay,2099,39,25,real,53.82051282051282,1,825,3.3006229871897332,down_active_prebuilt,17,0.20310400426387787
case_004_real,gsm8k,early,real_route_replay,2099,39,25,real,53.82051282051282,1,825,3.3006229871897332,down_active_prebuilt,18,0.20710399746894836
case_004_real,gsm8k,early,real_route_replay,2099,39,25,real,53.82051282051282,1,825,3.3006229871897332,down_active_prebuilt,19,0.20636799931526184
case_004_real,gsm8k,early,real_route_replay,2099,39,25,real,53.82051282051282,1,825,3.3006229871897332,down_active_prebuilt,20,0.2054399996995926
case_004_real,gsm8k,early,real_route_replay,2099,39,25,real,53.82051282051282,1,825,3.3006229871897332,down_active_prebuilt,21,0.2014079988002777
case_004_real,gsm8k,early,real_route_replay,2099,39,25,real,53.82051282051282,1,825,3.3006229871897332,down_active_prebuilt,22,0.2040960043668747
case_004_real,gsm8k,early,real_route_replay,2099,39,25,real,53.82051282051282,1,825,3.3006229871897332,down_active_prebuilt,23,0.2024639993906021
case_004_real,gsm8k,early,real_route_replay,2099,39,25,real,53.82051282051282,1,825,3.3006229871897332,down_active_prebuilt,24,0.20473599433898926
case_004_real,gsm8k,early,real_route_replay,2099,39,25,real,53.82051282051282,1,825,3.3006229871897332,down_active_prebuilt,25,0.2032960057258606
case_004_real,gsm8k,early,real_route_replay,2099,39,25,real,53.82051282051282,1,825,3.3006229871897332,down_active_prebuilt,26,0.2030400037765503
case_004_real,gsm8k,early,real_route_replay,2099,39,25,real,53.82051282051282,1,825,3.3006229871897332,down_active_prebuilt,27,0.206496000289917
case_004_real,gsm8k,early,real_route_replay,2099,39,25,real,53.82051282051282,1,825,3.3006229871897332,down_active_prebuilt,28,0.2006720006465912
case_004_real,gsm8k,early,real_route_replay,2099,39,25,real,53.82051282051282,1,825,3.3006229871897332,down_active_prebuilt,29,0.2051520049571991
case_004_real,gsm8k,early,real_route_replay,2099,39,25,real,53.82051282051282,1,825,3.3006229871897332,down_active_prebuilt,30,0.2054080069065094
case_004_real,gsm8k,early,real_route_replay,2099,39,25,real,53.82051282051282,1,825,3.3006229871897332,down_active_prebuilt,31,0.20422400534152985
case_004_real,gsm8k,early,real_route_replay,2099,39,25,real,53.82051282051282,1,825,3.3006229871897332,down_active_prebuilt,32,0.20470400154590607
case_004_real,gsm8k,early,real_route_replay,2099,39,25,real,53.82051282051282,1,825,3.3006229871897332,down_active_prebuilt,33,0.2043839991092682
case_004_real,gsm8k,early,real_route_replay,2099,39,25,real,53.82051282051282,1,825,3.3006229871897332,down_active_prebuilt,34,0.20371200144290924
case_004_real,gsm8k,early,real_route_replay,2099,39,25,real,53.82051282051282,1,825,3.3006229871897332,down_active_prebuilt,35,0.20265600085258484
case_004_real,gsm8k,early,real_route_replay,2099,39,25,real,53.82051282051282,1,825,3.3006229871897332,down_active_prebuilt,36,0.20278400182724
case_004_real,gsm8k,early,real_route_replay,2099,39,25,real,53.82051282051282,1,825,3.3006229871897332,down_active_prebuilt,37,0.21087999641895294
case_004_real,gsm8k,early,real_route_replay,2099,39,25,real,53.82051282051282,1,825,3.3006229871897332,down_active_prebuilt,38,0.21279999613761902
case_004_real,gsm8k,early,real_route_replay,2099,39,25,real,53.82051282051282,1,825,3.3006229871897332,down_active_prebuilt,39,0.20851199328899384
case_004_real,gsm8k,early,real_route_replay,2099,39,25,real,53.82051282051282,1,825,3.3006229871897332,down_full64_prebuilt,0,0.22540800273418427
case_004_real,gsm8k,early,real_route_replay,2099,39,25,real,53.82051282051282,1,825,3.3006229871897332,down_full64_prebuilt,1,0.2093760073184967
case_004_real,gsm8k,early,real_route_replay,2099,39,25,real,53.82051282051282,1,825,3.3006229871897332,down_full64_prebuilt,2,0.20665599405765533
case_004_real,gsm8k,early,real_route_replay,2099,39,25,real,53.82051282051282,1,825,3.3006229871897332,down_full64_prebuilt,3,0.2030079960823059
case_004_real,gsm8k,early,real_route_replay,2099,39,25,real,53.82051282051282,1,825,3.3006229871897332,down_full64_prebuilt,4,0.2088319957256317
case_004_real,gsm8k,early,real_route_replay,2099,39,25,real,53.82051282051282,1,825,3.3006229871897332,down_full64_prebuilt,5,0.2032960057258606
case_004_real,gsm8k,early,real_route_replay,2099,39,25,real,53.82051282051282,1,825,3.3006229871897332,down_full64_prebuilt,6,0.2056639939546585
case_004_real,gsm8k,early,real_route_replay,2099,39,25,real,53.82051282051282,1,825,3.3006229871897332,down_full64_prebuilt,7,0.2051520049571991
case_004_real,gsm8k,early,real_route_replay,2099,39,25,real,53.82051282051282,1,825,3.3006229871897332,down_full64_prebuilt,8,0.20710399746894836
case_004_real,gsm8k,early,real_route_replay,2099,39,25,real,53.82051282051282,1,825,3.3006229871897332,down_full64_prebuilt,9,0.20294399559497833
case_004_real,gsm8k,early,real_route_replay,2099,39,25,real,53.82051282051282,1,825,3.3006229871897332,down_full64_prebuilt,10,0.20348800718784332
case_004_real,gsm8k,early,real_route_replay,2099,39,25,real,53.82051282051282,1,825,3.3006229871897332,down_full64_prebuilt,11,0.20467199385166168
case_004_real,gsm8k,early,real_route_replay,2099,39,25,real,53.82051282051282,1,825,3.3006229871897332,down_full64_prebuilt,12,0.20441600680351257
case_004_real,gsm8k,early,real_route_replay,2099,39,25,real,53.82051282051282,1,825,3.3006229871897332,down_full64_prebuilt,13,0.20534400641918182
case_004_real,gsm8k,early,real_route_replay,2099,39,25,real,53.82051282051282,1,825,3.3006229871897332,down_full64_prebuilt,14,0.2064639925956726
case_004_real,gsm8k,early,real_route_replay,2099,39,25,real,53.82051282051282,1,825,3.3006229871897332,down_full64_prebuilt,15,0.20876799523830414
case_004_real,gsm8k,early,real_route_replay,2099,39,25,real,53.82051282051282,1,825,3.3006229871897332,down_full64_prebuilt,16,0.20604799687862396
case_004_real,gsm8k,early,real_route_replay,2099,39,25,real,53.82051282051282,1,825,3.3006229871897332,down_full64_prebuilt,17,0.2019519954919815
case_004_real,gsm8k,early,real_route_replay,2099,39,25,real,53.82051282051282,1,825,3.3006229871897332,down_full64_prebuilt,18,0.20611199736595154
case_004_real,gsm8k,early,real_route_replay,2099,39,25,real,53.82051282051282,1,825,3.3006229871897332,down_full64_prebuilt,19,0.20227199792861938
case_004_real,gsm8k,early,real_route_replay,2099,39,25,real,53.82051282051282,1,825,3.3006229871897332,down_full64_prebuilt,20,0.21087999641895294
case_004_real,gsm8k,early,real_route_replay,2099,39,25,real,53.82051282051282,1,825,3.3006229871897332,down_full64_prebuilt,21,0.20956799387931824
case_004_real,gsm8k,early,real_route_replay,2099,39,25,real,53.82051282051282,1,825,3.3006229871897332,down_full64_prebuilt,22,0.2128320038318634
case_004_real,gsm8k,early,real_route_replay,2099,39,25,real,53.82051282051282,1,825,3.3006229871897332,down_full64_prebuilt,23,0.21091200411319733
case_004_real,gsm8k,early,real_route_replay,2099,39,25,real,53.82051282051282,1,825,3.3006229871897332,down_full64_prebuilt,24,0.21408000588417053
case_004_real,gsm8k,early,real_route_replay,2099,39,25,real,53.82051282051282,1,825,3.3006229871897332,down_full64_prebuilt,25,0.21724799275398254
case_004_real,gsm8k,early,real_route_replay,2099,39,25,real,53.82051282051282,1,825,3.3006229871897332,down_full64_prebuilt,26,0.21116800606250763
case_004_real,gsm8k,early,real_route_replay,2099,39,25,real,53.82051282051282,1,825,3.3006229871897332,down_full64_prebuilt,27,0.2067199945449829
case_004_real,gsm8k,early,real_route_replay,2099,39,25,real,53.82051282051282,1,825,3.3006229871897332,down_full64_prebuilt,28,0.20838400721549988
case_004_real,gsm8k,early,real_route_replay,2099,39,25,real,53.82051282051282,1,825,3.3006229871897332,down_full64_prebuilt,29,0.2088319957256317
case_004_real,gsm8k,early,real_route_replay,2099,39,25,real,53.82051282051282,1,825,3.3006229871897332,down_full64_prebuilt,30,0.2070080041885376
case_004_real,gsm8k,early,real_route_replay,2099,39,25,real,53.82051282051282,1,825,3.3006229871897332,down_full64_prebuilt,31,0.20614400506019592
case_004_real,gsm8k,early,real_route_replay,2099,39,25,real,53.82051282051282,1,825,3.3006229871897332,down_full64_prebuilt,32,0.20531199872493744
case_004_real,gsm8k,early,real_route_replay,2099,39,25,real,53.82051282051282,1,825,3.3006229871897332,down_full64_prebuilt,33,0.20313599705696106
case_004_real,gsm8k,early,real_route_replay,2099,39,25,real,53.82051282051282,1,825,3.3006229871897332,down_full64_prebuilt,34,0.2032639980316162
case_004_real,gsm8k,early,real_route_replay,2099,39,25,real,53.82051282051282,1,825,3.3006229871897332,down_full64_prebuilt,35,0.2075520008802414
case_004_real,gsm8k,early,real_route_replay,2099,39,25,real,53.82051282051282,1,825,3.3006229871897332,down_full64_prebuilt,36,0.20502400398254395
case_004_real,gsm8k,early,real_route_replay,2099,39,25,real,53.82051282051282,1,825,3.3006229871897332,down_full64_prebuilt,37,0.20265600085258484
case_004_real,gsm8k,early,real_route_replay,2099,39,25,real,53.82051282051282,1,825,3.3006229871897332,down_full64_prebuilt,38,0.20496000349521637
case_004_real,gsm8k,early,real_route_replay,2099,39,25,real,53.82051282051282,1,825,3.3006229871897332,down_full64_prebuilt,39,0.20528000593185425
case_004_real,gsm8k,early,real_route_replay,2099,39,25,real,53.82051282051282,1,825,3.3006229871897332,gate_up_active_prebuilt,0,0.32844799757003784
case_004_real,gsm8k,early,real_route_replay,2099,39,25,real,53.82051282051282,1,825,3.3006229871897332,gate_up_active_prebuilt,1,0.32633599638938904
case_004_real,gsm8k,early,real_route_replay,2099,39,25,real,53.82051282051282,1,825,3.3006229871897332,gate_up_active_prebuilt,2,0.3258880078792572
case_004_real,gsm8k,early,real_route_replay,2099,39,25,real,53.82051282051282,1,825,3.3006229871897332,gate_up_active_prebuilt,3,0.3258560001850128
case_004_real,gsm8k,early,real_route_replay,2099,39,25,real,53.82051282051282,1,825,3.3006229871897332,gate_up_active_prebuilt,4,0.33823999762535095
case_004_real,gsm8k,early,real_route_replay,2099,39,25,real,53.82051282051282,1,825,3.3006229871897332,gate_up_active_prebuilt,5,0.3248319923877716
case_004_real,gsm8k,early,real_route_replay,2099,39,25,real,53.82051282051282,1,825,3.3006229871897332,gate_up_active_prebuilt,6,0.3229759931564331
case_004_real,gsm8k,early,real_route_replay,2099,39,25,real,53.82051282051282,1,825,3.3006229871897332,gate_up_active_prebuilt,7,0.32387199997901917
case_004_real,gsm8k,early,real_route_replay,2099,39,25,real,53.82051282051282,1,825,3.3006229871897332,gate_up_active_prebuilt,8,0.3219200074672699
case_004_real,gsm8k,early,real_route_replay,2099,39,25,real,53.82051282051282,1,825,3.3006229871897332,gate_up_active_prebuilt,9,0.32051199674606323
case_004_real,gsm8k,early,real_route_replay,2099,39,25,real,53.82051282051282,1,825,3.3006229871897332,gate_up_active_prebuilt,10,0.3235520124435425
case_004_real,gsm8k,early,real_route_replay,2099,39,25,real,53.82051282051282,1,825,3.3006229871897332,gate_up_active_prebuilt,11,0.3224000036716461
case_004_real,gsm8k,early,real_route_replay,2099,39,25,real,53.82051282051282,1,825,3.3006229871897332,gate_up_active_prebuilt,12,0.3274880051612854
case_004_real,gsm8k,early,real_route_replay,2099,39,25,real,53.82051282051282,1,825,3.3006229871897332,gate_up_active_prebuilt,13,0.3261120021343231
case_004_real,gsm8k,early,real_route_replay,2099,39,25,real,53.82051282051282,1,825,3.3006229871897332,gate_up_active_prebuilt,14,0.3320319950580597
case_004_real,gsm8k,early,real_route_replay,2099,39,25,real,53.82051282051282,1,825,3.3006229871897332,gate_up_active_prebuilt,15,0.331712007522583
case_004_real,gsm8k,early,real_route_replay,2099,39,25,real,53.82051282051282,1,825,3.3006229871897332,gate_up_active_prebuilt,16,0.3285120129585266
case_004_real,gsm8k,early,real_route_replay,2099,39,25,real,53.82051282051282,1,825,3.3006229871897332,gate_up_active_prebuilt,17,0.33187198638916016
case_004_real,gsm8k,early,real_route_replay,2099,39,25,real,53.82051282051282,1,825,3.3006229871897332,gate_up_active_prebuilt,18,0.33542400598526
case_004_real,gsm8k,early,real_route_replay,2099,39,25,real,53.82051282051282,1,825,3.3006229871897332,gate_up_active_prebuilt,19,0.33632001280784607
case_004_real,gsm8k,early,real_route_replay,2099,39,25,real,53.82051282051282,1,825,3.3006229871897332,gate_up_active_prebuilt,20,0.3314560055732727
case_004_real,gsm8k,early,real_route_replay,2099,39,25,real,53.82051282051282,1,825,3.3006229871897332,gate_up_active_prebuilt,21,0.33532801270484924
case_004_real,gsm8k,early,real_route_replay,2099,39,25,real,53.82051282051282,1,825,3.3006229871897332,gate_up_active_prebuilt,22,0.3365119993686676
case_004_real,gsm8k,early,real_route_replay,2099,39,25,real,53.82051282051282,1,825,3.3006229871897332,gate_up_active_prebuilt,23,0.3267199993133545
case_004_real,gsm8k,early,real_route_replay,2099,39,25,real,53.82051282051282,1,825,3.3006229871897332,gate_up_active_prebuilt,24,0.32521599531173706
case_004_real,gsm8k,early,real_route_replay,2099,39,25,real,53.82051282051282,1,825,3.3006229871897332,gate_up_active_prebuilt,25,0.3222079873085022
case_004_real,gsm8k,early,real_route_replay,2099,39,25,real,53.82051282051282,1,825,3.3006229871897332,gate_up_active_prebuilt,26,0.3256640136241913
case_004_real,gsm8k,early,real_route_replay,2099,39,25,real,53.82051282051282,1,825,3.3006229871897332,gate_up_active_prebuilt,27,0.32201600074768066
case_004_real,gsm8k,early,real_route_replay,2099,39,25,real,53.82051282051282,1,825,3.3006229871897332,gate_up_active_prebuilt,28,0.3219200074672699
case_004_real,gsm8k,early,real_route_replay,2099,39,25,real,53.82051282051282,1,825,3.3006229871897332,gate_up_active_prebuilt,29,0.3216319978237152
case_004_real,gsm8k,early,real_route_replay,2099,39,25,real,53.82051282051282,1,825,3.3006229871897332,gate_up_active_prebuilt,30,0.32396799325942993
case_004_real,gsm8k,early,real_route_replay,2099,39,25,real,53.82051282051282,1,825,3.3006229871897332,gate_up_active_prebuilt,31,0.32419198751449585
case_004_real,gsm8k,early,real_route_replay,2099,39,25,real,53.82051282051282,1,825,3.3006229871897332,gate_up_active_prebuilt,32,0.3232640027999878
case_004_real,gsm8k,early,real_route_replay,2099,39,25,real,53.82051282051282,1,825,3.3006229871897332,gate_up_active_prebuilt,33,0.3251200020313263
case_004_real,gsm8k,early,real_route_replay,2099,39,25,real,53.82051282051282,1,825,3.3006229871897332,gate_up_active_prebuilt,34,0.32422399520874023
case_004_real,gsm8k,early,real_route_replay,2099,39,25,real,53.82051282051282,1,825,3.3006229871897332,gate_up_active_prebuilt,35,0.3213439881801605
case_004_real,gsm8k,early,real_route_replay,2099,39,25,real,53.82051282051282,1,825,3.3006229871897332,gate_up_active_prebuilt,36,0.32284799218177795
case_004_real,gsm8k,early,real_route_replay,2099,39,25,real,53.82051282051282,1,825,3.3006229871897332,gate_up_active_prebuilt,37,0.3266240060329437
case_004_real,gsm8k,early,real_route_replay,2099,39,25,real,53.82051282051282,1,825,3.3006229871897332,gate_up_active_prebuilt,38,0.33616000413894653
case_004_real,gsm8k,early,real_route_replay,2099,39,25,real,53.82051282051282,1,825,3.3006229871897332,gate_up_active_prebuilt,39,0.3283520042896271
case_004_real,gsm8k,early,real_route_replay,2099,39,25,real,53.82051282051282,1,825,3.3006229871897332,swiglu,0,0.028224000707268715
case_004_real,gsm8k,early,real_route_replay,2099,39,25,real,53.82051282051282,1,825,3.3006229871897332,swiglu,1,0.024000000208616257
case_004_real,gsm8k,early,real_route_replay,2099,39,25,real,53.82051282051282,1,825,3.3006229871897332,swiglu,2,0.02502400055527687
case_004_real,gsm8k,early,real_route_replay,2099,39,25,real,53.82051282051282,1,825,3.3006229871897332,swiglu,3,0.026016000658273697
case_004_real,gsm8k,early,real_route_replay,2099,39,25,real,53.82051282051282,1,825,3.3006229871897332,swiglu,4,0.024159999564290047
case_004_real,gsm8k,early,real_route_replay,2099,39,25,real,53.82051282051282,1,825,3.3006229871897332,swiglu,5,0.02300800010561943
case_004_real,gsm8k,early,real_route_replay,2099,39,25,real,53.82051282051282,1,825,3.3006229871897332,swiglu,6,0.022911999374628067
case_004_real,gsm8k,early,real_route_replay,2099,39,25,real,53.82051282051282,1,825,3.3006229871897332,swiglu,7,0.024191999807953835
case_004_real,gsm8k,early,real_route_replay,2099,39,25,real,53.82051282051282,1,825,3.3006229871897332,swiglu,8,0.023072000592947006
case_004_real,gsm8k,early,real_route_replay,2099,39,25,real,53.82051282051282,1,825,3.3006229871897332,swiglu,9,0.022752000018954277
case_004_real,gsm8k,early,real_route_replay,2099,39,25,real,53.82051282051282,1,825,3.3006229871897332,swiglu,10,0.023391999304294586
case_004_real,gsm8k,early,real_route_replay,2099,39,25,real,53.82051282051282,1,825,3.3006229871897332,swiglu,11,0.023552000522613525
case_004_real,gsm8k,early,real_route_replay,2099,39,25,real,53.82051282051282,1,825,3.3006229871897332,swiglu,12,0.022911999374628067
case_004_real,gsm8k,early,real_route_replay,2099,39,25,real,53.82051282051282,1,825,3.3006229871897332,swiglu,13,0.02412799932062626
case_004_real,gsm8k,early,real_route_replay,2099,39,25,real,53.82051282051282,1,825,3.3006229871897332,swiglu,14,0.029791999608278275
case_004_real,gsm8k,early,real_route_replay,2099,39,25,real,53.82051282051282,1,825,3.3006229871897332,swiglu,15,0.024351999163627625
case_004_real,gsm8k,early,real_route_replay,2099,39,25,real,53.82051282051282,1,825,3.3006229871897332,swiglu,16,0.024191999807953835
case_004_real,gsm8k,early,real_route_replay,2099,39,25,real,53.82051282051282,1,825,3.3006229871897332,swiglu,17,0.03619199991226196
case_004_real,gsm8k,early,real_route_replay,2099,39,25,real,53.82051282051282,1,825,3.3006229871897332,swiglu,18,0.023520000278949738
case_004_real,gsm8k,early,real_route_replay,2099,39,25,real,53.82051282051282,1,825,3.3006229871897332,swiglu,19,0.03203200176358223
case_004_real,gsm8k,early,real_route_replay,2099,39,25,real,53.82051282051282,1,825,3.3006229871897332,swiglu,20,0.02876799926161766
case_004_real,gsm8k,early,real_route_replay,2099,39,25,real,53.82051282051282,1,825,3.3006229871897332,swiglu,21,0.028575999662280083
case_004_real,gsm8k,early,real_route_replay,2099,39,25,real,53.82051282051282,1,825,3.3006229871897332,swiglu,22,0.03033600002527237
case_004_real,gsm8k,early,real_route_replay,2099,39,25,real,53.82051282051282,1,825,3.3006229871897332,swiglu,23,0.029600000008940697
case_004_real,gsm8k,early,real_route_replay,2099,39,25,real,53.82051282051282,1,825,3.3006229871897332,swiglu,24,0.0344959981739521
case_004_real,gsm8k,early,real_route_replay,2099,39,25,real,53.82051282051282,1,825,3.3006229871897332,swiglu,25,0.03276799991726875
case_004_real,gsm8k,early,real_route_replay,2099,39,25,real,53.82051282051282,1,825,3.3006229871897332,swiglu,26,0.03791999816894531
case_004_real,gsm8k,early,real_route_replay,2099,39,25,real,53.82051282051282,1,825,3.3006229871897332,swiglu,27,0.03481600061058998
case_004_real,gsm8k,early,real_route_replay,2099,39,25,real,53.82051282051282,1,825,3.3006229871897332,swiglu,28,0.033952001482248306
case_004_real,gsm8k,early,real_route_replay,2099,39,25,real,53.82051282051282,1,825,3.3006229871897332,swiglu,29,0.0344959981739521
case_004_real,gsm8k,early,real_route_replay,2099,39,25,real,53.82051282051282,1,825,3.3006229871897332,swiglu,30,0.03232000023126602
case_004_real,gsm8k,early,real_route_replay,2099,39,25,real,53.82051282051282,1,825,3.3006229871897332,swiglu,31,0.03145600110292435
case_004_real,gsm8k,early,real_route_replay,2099,39,25,real,53.82051282051282,1,825,3.3006229871897332,swiglu,32,0.036768000572919846
case_004_real,gsm8k,early,real_route_replay,2099,39,25,real,53.82051282051282,1,825,3.3006229871897332,swiglu,33,0.030912000685930252
case_004_real,gsm8k,early,real_route_replay,2099,39,25,real,53.82051282051282,1,825,3.3006229871897332,swiglu,34,0.03936000168323517
case_004_real,gsm8k,early,real_route_replay,2099,39,25,real,53.82051282051282,1,825,3.3006229871897332,swiglu,35,0.03561599925160408
case_004_real,gsm8k,early,real_route_replay,2099,39,25,real,53.82051282051282,1,825,3.3006229871897332,swiglu,36,0.035360001027584076
case_004_real,gsm8k,early,real_route_replay,2099,39,25,real,53.82051282051282,1,825,3.3006229871897332,swiglu,37,0.03526400029659271
case_004_real,gsm8k,early,real_route_replay,2099,39,25,real,53.82051282051282,1,825,3.3006229871897332,swiglu,38,0.03232000023126602
case_004_real,gsm8k,early,real_route_replay,2099,39,25,real,53.82051282051282,1,825,3.3006229871897332,swiglu,39,0.03411199897527695
case_004_real,gsm8k,early,real_route_replay,2099,39,25,real,53.82051282051282,1,825,3.3006229871897332,route_weight,0,0.04012800008058548
case_004_real,gsm8k,early,real_route_replay,2099,39,25,real,53.82051282051282,1,825,3.3006229871897332,route_weight,1,0.03587200120091438
case_004_real,gsm8k,early,real_route_replay,2099,39,25,real,53.82051282051282,1,825,3.3006229871897332,route_weight,2,0.033215999603271484
case_004_real,gsm8k,early,real_route_replay,2099,39,25,real,53.82051282051282,1,825,3.3006229871897332,route_weight,3,0.03219199925661087
case_004_real,gsm8k,early,real_route_replay,2099,39,25,real,53.82051282051282,1,825,3.3006229871897332,route_weight,4,0.032416000962257385
case_004_real,gsm8k,early,real_route_replay,2099,39,25,real,53.82051282051282,1,825,3.3006229871897332,route_weight,5,0.032575998455286026
case_004_real,gsm8k,early,real_route_replay,2099,39,25,real,53.82051282051282,1,825,3.3006229871897332,route_weight,6,0.0326399989426136
case_004_real,gsm8k,early,real_route_replay,2099,39,25,real,53.82051282051282,1,825,3.3006229871897332,route_weight,7,0.03545600175857544
case_004_real,gsm8k,early,real_route_replay,2099,39,25,real,53.82051282051282,1,825,3.3006229871897332,route_weight,8,0.033344000577926636
case_004_real,gsm8k,early,real_route_replay,2099,39,25,real,53.82051282051282,1,825,3.3006229871897332,route_weight,9,0.040192000567913055
case_004_real,gsm8k,early,real_route_replay,2099,39,25,real,53.82051282051282,1,825,3.3006229871897332,route_weight,10,0.030047999694943428
case_004_real,gsm8k,early,real_route_replay,2099,39,25,real,53.82051282051282,1,825,3.3006229871897332,route_weight,11,0.03347200155258179
case_004_real,gsm8k,early,real_route_replay,2099,39,25,real,53.82051282051282,1,825,3.3006229871897332,route_weight,12,0.03356799855828285
case_004_real,gsm8k,early,real_route_replay,2099,39,25,real,53.82051282051282,1,825,3.3006229871897332,route_weight,13,0.033663999289274216
case_004_real,gsm8k,early,real_route_replay,2099,39,25,real,53.82051282051282,1,825,3.3006229871897332,route_weight,14,0.03049599938094616
case_004_real,gsm8k,early,real_route_replay,2099,39,25,real,53.82051282051282,1,825,3.3006229871897332,route_weight,15,0.032127998769283295
case_004_real,gsm8k,early,real_route_replay,2099,39,25,real,53.82051282051282,1,825,3.3006229871897332,route_weight,16,0.029600000008940697
case_004_real,gsm8k,early,real_route_replay,2099,39,25,real,53.82051282051282,1,825,3.3006229871897332,route_weight,17,0.02956799976527691
case_004_real,gsm8k,early,real_route_replay,2099,39,25,real,53.82051282051282,1,825,3.3006229871897332,route_weight,18,0.030400000512599945
case_004_real,gsm8k,early,real_route_replay,2099,39,25,real,53.82051282051282,1,825,3.3006229871897332,route_weight,19,0.03049599938094616
case_004_real,gsm8k,early,real_route_replay,2099,39,25,real,53.82051282051282,1,825,3.3006229871897332,route_weight,20,0.0297279991209507
case_004_real,gsm8k,early,real_route_replay,2099,39,25,real,53.82051282051282,1,825,3.3006229871897332,route_weight,21,0.029632000252604485
case_004_real,gsm8k,early,real_route_replay,2099,39,25,real,53.82051282051282,1,825,3.3006229871897332,route_weight,22,0.030400000512599945
case_004_real,gsm8k,early,real_route_replay,2099,39,25,real,53.82051282051282,1,825,3.3006229871897332,route_weight,23,0.029600000008940697
case_004_real,gsm8k,early,real_route_replay,2099,39,25,real,53.82051282051282,1,825,3.3006229871897332,route_weight,24,0.030112000182271004
case_004_real,gsm8k,early,real_route_replay,2099,39,25,real,53.82051282051282,1,825,3.3006229871897332,route_weight,25,0.03126399964094162
case_004_real,gsm8k,early,real_route_replay,2099,39,25,real,53.82051282051282,1,825,3.3006229871897332,route_weight,26,0.03606399893760681
case_004_real,gsm8k,early,real_route_replay,2099,39,25,real,53.82051282051282,1,825,3.3006229871897332,route_weight,27,0.03062400035560131
case_004_real,gsm8k,early,real_route_replay,2099,39,25,real,53.82051282051282,1,825,3.3006229871897332,route_weight,28,0.03152000159025192
case_004_real,gsm8k,early,real_route_replay,2099,39,25,real,53.82051282051282,1,825,3.3006229871897332,route_weight,29,0.029632000252604485
case_004_real,gsm8k,early,real_route_replay,2099,39,25,real,53.82051282051282,1,825,3.3006229871897332,route_weight,30,0.030112000182271004
case_004_real,gsm8k,early,real_route_replay,2099,39,25,real,53.82051282051282,1,825,3.3006229871897332,route_weight,31,0.030047999694943428
case_004_real,gsm8k,early,real_route_replay,2099,39,25,real,53.82051282051282,1,825,3.3006229871897332,route_weight,32,0.030112000182271004
case_004_real,gsm8k,early,real_route_replay,2099,39,25,real,53.82051282051282,1,825,3.3006229871897332,route_weight,33,0.030848000198602676
case_004_real,gsm8k,early,real_route_replay,2099,39,25,real,53.82051282051282,1,825,3.3006229871897332,route_weight,34,0.030400000512599945
case_004_real,gsm8k,early,real_route_replay,2099,39,25,real,53.82051282051282,1,825,3.3006229871897332,route_weight,35,0.031231999397277832
case_004_real,gsm8k,early,real_route_replay,2099,39,25,real,53.82051282051282,1,825,3.3006229871897332,route_weight,36,0.029600000008940697
case_004_real,gsm8k,early,real_route_replay,2099,39,25,real,53.82051282051282,1,825,3.3006229871897332,route_weight,37,0.03081599995493889
case_004_real,gsm8k,early,real_route_replay,2099,39,25,real,53.82051282051282,1,825,3.3006229871897332,route_weight,38,0.030592000111937523
case_004_real,gsm8k,early,real_route_replay,2099,39,25,real,53.82051282051282,1,825,3.3006229871897332,route_weight,39,0.030208000913262367
case_006_real,gsm8k,late,real_route_replay,3,3,61,real,1.0,1,1,0.0,swiglu,0,0.06204799935221672
case_006_real,gsm8k,late,real_route_replay,3,3,61,real,1.0,1,1,0.0,swiglu,1,0.029184000566601753
case_006_real,gsm8k,late,real_route_replay,3,3,61,real,1.0,1,1,0.0,swiglu,2,0.03433600068092346
case_006_real,gsm8k,late,real_route_replay,3,3,61,real,1.0,1,1,0.0,swiglu,3,0.04198399931192398
case_006_real,gsm8k,late,real_route_replay,3,3,61,real,1.0,1,1,0.0,swiglu,4,0.03855999931693077
case_006_real,gsm8k,late,real_route_replay,3,3,61,real,1.0,1,1,0.0,swiglu,5,0.03510399907827377
case_006_real,gsm8k,late,real_route_replay,3,3,61,real,1.0,1,1,0.0,swiglu,6,0.025728000327944756
case_006_real,gsm8k,late,real_route_replay,3,3,61,real,1.0,1,1,0.0,swiglu,7,0.02396799996495247
case_006_real,gsm8k,late,real_route_replay,3,3,61,real,1.0,1,1,0.0,swiglu,8,0.022112000733613968
case_006_real,gsm8k,late,real_route_replay,3,3,61,real,1.0,1,1,0.0,swiglu,9,0.021183999255299568
case_006_real,gsm8k,late,real_route_replay,3,3,61,real,1.0,1,1,0.0,swiglu,10,0.021503999829292297
case_006_real,gsm8k,late,real_route_replay,3,3,61,real,1.0,1,1,0.0,swiglu,11,0.02175999991595745
case_006_real,gsm8k,late,real_route_replay,3,3,61,real,1.0,1,1,0.0,swiglu,12,0.0289280004799366
case_006_real,gsm8k,late,real_route_replay,3,3,61,real,1.0,1,1,0.0,swiglu,13,0.02659199945628643
case_006_real,gsm8k,late,real_route_replay,3,3,61,real,1.0,1,1,0.0,swiglu,14,0.022911999374628067
case_006_real,gsm8k,late,real_route_replay,3,3,61,real,1.0,1,1,0.0,swiglu,15,0.03824000060558319
case_006_real,gsm8k,late,real_route_replay,3,3,61,real,1.0,1,1,0.0,swiglu,16,0.02521600015461445
case_006_real,gsm8k,late,real_route_replay,3,3,61,real,1.0,1,1,0.0,swiglu,17,0.022911999374628067
case_006_real,gsm8k,late,real_route_replay,3,3,61,real,1.0,1,1,0.0,swiglu,18,0.023615999147295952
case_006_real,gsm8k,late,real_route_replay,3,3,61,real,1.0,1,1,0.0,swiglu,19,0.022752000018954277
case_006_real,gsm8k,late,real_route_replay,3,3,61,real,1.0,1,1,0.0,swiglu,20,0.020191999152302742
case_006_real,gsm8k,late,real_route_replay,3,3,61,real,1.0,1,1,0.0,swiglu,21,0.02067199908196926
case_006_real,gsm8k,late,real_route_replay,3,3,61,real,1.0,1,1,0.0,swiglu,22,0.021247999742627144
case_006_real,gsm8k,late,real_route_replay,3,3,61,real,1.0,1,1,0.0,swiglu,23,0.034272000193595886
case_006_real,gsm8k,late,real_route_replay,3,3,61,real,1.0,1,1,0.0,swiglu,24,0.02521600015461445
case_006_real,gsm8k,late,real_route_replay,3,3,61,real,1.0,1,1,0.0,swiglu,25,0.023584000766277313
case_006_real,gsm8k,late,real_route_replay,3,3,61,real,1.0,1,1,0.0,swiglu,26,0.023360000923275948
case_006_real,gsm8k,late,real_route_replay,3,3,61,real,1.0,1,1,0.0,swiglu,27,0.02316799946129322
case_006_real,gsm8k,late,real_route_replay,3,3,61,real,1.0,1,1,0.0,swiglu,28,0.023584000766277313
case_006_real,gsm8k,late,real_route_replay,3,3,61,real,1.0,1,1,0.0,swiglu,29,0.024191999807953835
case_006_real,gsm8k,late,real_route_replay,3,3,61,real,1.0,1,1,0.0,swiglu,30,0.02191999927163124
case_006_real,gsm8k,late,real_route_replay,3,3,61,real,1.0,1,1,0.0,swiglu,31,0.023615999147295952
case_006_real,gsm8k,late,real_route_replay,3,3,61,real,1.0,1,1,0.0,swiglu,32,0.02332800067961216
case_006_real,gsm8k,late,real_route_replay,3,3,61,real,1.0,1,1,0.0,swiglu,33,0.022943999618291855
case_006_real,gsm8k,late,real_route_replay,3,3,61,real,1.0,1,1,0.0,swiglu,34,0.02454400062561035
case_006_real,gsm8k,late,real_route_replay,3,3,61,real,1.0,1,1,0.0,swiglu,35,0.025536000728607178
case_006_real,gsm8k,late,real_route_replay,3,3,61,real,1.0,1,1,0.0,swiglu,36,0.022304000332951546
case_006_real,gsm8k,late,real_route_replay,3,3,61,real,1.0,1,1,0.0,swiglu,37,0.023264000192284584
case_006_real,gsm8k,late,real_route_replay,3,3,61,real,1.0,1,1,0.0,swiglu,38,0.024383999407291412
case_006_real,gsm8k,late,real_route_replay,3,3,61,real,1.0,1,1,0.0,swiglu,39,0.01990400068461895
case_006_real,gsm8k,late,real_route_replay,3,3,61,real,1.0,1,1,0.0,route_weight,0,0.016287999227643013
case_006_real,gsm8k,late,real_route_replay,3,3,61,real,1.0,1,1,0.0,route_weight,1,0.01484800036996603
case_006_real,gsm8k,late,real_route_replay,3,3,61,real,1.0,1,1,0.0,route_weight,2,0.01664000004529953
case_006_real,gsm8k,late,real_route_replay,3,3,61,real,1.0,1,1,0.0,route_weight,3,0.015552000142633915
case_006_real,gsm8k,late,real_route_replay,3,3,61,real,1.0,1,1,0.0,route_weight,4,0.013887999579310417
case_006_real,gsm8k,late,real_route_replay,3,3,61,real,1.0,1,1,0.0,route_weight,5,0.013728000223636627
case_006_real,gsm8k,late,real_route_replay,3,3,61,real,1.0,1,1,0.0,route_weight,6,0.01369599997997284
case_006_real,gsm8k,late,real_route_replay,3,3,61,real,1.0,1,1,0.0,route_weight,7,0.013183999806642532
case_006_real,gsm8k,late,real_route_replay,3,3,61,real,1.0,1,1,0.0,route_weight,8,0.01360000018030405
case_006_real,gsm8k,late,real_route_replay,3,3,61,real,1.0,1,1,0.0,route_weight,9,0.013663999736309052
case_006_real,gsm8k,late,real_route_replay,3,3,61,real,1.0,1,1,0.0,route_weight,10,0.01462399959564209
case_006_real,gsm8k,late,real_route_replay,3,3,61,real,1.0,1,1,0.0,route_weight,11,0.015231999568641186
case_006_real,gsm8k,late,real_route_replay,3,3,61,real,1.0,1,1,0.0,route_weight,12,0.015072000212967396
case_006_real,gsm8k,late,real_route_replay,3,3,61,real,1.0,1,1,0.0,route_weight,13,0.014015999622642994
case_006_real,gsm8k,late,real_route_replay,3,3,61,real,1.0,1,1,0.0,route_weight,14,0.012896000407636166
case_006_real,gsm8k,late,real_route_replay,3,3,61,real,1.0,1,1,0.0,route_weight,15,0.01539199985563755
case_006_real,gsm8k,late,real_route_replay,3,3,61,real,1.0,1,1,0.0,route_weight,16,0.013887999579310417
case_006_real,gsm8k,late,real_route_replay,3,3,61,real,1.0,1,1,0.0,route_weight,17,0.013856000266969204
case_006_real,gsm8k,late,real_route_replay,3,3,61,real,1.0,1,1,0.0,route_weight,18,0.013632000423967838
case_006_real,gsm8k,late,real_route_replay,3,3,61,real,1.0,1,1,0.0,route_weight,19,0.014592000283300877
case_006_real,gsm8k,late,real_route_replay,3,3,61,real,1.0,1,1,0.0,route_weight,20,0.013088000006973743
case_006_real,gsm8k,late,real_route_replay,3,3,61,real,1.0,1,1,0.0,route_weight,21,0.013728000223636627
case_006_real,gsm8k,late,real_route_replay,3,3,61,real,1.0,1,1,0.0,route_weight,22,0.013248000293970108
case_006_real,gsm8k,late,real_route_replay,3,3,61,real,1.0,1,1,0.0,route_weight,23,0.013344000093638897
case_006_real,gsm8k,late,real_route_replay,3,3,61,real,1.0,1,1,0.0,route_weight,24,0.013311999849975109
case_006_real,gsm8k,late,real_route_replay,3,3,61,real,1.0,1,1,0.0,route_weight,25,0.014271999709308147
case_006_real,gsm8k,late,real_route_replay,3,3,61,real,1.0,1,1,0.0,route_weight,26,0.014303999952971935
case_006_real,gsm8k,late,real_route_replay,3,3,61,real,1.0,1,1,0.0,route_weight,27,0.0144640002399683
case_006_real,gsm8k,late,real_route_replay,3,3,61,real,1.0,1,1,0.0,route_weight,28,0.01548799965530634
case_006_real,gsm8k,late,real_route_replay,3,3,61,real,1.0,1,1,0.0,route_weight,29,0.014751999638974667
case_006_real,gsm8k,late,real_route_replay,3,3,61,real,1.0,1,1,0.0,route_weight,30,0.014592000283300877
case_006_real,gsm8k,late,real_route_replay,3,3,61,real,1.0,1,1,0.0,route_weight,31,0.014944000169634819
case_006_real,gsm8k,late,real_route_replay,3,3,61,real,1.0,1,1,0.0,route_weight,32,0.014655999839305878
case_006_real,gsm8k,late,real_route_replay,3,3,61,real,1.0,1,1,0.0,route_weight,33,0.013151999562978745
case_006_real,gsm8k,late,real_route_replay,3,3,61,real,1.0,1,1,0.0,route_weight,34,0.013120000250637531
case_006_real,gsm8k,late,real_route_replay,3,3,61,real,1.0,1,1,0.0,route_weight,35,0.013279999606311321
case_006_real,gsm8k,late,real_route_replay,3,3,61,real,1.0,1,1,0.0,route_weight,36,0.013472000136971474
case_006_real,gsm8k,late,real_route_replay,3,3,61,real,1.0,1,1,0.0,route_weight,37,0.013376000337302685
case_006_real,gsm8k,late,real_route_replay,3,3,61,real,1.0,1,1,0.0,route_weight,38,0.012608000077307224
case_006_real,gsm8k,late,real_route_replay,3,3,61,real,1.0,1,1,0.0,route_weight,39,0.013407999649643898
case_006_real,gsm8k,late,real_route_replay,3,3,61,real,1.0,1,1,0.0,gate_up_active_prebuilt,0,0.05113599821925163
case_006_real,gsm8k,late,real_route_replay,3,3,61,real,1.0,1,1,0.0,gate_up_active_prebuilt,1,0.04713600128889084
case_006_real,gsm8k,late,real_route_replay,3,3,61,real,1.0,1,1,0.0,gate_up_active_prebuilt,2,0.052191998809576035
case_006_real,gsm8k,late,real_route_replay,3,3,61,real,1.0,1,1,0.0,gate_up_active_prebuilt,3,0.04787199944257736
case_006_real,gsm8k,late,real_route_replay,3,3,61,real,1.0,1,1,0.0,gate_up_active_prebuilt,4,0.0496320016682148
case_006_real,gsm8k,late,real_route_replay,3,3,61,real,1.0,1,1,0.0,gate_up_active_prebuilt,5,0.0504320003092289
case_006_real,gsm8k,late,real_route_replay,3,3,61,real,1.0,1,1,0.0,gate_up_active_prebuilt,6,0.050783999264240265
case_006_real,gsm8k,late,real_route_replay,3,3,61,real,1.0,1,1,0.0,gate_up_active_prebuilt,7,0.04652800038456917
case_006_real,gsm8k,late,real_route_replay,3,3,61,real,1.0,1,1,0.0,gate_up_active_prebuilt,8,0.046592000871896744
case_006_real,gsm8k,late,real_route_replay,3,3,61,real,1.0,1,1,0.0,gate_up_active_prebuilt,9,0.05075199902057648
case_006_real,gsm8k,late,real_route_replay,3,3,61,real,1.0,1,1,0.0,gate_up_active_prebuilt,10,0.047648001462221146
case_006_real,gsm8k,late,real_route_replay,3,3,61,real,1.0,1,1,0.0,gate_up_active_prebuilt,11,0.04864000156521797
case_006_real,gsm8k,late,real_route_replay,3,3,61,real,1.0,1,1,0.0,gate_up_active_prebuilt,12,0.04310400038957596
case_006_real,gsm8k,late,real_route_replay,3,3,61,real,1.0,1,1,0.0,gate_up_active_prebuilt,13,0.04649600014090538
case_006_real,gsm8k,late,real_route_replay,3,3,61,real,1.0,1,1,0.0,gate_up_active_prebuilt,14,0.04809600114822388
case_006_real,gsm8k,late,real_route_replay,3,3,61,real,1.0,1,1,0.0,gate_up_active_prebuilt,15,0.05023999884724617
case_006_real,gsm8k,late,real_route_replay,3,3,61,real,1.0,1,1,0.0,gate_up_active_prebuilt,16,0.05708799883723259
case_006_real,gsm8k,late,real_route_replay,3,3,61,real,1.0,1,1,0.0,gate_up_active_prebuilt,17,0.04662400111556053
case_006_real,gsm8k,late,real_route_replay,3,3,61,real,1.0,1,1,0.0,gate_up_active_prebuilt,18,0.046431999653577805
case_006_real,gsm8k,late,real_route_replay,3,3,61,real,1.0,1,1,0.0,gate_up_active_prebuilt,19,0.04940799996256828
case_006_real,gsm8k,late,real_route_replay,3,3,61,real,1.0,1,1,0.0,gate_up_active_prebuilt,20,0.047231998294591904
case_006_real,gsm8k,late,real_route_replay,3,3,61,real,1.0,1,1,0.0,gate_up_active_prebuilt,21,0.046879999339580536
case_006_real,gsm8k,late,real_route_replay,3,3,61,real,1.0,1,1,0.0,gate_up_active_prebuilt,22,0.04620800167322159
case_006_real,gsm8k,late,real_route_replay,3,3,61,real,1.0,1,1,0.0,gate_up_active_prebuilt,23,0.0469760000705719
case_006_real,gsm8k,late,real_route_replay,3,3,61,real,1.0,1,1,0.0,gate_up_active_prebuilt,24,0.04848000034689903
case_006_real,gsm8k,late,real_route_replay,3,3,61,real,1.0,1,1,0.0,gate_up_active_prebuilt,25,0.050624001771211624
case_006_real,gsm8k,late,real_route_replay,3,3,61,real,1.0,1,1,0.0,gate_up_active_prebuilt,26,0.05020799860358238
case_006_real,gsm8k,late,real_route_replay,3,3,61,real,1.0,1,1,0.0,gate_up_active_prebuilt,27,0.051552001386880875
case_006_real,gsm8k,late,real_route_replay,3,3,61,real,1.0,1,1,0.0,gate_up_active_prebuilt,28,0.0416640006005764
case_006_real,gsm8k,late,real_route_replay,3,3,61,real,1.0,1,1,0.0,gate_up_active_prebuilt,29,0.04694399982690811
case_006_real,gsm8k,late,real_route_replay,3,3,61,real,1.0,1,1,0.0,gate_up_active_prebuilt,30,0.047775998711586
case_006_real,gsm8k,late,real_route_replay,3,3,61,real,1.0,1,1,0.0,gate_up_active_prebuilt,31,0.05177599936723709
case_006_real,gsm8k,late,real_route_replay,3,3,61,real,1.0,1,1,0.0,gate_up_active_prebuilt,32,0.04934399947524071
case_006_real,gsm8k,late,real_route_replay,3,3,61,real,1.0,1,1,0.0,gate_up_active_prebuilt,33,0.05071999877691269
case_006_real,gsm8k,late,real_route_replay,3,3,61,real,1.0,1,1,0.0,gate_up_active_prebuilt,34,0.05027199909090996
case_006_real,gsm8k,late,real_route_replay,3,3,61,real,1.0,1,1,0.0,gate_up_active_prebuilt,35,0.047200001776218414
case_006_real,gsm8k,late,real_route_replay,3,3,61,real,1.0,1,1,0.0,gate_up_active_prebuilt,36,0.04636799916625023
case_006_real,gsm8k,late,real_route_replay,3,3,61,real,1.0,1,1,0.0,gate_up_active_prebuilt,37,0.04662400111556053
case_006_real,gsm8k,late,real_route_replay,3,3,61,real,1.0,1,1,0.0,gate_up_active_prebuilt,38,0.04851200059056282
case_006_real,gsm8k,late,real_route_replay,3,3,61,real,1.0,1,1,0.0,gate_up_active_prebuilt,39,0.04639999940991402
case_006_real,gsm8k,late,real_route_replay,3,3,61,real,1.0,1,1,0.0,down_full64_prebuilt,0,0.04927999898791313
case_006_real,gsm8k,late,real_route_replay,3,3,61,real,1.0,1,1,0.0,down_full64_prebuilt,1,0.04771199822425842
case_006_real,gsm8k,late,real_route_replay,3,3,61,real,1.0,1,1,0.0,down_full64_prebuilt,2,0.04339199885725975
case_006_real,gsm8k,late,real_route_replay,3,3,61,real,1.0,1,1,0.0,down_full64_prebuilt,3,0.041280001401901245
case_006_real,gsm8k,late,real_route_replay,3,3,61,real,1.0,1,1,0.0,down_full64_prebuilt,4,0.05587200075387955
case_006_real,gsm8k,late,real_route_replay,3,3,61,real,1.0,1,1,0.0,down_full64_prebuilt,5,0.042399998754262924
case_006_real,gsm8k,late,real_route_replay,3,3,61,real,1.0,1,1,0.0,down_full64_prebuilt,6,0.037087999284267426
case_006_real,gsm8k,late,real_route_replay,3,3,61,real,1.0,1,1,0.0,down_full64_prebuilt,7,0.037696000188589096
case_006_real,gsm8k,late,real_route_replay,3,3,61,real,1.0,1,1,0.0,down_full64_prebuilt,8,0.03532800078392029
case_006_real,gsm8k,late,real_route_replay,3,3,61,real,1.0,1,1,0.0,down_full64_prebuilt,9,0.0363520011305809
case_006_real,gsm8k,late,real_route_replay,3,3,61,real,1.0,1,1,0.0,down_full64_prebuilt,10,0.03481600061058998
case_006_real,gsm8k,late,real_route_replay,3,3,61,real,1.0,1,1,0.0,down_full64_prebuilt,11,0.034912001341581345
case_006_real,gsm8k,late,real_route_replay,3,3,61,real,1.0,1,1,0.0,down_full64_prebuilt,12,0.037408001720905304
case_006_real,gsm8k,late,real_route_replay,3,3,61,real,1.0,1,1,0.0,down_full64_prebuilt,13,0.037728000432252884
case_006_real,gsm8k,late,real_route_replay,3,3,61,real,1.0,1,1,0.0,down_full64_prebuilt,14,0.03920000046491623
case_006_real,gsm8k,late,real_route_replay,3,3,61,real,1.0,1,1,0.0,down_full64_prebuilt,15,0.0382080003619194
case_006_real,gsm8k,late,real_route_replay,3,3,61,real,1.0,1,1,0.0,down_full64_prebuilt,16,0.03657599911093712
case_006_real,gsm8k,late,real_route_replay,3,3,61,real,1.0,1,1,0.0,down_full64_prebuilt,17,0.03888000175356865
case_006_real,gsm8k,late,real_route_replay,3,3,61,real,1.0,1,1,0.0,down_full64_prebuilt,18,0.03465599939227104
case_006_real,gsm8k,late,real_route_replay,3,3,61,real,1.0,1,1,0.0,down_full64_prebuilt,19,0.03433600068092346
case_006_real,gsm8k,late,real_route_replay,3,3,61,real,1.0,1,1,0.0,down_full64_prebuilt,20,0.03388800099492073
case_006_real,gsm8k,late,real_route_replay,3,3,61,real,1.0,1,1,0.0,down_full64_prebuilt,21,0.035232000052928925
case_006_real,gsm8k,late,real_route_replay,3,3,61,real,1.0,1,1,0.0,down_full64_prebuilt,22,0.03385600075125694
case_006_real,gsm8k,late,real_route_replay,3,3,61,real,1.0,1,1,0.0,down_full64_prebuilt,23,0.03574400022625923
case_006_real,gsm8k,late,real_route_replay,3,3,61,real,1.0,1,1,0.0,down_full64_prebuilt,24,0.03888000175356865
case_006_real,gsm8k,late,real_route_replay,3,3,61,real,1.0,1,1,0.0,down_full64_prebuilt,25,0.03830400109291077
case_006_real,gsm8k,late,real_route_replay,3,3,61,real,1.0,1,1,0.0,down_full64_prebuilt,26,0.03564799949526787
case_006_real,gsm8k,late,real_route_replay,3,3,61,real,1.0,1,1,0.0,down_full64_prebuilt,27,0.03478400036692619
case_006_real,gsm8k,late,real_route_replay,3,3,61,real,1.0,1,1,0.0,down_full64_prebuilt,28,0.03452799841761589
case_006_real,gsm8k,late,real_route_replay,3,3,61,real,1.0,1,1,0.0,down_full64_prebuilt,29,0.03542400151491165
case_006_real,gsm8k,late,real_route_replay,3,3,61,real,1.0,1,1,0.0,down_full64_prebuilt,30,0.034591998904943466
case_006_real,gsm8k,late,real_route_replay,3,3,61,real,1.0,1,1,0.0,down_full64_prebuilt,31,0.03497600182890892
case_006_real,gsm8k,late,real_route_replay,3,3,61,real,1.0,1,1,0.0,down_full64_prebuilt,32,0.035071998834609985
case_006_real,gsm8k,late,real_route_replay,3,3,61,real,1.0,1,1,0.0,down_full64_prebuilt,33,0.035071998834609985
case_006_real,gsm8k,late,real_route_replay,3,3,61,real,1.0,1,1,0.0,down_full64_prebuilt,34,0.03577600046992302
case_006_real,gsm8k,late,real_route_replay,3,3,61,real,1.0,1,1,0.0,down_full64_prebuilt,35,0.03471999987959862
case_006_real,gsm8k,late,real_route_replay,3,3,61,real,1.0,1,1,0.0,down_full64_prebuilt,36,0.035551998764276505
case_006_real,gsm8k,late,real_route_replay,3,3,61,real,1.0,1,1,0.0,down_full64_prebuilt,37,0.03513599932193756
case_006_real,gsm8k,late,real_route_replay,3,3,61,real,1.0,1,1,0.0,down_full64_prebuilt,38,0.03452799841761589
case_006_real,gsm8k,late,real_route_replay,3,3,61,real,1.0,1,1,0.0,down_full64_prebuilt,39,0.03561599925160408
case_006_real,gsm8k,late,real_route_replay,3,3,61,real,1.0,1,1,0.0,gate_up_full64_prebuilt,0,0.04505600035190582
case_006_real,gsm8k,late,real_route_replay,3,3,61,real,1.0,1,1,0.0,gate_up_full64_prebuilt,1,0.04156799986958504
case_006_real,gsm8k,late,real_route_replay,3,3,61,real,1.0,1,1,0.0,gate_up_full64_prebuilt,2,0.04134399816393852
case_006_real,gsm8k,late,real_route_replay,3,3,61,real,1.0,1,1,0.0,gate_up_full64_prebuilt,3,0.04073600098490715
case_006_real,gsm8k,late,real_route_replay,3,3,61,real,1.0,1,1,0.0,gate_up_full64_prebuilt,4,0.04102399945259094
case_006_real,gsm8k,late,real_route_replay,3,3,61,real,1.0,1,1,0.0,gate_up_full64_prebuilt,5,0.041760001331567764
case_006_real,gsm8k,late,real_route_replay,3,3,61,real,1.0,1,1,0.0,gate_up_full64_prebuilt,6,0.041120000183582306
case_006_real,gsm8k,late,real_route_replay,3,3,61,real,1.0,1,1,0.0,gate_up_full64_prebuilt,7,0.041280001401901245
case_006_real,gsm8k,late,real_route_replay,3,3,61,real,1.0,1,1,0.0,gate_up_full64_prebuilt,8,0.04399999976158142
case_006_real,gsm8k,late,real_route_replay,3,3,61,real,1.0,1,1,0.0,gate_up_full64_prebuilt,9,0.04185599833726883
case_006_real,gsm8k,late,real_route_replay,3,3,61,real,1.0,1,1,0.0,gate_up_full64_prebuilt,10,0.04054399952292442
case_006_real,gsm8k,late,real_route_replay,3,3,61,real,1.0,1,1,0.0,gate_up_full64_prebuilt,11,0.04121600091457367
case_006_real,gsm8k,late,real_route_replay,3,3,61,real,1.0,1,1,0.0,gate_up_full64_prebuilt,12,0.040800001472234726
case_006_real,gsm8k,late,real_route_replay,3,3,61,real,1.0,1,1,0.0,gate_up_full64_prebuilt,13,0.0416640006005764
case_006_real,gsm8k,late,real_route_replay,3,3,61,real,1.0,1,1,0.0,gate_up_full64_prebuilt,14,0.04070400074124336
case_006_real,gsm8k,late,real_route_replay,3,3,61,real,1.0,1,1,0.0,gate_up_full64_prebuilt,15,0.041439998894929886
case_006_real,gsm8k,late,real_route_replay,3,3,61,real,1.0,1,1,0.0,gate_up_full64_prebuilt,16,0.04047999903559685
case_006_real,gsm8k,late,real_route_replay,3,3,61,real,1.0,1,1,0.0,gate_up_full64_prebuilt,17,0.04575999826192856
case_006_real,gsm8k,late,real_route_replay,3,3,61,real,1.0,1,1,0.0,gate_up_full64_prebuilt,18,0.041439998894929886
case_006_real,gsm8k,late,real_route_replay,3,3,61,real,1.0,1,1,0.0,gate_up_full64_prebuilt,19,0.044704001396894455
case_006_real,gsm8k,late,real_route_replay,3,3,61,real,1.0,1,1,0.0,gate_up_full64_prebuilt,20,0.049855999648571014
case_006_real,gsm8k,late,real_route_replay,3,3,61,real,1.0,1,1,0.0,gate_up_full64_prebuilt,21,0.04416000097990036
case_006_real,gsm8k,late,real_route_replay,3,3,61,real,1.0,1,1,0.0,gate_up_full64_prebuilt,22,0.04153599962592125
case_006_real,gsm8k,late,real_route_replay,3,3,61,real,1.0,1,1,0.0,gate_up_full64_prebuilt,23,0.04124800115823746
case_006_real,gsm8k,late,real_route_replay,3,3,61,real,1.0,1,1,0.0,gate_up_full64_prebuilt,24,0.04022400081157684
case_006_real,gsm8k,late,real_route_replay,3,3,61,real,1.0,1,1,0.0,gate_up_full64_prebuilt,25,0.04447999969124794
case_006_real,gsm8k,late,real_route_replay,3,3,61,real,1.0,1,1,0.0,gate_up_full64_prebuilt,26,0.05158400163054466
case_006_real,gsm8k,late,real_route_replay,3,3,61,real,1.0,1,1,0.0,gate_up_full64_prebuilt,27,0.04447999969124794
case_006_real,gsm8k,late,real_route_replay,3,3,61,real,1.0,1,1,0.0,gate_up_full64_prebuilt,28,0.04339199885725975
case_006_real,gsm8k,late,real_route_replay,3,3,61,real,1.0,1,1,0.0,gate_up_full64_prebuilt,29,0.043296001851558685
case_006_real,gsm8k,late,real_route_replay,3,3,61,real,1.0,1,1,0.0,gate_up_full64_prebuilt,30,0.04201599955558777
case_006_real,gsm8k,late,real_route_replay,3,3,61,real,1.0,1,1,0.0,gate_up_full64_prebuilt,31,0.040672000497579575
case_006_real,gsm8k,late,real_route_replay,3,3,61,real,1.0,1,1,0.0,gate_up_full64_prebuilt,32,0.04032000154256821
case_006_real,gsm8k,late,real_route_replay,3,3,61,real,1.0,1,1,0.0,gate_up_full64_prebuilt,33,0.04022400081157684
case_006_real,gsm8k,late,real_route_replay,3,3,61,real,1.0,1,1,0.0,gate_up_full64_prebuilt,34,0.041152000427246094
case_006_real,gsm8k,late,real_route_replay,3,3,61,real,1.0,1,1,0.0,gate_up_full64_prebuilt,35,0.041280001401901245
case_006_real,gsm8k,late,real_route_replay,3,3,61,real,1.0,1,1,0.0,gate_up_full64_prebuilt,36,0.04255999997258186
case_006_real,gsm8k,late,real_route_replay,3,3,61,real,1.0,1,1,0.0,gate_up_full64_prebuilt,37,0.044863998889923096
case_006_real,gsm8k,late,real_route_replay,3,3,61,real,1.0,1,1,0.0,gate_up_full64_prebuilt,38,0.04233599826693535
case_006_real,gsm8k,late,real_route_replay,3,3,61,real,1.0,1,1,0.0,gate_up_full64_prebuilt,39,0.0427200011909008
case_006_real,gsm8k,late,real_route_replay,3,3,61,real,1.0,1,1,0.0,down_active_prebuilt,0,0.04467200115323067
case_006_real,gsm8k,late,real_route_replay,3,3,61,real,1.0,1,1,0.0,down_active_prebuilt,1,0.03961599990725517
case_006_real,gsm8k,late,real_route_replay,3,3,61,real,1.0,1,1,0.0,down_active_prebuilt,2,0.045791998505592346
case_006_real,gsm8k,late,real_route_replay,3,3,61,real,1.0,1,1,0.0,down_active_prebuilt,3,0.04678399860858917
case_006_real,gsm8k,late,real_route_replay,3,3,61,real,1.0,1,1,0.0,down_active_prebuilt,4,0.04105599969625473
case_006_real,gsm8k,late,real_route_replay,3,3,61,real,1.0,1,1,0.0,down_active_prebuilt,5,0.04639999940991402
case_006_real,gsm8k,late,real_route_replay,3,3,61,real,1.0,1,1,0.0,down_active_prebuilt,6,0.044319998472929
case_006_real,gsm8k,late,real_route_replay,3,3,61,real,1.0,1,1,0.0,down_active_prebuilt,7,0.04700800031423569
case_006_real,gsm8k,late,real_route_replay,3,3,61,real,1.0,1,1,0.0,down_active_prebuilt,8,0.044544000178575516
case_006_real,gsm8k,late,real_route_replay,3,3,61,real,1.0,1,1,0.0,down_active_prebuilt,9,0.04460800066590309
case_006_real,gsm8k,late,real_route_replay,3,3,61,real,1.0,1,1,0.0,down_active_prebuilt,10,0.04297599941492081
case_006_real,gsm8k,late,real_route_replay,3,3,61,real,1.0,1,1,0.0,down_active_prebuilt,11,0.044096000492572784
case_006_real,gsm8k,late,real_route_replay,3,3,61,real,1.0,1,1,0.0,down_active_prebuilt,12,0.04179200157523155
case_006_real,gsm8k,late,real_route_replay,3,3,61,real,1.0,1,1,0.0,down_active_prebuilt,13,0.0414079986512661
case_006_real,gsm8k,late,real_route_replay,3,3,61,real,1.0,1,1,0.0,down_active_prebuilt,14,0.04265600070357323
case_006_real,gsm8k,late,real_route_replay,3,3,61,real,1.0,1,1,0.0,down_active_prebuilt,15,0.04150399938225746
case_006_real,gsm8k,late,real_route_replay,3,3,61,real,1.0,1,1,0.0,down_active_prebuilt,16,0.03526400029659271
case_006_real,gsm8k,late,real_route_replay,3,3,61,real,1.0,1,1,0.0,down_active_prebuilt,17,0.043455999344587326
case_006_real,gsm8k,late,real_route_replay,3,3,61,real,1.0,1,1,0.0,down_active_prebuilt,18,0.04614400118589401
case_006_real,gsm8k,late,real_route_replay,3,3,61,real,1.0,1,1,0.0,down_active_prebuilt,19,0.04633599892258644
case_006_real,gsm8k,late,real_route_replay,3,3,61,real,1.0,1,1,0.0,down_active_prebuilt,20,0.041280001401901245
case_006_real,gsm8k,late,real_route_replay,3,3,61,real,1.0,1,1,0.0,down_active_prebuilt,21,0.04310400038957596
case_006_real,gsm8k,late,real_route_replay,3,3,61,real,1.0,1,1,0.0,down_active_prebuilt,22,0.041760001331567764
case_006_real,gsm8k,late,real_route_replay,3,3,61,real,1.0,1,1,0.0,down_active_prebuilt,23,0.04169600084424019
case_006_real,gsm8k,late,real_route_replay,3,3,61,real,1.0,1,1,0.0,down_active_prebuilt,24,0.04092799872159958
case_006_real,gsm8k,late,real_route_replay,3,3,61,real,1.0,1,1,0.0,down_active_prebuilt,25,0.04032000154256821
case_006_real,gsm8k,late,real_route_replay,3,3,61,real,1.0,1,1,0.0,down_active_prebuilt,26,0.03999999910593033
case_006_real,gsm8k,late,real_route_replay,3,3,61,real,1.0,1,1,0.0,down_active_prebuilt,27,0.040800001472234726
case_006_real,gsm8k,late,real_route_replay,3,3,61,real,1.0,1,1,0.0,down_active_prebuilt,28,0.04022400081157684
case_006_real,gsm8k,late,real_route_replay,3,3,61,real,1.0,1,1,0.0,down_active_prebuilt,29,0.04585599899291992
case_006_real,gsm8k,late,real_route_replay,3,3,61,real,1.0,1,1,0.0,down_active_prebuilt,30,0.04540799930691719
case_006_real,gsm8k,late,real_route_replay,3,3,61,real,1.0,1,1,0.0,down_active_prebuilt,31,0.04374400153756142
case_006_real,gsm8k,late,real_route_replay,3,3,61,real,1.0,1,1,0.0,down_active_prebuilt,32,0.04368000105023384
case_006_real,gsm8k,late,real_route_replay,3,3,61,real,1.0,1,1,0.0,down_active_prebuilt,33,0.03920000046491623
case_006_real,gsm8k,late,real_route_replay,3,3,61,real,1.0,1,1,0.0,down_active_prebuilt,34,0.038656000047922134
case_006_real,gsm8k,late,real_route_replay,3,3,61,real,1.0,1,1,0.0,down_active_prebuilt,35,0.04262400045990944
case_006_real,gsm8k,late,real_route_replay,3,3,61,real,1.0,1,1,0.0,down_active_prebuilt,36,0.04585599899291992
case_006_real,gsm8k,late,real_route_replay,3,3,61,real,1.0,1,1,0.0,down_active_prebuilt,37,0.036320000886917114
case_006_real,gsm8k,late,real_route_replay,3,3,61,real,1.0,1,1,0.0,down_active_prebuilt,38,0.03468799963593483
case_006_real,gsm8k,late,real_route_replay,3,3,61,real,1.0,1,1,0.0,down_active_prebuilt,39,0.035840000957250595
case_007_real,gsm8k,late,real_route_replay,67,17,47,real,3.9411764705882355,1,8,0.421625280353001,gate_up_full64_prebuilt,0,0.14803199470043182
case_007_real,gsm8k,late,real_route_replay,67,17,47,real,3.9411764705882355,1,8,0.421625280353001,gate_up_full64_prebuilt,1,0.1361600011587143
case_007_real,gsm8k,late,real_route_replay,67,17,47,real,3.9411764705882355,1,8,0.421625280353001,gate_up_full64_prebuilt,2,0.13705599308013916
case_007_real,gsm8k,late,real_route_replay,67,17,47,real,3.9411764705882355,1,8,0.421625280353001,gate_up_full64_prebuilt,3,0.13519999384880066
case_007_real,gsm8k,late,real_route_replay,67,17,47,real,3.9411764705882355,1,8,0.421625280353001,gate_up_full64_prebuilt,4,0.1408960074186325
case_007_real,gsm8k,late,real_route_replay,67,17,47,real,3.9411764705882355,1,8,0.421625280353001,gate_up_full64_prebuilt,5,0.13600000739097595
case_007_real,gsm8k,late,real_route_replay,67,17,47,real,3.9411764705882355,1,8,0.421625280353001,gate_up_full64_prebuilt,6,0.13766400516033173
case_007_real,gsm8k,late,real_route_replay,67,17,47,real,3.9411764705882355,1,8,0.421625280353001,gate_up_full64_prebuilt,7,0.13884800672531128
case_007_real,gsm8k,late,real_route_replay,67,17,47,real,3.9411764705882355,1,8,0.421625280353001,gate_up_full64_prebuilt,8,0.1475200057029724
case_007_real,gsm8k,late,real_route_replay,67,17,47,real,3.9411764705882355,1,8,0.421625280353001,gate_up_full64_prebuilt,9,0.14374400675296783
case_007_real,gsm8k,late,real_route_replay,67,17,47,real,3.9411764705882355,1,8,0.421625280353001,gate_up_full64_prebuilt,10,0.14633600413799286
case_007_real,gsm8k,late,real_route_replay,67,17,47,real,3.9411764705882355,1,8,0.421625280353001,gate_up_full64_prebuilt,11,0.14368000626564026
case_007_real,gsm8k,late,real_route_replay,67,17,47,real,3.9411764705882355,1,8,0.421625280353001,gate_up_full64_prebuilt,12,0.13952000439167023
case_007_real,gsm8k,late,real_route_replay,67,17,47,real,3.9411764705882355,1,8,0.421625280353001,gate_up_full64_prebuilt,13,0.14195199310779572
case_007_real,gsm8k,late,real_route_replay,67,17,47,real,3.9411764705882355,1,8,0.421625280353001,gate_up_full64_prebuilt,14,0.142752006649971
case_007_real,gsm8k,late,real_route_replay,67,17,47,real,3.9411764705882355,1,8,0.421625280353001,gate_up_full64_prebuilt,15,0.14508800208568573
case_007_real,gsm8k,late,real_route_replay,67,17,47,real,3.9411764705882355,1,8,0.421625280353001,gate_up_full64_prebuilt,16,0.14547200500965118
case_007_real,gsm8k,late,real_route_replay,67,17,47,real,3.9411764705882355,1,8,0.421625280353001,gate_up_full64_prebuilt,17,0.14524799585342407
case_007_real,gsm8k,late,real_route_replay,67,17,47,real,3.9411764705882355,1,8,0.421625280353001,gate_up_full64_prebuilt,18,0.14547200500965118
case_007_real,gsm8k,late,real_route_replay,67,17,47,real,3.9411764705882355,1,8,0.421625280353001,gate_up_full64_prebuilt,19,0.14403200149536133
case_007_real,gsm8k,late,real_route_replay,67,17,47,real,3.9411764705882355,1,8,0.421625280353001,gate_up_full64_prebuilt,20,0.14665600657463074
case_007_real,gsm8k,late,real_route_replay,67,17,47,real,3.9411764705882355,1,8,0.421625280353001,gate_up_full64_prebuilt,21,0.14294399321079254
case_007_real,gsm8k,late,real_route_replay,67,17,47,real,3.9411764705882355,1,8,0.421625280353001,gate_up_full64_prebuilt,22,0.14767999947071075
case_007_real,gsm8k,late,real_route_replay,67,17,47,real,3.9411764705882355,1,8,0.421625280353001,gate_up_full64_prebuilt,23,0.13628800213336945
case_007_real,gsm8k,late,real_route_replay,67,17,47,real,3.9411764705882355,1,8,0.421625280353001,gate_up_full64_prebuilt,24,0.1449279934167862
case_007_real,gsm8k,late,real_route_replay,67,17,47,real,3.9411764705882355,1,8,0.421625280353001,gate_up_full64_prebuilt,25,0.13900800049304962
case_007_real,gsm8k,late,real_route_replay,67,17,47,real,3.9411764705882355,1,8,0.421625280353001,gate_up_full64_prebuilt,26,0.13577599823474884
case_007_real,gsm8k,late,real_route_replay,67,17,47,real,3.9411764705882355,1,8,0.421625280353001,gate_up_full64_prebuilt,27,0.13420799374580383
case_007_real,gsm8k,late,real_route_replay,67,17,47,real,3.9411764705882355,1,8,0.421625280353001,gate_up_full64_prebuilt,28,0.13491199910640717
case_007_real,gsm8k,late,real_route_replay,67,17,47,real,3.9411764705882355,1,8,0.421625280353001,gate_up_full64_prebuilt,29,0.13475200533866882
case_007_real,gsm8k,late,real_route_replay,67,17,47,real,3.9411764705882355,1,8,0.421625280353001,gate_up_full64_prebuilt,30,0.13526399433612823
case_007_real,gsm8k,late,real_route_replay,67,17,47,real,3.9411764705882355,1,8,0.421625280353001,gate_up_full64_prebuilt,31,0.13334399461746216
case_007_real,gsm8k,late,real_route_replay,67,17,47,real,3.9411764705882355,1,8,0.421625280353001,gate_up_full64_prebuilt,32,0.13526399433612823
case_007_real,gsm8k,late,real_route_replay,67,17,47,real,3.9411764705882355,1,8,0.421625280353001,gate_up_full64_prebuilt,33,0.13504000008106232
case_007_real,gsm8k,late,real_route_replay,67,17,47,real,3.9411764705882355,1,8,0.421625280353001,gate_up_full64_prebuilt,34,0.1337919980287552
case_007_real,gsm8k,late,real_route_replay,67,17,47,real,3.9411764705882355,1,8,0.421625280353001,gate_up_full64_prebuilt,35,0.1377599984407425
case_007_real,gsm8k,late,real_route_replay,67,17,47,real,3.9411764705882355,1,8,0.421625280353001,gate_up_full64_prebuilt,36,0.13737599551677704
case_007_real,gsm8k,late,real_route_replay,67,17,47,real,3.9411764705882355,1,8,0.421625280353001,gate_up_full64_prebuilt,37,0.13811199367046356
case_007_real,gsm8k,late,real_route_replay,67,17,47,real,3.9411764705882355,1,8,0.421625280353001,gate_up_full64_prebuilt,38,0.13728000223636627
case_007_real,gsm8k,late,real_route_replay,67,17,47,real,3.9411764705882355,1,8,0.421625280353001,gate_up_full64_prebuilt,39,0.14204800128936768
case_007_real,gsm8k,late,real_route_replay,67,17,47,real,3.9411764705882355,1,8,0.421625280353001,down_active_prebuilt,0,0.09609600156545639
case_007_real,gsm8k,late,real_route_replay,67,17,47,real,3.9411764705882355,1,8,0.421625280353001,down_active_prebuilt,1,0.09596800059080124
case_007_real,gsm8k,late,real_route_replay,67,17,47,real,3.9411764705882355,1,8,0.421625280353001,down_active_prebuilt,2,0.10012800246477127
case_007_real,gsm8k,late,real_route_replay,67,17,47,real,3.9411764705882355,1,8,0.421625280353001,down_active_prebuilt,3,0.09465599805116653
case_007_real,gsm8k,late,real_route_replay,67,17,47,real,3.9411764705882355,1,8,0.421625280353001,down_active_prebuilt,4,0.09747199714183807
case_007_real,gsm8k,late,real_route_replay,67,17,47,real,3.9411764705882355,1,8,0.421625280353001,down_active_prebuilt,5,0.09520000219345093
case_007_real,gsm8k,late,real_route_replay,67,17,47,real,3.9411764705882355,1,8,0.421625280353001,down_active_prebuilt,6,0.09702400118112564
case_007_real,gsm8k,late,real_route_replay,67,17,47,real,3.9411764705882355,1,8,0.421625280353001,down_active_prebuilt,7,0.09244800359010696
case_007_real,gsm8k,late,real_route_replay,67,17,47,real,3.9411764705882355,1,8,0.421625280353001,down_active_prebuilt,8,0.09363199770450592
case_007_real,gsm8k,late,real_route_replay,67,17,47,real,3.9411764705882355,1,8,0.421625280353001,down_active_prebuilt,9,0.1005759984254837
case_007_real,gsm8k,late,real_route_replay,67,17,47,real,3.9411764705882355,1,8,0.421625280353001,down_active_prebuilt,10,0.09459199756383896
case_007_real,gsm8k,late,real_route_replay,67,17,47,real,3.9411764705882355,1,8,0.421625280353001,down_active_prebuilt,11,0.08819200098514557
case_007_real,gsm8k,late,real_route_replay,67,17,47,real,3.9411764705882355,1,8,0.421625280353001,down_active_prebuilt,12,0.08611200004816055
case_007_real,gsm8k,late,real_route_replay,67,17,47,real,3.9411764705882355,1,8,0.421625280353001,down_active_prebuilt,13,0.08700799942016602
case_007_real,gsm8k,late,real_route_replay,67,17,47,real,3.9411764705882355,1,8,0.421625280353001,down_active_prebuilt,14,0.08566399663686752
case_007_real,gsm8k,late,real_route_replay,67,17,47,real,3.9411764705882355,1,8,0.421625280353001,down_active_prebuilt,15,0.08876799792051315
case_007_real,gsm8k,late,real_route_replay,67,17,47,real,3.9411764705882355,1,8,0.421625280353001,down_active_prebuilt,16,0.08591999858617783
case_007_real,gsm8k,late,real_route_replay,67,17,47,real,3.9411764705882355,1,8,0.421625280353001,down_active_prebuilt,17,0.08521600067615509
case_007_real,gsm8k,late,real_route_replay,67,17,47,real,3.9411764705882355,1,8,0.421625280353001,down_active_prebuilt,18,0.0865280032157898
case_007_real,gsm8k,late,real_route_replay,67,17,47,real,3.9411764705882355,1,8,0.421625280353001,down_active_prebuilt,19,0.08499199897050858
case_007_real,gsm8k,late,real_route_replay,67,17,47,real,3.9411764705882355,1,8,0.421625280353001,down_active_prebuilt,20,0.08601599931716919
case_007_real,gsm8k,late,real_route_replay,67,17,47,real,3.9411764705882355,1,8,0.421625280353001,down_active_prebuilt,21,0.08604799956083298
case_007_real,gsm8k,late,real_route_replay,67,17,47,real,3.9411764705882355,1,8,0.421625280353001,down_active_prebuilt,22,0.08899199962615967
case_007_real,gsm8k,late,real_route_replay,67,17,47,real,3.9411764705882355,1,8,0.421625280353001,down_active_prebuilt,23,0.0888959988951683
case_007_real,gsm8k,late,real_route_replay,67,17,47,real,3.9411764705882355,1,8,0.421625280353001,down_active_prebuilt,24,0.09273599833250046
case_007_real,gsm8k,late,real_route_replay,67,17,47,real,3.9411764705882355,1,8,0.421625280353001,down_active_prebuilt,25,0.08752000331878662
case_007_real,gsm8k,late,real_route_replay,67,17,47,real,3.9411764705882355,1,8,0.421625280353001,down_active_prebuilt,26,0.08643200248479843
case_007_real,gsm8k,late,real_route_replay,67,17,47,real,3.9411764705882355,1,8,0.421625280353001,down_active_prebuilt,27,0.08569599688053131
case_007_real,gsm8k,late,real_route_replay,67,17,47,real,3.9411764705882355,1,8,0.421625280353001,down_active_prebuilt,28,0.09628800302743912
case_007_real,gsm8k,late,real_route_replay,67,17,47,real,3.9411764705882355,1,8,0.421625280353001,down_active_prebuilt,29,0.08515200018882751
case_007_real,gsm8k,late,real_route_replay,67,17,47,real,3.9411764705882355,1,8,0.421625280353001,down_active_prebuilt,30,0.08611200004816055
case_007_real,gsm8k,late,real_route_replay,67,17,47,real,3.9411764705882355,1,8,0.421625280353001,down_active_prebuilt,31,0.08489599823951721
case_007_real,gsm8k,late,real_route_replay,67,17,47,real,3.9411764705882355,1,8,0.421625280353001,down_active_prebuilt,32,0.08591999858617783
case_007_real,gsm8k,late,real_route_replay,67,17,47,real,3.9411764705882355,1,8,0.421625280353001,down_active_prebuilt,33,0.08406399935483932
case_007_real,gsm8k,late,real_route_replay,67,17,47,real,3.9411764705882355,1,8,0.421625280353001,down_active_prebuilt,34,0.08582399785518646
case_007_real,gsm8k,late,real_route_replay,67,17,47,real,3.9411764705882355,1,8,0.421625280353001,down_active_prebuilt,35,0.08697599917650223
case_007_real,gsm8k,late,real_route_replay,67,17,47,real,3.9411764705882355,1,8,0.421625280353001,down_active_prebuilt,36,0.08643200248479843
case_007_real,gsm8k,late,real_route_replay,67,17,47,real,3.9411764705882355,1,8,0.421625280353001,down_active_prebuilt,37,0.08822400122880936
case_007_real,gsm8k,late,real_route_replay,67,17,47,real,3.9411764705882355,1,8,0.421625280353001,down_active_prebuilt,38,0.08761599659919739
case_007_real,gsm8k,late,real_route_replay,67,17,47,real,3.9411764705882355,1,8,0.421625280353001,down_active_prebuilt,39,0.08982399851083755
case_007_real,gsm8k,late,real_route_replay,67,17,47,real,3.9411764705882355,1,8,0.421625280353001,gate_up_active_prebuilt,0,0.133215993642807
case_007_real,gsm8k,late,real_route_replay,67,17,47,real,3.9411764705882355,1,8,0.421625280353001,gate_up_active_prebuilt,1,0.1353919953107834
case_007_real,gsm8k,late,real_route_replay,67,17,47,real,3.9411764705882355,1,8,0.421625280353001,gate_up_active_prebuilt,2,0.13232000172138214
case_007_real,gsm8k,late,real_route_replay,67,17,47,real,3.9411764705882355,1,8,0.421625280353001,gate_up_active_prebuilt,3,0.13491199910640717
case_007_real,gsm8k,late,real_route_replay,67,17,47,real,3.9411764705882355,1,8,0.421625280353001,gate_up_active_prebuilt,4,0.13468800485134125
case_007_real,gsm8k,late,real_route_replay,67,17,47,real,3.9411764705882355,1,8,0.421625280353001,gate_up_active_prebuilt,5,0.13363200426101685
case_007_real,gsm8k,late,real_route_replay,67,17,47,real,3.9411764705882355,1,8,0.421625280353001,gate_up_active_prebuilt,6,0.13414399325847626
case_007_real,gsm8k,late,real_route_replay,67,17,47,real,3.9411764705882355,1,8,0.421625280353001,gate_up_active_prebuilt,7,0.13289600610733032
case_007_real,gsm8k,late,real_route_replay,67,17,47,real,3.9411764705882355,1,8,0.421625280353001,gate_up_active_prebuilt,8,0.13443200290203094
case_007_real,gsm8k,late,real_route_replay,67,17,47,real,3.9411764705882355,1,8,0.421625280353001,gate_up_active_prebuilt,9,0.1454399973154068
case_007_real,gsm8k,late,real_route_replay,67,17,47,real,3.9411764705882355,1,8,0.421625280353001,gate_up_active_prebuilt,10,0.14124800264835358
case_007_real,gsm8k,late,real_route_replay,67,17,47,real,3.9411764705882355,1,8,0.421625280353001,gate_up_active_prebuilt,11,0.14630399644374847
case_007_real,gsm8k,late,real_route_replay,67,17,47,real,3.9411764705882355,1,8,0.421625280353001,gate_up_active_prebuilt,12,0.1409280002117157
case_007_real,gsm8k,late,real_route_replay,67,17,47,real,3.9411764705882355,1,8,0.421625280353001,gate_up_active_prebuilt,13,0.13964800536632538
case_007_real,gsm8k,late,real_route_replay,67,17,47,real,3.9411764705882355,1,8,0.421625280353001,gate_up_active_prebuilt,14,0.1395840048789978
case_007_real,gsm8k,late,real_route_replay,67,17,47,real,3.9411764705882355,1,8,0.421625280353001,gate_up_active_prebuilt,15,0.14563199877738953
case_007_real,gsm8k,late,real_route_replay,67,17,47,real,3.9411764705882355,1,8,0.421625280353001,gate_up_active_prebuilt,16,0.14502400159835815
case_007_real,gsm8k,late,real_route_replay,67,17,47,real,3.9411764705882355,1,8,0.421625280353001,gate_up_active_prebuilt,17,0.14351999759674072
case_007_real,gsm8k,late,real_route_replay,67,17,47,real,3.9411764705882355,1,8,0.421625280353001,gate_up_active_prebuilt,18,0.13420799374580383
case_007_real,gsm8k,late,real_route_replay,67,17,47,real,3.9411764705882355,1,8,0.421625280353001,gate_up_active_prebuilt,19,0.13529600203037262
case_007_real,gsm8k,late,real_route_replay,67,17,47,real,3.9411764705882355,1,8,0.421625280353001,gate_up_active_prebuilt,20,0.13222399353981018
case_007_real,gsm8k,late,real_route_replay,67,17,47,real,3.9411764705882355,1,8,0.421625280353001,gate_up_active_prebuilt,21,0.13551999628543854
case_007_real,gsm8k,late,real_route_replay,67,17,47,real,3.9411764705882355,1,8,0.421625280353001,gate_up_active_prebuilt,22,0.13836799561977386
case_007_real,gsm8k,late,real_route_replay,67,17,47,real,3.9411764705882355,1,8,0.421625280353001,gate_up_active_prebuilt,23,0.13622400164604187
case_007_real,gsm8k,late,real_route_replay,67,17,47,real,3.9411764705882355,1,8,0.421625280353001,gate_up_active_prebuilt,24,0.133760005235672
case_007_real,gsm8k,late,real_route_replay,67,17,47,real,3.9411764705882355,1,8,0.421625280353001,gate_up_active_prebuilt,25,0.13238400220870972
case_007_real,gsm8k,late,real_route_replay,67,17,47,real,3.9411764705882355,1,8,0.421625280353001,gate_up_active_prebuilt,26,0.13366399705410004
case_007_real,gsm8k,late,real_route_replay,67,17,47,real,3.9411764705882355,1,8,0.421625280353001,gate_up_active_prebuilt,27,0.13308799266815186
case_007_real,gsm8k,late,real_route_replay,67,17,47,real,3.9411764705882355,1,8,0.421625280353001,gate_up_active_prebuilt,28,0.1345600038766861
case_007_real,gsm8k,late,real_route_replay,67,17,47,real,3.9411764705882355,1,8,0.421625280353001,gate_up_active_prebuilt,29,0.1340479999780655
case_007_real,gsm8k,late,real_route_replay,67,17,47,real,3.9411764705882355,1,8,0.421625280353001,gate_up_active_prebuilt,30,0.13545599579811096
case_007_real,gsm8k,late,real_route_replay,67,17,47,real,3.9411764705882355,1,8,0.421625280353001,gate_up_active_prebuilt,31,0.13331200182437897
case_007_real,gsm8k,late,real_route_replay,67,17,47,real,3.9411764705882355,1,8,0.421625280353001,gate_up_active_prebuilt,32,0.13302400708198547
case_007_real,gsm8k,late,real_route_replay,67,17,47,real,3.9411764705882355,1,8,0.421625280353001,gate_up_active_prebuilt,33,0.13625599443912506
case_007_real,gsm8k,late,real_route_replay,67,17,47,real,3.9411764705882355,1,8,0.421625280353001,gate_up_active_prebuilt,34,0.13574400544166565
case_007_real,gsm8k,late,real_route_replay,67,17,47,real,3.9411764705882355,1,8,0.421625280353001,gate_up_active_prebuilt,35,0.1366720050573349
case_007_real,gsm8k,late,real_route_replay,67,17,47,real,3.9411764705882355,1,8,0.421625280353001,gate_up_active_prebuilt,36,0.1332480013370514
case_007_real,gsm8k,late,real_route_replay,67,17,47,real,3.9411764705882355,1,8,0.421625280353001,gate_up_active_prebuilt,37,0.13260799646377563
case_007_real,gsm8k,late,real_route_replay,67,17,47,real,3.9411764705882355,1,8,0.421625280353001,gate_up_active_prebuilt,38,0.13254399597644806
case_007_real,gsm8k,late,real_route_replay,67,17,47,real,3.9411764705882355,1,8,0.421625280353001,gate_up_active_prebuilt,39,0.13523200154304504
case_007_real,gsm8k,late,real_route_replay,67,17,47,real,3.9411764705882355,1,8,0.421625280353001,down_full64_prebuilt,0,0.08656000345945358
case_007_real,gsm8k,late,real_route_replay,67,17,47,real,3.9411764705882355,1,8,0.421625280353001,down_full64_prebuilt,1,0.08630400151014328
case_007_real,gsm8k,late,real_route_replay,67,17,47,real,3.9411764705882355,1,8,0.421625280353001,down_full64_prebuilt,2,0.08588799834251404
case_007_real,gsm8k,late,real_route_replay,67,17,47,real,3.9411764705882355,1,8,0.421625280353001,down_full64_prebuilt,3,0.08566399663686752
case_007_real,gsm8k,late,real_route_replay,67,17,47,real,3.9411764705882355,1,8,0.421625280353001,down_full64_prebuilt,4,0.08521600067615509
case_007_real,gsm8k,late,real_route_replay,67,17,47,real,3.9411764705882355,1,8,0.421625280353001,down_full64_prebuilt,5,0.08912000060081482
case_007_real,gsm8k,late,real_route_replay,67,17,47,real,3.9411764705882355,1,8,0.421625280353001,down_full64_prebuilt,6,0.08739200234413147
case_007_real,gsm8k,late,real_route_replay,67,17,47,real,3.9411764705882355,1,8,0.421625280353001,down_full64_prebuilt,7,0.0888959988951683
case_007_real,gsm8k,late,real_route_replay,67,17,47,real,3.9411764705882355,1,8,0.421625280353001,down_full64_prebuilt,8,0.08777599781751633
case_007_real,gsm8k,late,real_route_replay,67,17,47,real,3.9411764705882355,1,8,0.421625280353001,down_full64_prebuilt,9,0.08601599931716919
case_007_real,gsm8k,late,real_route_replay,67,17,47,real,3.9411764705882355,1,8,0.421625280353001,down_full64_prebuilt,10,0.08790399879217148
case_007_real,gsm8k,late,real_route_replay,67,17,47,real,3.9411764705882355,1,8,0.421625280353001,down_full64_prebuilt,11,0.08582399785518646
case_007_real,gsm8k,late,real_route_replay,67,17,47,real,3.9411764705882355,1,8,0.421625280353001,down_full64_prebuilt,12,0.08710400015115738
case_007_real,gsm8k,late,real_route_replay,67,17,47,real,3.9411764705882355,1,8,0.421625280353001,down_full64_prebuilt,13,0.0867839977145195
case_007_real,gsm8k,late,real_route_replay,67,17,47,real,3.9411764705882355,1,8,0.421625280353001,down_full64_prebuilt,14,0.09036800265312195
case_007_real,gsm8k,late,real_route_replay,67,17,47,real,3.9411764705882355,1,8,0.421625280353001,down_full64_prebuilt,15,0.08684799820184708
case_007_real,gsm8k,late,real_route_replay,67,17,47,real,3.9411764705882355,1,8,0.421625280353001,down_full64_prebuilt,16,0.08662399649620056
case_007_real,gsm8k,late,real_route_replay,67,17,47,real,3.9411764705882355,1,8,0.421625280353001,down_full64_prebuilt,17,0.08579199761152267
case_007_real,gsm8k,late,real_route_replay,67,17,47,real,3.9411764705882355,1,8,0.421625280353001,down_full64_prebuilt,18,0.0907519981265068
case_007_real,gsm8k,late,real_route_replay,67,17,47,real,3.9411764705882355,1,8,0.421625280353001,down_full64_prebuilt,19,0.08755200356245041
case_007_real,gsm8k,late,real_route_replay,67,17,47,real,3.9411764705882355,1,8,0.421625280353001,down_full64_prebuilt,20,0.0891840010881424
case_007_real,gsm8k,late,real_route_replay,67,17,47,real,3.9411764705882355,1,8,0.421625280353001,down_full64_prebuilt,21,0.08796799927949905
case_007_real,gsm8k,late,real_route_replay,67,17,47,real,3.9411764705882355,1,8,0.421625280353001,down_full64_prebuilt,22,0.0870399996638298
case_007_real,gsm8k,late,real_route_replay,67,17,47,real,3.9411764705882355,1,8,0.421625280353001,down_full64_prebuilt,23,0.08534400165081024
case_007_real,gsm8k,late,real_route_replay,67,17,47,real,3.9411764705882355,1,8,0.421625280353001,down_full64_prebuilt,24,0.0854400023818016
case_007_real,gsm8k,late,real_route_replay,67,17,47,real,3.9411764705882355,1,8,0.421625280353001,down_full64_prebuilt,25,0.08716800063848495
case_007_real,gsm8k,late,real_route_replay,67,17,47,real,3.9411764705882355,1,8,0.421625280353001,down_full64_prebuilt,26,0.08761599659919739
case_007_real,gsm8k,late,real_route_replay,67,17,47,real,3.9411764705882355,1,8,0.421625280353001,down_full64_prebuilt,27,0.08607999980449677
case_007_real,gsm8k,late,real_route_replay,67,17,47,real,3.9411764705882355,1,8,0.421625280353001,down_full64_prebuilt,28,0.08617600053548813
case_007_real,gsm8k,late,real_route_replay,67,17,47,real,3.9411764705882355,1,8,0.421625280353001,down_full64_prebuilt,29,0.08448000252246857
case_007_real,gsm8k,late,real_route_replay,67,17,47,real,3.9411764705882355,1,8,0.421625280353001,down_full64_prebuilt,30,0.08537600189447403
case_007_real,gsm8k,late,real_route_replay,67,17,47,real,3.9411764705882355,1,8,0.421625280353001,down_full64_prebuilt,31,0.08799999952316284
case_007_real,gsm8k,late,real_route_replay,67,17,47,real,3.9411764705882355,1,8,0.421625280353001,down_full64_prebuilt,32,0.08979199826717377
case_007_real,gsm8k,late,real_route_replay,67,17,47,real,3.9411764705882355,1,8,0.421625280353001,down_full64_prebuilt,33,0.08848000317811966
case_007_real,gsm8k,late,real_route_replay,67,17,47,real,3.9411764705882355,1,8,0.421625280353001,down_full64_prebuilt,34,0.09151999652385712
case_007_real,gsm8k,late,real_route_replay,67,17,47,real,3.9411764705882355,1,8,0.421625280353001,down_full64_prebuilt,35,0.08752000331878662
case_007_real,gsm8k,late,real_route_replay,67,17,47,real,3.9411764705882355,1,8,0.421625280353001,down_full64_prebuilt,36,0.08912000060081482
case_007_real,gsm8k,late,real_route_replay,67,17,47,real,3.9411764705882355,1,8,0.421625280353001,down_full64_prebuilt,37,0.0870399996638298
case_007_real,gsm8k,late,real_route_replay,67,17,47,real,3.9411764705882355,1,8,0.421625280353001,down_full64_prebuilt,38,0.08752000331878662
case_007_real,gsm8k,late,real_route_replay,67,17,47,real,3.9411764705882355,1,8,0.421625280353001,down_full64_prebuilt,39,0.08713600039482117
case_007_real,gsm8k,late,real_route_replay,67,17,47,real,3.9411764705882355,1,8,0.421625280353001,route_weight,0,0.01635199971497059
case_007_real,gsm8k,late,real_route_replay,67,17,47,real,3.9411764705882355,1,8,0.421625280353001,route_weight,1,0.014655999839305878
case_007_real,gsm8k,late,real_route_replay,67,17,47,real,3.9411764705882355,1,8,0.421625280353001,route_weight,2,0.01484800036996603
case_007_real,gsm8k,late,real_route_replay,67,17,47,real,3.9411764705882355,1,8,0.421625280353001,route_weight,3,0.013567999936640263
case_007_real,gsm8k,late,real_route_replay,67,17,47,real,3.9411764705882355,1,8,0.421625280353001,route_weight,4,0.013952000066637993
case_007_real,gsm8k,late,real_route_replay,67,17,47,real,3.9411764705882355,1,8,0.421625280353001,route_weight,5,0.013183999806642532
case_007_real,gsm8k,late,real_route_replay,67,17,47,real,3.9411764705882355,1,8,0.421625280353001,route_weight,6,0.013088000006973743
case_007_real,gsm8k,late,real_route_replay,67,17,47,real,3.9411764705882355,1,8,0.421625280353001,route_weight,7,0.013791999779641628
case_007_real,gsm8k,late,real_route_replay,67,17,47,real,3.9411764705882355,1,8,0.421625280353001,route_weight,8,0.020191999152302742
case_007_real,gsm8k,late,real_route_replay,67,17,47,real,3.9411764705882355,1,8,0.421625280353001,route_weight,9,0.013824000023305416
case_007_real,gsm8k,late,real_route_replay,67,17,47,real,3.9411764705882355,1,8,0.421625280353001,route_weight,10,0.019360000267624855
case_007_real,gsm8k,late,real_route_replay,67,17,47,real,3.9411764705882355,1,8,0.421625280353001,route_weight,11,0.0144640002399683
case_007_real,gsm8k,late,real_route_replay,67,17,47,real,3.9411764705882355,1,8,0.421625280353001,route_weight,12,0.014816000126302242
case_007_real,gsm8k,late,real_route_replay,67,17,47,real,3.9411764705882355,1,8,0.421625280353001,route_weight,13,0.01539199985563755
case_007_real,gsm8k,late,real_route_replay,67,17,47,real,3.9411764705882355,1,8,0.421625280353001,route_weight,14,0.013535999692976475
case_007_real,gsm8k,late,real_route_replay,67,17,47,real,3.9411764705882355,1,8,0.421625280353001,route_weight,15,0.014047999866306782
case_007_real,gsm8k,late,real_route_replay,67,17,47,real,3.9411764705882355,1,8,0.421625280353001,route_weight,16,0.013120000250637531
case_007_real,gsm8k,late,real_route_replay,67,17,47,real,3.9411764705882355,1,8,0.421625280353001,route_weight,17,0.012864000163972378
case_007_real,gsm8k,late,real_route_replay,67,17,47,real,3.9411764705882355,1,8,0.421625280353001,route_weight,18,0.013407999649643898
case_007_real,gsm8k,late,real_route_replay,67,17,47,real,3.9411764705882355,1,8,0.421625280353001,route_weight,19,0.013248000293970108
case_007_real,gsm8k,late,real_route_replay,67,17,47,real,3.9411764705882355,1,8,0.421625280353001,route_weight,20,0.014527999795973301
case_007_real,gsm8k,late,real_route_replay,67,17,47,real,3.9411764705882355,1,8,0.421625280353001,route_weight,21,0.018880000337958336
case_007_real,gsm8k,late,real_route_replay,67,17,47,real,3.9411764705882355,1,8,0.421625280353001,route_weight,22,0.014655999839305878
case_007_real,gsm8k,late,real_route_replay,67,17,47,real,3.9411764705882355,1,8,0.421625280353001,route_weight,23,0.014495999552309513
case_007_real,gsm8k,late,real_route_replay,67,17,47,real,3.9411764705882355,1,8,0.421625280353001,route_weight,24,0.014592000283300877
case_007_real,gsm8k,late,real_route_replay,67,17,47,real,3.9411764705882355,1,8,0.421625280353001,route_weight,25,0.014015999622642994
case_007_real,gsm8k,late,real_route_replay,67,17,47,real,3.9411764705882355,1,8,0.421625280353001,route_weight,26,0.01500799972563982
case_007_real,gsm8k,late,real_route_replay,67,17,47,real,3.9411764705882355,1,8,0.421625280353001,route_weight,27,0.0144640002399683
case_007_real,gsm8k,late,real_route_replay,67,17,47,real,3.9411764705882355,1,8,0.421625280353001,route_weight,28,0.013856000266969204
case_007_real,gsm8k,late,real_route_replay,67,17,47,real,3.9411764705882355,1,8,0.421625280353001,route_weight,29,0.014879999682307243
case_007_real,gsm8k,late,real_route_replay,67,17,47,real,3.9411764705882355,1,8,0.421625280353001,route_weight,30,0.01408000010997057
case_007_real,gsm8k,late,real_route_replay,67,17,47,real,3.9411764705882355,1,8,0.421625280353001,route_weight,31,0.01484800036996603
case_007_real,gsm8k,late,real_route_replay,67,17,47,real,3.9411764705882355,1,8,0.421625280353001,route_weight,32,0.013279999606311321
case_007_real,gsm8k,late,real_route_replay,67,17,47,real,3.9411764705882355,1,8,0.421625280353001,route_weight,33,0.014368000440299511
case_007_real,gsm8k,late,real_route_replay,67,17,47,real,3.9411764705882355,1,8,0.421625280353001,route_weight,34,0.01484800036996603
case_007_real,gsm8k,late,real_route_replay,67,17,47,real,3.9411764705882355,1,8,0.421625280353001,route_weight,35,0.01398400031030178
case_007_real,gsm8k,late,real_route_replay,67,17,47,real,3.9411764705882355,1,8,0.421625280353001,route_weight,36,0.013151999562978745
case_007_real,gsm8k,late,real_route_replay,67,17,47,real,3.9411764705882355,1,8,0.421625280353001,route_weight,37,0.013728000223636627
case_007_real,gsm8k,late,real_route_replay,67,17,47,real,3.9411764705882355,1,8,0.421625280353001,route_weight,38,0.013376000337302685
case_007_real,gsm8k,late,real_route_replay,67,17,47,real,3.9411764705882355,1,8,0.421625280353001,route_weight,39,0.013024000450968742
case_007_real,gsm8k,late,real_route_replay,67,17,47,real,3.9411764705882355,1,8,0.421625280353001,swiglu,0,0.025151999667286873
case_007_real,gsm8k,late,real_route_replay,67,17,47,real,3.9411764705882355,1,8,0.421625280353001,swiglu,1,0.022048000246286392
case_007_real,gsm8k,late,real_route_replay,67,17,47,real,3.9411764705882355,1,8,0.421625280353001,swiglu,2,0.02112000063061714
case_007_real,gsm8k,late,real_route_replay,67,17,47,real,3.9411764705882355,1,8,0.421625280353001,swiglu,3,0.020959999412298203
case_007_real,gsm8k,late,real_route_replay,67,17,47,real,3.9411764705882355,1,8,0.421625280353001,swiglu,4,0.02099199965596199
case_007_real,gsm8k,late,real_route_replay,67,17,47,real,3.9411764705882355,1,8,0.421625280353001,swiglu,5,0.02131200022995472
case_007_real,gsm8k,late,real_route_replay,67,17,47,real,3.9411764705882355,1,8,0.421625280353001,swiglu,6,0.02659199945628643
case_007_real,gsm8k,late,real_route_replay,67,17,47,real,3.9411764705882355,1,8,0.421625280353001,swiglu,7,0.02505600079894066
case_007_real,gsm8k,late,real_route_replay,67,17,47,real,3.9411764705882355,1,8,0.421625280353001,swiglu,8,0.0225600004196167
case_007_real,gsm8k,late,real_route_replay,67,17,47,real,3.9411764705882355,1,8,0.421625280353001,swiglu,9,0.035392001271247864
case_007_real,gsm8k,late,real_route_replay,67,17,47,real,3.9411764705882355,1,8,0.421625280353001,swiglu,10,0.02252800017595291
case_007_real,gsm8k,late,real_route_replay,67,17,47,real,3.9411764705882355,1,8,0.421625280353001,swiglu,11,0.021183999255299568
case_007_real,gsm8k,late,real_route_replay,67,17,47,real,3.9411764705882355,1,8,0.421625280353001,swiglu,12,0.02038400061428547
case_007_real,gsm8k,late,real_route_replay,67,17,47,real,3.9411764705882355,1,8,0.421625280353001,swiglu,13,0.020767999812960625
case_007_real,gsm8k,late,real_route_replay,67,17,47,real,3.9411764705882355,1,8,0.421625280353001,swiglu,14,0.02067199908196926
case_007_real,gsm8k,late,real_route_replay,67,17,47,real,3.9411764705882355,1,8,0.421625280353001,swiglu,15,0.02115200087428093
case_007_real,gsm8k,late,real_route_replay,67,17,47,real,3.9411764705882355,1,8,0.421625280353001,swiglu,16,0.021407999098300934
case_007_real,gsm8k,late,real_route_replay,67,17,47,real,3.9411764705882355,1,8,0.421625280353001,swiglu,17,0.021183999255299568
case_007_real,gsm8k,late,real_route_replay,67,17,47,real,3.9411764705882355,1,8,0.421625280353001,swiglu,18,0.022752000018954277
case_007_real,gsm8k,late,real_route_replay,67,17,47,real,3.9411764705882355,1,8,0.421625280353001,swiglu,19,0.02163200080394745
case_007_real,gsm8k,late,real_route_replay,67,17,47,real,3.9411764705882355,1,8,0.421625280353001,swiglu,20,0.020927999168634415
case_007_real,gsm8k,late,real_route_replay,67,17,47,real,3.9411764705882355,1,8,0.421625280353001,swiglu,21,0.02316799946129322
case_007_real,gsm8k,late,real_route_replay,67,17,47,real,3.9411764705882355,1,8,0.421625280353001,swiglu,22,0.02239999920129776
case_007_real,gsm8k,late,real_route_replay,67,17,47,real,3.9411764705882355,1,8,0.421625280353001,swiglu,23,0.022112000733613968
case_007_real,gsm8k,late,real_route_replay,67,17,47,real,3.9411764705882355,1,8,0.421625280353001,swiglu,24,0.023520000278949738
case_007_real,gsm8k,late,real_route_replay,67,17,47,real,3.9411764705882355,1,8,0.421625280353001,swiglu,25,0.020479999482631683
case_007_real,gsm8k,late,real_route_replay,67,17,47,real,3.9411764705882355,1,8,0.421625280353001,swiglu,26,0.02022399939596653
case_007_real,gsm8k,late,real_route_replay,67,17,47,real,3.9411764705882355,1,8,0.421625280353001,swiglu,27,0.020287999883294106
case_007_real,gsm8k,late,real_route_replay,67,17,47,real,3.9411764705882355,1,8,0.421625280353001,swiglu,28,0.019680000841617584
case_007_real,gsm8k,late,real_route_replay,67,17,47,real,3.9411764705882355,1,8,0.421625280353001,swiglu,29,0.02022399939596653
case_007_real,gsm8k,late,real_route_replay,67,17,47,real,3.9411764705882355,1,8,0.421625280353001,swiglu,30,0.021983999758958817
case_007_real,gsm8k,late,real_route_replay,67,17,47,real,3.9411764705882355,1,8,0.421625280353001,swiglu,31,0.021247999742627144
case_007_real,gsm8k,late,real_route_replay,67,17,47,real,3.9411764705882355,1,8,0.421625280353001,swiglu,32,0.020864000543951988
case_007_real,gsm8k,late,real_route_replay,67,17,47,real,3.9411764705882355,1,8,0.421625280353001,swiglu,33,0.024032000452280045
case_007_real,gsm8k,late,real_route_replay,67,17,47,real,3.9411764705882355,1,8,0.421625280353001,swiglu,34,0.02300800010561943
case_007_real,gsm8k,late,real_route_replay,67,17,47,real,3.9411764705882355,1,8,0.421625280353001,swiglu,35,0.022463999688625336
case_007_real,gsm8k,late,real_route_replay,67,17,47,real,3.9411764705882355,1,8,0.421625280353001,swiglu,36,0.023072000592947006
case_007_real,gsm8k,late,real_route_replay,67,17,47,real,3.9411764705882355,1,8,0.421625280353001,swiglu,37,0.021215999498963356
case_007_real,gsm8k,late,real_route_replay,67,17,47,real,3.9411764705882355,1,8,0.421625280353001,swiglu,38,0.020479999482631683
case_007_real,gsm8k,late,real_route_replay,67,17,47,real,3.9411764705882355,1,8,0.421625280353001,swiglu,39,0.021088000386953354
case_008_real,gsm8k,late,real_route_replay,185,19,45,real,9.736842105263158,1,79,2.0494115387649186,down_active_prebuilt,0,0.10796800255775452
case_008_real,gsm8k,late,real_route_replay,185,19,45,real,9.736842105263158,1,79,2.0494115387649186,down_active_prebuilt,1,0.09865599870681763
case_008_real,gsm8k,late,real_route_replay,185,19,45,real,9.736842105263158,1,79,2.0494115387649186,down_active_prebuilt,2,0.09804800152778625
case_008_real,gsm8k,late,real_route_replay,185,19,45,real,9.736842105263158,1,79,2.0494115387649186,down_active_prebuilt,3,0.10140799731016159
case_008_real,gsm8k,late,real_route_replay,185,19,45,real,9.736842105263158,1,79,2.0494115387649186,down_active_prebuilt,4,0.09542399644851685
case_008_real,gsm8k,late,real_route_replay,185,19,45,real,9.736842105263158,1,79,2.0494115387649186,down_active_prebuilt,5,0.10819199681282043
case_008_real,gsm8k,late,real_route_replay,185,19,45,real,9.736842105263158,1,79,2.0494115387649186,down_active_prebuilt,6,0.10159999877214432
case_008_real,gsm8k,late,real_route_replay,185,19,45,real,9.736842105263158,1,79,2.0494115387649186,down_active_prebuilt,7,0.10288000106811523
case_008_real,gsm8k,late,real_route_replay,185,19,45,real,9.736842105263158,1,79,2.0494115387649186,down_active_prebuilt,8,0.10585600137710571
case_008_real,gsm8k,late,real_route_replay,185,19,45,real,9.736842105263158,1,79,2.0494115387649186,down_active_prebuilt,9,0.10262399911880493
case_008_real,gsm8k,late,real_route_replay,185,19,45,real,9.736842105263158,1,79,2.0494115387649186,down_active_prebuilt,10,0.10371199995279312
case_008_real,gsm8k,late,real_route_replay,185,19,45,real,9.736842105263158,1,79,2.0494115387649186,down_active_prebuilt,11,0.10636799782514572
case_008_real,gsm8k,late,real_route_replay,185,19,45,real,9.736842105263158,1,79,2.0494115387649186,down_active_prebuilt,12,0.11004800349473953
case_008_real,gsm8k,late,real_route_replay,185,19,45,real,9.736842105263158,1,79,2.0494115387649186,down_active_prebuilt,13,0.1122559979557991
case_008_real,gsm8k,late,real_route_replay,185,19,45,real,9.736842105263158,1,79,2.0494115387649186,down_active_prebuilt,14,0.10716799646615982
case_008_real,gsm8k,late,real_route_replay,185,19,45,real,9.736842105263158,1,79,2.0494115387649186,down_active_prebuilt,15,0.10080000013113022
case_008_real,gsm8k,late,real_route_replay,185,19,45,real,9.736842105263158,1,79,2.0494115387649186,down_active_prebuilt,16,0.09961599856615067
case_008_real,gsm8k,late,real_route_replay,185,19,45,real,9.736842105263158,1,79,2.0494115387649186,down_active_prebuilt,17,0.097120001912117
case_008_real,gsm8k,late,real_route_replay,185,19,45,real,9.736842105263158,1,79,2.0494115387649186,down_active_prebuilt,18,0.10073599964380264
case_008_real,gsm8k,late,real_route_replay,185,19,45,real,9.736842105263158,1,79,2.0494115387649186,down_active_prebuilt,19,0.09644799679517746
case_008_real,gsm8k,late,real_route_replay,185,19,45,real,9.736842105263158,1,79,2.0494115387649186,down_active_prebuilt,20,0.09673599898815155
case_008_real,gsm8k,late,real_route_replay,185,19,45,real,9.736842105263158,1,79,2.0494115387649186,down_active_prebuilt,21,0.09625600278377533
case_008_real,gsm8k,late,real_route_replay,185,19,45,real,9.736842105263158,1,79,2.0494115387649186,down_active_prebuilt,22,0.09644799679517746
case_008_real,gsm8k,late,real_route_replay,185,19,45,real,9.736842105263158,1,79,2.0494115387649186,down_active_prebuilt,23,0.09679999947547913
case_008_real,gsm8k,late,real_route_replay,185,19,45,real,9.736842105263158,1,79,2.0494115387649186,down_active_prebuilt,24,0.09440000355243683
case_008_real,gsm8k,late,real_route_replay,185,19,45,real,9.736842105263158,1,79,2.0494115387649186,down_active_prebuilt,25,0.09948799759149551
case_008_real,gsm8k,late,real_route_replay,185,19,45,real,9.736842105263158,1,79,2.0494115387649186,down_active_prebuilt,26,0.09737599641084671
case_008_real,gsm8k,late,real_route_replay,185,19,45,real,9.736842105263158,1,79,2.0494115387649186,down_active_prebuilt,27,0.09590400010347366
case_008_real,gsm8k,late,real_route_replay,185,19,45,real,9.736842105263158,1,79,2.0494115387649186,down_active_prebuilt,28,0.0974079966545105
case_008_real,gsm8k,late,real_route_replay,185,19,45,real,9.736842105263158,1,79,2.0494115387649186,down_active_prebuilt,29,0.10025600343942642
case_008_real,gsm8k,late,real_route_replay,185,19,45,real,9.736842105263158,1,79,2.0494115387649186,down_active_prebuilt,30,0.0981760025024414
case_008_real,gsm8k,late,real_route_replay,185,19,45,real,9.736842105263158,1,79,2.0494115387649186,down_active_prebuilt,31,0.10185600072145462
case_008_real,gsm8k,late,real_route_replay,185,19,45,real,9.736842105263158,1,79,2.0494115387649186,down_active_prebuilt,32,0.09567999839782715
case_008_real,gsm8k,late,real_route_replay,185,19,45,real,9.736842105263158,1,79,2.0494115387649186,down_active_prebuilt,33,0.09775999933481216
case_008_real,gsm8k,late,real_route_replay,185,19,45,real,9.736842105263158,1,79,2.0494115387649186,down_active_prebuilt,34,0.09484799951314926
case_008_real,gsm8k,late,real_route_replay,185,19,45,real,9.736842105263158,1,79,2.0494115387649186,down_active_prebuilt,35,0.09696000069379807
case_008_real,gsm8k,late,real_route_replay,185,19,45,real,9.736842105263158,1,79,2.0494115387649186,down_active_prebuilt,36,0.09545599669218063
case_008_real,gsm8k,late,real_route_replay,185,19,45,real,9.736842105263158,1,79,2.0494115387649186,down_active_prebuilt,37,0.09862399846315384
case_008_real,gsm8k,late,real_route_replay,185,19,45,real,9.736842105263158,1,79,2.0494115387649186,down_active_prebuilt,38,0.0958079993724823
case_008_real,gsm8k,late,real_route_replay,185,19,45,real,9.736842105263158,1,79,2.0494115387649186,down_active_prebuilt,39,0.09737599641084671
case_008_real,gsm8k,late,real_route_replay,185,19,45,real,9.736842105263158,1,79,2.0494115387649186,route_weight,0,0.02022399939596653
case_008_real,gsm8k,late,real_route_replay,185,19,45,real,9.736842105263158,1,79,2.0494115387649186,route_weight,1,0.01571200042963028
case_008_real,gsm8k,late,real_route_replay,185,19,45,real,9.736842105263158,1,79,2.0494115387649186,route_weight,2,0.01548799965530634
case_008_real,gsm8k,late,real_route_replay,185,19,45,real,9.736842105263158,1,79,2.0494115387649186,route_weight,3,0.015231999568641186
case_008_real,gsm8k,late,real_route_replay,185,19,45,real,9.736842105263158,1,79,2.0494115387649186,route_weight,4,0.01500799972563982
case_008_real,gsm8k,late,real_route_replay,185,19,45,real,9.736842105263158,1,79,2.0494115387649186,route_weight,5,0.024671999737620354
case_008_real,gsm8k,late,real_route_replay,185,19,45,real,9.736842105263158,1,79,2.0494115387649186,route_weight,6,0.014911999925971031
case_008_real,gsm8k,late,real_route_replay,185,19,45,real,9.736842105263158,1,79,2.0494115387649186,route_weight,7,0.015231999568641186
case_008_real,gsm8k,late,real_route_replay,185,19,45,real,9.736842105263158,1,79,2.0494115387649186,route_weight,8,0.016863999888300896
case_008_real,gsm8k,late,real_route_replay,185,19,45,real,9.736842105263158,1,79,2.0494115387649186,route_weight,9,0.01398400031030178
case_008_real,gsm8k,late,real_route_replay,185,19,45,real,9.736842105263158,1,79,2.0494115387649186,route_weight,10,0.013567999936640263
case_008_real,gsm8k,late,real_route_replay,185,19,45,real,9.736842105263158,1,79,2.0494115387649186,route_weight,11,0.01321600005030632
case_008_real,gsm8k,late,real_route_replay,185,19,45,real,9.736842105263158,1,79,2.0494115387649186,route_weight,12,0.01369599997997284
case_008_real,gsm8k,late,real_route_replay,185,19,45,real,9.736842105263158,1,79,2.0494115387649186,route_weight,13,0.014015999622642994
case_008_real,gsm8k,late,real_route_replay,185,19,45,real,9.736842105263158,1,79,2.0494115387649186,route_weight,14,0.013376000337302685
case_008_real,gsm8k,late,real_route_replay,185,19,45,real,9.736842105263158,1,79,2.0494115387649186,route_weight,15,0.014112000353634357
case_008_real,gsm8k,late,real_route_replay,185,19,45,real,9.736842105263158,1,79,2.0494115387649186,route_weight,16,0.014527999795973301
case_008_real,gsm8k,late,real_route_replay,185,19,45,real,9.736842105263158,1,79,2.0494115387649186,route_weight,17,0.014527999795973301
case_008_real,gsm8k,late,real_route_replay,185,19,45,real,9.736842105263158,1,79,2.0494115387649186,route_weight,18,0.015296000055968761
case_008_real,gsm8k,late,real_route_replay,185,19,45,real,9.736842105263158,1,79,2.0494115387649186,route_weight,19,0.015519999898970127
case_008_real,gsm8k,late,real_route_replay,185,19,45,real,9.736842105263158,1,79,2.0494115387649186,route_weight,20,0.014240000396966934
case_008_real,gsm8k,late,real_route_replay,185,19,45,real,9.736842105263158,1,79,2.0494115387649186,route_weight,21,0.013856000266969204
case_008_real,gsm8k,late,real_route_replay,185,19,45,real,9.736842105263158,1,79,2.0494115387649186,route_weight,22,0.012799999676644802
case_008_real,gsm8k,late,real_route_replay,185,19,45,real,9.736842105263158,1,79,2.0494115387649186,route_weight,23,0.013824000023305416
case_008_real,gsm8k,late,real_route_replay,185,19,45,real,9.736842105263158,1,79,2.0494115387649186,route_weight,24,0.013663999736309052
case_008_real,gsm8k,late,real_route_replay,185,19,45,real,9.736842105263158,1,79,2.0494115387649186,route_weight,25,0.01369599997997284
case_008_real,gsm8k,late,real_route_replay,185,19,45,real,9.736842105263158,1,79,2.0494115387649186,route_weight,26,0.01375999953597784
case_008_real,gsm8k,late,real_route_replay,185,19,45,real,9.736842105263158,1,79,2.0494115387649186,route_weight,27,0.013472000136971474
case_008_real,gsm8k,late,real_route_replay,185,19,45,real,9.736842105263158,1,79,2.0494115387649186,route_weight,28,0.013919999822974205
case_008_real,gsm8k,late,real_route_replay,185,19,45,real,9.736842105263158,1,79,2.0494115387649186,route_weight,29,0.013407999649643898
case_008_real,gsm8k,late,real_route_replay,185,19,45,real,9.736842105263158,1,79,2.0494115387649186,route_weight,30,0.013344000093638897
case_008_real,gsm8k,late,real_route_replay,185,19,45,real,9.736842105263158,1,79,2.0494115387649186,route_weight,31,0.013407999649643898
case_008_real,gsm8k,late,real_route_replay,185,19,45,real,9.736842105263158,1,79,2.0494115387649186,route_weight,32,0.016543999314308167
case_008_real,gsm8k,late,real_route_replay,185,19,45,real,9.736842105263158,1,79,2.0494115387649186,route_weight,33,0.014399999752640724
case_008_real,gsm8k,late,real_route_replay,185,19,45,real,9.736842105263158,1,79,2.0494115387649186,route_weight,34,0.014336000196635723
case_008_real,gsm8k,late,real_route_replay,185,19,45,real,9.736842105263158,1,79,2.0494115387649186,route_weight,35,0.01369599997997284
case_008_real,gsm8k,late,real_route_replay,185,19,45,real,9.736842105263158,1,79,2.0494115387649186,route_weight,36,0.01775999926030636
case_008_real,gsm8k,late,real_route_replay,185,19,45,real,9.736842105263158,1,79,2.0494115387649186,route_weight,37,0.022624000906944275
case_008_real,gsm8k,late,real_route_replay,185,19,45,real,9.736842105263158,1,79,2.0494115387649186,route_weight,38,0.014047999866306782
case_008_real,gsm8k,late,real_route_replay,185,19,45,real,9.736842105263158,1,79,2.0494115387649186,route_weight,39,0.01408000010997057
case_008_real,gsm8k,late,real_route_replay,185,19,45,real,9.736842105263158,1,79,2.0494115387649186,down_full64_prebuilt,0,0.09670399874448776
case_008_real,gsm8k,late,real_route_replay,185,19,45,real,9.736842105263158,1,79,2.0494115387649186,down_full64_prebuilt,1,0.09593600034713745
case_008_real,gsm8k,late,real_route_replay,185,19,45,real,9.736842105263158,1,79,2.0494115387649186,down_full64_prebuilt,2,0.0984639972448349
case_008_real,gsm8k,late,real_route_replay,185,19,45,real,9.736842105263158,1,79,2.0494115387649186,down_full64_prebuilt,3,0.09564799815416336
case_008_real,gsm8k,late,real_route_replay,185,19,45,real,9.736842105263158,1,79,2.0494115387649186,down_full64_prebuilt,4,0.09577599912881851
case_008_real,gsm8k,late,real_route_replay,185,19,45,real,9.736842105263158,1,79,2.0494115387649186,down_full64_prebuilt,5,0.09612800180912018
case_008_real,gsm8k,late,real_route_replay,185,19,45,real,9.736842105263158,1,79,2.0494115387649186,down_full64_prebuilt,6,0.09440000355243683
case_008_real,gsm8k,late,real_route_replay,185,19,45,real,9.736842105263158,1,79,2.0494115387649186,down_full64_prebuilt,7,0.09679999947547913
case_008_real,gsm8k,late,real_route_replay,185,19,45,real,9.736842105263158,1,79,2.0494115387649186,down_full64_prebuilt,8,0.09855999797582626
case_008_real,gsm8k,late,real_route_replay,185,19,45,real,9.736842105263158,1,79,2.0494115387649186,down_full64_prebuilt,9,0.10342399775981903
case_008_real,gsm8k,late,real_route_replay,185,19,45,real,9.736842105263158,1,79,2.0494115387649186,down_full64_prebuilt,10,0.1027199998497963
case_008_real,gsm8k,late,real_route_replay,185,19,45,real,9.736842105263158,1,79,2.0494115387649186,down_full64_prebuilt,11,0.10284800082445145
case_008_real,gsm8k,late,real_route_replay,185,19,45,real,9.736842105263158,1,79,2.0494115387649186,down_full64_prebuilt,12,0.10278400033712387
case_008_real,gsm8k,late,real_route_replay,185,19,45,real,9.736842105263158,1,79,2.0494115387649186,down_full64_prebuilt,13,0.10704000294208527
case_008_real,gsm8k,late,real_route_replay,185,19,45,real,9.736842105263158,1,79,2.0494115387649186,down_full64_prebuilt,14,0.10406400263309479
case_008_real,gsm8k,late,real_route_replay,185,19,45,real,9.736842105263158,1,79,2.0494115387649186,down_full64_prebuilt,15,0.10572800040245056
case_008_real,gsm8k,late,real_route_replay,185,19,45,real,9.736842105263158,1,79,2.0494115387649186,down_full64_prebuilt,16,0.10649599879980087
case_008_real,gsm8k,late,real_route_replay,185,19,45,real,9.736842105263158,1,79,2.0494115387649186,down_full64_prebuilt,17,0.10476800054311752
case_008_real,gsm8k,late,real_route_replay,185,19,45,real,9.736842105263158,1,79,2.0494115387649186,down_full64_prebuilt,18,0.10649599879980087
case_008_real,gsm8k,late,real_route_replay,185,19,45,real,9.736842105263158,1,79,2.0494115387649186,down_full64_prebuilt,19,0.10012800246477127
case_008_real,gsm8k,late,real_route_replay,185,19,45,real,9.736842105263158,1,79,2.0494115387649186,down_full64_prebuilt,20,0.09939199686050415
case_008_real,gsm8k,late,real_route_replay,185,19,45,real,9.736842105263158,1,79,2.0494115387649186,down_full64_prebuilt,21,0.0989760011434555
case_008_real,gsm8k,late,real_route_replay,185,19,45,real,9.736842105263158,1,79,2.0494115387649186,down_full64_prebuilt,22,0.09731200337409973
case_008_real,gsm8k,late,real_route_replay,185,19,45,real,9.736842105263158,1,79,2.0494115387649186,down_full64_prebuilt,23,0.09849599748849869
case_008_real,gsm8k,late,real_route_replay,185,19,45,real,9.736842105263158,1,79,2.0494115387649186,down_full64_prebuilt,24,0.09808000177145004
case_008_real,gsm8k,late,real_route_replay,185,19,45,real,9.736842105263158,1,79,2.0494115387649186,down_full64_prebuilt,25,0.10009600222110748
case_008_real,gsm8k,late,real_route_replay,185,19,45,real,9.736842105263158,1,79,2.0494115387649186,down_full64_prebuilt,26,0.09827200323343277
case_008_real,gsm8k,late,real_route_replay,185,19,45,real,9.736842105263158,1,79,2.0494115387649186,down_full64_prebuilt,27,0.09955199807882309
case_008_real,gsm8k,late,real_route_replay,185,19,45,real,9.736842105263158,1,79,2.0494115387649186,down_full64_prebuilt,28,0.09702400118112564
case_008_real,gsm8k,late,real_route_replay,185,19,45,real,9.736842105263158,1,79,2.0494115387649186,down_full64_prebuilt,29,0.09647999703884125
case_008_real,gsm8k,late,real_route_replay,185,19,45,real,9.736842105263158,1,79,2.0494115387649186,down_full64_prebuilt,30,0.09702400118112564
case_008_real,gsm8k,late,real_route_replay,185,19,45,real,9.736842105263158,1,79,2.0494115387649186,down_full64_prebuilt,31,0.09676799923181534
case_008_real,gsm8k,late,real_route_replay,185,19,45,real,9.736842105263158,1,79,2.0494115387649186,down_full64_prebuilt,32,0.10038399696350098
case_008_real,gsm8k,late,real_route_replay,185,19,45,real,9.736842105263158,1,79,2.0494115387649186,down_full64_prebuilt,33,0.09888000041246414
case_008_real,gsm8k,late,real_route_replay,185,19,45,real,9.736842105263158,1,79,2.0494115387649186,down_full64_prebuilt,34,0.09696000069379807
case_008_real,gsm8k,late,real_route_replay,185,19,45,real,9.736842105263158,1,79,2.0494115387649186,down_full64_prebuilt,35,0.09564799815416336
case_008_real,gsm8k,late,real_route_replay,185,19,45,real,9.736842105263158,1,79,2.0494115387649186,down_full64_prebuilt,36,0.0968639999628067
case_008_real,gsm8k,late,real_route_replay,185,19,45,real,9.736842105263158,1,79,2.0494115387649186,down_full64_prebuilt,37,0.09551999717950821
case_008_real,gsm8k,late,real_route_replay,185,19,45,real,9.736842105263158,1,79,2.0494115387649186,down_full64_prebuilt,38,0.09590400010347366
case_008_real,gsm8k,late,real_route_replay,185,19,45,real,9.736842105263158,1,79,2.0494115387649186,down_full64_prebuilt,39,0.09478399902582169
case_008_real,gsm8k,late,real_route_replay,185,19,45,real,9.736842105263158,1,79,2.0494115387649186,gate_up_active_prebuilt,0,0.1491519957780838
case_008_real,gsm8k,late,real_route_replay,185,19,45,real,9.736842105263158,1,79,2.0494115387649186,gate_up_active_prebuilt,1,0.15174399316310883
case_008_real,gsm8k,late,real_route_replay,185,19,45,real,9.736842105263158,1,79,2.0494115387649186,gate_up_active_prebuilt,2,0.14575999975204468
case_008_real,gsm8k,late,real_route_replay,185,19,45,real,9.736842105263158,1,79,2.0494115387649186,gate_up_active_prebuilt,3,0.14739200472831726
case_008_real,gsm8k,late,real_route_replay,185,19,45,real,9.736842105263158,1,79,2.0494115387649186,gate_up_active_prebuilt,4,0.14815999567508698
case_008_real,gsm8k,late,real_route_replay,185,19,45,real,9.736842105263158,1,79,2.0494115387649186,gate_up_active_prebuilt,5,0.15119999647140503
case_008_real,gsm8k,late,real_route_replay,185,19,45,real,9.736842105263158,1,79,2.0494115387649186,gate_up_active_prebuilt,6,0.14985600113868713
case_008_real,gsm8k,late,real_route_replay,185,19,45,real,9.736842105263158,1,79,2.0494115387649186,gate_up_active_prebuilt,7,0.1459839940071106
case_008_real,gsm8k,late,real_route_replay,185,19,45,real,9.736842105263158,1,79,2.0494115387649186,gate_up_active_prebuilt,8,0.14630399644374847
case_008_real,gsm8k,late,real_route_replay,185,19,45,real,9.736842105263158,1,79,2.0494115387649186,gate_up_active_prebuilt,9,0.14684799313545227
case_008_real,gsm8k,late,real_route_replay,185,19,45,real,9.736842105263158,1,79,2.0494115387649186,gate_up_active_prebuilt,10,0.14444799721240997
case_008_real,gsm8k,late,real_route_replay,185,19,45,real,9.736842105263158,1,79,2.0494115387649186,gate_up_active_prebuilt,11,0.1480959951877594
case_008_real,gsm8k,late,real_route_replay,185,19,45,real,9.736842105263158,1,79,2.0494115387649186,gate_up_active_prebuilt,12,0.14947199821472168
case_008_real,gsm8k,late,real_route_replay,185,19,45,real,9.736842105263158,1,79,2.0494115387649186,gate_up_active_prebuilt,13,0.15062400698661804
case_008_real,gsm8k,late,real_route_replay,185,19,45,real,9.736842105263158,1,79,2.0494115387649186,gate_up_active_prebuilt,14,0.14761599898338318
case_008_real,gsm8k,late,real_route_replay,185,19,45,real,9.736842105263158,1,79,2.0494115387649186,gate_up_active_prebuilt,15,0.14931200444698334
case_008_real,gsm8k,late,real_route_replay,185,19,45,real,9.736842105263158,1,79,2.0494115387649186,gate_up_active_prebuilt,16,0.1451520025730133
case_008_real,gsm8k,late,real_route_replay,185,19,45,real,9.736842105263158,1,79,2.0494115387649186,gate_up_active_prebuilt,17,0.14688000082969666
case_008_real,gsm8k,late,real_route_replay,185,19,45,real,9.736842105263158,1,79,2.0494115387649186,gate_up_active_prebuilt,18,0.14582400023937225
case_008_real,gsm8k,late,real_route_replay,185,19,45,real,9.736842105263158,1,79,2.0494115387649186,gate_up_active_prebuilt,19,0.1467200070619583
case_008_real,gsm8k,late,real_route_replay,185,19,45,real,9.736842105263158,1,79,2.0494115387649186,gate_up_active_prebuilt,20,0.14655999839305878
case_008_real,gsm8k,late,real_route_replay,185,19,45,real,9.736842105263158,1,79,2.0494115387649186,gate_up_active_prebuilt,21,0.1475200057029724
case_008_real,gsm8k,late,real_route_replay,185,19,45,real,9.736842105263158,1,79,2.0494115387649186,gate_up_active_prebuilt,22,0.14691199362277985
case_008_real,gsm8k,late,real_route_replay,185,19,45,real,9.736842105263158,1,79,2.0494115387649186,gate_up_active_prebuilt,23,0.14508800208568573
case_008_real,gsm8k,late,real_route_replay,185,19,45,real,9.736842105263158,1,79,2.0494115387649186,gate_up_active_prebuilt,24,0.14774399995803833
case_008_real,gsm8k,late,real_route_replay,185,19,45,real,9.736842105263158,1,79,2.0494115387649186,gate_up_active_prebuilt,25,0.152319997549057
case_008_real,gsm8k,late,real_route_replay,185,19,45,real,9.736842105263158,1,79,2.0494115387649186,gate_up_active_prebuilt,26,0.14691199362277985
case_008_real,gsm8k,late,real_route_replay,185,19,45,real,9.736842105263158,1,79,2.0494115387649186,gate_up_active_prebuilt,27,0.14742399752140045
case_008_real,gsm8k,late,real_route_replay,185,19,45,real,9.736842105263158,1,79,2.0494115387649186,gate_up_active_prebuilt,28,0.14531199634075165
case_008_real,gsm8k,late,real_route_replay,185,19,45,real,9.736842105263158,1,79,2.0494115387649186,gate_up_active_prebuilt,29,0.15081599354743958
case_008_real,gsm8k,late,real_route_replay,185,19,45,real,9.736842105263158,1,79,2.0494115387649186,gate_up_active_prebuilt,30,0.15212799608707428
case_008_real,gsm8k,late,real_route_replay,185,19,45,real,9.736842105263158,1,79,2.0494115387649186,gate_up_active_prebuilt,31,0.1515199989080429
case_008_real,gsm8k,late,real_route_replay,185,19,45,real,9.736842105263158,1,79,2.0494115387649186,gate_up_active_prebuilt,32,0.15494400262832642
case_008_real,gsm8k,late,real_route_replay,185,19,45,real,9.736842105263158,1,79,2.0494115387649186,gate_up_active_prebuilt,33,0.15465599298477173
case_008_real,gsm8k,late,real_route_replay,185,19,45,real,9.736842105263158,1,79,2.0494115387649186,gate_up_active_prebuilt,34,0.15833599865436554
case_008_real,gsm8k,late,real_route_replay,185,19,45,real,9.736842105263158,1,79,2.0494115387649186,gate_up_active_prebuilt,35,0.15488000214099884
case_008_real,gsm8k,late,real_route_replay,185,19,45,real,9.736842105263158,1,79,2.0494115387649186,gate_up_active_prebuilt,36,0.15321600437164307
case_008_real,gsm8k,late,real_route_replay,185,19,45,real,9.736842105263158,1,79,2.0494115387649186,gate_up_active_prebuilt,37,0.15356799960136414
case_008_real,gsm8k,late,real_route_replay,185,19,45,real,9.736842105263158,1,79,2.0494115387649186,gate_up_active_prebuilt,38,0.15907199680805206
case_008_real,gsm8k,late,real_route_replay,185,19,45,real,9.736842105263158,1,79,2.0494115387649186,gate_up_active_prebuilt,39,0.16019199788570404
case_008_real,gsm8k,late,real_route_replay,185,19,45,real,9.736842105263158,1,79,2.0494115387649186,swiglu,0,0.05081599950790405
case_008_real,gsm8k,late,real_route_replay,185,19,45,real,9.736842105263158,1,79,2.0494115387649186,swiglu,1,0.02796800062060356
case_008_real,gsm8k,late,real_route_replay,185,19,45,real,9.736842105263158,1,79,2.0494115387649186,swiglu,2,0.02412799932062626
case_008_real,gsm8k,late,real_route_replay,185,19,45,real,9.736842105263158,1,79,2.0494115387649186,swiglu,3,0.02115200087428093
case_008_real,gsm8k,late,real_route_replay,185,19,45,real,9.736842105263158,1,79,2.0494115387649186,swiglu,4,0.020800000056624413
case_008_real,gsm8k,late,real_route_replay,185,19,45,real,9.736842105263158,1,79,2.0494115387649186,swiglu,5,0.020416000857949257
case_008_real,gsm8k,late,real_route_replay,185,19,45,real,9.736842105263158,1,79,2.0494115387649186,swiglu,6,0.019872000440955162
case_008_real,gsm8k,late,real_route_replay,185,19,45,real,9.736842105263158,1,79,2.0494115387649186,swiglu,7,0.020896000787615776
case_008_real,gsm8k,late,real_route_replay,185,19,45,real,9.736842105263158,1,79,2.0494115387649186,swiglu,8,0.023360000923275948
case_008_real,gsm8k,late,real_route_replay,185,19,45,real,9.736842105263158,1,79,2.0494115387649186,swiglu,9,0.022431999444961548
case_008_real,gsm8k,late,real_route_replay,185,19,45,real,9.736842105263158,1,79,2.0494115387649186,swiglu,10,0.022975999861955643
case_008_real,gsm8k,late,real_route_replay,185,19,45,real,9.736842105263158,1,79,2.0494115387649186,swiglu,11,0.023231999948620796
case_008_real,gsm8k,late,real_route_replay,185,19,45,real,9.736842105263158,1,79,2.0494115387649186,swiglu,12,0.02239999920129776
case_008_real,gsm8k,late,real_route_replay,185,19,45,real,9.736842105263158,1,79,2.0494115387649186,swiglu,13,0.027936000376939774
case_008_real,gsm8k,late,real_route_replay,185,19,45,real,9.736842105263158,1,79,2.0494115387649186,swiglu,14,0.025407999753952026
case_008_real,gsm8k,late,real_route_replay,185,19,45,real,9.736842105263158,1,79,2.0494115387649186,swiglu,15,0.021983999758958817
case_008_real,gsm8k,late,real_route_replay,185,19,45,real,9.736842105263158,1,79,2.0494115387649186,swiglu,16,0.02070399932563305
case_008_real,gsm8k,late,real_route_replay,185,19,45,real,9.736842105263158,1,79,2.0494115387649186,swiglu,17,0.02304000034928322
case_008_real,gsm8k,late,real_route_replay,185,19,45,real,9.736842105263158,1,79,2.0494115387649186,swiglu,18,0.02179200015962124
case_008_real,gsm8k,late,real_route_replay,185,19,45,real,9.736842105263158,1,79,2.0494115387649186,swiglu,19,0.020640000700950623
case_008_real,gsm8k,late,real_route_replay,185,19,45,real,9.736842105263158,1,79,2.0494115387649186,swiglu,20,0.023711999878287315
case_008_real,gsm8k,late,real_route_replay,185,19,45,real,9.736842105263158,1,79,2.0494115387649186,swiglu,21,0.02300800010561943
case_008_real,gsm8k,late,real_route_replay,185,19,45,real,9.736842105263158,1,79,2.0494115387649186,swiglu,22,0.024480000138282776
case_008_real,gsm8k,late,real_route_replay,185,19,45,real,9.736842105263158,1,79,2.0494115387649186,swiglu,23,0.020255999639630318
case_008_real,gsm8k,late,real_route_replay,185,19,45,real,9.736842105263158,1,79,2.0494115387649186,swiglu,24,0.026176000013947487
case_008_real,gsm8k,late,real_route_replay,185,19,45,real,9.736842105263158,1,79,2.0494115387649186,swiglu,25,0.022495999932289124
case_008_real,gsm8k,late,real_route_replay,185,19,45,real,9.736842105263158,1,79,2.0494115387649186,swiglu,26,0.02147199958562851
case_008_real,gsm8k,late,real_route_replay,185,19,45,real,9.736842105263158,1,79,2.0494115387649186,swiglu,27,0.020896000787615776
case_008_real,gsm8k,late,real_route_replay,185,19,45,real,9.736842105263158,1,79,2.0494115387649186,swiglu,28,0.021503999829292297
case_008_real,gsm8k,late,real_route_replay,185,19,45,real,9.736842105263158,1,79,2.0494115387649186,swiglu,29,0.020800000056624413
case_008_real,gsm8k,late,real_route_replay,185,19,45,real,9.736842105263158,1,79,2.0494115387649186,swiglu,30,0.021247999742627144
case_008_real,gsm8k,late,real_route_replay,185,19,45,real,9.736842105263158,1,79,2.0494115387649186,swiglu,31,0.021344000473618507
case_008_real,gsm8k,late,real_route_replay,185,19,45,real,9.736842105263158,1,79,2.0494115387649186,swiglu,32,0.02380800060927868
case_008_real,gsm8k,late,real_route_replay,185,19,45,real,9.736842105263158,1,79,2.0494115387649186,swiglu,33,0.024960000067949295
case_008_real,gsm8k,late,real_route_replay,185,19,45,real,9.736842105263158,1,79,2.0494115387649186,swiglu,34,0.023135999217629433
case_008_real,gsm8k,late,real_route_replay,185,19,45,real,9.736842105263158,1,79,2.0494115387649186,swiglu,35,0.023296000435948372
case_008_real,gsm8k,late,real_route_replay,185,19,45,real,9.736842105263158,1,79,2.0494115387649186,swiglu,36,0.03564799949526787
case_008_real,gsm8k,late,real_route_replay,185,19,45,real,9.736842105263158,1,79,2.0494115387649186,swiglu,37,0.024191999807953835
case_008_real,gsm8k,late,real_route_replay,185,19,45,real,9.736842105263158,1,79,2.0494115387649186,swiglu,38,0.023552000522613525
case_008_real,gsm8k,late,real_route_replay,185,19,45,real,9.736842105263158,1,79,2.0494115387649186,swiglu,39,0.020800000056624413
case_008_real,gsm8k,late,real_route_replay,185,19,45,real,9.736842105263158,1,79,2.0494115387649186,gate_up_full64_prebuilt,0,0.15376000106334686
case_008_real,gsm8k,late,real_route_replay,185,19,45,real,9.736842105263158,1,79,2.0494115387649186,gate_up_full64_prebuilt,1,0.14505599439144135
case_008_real,gsm8k,late,real_route_replay,185,19,45,real,9.736842105263158,1,79,2.0494115387649186,gate_up_full64_prebuilt,2,0.14528000354766846
case_008_real,gsm8k,late,real_route_replay,185,19,45,real,9.736842105263158,1,79,2.0494115387649186,gate_up_full64_prebuilt,3,0.14528000354766846
case_008_real,gsm8k,late,real_route_replay,185,19,45,real,9.736842105263158,1,79,2.0494115387649186,gate_up_full64_prebuilt,4,0.14428800344467163
case_008_real,gsm8k,late,real_route_replay,185,19,45,real,9.736842105263158,1,79,2.0494115387649186,gate_up_full64_prebuilt,5,0.14681600034236908
case_008_real,gsm8k,late,real_route_replay,185,19,45,real,9.736842105263158,1,79,2.0494115387649186,gate_up_full64_prebuilt,6,0.1456640064716339
case_008_real,gsm8k,late,real_route_replay,185,19,45,real,9.736842105263158,1,79,2.0494115387649186,gate_up_full64_prebuilt,7,0.1441279947757721
case_008_real,gsm8k,late,real_route_replay,185,19,45,real,9.736842105263158,1,79,2.0494115387649186,gate_up_full64_prebuilt,8,0.14604799449443817
case_008_real,gsm8k,late,real_route_replay,185,19,45,real,9.736842105263158,1,79,2.0494115387649186,gate_up_full64_prebuilt,9,0.14470399916172028
case_008_real,gsm8k,late,real_route_replay,185,19,45,real,9.736842105263158,1,79,2.0494115387649186,gate_up_full64_prebuilt,10,0.14556799829006195
case_008_real,gsm8k,late,real_route_replay,185,19,45,real,9.736842105263158,1,79,2.0494115387649186,gate_up_full64_prebuilt,11,0.14230400323867798
case_008_real,gsm8k,late,real_route_replay,185,19,45,real,9.736842105263158,1,79,2.0494115387649186,gate_up_full64_prebuilt,12,0.14396800100803375
case_008_real,gsm8k,late,real_route_replay,185,19,45,real,9.736842105263158,1,79,2.0494115387649186,gate_up_full64_prebuilt,13,0.14556799829006195
case_008_real,gsm8k,late,real_route_replay,185,19,45,real,9.736842105263158,1,79,2.0494115387649186,gate_up_full64_prebuilt,14,0.1440960019826889
case_008_real,gsm8k,late,real_route_replay,185,19,45,real,9.736842105263158,1,79,2.0494115387649186,gate_up_full64_prebuilt,15,0.15059199929237366
case_008_real,gsm8k,late,real_route_replay,185,19,45,real,9.736842105263158,1,79,2.0494115387649186,gate_up_full64_prebuilt,16,0.1528960019350052
case_008_real,gsm8k,late,real_route_replay,185,19,45,real,9.736842105263158,1,79,2.0494115387649186,gate_up_full64_prebuilt,17,0.1541759967803955
case_008_real,gsm8k,late,real_route_replay,185,19,45,real,9.736842105263158,1,79,2.0494115387649186,gate_up_full64_prebuilt,18,0.15199999511241913
case_008_real,gsm8k,late,real_route_replay,185,19,45,real,9.736842105263158,1,79,2.0494115387649186,gate_up_full64_prebuilt,19,0.1502079963684082
case_008_real,gsm8k,late,real_route_replay,185,19,45,real,9.736842105263158,1,79,2.0494115387649186,gate_up_full64_prebuilt,20,0.15641599893569946
case_008_real,gsm8k,late,real_route_replay,185,19,45,real,9.736842105263158,1,79,2.0494115387649186,gate_up_full64_prebuilt,21,0.1568319946527481
case_008_real,gsm8k,late,real_route_replay,185,19,45,real,9.736842105263158,1,79,2.0494115387649186,gate_up_full64_prebuilt,22,0.15855999290943146
case_008_real,gsm8k,late,real_route_replay,185,19,45,real,9.736842105263158,1,79,2.0494115387649186,gate_up_full64_prebuilt,23,0.15110400319099426
case_008_real,gsm8k,late,real_route_replay,185,19,45,real,9.736842105263158,1,79,2.0494115387649186,gate_up_full64_prebuilt,24,0.14547200500965118
case_008_real,gsm8k,late,real_route_replay,185,19,45,real,9.736842105263158,1,79,2.0494115387649186,gate_up_full64_prebuilt,25,0.14854399859905243
case_008_real,gsm8k,late,real_route_replay,185,19,45,real,9.736842105263158,1,79,2.0494115387649186,gate_up_full64_prebuilt,26,0.14627200365066528
case_008_real,gsm8k,late,real_route_replay,185,19,45,real,9.736842105263158,1,79,2.0494115387649186,gate_up_full64_prebuilt,27,0.1451839953660965
case_008_real,gsm8k,late,real_route_replay,185,19,45,real,9.736842105263158,1,79,2.0494115387649186,gate_up_full64_prebuilt,28,0.14803199470043182
case_008_real,gsm8k,late,real_route_replay,185,19,45,real,9.736842105263158,1,79,2.0494115387649186,gate_up_full64_prebuilt,29,0.14851200580596924
case_008_real,gsm8k,late,real_route_replay,185,19,45,real,9.736842105263158,1,79,2.0494115387649186,gate_up_full64_prebuilt,30,0.14998400211334229
case_008_real,gsm8k,late,real_route_replay,185,19,45,real,9.736842105263158,1,79,2.0494115387649186,gate_up_full64_prebuilt,31,0.14697599411010742
case_008_real,gsm8k,late,real_route_replay,185,19,45,real,9.736842105263158,1,79,2.0494115387649186,gate_up_full64_prebuilt,32,0.14473600685596466
case_008_real,gsm8k,late,real_route_replay,185,19,45,real,9.736842105263158,1,79,2.0494115387649186,gate_up_full64_prebuilt,33,0.14636799693107605
case_008_real,gsm8k,late,real_route_replay,185,19,45,real,9.736842105263158,1,79,2.0494115387649186,gate_up_full64_prebuilt,34,0.14844800531864166
case_008_real,gsm8k,late,real_route_replay,185,19,45,real,9.736842105263158,1,79,2.0494115387649186,gate_up_full64_prebuilt,35,0.14476799964904785
case_008_real,gsm8k,late,real_route_replay,185,19,45,real,9.736842105263158,1,79,2.0494115387649186,gate_up_full64_prebuilt,36,0.14720000326633453
case_008_real,gsm8k,late,real_route_replay,185,19,45,real,9.736842105263158,1,79,2.0494115387649186,gate_up_full64_prebuilt,37,0.14575999975204468
case_008_real,gsm8k,late,real_route_replay,185,19,45,real,9.736842105263158,1,79,2.0494115387649186,gate_up_full64_prebuilt,38,0.1443839967250824
case_008_real,gsm8k,late,real_route_replay,185,19,45,real,9.736842105263158,1,79,2.0494115387649186,gate_up_full64_prebuilt,39,0.1454080045223236
case_009_real,gsm8k,late,real_route_replay,620,42,22,real,14.761904761904763,1,180,2.5643193269992834,down_active_prebuilt,0,0.22179199755191803
case_009_real,gsm8k,late,real_route_replay,620,42,22,real,14.761904761904763,1,180,2.5643193269992834,down_active_prebuilt,1,0.19942399859428406
case_009_real,gsm8k,late,real_route_replay,620,42,22,real,14.761904761904763,1,180,2.5643193269992834,down_active_prebuilt,2,0.19072000682353973
case_009_real,gsm8k,late,real_route_replay,620,42,22,real,14.761904761904763,1,180,2.5643193269992834,down_active_prebuilt,3,0.18905599415302277
case_009_real,gsm8k,late,real_route_replay,620,42,22,real,14.761904761904763,1,180,2.5643193269992834,down_active_prebuilt,4,0.1897599995136261
case_009_real,gsm8k,late,real_route_replay,620,42,22,real,14.761904761904763,1,180,2.5643193269992834,down_active_prebuilt,5,0.18745599687099457
case_009_real,gsm8k,late,real_route_replay,620,42,22,real,14.761904761904763,1,180,2.5643193269992834,down_active_prebuilt,6,0.19359999895095825
case_009_real,gsm8k,late,real_route_replay,620,42,22,real,14.761904761904763,1,180,2.5643193269992834,down_active_prebuilt,7,0.19446399807929993
case_009_real,gsm8k,late,real_route_replay,620,42,22,real,14.761904761904763,1,180,2.5643193269992834,down_active_prebuilt,8,0.1884479969739914
case_009_real,gsm8k,late,real_route_replay,620,42,22,real,14.761904761904763,1,180,2.5643193269992834,down_active_prebuilt,9,0.19254399836063385
case_009_real,gsm8k,late,real_route_replay,620,42,22,real,14.761904761904763,1,180,2.5643193269992834,down_active_prebuilt,10,0.1910720020532608
case_009_real,gsm8k,late,real_route_replay,620,42,22,real,14.761904761904763,1,180,2.5643193269992834,down_active_prebuilt,11,0.1878719925880432
case_009_real,gsm8k,late,real_route_replay,620,42,22,real,14.761904761904763,1,180,2.5643193269992834,down_active_prebuilt,12,0.18937599658966064
case_009_real,gsm8k,late,real_route_replay,620,42,22,real,14.761904761904763,1,180,2.5643193269992834,down_active_prebuilt,13,0.1953279972076416
case_009_real,gsm8k,late,real_route_replay,620,42,22,real,14.761904761904763,1,180,2.5643193269992834,down_active_prebuilt,14,0.195360004901886
case_009_real,gsm8k,late,real_route_replay,620,42,22,real,14.761904761904763,1,180,2.5643193269992834,down_active_prebuilt,15,0.19152000546455383
case_009_real,gsm8k,late,real_route_replay,620,42,22,real,14.761904761904763,1,180,2.5643193269992834,down_active_prebuilt,16,0.18512000143527985
case_009_real,gsm8k,late,real_route_replay,620,42,22,real,14.761904761904763,1,180,2.5643193269992834,down_active_prebuilt,17,0.18931199610233307
case_009_real,gsm8k,late,real_route_replay,620,42,22,real,14.761904761904763,1,180,2.5643193269992834,down_active_prebuilt,18,0.19023999571800232
case_009_real,gsm8k,late,real_route_replay,620,42,22,real,14.761904761904763,1,180,2.5643193269992834,down_active_prebuilt,19,0.18745599687099457
case_009_real,gsm8k,late,real_route_replay,620,42,22,real,14.761904761904763,1,180,2.5643193269992834,down_active_prebuilt,20,0.19337600469589233
case_009_real,gsm8k,late,real_route_replay,620,42,22,real,14.761904761904763,1,180,2.5643193269992834,down_active_prebuilt,21,0.19219200313091278
case_009_real,gsm8k,late,real_route_replay,620,42,22,real,14.761904761904763,1,180,2.5643193269992834,down_active_prebuilt,22,0.18937599658966064
case_009_real,gsm8k,late,real_route_replay,620,42,22,real,14.761904761904763,1,180,2.5643193269992834,down_active_prebuilt,23,0.18799999356269836
case_009_real,gsm8k,late,real_route_replay,620,42,22,real,14.761904761904763,1,180,2.5643193269992834,down_active_prebuilt,24,0.1936960071325302
case_009_real,gsm8k,late,real_route_replay,620,42,22,real,14.761904761904763,1,180,2.5643193269992834,down_active_prebuilt,25,0.19340799748897552
case_009_real,gsm8k,late,real_route_replay,620,42,22,real,14.761904761904763,1,180,2.5643193269992834,down_active_prebuilt,26,0.1863359957933426
case_009_real,gsm8k,late,real_route_replay,620,42,22,real,14.761904761904763,1,180,2.5643193269992834,down_active_prebuilt,27,0.1828799992799759
case_009_real,gsm8k,late,real_route_replay,620,42,22,real,14.761904761904763,1,180,2.5643193269992834,down_active_prebuilt,28,0.1852159947156906
case_009_real,gsm8k,late,real_route_replay,620,42,22,real,14.761904761904763,1,180,2.5643193269992834,down_active_prebuilt,29,0.18220800161361694
case_009_real,gsm8k,late,real_route_replay,620,42,22,real,14.761904761904763,1,180,2.5643193269992834,down_active_prebuilt,30,0.18483200669288635
case_009_real,gsm8k,late,real_route_replay,620,42,22,real,14.761904761904763,1,180,2.5643193269992834,down_active_prebuilt,31,0.185248002409935
case_009_real,gsm8k,late,real_route_replay,620,42,22,real,14.761904761904763,1,180,2.5643193269992834,down_active_prebuilt,32,0.1812479943037033
case_009_real,gsm8k,late,real_route_replay,620,42,22,real,14.761904761904763,1,180,2.5643193269992834,down_active_prebuilt,33,0.1801919937133789
case_009_real,gsm8k,late,real_route_replay,620,42,22,real,14.761904761904763,1,180,2.5643193269992834,down_active_prebuilt,34,0.17948800325393677
case_009_real,gsm8k,late,real_route_replay,620,42,22,real,14.761904761904763,1,180,2.5643193269992834,down_active_prebuilt,35,0.18031999468803406
case_009_real,gsm8k,late,real_route_replay,620,42,22,real,14.761904761904763,1,180,2.5643193269992834,down_active_prebuilt,36,0.1849599927663803
case_009_real,gsm8k,late,real_route_replay,620,42,22,real,14.761904761904763,1,180,2.5643193269992834,down_active_prebuilt,37,0.1817599982023239
case_009_real,gsm8k,late,real_route_replay,620,42,22,real,14.761904761904763,1,180,2.5643193269992834,down_active_prebuilt,38,0.18537600338459015
case_009_real,gsm8k,late,real_route_replay,620,42,22,real,14.761904761904763,1,180,2.5643193269992834,down_active_prebuilt,39,0.18387199938297272
case_009_real,gsm8k,late,real_route_replay,620,42,22,real,14.761904761904763,1,180,2.5643193269992834,gate_up_full64_prebuilt,0,0.30399999022483826
case_009_real,gsm8k,late,real_route_replay,620,42,22,real,14.761904761904763,1,180,2.5643193269992834,gate_up_full64_prebuilt,1,0.290912002325058
case_009_real,gsm8k,late,real_route_replay,620,42,22,real,14.761904761904763,1,180,2.5643193269992834,gate_up_full64_prebuilt,2,0.290367990732193
case_009_real,gsm8k,late,real_route_replay,620,42,22,real,14.761904761904763,1,180,2.5643193269992834,gate_up_full64_prebuilt,3,0.28835201263427734
case_009_real,gsm8k,late,real_route_replay,620,42,22,real,14.761904761904763,1,180,2.5643193269992834,gate_up_full64_prebuilt,4,0.28678399324417114
case_009_real,gsm8k,late,real_route_replay,620,42,22,real,14.761904761904763,1,180,2.5643193269992834,gate_up_full64_prebuilt,5,0.28595200181007385
case_009_real,gsm8k,late,real_route_replay,620,42,22,real,14.761904761904763,1,180,2.5643193269992834,gate_up_full64_prebuilt,6,0.28755199909210205
case_009_real,gsm8k,late,real_route_replay,620,42,22,real,14.761904761904763,1,180,2.5643193269992834,gate_up_full64_prebuilt,7,0.2913280129432678
case_009_real,gsm8k,late,real_route_replay,620,42,22,real,14.761904761904763,1,180,2.5643193269992834,gate_up_full64_prebuilt,8,0.2911039888858795
case_009_real,gsm8k,late,real_route_replay,620,42,22,real,14.761904761904763,1,180,2.5643193269992834,gate_up_full64_prebuilt,9,0.2906239926815033
case_009_real,gsm8k,late,real_route_replay,620,42,22,real,14.761904761904763,1,180,2.5643193269992834,gate_up_full64_prebuilt,10,0.2884480059146881
case_009_real,gsm8k,late,real_route_replay,620,42,22,real,14.761904761904763,1,180,2.5643193269992834,gate_up_full64_prebuilt,11,0.29865598678588867
case_009_real,gsm8k,late,real_route_replay,620,42,22,real,14.761904761904763,1,180,2.5643193269992834,gate_up_full64_prebuilt,12,0.2892799973487854
case_009_real,gsm8k,late,real_route_replay,620,42,22,real,14.761904761904763,1,180,2.5643193269992834,gate_up_full64_prebuilt,13,0.28838399052619934
case_009_real,gsm8k,late,real_route_replay,620,42,22,real,14.761904761904763,1,180,2.5643193269992834,gate_up_full64_prebuilt,14,0.2911039888858795
case_009_real,gsm8k,late,real_route_replay,620,42,22,real,14.761904761904763,1,180,2.5643193269992834,gate_up_full64_prebuilt,15,0.2908799946308136
case_009_real,gsm8k,late,real_route_replay,620,42,22,real,14.761904761904763,1,180,2.5643193269992834,gate_up_full64_prebuilt,16,0.2892799973487854
case_009_real,gsm8k,late,real_route_replay,620,42,22,real,14.761904761904763,1,180,2.5643193269992834,gate_up_full64_prebuilt,17,0.2919040024280548
case_009_real,gsm8k,late,real_route_replay,620,42,22,real,14.761904761904763,1,180,2.5643193269992834,gate_up_full64_prebuilt,18,0.28777599334716797
case_009_real,gsm8k,late,real_route_replay,620,42,22,real,14.761904761904763,1,180,2.5643193269992834,gate_up_full64_prebuilt,19,0.2884159982204437
case_009_real,gsm8k,late,real_route_replay,620,42,22,real,14.761904761904763,1,180,2.5643193269992834,gate_up_full64_prebuilt,20,0.2892799973487854
case_009_real,gsm8k,late,real_route_replay,620,42,22,real,14.761904761904763,1,180,2.5643193269992834,gate_up_full64_prebuilt,21,0.2877439856529236
case_009_real,gsm8k,late,real_route_replay,620,42,22,real,14.761904761904763,1,180,2.5643193269992834,gate_up_full64_prebuilt,22,0.2871040105819702
case_009_real,gsm8k,late,real_route_replay,620,42,22,real,14.761904761904763,1,180,2.5643193269992834,gate_up_full64_prebuilt,23,0.28707200288772583
case_009_real,gsm8k,late,real_route_replay,620,42,22,real,14.761904761904763,1,180,2.5643193269992834,gate_up_full64_prebuilt,24,0.28803199529647827
case_009_real,gsm8k,late,real_route_replay,620,42,22,real,14.761904761904763,1,180,2.5643193269992834,gate_up_full64_prebuilt,25,0.2922559976577759
case_009_real,gsm8k,late,real_route_replay,620,42,22,real,14.761904761904763,1,180,2.5643193269992834,gate_up_full64_prebuilt,26,0.29155200719833374
case_009_real,gsm8k,late,real_route_replay,620,42,22,real,14.761904761904763,1,180,2.5643193269992834,gate_up_full64_prebuilt,27,0.2863680124282837
case_009_real,gsm8k,late,real_route_replay,620,42,22,real,14.761904761904763,1,180,2.5643193269992834,gate_up_full64_prebuilt,28,0.28787198662757874
case_009_real,gsm8k,late,real_route_replay,620,42,22,real,14.761904761904763,1,180,2.5643193269992834,gate_up_full64_prebuilt,29,0.28787198662757874
case_009_real,gsm8k,late,real_route_replay,620,42,22,real,14.761904761904763,1,180,2.5643193269992834,gate_up_full64_prebuilt,30,0.28700798749923706
case_009_real,gsm8k,late,real_route_replay,620,42,22,real,14.761904761904763,1,180,2.5643193269992834,gate_up_full64_prebuilt,31,0.28755199909210205
case_009_real,gsm8k,late,real_route_replay,620,42,22,real,14.761904761904763,1,180,2.5643193269992834,gate_up_full64_prebuilt,32,0.28918400406837463
case_009_real,gsm8k,late,real_route_replay,620,42,22,real,14.761904761904763,1,180,2.5643193269992834,gate_up_full64_prebuilt,33,0.291456013917923
case_009_real,gsm8k,late,real_route_replay,620,42,22,real,14.761904761904763,1,180,2.5643193269992834,gate_up_full64_prebuilt,34,0.2911039888858795
case_009_real,gsm8k,late,real_route_replay,620,42,22,real,14.761904761904763,1,180,2.5643193269992834,gate_up_full64_prebuilt,35,0.2935360074043274
case_009_real,gsm8k,late,real_route_replay,620,42,22,real,14.761904761904763,1,180,2.5643193269992834,gate_up_full64_prebuilt,36,0.2970559895038605
case_009_real,gsm8k,late,real_route_replay,620,42,22,real,14.761904761904763,1,180,2.5643193269992834,gate_up_full64_prebuilt,37,0.2943679988384247
case_009_real,gsm8k,late,real_route_replay,620,42,22,real,14.761904761904763,1,180,2.5643193269992834,gate_up_full64_prebuilt,38,0.29577600955963135
case_009_real,gsm8k,late,real_route_replay,620,42,22,real,14.761904761904763,1,180,2.5643193269992834,gate_up_full64_prebuilt,39,0.2971839904785156
case_009_real,gsm8k,late,real_route_replay,620,42,22,real,14.761904761904763,1,180,2.5643193269992834,swiglu,0,0.050592001527547836
case_009_real,gsm8k,late,real_route_replay,620,42,22,real,14.761904761904763,1,180,2.5643193269992834,swiglu,1,0.03855999931693077
case_009_real,gsm8k,late,real_route_replay,620,42,22,real,14.761904761904763,1,180,2.5643193269992834,swiglu,2,0.05411199852824211
case_009_real,gsm8k,late,real_route_replay,620,42,22,real,14.761904761904763,1,180,2.5643193269992834,swiglu,3,0.03574400022625923
case_009_real,gsm8k,late,real_route_replay,620,42,22,real,14.761904761904763,1,180,2.5643193269992834,swiglu,4,0.036320000886917114
case_009_real,gsm8k,late,real_route_replay,620,42,22,real,14.761904761904763,1,180,2.5643193269992834,swiglu,5,0.03731200098991394
case_009_real,gsm8k,late,real_route_replay,620,42,22,real,14.761904761904763,1,180,2.5643193269992834,swiglu,6,0.03455999866127968
case_009_real,gsm8k,late,real_route_replay,620,42,22,real,14.761904761904763,1,180,2.5643193269992834,swiglu,7,0.033952001482248306
case_009_real,gsm8k,late,real_route_replay,620,42,22,real,14.761904761904763,1,180,2.5643193269992834,swiglu,8,0.03545600175857544
case_009_real,gsm8k,late,real_route_replay,620,42,22,real,14.761904761904763,1,180,2.5643193269992834,swiglu,9,0.035232000052928925
case_009_real,gsm8k,late,real_route_replay,620,42,22,real,14.761904761904763,1,180,2.5643193269992834,swiglu,10,0.03593600168824196
case_009_real,gsm8k,late,real_route_replay,620,42,22,real,14.761904761904763,1,180,2.5643193269992834,swiglu,11,0.03404799848794937
case_009_real,gsm8k,late,real_route_replay,620,42,22,real,14.761904761904763,1,180,2.5643193269992834,swiglu,12,0.035679999738931656
case_009_real,gsm8k,late,real_route_replay,620,42,22,real,14.761904761904763,1,180,2.5643193269992834,swiglu,13,0.03136000037193298
case_009_real,gsm8k,late,real_route_replay,620,42,22,real,14.761904761904763,1,180,2.5643193269992834,swiglu,14,0.03638400137424469
case_009_real,gsm8k,late,real_route_replay,620,42,22,real,14.761904761904763,1,180,2.5643193269992834,swiglu,15,0.022143999114632607
case_009_real,gsm8k,late,real_route_replay,620,42,22,real,14.761904761904763,1,180,2.5643193269992834,swiglu,16,0.024032000452280045
case_009_real,gsm8k,late,real_route_replay,620,42,22,real,14.761904761904763,1,180,2.5643193269992834,swiglu,17,0.023296000435948372
case_009_real,gsm8k,late,real_route_replay,620,42,22,real,14.761904761904763,1,180,2.5643193269992834,swiglu,18,0.023135999217629433
case_009_real,gsm8k,late,real_route_replay,620,42,22,real,14.761904761904763,1,180,2.5643193269992834,swiglu,19,0.03596799820661545
case_009_real,gsm8k,late,real_route_replay,620,42,22,real,14.761904761904763,1,180,2.5643193269992834,swiglu,20,0.035679999738931656
case_009_real,gsm8k,late,real_route_replay,620,42,22,real,14.761904761904763,1,180,2.5643193269992834,swiglu,21,0.036320000886917114
case_009_real,gsm8k,late,real_route_replay,620,42,22,real,14.761904761904763,1,180,2.5643193269992834,swiglu,22,0.027264000847935677
case_009_real,gsm8k,late,real_route_replay,620,42,22,real,14.761904761904763,1,180,2.5643193269992834,swiglu,23,0.02127999998629093
case_009_real,gsm8k,late,real_route_replay,620,42,22,real,14.761904761904763,1,180,2.5643193269992834,swiglu,24,0.02131200022995472
case_009_real,gsm8k,late,real_route_replay,620,42,22,real,14.761904761904763,1,180,2.5643193269992834,swiglu,25,0.020479999482631683
case_009_real,gsm8k,late,real_route_replay,620,42,22,real,14.761904761904763,1,180,2.5643193269992834,swiglu,26,0.02070399932563305
case_009_real,gsm8k,late,real_route_replay,620,42,22,real,14.761904761904763,1,180,2.5643193269992834,swiglu,27,0.020160000771284103
case_009_real,gsm8k,late,real_route_replay,620,42,22,real,14.761904761904763,1,180,2.5643193269992834,swiglu,28,0.02035200037062168
case_009_real,gsm8k,late,real_route_replay,620,42,22,real,14.761904761904763,1,180,2.5643193269992834,swiglu,29,0.02304000034928322
case_009_real,gsm8k,late,real_route_replay,620,42,22,real,14.761904761904763,1,180,2.5643193269992834,swiglu,30,0.02112000063061714
case_009_real,gsm8k,late,real_route_replay,620,42,22,real,14.761904761904763,1,180,2.5643193269992834,swiglu,31,0.021056000143289566
case_009_real,gsm8k,late,real_route_replay,620,42,22,real,14.761904761904763,1,180,2.5643193269992834,swiglu,32,0.020864000543951988
case_009_real,gsm8k,late,real_route_replay,620,42,22,real,14.761904761904763,1,180,2.5643193269992834,swiglu,33,0.0208320003002882
case_009_real,gsm8k,late,real_route_replay,620,42,22,real,14.761904761904763,1,180,2.5643193269992834,swiglu,34,0.026367999613285065
case_009_real,gsm8k,late,real_route_replay,620,42,22,real,14.761904761904763,1,180,2.5643193269992834,swiglu,35,0.023104000836610794
case_009_real,gsm8k,late,real_route_replay,620,42,22,real,14.761904761904763,1,180,2.5643193269992834,swiglu,36,0.02316799946129322
case_009_real,gsm8k,late,real_route_replay,620,42,22,real,14.761904761904763,1,180,2.5643193269992834,swiglu,37,0.02160000056028366
case_009_real,gsm8k,late,real_route_replay,620,42,22,real,14.761904761904763,1,180,2.5643193269992834,swiglu,38,0.02051199972629547
case_009_real,gsm8k,late,real_route_replay,620,42,22,real,14.761904761904763,1,180,2.5643193269992834,swiglu,39,0.020927999168634415
case_009_real,gsm8k,late,real_route_replay,620,42,22,real,14.761904761904763,1,180,2.5643193269992834,down_full64_prebuilt,0,0.20524799823760986
case_009_real,gsm8k,late,real_route_replay,620,42,22,real,14.761904761904763,1,180,2.5643193269992834,down_full64_prebuilt,1,0.18537600338459015
case_009_real,gsm8k,late,real_route_replay,620,42,22,real,14.761904761904763,1,180,2.5643193269992834,down_full64_prebuilt,2,0.18585599958896637
case_009_real,gsm8k,late,real_route_replay,620,42,22,real,14.761904761904763,1,180,2.5643193269992834,down_full64_prebuilt,3,0.18556800484657288
case_009_real,gsm8k,late,real_route_replay,620,42,22,real,14.761904761904763,1,180,2.5643193269992834,down_full64_prebuilt,4,0.1879040002822876
case_009_real,gsm8k,late,real_route_replay,620,42,22,real,14.761904761904763,1,180,2.5643193269992834,down_full64_prebuilt,5,0.18646399676799774
case_009_real,gsm8k,late,real_route_replay,620,42,22,real,14.761904761904763,1,180,2.5643193269992834,down_full64_prebuilt,6,0.18719999492168427
case_009_real,gsm8k,late,real_route_replay,620,42,22,real,14.761904761904763,1,180,2.5643193269992834,down_full64_prebuilt,7,0.18367999792099
case_009_real,gsm8k,late,real_route_replay,620,42,22,real,14.761904761904763,1,180,2.5643193269992834,down_full64_prebuilt,8,0.18704000115394592
case_009_real,gsm8k,late,real_route_replay,620,42,22,real,14.761904761904763,1,180,2.5643193269992834,down_full64_prebuilt,9,0.185248002409935
case_009_real,gsm8k,late,real_route_replay,620,42,22,real,14.761904761904763,1,180,2.5643193269992834,down_full64_prebuilt,10,0.1847359985113144
case_009_real,gsm8k,late,real_route_replay,620,42,22,real,14.761904761904763,1,180,2.5643193269992834,down_full64_prebuilt,11,0.18220800161361694
case_009_real,gsm8k,late,real_route_replay,620,42,22,real,14.761904761904763,1,180,2.5643193269992834,down_full64_prebuilt,12,0.18377600610256195
case_009_real,gsm8k,late,real_route_replay,620,42,22,real,14.761904761904763,1,180,2.5643193269992834,down_full64_prebuilt,13,0.1831360012292862
case_009_real,gsm8k,late,real_route_replay,620,42,22,real,14.761904761904763,1,180,2.5643193269992834,down_full64_prebuilt,14,0.18377600610256195
case_009_real,gsm8k,late,real_route_replay,620,42,22,real,14.761904761904763,1,180,2.5643193269992834,down_full64_prebuilt,15,0.18185600638389587
case_009_real,gsm8k,late,real_route_replay,620,42,22,real,14.761904761904763,1,180,2.5643193269992834,down_full64_prebuilt,16,0.1884479969739914
case_009_real,gsm8k,late,real_route_replay,620,42,22,real,14.761904761904763,1,180,2.5643193269992834,down_full64_prebuilt,17,0.19155199825763702
case_009_real,gsm8k,late,real_route_replay,620,42,22,real,14.761904761904763,1,180,2.5643193269992834,down_full64_prebuilt,18,0.1918720006942749
case_009_real,gsm8k,late,real_route_replay,620,42,22,real,14.761904761904763,1,180,2.5643193269992834,down_full64_prebuilt,19,0.19353599846363068
case_009_real,gsm8k,late,real_route_replay,620,42,22,real,14.761904761904763,1,180,2.5643193269992834,down_full64_prebuilt,20,0.19225600361824036
case_009_real,gsm8k,late,real_route_replay,620,42,22,real,14.761904761904763,1,180,2.5643193269992834,down_full64_prebuilt,21,0.1953279972076416
case_009_real,gsm8k,late,real_route_replay,620,42,22,real,14.761904761904763,1,180,2.5643193269992834,down_full64_prebuilt,22,0.19648000597953796
case_009_real,gsm8k,late,real_route_replay,620,42,22,real,14.761904761904763,1,180,2.5643193269992834,down_full64_prebuilt,23,0.19779199361801147
case_009_real,gsm8k,late,real_route_replay,620,42,22,real,14.761904761904763,1,180,2.5643193269992834,down_full64_prebuilt,24,0.18876799941062927
case_009_real,gsm8k,late,real_route_replay,620,42,22,real,14.761904761904763,1,180,2.5643193269992834,down_full64_prebuilt,25,0.18400000035762787
case_009_real,gsm8k,late,real_route_replay,620,42,22,real,14.761904761904763,1,180,2.5643193269992834,down_full64_prebuilt,26,0.19152000546455383
case_009_real,gsm8k,late,real_route_replay,620,42,22,real,14.761904761904763,1,180,2.5643193269992834,down_full64_prebuilt,27,0.18323199450969696
case_009_real,gsm8k,late,real_route_replay,620,42,22,real,14.761904761904763,1,180,2.5643193269992834,down_full64_prebuilt,28,0.1836480051279068
case_009_real,gsm8k,late,real_route_replay,620,42,22,real,14.761904761904763,1,180,2.5643193269992834,down_full64_prebuilt,29,0.18003199994564056
case_009_real,gsm8k,late,real_route_replay,620,42,22,real,14.761904761904763,1,180,2.5643193269992834,down_full64_prebuilt,30,0.18892799317836761
case_009_real,gsm8k,late,real_route_replay,620,42,22,real,14.761904761904763,1,180,2.5643193269992834,down_full64_prebuilt,31,0.18326400220394135
case_009_real,gsm8k,late,real_route_replay,620,42,22,real,14.761904761904763,1,180,2.5643193269992834,down_full64_prebuilt,32,0.1842239946126938
case_009_real,gsm8k,late,real_route_replay,620,42,22,real,14.761904761904763,1,180,2.5643193269992834,down_full64_prebuilt,33,0.1839040070772171
case_009_real,gsm8k,late,real_route_replay,620,42,22,real,14.761904761904763,1,180,2.5643193269992834,down_full64_prebuilt,34,0.18979200720787048
case_009_real,gsm8k,late,real_route_replay,620,42,22,real,14.761904761904763,1,180,2.5643193269992834,down_full64_prebuilt,35,0.18320000171661377
case_009_real,gsm8k,late,real_route_replay,620,42,22,real,14.761904761904763,1,180,2.5643193269992834,down_full64_prebuilt,36,0.18240000307559967
case_009_real,gsm8k,late,real_route_replay,620,42,22,real,14.761904761904763,1,180,2.5643193269992834,down_full64_prebuilt,37,0.18646399676799774
case_009_real,gsm8k,late,real_route_replay,620,42,22,real,14.761904761904763,1,180,2.5643193269992834,down_full64_prebuilt,38,0.19315199553966522
case_009_real,gsm8k,late,real_route_replay,620,42,22,real,14.761904761904763,1,180,2.5643193269992834,down_full64_prebuilt,39,0.1847040057182312
case_009_real,gsm8k,late,real_route_replay,620,42,22,real,14.761904761904763,1,180,2.5643193269992834,gate_up_active_prebuilt,0,0.29500800371170044
case_009_real,gsm8k,late,real_route_replay,620,42,22,real,14.761904761904763,1,180,2.5643193269992834,gate_up_active_prebuilt,1,0.29052799940109253
case_009_real,gsm8k,late,real_route_replay,620,42,22,real,14.761904761904763,1,180,2.5643193269992834,gate_up_active_prebuilt,2,0.29446399211883545
case_009_real,gsm8k,late,real_route_replay,620,42,22,real,14.761904761904763,1,180,2.5643193269992834,gate_up_active_prebuilt,3,0.2898879945278168
case_009_real,gsm8k,late,real_route_replay,620,42,22,real,14.761904761904763,1,180,2.5643193269992834,gate_up_active_prebuilt,4,0.2900480031967163
case_009_real,gsm8k,late,real_route_replay,620,42,22,real,14.761904761904763,1,180,2.5643193269992834,gate_up_active_prebuilt,5,0.2911359965801239
case_009_real,gsm8k,late,real_route_replay,620,42,22,real,14.761904761904763,1,180,2.5643193269992834,gate_up_active_prebuilt,6,0.2956480085849762
case_009_real,gsm8k,late,real_route_replay,620,42,22,real,14.761904761904763,1,180,2.5643193269992834,gate_up_active_prebuilt,7,0.2887359857559204
case_009_real,gsm8k,late,real_route_replay,620,42,22,real,14.761904761904763,1,180,2.5643193269992834,gate_up_active_prebuilt,8,0.29254400730133057
case_009_real,gsm8k,late,real_route_replay,620,42,22,real,14.761904761904763,1,180,2.5643193269992834,gate_up_active_prebuilt,9,0.29046401381492615
case_009_real,gsm8k,late,real_route_replay,620,42,22,real,14.761904761904763,1,180,2.5643193269992834,gate_up_active_prebuilt,10,0.2922559976577759
case_009_real,gsm8k,late,real_route_replay,620,42,22,real,14.761904761904763,1,180,2.5643193269992834,gate_up_active_prebuilt,11,0.29264000058174133
case_009_real,gsm8k,late,real_route_replay,620,42,22,real,14.761904761904763,1,180,2.5643193269992834,gate_up_active_prebuilt,12,0.2908160090446472
case_009_real,gsm8k,late,real_route_replay,620,42,22,real,14.761904761904763,1,180,2.5643193269992834,gate_up_active_prebuilt,13,0.2937600016593933
case_009_real,gsm8k,late,real_route_replay,620,42,22,real,14.761904761904763,1,180,2.5643193269992834,gate_up_active_prebuilt,14,0.29260799288749695
case_009_real,gsm8k,late,real_route_replay,620,42,22,real,14.761904761904763,1,180,2.5643193269992834,gate_up_active_prebuilt,15,0.29260799288749695
case_009_real,gsm8k,late,real_route_replay,620,42,22,real,14.761904761904763,1,180,2.5643193269992834,gate_up_active_prebuilt,16,0.29440000653266907
case_009_real,gsm8k,late,real_route_replay,620,42,22,real,14.761904761904763,1,180,2.5643193269992834,gate_up_active_prebuilt,17,0.28934401273727417
case_009_real,gsm8k,late,real_route_replay,620,42,22,real,14.761904761904763,1,180,2.5643193269992834,gate_up_active_prebuilt,18,0.2919679880142212
case_009_real,gsm8k,late,real_route_replay,620,42,22,real,14.761904761904763,1,180,2.5643193269992834,gate_up_active_prebuilt,19,0.2902719974517822
case_009_real,gsm8k,late,real_route_replay,620,42,22,real,14.761904761904763,1,180,2.5643193269992834,gate_up_active_prebuilt,20,0.2948159873485565
case_009_real,gsm8k,late,real_route_replay,620,42,22,real,14.761904761904763,1,180,2.5643193269992834,gate_up_active_prebuilt,21,0.30691200494766235
case_009_real,gsm8k,late,real_route_replay,620,42,22,real,14.761904761904763,1,180,2.5643193269992834,gate_up_active_prebuilt,22,0.29526400566101074
case_009_real,gsm8k,late,real_route_replay,620,42,22,real,14.761904761904763,1,180,2.5643193269992834,gate_up_active_prebuilt,23,0.2917439937591553
case_009_real,gsm8k,late,real_route_replay,620,42,22,real,14.761904761904763,1,180,2.5643193269992834,gate_up_active_prebuilt,24,0.29334399104118347
case_009_real,gsm8k,late,real_route_replay,620,42,22,real,14.761904761904763,1,180,2.5643193269992834,gate_up_active_prebuilt,25,0.2916159927845001
case_009_real,gsm8k,late,real_route_replay,620,42,22,real,14.761904761904763,1,180,2.5643193269992834,gate_up_active_prebuilt,26,0.2877439856529236
case_009_real,gsm8k,late,real_route_replay,620,42,22,real,14.761904761904763,1,180,2.5643193269992834,gate_up_active_prebuilt,27,0.29100799560546875
case_009_real,gsm8k,late,real_route_replay,620,42,22,real,14.761904761904763,1,180,2.5643193269992834,gate_up_active_prebuilt,28,0.2906239926815033
case_009_real,gsm8k,late,real_route_replay,620,42,22,real,14.761904761904763,1,180,2.5643193269992834,gate_up_active_prebuilt,29,0.2918719947338104
case_009_real,gsm8k,late,real_route_replay,620,42,22,real,14.761904761904763,1,180,2.5643193269992834,gate_up_active_prebuilt,30,0.29417601227760315
case_009_real,gsm8k,late,real_route_replay,620,42,22,real,14.761904761904763,1,180,2.5643193269992834,gate_up_active_prebuilt,31,0.2916800081729889
case_009_real,gsm8k,late,real_route_replay,620,42,22,real,14.761904761904763,1,180,2.5643193269992834,gate_up_active_prebuilt,32,0.29206401109695435
case_009_real,gsm8k,late,real_route_replay,620,42,22,real,14.761904761904763,1,180,2.5643193269992834,gate_up_active_prebuilt,33,0.29423999786376953
case_009_real,gsm8k,late,real_route_replay,620,42,22,real,14.761904761904763,1,180,2.5643193269992834,gate_up_active_prebuilt,34,0.29280000925064087
case_009_real,gsm8k,late,real_route_replay,620,42,22,real,14.761904761904763,1,180,2.5643193269992834,gate_up_active_prebuilt,35,0.2915840148925781
case_009_real,gsm8k,late,real_route_replay,620,42,22,real,14.761904761904763,1,180,2.5643193269992834,gate_up_active_prebuilt,36,0.29020801186561584
case_009_real,gsm8k,late,real_route_replay,620,42,22,real,14.761904761904763,1,180,2.5643193269992834,gate_up_active_prebuilt,37,0.2937279939651489
case_009_real,gsm8k,late,real_route_replay,620,42,22,real,14.761904761904763,1,180,2.5643193269992834,gate_up_active_prebuilt,38,0.2903999984264374
case_009_real,gsm8k,late,real_route_replay,620,42,22,real,14.761904761904763,1,180,2.5643193269992834,gate_up_active_prebuilt,39,0.28940799832344055
case_009_real,gsm8k,late,real_route_replay,620,42,22,real,14.761904761904763,1,180,2.5643193269992834,route_weight,0,0.022143999114632607
case_009_real,gsm8k,late,real_route_replay,620,42,22,real,14.761904761904763,1,180,2.5643193269992834,route_weight,1,0.01772800087928772
case_009_real,gsm8k,late,real_route_replay,620,42,22,real,14.761904761904763,1,180,2.5643193269992834,route_weight,2,0.01603199914097786
case_009_real,gsm8k,late,real_route_replay,620,42,22,real,14.761904761904763,1,180,2.5643193269992834,route_weight,3,0.016224000602960587
case_009_real,gsm8k,late,real_route_replay,620,42,22,real,14.761904761904763,1,180,2.5643193269992834,route_weight,4,0.017311999574303627
case_009_real,gsm8k,late,real_route_replay,620,42,22,real,14.761904761904763,1,180,2.5643193269992834,route_weight,5,0.016575999557971954
case_009_real,gsm8k,late,real_route_replay,620,42,22,real,14.761904761904763,1,180,2.5643193269992834,route_weight,6,0.01679999940097332
case_009_real,gsm8k,late,real_route_replay,620,42,22,real,14.761904761904763,1,180,2.5643193269992834,route_weight,7,0.017311999574303627
case_009_real,gsm8k,late,real_route_replay,620,42,22,real,14.761904761904763,1,180,2.5643193269992834,route_weight,8,0.01756799966096878
case_009_real,gsm8k,late,real_route_replay,620,42,22,real,14.761904761904763,1,180,2.5643193269992834,route_weight,9,0.01587199978530407
case_009_real,gsm8k,late,real_route_replay,620,42,22,real,14.761904761904763,1,180,2.5643193269992834,route_weight,10,0.015135999768972397
case_009_real,gsm8k,late,real_route_replay,620,42,22,real,14.761904761904763,1,180,2.5643193269992834,route_weight,11,0.015296000055968761
case_009_real,gsm8k,late,real_route_replay,620,42,22,real,14.761904761904763,1,180,2.5643193269992834,route_weight,12,0.014592000283300877
case_009_real,gsm8k,late,real_route_replay,620,42,22,real,14.761904761904763,1,180,2.5643193269992834,route_weight,13,0.01727999933063984
case_009_real,gsm8k,late,real_route_replay,620,42,22,real,14.761904761904763,1,180,2.5643193269992834,route_weight,14,0.015168000012636185
case_009_real,gsm8k,late,real_route_replay,620,42,22,real,14.761904761904763,1,180,2.5643193269992834,route_weight,15,0.014399999752640724
case_009_real,gsm8k,late,real_route_replay,620,42,22,real,14.761904761904763,1,180,2.5643193269992834,route_weight,16,0.014783999882638454
case_009_real,gsm8k,late,real_route_replay,620,42,22,real,14.761904761904763,1,180,2.5643193269992834,route_weight,17,0.016992000862956047
case_009_real,gsm8k,late,real_route_replay,620,42,22,real,14.761904761904763,1,180,2.5643193269992834,route_weight,18,0.016767999157309532
case_009_real,gsm8k,late,real_route_replay,620,42,22,real,14.761904761904763,1,180,2.5643193269992834,route_weight,19,0.01679999940097332
case_009_real,gsm8k,late,real_route_replay,620,42,22,real,14.761904761904763,1,180,2.5643193269992834,route_weight,20,0.016543999314308167
case_009_real,gsm8k,late,real_route_replay,620,42,22,real,14.761904761904763,1,180,2.5643193269992834,route_weight,21,0.014688000082969666
case_009_real,gsm8k,late,real_route_replay,620,42,22,real,14.761904761904763,1,180,2.5643193269992834,route_weight,22,0.014751999638974667
case_009_real,gsm8k,late,real_route_replay,620,42,22,real,14.761904761904763,1,180,2.5643193269992834,route_weight,23,0.014816000126302242
case_009_real,gsm8k,late,real_route_replay,620,42,22,real,14.761904761904763,1,180,2.5643193269992834,route_weight,24,0.014879999682307243
case_009_real,gsm8k,late,real_route_replay,620,42,22,real,14.761904761904763,1,180,2.5643193269992834,route_weight,25,0.014976000413298607
case_009_real,gsm8k,late,real_route_replay,620,42,22,real,14.761904761904763,1,180,2.5643193269992834,route_weight,26,0.014688000082969666
case_009_real,gsm8k,late,real_route_replay,620,42,22,real,14.761904761904763,1,180,2.5643193269992834,route_weight,27,0.014592000283300877
case_009_real,gsm8k,late,real_route_replay,620,42,22,real,14.761904761904763,1,180,2.5643193269992834,route_weight,28,0.015263999812304974
case_009_real,gsm8k,late,real_route_replay,620,42,22,real,14.761904761904763,1,180,2.5643193269992834,route_weight,29,0.028031999245285988
case_009_real,gsm8k,late,real_route_replay,620,42,22,real,14.761904761904763,1,180,2.5643193269992834,route_weight,30,0.01616000011563301
case_009_real,gsm8k,late,real_route_replay,620,42,22,real,14.761904761904763,1,180,2.5643193269992834,route_weight,31,0.015231999568641186
case_009_real,gsm8k,late,real_route_replay,620,42,22,real,14.761904761904763,1,180,2.5643193269992834,route_weight,32,0.015615999698638916
case_009_real,gsm8k,late,real_route_replay,620,42,22,real,14.761904761904763,1,180,2.5643193269992834,route_weight,33,0.019936000928282738
case_009_real,gsm8k,late,real_route_replay,620,42,22,real,14.761904761904763,1,180,2.5643193269992834,route_weight,34,0.016767999157309532
case_009_real,gsm8k,late,real_route_replay,620,42,22,real,14.761904761904763,1,180,2.5643193269992834,route_weight,35,0.022431999444961548
case_009_real,gsm8k,late,real_route_replay,620,42,22,real,14.761904761904763,1,180,2.5643193269992834,route_weight,36,0.020640000700950623
case_009_real,gsm8k,late,real_route_replay,620,42,22,real,14.761904761904763,1,180,2.5643193269992834,route_weight,37,0.02051199972629547
case_009_real,gsm8k,late,real_route_replay,620,42,22,real,14.761904761904763,1,180,2.5643193269992834,route_weight,38,0.019840000197291374
case_009_real,gsm8k,late,real_route_replay,620,42,22,real,14.761904761904763,1,180,2.5643193269992834,route_weight,39,0.019551999866962433
case_010_real,gsm8k,middle,real_route_replay,532,44,20,real,12.090909090909092,1,40,0.8467247089649499,gate_up_full64_prebuilt,0,0.3336640000343323
case_010_real,gsm8k,middle,real_route_replay,532,44,20,real,12.090909090909092,1,40,0.8467247089649499,gate_up_full64_prebuilt,1,0.30793601274490356
case_010_real,gsm8k,middle,real_route_replay,532,44,20,real,12.090909090909092,1,40,0.8467247089649499,gate_up_full64_prebuilt,2,0.3028160035610199
case_010_real,gsm8k,middle,real_route_replay,532,44,20,real,12.090909090909092,1,40,0.8467247089649499,gate_up_full64_prebuilt,3,0.30031999945640564
case_010_real,gsm8k,middle,real_route_replay,532,44,20,real,12.090909090909092,1,40,0.8467247089649499,gate_up_full64_prebuilt,4,0.3089599907398224
case_010_real,gsm8k,middle,real_route_replay,532,44,20,real,12.090909090909092,1,40,0.8467247089649499,gate_up_full64_prebuilt,5,0.2951360046863556
case_010_real,gsm8k,middle,real_route_replay,532,44,20,real,12.090909090909092,1,40,0.8467247089649499,gate_up_full64_prebuilt,6,0.3070720136165619
case_010_real,gsm8k,middle,real_route_replay,532,44,20,real,12.090909090909092,1,40,0.8467247089649499,gate_up_full64_prebuilt,7,0.3075520098209381
case_010_real,gsm8k,middle,real_route_replay,532,44,20,real,12.090909090909092,1,40,0.8467247089649499,gate_up_full64_prebuilt,8,0.30486398935317993
case_010_real,gsm8k,middle,real_route_replay,532,44,20,real,12.090909090909092,1,40,0.8467247089649499,gate_up_full64_prebuilt,9,0.30297601222991943
case_010_real,gsm8k,middle,real_route_replay,532,44,20,real,12.090909090909092,1,40,0.8467247089649499,gate_up_full64_prebuilt,10,0.3020800054073334
case_010_real,gsm8k,middle,real_route_replay,532,44,20,real,12.090909090909092,1,40,0.8467247089649499,gate_up_full64_prebuilt,11,0.2996799945831299
case_010_real,gsm8k,middle,real_route_replay,532,44,20,real,12.090909090909092,1,40,0.8467247089649499,gate_up_full64_prebuilt,12,0.30083200335502625
case_010_real,gsm8k,middle,real_route_replay,532,44,20,real,12.090909090909092,1,40,0.8467247089649499,gate_up_full64_prebuilt,13,0.2975679934024811
case_010_real,gsm8k,middle,real_route_replay,532,44,20,real,12.090909090909092,1,40,0.8467247089649499,gate_up_full64_prebuilt,14,0.29657599329948425
case_010_real,gsm8k,middle,real_route_replay,532,44,20,real,12.090909090909092,1,40,0.8467247089649499,gate_up_full64_prebuilt,15,0.2945280075073242
case_010_real,gsm8k,middle,real_route_replay,532,44,20,real,12.090909090909092,1,40,0.8467247089649499,gate_up_full64_prebuilt,16,0.2953920066356659
case_010_real,gsm8k,middle,real_route_replay,532,44,20,real,12.090909090909092,1,40,0.8467247089649499,gate_up_full64_prebuilt,17,0.29580798745155334
case_010_real,gsm8k,middle,real_route_replay,532,44,20,real,12.090909090909092,1,40,0.8467247089649499,gate_up_full64_prebuilt,18,0.2956160008907318
case_010_real,gsm8k,middle,real_route_replay,532,44,20,real,12.090909090909092,1,40,0.8467247089649499,gate_up_full64_prebuilt,19,0.2937279939651489
case_010_real,gsm8k,middle,real_route_replay,532,44,20,real,12.090909090909092,1,40,0.8467247089649499,gate_up_full64_prebuilt,20,0.295199990272522
case_010_real,gsm8k,middle,real_route_replay,532,44,20,real,12.090909090909092,1,40,0.8467247089649499,gate_up_full64_prebuilt,21,0.29388800263404846
case_010_real,gsm8k,middle,real_route_replay,532,44,20,real,12.090909090909092,1,40,0.8467247089649499,gate_up_full64_prebuilt,22,0.29104000329971313
case_010_real,gsm8k,middle,real_route_replay,532,44,20,real,12.090909090909092,1,40,0.8467247089649499,gate_up_full64_prebuilt,23,0.29414400458335876
case_010_real,gsm8k,middle,real_route_replay,532,44,20,real,12.090909090909092,1,40,0.8467247089649499,gate_up_full64_prebuilt,24,0.2945919930934906
case_010_real,gsm8k,middle,real_route_replay,532,44,20,real,12.090909090909092,1,40,0.8467247089649499,gate_up_full64_prebuilt,25,0.29235199093818665
case_010_real,gsm8k,middle,real_route_replay,532,44,20,real,12.090909090909092,1,40,0.8467247089649499,gate_up_full64_prebuilt,26,0.29228800535202026
case_010_real,gsm8k,middle,real_route_replay,532,44,20,real,12.090909090909092,1,40,0.8467247089649499,gate_up_full64_prebuilt,27,0.2954559922218323
case_010_real,gsm8k,middle,real_route_replay,532,44,20,real,12.090909090909092,1,40,0.8467247089649499,gate_up_full64_prebuilt,28,0.2948800027370453
case_010_real,gsm8k,middle,real_route_replay,532,44,20,real,12.090909090909092,1,40,0.8467247089649499,gate_up_full64_prebuilt,29,0.2993279993534088
case_010_real,gsm8k,middle,real_route_replay,532,44,20,real,12.090909090909092,1,40,0.8467247089649499,gate_up_full64_prebuilt,30,0.30377599596977234
case_010_real,gsm8k,middle,real_route_replay,532,44,20,real,12.090909090909092,1,40,0.8467247089649499,gate_up_full64_prebuilt,31,0.30323201417922974
case_010_real,gsm8k,middle,real_route_replay,532,44,20,real,12.090909090909092,1,40,0.8467247089649499,gate_up_full64_prebuilt,32,0.3031040132045746
case_010_real,gsm8k,middle,real_route_replay,532,44,20,real,12.090909090909092,1,40,0.8467247089649499,gate_up_full64_prebuilt,33,0.3099200129508972
case_010_real,gsm8k,middle,real_route_replay,532,44,20,real,12.090909090909092,1,40,0.8467247089649499,gate_up_full64_prebuilt,34,0.2993600070476532
case_010_real,gsm8k,middle,real_route_replay,532,44,20,real,12.090909090909092,1,40,0.8467247089649499,gate_up_full64_prebuilt,35,0.29395198822021484
case_010_real,gsm8k,middle,real_route_replay,532,44,20,real,12.090909090909092,1,40,0.8467247089649499,gate_up_full64_prebuilt,36,0.29183998703956604
case_010_real,gsm8k,middle,real_route_replay,532,44,20,real,12.090909090909092,1,40,0.8467247089649499,gate_up_full64_prebuilt,37,0.29500800371170044
case_010_real,gsm8k,middle,real_route_replay,532,44,20,real,12.090909090909092,1,40,0.8467247089649499,gate_up_full64_prebuilt,38,0.2953279912471771
case_010_real,gsm8k,middle,real_route_replay,532,44,20,real,12.090909090909092,1,40,0.8467247089649499,gate_up_full64_prebuilt,39,0.2935999929904938
case_010_real,gsm8k,middle,real_route_replay,532,44,20,real,12.090909090909092,1,40,0.8467247089649499,down_active_prebuilt,0,0.19247999787330627
case_010_real,gsm8k,middle,real_route_replay,532,44,20,real,12.090909090909092,1,40,0.8467247089649499,down_active_prebuilt,1,0.19756799936294556
case_010_real,gsm8k,middle,real_route_replay,532,44,20,real,12.090909090909092,1,40,0.8467247089649499,down_active_prebuilt,2,0.18700799345970154
case_010_real,gsm8k,middle,real_route_replay,532,44,20,real,12.090909090909092,1,40,0.8467247089649499,down_active_prebuilt,3,0.19312000274658203
case_010_real,gsm8k,middle,real_route_replay,532,44,20,real,12.090909090909092,1,40,0.8467247089649499,down_active_prebuilt,4,0.1945600062608719
case_010_real,gsm8k,middle,real_route_replay,532,44,20,real,12.090909090909092,1,40,0.8467247089649499,down_active_prebuilt,5,0.1905599981546402
case_010_real,gsm8k,middle,real_route_replay,532,44,20,real,12.090909090909092,1,40,0.8467247089649499,down_active_prebuilt,6,0.19260799884796143
case_010_real,gsm8k,middle,real_route_replay,532,44,20,real,12.090909090909092,1,40,0.8467247089649499,down_active_prebuilt,7,0.1937599927186966
case_010_real,gsm8k,middle,real_route_replay,532,44,20,real,12.090909090909092,1,40,0.8467247089649499,down_active_prebuilt,8,0.1950400024652481
case_010_real,gsm8k,middle,real_route_replay,532,44,20,real,12.090909090909092,1,40,0.8467247089649499,down_active_prebuilt,9,0.1958719938993454
case_010_real,gsm8k,middle,real_route_replay,532,44,20,real,12.090909090909092,1,40,0.8467247089649499,down_active_prebuilt,10,0.19299200177192688
case_010_real,gsm8k,middle,real_route_replay,532,44,20,real,12.090909090909092,1,40,0.8467247089649499,down_active_prebuilt,11,0.1915840059518814
case_010_real,gsm8k,middle,real_route_replay,532,44,20,real,12.090909090909092,1,40,0.8467247089649499,down_active_prebuilt,12,0.18358400464057922
case_010_real,gsm8k,middle,real_route_replay,532,44,20,real,12.090909090909092,1,40,0.8467247089649499,down_active_prebuilt,13,0.19097599387168884
case_010_real,gsm8k,middle,real_route_replay,532,44,20,real,12.090909090909092,1,40,0.8467247089649499,down_active_prebuilt,14,0.18652799725532532
case_010_real,gsm8k,middle,real_route_replay,532,44,20,real,12.090909090909092,1,40,0.8467247089649499,down_active_prebuilt,15,0.18716800212860107
case_010_real,gsm8k,middle,real_route_replay,532,44,20,real,12.090909090909092,1,40,0.8467247089649499,down_active_prebuilt,16,0.18880000710487366
case_010_real,gsm8k,middle,real_route_replay,532,44,20,real,12.090909090909092,1,40,0.8467247089649499,down_active_prebuilt,17,0.18559999763965607
case_010_real,gsm8k,middle,real_route_replay,532,44,20,real,12.090909090909092,1,40,0.8467247089649499,down_active_prebuilt,18,0.18880000710487366
case_010_real,gsm8k,middle,real_route_replay,532,44,20,real,12.090909090909092,1,40,0.8467247089649499,down_active_prebuilt,19,0.18297599256038666
case_010_real,gsm8k,middle,real_route_replay,532,44,20,real,12.090909090909092,1,40,0.8467247089649499,down_active_prebuilt,20,0.18515199422836304
case_010_real,gsm8k,middle,real_route_replay,532,44,20,real,12.090909090909092,1,40,0.8467247089649499,down_active_prebuilt,21,0.18544000387191772
case_010_real,gsm8k,middle,real_route_replay,532,44,20,real,12.090909090909092,1,40,0.8467247089649499,down_active_prebuilt,22,0.18540799617767334
case_010_real,gsm8k,middle,real_route_replay,532,44,20,real,12.090909090909092,1,40,0.8467247089649499,down_active_prebuilt,23,0.18303999304771423
case_010_real,gsm8k,middle,real_route_replay,532,44,20,real,12.090909090909092,1,40,0.8467247089649499,down_active_prebuilt,24,0.18636800348758698
case_010_real,gsm8k,middle,real_route_replay,532,44,20,real,12.090909090909092,1,40,0.8467247089649499,down_active_prebuilt,25,0.18329599499702454
case_010_real,gsm8k,middle,real_route_replay,532,44,20,real,12.090909090909092,1,40,0.8467247089649499,down_active_prebuilt,26,0.18352000415325165
case_010_real,gsm8k,middle,real_route_replay,532,44,20,real,12.090909090909092,1,40,0.8467247089649499,down_active_prebuilt,27,0.18492799997329712
case_010_real,gsm8k,middle,real_route_replay,532,44,20,real,12.090909090909092,1,40,0.8467247089649499,down_active_prebuilt,28,0.18400000035762787
case_010_real,gsm8k,middle,real_route_replay,532,44,20,real,12.090909090909092,1,40,0.8467247089649499,down_active_prebuilt,29,0.18796800076961517
case_010_real,gsm8k,middle,real_route_replay,532,44,20,real,12.090909090909092,1,40,0.8467247089649499,down_active_prebuilt,30,0.18671999871730804
case_010_real,gsm8k,middle,real_route_replay,532,44,20,real,12.090909090909092,1,40,0.8467247089649499,down_active_prebuilt,31,0.18671999871730804
case_010_real,gsm8k,middle,real_route_replay,532,44,20,real,12.090909090909092,1,40,0.8467247089649499,down_active_prebuilt,32,0.1831360012292862
case_010_real,gsm8k,middle,real_route_replay,532,44,20,real,12.090909090909092,1,40,0.8467247089649499,down_active_prebuilt,33,0.1849920004606247
case_010_real,gsm8k,middle,real_route_replay,532,44,20,real,12.090909090909092,1,40,0.8467247089649499,down_active_prebuilt,34,0.19232000410556793
case_010_real,gsm8k,middle,real_route_replay,532,44,20,real,12.090909090909092,1,40,0.8467247089649499,down_active_prebuilt,35,0.19353599846363068
case_010_real,gsm8k,middle,real_route_replay,532,44,20,real,12.090909090909092,1,40,0.8467247089649499,down_active_prebuilt,36,0.19472000002861023
case_010_real,gsm8k,middle,real_route_replay,532,44,20,real,12.090909090909092,1,40,0.8467247089649499,down_active_prebuilt,37,0.19302399456501007
case_010_real,gsm8k,middle,real_route_replay,532,44,20,real,12.090909090909092,1,40,0.8467247089649499,down_active_prebuilt,38,0.19696000218391418
case_010_real,gsm8k,middle,real_route_replay,532,44,20,real,12.090909090909092,1,40,0.8467247089649499,down_active_prebuilt,39,0.1921599954366684
case_010_real,gsm8k,middle,real_route_replay,532,44,20,real,12.090909090909092,1,40,0.8467247089649499,down_full64_prebuilt,0,0.20211200416088104
case_010_real,gsm8k,middle,real_route_replay,532,44,20,real,12.090909090909092,1,40,0.8467247089649499,down_full64_prebuilt,1,0.18624000251293182
case_010_real,gsm8k,middle,real_route_replay,532,44,20,real,12.090909090909092,1,40,0.8467247089649499,down_full64_prebuilt,2,0.18768000602722168
case_010_real,gsm8k,middle,real_route_replay,532,44,20,real,12.090909090909092,1,40,0.8467247089649499,down_full64_prebuilt,3,0.18614399433135986
case_010_real,gsm8k,middle,real_route_replay,532,44,20,real,12.090909090909092,1,40,0.8467247089649499,down_full64_prebuilt,4,0.18732799589633942
case_010_real,gsm8k,middle,real_route_replay,532,44,20,real,12.090909090909092,1,40,0.8467247089649499,down_full64_prebuilt,5,0.18598400056362152
case_010_real,gsm8k,middle,real_route_replay,532,44,20,real,12.090909090909092,1,40,0.8467247089649499,down_full64_prebuilt,6,0.18835200369358063
case_010_real,gsm8k,middle,real_route_replay,532,44,20,real,12.090909090909092,1,40,0.8467247089649499,down_full64_prebuilt,7,0.18860800564289093
case_010_real,gsm8k,middle,real_route_replay,532,44,20,real,12.090909090909092,1,40,0.8467247089649499,down_full64_prebuilt,8,0.18982400000095367
case_010_real,gsm8k,middle,real_route_replay,532,44,20,real,12.090909090909092,1,40,0.8467247089649499,down_full64_prebuilt,9,0.18639999628067017
case_010_real,gsm8k,middle,real_route_replay,532,44,20,real,12.090909090909092,1,40,0.8467247089649499,down_full64_prebuilt,10,0.1876160055398941
case_010_real,gsm8k,middle,real_route_replay,532,44,20,real,12.090909090909092,1,40,0.8467247089649499,down_full64_prebuilt,11,0.18316799402236938
case_010_real,gsm8k,middle,real_route_replay,532,44,20,real,12.090909090909092,1,40,0.8467247089649499,down_full64_prebuilt,12,0.18438400328159332
case_010_real,gsm8k,middle,real_route_replay,532,44,20,real,12.090909090909092,1,40,0.8467247089649499,down_full64_prebuilt,13,0.1823039948940277
case_010_real,gsm8k,middle,real_route_replay,532,44,20,real,12.090909090909092,1,40,0.8467247089649499,down_full64_prebuilt,14,0.18902400135993958
case_010_real,gsm8k,middle,real_route_replay,532,44,20,real,12.090909090909092,1,40,0.8467247089649499,down_full64_prebuilt,15,0.18668800592422485
case_010_real,gsm8k,middle,real_route_replay,532,44,20,real,12.090909090909092,1,40,0.8467247089649499,down_full64_prebuilt,16,0.18716800212860107
case_010_real,gsm8k,middle,real_route_replay,532,44,20,real,12.090909090909092,1,40,0.8467247089649499,down_full64_prebuilt,17,0.19247999787330627
case_010_real,gsm8k,middle,real_route_replay,532,44,20,real,12.090909090909092,1,40,0.8467247089649499,down_full64_prebuilt,18,0.19315199553966522
case_010_real,gsm8k,middle,real_route_replay,532,44,20,real,12.090909090909092,1,40,0.8467247089649499,down_full64_prebuilt,19,0.19023999571800232
case_010_real,gsm8k,middle,real_route_replay,532,44,20,real,12.090909090909092,1,40,0.8467247089649499,down_full64_prebuilt,20,0.1907840073108673
case_010_real,gsm8k,middle,real_route_replay,532,44,20,real,12.090909090909092,1,40,0.8467247089649499,down_full64_prebuilt,21,0.1913280040025711
case_010_real,gsm8k,middle,real_route_replay,532,44,20,real,12.090909090909092,1,40,0.8467247089649499,down_full64_prebuilt,22,0.19539199769496918
case_010_real,gsm8k,middle,real_route_replay,532,44,20,real,12.090909090909092,1,40,0.8467247089649499,down_full64_prebuilt,23,0.197952002286911
case_010_real,gsm8k,middle,real_route_replay,532,44,20,real,12.090909090909092,1,40,0.8467247089649499,down_full64_prebuilt,24,0.1963520050048828
case_010_real,gsm8k,middle,real_route_replay,532,44,20,real,12.090909090909092,1,40,0.8467247089649499,down_full64_prebuilt,25,0.18915200233459473
case_010_real,gsm8k,middle,real_route_replay,532,44,20,real,12.090909090909092,1,40,0.8467247089649499,down_full64_prebuilt,26,0.18611200153827667
case_010_real,gsm8k,middle,real_route_replay,532,44,20,real,12.090909090909092,1,40,0.8467247089649499,down_full64_prebuilt,27,0.18675200641155243
case_010_real,gsm8k,middle,real_route_replay,532,44,20,real,12.090909090909092,1,40,0.8467247089649499,down_full64_prebuilt,28,0.19232000410556793
case_010_real,gsm8k,middle,real_route_replay,532,44,20,real,12.090909090909092,1,40,0.8467247089649499,down_full64_prebuilt,29,0.18908800184726715
case_010_real,gsm8k,middle,real_route_replay,532,44,20,real,12.090909090909092,1,40,0.8467247089649499,down_full64_prebuilt,30,0.18432000279426575
case_010_real,gsm8k,middle,real_route_replay,532,44,20,real,12.090909090909092,1,40,0.8467247089649499,down_full64_prebuilt,31,0.18627199530601501
case_010_real,gsm8k,middle,real_route_replay,532,44,20,real,12.090909090909092,1,40,0.8467247089649499,down_full64_prebuilt,32,0.18892799317836761
case_010_real,gsm8k,middle,real_route_replay,532,44,20,real,12.090909090909092,1,40,0.8467247089649499,down_full64_prebuilt,33,0.18412800133228302
case_010_real,gsm8k,middle,real_route_replay,532,44,20,real,12.090909090909092,1,40,0.8467247089649499,down_full64_prebuilt,34,0.185248002409935
case_010_real,gsm8k,middle,real_route_replay,532,44,20,real,12.090909090909092,1,40,0.8467247089649499,down_full64_prebuilt,35,0.18425600230693817
case_010_real,gsm8k,middle,real_route_replay,532,44,20,real,12.090909090909092,1,40,0.8467247089649499,down_full64_prebuilt,36,0.18636800348758698
case_010_real,gsm8k,middle,real_route_replay,532,44,20,real,12.090909090909092,1,40,0.8467247089649499,down_full64_prebuilt,37,0.18624000251293182
case_010_real,gsm8k,middle,real_route_replay,532,44,20,real,12.090909090909092,1,40,0.8467247089649499,down_full64_prebuilt,38,0.1857919991016388
case_010_real,gsm8k,middle,real_route_replay,532,44,20,real,12.090909090909092,1,40,0.8467247089649499,down_full64_prebuilt,39,0.18668800592422485
case_010_real,gsm8k,middle,real_route_replay,532,44,20,real,12.090909090909092,1,40,0.8467247089649499,route_weight,0,0.018751999363303185
case_010_real,gsm8k,middle,real_route_replay,532,44,20,real,12.090909090909092,1,40,0.8467247089649499,route_weight,1,0.017503999173641205
case_010_real,gsm8k,middle,real_route_replay,532,44,20,real,12.090909090909092,1,40,0.8467247089649499,route_weight,2,0.016736000776290894
case_010_real,gsm8k,middle,real_route_replay,532,44,20,real,12.090909090909092,1,40,0.8467247089649499,route_weight,3,0.017311999574303627
case_010_real,gsm8k,middle,real_route_replay,532,44,20,real,12.090909090909092,1,40,0.8467247089649499,route_weight,4,0.01696000061929226
case_010_real,gsm8k,middle,real_route_replay,532,44,20,real,12.090909090909092,1,40,0.8467247089649499,route_weight,5,0.015776000916957855
case_010_real,gsm8k,middle,real_route_replay,532,44,20,real,12.090909090909092,1,40,0.8467247089649499,route_weight,6,0.017952000722289085
case_010_real,gsm8k,middle,real_route_replay,532,44,20,real,12.090909090909092,1,40,0.8467247089649499,route_weight,7,0.015456000342965126
case_010_real,gsm8k,middle,real_route_replay,532,44,20,real,12.090909090909092,1,40,0.8467247089649499,route_weight,8,0.01548799965530634
case_010_real,gsm8k,middle,real_route_replay,532,44,20,real,12.090909090909092,1,40,0.8467247089649499,route_weight,9,0.015039999969303608
case_010_real,gsm8k,middle,real_route_replay,532,44,20,real,12.090909090909092,1,40,0.8467247089649499,route_weight,10,0.014592000283300877
case_010_real,gsm8k,middle,real_route_replay,532,44,20,real,12.090909090909092,1,40,0.8467247089649499,route_weight,11,0.014816000126302242
case_010_real,gsm8k,middle,real_route_replay,532,44,20,real,12.090909090909092,1,40,0.8467247089649499,route_weight,12,0.01500799972563982
case_010_real,gsm8k,middle,real_route_replay,532,44,20,real,12.090909090909092,1,40,0.8467247089649499,route_weight,13,0.014655999839305878
case_010_real,gsm8k,middle,real_route_replay,532,44,20,real,12.090909090909092,1,40,0.8467247089649499,route_weight,14,0.014816000126302242
case_010_real,gsm8k,middle,real_route_replay,532,44,20,real,12.090909090909092,1,40,0.8467247089649499,route_weight,15,0.015039999969303608
case_010_real,gsm8k,middle,real_route_replay,532,44,20,real,12.090909090909092,1,40,0.8467247089649499,route_weight,16,0.015039999969303608
case_010_real,gsm8k,middle,real_route_replay,532,44,20,real,12.090909090909092,1,40,0.8467247089649499,route_weight,17,0.015135999768972397
case_010_real,gsm8k,middle,real_route_replay,532,44,20,real,12.090909090909092,1,40,0.8467247089649499,route_weight,18,0.014368000440299511
case_010_real,gsm8k,middle,real_route_replay,532,44,20,real,12.090909090909092,1,40,0.8467247089649499,route_weight,19,0.021663999184966087
case_010_real,gsm8k,middle,real_route_replay,532,44,20,real,12.090909090909092,1,40,0.8467247089649499,route_weight,20,0.01603199914097786
case_010_real,gsm8k,middle,real_route_replay,532,44,20,real,12.090909090909092,1,40,0.8467247089649499,route_weight,21,0.015807999297976494
case_010_real,gsm8k,middle,real_route_replay,532,44,20,real,12.090909090909092,1,40,0.8467247089649499,route_weight,22,0.014527999795973301
case_010_real,gsm8k,middle,real_route_replay,532,44,20,real,12.090909090909092,1,40,0.8467247089649499,route_weight,23,0.030079999938607216
case_010_real,gsm8k,middle,real_route_replay,532,44,20,real,12.090909090909092,1,40,0.8467247089649499,route_weight,24,0.015647999942302704
case_010_real,gsm8k,middle,real_route_replay,532,44,20,real,12.090909090909092,1,40,0.8467247089649499,route_weight,25,0.01539199985563755
case_010_real,gsm8k,middle,real_route_replay,532,44,20,real,12.090909090909092,1,40,0.8467247089649499,route_weight,26,0.015552000142633915
case_010_real,gsm8k,middle,real_route_replay,532,44,20,real,12.090909090909092,1,40,0.8467247089649499,route_weight,27,0.015359999611973763
case_010_real,gsm8k,middle,real_route_replay,532,44,20,real,12.090909090909092,1,40,0.8467247089649499,route_weight,28,0.01635199971497059
case_010_real,gsm8k,middle,real_route_replay,532,44,20,real,12.090909090909092,1,40,0.8467247089649499,route_weight,29,0.017632000148296356
case_010_real,gsm8k,middle,real_route_replay,532,44,20,real,12.090909090909092,1,40,0.8467247089649499,route_weight,30,0.015968000516295433
case_010_real,gsm8k,middle,real_route_replay,532,44,20,real,12.090909090909092,1,40,0.8467247089649499,route_weight,31,0.014944000169634819
case_010_real,gsm8k,middle,real_route_replay,532,44,20,real,12.090909090909092,1,40,0.8467247089649499,route_weight,32,0.016767999157309532
case_010_real,gsm8k,middle,real_route_replay,532,44,20,real,12.090909090909092,1,40,0.8467247089649499,route_weight,33,0.015072000212967396
case_010_real,gsm8k,middle,real_route_replay,532,44,20,real,12.090909090909092,1,40,0.8467247089649499,route_weight,34,0.014655999839305878
case_010_real,gsm8k,middle,real_route_replay,532,44,20,real,12.090909090909092,1,40,0.8467247089649499,route_weight,35,0.015263999812304974
case_010_real,gsm8k,middle,real_route_replay,532,44,20,real,12.090909090909092,1,40,0.8467247089649499,route_weight,36,0.014816000126302242
case_010_real,gsm8k,middle,real_route_replay,532,44,20,real,12.090909090909092,1,40,0.8467247089649499,route_weight,37,0.014431999996304512
case_010_real,gsm8k,middle,real_route_replay,532,44,20,real,12.090909090909092,1,40,0.8467247089649499,route_weight,38,0.015263999812304974
case_010_real,gsm8k,middle,real_route_replay,532,44,20,real,12.090909090909092,1,40,0.8467247089649499,route_weight,39,0.014751999638974667
case_010_real,gsm8k,middle,real_route_replay,532,44,20,real,12.090909090909092,1,40,0.8467247089649499,swiglu,0,0.026367999613285065
case_010_real,gsm8k,middle,real_route_replay,532,44,20,real,12.090909090909092,1,40,0.8467247089649499,swiglu,1,0.025472000241279602
case_010_real,gsm8k,middle,real_route_replay,532,44,20,real,12.090909090909092,1,40,0.8467247089649499,swiglu,2,0.024032000452280045
case_010_real,gsm8k,middle,real_route_replay,532,44,20,real,12.090909090909092,1,40,0.8467247089649499,swiglu,3,0.024224000051617622
case_010_real,gsm8k,middle,real_route_replay,532,44,20,real,12.090909090909092,1,40,0.8467247089649499,swiglu,4,0.024383999407291412
case_010_real,gsm8k,middle,real_route_replay,532,44,20,real,12.090909090909092,1,40,0.8467247089649499,swiglu,5,0.02131200022995472
case_010_real,gsm8k,middle,real_route_replay,532,44,20,real,12.090909090909092,1,40,0.8467247089649499,swiglu,6,0.020864000543951988
case_010_real,gsm8k,middle,real_route_replay,532,44,20,real,12.090909090909092,1,40,0.8467247089649499,swiglu,7,0.021536000072956085
case_010_real,gsm8k,middle,real_route_replay,532,44,20,real,12.090909090909092,1,40,0.8467247089649499,swiglu,8,0.021088000386953354
case_010_real,gsm8k,middle,real_route_replay,532,44,20,real,12.090909090909092,1,40,0.8467247089649499,swiglu,9,0.020608000457286835
case_010_real,gsm8k,middle,real_route_replay,532,44,20,real,12.090909090909092,1,40,0.8467247089649499,swiglu,10,0.020608000457286835
case_010_real,gsm8k,middle,real_route_replay,532,44,20,real,12.090909090909092,1,40,0.8467247089649499,swiglu,11,0.020640000700950623
case_010_real,gsm8k,middle,real_route_replay,532,44,20,real,12.090909090909092,1,40,0.8467247089649499,swiglu,12,0.021247999742627144
case_010_real,gsm8k,middle,real_route_replay,532,44,20,real,12.090909090909092,1,40,0.8467247089649499,swiglu,13,0.023520000278949738
case_010_real,gsm8k,middle,real_route_replay,532,44,20,real,12.090909090909092,1,40,0.8467247089649499,swiglu,14,0.02160000056028366
case_010_real,gsm8k,middle,real_route_replay,532,44,20,real,12.090909090909092,1,40,0.8467247089649499,swiglu,15,0.02160000056028366
case_010_real,gsm8k,middle,real_route_replay,532,44,20,real,12.090909090909092,1,40,0.8467247089649499,swiglu,16,0.02582399919629097
case_010_real,gsm8k,middle,real_route_replay,532,44,20,real,12.090909090909092,1,40,0.8467247089649499,swiglu,17,0.02348800003528595
case_010_real,gsm8k,middle,real_route_replay,532,44,20,real,12.090909090909092,1,40,0.8467247089649499,swiglu,18,0.02409599907696247
case_010_real,gsm8k,middle,real_route_replay,532,44,20,real,12.090909090909092,1,40,0.8467247089649499,swiglu,19,0.02099199965596199
case_010_real,gsm8k,middle,real_route_replay,532,44,20,real,12.090909090909092,1,40,0.8467247089649499,swiglu,20,0.020640000700950623
case_010_real,gsm8k,middle,real_route_replay,532,44,20,real,12.090909090909092,1,40,0.8467247089649499,swiglu,21,0.019999999552965164
case_010_real,gsm8k,middle,real_route_replay,532,44,20,real,12.090909090909092,1,40,0.8467247089649499,swiglu,22,0.0197759997099638
case_010_real,gsm8k,middle,real_route_replay,532,44,20,real,12.090909090909092,1,40,0.8467247089649499,swiglu,23,0.02022399939596653
case_010_real,gsm8k,middle,real_route_replay,532,44,20,real,12.090909090909092,1,40,0.8467247089649499,swiglu,24,0.020416000857949257
case_010_real,gsm8k,middle,real_route_replay,532,44,20,real,12.090909090909092,1,40,0.8467247089649499,swiglu,25,0.02768000029027462
case_010_real,gsm8k,middle,real_route_replay,532,44,20,real,12.090909090909092,1,40,0.8467247089649499,swiglu,26,0.022431999444961548
case_010_real,gsm8k,middle,real_route_replay,532,44,20,real,12.090909090909092,1,40,0.8467247089649499,swiglu,27,0.034432001411914825
case_010_real,gsm8k,middle,real_route_replay,532,44,20,real,12.090909090909092,1,40,0.8467247089649499,swiglu,28,0.021888000890612602
case_010_real,gsm8k,middle,real_route_replay,532,44,20,real,12.090909090909092,1,40,0.8467247089649499,swiglu,29,0.020576000213623047
case_010_real,gsm8k,middle,real_route_replay,532,44,20,real,12.090909090909092,1,40,0.8467247089649499,swiglu,30,0.020255999639630318
case_010_real,gsm8k,middle,real_route_replay,532,44,20,real,12.090909090909092,1,40,0.8467247089649499,swiglu,31,0.024831999093294144
case_010_real,gsm8k,middle,real_route_replay,532,44,20,real,12.090909090909092,1,40,0.8467247089649499,swiglu,32,0.020800000056624413
case_010_real,gsm8k,middle,real_route_replay,532,44,20,real,12.090909090909092,1,40,0.8467247089649499,swiglu,33,0.03129599988460541
case_010_real,gsm8k,middle,real_route_replay,532,44,20,real,12.090909090909092,1,40,0.8467247089649499,swiglu,34,0.029983999207615852
case_010_real,gsm8k,middle,real_route_replay,532,44,20,real,12.090909090909092,1,40,0.8467247089649499,swiglu,35,0.028736000880599022
case_010_real,gsm8k,middle,real_route_replay,532,44,20,real,12.090909090909092,1,40,0.8467247089649499,swiglu,36,0.029343999922275543
case_010_real,gsm8k,middle,real_route_replay,532,44,20,real,12.090909090909092,1,40,0.8467247089649499,swiglu,37,0.039583999663591385
case_010_real,gsm8k,middle,real_route_replay,532,44,20,real,12.090909090909092,1,40,0.8467247089649499,swiglu,38,0.033215999603271484
case_010_real,gsm8k,middle,real_route_replay,532,44,20,real,12.090909090909092,1,40,0.8467247089649499,swiglu,39,0.032255999743938446
case_010_real,gsm8k,middle,real_route_replay,532,44,20,real,12.090909090909092,1,40,0.8467247089649499,gate_up_active_prebuilt,0,0.31753599643707275
case_010_real,gsm8k,middle,real_route_replay,532,44,20,real,12.090909090909092,1,40,0.8467247089649499,gate_up_active_prebuilt,1,0.29974400997161865
case_010_real,gsm8k,middle,real_route_replay,532,44,20,real,12.090909090909092,1,40,0.8467247089649499,gate_up_active_prebuilt,2,0.30531200766563416
case_010_real,gsm8k,middle,real_route_replay,532,44,20,real,12.090909090909092,1,40,0.8467247089649499,gate_up_active_prebuilt,3,0.3062399923801422
case_010_real,gsm8k,middle,real_route_replay,532,44,20,real,12.090909090909092,1,40,0.8467247089649499,gate_up_active_prebuilt,4,0.30847999453544617
case_010_real,gsm8k,middle,real_route_replay,532,44,20,real,12.090909090909092,1,40,0.8467247089649499,gate_up_active_prebuilt,5,0.30720001459121704
case_010_real,gsm8k,middle,real_route_replay,532,44,20,real,12.090909090909092,1,40,0.8467247089649499,gate_up_active_prebuilt,6,0.302623987197876
case_010_real,gsm8k,middle,real_route_replay,532,44,20,real,12.090909090909092,1,40,0.8467247089649499,gate_up_active_prebuilt,7,0.3113600015640259
case_010_real,gsm8k,middle,real_route_replay,532,44,20,real,12.090909090909092,1,40,0.8467247089649499,gate_up_active_prebuilt,8,0.30508801341056824
case_010_real,gsm8k,middle,real_route_replay,532,44,20,real,12.090909090909092,1,40,0.8467247089649499,gate_up_active_prebuilt,9,0.30508801341056824
case_010_real,gsm8k,middle,real_route_replay,532,44,20,real,12.090909090909092,1,40,0.8467247089649499,gate_up_active_prebuilt,10,0.3056960105895996
case_010_real,gsm8k,middle,real_route_replay,532,44,20,real,12.090909090909092,1,40,0.8467247089649499,gate_up_active_prebuilt,11,0.313728004693985
case_010_real,gsm8k,middle,real_route_replay,532,44,20,real,12.090909090909092,1,40,0.8467247089649499,gate_up_active_prebuilt,12,0.30451199412345886
case_010_real,gsm8k,middle,real_route_replay,532,44,20,real,12.090909090909092,1,40,0.8467247089649499,gate_up_active_prebuilt,13,0.3060480058193207
case_010_real,gsm8k,middle,real_route_replay,532,44,20,real,12.090909090909092,1,40,0.8467247089649499,gate_up_active_prebuilt,14,0.2970240116119385
case_010_real,gsm8k,middle,real_route_replay,532,44,20,real,12.090909090909092,1,40,0.8467247089649499,gate_up_active_prebuilt,15,0.29868799448013306
case_010_real,gsm8k,middle,real_route_replay,532,44,20,real,12.090909090909092,1,40,0.8467247089649499,gate_up_active_prebuilt,16,0.29769599437713623
case_010_real,gsm8k,middle,real_route_replay,532,44,20,real,12.090909090909092,1,40,0.8467247089649499,gate_up_active_prebuilt,17,0.29840001463890076
case_010_real,gsm8k,middle,real_route_replay,532,44,20,real,12.090909090909092,1,40,0.8467247089649499,gate_up_active_prebuilt,18,0.2987839877605438
case_010_real,gsm8k,middle,real_route_replay,532,44,20,real,12.090909090909092,1,40,0.8467247089649499,gate_up_active_prebuilt,19,0.29737600684165955
case_010_real,gsm8k,middle,real_route_replay,532,44,20,real,12.090909090909092,1,40,0.8467247089649499,gate_up_active_prebuilt,20,0.29311999678611755
case_010_real,gsm8k,middle,real_route_replay,532,44,20,real,12.090909090909092,1,40,0.8467247089649499,gate_up_active_prebuilt,21,0.2956799864768982
case_010_real,gsm8k,middle,real_route_replay,532,44,20,real,12.090909090909092,1,40,0.8467247089649499,gate_up_active_prebuilt,22,0.29043200612068176
case_010_real,gsm8k,middle,real_route_replay,532,44,20,real,12.090909090909092,1,40,0.8467247089649499,gate_up_active_prebuilt,23,0.29235199093818665
case_010_real,gsm8k,middle,real_route_replay,532,44,20,real,12.090909090909092,1,40,0.8467247089649499,gate_up_active_prebuilt,24,0.29651200771331787
case_010_real,gsm8k,middle,real_route_replay,532,44,20,real,12.090909090909092,1,40,0.8467247089649499,gate_up_active_prebuilt,25,0.2932159900665283
case_010_real,gsm8k,middle,real_route_replay,532,44,20,real,12.090909090909092,1,40,0.8467247089649499,gate_up_active_prebuilt,26,0.29497599601745605
case_010_real,gsm8k,middle,real_route_replay,532,44,20,real,12.090909090909092,1,40,0.8467247089649499,gate_up_active_prebuilt,27,0.2959359884262085
case_010_real,gsm8k,middle,real_route_replay,532,44,20,real,12.090909090909092,1,40,0.8467247089649499,gate_up_active_prebuilt,28,0.2951360046863556
case_010_real,gsm8k,middle,real_route_replay,532,44,20,real,12.090909090909092,1,40,0.8467247089649499,gate_up_active_prebuilt,29,0.29555198550224304
case_010_real,gsm8k,middle,real_route_replay,532,44,20,real,12.090909090909092,1,40,0.8467247089649499,gate_up_active_prebuilt,30,0.2987839877605438
case_010_real,gsm8k,middle,real_route_replay,532,44,20,real,12.090909090909092,1,40,0.8467247089649499,gate_up_active_prebuilt,31,0.29603201150894165
case_010_real,gsm8k,middle,real_route_replay,532,44,20,real,12.090909090909092,1,40,0.8467247089649499,gate_up_active_prebuilt,32,0.302592009305954
case_010_real,gsm8k,middle,real_route_replay,532,44,20,real,12.090909090909092,1,40,0.8467247089649499,gate_up_active_prebuilt,33,0.30294400453567505
case_010_real,gsm8k,middle,real_route_replay,532,44,20,real,12.090909090909092,1,40,0.8467247089649499,gate_up_active_prebuilt,34,0.3000960052013397
case_010_real,gsm8k,middle,real_route_replay,532,44,20,real,12.090909090909092,1,40,0.8467247089649499,gate_up_active_prebuilt,35,0.29919999837875366
case_010_real,gsm8k,middle,real_route_replay,532,44,20,real,12.090909090909092,1,40,0.8467247089649499,gate_up_active_prebuilt,36,0.30316799879074097
case_010_real,gsm8k,middle,real_route_replay,532,44,20,real,12.090909090909092,1,40,0.8467247089649499,gate_up_active_prebuilt,37,0.3067840039730072
case_010_real,gsm8k,middle,real_route_replay,532,44,20,real,12.090909090909092,1,40,0.8467247089649499,gate_up_active_prebuilt,38,0.2968960106372833
case_010_real,gsm8k,middle,real_route_replay,532,44,20,real,12.090909090909092,1,40,0.8467247089649499,gate_up_active_prebuilt,39,0.29280000925064087
case_011_real,gsm8k,middle,real_route_replay,746,43,21,real,17.348837209302324,1,141,1.5498019291024179,down_active_prebuilt,0,0.20243200659751892
case_011_real,gsm8k,middle,real_route_replay,746,43,21,real,17.348837209302324,1,141,1.5498019291024179,down_active_prebuilt,1,0.1884160041809082
case_011_real,gsm8k,middle,real_route_replay,746,43,21,real,17.348837209302324,1,141,1.5498019291024179,down_active_prebuilt,2,0.1852159947156906
case_011_real,gsm8k,middle,real_route_replay,746,43,21,real,17.348837209302324,1,141,1.5498019291024179,down_active_prebuilt,3,0.18812799453735352
case_011_real,gsm8k,middle,real_route_replay,746,43,21,real,17.348837209302324,1,141,1.5498019291024179,down_active_prebuilt,4,0.18592000007629395
case_011_real,gsm8k,middle,real_route_replay,746,43,21,real,17.348837209302324,1,141,1.5498019291024179,down_active_prebuilt,5,0.18880000710487366
case_011_real,gsm8k,middle,real_route_replay,746,43,21,real,17.348837209302324,1,141,1.5498019291024179,down_active_prebuilt,6,0.18432000279426575
case_011_real,gsm8k,middle,real_route_replay,746,43,21,real,17.348837209302324,1,141,1.5498019291024179,down_active_prebuilt,7,0.18831999599933624
case_011_real,gsm8k,middle,real_route_replay,746,43,21,real,17.348837209302324,1,141,1.5498019291024179,down_active_prebuilt,8,0.18863999843597412
case_011_real,gsm8k,middle,real_route_replay,746,43,21,real,17.348837209302324,1,141,1.5498019291024179,down_active_prebuilt,9,0.18803200125694275
case_011_real,gsm8k,middle,real_route_replay,746,43,21,real,17.348837209302324,1,141,1.5498019291024179,down_active_prebuilt,10,0.18880000710487366
case_011_real,gsm8k,middle,real_route_replay,746,43,21,real,17.348837209302324,1,141,1.5498019291024179,down_active_prebuilt,11,0.1894720047712326
case_011_real,gsm8k,middle,real_route_replay,746,43,21,real,17.348837209302324,1,141,1.5498019291024179,down_active_prebuilt,12,0.19167999923229218
case_011_real,gsm8k,middle,real_route_replay,746,43,21,real,17.348837209302324,1,141,1.5498019291024179,down_active_prebuilt,13,0.1895039975643158
case_011_real,gsm8k,middle,real_route_replay,746,43,21,real,17.348837209302324,1,141,1.5498019291024179,down_active_prebuilt,14,0.1857600063085556
case_011_real,gsm8k,middle,real_route_replay,746,43,21,real,17.348837209302324,1,141,1.5498019291024179,down_active_prebuilt,15,0.18486399948596954
case_011_real,gsm8k,middle,real_route_replay,746,43,21,real,17.348837209302324,1,141,1.5498019291024179,down_active_prebuilt,16,0.18780800700187683
case_011_real,gsm8k,middle,real_route_replay,746,43,21,real,17.348837209302324,1,141,1.5498019291024179,down_active_prebuilt,17,0.18953600525856018
case_011_real,gsm8k,middle,real_route_replay,746,43,21,real,17.348837209302324,1,141,1.5498019291024179,down_active_prebuilt,18,0.187391996383667
case_011_real,gsm8k,middle,real_route_replay,746,43,21,real,17.348837209302324,1,141,1.5498019291024179,down_active_prebuilt,19,0.1876479983329773
case_011_real,gsm8k,middle,real_route_replay,746,43,21,real,17.348837209302324,1,141,1.5498019291024179,down_active_prebuilt,20,0.1916159987449646
case_011_real,gsm8k,middle,real_route_replay,746,43,21,real,17.348837209302324,1,141,1.5498019291024179,down_active_prebuilt,21,0.1892160028219223
case_011_real,gsm8k,middle,real_route_replay,746,43,21,real,17.348837209302324,1,141,1.5498019291024179,down_active_prebuilt,22,0.18822400271892548
case_011_real,gsm8k,middle,real_route_replay,746,43,21,real,17.348837209302324,1,141,1.5498019291024179,down_active_prebuilt,23,0.19091199338436127
case_011_real,gsm8k,middle,real_route_replay,746,43,21,real,17.348837209302324,1,141,1.5498019291024179,down_active_prebuilt,24,0.1857600063085556
case_011_real,gsm8k,middle,real_route_replay,746,43,21,real,17.348837209302324,1,141,1.5498019291024179,down_active_prebuilt,25,0.18678399920463562
case_011_real,gsm8k,middle,real_route_replay,746,43,21,real,17.348837209302324,1,141,1.5498019291024179,down_active_prebuilt,26,0.18876799941062927
case_011_real,gsm8k,middle,real_route_replay,746,43,21,real,17.348837209302324,1,141,1.5498019291024179,down_active_prebuilt,27,0.18985599279403687
case_011_real,gsm8k,middle,real_route_replay,746,43,21,real,17.348837209302324,1,141,1.5498019291024179,down_active_prebuilt,28,0.19923199713230133
case_011_real,gsm8k,middle,real_route_replay,746,43,21,real,17.348837209302324,1,141,1.5498019291024179,down_active_prebuilt,29,0.19167999923229218
case_011_real,gsm8k,middle,real_route_replay,746,43,21,real,17.348837209302324,1,141,1.5498019291024179,down_active_prebuilt,30,0.18704000115394592
case_011_real,gsm8k,middle,real_route_replay,746,43,21,real,17.348837209302324,1,141,1.5498019291024179,down_active_prebuilt,31,0.18985599279403687
case_011_real,gsm8k,middle,real_route_replay,746,43,21,real,17.348837209302324,1,141,1.5498019291024179,down_active_prebuilt,32,0.1886720061302185
case_011_real,gsm8k,middle,real_route_replay,746,43,21,real,17.348837209302324,1,141,1.5498019291024179,down_active_prebuilt,33,0.1894720047712326
case_011_real,gsm8k,middle,real_route_replay,746,43,21,real,17.348837209302324,1,141,1.5498019291024179,down_active_prebuilt,34,0.18783999979496002
case_011_real,gsm8k,middle,real_route_replay,746,43,21,real,17.348837209302324,1,141,1.5498019291024179,down_active_prebuilt,35,0.18716800212860107
case_011_real,gsm8k,middle,real_route_replay,746,43,21,real,17.348837209302324,1,141,1.5498019291024179,down_active_prebuilt,36,0.18582400679588318
case_011_real,gsm8k,middle,real_route_replay,746,43,21,real,17.348837209302324,1,141,1.5498019291024179,down_active_prebuilt,37,0.19145600497722626
case_011_real,gsm8k,middle,real_route_replay,746,43,21,real,17.348837209302324,1,141,1.5498019291024179,down_active_prebuilt,38,0.19097599387168884
case_011_real,gsm8k,middle,real_route_replay,746,43,21,real,17.348837209302324,1,141,1.5498019291024179,down_active_prebuilt,39,0.19791999459266663
case_011_real,gsm8k,middle,real_route_replay,746,43,21,real,17.348837209302324,1,141,1.5498019291024179,gate_up_full64_prebuilt,0,0.29465600848197937
case_011_real,gsm8k,middle,real_route_replay,746,43,21,real,17.348837209302324,1,141,1.5498019291024179,gate_up_full64_prebuilt,1,0.2879999876022339
case_011_real,gsm8k,middle,real_route_replay,746,43,21,real,17.348837209302324,1,141,1.5498019291024179,gate_up_full64_prebuilt,2,0.2885439991950989
case_011_real,gsm8k,middle,real_route_replay,746,43,21,real,17.348837209302324,1,141,1.5498019291024179,gate_up_full64_prebuilt,3,0.2879680097103119
case_011_real,gsm8k,middle,real_route_replay,746,43,21,real,17.348837209302324,1,141,1.5498019291024179,gate_up_full64_prebuilt,4,0.29254400730133057
case_011_real,gsm8k,middle,real_route_replay,746,43,21,real,17.348837209302324,1,141,1.5498019291024179,gate_up_full64_prebuilt,5,0.2924480140209198
case_011_real,gsm8k,middle,real_route_replay,746,43,21,real,17.348837209302324,1,141,1.5498019291024179,gate_up_full64_prebuilt,6,0.29289600253105164
case_011_real,gsm8k,middle,real_route_replay,746,43,21,real,17.348837209302324,1,141,1.5498019291024179,gate_up_full64_prebuilt,7,0.2906239926815033
case_011_real,gsm8k,middle,real_route_replay,746,43,21,real,17.348837209302324,1,141,1.5498019291024179,gate_up_full64_prebuilt,8,0.2930240035057068
case_011_real,gsm8k,middle,real_route_replay,746,43,21,real,17.348837209302324,1,141,1.5498019291024179,gate_up_full64_prebuilt,9,0.28969600796699524
case_011_real,gsm8k,middle,real_route_replay,746,43,21,real,17.348837209302324,1,141,1.5498019291024179,gate_up_full64_prebuilt,10,0.28729599714279175
case_011_real,gsm8k,middle,real_route_replay,746,43,21,real,17.348837209302324,1,141,1.5498019291024179,gate_up_full64_prebuilt,11,0.28863999247550964
case_011_real,gsm8k,middle,real_route_replay,746,43,21,real,17.348837209302324,1,141,1.5498019291024179,gate_up_full64_prebuilt,12,0.28617599606513977
case_011_real,gsm8k,middle,real_route_replay,746,43,21,real,17.348837209302324,1,141,1.5498019291024179,gate_up_full64_prebuilt,13,0.29023998975753784
case_011_real,gsm8k,middle,real_route_replay,746,43,21,real,17.348837209302324,1,141,1.5498019291024179,gate_up_full64_prebuilt,14,0.2931840121746063
case_011_real,gsm8k,middle,real_route_replay,746,43,21,real,17.348837209302324,1,141,1.5498019291024179,gate_up_full64_prebuilt,15,0.29203200340270996
case_011_real,gsm8k,middle,real_route_replay,746,43,21,real,17.348837209302324,1,141,1.5498019291024179,gate_up_full64_prebuilt,16,0.286655992269516
case_011_real,gsm8k,middle,real_route_replay,746,43,21,real,17.348837209302324,1,141,1.5498019291024179,gate_up_full64_prebuilt,17,0.2898240089416504
case_011_real,gsm8k,middle,real_route_replay,746,43,21,real,17.348837209302324,1,141,1.5498019291024179,gate_up_full64_prebuilt,18,0.28784000873565674
case_011_real,gsm8k,middle,real_route_replay,746,43,21,real,17.348837209302324,1,141,1.5498019291024179,gate_up_full64_prebuilt,19,0.28908801078796387
case_011_real,gsm8k,middle,real_route_replay,746,43,21,real,17.348837209302324,1,141,1.5498019291024179,gate_up_full64_prebuilt,20,0.28812798857688904
case_011_real,gsm8k,middle,real_route_replay,746,43,21,real,17.348837209302324,1,141,1.5498019291024179,gate_up_full64_prebuilt,21,0.28886398673057556
case_011_real,gsm8k,middle,real_route_replay,746,43,21,real,17.348837209302324,1,141,1.5498019291024179,gate_up_full64_prebuilt,22,0.2910720109939575
case_011_real,gsm8k,middle,real_route_replay,746,43,21,real,17.348837209302324,1,141,1.5498019291024179,gate_up_full64_prebuilt,23,0.28755199909210205
case_011_real,gsm8k,middle,real_route_replay,746,43,21,real,17.348837209302324,1,141,1.5498019291024179,gate_up_full64_prebuilt,24,0.2916800081729889
case_011_real,gsm8k,middle,real_route_replay,746,43,21,real,17.348837209302324,1,141,1.5498019291024179,gate_up_full64_prebuilt,25,0.2903999984264374
case_011_real,gsm8k,middle,real_route_replay,746,43,21,real,17.348837209302324,1,141,1.5498019291024179,gate_up_full64_prebuilt,26,0.29129600524902344
case_011_real,gsm8k,middle,real_route_replay,746,43,21,real,17.348837209302324,1,141,1.5498019291024179,gate_up_full64_prebuilt,27,0.2879039943218231
case_011_real,gsm8k,middle,real_route_replay,746,43,21,real,17.348837209302324,1,141,1.5498019291024179,gate_up_full64_prebuilt,28,0.28812798857688904
case_011_real,gsm8k,middle,real_route_replay,746,43,21,real,17.348837209302324,1,141,1.5498019291024179,gate_up_full64_prebuilt,29,0.2934719920158386
case_011_real,gsm8k,middle,real_route_replay,746,43,21,real,17.348837209302324,1,141,1.5498019291024179,gate_up_full64_prebuilt,30,0.2961600124835968
case_011_real,gsm8k,middle,real_route_replay,746,43,21,real,17.348837209302324,1,141,1.5498019291024179,gate_up_full64_prebuilt,31,0.2971839904785156
case_011_real,gsm8k,middle,real_route_replay,746,43,21,real,17.348837209302324,1,141,1.5498019291024179,gate_up_full64_prebuilt,32,0.2987839877605438
case_011_real,gsm8k,middle,real_route_replay,746,43,21,real,17.348837209302324,1,141,1.5498019291024179,gate_up_full64_prebuilt,33,0.30908799171447754
case_011_real,gsm8k,middle,real_route_replay,746,43,21,real,17.348837209302324,1,141,1.5498019291024179,gate_up_full64_prebuilt,34,0.30243200063705444
case_011_real,gsm8k,middle,real_route_replay,746,43,21,real,17.348837209302324,1,141,1.5498019291024179,gate_up_full64_prebuilt,35,0.2967360019683838
case_011_real,gsm8k,middle,real_route_replay,746,43,21,real,17.348837209302324,1,141,1.5498019291024179,gate_up_full64_prebuilt,36,0.29929599165916443
case_011_real,gsm8k,middle,real_route_replay,746,43,21,real,17.348837209302324,1,141,1.5498019291024179,gate_up_full64_prebuilt,37,0.3046720027923584
case_011_real,gsm8k,middle,real_route_replay,746,43,21,real,17.348837209302324,1,141,1.5498019291024179,gate_up_full64_prebuilt,38,0.29843199253082275
case_011_real,gsm8k,middle,real_route_replay,746,43,21,real,17.348837209302324,1,141,1.5498019291024179,gate_up_full64_prebuilt,39,0.2956480085849762
case_011_real,gsm8k,middle,real_route_replay,746,43,21,real,17.348837209302324,1,141,1.5498019291024179,down_full64_prebuilt,0,0.18956799805164337
case_011_real,gsm8k,middle,real_route_replay,746,43,21,real,17.348837209302324,1,141,1.5498019291024179,down_full64_prebuilt,1,0.18742400407791138
case_011_real,gsm8k,middle,real_route_replay,746,43,21,real,17.348837209302324,1,141,1.5498019291024179,down_full64_prebuilt,2,0.18960000574588776
case_011_real,gsm8k,middle,real_route_replay,746,43,21,real,17.348837209302324,1,141,1.5498019291024179,down_full64_prebuilt,3,0.18838399648666382
case_011_real,gsm8k,middle,real_route_replay,746,43,21,real,17.348837209302324,1,141,1.5498019291024179,down_full64_prebuilt,4,0.18627199530601501
case_011_real,gsm8k,middle,real_route_replay,746,43,21,real,17.348837209302324,1,141,1.5498019291024179,down_full64_prebuilt,5,0.19206400215625763
case_011_real,gsm8k,middle,real_route_replay,746,43,21,real,17.348837209302324,1,141,1.5498019291024179,down_full64_prebuilt,6,0.1897280067205429
case_011_real,gsm8k,middle,real_route_replay,746,43,21,real,17.348837209302324,1,141,1.5498019291024179,down_full64_prebuilt,7,0.18985599279403687
case_011_real,gsm8k,middle,real_route_replay,746,43,21,real,17.348837209302324,1,141,1.5498019291024179,down_full64_prebuilt,8,0.1879040002822876
case_011_real,gsm8k,middle,real_route_replay,746,43,21,real,17.348837209302324,1,141,1.5498019291024179,down_full64_prebuilt,9,0.18588800728321075
case_011_real,gsm8k,middle,real_route_replay,746,43,21,real,17.348837209302324,1,141,1.5498019291024179,down_full64_prebuilt,10,0.1892479956150055
case_011_real,gsm8k,middle,real_route_replay,746,43,21,real,17.348837209302324,1,141,1.5498019291024179,down_full64_prebuilt,11,0.18880000710487366
case_011_real,gsm8k,middle,real_route_replay,746,43,21,real,17.348837209302324,1,141,1.5498019291024179,down_full64_prebuilt,12,0.18428799510002136
case_011_real,gsm8k,middle,real_route_replay,746,43,21,real,17.348837209302324,1,141,1.5498019291024179,down_full64_prebuilt,13,0.1881919950246811
case_011_real,gsm8k,middle,real_route_replay,746,43,21,real,17.348837209302324,1,141,1.5498019291024179,down_full64_prebuilt,14,0.19023999571800232
case_011_real,gsm8k,middle,real_route_replay,746,43,21,real,17.348837209302324,1,141,1.5498019291024179,down_full64_prebuilt,15,0.19065600633621216
case_011_real,gsm8k,middle,real_route_replay,746,43,21,real,17.348837209302324,1,141,1.5498019291024179,down_full64_prebuilt,16,0.18931199610233307
case_011_real,gsm8k,middle,real_route_replay,746,43,21,real,17.348837209302324,1,141,1.5498019291024179,down_full64_prebuilt,17,0.1960960030555725
case_011_real,gsm8k,middle,real_route_replay,746,43,21,real,17.348837209302324,1,141,1.5498019291024179,down_full64_prebuilt,18,0.20576000213623047
case_011_real,gsm8k,middle,real_route_replay,746,43,21,real,17.348837209302324,1,141,1.5498019291024179,down_full64_prebuilt,19,0.19446399807929993
case_011_real,gsm8k,middle,real_route_replay,746,43,21,real,17.348837209302324,1,141,1.5498019291024179,down_full64_prebuilt,20,0.19174399971961975
case_011_real,gsm8k,middle,real_route_replay,746,43,21,real,17.348837209302324,1,141,1.5498019291024179,down_full64_prebuilt,21,0.19942399859428406
case_011_real,gsm8k,middle,real_route_replay,746,43,21,real,17.348837209302324,1,141,1.5498019291024179,down_full64_prebuilt,22,0.19696000218391418
case_011_real,gsm8k,middle,real_route_replay,746,43,21,real,17.348837209302324,1,141,1.5498019291024179,down_full64_prebuilt,23,0.20070399343967438
case_011_real,gsm8k,middle,real_route_replay,746,43,21,real,17.348837209302324,1,141,1.5498019291024179,down_full64_prebuilt,24,0.20054399967193604
case_011_real,gsm8k,middle,real_route_replay,746,43,21,real,17.348837209302324,1,141,1.5498019291024179,down_full64_prebuilt,25,0.1937279999256134
case_011_real,gsm8k,middle,real_route_replay,746,43,21,real,17.348837209302324,1,141,1.5498019291024179,down_full64_prebuilt,26,0.19209599494934082
case_011_real,gsm8k,middle,real_route_replay,746,43,21,real,17.348837209302324,1,141,1.5498019291024179,down_full64_prebuilt,27,0.20550400018692017
case_011_real,gsm8k,middle,real_route_replay,746,43,21,real,17.348837209302324,1,141,1.5498019291024179,down_full64_prebuilt,28,0.20582400262355804
case_011_real,gsm8k,middle,real_route_replay,746,43,21,real,17.348837209302324,1,141,1.5498019291024179,down_full64_prebuilt,29,0.20262399315834045
case_011_real,gsm8k,middle,real_route_replay,746,43,21,real,17.348837209302324,1,141,1.5498019291024179,down_full64_prebuilt,30,0.20499199628829956
case_011_real,gsm8k,middle,real_route_replay,746,43,21,real,17.348837209302324,1,141,1.5498019291024179,down_full64_prebuilt,31,0.19411200284957886
case_011_real,gsm8k,middle,real_route_replay,746,43,21,real,17.348837209302324,1,141,1.5498019291024179,down_full64_prebuilt,32,0.19289599359035492
case_011_real,gsm8k,middle,real_route_replay,746,43,21,real,17.348837209302324,1,141,1.5498019291024179,down_full64_prebuilt,33,0.19734400510787964
case_011_real,gsm8k,middle,real_route_replay,746,43,21,real,17.348837209302324,1,141,1.5498019291024179,down_full64_prebuilt,34,0.19040000438690186
case_011_real,gsm8k,middle,real_route_replay,746,43,21,real,17.348837209302324,1,141,1.5498019291024179,down_full64_prebuilt,35,0.18719999492168427
case_011_real,gsm8k,middle,real_route_replay,746,43,21,real,17.348837209302324,1,141,1.5498019291024179,down_full64_prebuilt,36,0.18412800133228302
case_011_real,gsm8k,middle,real_route_replay,746,43,21,real,17.348837209302324,1,141,1.5498019291024179,down_full64_prebuilt,37,0.18643200397491455
case_011_real,gsm8k,middle,real_route_replay,746,43,21,real,17.348837209302324,1,141,1.5498019291024179,down_full64_prebuilt,38,0.1852159947156906
case_011_real,gsm8k,middle,real_route_replay,746,43,21,real,17.348837209302324,1,141,1.5498019291024179,down_full64_prebuilt,39,0.18348799645900726
case_011_real,gsm8k,middle,real_route_replay,746,43,21,real,17.348837209302324,1,141,1.5498019291024179,swiglu,0,0.050655998289585114
case_011_real,gsm8k,middle,real_route_replay,746,43,21,real,17.348837209302324,1,141,1.5498019291024179,swiglu,1,0.036896001547575
case_011_real,gsm8k,middle,real_route_replay,746,43,21,real,17.348837209302324,1,141,1.5498019291024179,swiglu,2,0.03376000002026558
case_011_real,gsm8k,middle,real_route_replay,746,43,21,real,17.348837209302324,1,141,1.5498019291024179,swiglu,3,0.03308799862861633
case_011_real,gsm8k,middle,real_route_replay,746,43,21,real,17.348837209302324,1,141,1.5498019291024179,swiglu,4,0.03376000002026558
case_011_real,gsm8k,middle,real_route_replay,746,43,21,real,17.348837209302324,1,141,1.5498019291024179,swiglu,5,0.033376000821590424
case_011_real,gsm8k,middle,real_route_replay,746,43,21,real,17.348837209302324,1,141,1.5498019291024179,swiglu,6,0.0360959991812706
case_011_real,gsm8k,middle,real_route_replay,746,43,21,real,17.348837209302324,1,141,1.5498019291024179,swiglu,7,0.03788800165057182
case_011_real,gsm8k,middle,real_route_replay,746,43,21,real,17.348837209302324,1,141,1.5498019291024179,swiglu,8,0.03577600046992302
case_011_real,gsm8k,middle,real_route_replay,746,43,21,real,17.348837209302324,1,141,1.5498019291024179,swiglu,9,0.04364800080657005
case_011_real,gsm8k,middle,real_route_replay,746,43,21,real,17.348837209302324,1,141,1.5498019291024179,swiglu,10,0.03763199970126152
case_011_real,gsm8k,middle,real_route_replay,746,43,21,real,17.348837209302324,1,141,1.5498019291024179,swiglu,11,0.03721600025892258
case_011_real,gsm8k,middle,real_route_replay,746,43,21,real,17.348837209302324,1,141,1.5498019291024179,swiglu,12,0.035679999738931656
case_011_real,gsm8k,middle,real_route_replay,746,43,21,real,17.348837209302324,1,141,1.5498019291024179,swiglu,13,0.03411199897527695
case_011_real,gsm8k,middle,real_route_replay,746,43,21,real,17.348837209302324,1,141,1.5498019291024179,swiglu,14,0.03551999852061272
case_011_real,gsm8k,middle,real_route_replay,746,43,21,real,17.348837209302324,1,141,1.5498019291024179,swiglu,15,0.03452799841761589
case_011_real,gsm8k,middle,real_route_replay,746,43,21,real,17.348837209302324,1,141,1.5498019291024179,swiglu,16,0.033055998384952545
case_011_real,gsm8k,middle,real_route_replay,746,43,21,real,17.348837209302324,1,141,1.5498019291024179,swiglu,17,0.03315199911594391
case_011_real,gsm8k,middle,real_route_replay,746,43,21,real,17.348837209302324,1,141,1.5498019291024179,swiglu,18,0.03215999901294708
case_011_real,gsm8k,middle,real_route_replay,746,43,21,real,17.348837209302324,1,141,1.5498019291024179,swiglu,19,0.0379519984126091
case_011_real,gsm8k,middle,real_route_replay,746,43,21,real,17.348837209302324,1,141,1.5498019291024179,swiglu,20,0.03302399814128876
case_011_real,gsm8k,middle,real_route_replay,746,43,21,real,17.348837209302324,1,141,1.5498019291024179,swiglu,21,0.03561599925160408
case_011_real,gsm8k,middle,real_route_replay,746,43,21,real,17.348837209302324,1,141,1.5498019291024179,swiglu,22,0.038816001266241074
case_011_real,gsm8k,middle,real_route_replay,746,43,21,real,17.348837209302324,1,141,1.5498019291024179,swiglu,23,0.03471999987959862
case_011_real,gsm8k,middle,real_route_replay,746,43,21,real,17.348837209302324,1,141,1.5498019291024179,swiglu,24,0.03481600061058998
case_011_real,gsm8k,middle,real_route_replay,746,43,21,real,17.348837209302324,1,141,1.5498019291024179,swiglu,25,0.024191999807953835
case_011_real,gsm8k,middle,real_route_replay,746,43,21,real,17.348837209302324,1,141,1.5498019291024179,swiglu,26,0.03372799977660179
case_011_real,gsm8k,middle,real_route_replay,746,43,21,real,17.348837209302324,1,141,1.5498019291024179,swiglu,27,0.037087999284267426
case_011_real,gsm8k,middle,real_route_replay,746,43,21,real,17.348837209302324,1,141,1.5498019291024179,swiglu,28,0.03564799949526787
case_011_real,gsm8k,middle,real_route_replay,746,43,21,real,17.348837209302324,1,141,1.5498019291024179,swiglu,29,0.03174399957060814
case_011_real,gsm8k,middle,real_route_replay,746,43,21,real,17.348837209302324,1,141,1.5498019291024179,swiglu,30,0.03267199918627739
case_011_real,gsm8k,middle,real_route_replay,746,43,21,real,17.348837209302324,1,141,1.5498019291024179,swiglu,31,0.033824000507593155
case_011_real,gsm8k,middle,real_route_replay,746,43,21,real,17.348837209302324,1,141,1.5498019291024179,swiglu,32,0.033215999603271484
case_011_real,gsm8k,middle,real_route_replay,746,43,21,real,17.348837209302324,1,141,1.5498019291024179,swiglu,33,0.036320000886917114
case_011_real,gsm8k,middle,real_route_replay,746,43,21,real,17.348837209302324,1,141,1.5498019291024179,swiglu,34,0.03510399907827377
case_011_real,gsm8k,middle,real_route_replay,746,43,21,real,17.348837209302324,1,141,1.5498019291024179,swiglu,35,0.035071998834609985
case_011_real,gsm8k,middle,real_route_replay,746,43,21,real,17.348837209302324,1,141,1.5498019291024179,swiglu,36,0.03481600061058998
case_011_real,gsm8k,middle,real_route_replay,746,43,21,real,17.348837209302324,1,141,1.5498019291024179,swiglu,37,0.03545600175857544
case_011_real,gsm8k,middle,real_route_replay,746,43,21,real,17.348837209302324,1,141,1.5498019291024179,swiglu,38,0.036768000572919846
case_011_real,gsm8k,middle,real_route_replay,746,43,21,real,17.348837209302324,1,141,1.5498019291024179,swiglu,39,0.03488000109791756
case_011_real,gsm8k,middle,real_route_replay,746,43,21,real,17.348837209302324,1,141,1.5498019291024179,gate_up_active_prebuilt,0,0.3121280074119568
case_011_real,gsm8k,middle,real_route_replay,746,43,21,real,17.348837209302324,1,141,1.5498019291024179,gate_up_active_prebuilt,1,0.2963840067386627
case_011_real,gsm8k,middle,real_route_replay,746,43,21,real,17.348837209302324,1,141,1.5498019291024179,gate_up_active_prebuilt,2,0.290336012840271
case_011_real,gsm8k,middle,real_route_replay,746,43,21,real,17.348837209302324,1,141,1.5498019291024179,gate_up_active_prebuilt,3,0.28758400678634644
case_011_real,gsm8k,middle,real_route_replay,746,43,21,real,17.348837209302324,1,141,1.5498019291024179,gate_up_active_prebuilt,4,0.2876479923725128
case_011_real,gsm8k,middle,real_route_replay,746,43,21,real,17.348837209302324,1,141,1.5498019291024179,gate_up_active_prebuilt,5,0.29097598791122437
case_011_real,gsm8k,middle,real_route_replay,746,43,21,real,17.348837209302324,1,141,1.5498019291024179,gate_up_active_prebuilt,6,0.2900800108909607
case_011_real,gsm8k,middle,real_route_replay,746,43,21,real,17.348837209302324,1,141,1.5498019291024179,gate_up_active_prebuilt,7,0.2927359938621521
case_011_real,gsm8k,middle,real_route_replay,746,43,21,real,17.348837209302324,1,141,1.5498019291024179,gate_up_active_prebuilt,8,0.28780800104141235
case_011_real,gsm8k,middle,real_route_replay,746,43,21,real,17.348837209302324,1,141,1.5498019291024179,gate_up_active_prebuilt,9,0.2885439991950989
case_011_real,gsm8k,middle,real_route_replay,746,43,21,real,17.348837209302324,1,141,1.5498019291024179,gate_up_active_prebuilt,10,0.2887359857559204
case_011_real,gsm8k,middle,real_route_replay,746,43,21,real,17.348837209302324,1,141,1.5498019291024179,gate_up_active_prebuilt,11,0.289216011762619
case_011_real,gsm8k,middle,real_route_replay,746,43,21,real,17.348837209302324,1,141,1.5498019291024179,gate_up_active_prebuilt,12,0.28758400678634644
case_011_real,gsm8k,middle,real_route_replay,746,43,21,real,17.348837209302324,1,141,1.5498019291024179,gate_up_active_prebuilt,13,0.2876160144805908
case_011_real,gsm8k,middle,real_route_replay,746,43,21,real,17.348837209302324,1,141,1.5498019291024179,gate_up_active_prebuilt,14,0.289247989654541
case_011_real,gsm8k,middle,real_route_replay,746,43,21,real,17.348837209302324,1,141,1.5498019291024179,gate_up_active_prebuilt,15,0.285504013299942
case_011_real,gsm8k,middle,real_route_replay,746,43,21,real,17.348837209302324,1,141,1.5498019291024179,gate_up_active_prebuilt,16,0.28992000222206116
case_011_real,gsm8k,middle,real_route_replay,746,43,21,real,17.348837209302324,1,141,1.5498019291024179,gate_up_active_prebuilt,17,0.28809601068496704
case_011_real,gsm8k,middle,real_route_replay,746,43,21,real,17.348837209302324,1,141,1.5498019291024179,gate_up_active_prebuilt,18,0.2957119941711426
case_011_real,gsm8k,middle,real_route_replay,746,43,21,real,17.348837209302324,1,141,1.5498019291024179,gate_up_active_prebuilt,19,0.29635199904441833
case_011_real,gsm8k,middle,real_route_replay,746,43,21,real,17.348837209302324,1,141,1.5498019291024179,gate_up_active_prebuilt,20,0.29417601227760315
case_011_real,gsm8k,middle,real_route_replay,746,43,21,real,17.348837209302324,1,141,1.5498019291024179,gate_up_active_prebuilt,21,0.2971839904785156
case_011_real,gsm8k,middle,real_route_replay,746,43,21,real,17.348837209302324,1,141,1.5498019291024179,gate_up_active_prebuilt,22,0.29948800802230835
case_011_real,gsm8k,middle,real_route_replay,746,43,21,real,17.348837209302324,1,141,1.5498019291024179,gate_up_active_prebuilt,23,0.2975679934024811
case_011_real,gsm8k,middle,real_route_replay,746,43,21,real,17.348837209302324,1,141,1.5498019291024179,gate_up_active_prebuilt,24,0.2938239872455597
case_011_real,gsm8k,middle,real_route_replay,746,43,21,real,17.348837209302324,1,141,1.5498019291024179,gate_up_active_prebuilt,25,0.29075199365615845
case_011_real,gsm8k,middle,real_route_replay,746,43,21,real,17.348837209302324,1,141,1.5498019291024179,gate_up_active_prebuilt,26,0.28918400406837463
case_011_real,gsm8k,middle,real_route_replay,746,43,21,real,17.348837209302324,1,141,1.5498019291024179,gate_up_active_prebuilt,27,0.2868799865245819
case_011_real,gsm8k,middle,real_route_replay,746,43,21,real,17.348837209302324,1,141,1.5498019291024179,gate_up_active_prebuilt,28,0.28860801458358765
case_011_real,gsm8k,middle,real_route_replay,746,43,21,real,17.348837209302324,1,141,1.5498019291024179,gate_up_active_prebuilt,29,0.2898879945278168
case_011_real,gsm8k,middle,real_route_replay,746,43,21,real,17.348837209302324,1,141,1.5498019291024179,gate_up_active_prebuilt,30,0.28937599062919617
case_011_real,gsm8k,middle,real_route_replay,746,43,21,real,17.348837209302324,1,141,1.5498019291024179,gate_up_active_prebuilt,31,0.28969600796699524
case_011_real,gsm8k,middle,real_route_replay,746,43,21,real,17.348837209302324,1,141,1.5498019291024179,gate_up_active_prebuilt,32,0.2916159927845001
case_011_real,gsm8k,middle,real_route_replay,746,43,21,real,17.348837209302324,1,141,1.5498019291024179,gate_up_active_prebuilt,33,0.2919999957084656
case_011_real,gsm8k,middle,real_route_replay,746,43,21,real,17.348837209302324,1,141,1.5498019291024179,gate_up_active_prebuilt,34,0.298911988735199
case_011_real,gsm8k,middle,real_route_replay,746,43,21,real,17.348837209302324,1,141,1.5498019291024179,gate_up_active_prebuilt,35,0.2905920147895813
case_011_real,gsm8k,middle,real_route_replay,746,43,21,real,17.348837209302324,1,141,1.5498019291024179,gate_up_active_prebuilt,36,0.28966400027275085
case_011_real,gsm8k,middle,real_route_replay,746,43,21,real,17.348837209302324,1,141,1.5498019291024179,gate_up_active_prebuilt,37,0.28867200016975403
case_011_real,gsm8k,middle,real_route_replay,746,43,21,real,17.348837209302324,1,141,1.5498019291024179,gate_up_active_prebuilt,38,0.28646400570869446
case_011_real,gsm8k,middle,real_route_replay,746,43,21,real,17.348837209302324,1,141,1.5498019291024179,gate_up_active_prebuilt,39,0.2882559895515442
case_011_real,gsm8k,middle,real_route_replay,746,43,21,real,17.348837209302324,1,141,1.5498019291024179,route_weight,0,0.0244159996509552
case_011_real,gsm8k,middle,real_route_replay,746,43,21,real,17.348837209302324,1,141,1.5498019291024179,route_weight,1,0.01727999933063984
case_011_real,gsm8k,middle,real_route_replay,746,43,21,real,17.348837209302324,1,141,1.5498019291024179,route_weight,2,0.018079999834299088
case_011_real,gsm8k,middle,real_route_replay,746,43,21,real,17.348837209302324,1,141,1.5498019291024179,route_weight,3,0.01744000054895878
case_011_real,gsm8k,middle,real_route_replay,746,43,21,real,17.348837209302324,1,141,1.5498019291024179,route_weight,4,0.01651199907064438
case_011_real,gsm8k,middle,real_route_replay,746,43,21,real,17.348837209302324,1,141,1.5498019291024179,route_weight,5,0.016127999871969223
case_011_real,gsm8k,middle,real_route_replay,746,43,21,real,17.348837209302324,1,141,1.5498019291024179,route_weight,6,0.016448000445961952
case_011_real,gsm8k,middle,real_route_replay,746,43,21,real,17.348837209302324,1,141,1.5498019291024179,route_weight,7,0.016736000776290894
case_011_real,gsm8k,middle,real_route_replay,746,43,21,real,17.348837209302324,1,141,1.5498019291024179,route_weight,8,0.016607999801635742
case_011_real,gsm8k,middle,real_route_replay,746,43,21,real,17.348837209302324,1,141,1.5498019291024179,route_weight,9,0.016224000602960587
case_011_real,gsm8k,middle,real_route_replay,746,43,21,real,17.348837209302324,1,141,1.5498019291024179,route_weight,10,0.01587199978530407
case_011_real,gsm8k,middle,real_route_replay,746,43,21,real,17.348837209302324,1,141,1.5498019291024179,route_weight,11,0.01852799952030182
case_011_real,gsm8k,middle,real_route_replay,746,43,21,real,17.348837209302324,1,141,1.5498019291024179,route_weight,12,0.016224000602960587
case_011_real,gsm8k,middle,real_route_replay,746,43,21,real,17.348837209302324,1,141,1.5498019291024179,route_weight,13,0.017696000635623932
case_011_real,gsm8k,middle,real_route_replay,746,43,21,real,17.348837209302324,1,141,1.5498019291024179,route_weight,14,0.01836800016462803
case_011_real,gsm8k,middle,real_route_replay,746,43,21,real,17.348837209302324,1,141,1.5498019291024179,route_weight,15,0.018912000581622124
case_011_real,gsm8k,middle,real_route_replay,746,43,21,real,17.348837209302324,1,141,1.5498019291024179,route_weight,16,0.016224000602960587
case_011_real,gsm8k,middle,real_route_replay,746,43,21,real,17.348837209302324,1,141,1.5498019291024179,route_weight,17,0.017023999243974686
case_011_real,gsm8k,middle,real_route_replay,746,43,21,real,17.348837209302324,1,141,1.5498019291024179,route_weight,18,0.015904000028967857
case_011_real,gsm8k,middle,real_route_replay,746,43,21,real,17.348837209302324,1,141,1.5498019291024179,route_weight,19,0.016383999958634377
case_011_real,gsm8k,middle,real_route_replay,746,43,21,real,17.348837209302324,1,141,1.5498019291024179,route_weight,20,0.015904000028967857
case_011_real,gsm8k,middle,real_route_replay,746,43,21,real,17.348837209302324,1,141,1.5498019291024179,route_weight,21,0.01692800037562847
case_011_real,gsm8k,middle,real_route_replay,746,43,21,real,17.348837209302324,1,141,1.5498019291024179,route_weight,22,0.015968000516295433
case_011_real,gsm8k,middle,real_route_replay,746,43,21,real,17.348837209302324,1,141,1.5498019291024179,route_weight,23,0.02195199951529503
case_011_real,gsm8k,middle,real_route_replay,746,43,21,real,17.348837209302324,1,141,1.5498019291024179,route_weight,24,0.016863999888300896
case_011_real,gsm8k,middle,real_route_replay,746,43,21,real,17.348837209302324,1,141,1.5498019291024179,route_weight,25,0.015936000272631645
case_011_real,gsm8k,middle,real_route_replay,746,43,21,real,17.348837209302324,1,141,1.5498019291024179,route_weight,26,0.016127999871969223
case_011_real,gsm8k,middle,real_route_replay,746,43,21,real,17.348837209302324,1,141,1.5498019291024179,route_weight,27,0.016256000846624374
case_011_real,gsm8k,middle,real_route_replay,746,43,21,real,17.348837209302324,1,141,1.5498019291024179,route_weight,28,0.015519999898970127
case_011_real,gsm8k,middle,real_route_replay,746,43,21,real,17.348837209302324,1,141,1.5498019291024179,route_weight,29,0.0161920003592968
case_011_real,gsm8k,middle,real_route_replay,746,43,21,real,17.348837209302324,1,141,1.5498019291024179,route_weight,30,0.016992000862956047
case_011_real,gsm8k,middle,real_route_replay,746,43,21,real,17.348837209302324,1,141,1.5498019291024179,route_weight,31,0.016736000776290894
case_011_real,gsm8k,middle,real_route_replay,746,43,21,real,17.348837209302324,1,141,1.5498019291024179,route_weight,32,0.017503999173641205
case_011_real,gsm8k,middle,real_route_replay,746,43,21,real,17.348837209302324,1,141,1.5498019291024179,route_weight,33,0.01775999926030636
case_011_real,gsm8k,middle,real_route_replay,746,43,21,real,17.348837209302324,1,141,1.5498019291024179,route_weight,34,0.017664000391960144
case_011_real,gsm8k,middle,real_route_replay,746,43,21,real,17.348837209302324,1,141,1.5498019291024179,route_weight,35,0.017503999173641205
case_011_real,gsm8k,middle,real_route_replay,746,43,21,real,17.348837209302324,1,141,1.5498019291024179,route_weight,36,0.02800000086426735
case_011_real,gsm8k,middle,real_route_replay,746,43,21,real,17.348837209302324,1,141,1.5498019291024179,route_weight,37,0.016736000776290894
case_011_real,gsm8k,middle,real_route_replay,746,43,21,real,17.348837209302324,1,141,1.5498019291024179,route_weight,38,0.016672000288963318
case_011_real,gsm8k,middle,real_route_replay,746,43,21,real,17.348837209302324,1,141,1.5498019291024179,route_weight,39,0.016543999314308167
case_012_real,gsm8k,middle,real_route_replay,1099,47,17,real,23.382978723404257,1,135,1.392883427398494,gate_up_full64_prebuilt,0,0.33324798941612244
case_012_real,gsm8k,middle,real_route_replay,1099,47,17,real,23.382978723404257,1,135,1.392883427398494,gate_up_full64_prebuilt,1,0.3182399868965149
case_012_real,gsm8k,middle,real_route_replay,1099,47,17,real,23.382978723404257,1,135,1.392883427398494,gate_up_full64_prebuilt,2,0.3176319897174835
case_012_real,gsm8k,middle,real_route_replay,1099,47,17,real,23.382978723404257,1,135,1.392883427398494,gate_up_full64_prebuilt,3,0.31622400879859924
case_012_real,gsm8k,middle,real_route_replay,1099,47,17,real,23.382978723404257,1,135,1.392883427398494,gate_up_full64_prebuilt,4,0.31596800684928894
case_012_real,gsm8k,middle,real_route_replay,1099,47,17,real,23.382978723404257,1,135,1.392883427398494,gate_up_full64_prebuilt,5,0.31996798515319824
case_012_real,gsm8k,middle,real_route_replay,1099,47,17,real,23.382978723404257,1,135,1.392883427398494,gate_up_full64_prebuilt,6,0.3192960023880005
case_012_real,gsm8k,middle,real_route_replay,1099,47,17,real,23.382978723404257,1,135,1.392883427398494,gate_up_full64_prebuilt,7,0.3134720027446747
case_012_real,gsm8k,middle,real_route_replay,1099,47,17,real,23.382978723404257,1,135,1.392883427398494,gate_up_full64_prebuilt,8,0.3168320059776306
case_012_real,gsm8k,middle,real_route_replay,1099,47,17,real,23.382978723404257,1,135,1.392883427398494,gate_up_full64_prebuilt,9,0.3125759959220886
case_012_real,gsm8k,middle,real_route_replay,1099,47,17,real,23.382978723404257,1,135,1.392883427398494,gate_up_full64_prebuilt,10,0.3139199912548065
case_012_real,gsm8k,middle,real_route_replay,1099,47,17,real,23.382978723404257,1,135,1.392883427398494,gate_up_full64_prebuilt,11,0.3158720135688782
case_012_real,gsm8k,middle,real_route_replay,1099,47,17,real,23.382978723404257,1,135,1.392883427398494,gate_up_full64_prebuilt,12,0.31702399253845215
case_012_real,gsm8k,middle,real_route_replay,1099,47,17,real,23.382978723404257,1,135,1.392883427398494,gate_up_full64_prebuilt,13,0.31935998797416687
case_012_real,gsm8k,middle,real_route_replay,1099,47,17,real,23.382978723404257,1,135,1.392883427398494,gate_up_full64_prebuilt,14,0.31830400228500366
case_012_real,gsm8k,middle,real_route_replay,1099,47,17,real,23.382978723404257,1,135,1.392883427398494,gate_up_full64_prebuilt,15,0.31990399956703186
case_012_real,gsm8k,middle,real_route_replay,1099,47,17,real,23.382978723404257,1,135,1.392883427398494,gate_up_full64_prebuilt,16,0.31376001238822937
case_012_real,gsm8k,middle,real_route_replay,1099,47,17,real,23.382978723404257,1,135,1.392883427398494,gate_up_full64_prebuilt,17,0.31305599212646484
case_012_real,gsm8k,middle,real_route_replay,1099,47,17,real,23.382978723404257,1,135,1.392883427398494,gate_up_full64_prebuilt,18,0.3158079981803894
case_012_real,gsm8k,middle,real_route_replay,1099,47,17,real,23.382978723404257,1,135,1.392883427398494,gate_up_full64_prebuilt,19,0.31279999017715454
case_012_real,gsm8k,middle,real_route_replay,1099,47,17,real,23.382978723404257,1,135,1.392883427398494,gate_up_full64_prebuilt,20,0.3145599961280823
case_012_real,gsm8k,middle,real_route_replay,1099,47,17,real,23.382978723404257,1,135,1.392883427398494,gate_up_full64_prebuilt,21,0.3165760040283203
case_012_real,gsm8k,middle,real_route_replay,1099,47,17,real,23.382978723404257,1,135,1.392883427398494,gate_up_full64_prebuilt,22,0.3140160143375397
case_012_real,gsm8k,middle,real_route_replay,1099,47,17,real,23.382978723404257,1,135,1.392883427398494,gate_up_full64_prebuilt,23,0.315775990486145
case_012_real,gsm8k,middle,real_route_replay,1099,47,17,real,23.382978723404257,1,135,1.392883427398494,gate_up_full64_prebuilt,24,0.31721600890159607
case_012_real,gsm8k,middle,real_route_replay,1099,47,17,real,23.382978723404257,1,135,1.392883427398494,gate_up_full64_prebuilt,25,0.31648001074790955
case_012_real,gsm8k,middle,real_route_replay,1099,47,17,real,23.382978723404257,1,135,1.392883427398494,gate_up_full64_prebuilt,26,0.3190400004386902
case_012_real,gsm8k,middle,real_route_replay,1099,47,17,real,23.382978723404257,1,135,1.392883427398494,gate_up_full64_prebuilt,27,0.3148159980773926
case_012_real,gsm8k,middle,real_route_replay,1099,47,17,real,23.382978723404257,1,135,1.392883427398494,gate_up_full64_prebuilt,28,0.3150720000267029
case_012_real,gsm8k,middle,real_route_replay,1099,47,17,real,23.382978723404257,1,135,1.392883427398494,gate_up_full64_prebuilt,29,0.31382399797439575
case_012_real,gsm8k,middle,real_route_replay,1099,47,17,real,23.382978723404257,1,135,1.392883427398494,gate_up_full64_prebuilt,30,0.31593599915504456
case_012_real,gsm8k,middle,real_route_replay,1099,47,17,real,23.382978723404257,1,135,1.392883427398494,gate_up_full64_prebuilt,31,0.3197439908981323
case_012_real,gsm8k,middle,real_route_replay,1099,47,17,real,23.382978723404257,1,135,1.392883427398494,gate_up_full64_prebuilt,32,0.3197439908981323
case_012_real,gsm8k,middle,real_route_replay,1099,47,17,real,23.382978723404257,1,135,1.392883427398494,gate_up_full64_prebuilt,33,0.32179200649261475
case_012_real,gsm8k,middle,real_route_replay,1099,47,17,real,23.382978723404257,1,135,1.392883427398494,gate_up_full64_prebuilt,34,0.31705600023269653
case_012_real,gsm8k,middle,real_route_replay,1099,47,17,real,23.382978723404257,1,135,1.392883427398494,gate_up_full64_prebuilt,35,0.31881600618362427
case_012_real,gsm8k,middle,real_route_replay,1099,47,17,real,23.382978723404257,1,135,1.392883427398494,gate_up_full64_prebuilt,36,0.3174079954624176
case_012_real,gsm8k,middle,real_route_replay,1099,47,17,real,23.382978723404257,1,135,1.392883427398494,gate_up_full64_prebuilt,37,0.31488001346588135
case_012_real,gsm8k,middle,real_route_replay,1099,47,17,real,23.382978723404257,1,135,1.392883427398494,gate_up_full64_prebuilt,38,0.313728004693985
case_012_real,gsm8k,middle,real_route_replay,1099,47,17,real,23.382978723404257,1,135,1.392883427398494,gate_up_full64_prebuilt,39,0.31721600890159607
case_012_real,gsm8k,middle,real_route_replay,1099,47,17,real,23.382978723404257,1,135,1.392883427398494,swiglu,0,0.03542400151491165
case_012_real,gsm8k,middle,real_route_replay,1099,47,17,real,23.382978723404257,1,135,1.392883427398494,swiglu,1,0.024447999894618988
case_012_real,gsm8k,middle,real_route_replay,1099,47,17,real,23.382978723404257,1,135,1.392883427398494,swiglu,2,0.032575998455286026
case_012_real,gsm8k,middle,real_route_replay,1099,47,17,real,23.382978723404257,1,135,1.392883427398494,swiglu,3,0.022624000906944275
case_012_real,gsm8k,middle,real_route_replay,1099,47,17,real,23.382978723404257,1,135,1.392883427398494,swiglu,4,0.022336000576615334
case_012_real,gsm8k,middle,real_route_replay,1099,47,17,real,23.382978723404257,1,135,1.392883427398494,swiglu,5,0.021503999829292297
case_012_real,gsm8k,middle,real_route_replay,1099,47,17,real,23.382978723404257,1,135,1.392883427398494,swiglu,6,0.03340800106525421
case_012_real,gsm8k,middle,real_route_replay,1099,47,17,real,23.382978723404257,1,135,1.392883427398494,swiglu,7,0.023296000435948372
case_012_real,gsm8k,middle,real_route_replay,1099,47,17,real,23.382978723404257,1,135,1.392883427398494,swiglu,8,0.023423999547958374
case_012_real,gsm8k,middle,real_route_replay,1099,47,17,real,23.382978723404257,1,135,1.392883427398494,swiglu,9,0.024064000695943832
case_012_real,gsm8k,middle,real_route_replay,1099,47,17,real,23.382978723404257,1,135,1.392883427398494,swiglu,10,0.02505600079894066
case_012_real,gsm8k,middle,real_route_replay,1099,47,17,real,23.382978723404257,1,135,1.392883427398494,swiglu,11,0.022655999287962914
case_012_real,gsm8k,middle,real_route_replay,1099,47,17,real,23.382978723404257,1,135,1.392883427398494,swiglu,12,0.021088000386953354
case_012_real,gsm8k,middle,real_route_replay,1099,47,17,real,23.382978723404257,1,135,1.392883427398494,swiglu,13,0.021727999672293663
case_012_real,gsm8k,middle,real_route_replay,1099,47,17,real,23.382978723404257,1,135,1.392883427398494,swiglu,14,0.02595200017094612
case_012_real,gsm8k,middle,real_route_replay,1099,47,17,real,23.382978723404257,1,135,1.392883427398494,swiglu,15,0.02163200080394745
case_012_real,gsm8k,middle,real_route_replay,1099,47,17,real,23.382978723404257,1,135,1.392883427398494,swiglu,16,0.022784000262618065
case_012_real,gsm8k,middle,real_route_replay,1099,47,17,real,23.382978723404257,1,135,1.392883427398494,swiglu,17,0.023423999547958374
case_012_real,gsm8k,middle,real_route_replay,1099,47,17,real,23.382978723404257,1,135,1.392883427398494,swiglu,18,0.024064000695943832
case_012_real,gsm8k,middle,real_route_replay,1099,47,17,real,23.382978723404257,1,135,1.392883427398494,swiglu,19,0.023360000923275948
case_012_real,gsm8k,middle,real_route_replay,1099,47,17,real,23.382978723404257,1,135,1.392883427398494,swiglu,20,0.020767999812960625
case_012_real,gsm8k,middle,real_route_replay,1099,47,17,real,23.382978723404257,1,135,1.392883427398494,swiglu,21,0.020576000213623047
case_012_real,gsm8k,middle,real_route_replay,1099,47,17,real,23.382978723404257,1,135,1.392883427398494,swiglu,22,0.021503999829292297
case_012_real,gsm8k,middle,real_route_replay,1099,47,17,real,23.382978723404257,1,135,1.392883427398494,swiglu,23,0.0208320003002882
case_012_real,gsm8k,middle,real_route_replay,1099,47,17,real,23.382978723404257,1,135,1.392883427398494,swiglu,24,0.020927999168634415
case_012_real,gsm8k,middle,real_route_replay,1099,47,17,real,23.382978723404257,1,135,1.392883427398494,swiglu,25,0.020031999796628952
case_012_real,gsm8k,middle,real_route_replay,1099,47,17,real,23.382978723404257,1,135,1.392883427398494,swiglu,26,0.024383999407291412
case_012_real,gsm8k,middle,real_route_replay,1099,47,17,real,23.382978723404257,1,135,1.392883427398494,swiglu,27,0.021023999899625778
case_012_real,gsm8k,middle,real_route_replay,1099,47,17,real,23.382978723404257,1,135,1.392883427398494,swiglu,28,0.02800000086426735
case_012_real,gsm8k,middle,real_route_replay,1099,47,17,real,23.382978723404257,1,135,1.392883427398494,swiglu,29,0.024480000138282776
case_012_real,gsm8k,middle,real_route_replay,1099,47,17,real,23.382978723404257,1,135,1.392883427398494,swiglu,30,0.024064000695943832
case_012_real,gsm8k,middle,real_route_replay,1099,47,17,real,23.382978723404257,1,135,1.392883427398494,swiglu,31,0.023264000192284584
case_012_real,gsm8k,middle,real_route_replay,1099,47,17,real,23.382978723404257,1,135,1.392883427398494,swiglu,32,0.023744000121951103
case_012_real,gsm8k,middle,real_route_replay,1099,47,17,real,23.382978723404257,1,135,1.392883427398494,swiglu,33,0.023104000836610794
case_012_real,gsm8k,middle,real_route_replay,1099,47,17,real,23.382978723404257,1,135,1.392883427398494,swiglu,34,0.0226879995316267
case_012_real,gsm8k,middle,real_route_replay,1099,47,17,real,23.382978723404257,1,135,1.392883427398494,swiglu,35,0.020160000771284103
case_012_real,gsm8k,middle,real_route_replay,1099,47,17,real,23.382978723404257,1,135,1.392883427398494,swiglu,36,0.02067199908196926
case_012_real,gsm8k,middle,real_route_replay,1099,47,17,real,23.382978723404257,1,135,1.392883427398494,swiglu,37,0.020096000283956528
case_012_real,gsm8k,middle,real_route_replay,1099,47,17,real,23.382978723404257,1,135,1.392883427398494,swiglu,38,0.023264000192284584
case_012_real,gsm8k,middle,real_route_replay,1099,47,17,real,23.382978723404257,1,135,1.392883427398494,swiglu,39,0.02175999991595745
case_012_real,gsm8k,middle,real_route_replay,1099,47,17,real,23.382978723404257,1,135,1.392883427398494,down_full64_prebuilt,0,0.20147199928760529
case_012_real,gsm8k,middle,real_route_replay,1099,47,17,real,23.382978723404257,1,135,1.392883427398494,down_full64_prebuilt,1,0.1980160027742386
case_012_real,gsm8k,middle,real_route_replay,1099,47,17,real,23.382978723404257,1,135,1.392883427398494,down_full64_prebuilt,2,0.1966399997472763
case_012_real,gsm8k,middle,real_route_replay,1099,47,17,real,23.382978723404257,1,135,1.392883427398494,down_full64_prebuilt,3,0.19916799664497375
case_012_real,gsm8k,middle,real_route_replay,1099,47,17,real,23.382978723404257,1,135,1.392883427398494,down_full64_prebuilt,4,0.1971839964389801
case_012_real,gsm8k,middle,real_route_replay,1099,47,17,real,23.382978723404257,1,135,1.392883427398494,down_full64_prebuilt,5,0.19359999895095825
case_012_real,gsm8k,middle,real_route_replay,1099,47,17,real,23.382978723404257,1,135,1.392883427398494,down_full64_prebuilt,6,0.19590400159358978
case_012_real,gsm8k,middle,real_route_replay,1099,47,17,real,23.382978723404257,1,135,1.392883427398494,down_full64_prebuilt,7,0.19737599790096283
case_012_real,gsm8k,middle,real_route_replay,1099,47,17,real,23.382978723404257,1,135,1.392883427398494,down_full64_prebuilt,8,0.19590400159358978
case_012_real,gsm8k,middle,real_route_replay,1099,47,17,real,23.382978723404257,1,135,1.392883427398494,down_full64_prebuilt,9,0.1955839991569519
case_012_real,gsm8k,middle,real_route_replay,1099,47,17,real,23.382978723404257,1,135,1.392883427398494,down_full64_prebuilt,10,0.19577600061893463
case_012_real,gsm8k,middle,real_route_replay,1099,47,17,real,23.382978723404257,1,135,1.392883427398494,down_full64_prebuilt,11,0.1960960030555725
case_012_real,gsm8k,middle,real_route_replay,1099,47,17,real,23.382978723404257,1,135,1.392883427398494,down_full64_prebuilt,12,0.1950719952583313
case_012_real,gsm8k,middle,real_route_replay,1099,47,17,real,23.382978723404257,1,135,1.392883427398494,down_full64_prebuilt,13,0.20291200280189514
case_012_real,gsm8k,middle,real_route_replay,1099,47,17,real,23.382978723404257,1,135,1.392883427398494,down_full64_prebuilt,14,0.19539199769496918
case_012_real,gsm8k,middle,real_route_replay,1099,47,17,real,23.382978723404257,1,135,1.392883427398494,down_full64_prebuilt,15,0.19622400403022766
case_012_real,gsm8k,middle,real_route_replay,1099,47,17,real,23.382978723404257,1,135,1.392883427398494,down_full64_prebuilt,16,0.19782400131225586
case_012_real,gsm8k,middle,real_route_replay,1099,47,17,real,23.382978723404257,1,135,1.392883427398494,down_full64_prebuilt,17,0.19382399320602417
case_012_real,gsm8k,middle,real_route_replay,1099,47,17,real,23.382978723404257,1,135,1.392883427398494,down_full64_prebuilt,18,0.19334399700164795
case_012_real,gsm8k,middle,real_route_replay,1099,47,17,real,23.382978723404257,1,135,1.392883427398494,down_full64_prebuilt,19,0.1974399983882904
case_012_real,gsm8k,middle,real_route_replay,1099,47,17,real,23.382978723404257,1,135,1.392883427398494,down_full64_prebuilt,20,0.19779199361801147
case_012_real,gsm8k,middle,real_route_replay,1099,47,17,real,23.382978723404257,1,135,1.392883427398494,down_full64_prebuilt,21,0.1969279944896698
case_012_real,gsm8k,middle,real_route_replay,1099,47,17,real,23.382978723404257,1,135,1.392883427398494,down_full64_prebuilt,22,0.19625599682331085
case_012_real,gsm8k,middle,real_route_replay,1099,47,17,real,23.382978723404257,1,135,1.392883427398494,down_full64_prebuilt,23,0.19436800479888916
case_012_real,gsm8k,middle,real_route_replay,1099,47,17,real,23.382978723404257,1,135,1.392883427398494,down_full64_prebuilt,24,0.19519999623298645
case_012_real,gsm8k,middle,real_route_replay,1099,47,17,real,23.382978723404257,1,135,1.392883427398494,down_full64_prebuilt,25,0.19968000054359436
case_012_real,gsm8k,middle,real_route_replay,1099,47,17,real,23.382978723404257,1,135,1.392883427398494,down_full64_prebuilt,26,0.1974399983882904
case_012_real,gsm8k,middle,real_route_replay,1099,47,17,real,23.382978723404257,1,135,1.392883427398494,down_full64_prebuilt,27,0.19734400510787964
case_012_real,gsm8k,middle,real_route_replay,1099,47,17,real,23.382978723404257,1,135,1.392883427398494,down_full64_prebuilt,28,0.19871999323368073
case_012_real,gsm8k,middle,real_route_replay,1099,47,17,real,23.382978723404257,1,135,1.392883427398494,down_full64_prebuilt,29,0.19811199605464935
case_012_real,gsm8k,middle,real_route_replay,1099,47,17,real,23.382978723404257,1,135,1.392883427398494,down_full64_prebuilt,30,0.19740800559520721
case_012_real,gsm8k,middle,real_route_replay,1099,47,17,real,23.382978723404257,1,135,1.392883427398494,down_full64_prebuilt,31,0.19734400510787964
case_012_real,gsm8k,middle,real_route_replay,1099,47,17,real,23.382978723404257,1,135,1.392883427398494,down_full64_prebuilt,32,0.1972160041332245
case_012_real,gsm8k,middle,real_route_replay,1099,47,17,real,23.382978723404257,1,135,1.392883427398494,down_full64_prebuilt,33,0.19740800559520721
case_012_real,gsm8k,middle,real_route_replay,1099,47,17,real,23.382978723404257,1,135,1.392883427398494,down_full64_prebuilt,34,0.19622400403022766
case_012_real,gsm8k,middle,real_route_replay,1099,47,17,real,23.382978723404257,1,135,1.392883427398494,down_full64_prebuilt,35,0.19814400374889374
case_012_real,gsm8k,middle,real_route_replay,1099,47,17,real,23.382978723404257,1,135,1.392883427398494,down_full64_prebuilt,36,0.19724799692630768
case_012_real,gsm8k,middle,real_route_replay,1099,47,17,real,23.382978723404257,1,135,1.392883427398494,down_full64_prebuilt,37,0.19696000218391418
case_012_real,gsm8k,middle,real_route_replay,1099,47,17,real,23.382978723404257,1,135,1.392883427398494,down_full64_prebuilt,38,0.1955839991569519
case_012_real,gsm8k,middle,real_route_replay,1099,47,17,real,23.382978723404257,1,135,1.392883427398494,down_full64_prebuilt,39,0.19312000274658203
case_012_real,gsm8k,middle,real_route_replay,1099,47,17,real,23.382978723404257,1,135,1.392883427398494,route_weight,0,0.02454400062561035
case_012_real,gsm8k,middle,real_route_replay,1099,47,17,real,23.382978723404257,1,135,1.392883427398494,route_weight,1,0.02054399996995926
case_012_real,gsm8k,middle,real_route_replay,1099,47,17,real,23.382978723404257,1,135,1.392883427398494,route_weight,2,0.022655999287962914
case_012_real,gsm8k,middle,real_route_replay,1099,47,17,real,23.382978723404257,1,135,1.392883427398494,route_weight,3,0.019807999953627586
case_012_real,gsm8k,middle,real_route_replay,1099,47,17,real,23.382978723404257,1,135,1.392883427398494,route_weight,4,0.019680000841617584
case_012_real,gsm8k,middle,real_route_replay,1099,47,17,real,23.382978723404257,1,135,1.392883427398494,route_weight,5,0.020191999152302742
case_012_real,gsm8k,middle,real_route_replay,1099,47,17,real,23.382978723404257,1,135,1.392883427398494,route_weight,6,0.019551999866962433
case_012_real,gsm8k,middle,real_route_replay,1099,47,17,real,23.382978723404257,1,135,1.392883427398494,route_weight,7,0.02035200037062168
case_012_real,gsm8k,middle,real_route_replay,1099,47,17,real,23.382978723404257,1,135,1.392883427398494,route_weight,8,0.021344000473618507
case_012_real,gsm8k,middle,real_route_replay,1099,47,17,real,23.382978723404257,1,135,1.392883427398494,route_weight,9,0.02112000063061714
case_012_real,gsm8k,middle,real_route_replay,1099,47,17,real,23.382978723404257,1,135,1.392883427398494,route_weight,10,0.020287999883294106
case_012_real,gsm8k,middle,real_route_replay,1099,47,17,real,23.382978723404257,1,135,1.392883427398494,route_weight,11,0.01926399953663349
case_012_real,gsm8k,middle,real_route_replay,1099,47,17,real,23.382978723404257,1,135,1.392883427398494,route_weight,12,0.01913600042462349
case_012_real,gsm8k,middle,real_route_replay,1099,47,17,real,23.382978723404257,1,135,1.392883427398494,route_weight,13,0.01897599920630455
case_012_real,gsm8k,middle,real_route_replay,1099,47,17,real,23.382978723404257,1,135,1.392883427398494,route_weight,14,0.023296000435948372
case_012_real,gsm8k,middle,real_route_replay,1099,47,17,real,23.382978723404257,1,135,1.392883427398494,route_weight,15,0.01974399946630001
case_012_real,gsm8k,middle,real_route_replay,1099,47,17,real,23.382978723404257,1,135,1.392883427398494,route_weight,16,0.01881599985063076
case_012_real,gsm8k,middle,real_route_replay,1099,47,17,real,23.382978723404257,1,135,1.392883427398494,route_weight,17,0.01926399953663349
case_012_real,gsm8k,middle,real_route_replay,1099,47,17,real,23.382978723404257,1,135,1.392883427398494,route_weight,18,0.019231999292969704
case_012_real,gsm8k,middle,real_route_replay,1099,47,17,real,23.382978723404257,1,135,1.392883427398494,route_weight,19,0.019071999937295914
case_012_real,gsm8k,middle,real_route_replay,1099,47,17,real,23.382978723404257,1,135,1.392883427398494,route_weight,20,0.02006400004029274
case_012_real,gsm8k,middle,real_route_replay,1099,47,17,real,23.382978723404257,1,135,1.392883427398494,route_weight,21,0.01961600035429001
case_012_real,gsm8k,middle,real_route_replay,1099,47,17,real,23.382978723404257,1,135,1.392883427398494,route_weight,22,0.019328000023961067
case_012_real,gsm8k,middle,real_route_replay,1099,47,17,real,23.382978723404257,1,135,1.392883427398494,route_weight,23,0.01913600042462349
case_012_real,gsm8k,middle,real_route_replay,1099,47,17,real,23.382978723404257,1,135,1.392883427398494,route_weight,24,0.02038400061428547
case_012_real,gsm8k,middle,real_route_replay,1099,47,17,real,23.382978723404257,1,135,1.392883427398494,route_weight,25,0.019872000440955162
case_012_real,gsm8k,middle,real_route_replay,1099,47,17,real,23.382978723404257,1,135,1.392883427398494,route_weight,26,0.02022399939596653
case_012_real,gsm8k,middle,real_route_replay,1099,47,17,real,23.382978723404257,1,135,1.392883427398494,route_weight,27,0.02236800082027912
case_012_real,gsm8k,middle,real_route_replay,1099,47,17,real,23.382978723404257,1,135,1.392883427398494,route_weight,28,0.020447999238967896
case_012_real,gsm8k,middle,real_route_replay,1099,47,17,real,23.382978723404257,1,135,1.392883427398494,route_weight,29,0.020096000283956528
case_012_real,gsm8k,middle,real_route_replay,1099,47,17,real,23.382978723404257,1,135,1.392883427398494,route_weight,30,0.024512000381946564
case_012_real,gsm8k,middle,real_route_replay,1099,47,17,real,23.382978723404257,1,135,1.392883427398494,route_weight,31,0.01974399946630001
case_012_real,gsm8k,middle,real_route_replay,1099,47,17,real,23.382978723404257,1,135,1.392883427398494,route_weight,32,0.0191040001809597
case_012_real,gsm8k,middle,real_route_replay,1099,47,17,real,23.382978723404257,1,135,1.392883427398494,route_weight,33,0.018751999363303185
case_012_real,gsm8k,middle,real_route_replay,1099,47,17,real,23.382978723404257,1,135,1.392883427398494,route_weight,34,0.01913600042462349
case_012_real,gsm8k,middle,real_route_replay,1099,47,17,real,23.382978723404257,1,135,1.392883427398494,route_weight,35,0.019168000668287277
case_012_real,gsm8k,middle,real_route_replay,1099,47,17,real,23.382978723404257,1,135,1.392883427398494,route_weight,36,0.018464000895619392
case_012_real,gsm8k,middle,real_route_replay,1099,47,17,real,23.382978723404257,1,135,1.392883427398494,route_weight,37,0.019200000911951065
case_012_real,gsm8k,middle,real_route_replay,1099,47,17,real,23.382978723404257,1,135,1.392883427398494,route_weight,38,0.019039999693632126
case_012_real,gsm8k,middle,real_route_replay,1099,47,17,real,23.382978723404257,1,135,1.392883427398494,route_weight,39,0.02175999991595745
case_012_real,gsm8k,middle,real_route_replay,1099,47,17,real,23.382978723404257,1,135,1.392883427398494,down_active_prebuilt,0,0.20774400234222412
case_012_real,gsm8k,middle,real_route_replay,1099,47,17,real,23.382978723404257,1,135,1.392883427398494,down_active_prebuilt,1,0.197952002286911
case_012_real,gsm8k,middle,real_route_replay,1099,47,17,real,23.382978723404257,1,135,1.392883427398494,down_active_prebuilt,2,0.1966720074415207
case_012_real,gsm8k,middle,real_route_replay,1099,47,17,real,23.382978723404257,1,135,1.392883427398494,down_active_prebuilt,3,0.1937279999256134
case_012_real,gsm8k,middle,real_route_replay,1099,47,17,real,23.382978723404257,1,135,1.392883427398494,down_active_prebuilt,4,0.19616000354290009
case_012_real,gsm8k,middle,real_route_replay,1099,47,17,real,23.382978723404257,1,135,1.392883427398494,down_active_prebuilt,5,0.19705599546432495
case_012_real,gsm8k,middle,real_route_replay,1099,47,17,real,23.382978723404257,1,135,1.392883427398494,down_active_prebuilt,6,0.1990399956703186
case_012_real,gsm8k,middle,real_route_replay,1099,47,17,real,23.382978723404257,1,135,1.392883427398494,down_active_prebuilt,7,0.19817599654197693
case_012_real,gsm8k,middle,real_route_replay,1099,47,17,real,23.382978723404257,1,135,1.392883427398494,down_active_prebuilt,8,0.19305600225925446
case_012_real,gsm8k,middle,real_route_replay,1099,47,17,real,23.382978723404257,1,135,1.392883427398494,down_active_prebuilt,9,0.19487999379634857
case_012_real,gsm8k,middle,real_route_replay,1099,47,17,real,23.382978723404257,1,135,1.392883427398494,down_active_prebuilt,10,0.19616000354290009
case_012_real,gsm8k,middle,real_route_replay,1099,47,17,real,23.382978723404257,1,135,1.392883427398494,down_active_prebuilt,11,0.1939840018749237
case_012_real,gsm8k,middle,real_route_replay,1099,47,17,real,23.382978723404257,1,135,1.392883427398494,down_active_prebuilt,12,0.19315199553966522
case_012_real,gsm8k,middle,real_route_replay,1099,47,17,real,23.382978723404257,1,135,1.392883427398494,down_active_prebuilt,13,0.194240003824234
case_012_real,gsm8k,middle,real_route_replay,1099,47,17,real,23.382978723404257,1,135,1.392883427398494,down_active_prebuilt,14,0.1952960044145584
case_012_real,gsm8k,middle,real_route_replay,1099,47,17,real,23.382978723404257,1,135,1.392883427398494,down_active_prebuilt,15,0.1937599927186966
case_012_real,gsm8k,middle,real_route_replay,1099,47,17,real,23.382978723404257,1,135,1.392883427398494,down_active_prebuilt,16,0.19443200528621674
case_012_real,gsm8k,middle,real_route_replay,1099,47,17,real,23.382978723404257,1,135,1.392883427398494,down_active_prebuilt,17,0.19724799692630768
case_012_real,gsm8k,middle,real_route_replay,1099,47,17,real,23.382978723404257,1,135,1.392883427398494,down_active_prebuilt,18,0.19859200716018677
case_012_real,gsm8k,middle,real_route_replay,1099,47,17,real,23.382978723404257,1,135,1.392883427398494,down_active_prebuilt,19,0.19836799800395966
case_012_real,gsm8k,middle,real_route_replay,1099,47,17,real,23.382978723404257,1,135,1.392883427398494,down_active_prebuilt,20,0.1945600062608719
case_012_real,gsm8k,middle,real_route_replay,1099,47,17,real,23.382978723404257,1,135,1.392883427398494,down_active_prebuilt,21,0.19542400538921356
case_012_real,gsm8k,middle,real_route_replay,1099,47,17,real,23.382978723404257,1,135,1.392883427398494,down_active_prebuilt,22,0.19542400538921356
case_012_real,gsm8k,middle,real_route_replay,1099,47,17,real,23.382978723404257,1,135,1.392883427398494,down_active_prebuilt,23,0.1979839950799942
case_012_real,gsm8k,middle,real_route_replay,1099,47,17,real,23.382978723404257,1,135,1.392883427398494,down_active_prebuilt,24,0.19545599818229675
case_012_real,gsm8k,middle,real_route_replay,1099,47,17,real,23.382978723404257,1,135,1.392883427398494,down_active_prebuilt,25,0.20028799772262573
case_012_real,gsm8k,middle,real_route_replay,1099,47,17,real,23.382978723404257,1,135,1.392883427398494,down_active_prebuilt,26,0.19625599682331085
case_012_real,gsm8k,middle,real_route_replay,1099,47,17,real,23.382978723404257,1,135,1.392883427398494,down_active_prebuilt,27,0.1976960003376007
case_012_real,gsm8k,middle,real_route_replay,1099,47,17,real,23.382978723404257,1,135,1.392883427398494,down_active_prebuilt,28,0.1955520063638687
case_012_real,gsm8k,middle,real_route_replay,1099,47,17,real,23.382978723404257,1,135,1.392883427398494,down_active_prebuilt,29,0.19593599438667297
case_012_real,gsm8k,middle,real_route_replay,1099,47,17,real,23.382978723404257,1,135,1.392883427398494,down_active_prebuilt,30,0.1950400024652481
case_012_real,gsm8k,middle,real_route_replay,1099,47,17,real,23.382978723404257,1,135,1.392883427398494,down_active_prebuilt,31,0.19728000462055206
case_012_real,gsm8k,middle,real_route_replay,1099,47,17,real,23.382978723404257,1,135,1.392883427398494,down_active_prebuilt,32,0.20419199764728546
case_012_real,gsm8k,middle,real_route_replay,1099,47,17,real,23.382978723404257,1,135,1.392883427398494,down_active_prebuilt,33,0.20393599569797516
case_012_real,gsm8k,middle,real_route_replay,1099,47,17,real,23.382978723404257,1,135,1.392883427398494,down_active_prebuilt,34,0.20390400290489197
case_012_real,gsm8k,middle,real_route_replay,1099,47,17,real,23.382978723404257,1,135,1.392883427398494,down_active_prebuilt,35,0.2019519954919815
case_012_real,gsm8k,middle,real_route_replay,1099,47,17,real,23.382978723404257,1,135,1.392883427398494,down_active_prebuilt,36,0.20313599705696106
case_012_real,gsm8k,middle,real_route_replay,1099,47,17,real,23.382978723404257,1,135,1.392883427398494,down_active_prebuilt,37,0.20102399587631226
case_012_real,gsm8k,middle,real_route_replay,1099,47,17,real,23.382978723404257,1,135,1.392883427398494,down_active_prebuilt,38,0.20508800446987152
case_012_real,gsm8k,middle,real_route_replay,1099,47,17,real,23.382978723404257,1,135,1.392883427398494,down_active_prebuilt,39,0.20627200603485107
case_012_real,gsm8k,middle,real_route_replay,1099,47,17,real,23.382978723404257,1,135,1.392883427398494,gate_up_active_prebuilt,0,0.32076799869537354
case_012_real,gsm8k,middle,real_route_replay,1099,47,17,real,23.382978723404257,1,135,1.392883427398494,gate_up_active_prebuilt,1,0.32019200921058655
case_012_real,gsm8k,middle,real_route_replay,1099,47,17,real,23.382978723404257,1,135,1.392883427398494,gate_up_active_prebuilt,2,0.3383040130138397
case_012_real,gsm8k,middle,real_route_replay,1099,47,17,real,23.382978723404257,1,135,1.392883427398494,gate_up_active_prebuilt,3,0.3224959969520569
case_012_real,gsm8k,middle,real_route_replay,1099,47,17,real,23.382978723404257,1,135,1.392883427398494,gate_up_active_prebuilt,4,0.3296320140361786
case_012_real,gsm8k,middle,real_route_replay,1099,47,17,real,23.382978723404257,1,135,1.392883427398494,gate_up_active_prebuilt,5,0.32707199454307556
case_012_real,gsm8k,middle,real_route_replay,1099,47,17,real,23.382978723404257,1,135,1.392883427398494,gate_up_active_prebuilt,6,0.31839999556541443
case_012_real,gsm8k,middle,real_route_replay,1099,47,17,real,23.382978723404257,1,135,1.392883427398494,gate_up_active_prebuilt,7,0.3162879943847656
case_012_real,gsm8k,middle,real_route_replay,1099,47,17,real,23.382978723404257,1,135,1.392883427398494,gate_up_active_prebuilt,8,0.3144319951534271
case_012_real,gsm8k,middle,real_route_replay,1099,47,17,real,23.382978723404257,1,135,1.392883427398494,gate_up_active_prebuilt,9,0.31539198756217957
case_012_real,gsm8k,middle,real_route_replay,1099,47,17,real,23.382978723404257,1,135,1.392883427398494,gate_up_active_prebuilt,10,0.3123840093612671
case_012_real,gsm8k,middle,real_route_replay,1099,47,17,real,23.382978723404257,1,135,1.392883427398494,gate_up_active_prebuilt,11,0.3178879916667938
case_012_real,gsm8k,middle,real_route_replay,1099,47,17,real,23.382978723404257,1,135,1.392883427398494,gate_up_active_prebuilt,12,0.3142719864845276
case_012_real,gsm8k,middle,real_route_replay,1099,47,17,real,23.382978723404257,1,135,1.392883427398494,gate_up_active_prebuilt,13,0.31520000100135803
case_012_real,gsm8k,middle,real_route_replay,1099,47,17,real,23.382978723404257,1,135,1.392883427398494,gate_up_active_prebuilt,14,0.31564798951148987
case_012_real,gsm8k,middle,real_route_replay,1099,47,17,real,23.382978723404257,1,135,1.392883427398494,gate_up_active_prebuilt,15,0.31830400228500366
case_012_real,gsm8k,middle,real_route_replay,1099,47,17,real,23.382978723404257,1,135,1.392883427398494,gate_up_active_prebuilt,16,0.3164159953594208
case_012_real,gsm8k,middle,real_route_replay,1099,47,17,real,23.382978723404257,1,135,1.392883427398494,gate_up_active_prebuilt,17,0.3198719918727875
case_012_real,gsm8k,middle,real_route_replay,1099,47,17,real,23.382978723404257,1,135,1.392883427398494,gate_up_active_prebuilt,18,0.3155519962310791
case_012_real,gsm8k,middle,real_route_replay,1099,47,17,real,23.382978723404257,1,135,1.392883427398494,gate_up_active_prebuilt,19,0.3166080117225647
case_012_real,gsm8k,middle,real_route_replay,1099,47,17,real,23.382978723404257,1,135,1.392883427398494,gate_up_active_prebuilt,20,0.3139199912548065
case_012_real,gsm8k,middle,real_route_replay,1099,47,17,real,23.382978723404257,1,135,1.392883427398494,gate_up_active_prebuilt,21,0.3121599853038788
case_012_real,gsm8k,middle,real_route_replay,1099,47,17,real,23.382978723404257,1,135,1.392883427398494,gate_up_active_prebuilt,22,0.3160319924354553
case_012_real,gsm8k,middle,real_route_replay,1099,47,17,real,23.382978723404257,1,135,1.392883427398494,gate_up_active_prebuilt,23,0.31750398874282837
case_012_real,gsm8k,middle,real_route_replay,1099,47,17,real,23.382978723404257,1,135,1.392883427398494,gate_up_active_prebuilt,24,0.3160319924354553
case_012_real,gsm8k,middle,real_route_replay,1099,47,17,real,23.382978723404257,1,135,1.392883427398494,gate_up_active_prebuilt,25,0.31632000207901
case_012_real,gsm8k,middle,real_route_replay,1099,47,17,real,23.382978723404257,1,135,1.392883427398494,gate_up_active_prebuilt,26,0.31356799602508545
case_012_real,gsm8k,middle,real_route_replay,1099,47,17,real,23.382978723404257,1,135,1.392883427398494,gate_up_active_prebuilt,27,0.32175999879837036
case_012_real,gsm8k,middle,real_route_replay,1099,47,17,real,23.382978723404257,1,135,1.392883427398494,gate_up_active_prebuilt,28,0.32368001341819763
case_012_real,gsm8k,middle,real_route_replay,1099,47,17,real,23.382978723404257,1,135,1.392883427398494,gate_up_active_prebuilt,29,0.3232640027999878
case_012_real,gsm8k,middle,real_route_replay,1099,47,17,real,23.382978723404257,1,135,1.392883427398494,gate_up_active_prebuilt,30,0.324864000082016
case_012_real,gsm8k,middle,real_route_replay,1099,47,17,real,23.382978723404257,1,135,1.392883427398494,gate_up_active_prebuilt,31,0.34121599793434143
case_012_real,gsm8k,middle,real_route_replay,1099,47,17,real,23.382978723404257,1,135,1.392883427398494,gate_up_active_prebuilt,32,0.32236799597740173
case_012_real,gsm8k,middle,real_route_replay,1099,47,17,real,23.382978723404257,1,135,1.392883427398494,gate_up_active_prebuilt,33,0.31494399905204773
case_012_real,gsm8k,middle,real_route_replay,1099,47,17,real,23.382978723404257,1,135,1.392883427398494,gate_up_active_prebuilt,34,0.3150080144405365
case_012_real,gsm8k,middle,real_route_replay,1099,47,17,real,23.382978723404257,1,135,1.392883427398494,gate_up_active_prebuilt,35,0.3139519989490509
case_012_real,gsm8k,middle,real_route_replay,1099,47,17,real,23.382978723404257,1,135,1.392883427398494,gate_up_active_prebuilt,36,0.31305599212646484
case_012_real,gsm8k,middle,real_route_replay,1099,47,17,real,23.382978723404257,1,135,1.392883427398494,gate_up_active_prebuilt,37,0.31731200218200684
case_012_real,gsm8k,middle,real_route_replay,1099,47,17,real,23.382978723404257,1,135,1.392883427398494,gate_up_active_prebuilt,38,0.31356799602508545
case_012_real,gsm8k,middle,real_route_replay,1099,47,17,real,23.382978723404257,1,135,1.392883427398494,gate_up_active_prebuilt,39,0.3152959942817688
case_013_real,gsm8k,middle,real_route_replay,615,44,20,real,13.977272727272727,1,83,1.3026683922553388,gate_up_full64_prebuilt,0,0.3380799889564514
case_013_real,gsm8k,middle,real_route_replay,615,44,20,real,13.977272727272727,1,83,1.3026683922553388,gate_up_full64_prebuilt,1,0.31382399797439575
case_013_real,gsm8k,middle,real_route_replay,615,44,20,real,13.977272727272727,1,83,1.3026683922553388,gate_up_full64_prebuilt,2,0.3048959970474243
case_013_real,gsm8k,middle,real_route_replay,615,44,20,real,13.977272727272727,1,83,1.3026683922553388,gate_up_full64_prebuilt,3,0.30265599489212036
case_013_real,gsm8k,middle,real_route_replay,615,44,20,real,13.977272727272727,1,83,1.3026683922553388,gate_up_full64_prebuilt,4,0.30371201038360596
case_013_real,gsm8k,middle,real_route_replay,615,44,20,real,13.977272727272727,1,83,1.3026683922553388,gate_up_full64_prebuilt,5,0.30880001187324524
case_013_real,gsm8k,middle,real_route_replay,615,44,20,real,13.977272727272727,1,83,1.3026683922553388,gate_up_full64_prebuilt,6,0.29657599329948425
case_013_real,gsm8k,middle,real_route_replay,615,44,20,real,13.977272727272727,1,83,1.3026683922553388,gate_up_full64_prebuilt,7,0.29449599981307983
case_013_real,gsm8k,middle,real_route_replay,615,44,20,real,13.977272727272727,1,83,1.3026683922553388,gate_up_full64_prebuilt,8,0.2935999929904938
case_013_real,gsm8k,middle,real_route_replay,615,44,20,real,13.977272727272727,1,83,1.3026683922553388,gate_up_full64_prebuilt,9,0.2927680015563965
case_013_real,gsm8k,middle,real_route_replay,615,44,20,real,13.977272727272727,1,83,1.3026683922553388,gate_up_full64_prebuilt,10,0.2910720109939575
case_013_real,gsm8k,middle,real_route_replay,615,44,20,real,13.977272727272727,1,83,1.3026683922553388,gate_up_full64_prebuilt,11,0.2921279966831207
case_013_real,gsm8k,middle,real_route_replay,615,44,20,real,13.977272727272727,1,83,1.3026683922553388,gate_up_full64_prebuilt,12,0.2934400141239166
case_013_real,gsm8k,middle,real_route_replay,615,44,20,real,13.977272727272727,1,83,1.3026683922553388,gate_up_full64_prebuilt,13,0.29980799555778503
case_013_real,gsm8k,middle,real_route_replay,615,44,20,real,13.977272727272727,1,83,1.3026683922553388,gate_up_full64_prebuilt,14,0.29235199093818665
case_013_real,gsm8k,middle,real_route_replay,615,44,20,real,13.977272727272727,1,83,1.3026683922553388,gate_up_full64_prebuilt,15,0.290367990732193
case_013_real,gsm8k,middle,real_route_replay,615,44,20,real,13.977272727272727,1,83,1.3026683922553388,gate_up_full64_prebuilt,16,0.2945919930934906
case_013_real,gsm8k,middle,real_route_replay,615,44,20,real,13.977272727272727,1,83,1.3026683922553388,gate_up_full64_prebuilt,17,0.29100799560546875
case_013_real,gsm8k,middle,real_route_replay,615,44,20,real,13.977272727272727,1,83,1.3026683922553388,gate_up_full64_prebuilt,18,0.28969600796699524
case_013_real,gsm8k,middle,real_route_replay,615,44,20,real,13.977272727272727,1,83,1.3026683922553388,gate_up_full64_prebuilt,19,0.2911680042743683
case_013_real,gsm8k,middle,real_route_replay,615,44,20,real,13.977272727272727,1,83,1.3026683922553388,gate_up_full64_prebuilt,20,0.28995200991630554
case_013_real,gsm8k,middle,real_route_replay,615,44,20,real,13.977272727272727,1,83,1.3026683922553388,gate_up_full64_prebuilt,21,0.30003198981285095
case_013_real,gsm8k,middle,real_route_replay,615,44,20,real,13.977272727272727,1,83,1.3026683922553388,gate_up_full64_prebuilt,22,0.30137598514556885
case_013_real,gsm8k,middle,real_route_replay,615,44,20,real,13.977272727272727,1,83,1.3026683922553388,gate_up_full64_prebuilt,23,0.2987520098686218
case_013_real,gsm8k,middle,real_route_replay,615,44,20,real,13.977272727272727,1,83,1.3026683922553388,gate_up_full64_prebuilt,24,0.30323201417922974
case_013_real,gsm8k,middle,real_route_replay,615,44,20,real,13.977272727272727,1,83,1.3026683922553388,gate_up_full64_prebuilt,25,0.30156800150871277
case_013_real,gsm8k,middle,real_route_replay,615,44,20,real,13.977272727272727,1,83,1.3026683922553388,gate_up_full64_prebuilt,26,0.30316799879074097
case_013_real,gsm8k,middle,real_route_replay,615,44,20,real,13.977272727272727,1,83,1.3026683922553388,gate_up_full64_prebuilt,27,0.29392001032829285
case_013_real,gsm8k,middle,real_route_replay,615,44,20,real,13.977272727272727,1,83,1.3026683922553388,gate_up_full64_prebuilt,28,0.2927680015563965
case_013_real,gsm8k,middle,real_route_replay,615,44,20,real,13.977272727272727,1,83,1.3026683922553388,gate_up_full64_prebuilt,29,0.29052799940109253
case_013_real,gsm8k,middle,real_route_replay,615,44,20,real,13.977272727272727,1,83,1.3026683922553388,gate_up_full64_prebuilt,30,0.290367990732193
case_013_real,gsm8k,middle,real_route_replay,615,44,20,real,13.977272727272727,1,83,1.3026683922553388,gate_up_full64_prebuilt,31,0.29148799180984497
case_013_real,gsm8k,middle,real_route_replay,615,44,20,real,13.977272727272727,1,83,1.3026683922553388,gate_up_full64_prebuilt,32,0.29398399591445923
case_013_real,gsm8k,middle,real_route_replay,615,44,20,real,13.977272727272727,1,83,1.3026683922553388,gate_up_full64_prebuilt,33,0.2945280075073242
case_013_real,gsm8k,middle,real_route_replay,615,44,20,real,13.977272727272727,1,83,1.3026683922553388,gate_up_full64_prebuilt,34,0.2921920120716095
case_013_real,gsm8k,middle,real_route_replay,615,44,20,real,13.977272727272727,1,83,1.3026683922553388,gate_up_full64_prebuilt,35,0.2933120131492615
case_013_real,gsm8k,middle,real_route_replay,615,44,20,real,13.977272727272727,1,83,1.3026683922553388,gate_up_full64_prebuilt,36,0.2911039888858795
case_013_real,gsm8k,middle,real_route_replay,615,44,20,real,13.977272727272727,1,83,1.3026683922553388,gate_up_full64_prebuilt,37,0.3046720027923584
case_013_real,gsm8k,middle,real_route_replay,615,44,20,real,13.977272727272727,1,83,1.3026683922553388,gate_up_full64_prebuilt,38,0.29363200068473816
case_013_real,gsm8k,middle,real_route_replay,615,44,20,real,13.977272727272727,1,83,1.3026683922553388,gate_up_full64_prebuilt,39,0.2935679852962494
case_013_real,gsm8k,middle,real_route_replay,615,44,20,real,13.977272727272727,1,83,1.3026683922553388,gate_up_active_prebuilt,0,0.2950719892978668
case_013_real,gsm8k,middle,real_route_replay,615,44,20,real,13.977272727272727,1,83,1.3026683922553388,gate_up_active_prebuilt,1,0.29238399863243103
case_013_real,gsm8k,middle,real_route_replay,615,44,20,real,13.977272727272727,1,83,1.3026683922553388,gate_up_active_prebuilt,2,0.29183998703956604
case_013_real,gsm8k,middle,real_route_replay,615,44,20,real,13.977272727272727,1,83,1.3026683922553388,gate_up_active_prebuilt,3,0.28918400406837463
case_013_real,gsm8k,middle,real_route_replay,615,44,20,real,13.977272727272727,1,83,1.3026683922553388,gate_up_active_prebuilt,4,0.2937920093536377
case_013_real,gsm8k,middle,real_route_replay,615,44,20,real,13.977272727272727,1,83,1.3026683922553388,gate_up_active_prebuilt,5,0.2947840094566345
case_013_real,gsm8k,middle,real_route_replay,615,44,20,real,13.977272727272727,1,83,1.3026683922553388,gate_up_active_prebuilt,6,0.29574400186538696
case_013_real,gsm8k,middle,real_route_replay,615,44,20,real,13.977272727272727,1,83,1.3026683922553388,gate_up_active_prebuilt,7,0.2918719947338104
case_013_real,gsm8k,middle,real_route_replay,615,44,20,real,13.977272727272727,1,83,1.3026683922553388,gate_up_active_prebuilt,8,0.2934400141239166
case_013_real,gsm8k,middle,real_route_replay,615,44,20,real,13.977272727272727,1,83,1.3026683922553388,gate_up_active_prebuilt,9,0.29494398832321167
case_013_real,gsm8k,middle,real_route_replay,615,44,20,real,13.977272727272727,1,83,1.3026683922553388,gate_up_active_prebuilt,10,0.29555198550224304
case_013_real,gsm8k,middle,real_route_replay,615,44,20,real,13.977272727272727,1,83,1.3026683922553388,gate_up_active_prebuilt,11,0.29763200879096985
case_013_real,gsm8k,middle,real_route_replay,615,44,20,real,13.977272727272727,1,83,1.3026683922553388,gate_up_active_prebuilt,12,0.29475200176239014
case_013_real,gsm8k,middle,real_route_replay,615,44,20,real,13.977272727272727,1,83,1.3026683922553388,gate_up_active_prebuilt,13,0.30214399099349976
case_013_real,gsm8k,middle,real_route_replay,615,44,20,real,13.977272727272727,1,83,1.3026683922553388,gate_up_active_prebuilt,14,0.3041279911994934
case_013_real,gsm8k,middle,real_route_replay,615,44,20,real,13.977272727272727,1,83,1.3026683922553388,gate_up_active_prebuilt,15,0.2996799945831299
case_013_real,gsm8k,middle,real_route_replay,615,44,20,real,13.977272727272727,1,83,1.3026683922553388,gate_up_active_prebuilt,16,0.3012160062789917
case_013_real,gsm8k,middle,real_route_replay,615,44,20,real,13.977272727272727,1,83,1.3026683922553388,gate_up_active_prebuilt,17,0.29955199360847473
case_013_real,gsm8k,middle,real_route_replay,615,44,20,real,13.977272727272727,1,83,1.3026683922553388,gate_up_active_prebuilt,18,0.309471994638443
case_013_real,gsm8k,middle,real_route_replay,615,44,20,real,13.977272727272727,1,83,1.3026683922553388,gate_up_active_prebuilt,19,0.29900801181793213
case_013_real,gsm8k,middle,real_route_replay,615,44,20,real,13.977272727272727,1,83,1.3026683922553388,gate_up_active_prebuilt,20,0.296671986579895
case_013_real,gsm8k,middle,real_route_replay,615,44,20,real,13.977272727272727,1,83,1.3026683922553388,gate_up_active_prebuilt,21,0.29104000329971313
case_013_real,gsm8k,middle,real_route_replay,615,44,20,real,13.977272727272727,1,83,1.3026683922553388,gate_up_active_prebuilt,22,0.29120001196861267
case_013_real,gsm8k,middle,real_route_replay,615,44,20,real,13.977272727272727,1,83,1.3026683922553388,gate_up_active_prebuilt,23,0.29094401001930237
case_013_real,gsm8k,middle,real_route_replay,615,44,20,real,13.977272727272727,1,83,1.3026683922553388,gate_up_active_prebuilt,24,0.2935999929904938
case_013_real,gsm8k,middle,real_route_replay,615,44,20,real,13.977272727272727,1,83,1.3026683922553388,gate_up_active_prebuilt,25,0.29283198714256287
case_013_real,gsm8k,middle,real_route_replay,615,44,20,real,13.977272727272727,1,83,1.3026683922553388,gate_up_active_prebuilt,26,0.2931840121746063
case_013_real,gsm8k,middle,real_route_replay,615,44,20,real,13.977272727272727,1,83,1.3026683922553388,gate_up_active_prebuilt,27,0.29129600524902344
case_013_real,gsm8k,middle,real_route_replay,615,44,20,real,13.977272727272727,1,83,1.3026683922553388,gate_up_active_prebuilt,28,0.2919040024280548
case_013_real,gsm8k,middle,real_route_replay,615,44,20,real,13.977272727272727,1,83,1.3026683922553388,gate_up_active_prebuilt,29,0.2916480004787445
case_013_real,gsm8k,middle,real_route_replay,615,44,20,real,13.977272727272727,1,83,1.3026683922553388,gate_up_active_prebuilt,30,0.2916159927845001
case_013_real,gsm8k,middle,real_route_replay,615,44,20,real,13.977272727272727,1,83,1.3026683922553388,gate_up_active_prebuilt,31,0.29148799180984497
case_013_real,gsm8k,middle,real_route_replay,615,44,20,real,13.977272727272727,1,83,1.3026683922553388,gate_up_active_prebuilt,32,0.2919360101222992
case_013_real,gsm8k,middle,real_route_replay,615,44,20,real,13.977272727272727,1,83,1.3026683922553388,gate_up_active_prebuilt,33,0.2900800108909607
case_013_real,gsm8k,middle,real_route_replay,615,44,20,real,13.977272727272727,1,83,1.3026683922553388,gate_up_active_prebuilt,34,0.29523199796676636
case_013_real,gsm8k,middle,real_route_replay,615,44,20,real,13.977272727272727,1,83,1.3026683922553388,gate_up_active_prebuilt,35,0.29046401381492615
case_013_real,gsm8k,middle,real_route_replay,615,44,20,real,13.977272727272727,1,83,1.3026683922553388,gate_up_active_prebuilt,36,0.2964160144329071
case_013_real,gsm8k,middle,real_route_replay,615,44,20,real,13.977272727272727,1,83,1.3026683922553388,gate_up_active_prebuilt,37,0.29971200227737427
case_013_real,gsm8k,middle,real_route_replay,615,44,20,real,13.977272727272727,1,83,1.3026683922553388,gate_up_active_prebuilt,38,0.30000001192092896
case_013_real,gsm8k,middle,real_route_replay,615,44,20,real,13.977272727272727,1,83,1.3026683922553388,gate_up_active_prebuilt,39,0.3044799864292145
case_013_real,gsm8k,middle,real_route_replay,615,44,20,real,13.977272727272727,1,83,1.3026683922553388,down_active_prebuilt,0,0.19068799912929535
case_013_real,gsm8k,middle,real_route_replay,615,44,20,real,13.977272727272727,1,83,1.3026683922553388,down_active_prebuilt,1,0.1871359944343567
case_013_real,gsm8k,middle,real_route_replay,615,44,20,real,13.977272727272727,1,83,1.3026683922553388,down_active_prebuilt,2,0.18662400543689728
case_013_real,gsm8k,middle,real_route_replay,615,44,20,real,13.977272727272727,1,83,1.3026683922553388,down_active_prebuilt,3,0.18729600310325623
case_013_real,gsm8k,middle,real_route_replay,615,44,20,real,13.977272727272727,1,83,1.3026683922553388,down_active_prebuilt,4,0.18345600366592407
case_013_real,gsm8k,middle,real_route_replay,615,44,20,real,13.977272727272727,1,83,1.3026683922553388,down_active_prebuilt,5,0.18540799617767334
case_013_real,gsm8k,middle,real_route_replay,615,44,20,real,13.977272727272727,1,83,1.3026683922553388,down_active_prebuilt,6,0.18547199666500092
case_013_real,gsm8k,middle,real_route_replay,615,44,20,real,13.977272727272727,1,83,1.3026683922553388,down_active_prebuilt,7,0.1852159947156906
case_013_real,gsm8k,middle,real_route_replay,615,44,20,real,13.977272727272727,1,83,1.3026683922553388,down_active_prebuilt,8,0.1844799965620041
case_013_real,gsm8k,middle,real_route_replay,615,44,20,real,13.977272727272727,1,83,1.3026683922553388,down_active_prebuilt,9,0.18297599256038666
case_013_real,gsm8k,middle,real_route_replay,615,44,20,real,13.977272727272727,1,83,1.3026683922553388,down_active_prebuilt,10,0.18486399948596954
case_013_real,gsm8k,middle,real_route_replay,615,44,20,real,13.977272727272727,1,83,1.3026683922553388,down_active_prebuilt,11,0.18483200669288635
case_013_real,gsm8k,middle,real_route_replay,615,44,20,real,13.977272727272727,1,83,1.3026683922553388,down_active_prebuilt,12,0.19244800508022308
case_013_real,gsm8k,middle,real_route_replay,615,44,20,real,13.977272727272727,1,83,1.3026683922553388,down_active_prebuilt,13,0.18828800320625305
case_013_real,gsm8k,middle,real_route_replay,615,44,20,real,13.977272727272727,1,83,1.3026683922553388,down_active_prebuilt,14,0.1852159947156906
case_013_real,gsm8k,middle,real_route_replay,615,44,20,real,13.977272727272727,1,83,1.3026683922553388,down_active_prebuilt,15,0.18614399433135986
case_013_real,gsm8k,middle,real_route_replay,615,44,20,real,13.977272727272727,1,83,1.3026683922553388,down_active_prebuilt,16,0.18755200505256653
case_013_real,gsm8k,middle,real_route_replay,615,44,20,real,13.977272727272727,1,83,1.3026683922553388,down_active_prebuilt,17,0.18611200153827667
case_013_real,gsm8k,middle,real_route_replay,615,44,20,real,13.977272727272727,1,83,1.3026683922553388,down_active_prebuilt,18,0.182559996843338
case_013_real,gsm8k,middle,real_route_replay,615,44,20,real,13.977272727272727,1,83,1.3026683922553388,down_active_prebuilt,19,0.18585599958896637
case_013_real,gsm8k,middle,real_route_replay,615,44,20,real,13.977272727272727,1,83,1.3026683922553388,down_active_prebuilt,20,0.18329599499702454
case_013_real,gsm8k,middle,real_route_replay,615,44,20,real,13.977272727272727,1,83,1.3026683922553388,down_active_prebuilt,21,0.18428799510002136
case_013_real,gsm8k,middle,real_route_replay,615,44,20,real,13.977272727272727,1,83,1.3026683922553388,down_active_prebuilt,22,0.18588800728321075
case_013_real,gsm8k,middle,real_route_replay,615,44,20,real,13.977272727272727,1,83,1.3026683922553388,down_active_prebuilt,23,0.1865600049495697
case_013_real,gsm8k,middle,real_route_replay,615,44,20,real,13.977272727272727,1,83,1.3026683922553388,down_active_prebuilt,24,0.18544000387191772
case_013_real,gsm8k,middle,real_route_replay,615,44,20,real,13.977272727272727,1,83,1.3026683922553388,down_active_prebuilt,25,0.18531200289726257
case_013_real,gsm8k,middle,real_route_replay,615,44,20,real,13.977272727272727,1,83,1.3026683922553388,down_active_prebuilt,26,0.18751999735832214
case_013_real,gsm8k,middle,real_route_replay,615,44,20,real,13.977272727272727,1,83,1.3026683922553388,down_active_prebuilt,27,0.18451200425624847
case_013_real,gsm8k,middle,real_route_replay,615,44,20,real,13.977272727272727,1,83,1.3026683922553388,down_active_prebuilt,28,0.18460799753665924
case_013_real,gsm8k,middle,real_route_replay,615,44,20,real,13.977272727272727,1,83,1.3026683922553388,down_active_prebuilt,29,0.18108800053596497
case_013_real,gsm8k,middle,real_route_replay,615,44,20,real,13.977272727272727,1,83,1.3026683922553388,down_active_prebuilt,30,0.1844480037689209
case_013_real,gsm8k,middle,real_route_replay,615,44,20,real,13.977272727272727,1,83,1.3026683922553388,down_active_prebuilt,31,0.18275199830532074
case_013_real,gsm8k,middle,real_route_replay,615,44,20,real,13.977272727272727,1,83,1.3026683922553388,down_active_prebuilt,32,0.18108800053596497
case_013_real,gsm8k,middle,real_route_replay,615,44,20,real,13.977272727272727,1,83,1.3026683922553388,down_active_prebuilt,33,0.18361599743366241
case_013_real,gsm8k,middle,real_route_replay,615,44,20,real,13.977272727272727,1,83,1.3026683922553388,down_active_prebuilt,34,0.18326400220394135
case_013_real,gsm8k,middle,real_route_replay,615,44,20,real,13.977272727272727,1,83,1.3026683922553388,down_active_prebuilt,35,0.1855040043592453
case_013_real,gsm8k,middle,real_route_replay,615,44,20,real,13.977272727272727,1,83,1.3026683922553388,down_active_prebuilt,36,0.19068799912929535
case_013_real,gsm8k,middle,real_route_replay,615,44,20,real,13.977272727272727,1,83,1.3026683922553388,down_active_prebuilt,37,0.18876799941062927
case_013_real,gsm8k,middle,real_route_replay,615,44,20,real,13.977272727272727,1,83,1.3026683922553388,down_active_prebuilt,38,0.20003199577331543
case_013_real,gsm8k,middle,real_route_replay,615,44,20,real,13.977272727272727,1,83,1.3026683922553388,down_active_prebuilt,39,0.1919039934873581
case_013_real,gsm8k,middle,real_route_replay,615,44,20,real,13.977272727272727,1,83,1.3026683922553388,route_weight,0,0.026496000587940216
case_013_real,gsm8k,middle,real_route_replay,615,44,20,real,13.977272727272727,1,83,1.3026683922553388,route_weight,1,0.022207999601960182
case_013_real,gsm8k,middle,real_route_replay,615,44,20,real,13.977272727272727,1,83,1.3026683922553388,route_weight,2,0.02393599972128868
case_013_real,gsm8k,middle,real_route_replay,615,44,20,real,13.977272727272727,1,83,1.3026683922553388,route_weight,3,0.022431999444961548
case_013_real,gsm8k,middle,real_route_replay,615,44,20,real,13.977272727272727,1,83,1.3026683922553388,route_weight,4,0.02252800017595291
case_013_real,gsm8k,middle,real_route_replay,615,44,20,real,13.977272727272727,1,83,1.3026683922553388,route_weight,5,0.023552000522613525
case_013_real,gsm8k,middle,real_route_replay,615,44,20,real,13.977272727272727,1,83,1.3026683922553388,route_weight,6,0.027456000447273254
case_013_real,gsm8k,middle,real_route_replay,615,44,20,real,13.977272727272727,1,83,1.3026683922553388,route_weight,7,0.022943999618291855
case_013_real,gsm8k,middle,real_route_replay,615,44,20,real,13.977272727272727,1,83,1.3026683922553388,route_weight,8,0.022655999287962914
case_013_real,gsm8k,middle,real_route_replay,615,44,20,real,13.977272727272727,1,83,1.3026683922553388,route_weight,9,0.021088000386953354
case_013_real,gsm8k,middle,real_route_replay,615,44,20,real,13.977272727272727,1,83,1.3026683922553388,route_weight,10,0.022304000332951546
case_013_real,gsm8k,middle,real_route_replay,615,44,20,real,13.977272727272727,1,83,1.3026683922553388,route_weight,11,0.023584000766277313
case_013_real,gsm8k,middle,real_route_replay,615,44,20,real,13.977272727272727,1,83,1.3026683922553388,route_weight,12,0.02521600015461445
case_013_real,gsm8k,middle,real_route_replay,615,44,20,real,13.977272727272727,1,83,1.3026683922553388,route_weight,13,0.023455999791622162
case_013_real,gsm8k,middle,real_route_replay,615,44,20,real,13.977272727272727,1,83,1.3026683922553388,route_weight,14,0.02252800017595291
case_013_real,gsm8k,middle,real_route_replay,615,44,20,real,13.977272727272727,1,83,1.3026683922553388,route_weight,15,0.023584000766277313
case_013_real,gsm8k,middle,real_route_replay,615,44,20,real,13.977272727272727,1,83,1.3026683922553388,route_weight,16,0.024320000782608986
case_013_real,gsm8k,middle,real_route_replay,615,44,20,real,13.977272727272727,1,83,1.3026683922553388,route_weight,17,0.022048000246286392
case_013_real,gsm8k,middle,real_route_replay,615,44,20,real,13.977272727272727,1,83,1.3026683922553388,route_weight,18,0.02364799939095974
case_013_real,gsm8k,middle,real_route_replay,615,44,20,real,13.977272727272727,1,83,1.3026683922553388,route_weight,19,0.02160000056028366
case_013_real,gsm8k,middle,real_route_replay,615,44,20,real,13.977272727272727,1,83,1.3026683922553388,route_weight,20,0.03171199932694435
case_013_real,gsm8k,middle,real_route_replay,615,44,20,real,13.977272727272727,1,83,1.3026683922553388,route_weight,21,0.02115200087428093
case_013_real,gsm8k,middle,real_route_replay,615,44,20,real,13.977272727272727,1,83,1.3026683922553388,route_weight,22,0.024288000538945198
case_013_real,gsm8k,middle,real_route_replay,615,44,20,real,13.977272727272727,1,83,1.3026683922553388,route_weight,23,0.017023999243974686
case_013_real,gsm8k,middle,real_route_replay,615,44,20,real,13.977272727272727,1,83,1.3026683922553388,route_weight,24,0.01539199985563755
case_013_real,gsm8k,middle,real_route_replay,615,44,20,real,13.977272727272727,1,83,1.3026683922553388,route_weight,25,0.01651199907064438
case_013_real,gsm8k,middle,real_route_replay,615,44,20,real,13.977272727272727,1,83,1.3026683922553388,route_weight,26,0.016224000602960587
case_013_real,gsm8k,middle,real_route_replay,615,44,20,real,13.977272727272727,1,83,1.3026683922553388,route_weight,27,0.02022399939596653
case_013_real,gsm8k,middle,real_route_replay,615,44,20,real,13.977272727272727,1,83,1.3026683922553388,route_weight,28,0.02521600015461445
case_013_real,gsm8k,middle,real_route_replay,615,44,20,real,13.977272727272727,1,83,1.3026683922553388,route_weight,29,0.023360000923275948
case_013_real,gsm8k,middle,real_route_replay,615,44,20,real,13.977272727272727,1,83,1.3026683922553388,route_weight,30,0.018464000895619392
case_013_real,gsm8k,middle,real_route_replay,615,44,20,real,13.977272727272727,1,83,1.3026683922553388,route_weight,31,0.01583999954164028
case_013_real,gsm8k,middle,real_route_replay,615,44,20,real,13.977272727272727,1,83,1.3026683922553388,route_weight,32,0.01568000018596649
case_013_real,gsm8k,middle,real_route_replay,615,44,20,real,13.977272727272727,1,83,1.3026683922553388,route_weight,33,0.015200000256299973
case_013_real,gsm8k,middle,real_route_replay,615,44,20,real,13.977272727272727,1,83,1.3026683922553388,route_weight,34,0.01568000018596649
case_013_real,gsm8k,middle,real_route_replay,615,44,20,real,13.977272727272727,1,83,1.3026683922553388,route_weight,35,0.015072000212967396
case_013_real,gsm8k,middle,real_route_replay,615,44,20,real,13.977272727272727,1,83,1.3026683922553388,route_weight,36,0.014976000413298607
case_013_real,gsm8k,middle,real_route_replay,615,44,20,real,13.977272727272727,1,83,1.3026683922553388,route_weight,37,0.01635199971497059
case_013_real,gsm8k,middle,real_route_replay,615,44,20,real,13.977272727272727,1,83,1.3026683922553388,route_weight,38,0.016256000846624374
case_013_real,gsm8k,middle,real_route_replay,615,44,20,real,13.977272727272727,1,83,1.3026683922553388,route_weight,39,0.01708799973130226
case_013_real,gsm8k,middle,real_route_replay,615,44,20,real,13.977272727272727,1,83,1.3026683922553388,down_full64_prebuilt,0,0.20412799715995789
case_013_real,gsm8k,middle,real_route_replay,615,44,20,real,13.977272727272727,1,83,1.3026683922553388,down_full64_prebuilt,1,0.1895039975643158
case_013_real,gsm8k,middle,real_route_replay,615,44,20,real,13.977272727272727,1,83,1.3026683922553388,down_full64_prebuilt,2,0.18796800076961517
case_013_real,gsm8k,middle,real_route_replay,615,44,20,real,13.977272727272727,1,83,1.3026683922553388,down_full64_prebuilt,3,0.18617600202560425
case_013_real,gsm8k,middle,real_route_replay,615,44,20,real,13.977272727272727,1,83,1.3026683922553388,down_full64_prebuilt,4,0.1844159960746765
case_013_real,gsm8k,middle,real_route_replay,615,44,20,real,13.977272727272727,1,83,1.3026683922553388,down_full64_prebuilt,5,0.18585599958896637
case_013_real,gsm8k,middle,real_route_replay,615,44,20,real,13.977272727272727,1,83,1.3026683922553388,down_full64_prebuilt,6,0.18572799861431122
case_013_real,gsm8k,middle,real_route_replay,615,44,20,real,13.977272727272727,1,83,1.3026683922553388,down_full64_prebuilt,7,0.18620799481868744
case_013_real,gsm8k,middle,real_route_replay,615,44,20,real,13.977272727272727,1,83,1.3026683922553388,down_full64_prebuilt,8,0.1847040057182312
case_013_real,gsm8k,middle,real_route_replay,615,44,20,real,13.977272727272727,1,83,1.3026683922553388,down_full64_prebuilt,9,0.18668800592422485
case_013_real,gsm8k,middle,real_route_replay,615,44,20,real,13.977272727272727,1,83,1.3026683922553388,down_full64_prebuilt,10,0.18611200153827667
case_013_real,gsm8k,middle,real_route_replay,615,44,20,real,13.977272727272727,1,83,1.3026683922553388,down_full64_prebuilt,11,0.18598400056362152
case_013_real,gsm8k,middle,real_route_replay,615,44,20,real,13.977272727272727,1,83,1.3026683922553388,down_full64_prebuilt,12,0.1857600063085556
case_013_real,gsm8k,middle,real_route_replay,615,44,20,real,13.977272727272727,1,83,1.3026683922553388,down_full64_prebuilt,13,0.190528005361557
case_013_real,gsm8k,middle,real_route_replay,615,44,20,real,13.977272727272727,1,83,1.3026683922553388,down_full64_prebuilt,14,0.1841599941253662
case_013_real,gsm8k,middle,real_route_replay,615,44,20,real,13.977272727272727,1,83,1.3026683922553388,down_full64_prebuilt,15,0.18540799617767334
case_013_real,gsm8k,middle,real_route_replay,615,44,20,real,13.977272727272727,1,83,1.3026683922553388,down_full64_prebuilt,16,0.1844480037689209
case_013_real,gsm8k,middle,real_route_replay,615,44,20,real,13.977272727272727,1,83,1.3026683922553388,down_full64_prebuilt,17,0.19411200284957886
case_013_real,gsm8k,middle,real_route_replay,615,44,20,real,13.977272727272727,1,83,1.3026683922553388,down_full64_prebuilt,18,0.19523200392723083
case_013_real,gsm8k,middle,real_route_replay,615,44,20,real,13.977272727272727,1,83,1.3026683922553388,down_full64_prebuilt,19,0.1945279985666275
case_013_real,gsm8k,middle,real_route_replay,615,44,20,real,13.977272727272727,1,83,1.3026683922553388,down_full64_prebuilt,20,0.19740800559520721
case_013_real,gsm8k,middle,real_route_replay,615,44,20,real,13.977272727272727,1,83,1.3026683922553388,down_full64_prebuilt,21,0.19571200013160706
case_013_real,gsm8k,middle,real_route_replay,615,44,20,real,13.977272727272727,1,83,1.3026683922553388,down_full64_prebuilt,22,0.19817599654197693
case_013_real,gsm8k,middle,real_route_replay,615,44,20,real,13.977272727272727,1,83,1.3026683922553388,down_full64_prebuilt,23,0.20022399723529816
case_013_real,gsm8k,middle,real_route_replay,615,44,20,real,13.977272727272727,1,83,1.3026683922553388,down_full64_prebuilt,24,0.1924159973859787
case_013_real,gsm8k,middle,real_route_replay,615,44,20,real,13.977272727272727,1,83,1.3026683922553388,down_full64_prebuilt,25,0.1860159933567047
case_013_real,gsm8k,middle,real_route_replay,615,44,20,real,13.977272727272727,1,83,1.3026683922553388,down_full64_prebuilt,26,0.1863040030002594
case_013_real,gsm8k,middle,real_route_replay,615,44,20,real,13.977272727272727,1,83,1.3026683922553388,down_full64_prebuilt,27,0.18719999492168427
case_013_real,gsm8k,middle,real_route_replay,615,44,20,real,13.977272727272727,1,83,1.3026683922553388,down_full64_prebuilt,28,0.18704000115394592
case_013_real,gsm8k,middle,real_route_replay,615,44,20,real,13.977272727272727,1,83,1.3026683922553388,down_full64_prebuilt,29,0.18492799997329712
case_013_real,gsm8k,middle,real_route_replay,615,44,20,real,13.977272727272727,1,83,1.3026683922553388,down_full64_prebuilt,30,0.18582400679588318
case_013_real,gsm8k,middle,real_route_replay,615,44,20,real,13.977272727272727,1,83,1.3026683922553388,down_full64_prebuilt,31,0.18688000738620758
case_013_real,gsm8k,middle,real_route_replay,615,44,20,real,13.977272727272727,1,83,1.3026683922553388,down_full64_prebuilt,32,0.1902720034122467
case_013_real,gsm8k,middle,real_route_replay,615,44,20,real,13.977272727272727,1,83,1.3026683922553388,down_full64_prebuilt,33,0.18595199286937714
case_013_real,gsm8k,middle,real_route_replay,615,44,20,real,13.977272727272727,1,83,1.3026683922553388,down_full64_prebuilt,34,0.18726399540901184
case_013_real,gsm8k,middle,real_route_replay,615,44,20,real,13.977272727272727,1,83,1.3026683922553388,down_full64_prebuilt,35,0.19126400351524353
case_013_real,gsm8k,middle,real_route_replay,615,44,20,real,13.977272727272727,1,83,1.3026683922553388,down_full64_prebuilt,36,0.1884479969739914
case_013_real,gsm8k,middle,real_route_replay,615,44,20,real,13.977272727272727,1,83,1.3026683922553388,down_full64_prebuilt,37,0.18486399948596954
case_013_real,gsm8k,middle,real_route_replay,615,44,20,real,13.977272727272727,1,83,1.3026683922553388,down_full64_prebuilt,38,0.18438400328159332
case_013_real,gsm8k,middle,real_route_replay,615,44,20,real,13.977272727272727,1,83,1.3026683922553388,down_full64_prebuilt,39,0.18483200669288635
case_013_real,gsm8k,middle,real_route_replay,615,44,20,real,13.977272727272727,1,83,1.3026683922553388,swiglu,0,0.025119999423623085
case_013_real,gsm8k,middle,real_route_replay,615,44,20,real,13.977272727272727,1,83,1.3026683922553388,swiglu,1,0.021568000316619873
case_013_real,gsm8k,middle,real_route_replay,615,44,20,real,13.977272727272727,1,83,1.3026683922553388,swiglu,2,0.02191999927163124
case_013_real,gsm8k,middle,real_route_replay,615,44,20,real,13.977272727272727,1,83,1.3026683922553388,swiglu,3,0.021088000386953354
case_013_real,gsm8k,middle,real_route_replay,615,44,20,real,13.977272727272727,1,83,1.3026683922553388,swiglu,4,0.02112000063061714
case_013_real,gsm8k,middle,real_route_replay,615,44,20,real,13.977272727272727,1,83,1.3026683922553388,swiglu,5,0.026815999299287796
case_013_real,gsm8k,middle,real_route_replay,615,44,20,real,13.977272727272727,1,83,1.3026683922553388,swiglu,6,0.02393599972128868
case_013_real,gsm8k,middle,real_route_replay,615,44,20,real,13.977272727272727,1,83,1.3026683922553388,swiglu,7,0.030880000442266464
case_013_real,gsm8k,middle,real_route_replay,615,44,20,real,13.977272727272727,1,83,1.3026683922553388,swiglu,8,0.024607999250292778
case_013_real,gsm8k,middle,real_route_replay,615,44,20,real,13.977272727272727,1,83,1.3026683922553388,swiglu,9,0.02099199965596199
case_013_real,gsm8k,middle,real_route_replay,615,44,20,real,13.977272727272727,1,83,1.3026683922553388,swiglu,10,0.020640000700950623
case_013_real,gsm8k,middle,real_route_replay,615,44,20,real,13.977272727272727,1,83,1.3026683922553388,swiglu,11,0.02051199972629547
case_013_real,gsm8k,middle,real_route_replay,615,44,20,real,13.977272727272727,1,83,1.3026683922553388,swiglu,12,0.020447999238967896
case_013_real,gsm8k,middle,real_route_replay,615,44,20,real,13.977272727272727,1,83,1.3026683922553388,swiglu,13,0.02131200022995472
case_013_real,gsm8k,middle,real_route_replay,615,44,20,real,13.977272727272727,1,83,1.3026683922553388,swiglu,14,0.020479999482631683
case_013_real,gsm8k,middle,real_route_replay,615,44,20,real,13.977272727272727,1,83,1.3026683922553388,swiglu,15,0.019840000197291374
case_013_real,gsm8k,middle,real_route_replay,615,44,20,real,13.977272727272727,1,83,1.3026683922553388,swiglu,16,0.02022399939596653
case_013_real,gsm8k,middle,real_route_replay,615,44,20,real,13.977272727272727,1,83,1.3026683922553388,swiglu,17,0.020479999482631683
case_013_real,gsm8k,middle,real_route_replay,615,44,20,real,13.977272727272727,1,83,1.3026683922553388,swiglu,18,0.021695999428629875
case_013_real,gsm8k,middle,real_route_replay,615,44,20,real,13.977272727272727,1,83,1.3026683922553388,swiglu,19,0.022016000002622604
case_013_real,gsm8k,middle,real_route_replay,615,44,20,real,13.977272727272727,1,83,1.3026683922553388,swiglu,20,0.023903999477624893
case_013_real,gsm8k,middle,real_route_replay,615,44,20,real,13.977272727272727,1,83,1.3026683922553388,swiglu,21,0.020576000213623047
case_013_real,gsm8k,middle,real_route_replay,615,44,20,real,13.977272727272727,1,83,1.3026683922553388,swiglu,22,0.020416000857949257
case_013_real,gsm8k,middle,real_route_replay,615,44,20,real,13.977272727272727,1,83,1.3026683922553388,swiglu,23,0.02035200037062168
case_013_real,gsm8k,middle,real_route_replay,615,44,20,real,13.977272727272727,1,83,1.3026683922553388,swiglu,24,0.020191999152302742
case_013_real,gsm8k,middle,real_route_replay,615,44,20,real,13.977272727272727,1,83,1.3026683922553388,swiglu,25,0.020640000700950623
case_013_real,gsm8k,middle,real_route_replay,615,44,20,real,13.977272727272727,1,83,1.3026683922553388,swiglu,26,0.020608000457286835
case_013_real,gsm8k,middle,real_route_replay,615,44,20,real,13.977272727272727,1,83,1.3026683922553388,swiglu,27,0.020096000283956528
case_013_real,gsm8k,middle,real_route_replay,615,44,20,real,13.977272727272727,1,83,1.3026683922553388,swiglu,28,0.021023999899625778
case_013_real,gsm8k,middle,real_route_replay,615,44,20,real,13.977272727272727,1,83,1.3026683922553388,swiglu,29,0.020096000283956528
case_013_real,gsm8k,middle,real_route_replay,615,44,20,real,13.977272727272727,1,83,1.3026683922553388,swiglu,30,0.020160000771284103
case_013_real,gsm8k,middle,real_route_replay,615,44,20,real,13.977272727272727,1,83,1.3026683922553388,swiglu,31,0.01926399953663349
case_013_real,gsm8k,middle,real_route_replay,615,44,20,real,13.977272727272727,1,83,1.3026683922553388,swiglu,32,0.023391999304294586
case_013_real,gsm8k,middle,real_route_replay,615,44,20,real,13.977272727272727,1,83,1.3026683922553388,swiglu,33,0.020896000787615776
case_013_real,gsm8k,middle,real_route_replay,615,44,20,real,13.977272727272727,1,83,1.3026683922553388,swiglu,34,0.02067199908196926
case_013_real,gsm8k,middle,real_route_replay,615,44,20,real,13.977272727272727,1,83,1.3026683922553388,swiglu,35,0.03139200061559677
case_013_real,gsm8k,middle,real_route_replay,615,44,20,real,13.977272727272727,1,83,1.3026683922553388,swiglu,36,0.021888000890612602
case_013_real,gsm8k,middle,real_route_replay,615,44,20,real,13.977272727272727,1,83,1.3026683922553388,swiglu,37,0.020959999412298203
case_013_real,gsm8k,middle,real_route_replay,615,44,20,real,13.977272727272727,1,83,1.3026683922553388,swiglu,38,0.02038400061428547
case_013_real,gsm8k,middle,real_route_replay,615,44,20,real,13.977272727272727,1,83,1.3026683922553388,swiglu,39,0.0225600004196167
case_014_real,gsm8k,middle,real_route_replay,1489,45,19,real,33.08888888888889,1,494,3.029988672820829,down_active_prebuilt,0,0.2197120040655136
case_014_real,gsm8k,middle,real_route_replay,1489,45,19,real,33.08888888888889,1,494,3.029988672820829,down_active_prebuilt,1,0.20956799387931824
case_014_real,gsm8k,middle,real_route_replay,1489,45,19,real,33.08888888888889,1,494,3.029988672820829,down_active_prebuilt,2,0.21027199923992157
case_014_real,gsm8k,middle,real_route_replay,1489,45,19,real,33.08888888888889,1,494,3.029988672820829,down_active_prebuilt,3,0.20745599269866943
case_014_real,gsm8k,middle,real_route_replay,1489,45,19,real,33.08888888888889,1,494,3.029988672820829,down_active_prebuilt,4,0.20678399503231049
case_014_real,gsm8k,middle,real_route_replay,1489,45,19,real,33.08888888888889,1,494,3.029988672820829,down_active_prebuilt,5,0.20422400534152985
case_014_real,gsm8k,middle,real_route_replay,1489,45,19,real,33.08888888888889,1,494,3.029988672820829,down_active_prebuilt,6,0.20825600624084473
case_014_real,gsm8k,middle,real_route_replay,1489,45,19,real,33.08888888888889,1,494,3.029988672820829,down_active_prebuilt,7,0.207519993185997
case_014_real,gsm8k,middle,real_route_replay,1489,45,19,real,33.08888888888889,1,494,3.029988672820829,down_active_prebuilt,8,0.21782399713993073
case_014_real,gsm8k,middle,real_route_replay,1489,45,19,real,33.08888888888889,1,494,3.029988672820829,down_active_prebuilt,9,0.21545599400997162
case_014_real,gsm8k,middle,real_route_replay,1489,45,19,real,33.08888888888889,1,494,3.029988672820829,down_active_prebuilt,10,0.2149759978055954
case_014_real,gsm8k,middle,real_route_replay,1489,45,19,real,33.08888888888889,1,494,3.029988672820829,down_active_prebuilt,11,0.21648000180721283
case_014_real,gsm8k,middle,real_route_replay,1489,45,19,real,33.08888888888889,1,494,3.029988672820829,down_active_prebuilt,12,0.21536000072956085
case_014_real,gsm8k,middle,real_route_replay,1489,45,19,real,33.08888888888889,1,494,3.029988672820829,down_active_prebuilt,13,0.218176007270813
case_014_real,gsm8k,middle,real_route_replay,1489,45,19,real,33.08888888888889,1,494,3.029988672820829,down_active_prebuilt,14,0.22323200106620789
case_014_real,gsm8k,middle,real_route_replay,1489,45,19,real,33.08888888888889,1,494,3.029988672820829,down_active_prebuilt,15,0.21545599400997162
case_014_real,gsm8k,middle,real_route_replay,1489,45,19,real,33.08888888888889,1,494,3.029988672820829,down_active_prebuilt,16,0.2075520008802414
case_014_real,gsm8k,middle,real_route_replay,1489,45,19,real,33.08888888888889,1,494,3.029988672820829,down_active_prebuilt,17,0.2056960016489029
case_014_real,gsm8k,middle,real_route_replay,1489,45,19,real,33.08888888888889,1,494,3.029988672820829,down_active_prebuilt,18,0.207519993185997
case_014_real,gsm8k,middle,real_route_replay,1489,45,19,real,33.08888888888889,1,494,3.029988672820829,down_active_prebuilt,19,0.2043199986219406
case_014_real,gsm8k,middle,real_route_replay,1489,45,19,real,33.08888888888889,1,494,3.029988672820829,down_active_prebuilt,20,0.20390400290489197
case_014_real,gsm8k,middle,real_route_replay,1489,45,19,real,33.08888888888889,1,494,3.029988672820829,down_active_prebuilt,21,0.20476800203323364
case_014_real,gsm8k,middle,real_route_replay,1489,45,19,real,33.08888888888889,1,494,3.029988672820829,down_active_prebuilt,22,0.2048639953136444
case_014_real,gsm8k,middle,real_route_replay,1489,45,19,real,33.08888888888889,1,494,3.029988672820829,down_active_prebuilt,23,0.2059520035982132
case_014_real,gsm8k,middle,real_route_replay,1489,45,19,real,33.08888888888889,1,494,3.029988672820829,down_active_prebuilt,24,0.20479999482631683
case_014_real,gsm8k,middle,real_route_replay,1489,45,19,real,33.08888888888889,1,494,3.029988672820829,down_active_prebuilt,25,0.20723199844360352
case_014_real,gsm8k,middle,real_route_replay,1489,45,19,real,33.08888888888889,1,494,3.029988672820829,down_active_prebuilt,26,0.2048639953136444
case_014_real,gsm8k,middle,real_route_replay,1489,45,19,real,33.08888888888889,1,494,3.029988672820829,down_active_prebuilt,27,0.2088640034198761
case_014_real,gsm8k,middle,real_route_replay,1489,45,19,real,33.08888888888889,1,494,3.029988672820829,down_active_prebuilt,28,0.20768000185489655
case_014_real,gsm8k,middle,real_route_replay,1489,45,19,real,33.08888888888889,1,494,3.029988672820829,down_active_prebuilt,29,0.20793600380420685
case_014_real,gsm8k,middle,real_route_replay,1489,45,19,real,33.08888888888889,1,494,3.029988672820829,down_active_prebuilt,30,0.20479999482631683
case_014_real,gsm8k,middle,real_route_replay,1489,45,19,real,33.08888888888889,1,494,3.029988672820829,down_active_prebuilt,31,0.2046079933643341
case_014_real,gsm8k,middle,real_route_replay,1489,45,19,real,33.08888888888889,1,494,3.029988672820829,down_active_prebuilt,32,0.20387199521064758
case_014_real,gsm8k,middle,real_route_replay,1489,45,19,real,33.08888888888889,1,494,3.029988672820829,down_active_prebuilt,33,0.2056639939546585
case_014_real,gsm8k,middle,real_route_replay,1489,45,19,real,33.08888888888889,1,494,3.029988672820829,down_active_prebuilt,34,0.20342400670051575
case_014_real,gsm8k,middle,real_route_replay,1489,45,19,real,33.08888888888889,1,494,3.029988672820829,down_active_prebuilt,35,0.20348800718784332
case_014_real,gsm8k,middle,real_route_replay,1489,45,19,real,33.08888888888889,1,494,3.029988672820829,down_active_prebuilt,36,0.20419199764728546
case_014_real,gsm8k,middle,real_route_replay,1489,45,19,real,33.08888888888889,1,494,3.029988672820829,down_active_prebuilt,37,0.20508800446987152
case_014_real,gsm8k,middle,real_route_replay,1489,45,19,real,33.08888888888889,1,494,3.029988672820829,down_active_prebuilt,38,0.2043839991092682
case_014_real,gsm8k,middle,real_route_replay,1489,45,19,real,33.08888888888889,1,494,3.029988672820829,down_active_prebuilt,39,0.20742399990558624
case_014_real,gsm8k,middle,real_route_replay,1489,45,19,real,33.08888888888889,1,494,3.029988672820829,swiglu,0,0.03286400064826012
case_014_real,gsm8k,middle,real_route_replay,1489,45,19,real,33.08888888888889,1,494,3.029988672820829,swiglu,1,0.033055998384952545
case_014_real,gsm8k,middle,real_route_replay,1489,45,19,real,33.08888888888889,1,494,3.029988672820829,swiglu,2,0.03356799855828285
case_014_real,gsm8k,middle,real_route_replay,1489,45,19,real,33.08888888888889,1,494,3.029988672820829,swiglu,3,0.03209599852561951
case_014_real,gsm8k,middle,real_route_replay,1489,45,19,real,33.08888888888889,1,494,3.029988672820829,swiglu,4,0.031039999797940254
case_014_real,gsm8k,middle,real_route_replay,1489,45,19,real,33.08888888888889,1,494,3.029988672820829,swiglu,5,0.03136000037193298
case_014_real,gsm8k,middle,real_route_replay,1489,45,19,real,33.08888888888889,1,494,3.029988672820829,swiglu,6,0.03561599925160408
case_014_real,gsm8k,middle,real_route_replay,1489,45,19,real,33.08888888888889,1,494,3.029988672820829,swiglu,7,0.03359999880194664
case_014_real,gsm8k,middle,real_route_replay,1489,45,19,real,33.08888888888889,1,494,3.029988672820829,swiglu,8,0.03811199963092804
case_014_real,gsm8k,middle,real_route_replay,1489,45,19,real,33.08888888888889,1,494,3.029988672820829,swiglu,9,0.03280000016093254
case_014_real,gsm8k,middle,real_route_replay,1489,45,19,real,33.08888888888889,1,494,3.029988672820829,swiglu,10,0.03177599981427193
case_014_real,gsm8k,middle,real_route_replay,1489,45,19,real,33.08888888888889,1,494,3.029988672820829,swiglu,11,0.03155200183391571
case_014_real,gsm8k,middle,real_route_replay,1489,45,19,real,33.08888888888889,1,494,3.029988672820829,swiglu,12,0.0326399989426136
case_014_real,gsm8k,middle,real_route_replay,1489,45,19,real,33.08888888888889,1,494,3.029988672820829,swiglu,13,0.03248000144958496
case_014_real,gsm8k,middle,real_route_replay,1489,45,19,real,33.08888888888889,1,494,3.029988672820829,swiglu,14,0.0360959991812706
case_014_real,gsm8k,middle,real_route_replay,1489,45,19,real,33.08888888888889,1,494,3.029988672820829,swiglu,15,0.032575998455286026
case_014_real,gsm8k,middle,real_route_replay,1489,45,19,real,33.08888888888889,1,494,3.029988672820829,swiglu,16,0.033440001308918
case_014_real,gsm8k,middle,real_route_replay,1489,45,19,real,33.08888888888889,1,494,3.029988672820829,swiglu,17,0.03219199925661087
case_014_real,gsm8k,middle,real_route_replay,1489,45,19,real,33.08888888888889,1,494,3.029988672820829,swiglu,18,0.03468799963593483
case_014_real,gsm8k,middle,real_route_replay,1489,45,19,real,33.08888888888889,1,494,3.029988672820829,swiglu,19,0.03551999852061272
case_014_real,gsm8k,middle,real_route_replay,1489,45,19,real,33.08888888888889,1,494,3.029988672820829,swiglu,20,0.03465599939227104
case_014_real,gsm8k,middle,real_route_replay,1489,45,19,real,33.08888888888889,1,494,3.029988672820829,swiglu,21,0.02751999907195568
case_014_real,gsm8k,middle,real_route_replay,1489,45,19,real,33.08888888888889,1,494,3.029988672820829,swiglu,22,0.02316799946129322
case_014_real,gsm8k,middle,real_route_replay,1489,45,19,real,33.08888888888889,1,494,3.029988672820829,swiglu,23,0.02143999934196472
case_014_real,gsm8k,middle,real_route_replay,1489,45,19,real,33.08888888888889,1,494,3.029988672820829,swiglu,24,0.021376000717282295
case_014_real,gsm8k,middle,real_route_replay,1489,45,19,real,33.08888888888889,1,494,3.029988672820829,swiglu,25,0.02208000048995018
case_014_real,gsm8k,middle,real_route_replay,1489,45,19,real,33.08888888888889,1,494,3.029988672820829,swiglu,26,0.021376000717282295
case_014_real,gsm8k,middle,real_route_replay,1489,45,19,real,33.08888888888889,1,494,3.029988672820829,swiglu,27,0.023711999878287315
case_014_real,gsm8k,middle,real_route_replay,1489,45,19,real,33.08888888888889,1,494,3.029988672820829,swiglu,28,0.022272000089287758
case_014_real,gsm8k,middle,real_route_replay,1489,45,19,real,33.08888888888889,1,494,3.029988672820829,swiglu,29,0.0225600004196167
case_014_real,gsm8k,middle,real_route_replay,1489,45,19,real,33.08888888888889,1,494,3.029988672820829,swiglu,30,0.021407999098300934
case_014_real,gsm8k,middle,real_route_replay,1489,45,19,real,33.08888888888889,1,494,3.029988672820829,swiglu,31,0.02147199958562851
case_014_real,gsm8k,middle,real_route_replay,1489,45,19,real,33.08888888888889,1,494,3.029988672820829,swiglu,32,0.020576000213623047
case_014_real,gsm8k,middle,real_route_replay,1489,45,19,real,33.08888888888889,1,494,3.029988672820829,swiglu,33,0.034912001341581345
case_014_real,gsm8k,middle,real_route_replay,1489,45,19,real,33.08888888888889,1,494,3.029988672820829,swiglu,34,0.024032000452280045
case_014_real,gsm8k,middle,real_route_replay,1489,45,19,real,33.08888888888889,1,494,3.029988672820829,swiglu,35,0.020767999812960625
case_014_real,gsm8k,middle,real_route_replay,1489,45,19,real,33.08888888888889,1,494,3.029988672820829,swiglu,36,0.020416000857949257
case_014_real,gsm8k,middle,real_route_replay,1489,45,19,real,33.08888888888889,1,494,3.029988672820829,swiglu,37,0.021056000143289566
case_014_real,gsm8k,middle,real_route_replay,1489,45,19,real,33.08888888888889,1,494,3.029988672820829,swiglu,38,0.020416000857949257
case_014_real,gsm8k,middle,real_route_replay,1489,45,19,real,33.08888888888889,1,494,3.029988672820829,swiglu,39,0.02409599907696247
case_014_real,gsm8k,middle,real_route_replay,1489,45,19,real,33.08888888888889,1,494,3.029988672820829,gate_up_full64_prebuilt,0,0.343423992395401
case_014_real,gsm8k,middle,real_route_replay,1489,45,19,real,33.08888888888889,1,494,3.029988672820829,gate_up_full64_prebuilt,1,0.3306240141391754
case_014_real,gsm8k,middle,real_route_replay,1489,45,19,real,33.08888888888889,1,494,3.029988672820829,gate_up_full64_prebuilt,2,0.3285120129585266
case_014_real,gsm8k,middle,real_route_replay,1489,45,19,real,33.08888888888889,1,494,3.029988672820829,gate_up_full64_prebuilt,3,0.3272959887981415
case_014_real,gsm8k,middle,real_route_replay,1489,45,19,real,33.08888888888889,1,494,3.029988672820829,gate_up_full64_prebuilt,4,0.3245759904384613
case_014_real,gsm8k,middle,real_route_replay,1489,45,19,real,33.08888888888889,1,494,3.029988672820829,gate_up_full64_prebuilt,5,0.3245759904384613
case_014_real,gsm8k,middle,real_route_replay,1489,45,19,real,33.08888888888889,1,494,3.029988672820829,gate_up_full64_prebuilt,6,0.32790398597717285
case_014_real,gsm8k,middle,real_route_replay,1489,45,19,real,33.08888888888889,1,494,3.029988672820829,gate_up_full64_prebuilt,7,0.3279680013656616
case_014_real,gsm8k,middle,real_route_replay,1489,45,19,real,33.08888888888889,1,494,3.029988672820829,gate_up_full64_prebuilt,8,0.3256640136241913
case_014_real,gsm8k,middle,real_route_replay,1489,45,19,real,33.08888888888889,1,494,3.029988672820829,gate_up_full64_prebuilt,9,0.32998400926589966
case_014_real,gsm8k,middle,real_route_replay,1489,45,19,real,33.08888888888889,1,494,3.029988672820829,gate_up_full64_prebuilt,10,0.32867199182510376
case_014_real,gsm8k,middle,real_route_replay,1489,45,19,real,33.08888888888889,1,494,3.029988672820829,gate_up_full64_prebuilt,11,0.33027198910713196
case_014_real,gsm8k,middle,real_route_replay,1489,45,19,real,33.08888888888889,1,494,3.029988672820829,gate_up_full64_prebuilt,12,0.32758399844169617
case_014_real,gsm8k,middle,real_route_replay,1489,45,19,real,33.08888888888889,1,494,3.029988672820829,gate_up_full64_prebuilt,13,0.32678401470184326
case_014_real,gsm8k,middle,real_route_replay,1489,45,19,real,33.08888888888889,1,494,3.029988672820829,gate_up_full64_prebuilt,14,0.32739201188087463
case_014_real,gsm8k,middle,real_route_replay,1489,45,19,real,33.08888888888889,1,494,3.029988672820829,gate_up_full64_prebuilt,15,0.32652801275253296
case_014_real,gsm8k,middle,real_route_replay,1489,45,19,real,33.08888888888889,1,494,3.029988672820829,gate_up_full64_prebuilt,16,0.3269760012626648
case_014_real,gsm8k,middle,real_route_replay,1489,45,19,real,33.08888888888889,1,494,3.029988672820829,gate_up_full64_prebuilt,17,0.32688000798225403
case_014_real,gsm8k,middle,real_route_replay,1489,45,19,real,33.08888888888889,1,494,3.029988672820829,gate_up_full64_prebuilt,18,0.32579201459884644
case_014_real,gsm8k,middle,real_route_replay,1489,45,19,real,33.08888888888889,1,494,3.029988672820829,gate_up_full64_prebuilt,19,0.32969599962234497
case_014_real,gsm8k,middle,real_route_replay,1489,45,19,real,33.08888888888889,1,494,3.029988672820829,gate_up_full64_prebuilt,20,0.32396799325942993
case_014_real,gsm8k,middle,real_route_replay,1489,45,19,real,33.08888888888889,1,494,3.029988672820829,gate_up_full64_prebuilt,21,0.326911985874176
case_014_real,gsm8k,middle,real_route_replay,1489,45,19,real,33.08888888888889,1,494,3.029988672820829,gate_up_full64_prebuilt,22,0.32787200808525085
case_014_real,gsm8k,middle,real_route_replay,1489,45,19,real,33.08888888888889,1,494,3.029988672820829,gate_up_full64_prebuilt,23,0.32684800028800964
case_014_real,gsm8k,middle,real_route_replay,1489,45,19,real,33.08888888888889,1,494,3.029988672820829,gate_up_full64_prebuilt,24,0.3301759958267212
case_014_real,gsm8k,middle,real_route_replay,1489,45,19,real,33.08888888888889,1,494,3.029988672820829,gate_up_full64_prebuilt,25,0.32841598987579346
case_014_real,gsm8k,middle,real_route_replay,1489,45,19,real,33.08888888888889,1,494,3.029988672820829,gate_up_full64_prebuilt,26,0.3275519907474518
case_014_real,gsm8k,middle,real_route_replay,1489,45,19,real,33.08888888888889,1,494,3.029988672820829,gate_up_full64_prebuilt,27,0.32864001393318176
case_014_real,gsm8k,middle,real_route_replay,1489,45,19,real,33.08888888888889,1,494,3.029988672820829,gate_up_full64_prebuilt,28,0.32521599531173706
case_014_real,gsm8k,middle,real_route_replay,1489,45,19,real,33.08888888888889,1,494,3.029988672820829,gate_up_full64_prebuilt,29,0.3286080062389374
case_014_real,gsm8k,middle,real_route_replay,1489,45,19,real,33.08888888888889,1,494,3.029988672820829,gate_up_full64_prebuilt,30,0.3264319896697998
case_014_real,gsm8k,middle,real_route_replay,1489,45,19,real,33.08888888888889,1,494,3.029988672820829,gate_up_full64_prebuilt,31,0.3277119994163513
case_014_real,gsm8k,middle,real_route_replay,1489,45,19,real,33.08888888888889,1,494,3.029988672820829,gate_up_full64_prebuilt,32,0.3359360098838806
case_014_real,gsm8k,middle,real_route_replay,1489,45,19,real,33.08888888888889,1,494,3.029988672820829,gate_up_full64_prebuilt,33,0.33052799105644226
case_014_real,gsm8k,middle,real_route_replay,1489,45,19,real,33.08888888888889,1,494,3.029988672820829,gate_up_full64_prebuilt,34,0.3259519934654236
case_014_real,gsm8k,middle,real_route_replay,1489,45,19,real,33.08888888888889,1,494,3.029988672820829,gate_up_full64_prebuilt,35,0.32655999064445496
case_014_real,gsm8k,middle,real_route_replay,1489,45,19,real,33.08888888888889,1,494,3.029988672820829,gate_up_full64_prebuilt,36,0.33030399680137634
case_014_real,gsm8k,middle,real_route_replay,1489,45,19,real,33.08888888888889,1,494,3.029988672820829,gate_up_full64_prebuilt,37,0.3389759957790375
case_014_real,gsm8k,middle,real_route_replay,1489,45,19,real,33.08888888888889,1,494,3.029988672820829,gate_up_full64_prebuilt,38,0.3352319896221161
case_014_real,gsm8k,middle,real_route_replay,1489,45,19,real,33.08888888888889,1,494,3.029988672820829,gate_up_full64_prebuilt,39,0.33657601475715637
case_014_real,gsm8k,middle,real_route_replay,1489,45,19,real,33.08888888888889,1,494,3.029988672820829,down_full64_prebuilt,0,0.2086080014705658
case_014_real,gsm8k,middle,real_route_replay,1489,45,19,real,33.08888888888889,1,494,3.029988672820829,down_full64_prebuilt,1,0.20534400641918182
case_014_real,gsm8k,middle,real_route_replay,1489,45,19,real,33.08888888888889,1,494,3.029988672820829,down_full64_prebuilt,2,0.2072640061378479
case_014_real,gsm8k,middle,real_route_replay,1489,45,19,real,33.08888888888889,1,494,3.029988672820829,down_full64_prebuilt,3,0.2048639953136444
case_014_real,gsm8k,middle,real_route_replay,1489,45,19,real,33.08888888888889,1,494,3.029988672820829,down_full64_prebuilt,4,0.212351992726326
case_014_real,gsm8k,middle,real_route_replay,1489,45,19,real,33.08888888888889,1,494,3.029988672820829,down_full64_prebuilt,5,0.20419199764728546
case_014_real,gsm8k,middle,real_route_replay,1489,45,19,real,33.08888888888889,1,494,3.029988672820829,down_full64_prebuilt,6,0.20496000349521637
case_014_real,gsm8k,middle,real_route_replay,1489,45,19,real,33.08888888888889,1,494,3.029988672820829,down_full64_prebuilt,7,0.20787200331687927
case_014_real,gsm8k,middle,real_route_replay,1489,45,19,real,33.08888888888889,1,494,3.029988672820829,down_full64_prebuilt,8,0.2069759964942932
case_014_real,gsm8k,middle,real_route_replay,1489,45,19,real,33.08888888888889,1,494,3.029988672820829,down_full64_prebuilt,9,0.20604799687862396
case_014_real,gsm8k,middle,real_route_replay,1489,45,19,real,33.08888888888889,1,494,3.029988672820829,down_full64_prebuilt,10,0.20803199708461761
case_014_real,gsm8k,middle,real_route_replay,1489,45,19,real,33.08888888888889,1,494,3.029988672820829,down_full64_prebuilt,11,0.20614400506019592
case_014_real,gsm8k,middle,real_route_replay,1489,45,19,real,33.08888888888889,1,494,3.029988672820829,down_full64_prebuilt,12,0.20774400234222412
case_014_real,gsm8k,middle,real_route_replay,1489,45,19,real,33.08888888888889,1,494,3.029988672820829,down_full64_prebuilt,13,0.2096959948539734
case_014_real,gsm8k,middle,real_route_replay,1489,45,19,real,33.08888888888889,1,494,3.029988672820829,down_full64_prebuilt,14,0.20768000185489655
case_014_real,gsm8k,middle,real_route_replay,1489,45,19,real,33.08888888888889,1,494,3.029988672820829,down_full64_prebuilt,15,0.20572799444198608
case_014_real,gsm8k,middle,real_route_replay,1489,45,19,real,33.08888888888889,1,494,3.029988672820829,down_full64_prebuilt,16,0.20924800634384155
case_014_real,gsm8k,middle,real_route_replay,1489,45,19,real,33.08888888888889,1,494,3.029988672820829,down_full64_prebuilt,17,0.21052800118923187
case_014_real,gsm8k,middle,real_route_replay,1489,45,19,real,33.08888888888889,1,494,3.029988672820829,down_full64_prebuilt,18,0.21305599808692932
case_014_real,gsm8k,middle,real_route_replay,1489,45,19,real,33.08888888888889,1,494,3.029988672820829,down_full64_prebuilt,19,0.2126079946756363
case_014_real,gsm8k,middle,real_route_replay,1489,45,19,real,33.08888888888889,1,494,3.029988672820829,down_full64_prebuilt,20,0.21193599700927734
case_014_real,gsm8k,middle,real_route_replay,1489,45,19,real,33.08888888888889,1,494,3.029988672820829,down_full64_prebuilt,21,0.21353599429130554
case_014_real,gsm8k,middle,real_route_replay,1489,45,19,real,33.08888888888889,1,494,3.029988672820829,down_full64_prebuilt,22,0.21110400557518005
case_014_real,gsm8k,middle,real_route_replay,1489,45,19,real,33.08888888888889,1,494,3.029988672820829,down_full64_prebuilt,23,0.21516799926757812
case_014_real,gsm8k,middle,real_route_replay,1489,45,19,real,33.08888888888889,1,494,3.029988672820829,down_full64_prebuilt,24,0.21779200434684753
case_014_real,gsm8k,middle,real_route_replay,1489,45,19,real,33.08888888888889,1,494,3.029988672820829,down_full64_prebuilt,25,0.20880000293254852
case_014_real,gsm8k,middle,real_route_replay,1489,45,19,real,33.08888888888889,1,494,3.029988672820829,down_full64_prebuilt,26,0.20822399854660034
case_014_real,gsm8k,middle,real_route_replay,1489,45,19,real,33.08888888888889,1,494,3.029988672820829,down_full64_prebuilt,27,0.2072959989309311
case_014_real,gsm8k,middle,real_route_replay,1489,45,19,real,33.08888888888889,1,494,3.029988672820829,down_full64_prebuilt,28,0.2043839991092682
case_014_real,gsm8k,middle,real_route_replay,1489,45,19,real,33.08888888888889,1,494,3.029988672820829,down_full64_prebuilt,29,0.2059520035982132
case_014_real,gsm8k,middle,real_route_replay,1489,45,19,real,33.08888888888889,1,494,3.029988672820829,down_full64_prebuilt,30,0.2072959989309311
case_014_real,gsm8k,middle,real_route_replay,1489,45,19,real,33.08888888888889,1,494,3.029988672820829,down_full64_prebuilt,31,0.20927999913692474
case_014_real,gsm8k,middle,real_route_replay,1489,45,19,real,33.08888888888889,1,494,3.029988672820829,down_full64_prebuilt,32,0.20454399287700653
case_014_real,gsm8k,middle,real_route_replay,1489,45,19,real,33.08888888888889,1,494,3.029988672820829,down_full64_prebuilt,33,0.20448000729084015
case_014_real,gsm8k,middle,real_route_replay,1489,45,19,real,33.08888888888889,1,494,3.029988672820829,down_full64_prebuilt,34,0.2054399996995926
case_014_real,gsm8k,middle,real_route_replay,1489,45,19,real,33.08888888888889,1,494,3.029988672820829,down_full64_prebuilt,35,0.20732800662517548
case_014_real,gsm8k,middle,real_route_replay,1489,45,19,real,33.08888888888889,1,494,3.029988672820829,down_full64_prebuilt,36,0.20396800339221954
case_014_real,gsm8k,middle,real_route_replay,1489,45,19,real,33.08888888888889,1,494,3.029988672820829,down_full64_prebuilt,37,0.2038400024175644
case_014_real,gsm8k,middle,real_route_replay,1489,45,19,real,33.08888888888889,1,494,3.029988672820829,down_full64_prebuilt,38,0.20419199764728546
case_014_real,gsm8k,middle,real_route_replay,1489,45,19,real,33.08888888888889,1,494,3.029988672820829,down_full64_prebuilt,39,0.20492799580097198
case_014_real,gsm8k,middle,real_route_replay,1489,45,19,real,33.08888888888889,1,494,3.029988672820829,gate_up_active_prebuilt,0,0.32716798782348633
case_014_real,gsm8k,middle,real_route_replay,1489,45,19,real,33.08888888888889,1,494,3.029988672820829,gate_up_active_prebuilt,1,0.32969599962234497
case_014_real,gsm8k,middle,real_route_replay,1489,45,19,real,33.08888888888889,1,494,3.029988672820829,gate_up_active_prebuilt,2,0.3253760039806366
case_014_real,gsm8k,middle,real_route_replay,1489,45,19,real,33.08888888888889,1,494,3.029988672820829,gate_up_active_prebuilt,3,0.3256640136241913
case_014_real,gsm8k,middle,real_route_replay,1489,45,19,real,33.08888888888889,1,494,3.029988672820829,gate_up_active_prebuilt,4,0.32972800731658936
case_014_real,gsm8k,middle,real_route_replay,1489,45,19,real,33.08888888888889,1,494,3.029988672820829,gate_up_active_prebuilt,5,0.32975998520851135
case_014_real,gsm8k,middle,real_route_replay,1489,45,19,real,33.08888888888889,1,494,3.029988672820829,gate_up_active_prebuilt,6,0.32979199290275574
case_014_real,gsm8k,middle,real_route_replay,1489,45,19,real,33.08888888888889,1,494,3.029988672820829,gate_up_active_prebuilt,7,0.32688000798225403
case_014_real,gsm8k,middle,real_route_replay,1489,45,19,real,33.08888888888889,1,494,3.029988672820829,gate_up_active_prebuilt,8,0.32758399844169617
case_014_real,gsm8k,middle,real_route_replay,1489,45,19,real,33.08888888888889,1,494,3.029988672820829,gate_up_active_prebuilt,9,0.32742398977279663
case_014_real,gsm8k,middle,real_route_replay,1489,45,19,real,33.08888888888889,1,494,3.029988672820829,gate_up_active_prebuilt,10,0.3264960050582886
case_014_real,gsm8k,middle,real_route_replay,1489,45,19,real,33.08888888888889,1,494,3.029988672820829,gate_up_active_prebuilt,11,0.32870399951934814
case_014_real,gsm8k,middle,real_route_replay,1489,45,19,real,33.08888888888889,1,494,3.029988672820829,gate_up_active_prebuilt,12,0.3255999982357025
case_014_real,gsm8k,middle,real_route_replay,1489,45,19,real,33.08888888888889,1,494,3.029988672820829,gate_up_active_prebuilt,13,0.32655999064445496
case_014_real,gsm8k,middle,real_route_replay,1489,45,19,real,33.08888888888889,1,494,3.029988672820829,gate_up_active_prebuilt,14,0.3280960023403168
case_014_real,gsm8k,middle,real_route_replay,1489,45,19,real,33.08888888888889,1,494,3.029988672820829,gate_up_active_prebuilt,15,0.3277119994163513
case_014_real,gsm8k,middle,real_route_replay,1489,45,19,real,33.08888888888889,1,494,3.029988672820829,gate_up_active_prebuilt,16,0.32927998900413513
case_014_real,gsm8k,middle,real_route_replay,1489,45,19,real,33.08888888888889,1,494,3.029988672820829,gate_up_active_prebuilt,17,0.3303680121898651
case_014_real,gsm8k,middle,real_route_replay,1489,45,19,real,33.08888888888889,1,494,3.029988672820829,gate_up_active_prebuilt,18,0.33030399680137634
case_014_real,gsm8k,middle,real_route_replay,1489,45,19,real,33.08888888888889,1,494,3.029988672820829,gate_up_active_prebuilt,19,0.3298560082912445
case_014_real,gsm8k,middle,real_route_replay,1489,45,19,real,33.08888888888889,1,494,3.029988672820829,gate_up_active_prebuilt,20,0.33404800295829773
case_014_real,gsm8k,middle,real_route_replay,1489,45,19,real,33.08888888888889,1,494,3.029988672820829,gate_up_active_prebuilt,21,0.33535999059677124
case_014_real,gsm8k,middle,real_route_replay,1489,45,19,real,33.08888888888889,1,494,3.029988672820829,gate_up_active_prebuilt,22,0.332832008600235
case_014_real,gsm8k,middle,real_route_replay,1489,45,19,real,33.08888888888889,1,494,3.029988672820829,gate_up_active_prebuilt,23,0.34678399562835693
case_014_real,gsm8k,middle,real_route_replay,1489,45,19,real,33.08888888888889,1,494,3.029988672820829,gate_up_active_prebuilt,24,0.3362559974193573
case_014_real,gsm8k,middle,real_route_replay,1489,45,19,real,33.08888888888889,1,494,3.029988672820829,gate_up_active_prebuilt,25,0.3295679986476898
case_014_real,gsm8k,middle,real_route_replay,1489,45,19,real,33.08888888888889,1,494,3.029988672820829,gate_up_active_prebuilt,26,0.3293440043926239
case_014_real,gsm8k,middle,real_route_replay,1489,45,19,real,33.08888888888889,1,494,3.029988672820829,gate_up_active_prebuilt,27,0.32422399520874023
case_014_real,gsm8k,middle,real_route_replay,1489,45,19,real,33.08888888888889,1,494,3.029988672820829,gate_up_active_prebuilt,28,0.3304319977760315
case_014_real,gsm8k,middle,real_route_replay,1489,45,19,real,33.08888888888889,1,494,3.029988672820829,gate_up_active_prebuilt,29,0.3288320004940033
case_014_real,gsm8k,middle,real_route_replay,1489,45,19,real,33.08888888888889,1,494,3.029988672820829,gate_up_active_prebuilt,30,0.3301120102405548
case_014_real,gsm8k,middle,real_route_replay,1489,45,19,real,33.08888888888889,1,494,3.029988672820829,gate_up_active_prebuilt,31,0.33244800567626953
case_014_real,gsm8k,middle,real_route_replay,1489,45,19,real,33.08888888888889,1,494,3.029988672820829,gate_up_active_prebuilt,32,0.32841598987579346
case_014_real,gsm8k,middle,real_route_replay,1489,45,19,real,33.08888888888889,1,494,3.029988672820829,gate_up_active_prebuilt,33,0.32716798782348633
case_014_real,gsm8k,middle,real_route_replay,1489,45,19,real,33.08888888888889,1,494,3.029988672820829,gate_up_active_prebuilt,34,0.3274880051612854
case_014_real,gsm8k,middle,real_route_replay,1489,45,19,real,33.08888888888889,1,494,3.029988672820829,gate_up_active_prebuilt,35,0.32524800300598145
case_014_real,gsm8k,middle,real_route_replay,1489,45,19,real,33.08888888888889,1,494,3.029988672820829,gate_up_active_prebuilt,36,0.3274880051612854
case_014_real,gsm8k,middle,real_route_replay,1489,45,19,real,33.08888888888889,1,494,3.029988672820829,gate_up_active_prebuilt,37,0.33430400490760803
case_014_real,gsm8k,middle,real_route_replay,1489,45,19,real,33.08888888888889,1,494,3.029988672820829,gate_up_active_prebuilt,38,0.33670398592948914
case_014_real,gsm8k,middle,real_route_replay,1489,45,19,real,33.08888888888889,1,494,3.029988672820829,gate_up_active_prebuilt,39,0.33318400382995605
case_014_real,gsm8k,middle,real_route_replay,1489,45,19,real,33.08888888888889,1,494,3.029988672820829,route_weight,0,0.04118400067090988
case_014_real,gsm8k,middle,real_route_replay,1489,45,19,real,33.08888888888889,1,494,3.029988672820829,route_weight,1,0.029759999364614487
case_014_real,gsm8k,middle,real_route_replay,1489,45,19,real,33.08888888888889,1,494,3.029988672820829,route_weight,2,0.02860799990594387
case_014_real,gsm8k,middle,real_route_replay,1489,45,19,real,33.08888888888889,1,494,3.029988672820829,route_weight,3,0.032416000962257385
case_014_real,gsm8k,middle,real_route_replay,1489,45,19,real,33.08888888888889,1,494,3.029988672820829,route_weight,4,0.02582399919629097
case_014_real,gsm8k,middle,real_route_replay,1489,45,19,real,33.08888888888889,1,494,3.029988672820829,route_weight,5,0.023744000121951103
case_014_real,gsm8k,middle,real_route_replay,1489,45,19,real,33.08888888888889,1,494,3.029988672820829,route_weight,6,0.024000000208616257
case_014_real,gsm8k,middle,real_route_replay,1489,45,19,real,33.08888888888889,1,494,3.029988672820829,route_weight,7,0.023679999634623528
case_014_real,gsm8k,middle,real_route_replay,1489,45,19,real,33.08888888888889,1,494,3.029988672820829,route_weight,8,0.028863999992609024
case_014_real,gsm8k,middle,real_route_replay,1489,45,19,real,33.08888888888889,1,494,3.029988672820829,route_weight,9,0.024288000538945198
case_014_real,gsm8k,middle,real_route_replay,1489,45,19,real,33.08888888888889,1,494,3.029988672820829,route_weight,10,0.023871999233961105
case_014_real,gsm8k,middle,real_route_replay,1489,45,19,real,33.08888888888889,1,494,3.029988672820829,route_weight,11,0.024320000782608986
case_014_real,gsm8k,middle,real_route_replay,1489,45,19,real,33.08888888888889,1,494,3.029988672820829,route_weight,12,0.024768000468611717
case_014_real,gsm8k,middle,real_route_replay,1489,45,19,real,33.08888888888889,1,494,3.029988672820829,route_weight,13,0.023423999547958374
case_014_real,gsm8k,middle,real_route_replay,1489,45,19,real,33.08888888888889,1,494,3.029988672820829,route_weight,14,0.02300800010561943
case_014_real,gsm8k,middle,real_route_replay,1489,45,19,real,33.08888888888889,1,494,3.029988672820829,route_weight,15,0.024288000538945198
case_014_real,gsm8k,middle,real_route_replay,1489,45,19,real,33.08888888888889,1,494,3.029988672820829,route_weight,16,0.024224000051617622
case_014_real,gsm8k,middle,real_route_replay,1489,45,19,real,33.08888888888889,1,494,3.029988672820829,route_weight,17,0.024159999564290047
case_014_real,gsm8k,middle,real_route_replay,1489,45,19,real,33.08888888888889,1,494,3.029988672820829,route_weight,18,0.024032000452280045
case_014_real,gsm8k,middle,real_route_replay,1489,45,19,real,33.08888888888889,1,494,3.029988672820829,route_weight,19,0.024000000208616257
case_014_real,gsm8k,middle,real_route_replay,1489,45,19,real,33.08888888888889,1,494,3.029988672820829,route_weight,20,0.024224000051617622
case_014_real,gsm8k,middle,real_route_replay,1489,45,19,real,33.08888888888889,1,494,3.029988672820829,route_weight,21,0.023711999878287315
case_014_real,gsm8k,middle,real_route_replay,1489,45,19,real,33.08888888888889,1,494,3.029988672820829,route_weight,22,0.02348800003528595
case_014_real,gsm8k,middle,real_route_replay,1489,45,19,real,33.08888888888889,1,494,3.029988672820829,route_weight,23,0.02396799996495247
case_014_real,gsm8k,middle,real_route_replay,1489,45,19,real,33.08888888888889,1,494,3.029988672820829,route_weight,24,0.023231999948620796
case_014_real,gsm8k,middle,real_route_replay,1489,45,19,real,33.08888888888889,1,494,3.029988672820829,route_weight,25,0.02348800003528595
case_014_real,gsm8k,middle,real_route_replay,1489,45,19,real,33.08888888888889,1,494,3.029988672820829,route_weight,26,0.02470399998128414
case_014_real,gsm8k,middle,real_route_replay,1489,45,19,real,33.08888888888889,1,494,3.029988672820829,route_weight,27,0.025696000084280968
case_014_real,gsm8k,middle,real_route_replay,1489,45,19,real,33.08888888888889,1,494,3.029988672820829,route_weight,28,0.024159999564290047
case_014_real,gsm8k,middle,real_route_replay,1489,45,19,real,33.08888888888889,1,494,3.029988672820829,route_weight,29,0.02550400048494339
case_014_real,gsm8k,middle,real_route_replay,1489,45,19,real,33.08888888888889,1,494,3.029988672820829,route_weight,30,0.02425600029528141
case_014_real,gsm8k,middle,real_route_replay,1489,45,19,real,33.08888888888889,1,494,3.029988672820829,route_weight,31,0.022752000018954277
case_014_real,gsm8k,middle,real_route_replay,1489,45,19,real,33.08888888888889,1,494,3.029988672820829,route_weight,32,0.02425600029528141
case_014_real,gsm8k,middle,real_route_replay,1489,45,19,real,33.08888888888889,1,494,3.029988672820829,route_weight,33,0.02412799932062626
case_014_real,gsm8k,middle,real_route_replay,1489,45,19,real,33.08888888888889,1,494,3.029988672820829,route_weight,34,0.024064000695943832
case_014_real,gsm8k,middle,real_route_replay,1489,45,19,real,33.08888888888889,1,494,3.029988672820829,route_weight,35,0.025087999179959297
case_014_real,gsm8k,middle,real_route_replay,1489,45,19,real,33.08888888888889,1,494,3.029988672820829,route_weight,36,0.02425600029528141
case_014_real,gsm8k,middle,real_route_replay,1489,45,19,real,33.08888888888889,1,494,3.029988672820829,route_weight,37,0.024191999807953835
case_014_real,gsm8k,middle,real_route_replay,1489,45,19,real,33.08888888888889,1,494,3.029988672820829,route_weight,38,0.024512000381946564
case_014_real,gsm8k,middle,real_route_replay,1489,45,19,real,33.08888888888889,1,494,3.029988672820829,route_weight,39,0.02284800074994564
case_015_real,humaneval,early,real_route_replay,276,24,40,real,11.5,1,39,0.9294590576709543,gate_up_active_prebuilt,0,0.17318400740623474
case_015_real,humaneval,early,real_route_replay,276,24,40,real,11.5,1,39,0.9294590576709543,gate_up_active_prebuilt,1,0.17299200594425201
case_015_real,humaneval,early,real_route_replay,276,24,40,real,11.5,1,39,0.9294590576709543,gate_up_active_prebuilt,2,0.17129600048065186
case_015_real,humaneval,early,real_route_replay,276,24,40,real,11.5,1,39,0.9294590576709543,gate_up_active_prebuilt,3,0.16969600319862366
case_015_real,humaneval,early,real_route_replay,276,24,40,real,11.5,1,39,0.9294590576709543,gate_up_active_prebuilt,4,0.1712000072002411
case_015_real,humaneval,early,real_route_replay,276,24,40,real,11.5,1,39,0.9294590576709543,gate_up_active_prebuilt,5,0.17334400117397308
case_015_real,humaneval,early,real_route_replay,276,24,40,real,11.5,1,39,0.9294590576709543,gate_up_active_prebuilt,6,0.17983999848365784
case_015_real,humaneval,early,real_route_replay,276,24,40,real,11.5,1,39,0.9294590576709543,gate_up_active_prebuilt,7,0.16787199676036835
case_015_real,humaneval,early,real_route_replay,276,24,40,real,11.5,1,39,0.9294590576709543,gate_up_active_prebuilt,8,0.17241600155830383
case_015_real,humaneval,early,real_route_replay,276,24,40,real,11.5,1,39,0.9294590576709543,gate_up_active_prebuilt,9,0.17430399358272552
case_015_real,humaneval,early,real_route_replay,276,24,40,real,11.5,1,39,0.9294590576709543,gate_up_active_prebuilt,10,0.1745920032262802
case_015_real,humaneval,early,real_route_replay,276,24,40,real,11.5,1,39,0.9294590576709543,gate_up_active_prebuilt,11,0.1783680021762848
case_015_real,humaneval,early,real_route_replay,276,24,40,real,11.5,1,39,0.9294590576709543,gate_up_active_prebuilt,12,0.17580799758434296
case_015_real,humaneval,early,real_route_replay,276,24,40,real,11.5,1,39,0.9294590576709543,gate_up_active_prebuilt,13,0.17961600422859192
case_015_real,humaneval,early,real_route_replay,276,24,40,real,11.5,1,39,0.9294590576709543,gate_up_active_prebuilt,14,0.1791359931230545
case_015_real,humaneval,early,real_route_replay,276,24,40,real,11.5,1,39,0.9294590576709543,gate_up_active_prebuilt,15,0.1786240041255951
case_015_real,humaneval,early,real_route_replay,276,24,40,real,11.5,1,39,0.9294590576709543,gate_up_active_prebuilt,16,0.18012799322605133
case_015_real,humaneval,early,real_route_replay,276,24,40,real,11.5,1,39,0.9294590576709543,gate_up_active_prebuilt,17,0.1759359985589981
case_015_real,humaneval,early,real_route_replay,276,24,40,real,11.5,1,39,0.9294590576709543,gate_up_active_prebuilt,18,0.17478400468826294
case_015_real,humaneval,early,real_route_replay,276,24,40,real,11.5,1,39,0.9294590576709543,gate_up_active_prebuilt,19,0.17324799299240112
case_015_real,humaneval,early,real_route_replay,276,24,40,real,11.5,1,39,0.9294590576709543,gate_up_active_prebuilt,20,0.17423999309539795
case_015_real,humaneval,early,real_route_replay,276,24,40,real,11.5,1,39,0.9294590576709543,gate_up_active_prebuilt,21,0.1775680035352707
case_015_real,humaneval,early,real_route_replay,276,24,40,real,11.5,1,39,0.9294590576709543,gate_up_active_prebuilt,22,0.16927999258041382
case_015_real,humaneval,early,real_route_replay,276,24,40,real,11.5,1,39,0.9294590576709543,gate_up_active_prebuilt,23,0.17241600155830383
case_015_real,humaneval,early,real_route_replay,276,24,40,real,11.5,1,39,0.9294590576709543,gate_up_active_prebuilt,24,0.16937600076198578
case_015_real,humaneval,early,real_route_replay,276,24,40,real,11.5,1,39,0.9294590576709543,gate_up_active_prebuilt,25,0.16707199811935425
case_015_real,humaneval,early,real_route_replay,276,24,40,real,11.5,1,39,0.9294590576709543,gate_up_active_prebuilt,26,0.16732800006866455
case_015_real,humaneval,early,real_route_replay,276,24,40,real,11.5,1,39,0.9294590576709543,gate_up_active_prebuilt,27,0.16835199296474457
case_015_real,humaneval,early,real_route_replay,276,24,40,real,11.5,1,39,0.9294590576709543,gate_up_active_prebuilt,28,0.16972799599170685
case_015_real,humaneval,early,real_route_replay,276,24,40,real,11.5,1,39,0.9294590576709543,gate_up_active_prebuilt,29,0.16940799355506897
case_015_real,humaneval,early,real_route_replay,276,24,40,real,11.5,1,39,0.9294590576709543,gate_up_active_prebuilt,30,0.17110399901866913
case_015_real,humaneval,early,real_route_replay,276,24,40,real,11.5,1,39,0.9294590576709543,gate_up_active_prebuilt,31,0.16784000396728516
case_015_real,humaneval,early,real_route_replay,276,24,40,real,11.5,1,39,0.9294590576709543,gate_up_active_prebuilt,32,0.17177599668502808
case_015_real,humaneval,early,real_route_replay,276,24,40,real,11.5,1,39,0.9294590576709543,gate_up_active_prebuilt,33,0.16803200542926788
case_015_real,humaneval,early,real_route_replay,276,24,40,real,11.5,1,39,0.9294590576709543,gate_up_active_prebuilt,34,0.16867199540138245
case_015_real,humaneval,early,real_route_replay,276,24,40,real,11.5,1,39,0.9294590576709543,gate_up_active_prebuilt,35,0.16976000368595123
case_015_real,humaneval,early,real_route_replay,276,24,40,real,11.5,1,39,0.9294590576709543,gate_up_active_prebuilt,36,0.17049600183963776
case_015_real,humaneval,early,real_route_replay,276,24,40,real,11.5,1,39,0.9294590576709543,gate_up_active_prebuilt,37,0.17231999337673187
case_015_real,humaneval,early,real_route_replay,276,24,40,real,11.5,1,39,0.9294590576709543,gate_up_active_prebuilt,38,0.16991999745368958
case_015_real,humaneval,early,real_route_replay,276,24,40,real,11.5,1,39,0.9294590576709543,gate_up_active_prebuilt,39,0.1700800061225891
case_015_real,humaneval,early,real_route_replay,276,24,40,real,11.5,1,39,0.9294590576709543,gate_up_full64_prebuilt,0,0.17875200510025024
case_015_real,humaneval,early,real_route_replay,276,24,40,real,11.5,1,39,0.9294590576709543,gate_up_full64_prebuilt,1,0.1748799979686737
case_015_real,humaneval,early,real_route_replay,276,24,40,real,11.5,1,39,0.9294590576709543,gate_up_full64_prebuilt,2,0.1759680062532425
case_015_real,humaneval,early,real_route_replay,276,24,40,real,11.5,1,39,0.9294590576709543,gate_up_full64_prebuilt,3,0.1764799952507019
case_015_real,humaneval,early,real_route_replay,276,24,40,real,11.5,1,39,0.9294590576709543,gate_up_full64_prebuilt,4,0.17350399494171143
case_015_real,humaneval,early,real_route_replay,276,24,40,real,11.5,1,39,0.9294590576709543,gate_up_full64_prebuilt,5,0.17878399789333344
case_015_real,humaneval,early,real_route_replay,276,24,40,real,11.5,1,39,0.9294590576709543,gate_up_full64_prebuilt,6,0.17692799866199493
case_015_real,humaneval,early,real_route_replay,276,24,40,real,11.5,1,39,0.9294590576709543,gate_up_full64_prebuilt,7,0.17734399437904358
case_015_real,humaneval,early,real_route_replay,276,24,40,real,11.5,1,39,0.9294590576709543,gate_up_full64_prebuilt,8,0.17830400168895721
case_015_real,humaneval,early,real_route_replay,276,24,40,real,11.5,1,39,0.9294590576709543,gate_up_full64_prebuilt,9,0.17936000227928162
case_015_real,humaneval,early,real_route_replay,276,24,40,real,11.5,1,39,0.9294590576709543,gate_up_full64_prebuilt,10,0.1769919991493225
case_015_real,humaneval,early,real_route_replay,276,24,40,real,11.5,1,39,0.9294590576709543,gate_up_full64_prebuilt,11,0.1770240068435669
case_015_real,humaneval,early,real_route_replay,276,24,40,real,11.5,1,39,0.9294590576709543,gate_up_full64_prebuilt,12,0.17427200078964233
case_015_real,humaneval,early,real_route_replay,276,24,40,real,11.5,1,39,0.9294590576709543,gate_up_full64_prebuilt,13,0.1725119948387146
case_015_real,humaneval,early,real_route_replay,276,24,40,real,11.5,1,39,0.9294590576709543,gate_up_full64_prebuilt,14,0.17228800058364868
case_015_real,humaneval,early,real_route_replay,276,24,40,real,11.5,1,39,0.9294590576709543,gate_up_full64_prebuilt,15,0.17136000096797943
case_015_real,humaneval,early,real_route_replay,276,24,40,real,11.5,1,39,0.9294590576709543,gate_up_full64_prebuilt,16,0.1719679981470108
case_015_real,humaneval,early,real_route_replay,276,24,40,real,11.5,1,39,0.9294590576709543,gate_up_full64_prebuilt,17,0.17183999717235565
case_015_real,humaneval,early,real_route_replay,276,24,40,real,11.5,1,39,0.9294590576709543,gate_up_full64_prebuilt,18,0.16908800601959229
case_015_real,humaneval,early,real_route_replay,276,24,40,real,11.5,1,39,0.9294590576709543,gate_up_full64_prebuilt,19,0.1671999990940094
case_015_real,humaneval,early,real_route_replay,276,24,40,real,11.5,1,39,0.9294590576709543,gate_up_full64_prebuilt,20,0.16582399606704712
case_015_real,humaneval,early,real_route_replay,276,24,40,real,11.5,1,39,0.9294590576709543,gate_up_full64_prebuilt,21,0.16809600591659546
case_015_real,humaneval,early,real_route_replay,276,24,40,real,11.5,1,39,0.9294590576709543,gate_up_full64_prebuilt,22,0.16892799735069275
case_015_real,humaneval,early,real_route_replay,276,24,40,real,11.5,1,39,0.9294590576709543,gate_up_full64_prebuilt,23,0.16870400309562683
case_015_real,humaneval,early,real_route_replay,276,24,40,real,11.5,1,39,0.9294590576709543,gate_up_full64_prebuilt,24,0.16816000640392303
case_015_real,humaneval,early,real_route_replay,276,24,40,real,11.5,1,39,0.9294590576709543,gate_up_full64_prebuilt,25,0.16953599452972412
case_015_real,humaneval,early,real_route_replay,276,24,40,real,11.5,1,39,0.9294590576709543,gate_up_full64_prebuilt,26,0.1664000004529953
case_015_real,humaneval,early,real_route_replay,276,24,40,real,11.5,1,39,0.9294590576709543,gate_up_full64_prebuilt,27,0.1693120002746582
case_015_real,humaneval,early,real_route_replay,276,24,40,real,11.5,1,39,0.9294590576709543,gate_up_full64_prebuilt,28,0.17068800330162048
case_015_real,humaneval,early,real_route_replay,276,24,40,real,11.5,1,39,0.9294590576709543,gate_up_full64_prebuilt,29,0.1727360039949417
case_015_real,humaneval,early,real_route_replay,276,24,40,real,11.5,1,39,0.9294590576709543,gate_up_full64_prebuilt,30,0.16771200299263
case_015_real,humaneval,early,real_route_replay,276,24,40,real,11.5,1,39,0.9294590576709543,gate_up_full64_prebuilt,31,0.16966399550437927
case_015_real,humaneval,early,real_route_replay,276,24,40,real,11.5,1,39,0.9294590576709543,gate_up_full64_prebuilt,32,0.1669439971446991
case_015_real,humaneval,early,real_route_replay,276,24,40,real,11.5,1,39,0.9294590576709543,gate_up_full64_prebuilt,33,0.17827199399471283
case_015_real,humaneval,early,real_route_replay,276,24,40,real,11.5,1,39,0.9294590576709543,gate_up_full64_prebuilt,34,0.17523199319839478
case_015_real,humaneval,early,real_route_replay,276,24,40,real,11.5,1,39,0.9294590576709543,gate_up_full64_prebuilt,35,0.17529599368572235
case_015_real,humaneval,early,real_route_replay,276,24,40,real,11.5,1,39,0.9294590576709543,gate_up_full64_prebuilt,36,0.17529599368572235
case_015_real,humaneval,early,real_route_replay,276,24,40,real,11.5,1,39,0.9294590576709543,gate_up_full64_prebuilt,37,0.17520000040531158
case_015_real,humaneval,early,real_route_replay,276,24,40,real,11.5,1,39,0.9294590576709543,gate_up_full64_prebuilt,38,0.17980800569057465
case_015_real,humaneval,early,real_route_replay,276,24,40,real,11.5,1,39,0.9294590576709543,gate_up_full64_prebuilt,39,0.18486399948596954
case_015_real,humaneval,early,real_route_replay,276,24,40,real,11.5,1,39,0.9294590576709543,down_active_prebuilt,0,0.12220799922943115
case_015_real,humaneval,early,real_route_replay,276,24,40,real,11.5,1,39,0.9294590576709543,down_active_prebuilt,1,0.11462400108575821
case_015_real,humaneval,early,real_route_replay,276,24,40,real,11.5,1,39,0.9294590576709543,down_active_prebuilt,2,0.11612799763679504
case_015_real,humaneval,early,real_route_replay,276,24,40,real,11.5,1,39,0.9294590576709543,down_active_prebuilt,3,0.11500799655914307
case_015_real,humaneval,early,real_route_replay,276,24,40,real,11.5,1,39,0.9294590576709543,down_active_prebuilt,4,0.1133119985461235
case_015_real,humaneval,early,real_route_replay,276,24,40,real,11.5,1,39,0.9294590576709543,down_active_prebuilt,5,0.11260800063610077
case_015_real,humaneval,early,real_route_replay,276,24,40,real,11.5,1,39,0.9294590576709543,down_active_prebuilt,6,0.11852800101041794
case_015_real,humaneval,early,real_route_replay,276,24,40,real,11.5,1,39,0.9294590576709543,down_active_prebuilt,7,0.11593600362539291
case_015_real,humaneval,early,real_route_replay,276,24,40,real,11.5,1,39,0.9294590576709543,down_active_prebuilt,8,0.11168000102043152
case_015_real,humaneval,early,real_route_replay,276,24,40,real,11.5,1,39,0.9294590576709543,down_active_prebuilt,9,0.1128000020980835
case_015_real,humaneval,early,real_route_replay,276,24,40,real,11.5,1,39,0.9294590576709543,down_active_prebuilt,10,0.11168000102043152
case_015_real,humaneval,early,real_route_replay,276,24,40,real,11.5,1,39,0.9294590576709543,down_active_prebuilt,11,0.11590400338172913
case_015_real,humaneval,early,real_route_replay,276,24,40,real,11.5,1,39,0.9294590576709543,down_active_prebuilt,12,0.11392000317573547
case_015_real,humaneval,early,real_route_replay,276,24,40,real,11.5,1,39,0.9294590576709543,down_active_prebuilt,13,0.11481600254774094
case_015_real,humaneval,early,real_route_replay,276,24,40,real,11.5,1,39,0.9294590576709543,down_active_prebuilt,14,0.11046399921178818
case_015_real,humaneval,early,real_route_replay,276,24,40,real,11.5,1,39,0.9294590576709543,down_active_prebuilt,15,0.11292800307273865
case_015_real,humaneval,early,real_route_replay,276,24,40,real,11.5,1,39,0.9294590576709543,down_active_prebuilt,16,0.11129599809646606
case_015_real,humaneval,early,real_route_replay,276,24,40,real,11.5,1,39,0.9294590576709543,down_active_prebuilt,17,0.11315199732780457
case_015_real,humaneval,early,real_route_replay,276,24,40,real,11.5,1,39,0.9294590576709543,down_active_prebuilt,18,0.11068800091743469
case_015_real,humaneval,early,real_route_replay,276,24,40,real,11.5,1,39,0.9294590576709543,down_active_prebuilt,19,0.11308799684047699
case_015_real,humaneval,early,real_route_replay,276,24,40,real,11.5,1,39,0.9294590576709543,down_active_prebuilt,20,0.1101439967751503
case_015_real,humaneval,early,real_route_replay,276,24,40,real,11.5,1,39,0.9294590576709543,down_active_prebuilt,21,0.11219199746847153
case_015_real,humaneval,early,real_route_replay,276,24,40,real,11.5,1,39,0.9294590576709543,down_active_prebuilt,22,0.1117440015077591
case_015_real,humaneval,early,real_route_replay,276,24,40,real,11.5,1,39,0.9294590576709543,down_active_prebuilt,23,0.11337599903345108
case_015_real,humaneval,early,real_route_replay,276,24,40,real,11.5,1,39,0.9294590576709543,down_active_prebuilt,24,0.11132799834012985
case_015_real,humaneval,early,real_route_replay,276,24,40,real,11.5,1,39,0.9294590576709543,down_active_prebuilt,25,0.11184000223875046
case_015_real,humaneval,early,real_route_replay,276,24,40,real,11.5,1,39,0.9294590576709543,down_active_prebuilt,26,0.11123199760913849
case_015_real,humaneval,early,real_route_replay,276,24,40,real,11.5,1,39,0.9294590576709543,down_active_prebuilt,27,0.1101439967751503
case_015_real,humaneval,early,real_route_replay,276,24,40,real,11.5,1,39,0.9294590576709543,down_active_prebuilt,28,0.1151999980211258
case_015_real,humaneval,early,real_route_replay,276,24,40,real,11.5,1,39,0.9294590576709543,down_active_prebuilt,29,0.114656001329422
case_015_real,humaneval,early,real_route_replay,276,24,40,real,11.5,1,39,0.9294590576709543,down_active_prebuilt,30,0.11535999923944473
case_015_real,humaneval,early,real_route_replay,276,24,40,real,11.5,1,39,0.9294590576709543,down_active_prebuilt,31,0.11324799805879593
case_015_real,humaneval,early,real_route_replay,276,24,40,real,11.5,1,39,0.9294590576709543,down_active_prebuilt,32,0.11123199760913849
case_015_real,humaneval,early,real_route_replay,276,24,40,real,11.5,1,39,0.9294590576709543,down_active_prebuilt,33,0.11142399907112122
case_015_real,humaneval,early,real_route_replay,276,24,40,real,11.5,1,39,0.9294590576709543,down_active_prebuilt,34,0.11318399757146835
case_015_real,humaneval,early,real_route_replay,276,24,40,real,11.5,1,39,0.9294590576709543,down_active_prebuilt,35,0.115167997777462
case_015_real,humaneval,early,real_route_replay,276,24,40,real,11.5,1,39,0.9294590576709543,down_active_prebuilt,36,0.11468800157308578
case_015_real,humaneval,early,real_route_replay,276,24,40,real,11.5,1,39,0.9294590576709543,down_active_prebuilt,37,0.11481600254774094
case_015_real,humaneval,early,real_route_replay,276,24,40,real,11.5,1,39,0.9294590576709543,down_active_prebuilt,38,0.11388800293207169
case_015_real,humaneval,early,real_route_replay,276,24,40,real,11.5,1,39,0.9294590576709543,down_active_prebuilt,39,0.11548800021409988
case_015_real,humaneval,early,real_route_replay,276,24,40,real,11.5,1,39,0.9294590576709543,swiglu,0,0.03516799956560135
case_015_real,humaneval,early,real_route_replay,276,24,40,real,11.5,1,39,0.9294590576709543,swiglu,1,0.027615999802947044
case_015_real,humaneval,early,real_route_replay,276,24,40,real,11.5,1,39,0.9294590576709543,swiglu,2,0.023840000852942467
case_015_real,humaneval,early,real_route_replay,276,24,40,real,11.5,1,39,0.9294590576709543,swiglu,3,0.02319999970495701
case_015_real,humaneval,early,real_route_replay,276,24,40,real,11.5,1,39,0.9294590576709543,swiglu,4,0.021376000717282295
case_015_real,humaneval,early,real_route_replay,276,24,40,real,11.5,1,39,0.9294590576709543,swiglu,5,0.02812799997627735
case_015_real,humaneval,early,real_route_replay,276,24,40,real,11.5,1,39,0.9294590576709543,swiglu,6,0.030592000111937523
case_015_real,humaneval,early,real_route_replay,276,24,40,real,11.5,1,39,0.9294590576709543,swiglu,7,0.029632000252604485
case_015_real,humaneval,early,real_route_replay,276,24,40,real,11.5,1,39,0.9294590576709543,swiglu,8,0.029791999608278275
case_015_real,humaneval,early,real_route_replay,276,24,40,real,11.5,1,39,0.9294590576709543,swiglu,9,0.030239999294281006
case_015_real,humaneval,early,real_route_replay,276,24,40,real,11.5,1,39,0.9294590576709543,swiglu,10,0.03324799984693527
case_015_real,humaneval,early,real_route_replay,276,24,40,real,11.5,1,39,0.9294590576709543,swiglu,11,0.032255999743938446
case_015_real,humaneval,early,real_route_replay,276,24,40,real,11.5,1,39,0.9294590576709543,swiglu,12,0.032575998455286026
case_015_real,humaneval,early,real_route_replay,276,24,40,real,11.5,1,39,0.9294590576709543,swiglu,13,0.031168000772595406
case_015_real,humaneval,early,real_route_replay,276,24,40,real,11.5,1,39,0.9294590576709543,swiglu,14,0.03155200183391571
case_015_real,humaneval,early,real_route_replay,276,24,40,real,11.5,1,39,0.9294590576709543,swiglu,15,0.031136000528931618
case_015_real,humaneval,early,real_route_replay,276,24,40,real,11.5,1,39,0.9294590576709543,swiglu,16,0.04009599983692169
case_015_real,humaneval,early,real_route_replay,276,24,40,real,11.5,1,39,0.9294590576709543,swiglu,17,0.0363520011305809
case_015_real,humaneval,early,real_route_replay,276,24,40,real,11.5,1,39,0.9294590576709543,swiglu,18,0.04940799996256828
case_015_real,humaneval,early,real_route_replay,276,24,40,real,11.5,1,39,0.9294590576709543,swiglu,19,0.040832001715898514
case_015_real,humaneval,early,real_route_replay,276,24,40,real,11.5,1,39,0.9294590576709543,swiglu,20,0.033535998314619064
case_015_real,humaneval,early,real_route_replay,276,24,40,real,11.5,1,39,0.9294590576709543,swiglu,21,0.033055998384952545
case_015_real,humaneval,early,real_route_replay,276,24,40,real,11.5,1,39,0.9294590576709543,swiglu,22,0.04009599983692169
case_015_real,humaneval,early,real_route_replay,276,24,40,real,11.5,1,39,0.9294590576709543,swiglu,23,0.03811199963092804
case_015_real,humaneval,early,real_route_replay,276,24,40,real,11.5,1,39,0.9294590576709543,swiglu,24,0.04070400074124336
case_015_real,humaneval,early,real_route_replay,276,24,40,real,11.5,1,39,0.9294590576709543,swiglu,25,0.033663999289274216
case_015_real,humaneval,early,real_route_replay,276,24,40,real,11.5,1,39,0.9294590576709543,swiglu,26,0.03392000123858452
case_015_real,humaneval,early,real_route_replay,276,24,40,real,11.5,1,39,0.9294590576709543,swiglu,27,0.03311999887228012
case_015_real,humaneval,early,real_route_replay,276,24,40,real,11.5,1,39,0.9294590576709543,swiglu,28,0.03315199911594391
case_015_real,humaneval,early,real_route_replay,276,24,40,real,11.5,1,39,0.9294590576709543,swiglu,29,0.03177599981427193
case_015_real,humaneval,early,real_route_replay,276,24,40,real,11.5,1,39,0.9294590576709543,swiglu,30,0.03167999908328056
case_015_real,humaneval,early,real_route_replay,276,24,40,real,11.5,1,39,0.9294590576709543,swiglu,31,0.03235200047492981
case_015_real,humaneval,early,real_route_replay,276,24,40,real,11.5,1,39,0.9294590576709543,swiglu,32,0.03513599932193756
case_015_real,humaneval,early,real_route_replay,276,24,40,real,11.5,1,39,0.9294590576709543,swiglu,33,0.04198399931192398
case_015_real,humaneval,early,real_route_replay,276,24,40,real,11.5,1,39,0.9294590576709543,swiglu,34,0.039264000952243805
case_015_real,humaneval,early,real_route_replay,276,24,40,real,11.5,1,39,0.9294590576709543,swiglu,35,0.03494400158524513
case_015_real,humaneval,early,real_route_replay,276,24,40,real,11.5,1,39,0.9294590576709543,swiglu,36,0.022112000733613968
case_015_real,humaneval,early,real_route_replay,276,24,40,real,11.5,1,39,0.9294590576709543,swiglu,37,0.03596799820661545
case_015_real,humaneval,early,real_route_replay,276,24,40,real,11.5,1,39,0.9294590576709543,swiglu,38,0.03235200047492981
case_015_real,humaneval,early,real_route_replay,276,24,40,real,11.5,1,39,0.9294590576709543,swiglu,39,0.03551999852061272
case_015_real,humaneval,early,real_route_replay,276,24,40,real,11.5,1,39,0.9294590576709543,route_weight,0,0.01775999926030636
case_015_real,humaneval,early,real_route_replay,276,24,40,real,11.5,1,39,0.9294590576709543,route_weight,1,0.01398400031030178
case_015_real,humaneval,early,real_route_replay,276,24,40,real,11.5,1,39,0.9294590576709543,route_weight,2,0.019168000668287277
case_015_real,humaneval,early,real_route_replay,276,24,40,real,11.5,1,39,0.9294590576709543,route_weight,3,0.014368000440299511
case_015_real,humaneval,early,real_route_replay,276,24,40,real,11.5,1,39,0.9294590576709543,route_weight,4,0.013055999763309956
case_015_real,humaneval,early,real_route_replay,276,24,40,real,11.5,1,39,0.9294590576709543,route_weight,5,0.01375999953597784
case_015_real,humaneval,early,real_route_replay,276,24,40,real,11.5,1,39,0.9294590576709543,route_weight,6,0.01539199985563755
case_015_real,humaneval,early,real_route_replay,276,24,40,real,11.5,1,39,0.9294590576709543,route_weight,7,0.015424000099301338
case_015_real,humaneval,early,real_route_replay,276,24,40,real,11.5,1,39,0.9294590576709543,route_weight,8,0.014240000396966934
case_015_real,humaneval,early,real_route_replay,276,24,40,real,11.5,1,39,0.9294590576709543,route_weight,9,0.01321600005030632
case_015_real,humaneval,early,real_route_replay,276,24,40,real,11.5,1,39,0.9294590576709543,route_weight,10,0.013663999736309052
case_015_real,humaneval,early,real_route_replay,276,24,40,real,11.5,1,39,0.9294590576709543,route_weight,11,0.015647999942302704
case_015_real,humaneval,early,real_route_replay,276,24,40,real,11.5,1,39,0.9294590576709543,route_weight,12,0.014015999622642994
case_015_real,humaneval,early,real_route_replay,276,24,40,real,11.5,1,39,0.9294590576709543,route_weight,13,0.013535999692976475
case_015_real,humaneval,early,real_route_replay,276,24,40,real,11.5,1,39,0.9294590576709543,route_weight,14,0.013472000136971474
case_015_real,humaneval,early,real_route_replay,276,24,40,real,11.5,1,39,0.9294590576709543,route_weight,15,0.015072000212967396
case_015_real,humaneval,early,real_route_replay,276,24,40,real,11.5,1,39,0.9294590576709543,route_weight,16,0.013728000223636627
case_015_real,humaneval,early,real_route_replay,276,24,40,real,11.5,1,39,0.9294590576709543,route_weight,17,0.013791999779641628
case_015_real,humaneval,early,real_route_replay,276,24,40,real,11.5,1,39,0.9294590576709543,route_weight,18,0.01408000010997057
case_015_real,humaneval,early,real_route_replay,276,24,40,real,11.5,1,39,0.9294590576709543,route_weight,19,0.013824000023305416
case_015_real,humaneval,early,real_route_replay,276,24,40,real,11.5,1,39,0.9294590576709543,route_weight,20,0.014816000126302242
case_015_real,humaneval,early,real_route_replay,276,24,40,real,11.5,1,39,0.9294590576709543,route_weight,21,0.01500799972563982
case_015_real,humaneval,early,real_route_replay,276,24,40,real,11.5,1,39,0.9294590576709543,route_weight,22,0.014783999882638454
case_015_real,humaneval,early,real_route_replay,276,24,40,real,11.5,1,39,0.9294590576709543,route_weight,23,0.015296000055968761
case_015_real,humaneval,early,real_route_replay,276,24,40,real,11.5,1,39,0.9294590576709543,route_weight,24,0.014720000326633453
case_015_real,humaneval,early,real_route_replay,276,24,40,real,11.5,1,39,0.9294590576709543,route_weight,25,0.014495999552309513
case_015_real,humaneval,early,real_route_replay,276,24,40,real,11.5,1,39,0.9294590576709543,route_weight,26,0.013791999779641628
case_015_real,humaneval,early,real_route_replay,276,24,40,real,11.5,1,39,0.9294590576709543,route_weight,27,0.01414399966597557
case_015_real,humaneval,early,real_route_replay,276,24,40,real,11.5,1,39,0.9294590576709543,route_weight,28,0.013279999606311321
case_015_real,humaneval,early,real_route_replay,276,24,40,real,11.5,1,39,0.9294590576709543,route_weight,29,0.014112000353634357
case_015_real,humaneval,early,real_route_replay,276,24,40,real,11.5,1,39,0.9294590576709543,route_weight,30,0.013952000066637993
case_015_real,humaneval,early,real_route_replay,276,24,40,real,11.5,1,39,0.9294590576709543,route_weight,31,0.013088000006973743
case_015_real,humaneval,early,real_route_replay,276,24,40,real,11.5,1,39,0.9294590576709543,route_weight,32,0.013120000250637531
case_015_real,humaneval,early,real_route_replay,276,24,40,real,11.5,1,39,0.9294590576709543,route_weight,33,0.013663999736309052
case_015_real,humaneval,early,real_route_replay,276,24,40,real,11.5,1,39,0.9294590576709543,route_weight,34,0.012864000163972378
case_015_real,humaneval,early,real_route_replay,276,24,40,real,11.5,1,39,0.9294590576709543,route_weight,35,0.01398400031030178
case_015_real,humaneval,early,real_route_replay,276,24,40,real,11.5,1,39,0.9294590576709543,route_weight,36,0.014431999996304512
case_015_real,humaneval,early,real_route_replay,276,24,40,real,11.5,1,39,0.9294590576709543,route_weight,37,0.01587199978530407
case_015_real,humaneval,early,real_route_replay,276,24,40,real,11.5,1,39,0.9294590576709543,route_weight,38,0.014816000126302242
case_015_real,humaneval,early,real_route_replay,276,24,40,real,11.5,1,39,0.9294590576709543,route_weight,39,0.014592000283300877
case_015_real,humaneval,early,real_route_replay,276,24,40,real,11.5,1,39,0.9294590576709543,down_full64_prebuilt,0,0.11388800293207169
case_015_real,humaneval,early,real_route_replay,276,24,40,real,11.5,1,39,0.9294590576709543,down_full64_prebuilt,1,0.11526399850845337
case_015_real,humaneval,early,real_route_replay,276,24,40,real,11.5,1,39,0.9294590576709543,down_full64_prebuilt,2,0.11379200220108032
case_015_real,humaneval,early,real_route_replay,276,24,40,real,11.5,1,39,0.9294590576709543,down_full64_prebuilt,3,0.11407999694347382
case_015_real,humaneval,early,real_route_replay,276,24,40,real,11.5,1,39,0.9294590576709543,down_full64_prebuilt,4,0.11219199746847153
case_015_real,humaneval,early,real_route_replay,276,24,40,real,11.5,1,39,0.9294590576709543,down_full64_prebuilt,5,0.11363200098276138
case_015_real,humaneval,early,real_route_replay,276,24,40,real,11.5,1,39,0.9294590576709543,down_full64_prebuilt,6,0.11324799805879593
case_015_real,humaneval,early,real_route_replay,276,24,40,real,11.5,1,39,0.9294590576709543,down_full64_prebuilt,7,0.11423999816179276
case_015_real,humaneval,early,real_route_replay,276,24,40,real,11.5,1,39,0.9294590576709543,down_full64_prebuilt,8,0.1125440001487732
case_015_real,humaneval,early,real_route_replay,276,24,40,real,11.5,1,39,0.9294590576709543,down_full64_prebuilt,9,0.11180800199508667
case_015_real,humaneval,early,real_route_replay,276,24,40,real,11.5,1,39,0.9294590576709543,down_full64_prebuilt,10,0.11478400230407715
case_015_real,humaneval,early,real_route_replay,276,24,40,real,11.5,1,39,0.9294590576709543,down_full64_prebuilt,11,0.11392000317573547
case_015_real,humaneval,early,real_route_replay,276,24,40,real,11.5,1,39,0.9294590576709543,down_full64_prebuilt,12,0.11776000261306763
case_015_real,humaneval,early,real_route_replay,276,24,40,real,11.5,1,39,0.9294590576709543,down_full64_prebuilt,13,0.11193600296974182
case_015_real,humaneval,early,real_route_replay,276,24,40,real,11.5,1,39,0.9294590576709543,down_full64_prebuilt,14,0.11184000223875046
case_015_real,humaneval,early,real_route_replay,276,24,40,real,11.5,1,39,0.9294590576709543,down_full64_prebuilt,15,0.11283200234174728
case_015_real,humaneval,early,real_route_replay,276,24,40,real,11.5,1,39,0.9294590576709543,down_full64_prebuilt,16,0.11523199826478958
case_015_real,humaneval,early,real_route_replay,276,24,40,real,11.5,1,39,0.9294590576709543,down_full64_prebuilt,17,0.11366400122642517
case_015_real,humaneval,early,real_route_replay,276,24,40,real,11.5,1,39,0.9294590576709543,down_full64_prebuilt,18,0.11443199962377548
case_015_real,humaneval,early,real_route_replay,276,24,40,real,11.5,1,39,0.9294590576709543,down_full64_prebuilt,19,0.1189119964838028
case_015_real,humaneval,early,real_route_replay,276,24,40,real,11.5,1,39,0.9294590576709543,down_full64_prebuilt,20,0.1175680011510849
case_015_real,humaneval,early,real_route_replay,276,24,40,real,11.5,1,39,0.9294590576709543,down_full64_prebuilt,21,0.12019199877977371
case_015_real,humaneval,early,real_route_replay,276,24,40,real,11.5,1,39,0.9294590576709543,down_full64_prebuilt,22,0.13312000036239624
case_015_real,humaneval,early,real_route_replay,276,24,40,real,11.5,1,39,0.9294590576709543,down_full64_prebuilt,23,0.12387199699878693
case_015_real,humaneval,early,real_route_replay,276,24,40,real,11.5,1,39,0.9294590576709543,down_full64_prebuilt,24,0.12051200121641159
case_015_real,humaneval,early,real_route_replay,276,24,40,real,11.5,1,39,0.9294590576709543,down_full64_prebuilt,25,0.12227199971675873
case_015_real,humaneval,early,real_route_replay,276,24,40,real,11.5,1,39,0.9294590576709543,down_full64_prebuilt,26,0.1231359988451004
case_015_real,humaneval,early,real_route_replay,276,24,40,real,11.5,1,39,0.9294590576709543,down_full64_prebuilt,27,0.12643200159072876
case_015_real,humaneval,early,real_route_replay,276,24,40,real,11.5,1,39,0.9294590576709543,down_full64_prebuilt,28,0.12086399644613266
case_015_real,humaneval,early,real_route_replay,276,24,40,real,11.5,1,39,0.9294590576709543,down_full64_prebuilt,29,0.11369600147008896
case_015_real,humaneval,early,real_route_replay,276,24,40,real,11.5,1,39,0.9294590576709543,down_full64_prebuilt,30,0.11161600053310394
case_015_real,humaneval,early,real_route_replay,276,24,40,real,11.5,1,39,0.9294590576709543,down_full64_prebuilt,31,0.1125440001487732
case_015_real,humaneval,early,real_route_replay,276,24,40,real,11.5,1,39,0.9294590576709543,down_full64_prebuilt,32,0.1125440001487732
case_015_real,humaneval,early,real_route_replay,276,24,40,real,11.5,1,39,0.9294590576709543,down_full64_prebuilt,33,0.11267200112342834
case_015_real,humaneval,early,real_route_replay,276,24,40,real,11.5,1,39,0.9294590576709543,down_full64_prebuilt,34,0.11779200285673141
case_015_real,humaneval,early,real_route_replay,276,24,40,real,11.5,1,39,0.9294590576709543,down_full64_prebuilt,35,0.11539199948310852
case_015_real,humaneval,early,real_route_replay,276,24,40,real,11.5,1,39,0.9294590576709543,down_full64_prebuilt,36,0.11568000167608261
case_015_real,humaneval,early,real_route_replay,276,24,40,real,11.5,1,39,0.9294590576709543,down_full64_prebuilt,37,0.11612799763679504
case_015_real,humaneval,early,real_route_replay,276,24,40,real,11.5,1,39,0.9294590576709543,down_full64_prebuilt,38,0.11264000087976456
case_015_real,humaneval,early,real_route_replay,276,24,40,real,11.5,1,39,0.9294590576709543,down_full64_prebuilt,39,0.11296000331640244
case_016_real,humaneval,early,real_route_replay,1667,44,20,real,37.88636363636363,1,271,1.3240985594254273,gate_up_active_prebuilt,0,0.35158398747444153
case_016_real,humaneval,early,real_route_replay,1667,44,20,real,37.88636363636363,1,271,1.3240985594254273,gate_up_active_prebuilt,1,0.3177280128002167
case_016_real,humaneval,early,real_route_replay,1667,44,20,real,37.88636363636363,1,271,1.3240985594254273,gate_up_active_prebuilt,2,0.31094399094581604
case_016_real,humaneval,early,real_route_replay,1667,44,20,real,37.88636363636363,1,271,1.3240985594254273,gate_up_active_prebuilt,3,0.3112959861755371
case_016_real,humaneval,early,real_route_replay,1667,44,20,real,37.88636363636363,1,271,1.3240985594254273,gate_up_active_prebuilt,4,0.31222400069236755
case_016_real,humaneval,early,real_route_replay,1667,44,20,real,37.88636363636363,1,271,1.3240985594254273,gate_up_active_prebuilt,5,0.310016006231308
case_016_real,humaneval,early,real_route_replay,1667,44,20,real,37.88636363636363,1,271,1.3240985594254273,gate_up_active_prebuilt,6,0.3115839958190918
case_016_real,humaneval,early,real_route_replay,1667,44,20,real,37.88636363636363,1,271,1.3240985594254273,gate_up_active_prebuilt,7,0.305184006690979
case_016_real,humaneval,early,real_route_replay,1667,44,20,real,37.88636363636363,1,271,1.3240985594254273,gate_up_active_prebuilt,8,0.3094080090522766
case_016_real,humaneval,early,real_route_replay,1667,44,20,real,37.88636363636363,1,271,1.3240985594254273,gate_up_active_prebuilt,9,0.30876800417900085
case_016_real,humaneval,early,real_route_replay,1667,44,20,real,37.88636363636363,1,271,1.3240985594254273,gate_up_active_prebuilt,10,0.30902400612831116
case_016_real,humaneval,early,real_route_replay,1667,44,20,real,37.88636363636363,1,271,1.3240985594254273,gate_up_active_prebuilt,11,0.30831998586654663
case_016_real,humaneval,early,real_route_replay,1667,44,20,real,37.88636363636363,1,271,1.3240985594254273,gate_up_active_prebuilt,12,0.31033599376678467
case_016_real,humaneval,early,real_route_replay,1667,44,20,real,37.88636363636363,1,271,1.3240985594254273,gate_up_active_prebuilt,13,0.3107840120792389
case_016_real,humaneval,early,real_route_replay,1667,44,20,real,37.88636363636363,1,271,1.3240985594254273,gate_up_active_prebuilt,14,0.3150399923324585
case_016_real,humaneval,early,real_route_replay,1667,44,20,real,37.88636363636363,1,271,1.3240985594254273,gate_up_active_prebuilt,15,0.31836798787117004
case_016_real,humaneval,early,real_route_replay,1667,44,20,real,37.88636363636363,1,271,1.3240985594254273,gate_up_active_prebuilt,16,0.31513598561286926
case_016_real,humaneval,early,real_route_replay,1667,44,20,real,37.88636363636363,1,271,1.3240985594254273,gate_up_active_prebuilt,17,0.3192960023880005
case_016_real,humaneval,early,real_route_replay,1667,44,20,real,37.88636363636363,1,271,1.3240985594254273,gate_up_active_prebuilt,18,0.32339200377464294
case_016_real,humaneval,early,real_route_replay,1667,44,20,real,37.88636363636363,1,271,1.3240985594254273,gate_up_active_prebuilt,19,0.3150720000267029
case_016_real,humaneval,early,real_route_replay,1667,44,20,real,37.88636363636363,1,271,1.3240985594254273,gate_up_active_prebuilt,20,0.3112320005893707
case_016_real,humaneval,early,real_route_replay,1667,44,20,real,37.88636363636363,1,271,1.3240985594254273,gate_up_active_prebuilt,21,0.312063992023468
case_016_real,humaneval,early,real_route_replay,1667,44,20,real,37.88636363636363,1,271,1.3240985594254273,gate_up_active_prebuilt,22,0.31145599484443665
case_016_real,humaneval,early,real_route_replay,1667,44,20,real,37.88636363636363,1,271,1.3240985594254273,gate_up_active_prebuilt,23,0.3110719919204712
case_016_real,humaneval,early,real_route_replay,1667,44,20,real,37.88636363636363,1,271,1.3240985594254273,gate_up_active_prebuilt,24,0.31116798520088196
case_016_real,humaneval,early,real_route_replay,1667,44,20,real,37.88636363636363,1,271,1.3240985594254273,gate_up_active_prebuilt,25,0.30953601002693176
case_016_real,humaneval,early,real_route_replay,1667,44,20,real,37.88636363636363,1,271,1.3240985594254273,gate_up_active_prebuilt,26,0.31382399797439575
case_016_real,humaneval,early,real_route_replay,1667,44,20,real,37.88636363636363,1,271,1.3240985594254273,gate_up_active_prebuilt,27,0.3150720000267029
case_016_real,humaneval,early,real_route_replay,1667,44,20,real,37.88636363636363,1,271,1.3240985594254273,gate_up_active_prebuilt,28,0.3071039915084839
case_016_real,humaneval,early,real_route_replay,1667,44,20,real,37.88636363636363,1,271,1.3240985594254273,gate_up_active_prebuilt,29,0.3127039968967438
case_016_real,humaneval,early,real_route_replay,1667,44,20,real,37.88636363636363,1,271,1.3240985594254273,gate_up_active_prebuilt,30,0.3073279857635498
case_016_real,humaneval,early,real_route_replay,1667,44,20,real,37.88636363636363,1,271,1.3240985594254273,gate_up_active_prebuilt,31,0.3118720054626465
case_016_real,humaneval,early,real_route_replay,1667,44,20,real,37.88636363636363,1,271,1.3240985594254273,gate_up_active_prebuilt,32,0.3108479976654053
case_016_real,humaneval,early,real_route_replay,1667,44,20,real,37.88636363636363,1,271,1.3240985594254273,gate_up_active_prebuilt,33,0.31043198704719543
case_016_real,humaneval,early,real_route_replay,1667,44,20,real,37.88636363636363,1,271,1.3240985594254273,gate_up_active_prebuilt,34,0.31091201305389404
case_016_real,humaneval,early,real_route_replay,1667,44,20,real,37.88636363636363,1,271,1.3240985594254273,gate_up_active_prebuilt,35,0.3111039996147156
case_016_real,humaneval,early,real_route_replay,1667,44,20,real,37.88636363636363,1,271,1.3240985594254273,gate_up_active_prebuilt,36,0.30825600028038025
case_016_real,humaneval,early,real_route_replay,1667,44,20,real,37.88636363636363,1,271,1.3240985594254273,gate_up_active_prebuilt,37,0.3116160035133362
case_016_real,humaneval,early,real_route_replay,1667,44,20,real,37.88636363636363,1,271,1.3240985594254273,gate_up_active_prebuilt,38,0.31625598669052124
case_016_real,humaneval,early,real_route_replay,1667,44,20,real,37.88636363636363,1,271,1.3240985594254273,gate_up_active_prebuilt,39,0.3084479868412018
case_016_real,humaneval,early,real_route_replay,1667,44,20,real,37.88636363636363,1,271,1.3240985594254273,route_weight,0,0.03721600025892258
case_016_real,humaneval,early,real_route_replay,1667,44,20,real,37.88636363636363,1,271,1.3240985594254273,route_weight,1,0.030432000756263733
case_016_real,humaneval,early,real_route_replay,1667,44,20,real,37.88636363636363,1,271,1.3240985594254273,route_weight,2,0.02969600073993206
case_016_real,humaneval,early,real_route_replay,1667,44,20,real,37.88636363636363,1,271,1.3240985594254273,route_weight,3,0.030047999694943428
case_016_real,humaneval,early,real_route_replay,1667,44,20,real,37.88636363636363,1,271,1.3240985594254273,route_weight,4,0.026944000273942947
case_016_real,humaneval,early,real_route_replay,1667,44,20,real,37.88636363636363,1,271,1.3240985594254273,route_weight,5,0.02579200081527233
case_016_real,humaneval,early,real_route_replay,1667,44,20,real,37.88636363636363,1,271,1.3240985594254273,route_weight,6,0.026944000273942947
case_016_real,humaneval,early,real_route_replay,1667,44,20,real,37.88636363636363,1,271,1.3240985594254273,route_weight,7,0.02751999907195568
case_016_real,humaneval,early,real_route_replay,1667,44,20,real,37.88636363636363,1,271,1.3240985594254273,route_weight,8,0.028704000636935234
case_016_real,humaneval,early,real_route_replay,1667,44,20,real,37.88636363636363,1,271,1.3240985594254273,route_weight,9,0.026464000344276428
case_016_real,humaneval,early,real_route_replay,1667,44,20,real,37.88636363636363,1,271,1.3240985594254273,route_weight,10,0.025696000084280968
case_016_real,humaneval,early,real_route_replay,1667,44,20,real,37.88636363636363,1,271,1.3240985594254273,route_weight,11,0.026399999856948853
case_016_real,humaneval,early,real_route_replay,1667,44,20,real,37.88636363636363,1,271,1.3240985594254273,route_weight,12,0.025599999353289604
case_016_real,humaneval,early,real_route_replay,1667,44,20,real,37.88636363636363,1,271,1.3240985594254273,route_weight,13,0.026464000344276428
case_016_real,humaneval,early,real_route_replay,1667,44,20,real,37.88636363636363,1,271,1.3240985594254273,route_weight,14,0.025760000571608543
case_016_real,humaneval,early,real_route_replay,1667,44,20,real,37.88636363636363,1,271,1.3240985594254273,route_weight,15,0.02566399984061718
case_016_real,humaneval,early,real_route_replay,1667,44,20,real,37.88636363636363,1,271,1.3240985594254273,route_weight,16,0.02550400048494339
case_016_real,humaneval,early,real_route_replay,1667,44,20,real,37.88636363636363,1,271,1.3240985594254273,route_weight,17,0.02595200017094612
case_016_real,humaneval,early,real_route_replay,1667,44,20,real,37.88636363636363,1,271,1.3240985594254273,route_weight,18,0.026176000013947487
case_016_real,humaneval,early,real_route_replay,1667,44,20,real,37.88636363636363,1,271,1.3240985594254273,route_weight,19,0.026176000013947487
case_016_real,humaneval,early,real_route_replay,1667,44,20,real,37.88636363636363,1,271,1.3240985594254273,route_weight,20,0.025696000084280968
case_016_real,humaneval,early,real_route_replay,1667,44,20,real,37.88636363636363,1,271,1.3240985594254273,route_weight,21,0.02566399984061718
case_016_real,humaneval,early,real_route_replay,1667,44,20,real,37.88636363636363,1,271,1.3240985594254273,route_weight,22,0.025472000241279602
case_016_real,humaneval,early,real_route_replay,1667,44,20,real,37.88636363636363,1,271,1.3240985594254273,route_weight,23,0.02723200060427189
case_016_real,humaneval,early,real_route_replay,1667,44,20,real,37.88636363636363,1,271,1.3240985594254273,route_weight,24,0.026240000501275063
case_016_real,humaneval,early,real_route_replay,1667,44,20,real,37.88636363636363,1,271,1.3240985594254273,route_weight,25,0.02659199945628643
case_016_real,humaneval,early,real_route_replay,1667,44,20,real,37.88636363636363,1,271,1.3240985594254273,route_weight,26,0.02582399919629097
case_016_real,humaneval,early,real_route_replay,1667,44,20,real,37.88636363636363,1,271,1.3240985594254273,route_weight,27,0.02518399991095066
case_016_real,humaneval,early,real_route_replay,1667,44,20,real,37.88636363636363,1,271,1.3240985594254273,route_weight,28,0.025599999353289604
case_016_real,humaneval,early,real_route_replay,1667,44,20,real,37.88636363636363,1,271,1.3240985594254273,route_weight,29,0.027807999402284622
case_016_real,humaneval,early,real_route_replay,1667,44,20,real,37.88636363636363,1,271,1.3240985594254273,route_weight,30,0.027488000690937042
case_016_real,humaneval,early,real_route_replay,1667,44,20,real,37.88636363636363,1,271,1.3240985594254273,route_weight,31,0.025855999439954758
case_016_real,humaneval,early,real_route_replay,1667,44,20,real,37.88636363636363,1,271,1.3240985594254273,route_weight,32,0.027648000046610832
case_016_real,humaneval,early,real_route_replay,1667,44,20,real,37.88636363636363,1,271,1.3240985594254273,route_weight,33,0.025696000084280968
case_016_real,humaneval,early,real_route_replay,1667,44,20,real,37.88636363636363,1,271,1.3240985594254273,route_weight,34,0.025248000398278236
case_016_real,humaneval,early,real_route_replay,1667,44,20,real,37.88636363636363,1,271,1.3240985594254273,route_weight,35,0.02643200010061264
case_016_real,humaneval,early,real_route_replay,1667,44,20,real,37.88636363636363,1,271,1.3240985594254273,route_weight,36,0.026559999212622643
case_016_real,humaneval,early,real_route_replay,1667,44,20,real,37.88636363636363,1,271,1.3240985594254273,route_weight,37,0.028991999104619026
case_016_real,humaneval,early,real_route_replay,1667,44,20,real,37.88636363636363,1,271,1.3240985594254273,route_weight,38,0.02800000086426735
case_016_real,humaneval,early,real_route_replay,1667,44,20,real,37.88636363636363,1,271,1.3240985594254273,route_weight,39,0.026464000344276428
case_016_real,humaneval,early,real_route_replay,1667,44,20,real,37.88636363636363,1,271,1.3240985594254273,gate_up_full64_prebuilt,0,0.32918399572372437
case_016_real,humaneval,early,real_route_replay,1667,44,20,real,37.88636363636363,1,271,1.3240985594254273,gate_up_full64_prebuilt,1,0.3121599853038788
case_016_real,humaneval,early,real_route_replay,1667,44,20,real,37.88636363636363,1,271,1.3240985594254273,gate_up_full64_prebuilt,2,0.3116160035133362
case_016_real,humaneval,early,real_route_replay,1667,44,20,real,37.88636363636363,1,271,1.3240985594254273,gate_up_full64_prebuilt,3,0.3104960024356842
case_016_real,humaneval,early,real_route_replay,1667,44,20,real,37.88636363636363,1,271,1.3240985594254273,gate_up_full64_prebuilt,4,0.30876800417900085
case_016_real,humaneval,early,real_route_replay,1667,44,20,real,37.88636363636363,1,271,1.3240985594254273,gate_up_full64_prebuilt,5,0.30771198868751526
case_016_real,humaneval,early,real_route_replay,1667,44,20,real,37.88636363636363,1,271,1.3240985594254273,gate_up_full64_prebuilt,6,0.3094080090522766
case_016_real,humaneval,early,real_route_replay,1667,44,20,real,37.88636363636363,1,271,1.3240985594254273,gate_up_full64_prebuilt,7,0.30953601002693176
case_016_real,humaneval,early,real_route_replay,1667,44,20,real,37.88636363636363,1,271,1.3240985594254273,gate_up_full64_prebuilt,8,0.3123520016670227
case_016_real,humaneval,early,real_route_replay,1667,44,20,real,37.88636363636363,1,271,1.3240985594254273,gate_up_full64_prebuilt,9,0.30928000807762146
case_016_real,humaneval,early,real_route_replay,1667,44,20,real,37.88636363636363,1,271,1.3240985594254273,gate_up_full64_prebuilt,10,0.30527999997138977
case_016_real,humaneval,early,real_route_replay,1667,44,20,real,37.88636363636363,1,271,1.3240985594254273,gate_up_full64_prebuilt,11,0.30768001079559326
case_016_real,humaneval,early,real_route_replay,1667,44,20,real,37.88636363636363,1,271,1.3240985594254273,gate_up_full64_prebuilt,12,0.3075520098209381
case_016_real,humaneval,early,real_route_replay,1667,44,20,real,37.88636363636363,1,271,1.3240985594254273,gate_up_full64_prebuilt,13,0.3065600097179413
case_016_real,humaneval,early,real_route_replay,1667,44,20,real,37.88636363636363,1,271,1.3240985594254273,gate_up_full64_prebuilt,14,0.3099200129508972
case_016_real,humaneval,early,real_route_replay,1667,44,20,real,37.88636363636363,1,271,1.3240985594254273,gate_up_full64_prebuilt,15,0.31331199407577515
case_016_real,humaneval,early,real_route_replay,1667,44,20,real,37.88636363636363,1,271,1.3240985594254273,gate_up_full64_prebuilt,16,0.3181760013103485
case_016_real,humaneval,early,real_route_replay,1667,44,20,real,37.88636363636363,1,271,1.3240985594254273,gate_up_full64_prebuilt,17,0.3171840012073517
case_016_real,humaneval,early,real_route_replay,1667,44,20,real,37.88636363636363,1,271,1.3240985594254273,gate_up_full64_prebuilt,18,0.31702399253845215
case_016_real,humaneval,early,real_route_replay,1667,44,20,real,37.88636363636363,1,271,1.3240985594254273,gate_up_full64_prebuilt,19,0.3293440043926239
case_016_real,humaneval,early,real_route_replay,1667,44,20,real,37.88636363636363,1,271,1.3240985594254273,gate_up_full64_prebuilt,20,0.3224639892578125
case_016_real,humaneval,early,real_route_replay,1667,44,20,real,37.88636363636363,1,271,1.3240985594254273,gate_up_full64_prebuilt,21,0.31721600890159607
case_016_real,humaneval,early,real_route_replay,1667,44,20,real,37.88636363636363,1,271,1.3240985594254273,gate_up_full64_prebuilt,22,0.31567999720573425
case_016_real,humaneval,early,real_route_replay,1667,44,20,real,37.88636363636363,1,271,1.3240985594254273,gate_up_full64_prebuilt,23,0.31465598940849304
case_016_real,humaneval,early,real_route_replay,1667,44,20,real,37.88636363636363,1,271,1.3240985594254273,gate_up_full64_prebuilt,24,0.3196159899234772
case_016_real,humaneval,early,real_route_replay,1667,44,20,real,37.88636363636363,1,271,1.3240985594254273,gate_up_full64_prebuilt,25,0.3198400139808655
case_016_real,humaneval,early,real_route_replay,1667,44,20,real,37.88636363636363,1,271,1.3240985594254273,gate_up_full64_prebuilt,26,0.31724798679351807
case_016_real,humaneval,early,real_route_replay,1667,44,20,real,37.88636363636363,1,271,1.3240985594254273,gate_up_full64_prebuilt,27,0.31676799058914185
case_016_real,humaneval,early,real_route_replay,1667,44,20,real,37.88636363636363,1,271,1.3240985594254273,gate_up_full64_prebuilt,28,0.31676799058914185
case_016_real,humaneval,early,real_route_replay,1667,44,20,real,37.88636363636363,1,271,1.3240985594254273,gate_up_full64_prebuilt,29,0.3184320032596588
case_016_real,humaneval,early,real_route_replay,1667,44,20,real,37.88636363636363,1,271,1.3240985594254273,gate_up_full64_prebuilt,30,0.3123199939727783
case_016_real,humaneval,early,real_route_replay,1667,44,20,real,37.88636363636363,1,271,1.3240985594254273,gate_up_full64_prebuilt,31,0.3084479868412018
case_016_real,humaneval,early,real_route_replay,1667,44,20,real,37.88636363636363,1,271,1.3240985594254273,gate_up_full64_prebuilt,32,0.3124159872531891
case_016_real,humaneval,early,real_route_replay,1667,44,20,real,37.88636363636363,1,271,1.3240985594254273,gate_up_full64_prebuilt,33,0.30985599756240845
case_016_real,humaneval,early,real_route_replay,1667,44,20,real,37.88636363636363,1,271,1.3240985594254273,gate_up_full64_prebuilt,34,0.31062400341033936
case_016_real,humaneval,early,real_route_replay,1667,44,20,real,37.88636363636363,1,271,1.3240985594254273,gate_up_full64_prebuilt,35,0.3136320114135742
case_016_real,humaneval,early,real_route_replay,1667,44,20,real,37.88636363636363,1,271,1.3240985594254273,gate_up_full64_prebuilt,36,0.31004801392555237
case_016_real,humaneval,early,real_route_replay,1667,44,20,real,37.88636363636363,1,271,1.3240985594254273,gate_up_full64_prebuilt,37,0.30796799063682556
case_016_real,humaneval,early,real_route_replay,1667,44,20,real,37.88636363636363,1,271,1.3240985594254273,gate_up_full64_prebuilt,38,0.30847999453544617
case_016_real,humaneval,early,real_route_replay,1667,44,20,real,37.88636363636363,1,271,1.3240985594254273,gate_up_full64_prebuilt,39,0.3092159926891327
case_016_real,humaneval,early,real_route_replay,1667,44,20,real,37.88636363636363,1,271,1.3240985594254273,down_full64_prebuilt,0,0.19180800020694733
case_016_real,humaneval,early,real_route_replay,1667,44,20,real,37.88636363636363,1,271,1.3240985594254273,down_full64_prebuilt,1,0.19023999571800232
case_016_real,humaneval,early,real_route_replay,1667,44,20,real,37.88636363636363,1,271,1.3240985594254273,down_full64_prebuilt,2,0.18649600446224213
case_016_real,humaneval,early,real_route_replay,1667,44,20,real,37.88636363636363,1,271,1.3240985594254273,down_full64_prebuilt,3,0.18547199666500092
case_016_real,humaneval,early,real_route_replay,1667,44,20,real,37.88636363636363,1,271,1.3240985594254273,down_full64_prebuilt,4,0.18892799317836761
case_016_real,humaneval,early,real_route_replay,1667,44,20,real,37.88636363636363,1,271,1.3240985594254273,down_full64_prebuilt,5,0.18953600525856018
case_016_real,humaneval,early,real_route_replay,1667,44,20,real,37.88636363636363,1,271,1.3240985594254273,down_full64_prebuilt,6,0.19660800695419312
case_016_real,humaneval,early,real_route_replay,1667,44,20,real,37.88636363636363,1,271,1.3240985594254273,down_full64_prebuilt,7,0.20185600221157074
case_016_real,humaneval,early,real_route_replay,1667,44,20,real,37.88636363636363,1,271,1.3240985594254273,down_full64_prebuilt,8,0.19657599925994873
case_016_real,humaneval,early,real_route_replay,1667,44,20,real,37.88636363636363,1,271,1.3240985594254273,down_full64_prebuilt,9,0.19472000002861023
case_016_real,humaneval,early,real_route_replay,1667,44,20,real,37.88636363636363,1,271,1.3240985594254273,down_full64_prebuilt,10,0.19568000733852386
case_016_real,humaneval,early,real_route_replay,1667,44,20,real,37.88636363636363,1,271,1.3240985594254273,down_full64_prebuilt,11,0.2006080001592636
case_016_real,humaneval,early,real_route_replay,1667,44,20,real,37.88636363636363,1,271,1.3240985594254273,down_full64_prebuilt,12,0.19244800508022308
case_016_real,humaneval,early,real_route_replay,1667,44,20,real,37.88636363636363,1,271,1.3240985594254273,down_full64_prebuilt,13,0.18863999843597412
case_016_real,humaneval,early,real_route_replay,1667,44,20,real,37.88636363636363,1,271,1.3240985594254273,down_full64_prebuilt,14,0.19126400351524353
case_016_real,humaneval,early,real_route_replay,1667,44,20,real,37.88636363636363,1,271,1.3240985594254273,down_full64_prebuilt,15,0.18665599822998047
case_016_real,humaneval,early,real_route_replay,1667,44,20,real,37.88636363636363,1,271,1.3240985594254273,down_full64_prebuilt,16,0.18595199286937714
case_016_real,humaneval,early,real_route_replay,1667,44,20,real,37.88636363636363,1,271,1.3240985594254273,down_full64_prebuilt,17,0.1876160055398941
case_016_real,humaneval,early,real_route_replay,1667,44,20,real,37.88636363636363,1,271,1.3240985594254273,down_full64_prebuilt,18,0.19366399943828583
case_016_real,humaneval,early,real_route_replay,1667,44,20,real,37.88636363636363,1,271,1.3240985594254273,down_full64_prebuilt,19,0.18915200233459473
case_016_real,humaneval,early,real_route_replay,1667,44,20,real,37.88636363636363,1,271,1.3240985594254273,down_full64_prebuilt,20,0.18636800348758698
case_016_real,humaneval,early,real_route_replay,1667,44,20,real,37.88636363636363,1,271,1.3240985594254273,down_full64_prebuilt,21,0.18729600310325623
case_016_real,humaneval,early,real_route_replay,1667,44,20,real,37.88636363636363,1,271,1.3240985594254273,down_full64_prebuilt,22,0.19126400351524353
case_016_real,humaneval,early,real_route_replay,1667,44,20,real,37.88636363636363,1,271,1.3240985594254273,down_full64_prebuilt,23,0.1881919950246811
case_016_real,humaneval,early,real_route_replay,1667,44,20,real,37.88636363636363,1,271,1.3240985594254273,down_full64_prebuilt,24,0.18544000387191772
case_016_real,humaneval,early,real_route_replay,1667,44,20,real,37.88636363636363,1,271,1.3240985594254273,down_full64_prebuilt,25,0.18668800592422485
case_016_real,humaneval,early,real_route_replay,1667,44,20,real,37.88636363636363,1,271,1.3240985594254273,down_full64_prebuilt,26,0.194815993309021
case_016_real,humaneval,early,real_route_replay,1667,44,20,real,37.88636363636363,1,271,1.3240985594254273,down_full64_prebuilt,27,0.18694399297237396
case_016_real,humaneval,early,real_route_replay,1667,44,20,real,37.88636363636363,1,271,1.3240985594254273,down_full64_prebuilt,28,0.1879040002822876
case_016_real,humaneval,early,real_route_replay,1667,44,20,real,37.88636363636363,1,271,1.3240985594254273,down_full64_prebuilt,29,0.18908800184726715
case_016_real,humaneval,early,real_route_replay,1667,44,20,real,37.88636363636363,1,271,1.3240985594254273,down_full64_prebuilt,30,0.19302399456501007
case_016_real,humaneval,early,real_route_replay,1667,44,20,real,37.88636363636363,1,271,1.3240985594254273,down_full64_prebuilt,31,0.1881600022315979
case_016_real,humaneval,early,real_route_replay,1667,44,20,real,37.88636363636363,1,271,1.3240985594254273,down_full64_prebuilt,32,0.18678399920463562
case_016_real,humaneval,early,real_route_replay,1667,44,20,real,37.88636363636363,1,271,1.3240985594254273,down_full64_prebuilt,33,0.18636800348758698
case_016_real,humaneval,early,real_route_replay,1667,44,20,real,37.88636363636363,1,271,1.3240985594254273,down_full64_prebuilt,34,0.18777599930763245
case_016_real,humaneval,early,real_route_replay,1667,44,20,real,37.88636363636363,1,271,1.3240985594254273,down_full64_prebuilt,35,0.1873600035905838
case_016_real,humaneval,early,real_route_replay,1667,44,20,real,37.88636363636363,1,271,1.3240985594254273,down_full64_prebuilt,36,0.18588800728321075
case_016_real,humaneval,early,real_route_replay,1667,44,20,real,37.88636363636363,1,271,1.3240985594254273,down_full64_prebuilt,37,0.18537600338459015
case_016_real,humaneval,early,real_route_replay,1667,44,20,real,37.88636363636363,1,271,1.3240985594254273,down_full64_prebuilt,38,0.18931199610233307
case_016_real,humaneval,early,real_route_replay,1667,44,20,real,37.88636363636363,1,271,1.3240985594254273,down_full64_prebuilt,39,0.18716800212860107
case_016_real,humaneval,early,real_route_replay,1667,44,20,real,37.88636363636363,1,271,1.3240985594254273,down_active_prebuilt,0,0.19654400646686554
case_016_real,humaneval,early,real_route_replay,1667,44,20,real,37.88636363636363,1,271,1.3240985594254273,down_active_prebuilt,1,0.18854400515556335
case_016_real,humaneval,early,real_route_replay,1667,44,20,real,37.88636363636363,1,271,1.3240985594254273,down_active_prebuilt,2,0.18963199853897095
case_016_real,humaneval,early,real_route_replay,1667,44,20,real,37.88636363636363,1,271,1.3240985594254273,down_active_prebuilt,3,0.18643200397491455
case_016_real,humaneval,early,real_route_replay,1667,44,20,real,37.88636363636363,1,271,1.3240985594254273,down_active_prebuilt,4,0.18771199882030487
case_016_real,humaneval,early,real_route_replay,1667,44,20,real,37.88636363636363,1,271,1.3240985594254273,down_active_prebuilt,5,0.18886399269104004
case_016_real,humaneval,early,real_route_replay,1667,44,20,real,37.88636363636363,1,271,1.3240985594254273,down_active_prebuilt,6,0.1895039975643158
case_016_real,humaneval,early,real_route_replay,1667,44,20,real,37.88636363636363,1,271,1.3240985594254273,down_active_prebuilt,7,0.1887039989233017
case_016_real,humaneval,early,real_route_replay,1667,44,20,real,37.88636363636363,1,271,1.3240985594254273,down_active_prebuilt,8,0.19209599494934082
case_016_real,humaneval,early,real_route_replay,1667,44,20,real,37.88636363636363,1,271,1.3240985594254273,down_active_prebuilt,9,0.19043199717998505
case_016_real,humaneval,early,real_route_replay,1667,44,20,real,37.88636363636363,1,271,1.3240985594254273,down_active_prebuilt,10,0.1974399983882904
case_016_real,humaneval,early,real_route_replay,1667,44,20,real,37.88636363636363,1,271,1.3240985594254273,down_active_prebuilt,11,0.19628800451755524
case_016_real,humaneval,early,real_route_replay,1667,44,20,real,37.88636363636363,1,271,1.3240985594254273,down_active_prebuilt,12,0.1937599927186966
case_016_real,humaneval,early,real_route_replay,1667,44,20,real,37.88636363636363,1,271,1.3240985594254273,down_active_prebuilt,13,0.19359999895095825
case_016_real,humaneval,early,real_route_replay,1667,44,20,real,37.88636363636363,1,271,1.3240985594254273,down_active_prebuilt,14,0.20051200687885284
case_016_real,humaneval,early,real_route_replay,1667,44,20,real,37.88636363636363,1,271,1.3240985594254273,down_active_prebuilt,15,0.21648000180721283
case_016_real,humaneval,early,real_route_replay,1667,44,20,real,37.88636363636363,1,271,1.3240985594254273,down_active_prebuilt,16,0.19542400538921356
case_016_real,humaneval,early,real_route_replay,1667,44,20,real,37.88636363636363,1,271,1.3240985594254273,down_active_prebuilt,17,0.1892160028219223
case_016_real,humaneval,early,real_route_replay,1667,44,20,real,37.88636363636363,1,271,1.3240985594254273,down_active_prebuilt,18,0.18911999464035034
case_016_real,humaneval,early,real_route_replay,1667,44,20,real,37.88636363636363,1,271,1.3240985594254273,down_active_prebuilt,19,0.18812799453735352
case_016_real,humaneval,early,real_route_replay,1667,44,20,real,37.88636363636363,1,271,1.3240985594254273,down_active_prebuilt,20,0.1884160041809082
case_016_real,humaneval,early,real_route_replay,1667,44,20,real,37.88636363636363,1,271,1.3240985594254273,down_active_prebuilt,21,0.18822400271892548
case_016_real,humaneval,early,real_route_replay,1667,44,20,real,37.88636363636363,1,271,1.3240985594254273,down_active_prebuilt,22,0.1905599981546402
case_016_real,humaneval,early,real_route_replay,1667,44,20,real,37.88636363636363,1,271,1.3240985594254273,down_active_prebuilt,23,0.18726399540901184
case_016_real,humaneval,early,real_route_replay,1667,44,20,real,37.88636363636363,1,271,1.3240985594254273,down_active_prebuilt,24,0.19014400243759155
case_016_real,humaneval,early,real_route_replay,1667,44,20,real,37.88636363636363,1,271,1.3240985594254273,down_active_prebuilt,25,0.18828800320625305
case_016_real,humaneval,early,real_route_replay,1667,44,20,real,37.88636363636363,1,271,1.3240985594254273,down_active_prebuilt,26,0.18812799453735352
case_016_real,humaneval,early,real_route_replay,1667,44,20,real,37.88636363636363,1,271,1.3240985594254273,down_active_prebuilt,27,0.18467199802398682
case_016_real,humaneval,early,real_route_replay,1667,44,20,real,37.88636363636363,1,271,1.3240985594254273,down_active_prebuilt,28,0.18726399540901184
case_016_real,humaneval,early,real_route_replay,1667,44,20,real,37.88636363636363,1,271,1.3240985594254273,down_active_prebuilt,29,0.1857600063085556
case_016_real,humaneval,early,real_route_replay,1667,44,20,real,37.88636363636363,1,271,1.3240985594254273,down_active_prebuilt,30,0.19129599630832672
case_016_real,humaneval,early,real_route_replay,1667,44,20,real,37.88636363636363,1,271,1.3240985594254273,down_active_prebuilt,31,0.19062399864196777
case_016_real,humaneval,early,real_route_replay,1667,44,20,real,37.88636363636363,1,271,1.3240985594254273,down_active_prebuilt,32,0.1902720034122467
case_016_real,humaneval,early,real_route_replay,1667,44,20,real,37.88636363636363,1,271,1.3240985594254273,down_active_prebuilt,33,0.19622400403022766
case_016_real,humaneval,early,real_route_replay,1667,44,20,real,37.88636363636363,1,271,1.3240985594254273,down_active_prebuilt,34,0.1897599995136261
case_016_real,humaneval,early,real_route_replay,1667,44,20,real,37.88636363636363,1,271,1.3240985594254273,down_active_prebuilt,35,0.18857599794864655
case_016_real,humaneval,early,real_route_replay,1667,44,20,real,37.88636363636363,1,271,1.3240985594254273,down_active_prebuilt,36,0.18700799345970154
case_016_real,humaneval,early,real_route_replay,1667,44,20,real,37.88636363636363,1,271,1.3240985594254273,down_active_prebuilt,37,0.1897280067205429
case_016_real,humaneval,early,real_route_replay,1667,44,20,real,37.88636363636363,1,271,1.3240985594254273,down_active_prebuilt,38,0.18908800184726715
case_016_real,humaneval,early,real_route_replay,1667,44,20,real,37.88636363636363,1,271,1.3240985594254273,down_active_prebuilt,39,0.18748800456523895
case_016_real,humaneval,early,real_route_replay,1667,44,20,real,37.88636363636363,1,271,1.3240985594254273,swiglu,0,0.035679999738931656
case_016_real,humaneval,early,real_route_replay,1667,44,20,real,37.88636363636363,1,271,1.3240985594254273,swiglu,1,0.02486399933695793
case_016_real,humaneval,early,real_route_replay,1667,44,20,real,37.88636363636363,1,271,1.3240985594254273,swiglu,2,0.022784000262618065
case_016_real,humaneval,early,real_route_replay,1667,44,20,real,37.88636363636363,1,271,1.3240985594254273,swiglu,3,0.021727999672293663
case_016_real,humaneval,early,real_route_replay,1667,44,20,real,37.88636363636363,1,271,1.3240985594254273,swiglu,4,0.026208000257611275
case_016_real,humaneval,early,real_route_replay,1667,44,20,real,37.88636363636363,1,271,1.3240985594254273,swiglu,5,0.022272000089287758
case_016_real,humaneval,early,real_route_replay,1667,44,20,real,37.88636363636363,1,271,1.3240985594254273,swiglu,6,0.021856000646948814
case_016_real,humaneval,early,real_route_replay,1667,44,20,real,37.88636363636363,1,271,1.3240985594254273,swiglu,7,0.022143999114632607
case_016_real,humaneval,early,real_route_replay,1667,44,20,real,37.88636363636363,1,271,1.3240985594254273,swiglu,8,0.021663999184966087
case_016_real,humaneval,early,real_route_replay,1667,44,20,real,37.88636363636363,1,271,1.3240985594254273,swiglu,9,0.022112000733613968
case_016_real,humaneval,early,real_route_replay,1667,44,20,real,37.88636363636363,1,271,1.3240985594254273,swiglu,10,0.02143999934196472
case_016_real,humaneval,early,real_route_replay,1667,44,20,real,37.88636363636363,1,271,1.3240985594254273,swiglu,11,0.022495999932289124
case_016_real,humaneval,early,real_route_replay,1667,44,20,real,37.88636363636363,1,271,1.3240985594254273,swiglu,12,0.0261439997702837
case_016_real,humaneval,early,real_route_replay,1667,44,20,real,37.88636363636363,1,271,1.3240985594254273,swiglu,13,0.022816000506281853
case_016_real,humaneval,early,real_route_replay,1667,44,20,real,37.88636363636363,1,271,1.3240985594254273,swiglu,14,0.02179200015962124
case_016_real,humaneval,early,real_route_replay,1667,44,20,real,37.88636363636363,1,271,1.3240985594254273,swiglu,15,0.02163200080394745
case_016_real,humaneval,early,real_route_replay,1667,44,20,real,37.88636363636363,1,271,1.3240985594254273,swiglu,16,0.024480000138282776
case_016_real,humaneval,early,real_route_replay,1667,44,20,real,37.88636363636363,1,271,1.3240985594254273,swiglu,17,0.024288000538945198
case_016_real,humaneval,early,real_route_replay,1667,44,20,real,37.88636363636363,1,271,1.3240985594254273,swiglu,18,0.023520000278949738
case_016_real,humaneval,early,real_route_replay,1667,44,20,real,37.88636363636363,1,271,1.3240985594254273,swiglu,19,0.021183999255299568
case_016_real,humaneval,early,real_route_replay,1667,44,20,real,37.88636363636363,1,271,1.3240985594254273,swiglu,20,0.021407999098300934
case_016_real,humaneval,early,real_route_replay,1667,44,20,real,37.88636363636363,1,271,1.3240985594254273,swiglu,21,0.021088000386953354
case_016_real,humaneval,early,real_route_replay,1667,44,20,real,37.88636363636363,1,271,1.3240985594254273,swiglu,22,0.02393599972128868
case_016_real,humaneval,early,real_route_replay,1667,44,20,real,37.88636363636363,1,271,1.3240985594254273,swiglu,23,0.02409599907696247
case_016_real,humaneval,early,real_route_replay,1667,44,20,real,37.88636363636363,1,271,1.3240985594254273,swiglu,24,0.027168000116944313
case_016_real,humaneval,early,real_route_replay,1667,44,20,real,37.88636363636363,1,271,1.3240985594254273,swiglu,25,0.02537599951028824
case_016_real,humaneval,early,real_route_replay,1667,44,20,real,37.88636363636363,1,271,1.3240985594254273,swiglu,26,0.024671999737620354
case_016_real,humaneval,early,real_route_replay,1667,44,20,real,37.88636363636363,1,271,1.3240985594254273,swiglu,27,0.024831999093294144
case_016_real,humaneval,early,real_route_replay,1667,44,20,real,37.88636363636363,1,271,1.3240985594254273,swiglu,28,0.023679999634623528
case_016_real,humaneval,early,real_route_replay,1667,44,20,real,37.88636363636363,1,271,1.3240985594254273,swiglu,29,0.024512000381946564
case_016_real,humaneval,early,real_route_replay,1667,44,20,real,37.88636363636363,1,271,1.3240985594254273,swiglu,30,0.02457600086927414
case_016_real,humaneval,early,real_route_replay,1667,44,20,real,37.88636363636363,1,271,1.3240985594254273,swiglu,31,0.021727999672293663
case_016_real,humaneval,early,real_route_replay,1667,44,20,real,37.88636363636363,1,271,1.3240985594254273,swiglu,32,0.021407999098300934
case_016_real,humaneval,early,real_route_replay,1667,44,20,real,37.88636363636363,1,271,1.3240985594254273,swiglu,33,0.022175999358296394
case_016_real,humaneval,early,real_route_replay,1667,44,20,real,37.88636363636363,1,271,1.3240985594254273,swiglu,34,0.02195199951529503
case_016_real,humaneval,early,real_route_replay,1667,44,20,real,37.88636363636363,1,271,1.3240985594254273,swiglu,35,0.034752000123262405
case_016_real,humaneval,early,real_route_replay,1667,44,20,real,37.88636363636363,1,271,1.3240985594254273,swiglu,36,0.026623999699950218
case_016_real,humaneval,early,real_route_replay,1667,44,20,real,37.88636363636363,1,271,1.3240985594254273,swiglu,37,0.022463999688625336
case_016_real,humaneval,early,real_route_replay,1667,44,20,real,37.88636363636363,1,271,1.3240985594254273,swiglu,38,0.022752000018954277
case_016_real,humaneval,early,real_route_replay,1667,44,20,real,37.88636363636363,1,271,1.3240985594254273,swiglu,39,0.020640000700950623
case_017_real,humaneval,early,real_route_replay,1525,42,22,real,36.30952380952381,1,228,1.5259258735491652,route_weight,0,0.06124800071120262
case_017_real,humaneval,early,real_route_replay,1525,42,22,real,36.30952380952381,1,228,1.5259258735491652,route_weight,1,0.027168000116944313
case_017_real,humaneval,early,real_route_replay,1525,42,22,real,36.30952380952381,1,228,1.5259258735491652,route_weight,2,0.024383999407291412
case_017_real,humaneval,early,real_route_replay,1525,42,22,real,36.30952380952381,1,228,1.5259258735491652,route_weight,3,0.024671999737620354
case_017_real,humaneval,early,real_route_replay,1525,42,22,real,36.30952380952381,1,228,1.5259258735491652,route_weight,4,0.024000000208616257
case_017_real,humaneval,early,real_route_replay,1525,42,22,real,36.30952380952381,1,228,1.5259258735491652,route_weight,5,0.026688000187277794
case_017_real,humaneval,early,real_route_replay,1525,42,22,real,36.30952380952381,1,228,1.5259258735491652,route_weight,6,0.024800000712275505
case_017_real,humaneval,early,real_route_replay,1525,42,22,real,36.30952380952381,1,228,1.5259258735491652,route_weight,7,0.024768000468611717
case_017_real,humaneval,early,real_route_replay,1525,42,22,real,36.30952380952381,1,228,1.5259258735491652,route_weight,8,0.02595200017094612
case_017_real,humaneval,early,real_route_replay,1525,42,22,real,36.30952380952381,1,228,1.5259258735491652,route_weight,9,0.02534399926662445
case_017_real,humaneval,early,real_route_replay,1525,42,22,real,36.30952380952381,1,228,1.5259258735491652,route_weight,10,0.02630399912595749
case_017_real,humaneval,early,real_route_replay,1525,42,22,real,36.30952380952381,1,228,1.5259258735491652,route_weight,11,0.02598400041460991
case_017_real,humaneval,early,real_route_replay,1525,42,22,real,36.30952380952381,1,228,1.5259258735491652,route_weight,12,0.02454400062561035
case_017_real,humaneval,early,real_route_replay,1525,42,22,real,36.30952380952381,1,228,1.5259258735491652,route_weight,13,0.024927999824285507
case_017_real,humaneval,early,real_route_replay,1525,42,22,real,36.30952380952381,1,228,1.5259258735491652,route_weight,14,0.02486399933695793
case_017_real,humaneval,early,real_route_replay,1525,42,22,real,36.30952380952381,1,228,1.5259258735491652,route_weight,15,0.0244159996509552
case_017_real,humaneval,early,real_route_replay,1525,42,22,real,36.30952380952381,1,228,1.5259258735491652,route_weight,16,0.033695999532938004
case_017_real,humaneval,early,real_route_replay,1525,42,22,real,36.30952380952381,1,228,1.5259258735491652,route_weight,17,0.02489599958062172
case_017_real,humaneval,early,real_route_replay,1525,42,22,real,36.30952380952381,1,228,1.5259258735491652,route_weight,18,0.024351999163627625
case_017_real,humaneval,early,real_route_replay,1525,42,22,real,36.30952380952381,1,228,1.5259258735491652,route_weight,19,0.02409599907696247
case_017_real,humaneval,early,real_route_replay,1525,42,22,real,36.30952380952381,1,228,1.5259258735491652,route_weight,20,0.024383999407291412
case_017_real,humaneval,early,real_route_replay,1525,42,22,real,36.30952380952381,1,228,1.5259258735491652,route_weight,21,0.023903999477624893
case_017_real,humaneval,early,real_route_replay,1525,42,22,real,36.30952380952381,1,228,1.5259258735491652,route_weight,22,0.024800000712275505
case_017_real,humaneval,early,real_route_replay,1525,42,22,real,36.30952380952381,1,228,1.5259258735491652,route_weight,23,0.0261439997702837
case_017_real,humaneval,early,real_route_replay,1525,42,22,real,36.30952380952381,1,228,1.5259258735491652,route_weight,24,0.025728000327944756
case_017_real,humaneval,early,real_route_replay,1525,42,22,real,36.30952380952381,1,228,1.5259258735491652,route_weight,25,0.025599999353289604
case_017_real,humaneval,early,real_route_replay,1525,42,22,real,36.30952380952381,1,228,1.5259258735491652,route_weight,26,0.025536000728607178
case_017_real,humaneval,early,real_route_replay,1525,42,22,real,36.30952380952381,1,228,1.5259258735491652,route_weight,27,0.02486399933695793
case_017_real,humaneval,early,real_route_replay,1525,42,22,real,36.30952380952381,1,228,1.5259258735491652,route_weight,28,0.025599999353289604
case_017_real,humaneval,early,real_route_replay,1525,42,22,real,36.30952380952381,1,228,1.5259258735491652,route_weight,29,0.02537599951028824
case_017_real,humaneval,early,real_route_replay,1525,42,22,real,36.30952380952381,1,228,1.5259258735491652,route_weight,30,0.026944000273942947
case_017_real,humaneval,early,real_route_replay,1525,42,22,real,36.30952380952381,1,228,1.5259258735491652,route_weight,31,0.02409599907696247
case_017_real,humaneval,early,real_route_replay,1525,42,22,real,36.30952380952381,1,228,1.5259258735491652,route_weight,32,0.02425600029528141
case_017_real,humaneval,early,real_route_replay,1525,42,22,real,36.30952380952381,1,228,1.5259258735491652,route_weight,33,0.02380800060927868
case_017_real,humaneval,early,real_route_replay,1525,42,22,real,36.30952380952381,1,228,1.5259258735491652,route_weight,34,0.024960000067949295
case_017_real,humaneval,early,real_route_replay,1525,42,22,real,36.30952380952381,1,228,1.5259258735491652,route_weight,35,0.024480000138282776
case_017_real,humaneval,early,real_route_replay,1525,42,22,real,36.30952380952381,1,228,1.5259258735491652,route_weight,36,0.025119999423623085
case_017_real,humaneval,early,real_route_replay,1525,42,22,real,36.30952380952381,1,228,1.5259258735491652,route_weight,37,0.02425600029528141
case_017_real,humaneval,early,real_route_replay,1525,42,22,real,36.30952380952381,1,228,1.5259258735491652,route_weight,38,0.025599999353289604
case_017_real,humaneval,early,real_route_replay,1525,42,22,real,36.30952380952381,1,228,1.5259258735491652,route_weight,39,0.02518399991095066
case_017_real,humaneval,early,real_route_replay,1525,42,22,real,36.30952380952381,1,228,1.5259258735491652,down_active_prebuilt,0,0.19171200692653656
case_017_real,humaneval,early,real_route_replay,1525,42,22,real,36.30952380952381,1,228,1.5259258735491652,down_active_prebuilt,1,0.18969599902629852
case_017_real,humaneval,early,real_route_replay,1525,42,22,real,36.30952380952381,1,228,1.5259258735491652,down_active_prebuilt,2,0.1934719979763031
case_017_real,humaneval,early,real_route_replay,1525,42,22,real,36.30952380952381,1,228,1.5259258735491652,down_active_prebuilt,3,0.19286400079727173
case_017_real,humaneval,early,real_route_replay,1525,42,22,real,36.30952380952381,1,228,1.5259258735491652,down_active_prebuilt,4,0.19257600605487823
case_017_real,humaneval,early,real_route_replay,1525,42,22,real,36.30952380952381,1,228,1.5259258735491652,down_active_prebuilt,5,0.19782400131225586
case_017_real,humaneval,early,real_route_replay,1525,42,22,real,36.30952380952381,1,228,1.5259258735491652,down_active_prebuilt,6,0.1934400051832199
case_017_real,humaneval,early,real_route_replay,1525,42,22,real,36.30952380952381,1,228,1.5259258735491652,down_active_prebuilt,7,0.1950719952583313
case_017_real,humaneval,early,real_route_replay,1525,42,22,real,36.30952380952381,1,228,1.5259258735491652,down_active_prebuilt,8,0.1977279931306839
case_017_real,humaneval,early,real_route_replay,1525,42,22,real,36.30952380952381,1,228,1.5259258735491652,down_active_prebuilt,9,0.19651199877262115
case_017_real,humaneval,early,real_route_replay,1525,42,22,real,36.30952380952381,1,228,1.5259258735491652,down_active_prebuilt,10,0.1966399997472763
case_017_real,humaneval,early,real_route_replay,1525,42,22,real,36.30952380952381,1,228,1.5259258735491652,down_active_prebuilt,11,0.19526399672031403
case_017_real,humaneval,early,real_route_replay,1525,42,22,real,36.30952380952381,1,228,1.5259258735491652,down_active_prebuilt,12,0.2048960030078888
case_017_real,humaneval,early,real_route_replay,1525,42,22,real,36.30952380952381,1,228,1.5259258735491652,down_active_prebuilt,13,0.20105600357055664
case_017_real,humaneval,early,real_route_replay,1525,42,22,real,36.30952380952381,1,228,1.5259258735491652,down_active_prebuilt,14,0.2006720006465912
case_017_real,humaneval,early,real_route_replay,1525,42,22,real,36.30952380952381,1,228,1.5259258735491652,down_active_prebuilt,15,0.20230400562286377
case_017_real,humaneval,early,real_route_replay,1525,42,22,real,36.30952380952381,1,228,1.5259258735491652,down_active_prebuilt,16,0.19580799341201782
case_017_real,humaneval,early,real_route_replay,1525,42,22,real,36.30952380952381,1,228,1.5259258735491652,down_active_prebuilt,17,0.20227199792861938
case_017_real,humaneval,early,real_route_replay,1525,42,22,real,36.30952380952381,1,228,1.5259258735491652,down_active_prebuilt,18,0.19644799828529358
case_017_real,humaneval,early,real_route_replay,1525,42,22,real,36.30952380952381,1,228,1.5259258735491652,down_active_prebuilt,19,0.20000000298023224
case_017_real,humaneval,early,real_route_replay,1525,42,22,real,36.30952380952381,1,228,1.5259258735491652,down_active_prebuilt,20,0.19308799505233765
case_017_real,humaneval,early,real_route_replay,1525,42,22,real,36.30952380952381,1,228,1.5259258735491652,down_active_prebuilt,21,0.19206400215625763
case_017_real,humaneval,early,real_route_replay,1525,42,22,real,36.30952380952381,1,228,1.5259258735491652,down_active_prebuilt,22,0.1916159987449646
case_017_real,humaneval,early,real_route_replay,1525,42,22,real,36.30952380952381,1,228,1.5259258735491652,down_active_prebuilt,23,0.1916159987449646
case_017_real,humaneval,early,real_route_replay,1525,42,22,real,36.30952380952381,1,228,1.5259258735491652,down_active_prebuilt,24,0.1913599967956543
case_017_real,humaneval,early,real_route_replay,1525,42,22,real,36.30952380952381,1,228,1.5259258735491652,down_active_prebuilt,25,0.18908800184726715
case_017_real,humaneval,early,real_route_replay,1525,42,22,real,36.30952380952381,1,228,1.5259258735491652,down_active_prebuilt,26,0.19008000195026398
case_017_real,humaneval,early,real_route_replay,1525,42,22,real,36.30952380952381,1,228,1.5259258735491652,down_active_prebuilt,27,0.18863999843597412
case_017_real,humaneval,early,real_route_replay,1525,42,22,real,36.30952380952381,1,228,1.5259258735491652,down_active_prebuilt,28,0.18806399405002594
case_017_real,humaneval,early,real_route_replay,1525,42,22,real,36.30952380952381,1,228,1.5259258735491652,down_active_prebuilt,29,0.1879040002822876
case_017_real,humaneval,early,real_route_replay,1525,42,22,real,36.30952380952381,1,228,1.5259258735491652,down_active_prebuilt,30,0.18915200233459473
case_017_real,humaneval,early,real_route_replay,1525,42,22,real,36.30952380952381,1,228,1.5259258735491652,down_active_prebuilt,31,0.1895039975643158
case_017_real,humaneval,early,real_route_replay,1525,42,22,real,36.30952380952381,1,228,1.5259258735491652,down_active_prebuilt,32,0.1876160055398941
case_017_real,humaneval,early,real_route_replay,1525,42,22,real,36.30952380952381,1,228,1.5259258735491652,down_active_prebuilt,33,0.18796800076961517
case_017_real,humaneval,early,real_route_replay,1525,42,22,real,36.30952380952381,1,228,1.5259258735491652,down_active_prebuilt,34,0.18953600525856018
case_017_real,humaneval,early,real_route_replay,1525,42,22,real,36.30952380952381,1,228,1.5259258735491652,down_active_prebuilt,35,0.19023999571800232
case_017_real,humaneval,early,real_route_replay,1525,42,22,real,36.30952380952381,1,228,1.5259258735491652,down_active_prebuilt,36,0.19244800508022308
case_017_real,humaneval,early,real_route_replay,1525,42,22,real,36.30952380952381,1,228,1.5259258735491652,down_active_prebuilt,37,0.1985280066728592
case_017_real,humaneval,early,real_route_replay,1525,42,22,real,36.30952380952381,1,228,1.5259258735491652,down_active_prebuilt,38,0.18937599658966064
case_017_real,humaneval,early,real_route_replay,1525,42,22,real,36.30952380952381,1,228,1.5259258735491652,down_active_prebuilt,39,0.19033600389957428
case_017_real,humaneval,early,real_route_replay,1525,42,22,real,36.30952380952381,1,228,1.5259258735491652,swiglu,0,0.036159999668598175
case_017_real,humaneval,early,real_route_replay,1525,42,22,real,36.30952380952381,1,228,1.5259258735491652,swiglu,1,0.02505600079894066
case_017_real,humaneval,early,real_route_replay,1525,42,22,real,36.30952380952381,1,228,1.5259258735491652,swiglu,2,0.036607999354600906
case_017_real,humaneval,early,real_route_replay,1525,42,22,real,36.30952380952381,1,228,1.5259258735491652,swiglu,3,0.024927999824285507
case_017_real,humaneval,early,real_route_replay,1525,42,22,real,36.30952380952381,1,228,1.5259258735491652,swiglu,4,0.024960000067949295
case_017_real,humaneval,early,real_route_replay,1525,42,22,real,36.30952380952381,1,228,1.5259258735491652,swiglu,5,0.021888000890612602
case_017_real,humaneval,early,real_route_replay,1525,42,22,real,36.30952380952381,1,228,1.5259258735491652,swiglu,6,0.02175999991595745
case_017_real,humaneval,early,real_route_replay,1525,42,22,real,36.30952380952381,1,228,1.5259258735491652,swiglu,7,0.02940800040960312
case_017_real,humaneval,early,real_route_replay,1525,42,22,real,36.30952380952381,1,228,1.5259258735491652,swiglu,8,0.022655999287962914
case_017_real,humaneval,early,real_route_replay,1525,42,22,real,36.30952380952381,1,228,1.5259258735491652,swiglu,9,0.02332800067961216
case_017_real,humaneval,early,real_route_replay,1525,42,22,real,36.30952380952381,1,228,1.5259258735491652,swiglu,10,0.024800000712275505
case_017_real,humaneval,early,real_route_replay,1525,42,22,real,36.30952380952381,1,228,1.5259258735491652,swiglu,11,0.02489599958062172
case_017_real,humaneval,early,real_route_replay,1525,42,22,real,36.30952380952381,1,228,1.5259258735491652,swiglu,12,0.023423999547958374
case_017_real,humaneval,early,real_route_replay,1525,42,22,real,36.30952380952381,1,228,1.5259258735491652,swiglu,13,0.03519999980926514
case_017_real,humaneval,early,real_route_replay,1525,42,22,real,36.30952380952381,1,228,1.5259258735491652,swiglu,14,0.023360000923275948
case_017_real,humaneval,early,real_route_replay,1525,42,22,real,36.30952380952381,1,228,1.5259258735491652,swiglu,15,0.020640000700950623
case_017_real,humaneval,early,real_route_replay,1525,42,22,real,36.30952380952381,1,228,1.5259258735491652,swiglu,16,0.02112000063061714
case_017_real,humaneval,early,real_route_replay,1525,42,22,real,36.30952380952381,1,228,1.5259258735491652,swiglu,17,0.021088000386953354
case_017_real,humaneval,early,real_route_replay,1525,42,22,real,36.30952380952381,1,228,1.5259258735491652,swiglu,18,0.02099199965596199
case_017_real,humaneval,early,real_route_replay,1525,42,22,real,36.30952380952381,1,228,1.5259258735491652,swiglu,19,0.020896000787615776
case_017_real,humaneval,early,real_route_replay,1525,42,22,real,36.30952380952381,1,228,1.5259258735491652,swiglu,20,0.02115200087428093
case_017_real,humaneval,early,real_route_replay,1525,42,22,real,36.30952380952381,1,228,1.5259258735491652,swiglu,21,0.021215999498963356
case_017_real,humaneval,early,real_route_replay,1525,42,22,real,36.30952380952381,1,228,1.5259258735491652,swiglu,22,0.02396799996495247
case_017_real,humaneval,early,real_route_replay,1525,42,22,real,36.30952380952381,1,228,1.5259258735491652,swiglu,23,0.023360000923275948
case_017_real,humaneval,early,real_route_replay,1525,42,22,real,36.30952380952381,1,228,1.5259258735491652,swiglu,24,0.023296000435948372
case_017_real,humaneval,early,real_route_replay,1525,42,22,real,36.30952380952381,1,228,1.5259258735491652,swiglu,25,0.027648000046610832
case_017_real,humaneval,early,real_route_replay,1525,42,22,real,36.30952380952381,1,228,1.5259258735491652,swiglu,26,0.02412799932062626
case_017_real,humaneval,early,real_route_replay,1525,42,22,real,36.30952380952381,1,228,1.5259258735491652,swiglu,27,0.023231999948620796
case_017_real,humaneval,early,real_route_replay,1525,42,22,real,36.30952380952381,1,228,1.5259258735491652,swiglu,28,0.021888000890612602
case_017_real,humaneval,early,real_route_replay,1525,42,22,real,36.30952380952381,1,228,1.5259258735491652,swiglu,29,0.021056000143289566
case_017_real,humaneval,early,real_route_replay,1525,42,22,real,36.30952380952381,1,228,1.5259258735491652,swiglu,30,0.02147199958562851
case_017_real,humaneval,early,real_route_replay,1525,42,22,real,36.30952380952381,1,228,1.5259258735491652,swiglu,31,0.02115200087428093
case_017_real,humaneval,early,real_route_replay,1525,42,22,real,36.30952380952381,1,228,1.5259258735491652,swiglu,32,0.020640000700950623
case_017_real,humaneval,early,real_route_replay,1525,42,22,real,36.30952380952381,1,228,1.5259258735491652,swiglu,33,0.020896000787615776
case_017_real,humaneval,early,real_route_replay,1525,42,22,real,36.30952380952381,1,228,1.5259258735491652,swiglu,34,0.023552000522613525
case_017_real,humaneval,early,real_route_replay,1525,42,22,real,36.30952380952381,1,228,1.5259258735491652,swiglu,35,0.02348800003528595
case_017_real,humaneval,early,real_route_replay,1525,42,22,real,36.30952380952381,1,228,1.5259258735491652,swiglu,36,0.0225600004196167
case_017_real,humaneval,early,real_route_replay,1525,42,22,real,36.30952380952381,1,228,1.5259258735491652,swiglu,37,0.02300800010561943
case_017_real,humaneval,early,real_route_replay,1525,42,22,real,36.30952380952381,1,228,1.5259258735491652,swiglu,38,0.021407999098300934
case_017_real,humaneval,early,real_route_replay,1525,42,22,real,36.30952380952381,1,228,1.5259258735491652,swiglu,39,0.020959999412298203
case_017_real,humaneval,early,real_route_replay,1525,42,22,real,36.30952380952381,1,228,1.5259258735491652,down_full64_prebuilt,0,0.19862399995326996
case_017_real,humaneval,early,real_route_replay,1525,42,22,real,36.30952380952381,1,228,1.5259258735491652,down_full64_prebuilt,1,0.1929599940776825
case_017_real,humaneval,early,real_route_replay,1525,42,22,real,36.30952380952381,1,228,1.5259258735491652,down_full64_prebuilt,2,0.1889919936656952
case_017_real,humaneval,early,real_route_replay,1525,42,22,real,36.30952380952381,1,228,1.5259258735491652,down_full64_prebuilt,3,0.18956799805164337
case_017_real,humaneval,early,real_route_replay,1525,42,22,real,36.30952380952381,1,228,1.5259258735491652,down_full64_prebuilt,4,0.18771199882030487
case_017_real,humaneval,early,real_route_replay,1525,42,22,real,36.30952380952381,1,228,1.5259258735491652,down_full64_prebuilt,5,0.1878719925880432
case_017_real,humaneval,early,real_route_replay,1525,42,22,real,36.30952380952381,1,228,1.5259258735491652,down_full64_prebuilt,6,0.18838399648666382
case_017_real,humaneval,early,real_route_replay,1525,42,22,real,36.30952380952381,1,228,1.5259258735491652,down_full64_prebuilt,7,0.19049599766731262
case_017_real,humaneval,early,real_route_replay,1525,42,22,real,36.30952380952381,1,228,1.5259258735491652,down_full64_prebuilt,8,0.18854400515556335
case_017_real,humaneval,early,real_route_replay,1525,42,22,real,36.30952380952381,1,228,1.5259258735491652,down_full64_prebuilt,9,0.18851199746131897
case_017_real,humaneval,early,real_route_replay,1525,42,22,real,36.30952380952381,1,228,1.5259258735491652,down_full64_prebuilt,10,0.18777599930763245
case_017_real,humaneval,early,real_route_replay,1525,42,22,real,36.30952380952381,1,228,1.5259258735491652,down_full64_prebuilt,11,0.18876799941062927
case_017_real,humaneval,early,real_route_replay,1525,42,22,real,36.30952380952381,1,228,1.5259258735491652,down_full64_prebuilt,12,0.19222399592399597
case_017_real,humaneval,early,real_route_replay,1525,42,22,real,36.30952380952381,1,228,1.5259258735491652,down_full64_prebuilt,13,0.1910720020532608
case_017_real,humaneval,early,real_route_replay,1525,42,22,real,36.30952380952381,1,228,1.5259258735491652,down_full64_prebuilt,14,0.190528005361557
case_017_real,humaneval,early,real_route_replay,1525,42,22,real,36.30952380952381,1,228,1.5259258735491652,down_full64_prebuilt,15,0.19088000059127808
case_017_real,humaneval,early,real_route_replay,1525,42,22,real,36.30952380952381,1,228,1.5259258735491652,down_full64_prebuilt,16,0.18620799481868744
case_017_real,humaneval,early,real_route_replay,1525,42,22,real,36.30952380952381,1,228,1.5259258735491652,down_full64_prebuilt,17,0.1881919950246811
case_017_real,humaneval,early,real_route_replay,1525,42,22,real,36.30952380952381,1,228,1.5259258735491652,down_full64_prebuilt,18,0.18940800428390503
case_017_real,humaneval,early,real_route_replay,1525,42,22,real,36.30952380952381,1,228,1.5259258735491652,down_full64_prebuilt,19,0.19206400215625763
case_017_real,humaneval,early,real_route_replay,1525,42,22,real,36.30952380952381,1,228,1.5259258735491652,down_full64_prebuilt,20,0.19036799669265747
case_017_real,humaneval,early,real_route_replay,1525,42,22,real,36.30952380952381,1,228,1.5259258735491652,down_full64_prebuilt,21,0.19155199825763702
case_017_real,humaneval,early,real_route_replay,1525,42,22,real,36.30952380952381,1,228,1.5259258735491652,down_full64_prebuilt,22,0.19257600605487823
case_017_real,humaneval,early,real_route_replay,1525,42,22,real,36.30952380952381,1,228,1.5259258735491652,down_full64_prebuilt,23,0.19116799533367157
case_017_real,humaneval,early,real_route_replay,1525,42,22,real,36.30952380952381,1,228,1.5259258735491652,down_full64_prebuilt,24,0.18953600525856018
case_017_real,humaneval,early,real_route_replay,1525,42,22,real,36.30952380952381,1,228,1.5259258735491652,down_full64_prebuilt,25,0.1929599940776825
case_017_real,humaneval,early,real_route_replay,1525,42,22,real,36.30952380952381,1,228,1.5259258735491652,down_full64_prebuilt,26,0.19312000274658203
case_017_real,humaneval,early,real_route_replay,1525,42,22,real,36.30952380952381,1,228,1.5259258735491652,down_full64_prebuilt,27,0.19542400538921356
case_017_real,humaneval,early,real_route_replay,1525,42,22,real,36.30952380952381,1,228,1.5259258735491652,down_full64_prebuilt,28,0.18620799481868744
case_017_real,humaneval,early,real_route_replay,1525,42,22,real,36.30952380952381,1,228,1.5259258735491652,down_full64_prebuilt,29,0.1884479969739914
case_017_real,humaneval,early,real_route_replay,1525,42,22,real,36.30952380952381,1,228,1.5259258735491652,down_full64_prebuilt,30,0.19254399836063385
case_017_real,humaneval,early,real_route_replay,1525,42,22,real,36.30952380952381,1,228,1.5259258735491652,down_full64_prebuilt,31,0.1876160055398941
case_017_real,humaneval,early,real_route_replay,1525,42,22,real,36.30952380952381,1,228,1.5259258735491652,down_full64_prebuilt,32,0.19065600633621216
case_017_real,humaneval,early,real_route_replay,1525,42,22,real,36.30952380952381,1,228,1.5259258735491652,down_full64_prebuilt,33,0.18652799725532532
case_017_real,humaneval,early,real_route_replay,1525,42,22,real,36.30952380952381,1,228,1.5259258735491652,down_full64_prebuilt,34,0.18963199853897095
case_017_real,humaneval,early,real_route_replay,1525,42,22,real,36.30952380952381,1,228,1.5259258735491652,down_full64_prebuilt,35,0.1884160041809082
case_017_real,humaneval,early,real_route_replay,1525,42,22,real,36.30952380952381,1,228,1.5259258735491652,down_full64_prebuilt,36,0.18908800184726715
case_017_real,humaneval,early,real_route_replay,1525,42,22,real,36.30952380952381,1,228,1.5259258735491652,down_full64_prebuilt,37,0.18783999979496002
case_017_real,humaneval,early,real_route_replay,1525,42,22,real,36.30952380952381,1,228,1.5259258735491652,down_full64_prebuilt,38,0.19519999623298645
case_017_real,humaneval,early,real_route_replay,1525,42,22,real,36.30952380952381,1,228,1.5259258735491652,down_full64_prebuilt,39,0.19091199338436127
case_017_real,humaneval,early,real_route_replay,1525,42,22,real,36.30952380952381,1,228,1.5259258735491652,gate_up_full64_prebuilt,0,0.30486398935317993
case_017_real,humaneval,early,real_route_replay,1525,42,22,real,36.30952380952381,1,228,1.5259258735491652,gate_up_full64_prebuilt,1,0.3072640001773834
case_017_real,humaneval,early,real_route_replay,1525,42,22,real,36.30952380952381,1,228,1.5259258735491652,gate_up_full64_prebuilt,2,0.3030720055103302
case_017_real,humaneval,early,real_route_replay,1525,42,22,real,36.30952380952381,1,228,1.5259258735491652,gate_up_full64_prebuilt,3,0.3007679879665375
case_017_real,humaneval,early,real_route_replay,1525,42,22,real,36.30952380952381,1,228,1.5259258735491652,gate_up_full64_prebuilt,4,0.30211201310157776
case_017_real,humaneval,early,real_route_replay,1525,42,22,real,36.30952380952381,1,228,1.5259258735491652,gate_up_full64_prebuilt,5,0.30243200063705444
case_017_real,humaneval,early,real_route_replay,1525,42,22,real,36.30952380952381,1,228,1.5259258735491652,gate_up_full64_prebuilt,6,0.3039039969444275
case_017_real,humaneval,early,real_route_replay,1525,42,22,real,36.30952380952381,1,228,1.5259258735491652,gate_up_full64_prebuilt,7,0.3049280047416687
case_017_real,humaneval,early,real_route_replay,1525,42,22,real,36.30952380952381,1,228,1.5259258735491652,gate_up_full64_prebuilt,8,0.300927996635437
case_017_real,humaneval,early,real_route_replay,1525,42,22,real,36.30952380952381,1,228,1.5259258735491652,gate_up_full64_prebuilt,9,0.30320000648498535
case_017_real,humaneval,early,real_route_replay,1525,42,22,real,36.30952380952381,1,228,1.5259258735491652,gate_up_full64_prebuilt,10,0.3017599880695343
case_017_real,humaneval,early,real_route_replay,1525,42,22,real,36.30952380952381,1,228,1.5259258735491652,gate_up_full64_prebuilt,11,0.3036479949951172
case_017_real,humaneval,early,real_route_replay,1525,42,22,real,36.30952380952381,1,228,1.5259258735491652,gate_up_full64_prebuilt,12,0.30217599868774414
case_017_real,humaneval,early,real_route_replay,1525,42,22,real,36.30952380952381,1,228,1.5259258735491652,gate_up_full64_prebuilt,13,0.3007040023803711
case_017_real,humaneval,early,real_route_replay,1525,42,22,real,36.30952380952381,1,228,1.5259258735491652,gate_up_full64_prebuilt,14,0.3019520044326782
case_017_real,humaneval,early,real_route_replay,1525,42,22,real,36.30952380952381,1,228,1.5259258735491652,gate_up_full64_prebuilt,15,0.30640000104904175
case_017_real,humaneval,early,real_route_replay,1525,42,22,real,36.30952380952381,1,228,1.5259258735491652,gate_up_full64_prebuilt,16,0.30531200766563416
case_017_real,humaneval,early,real_route_replay,1525,42,22,real,36.30952380952381,1,228,1.5259258735491652,gate_up_full64_prebuilt,17,0.30636799335479736
case_017_real,humaneval,early,real_route_replay,1525,42,22,real,36.30952380952381,1,228,1.5259258735491652,gate_up_full64_prebuilt,18,0.30137598514556885
case_017_real,humaneval,early,real_route_replay,1525,42,22,real,36.30952380952381,1,228,1.5259258735491652,gate_up_full64_prebuilt,19,0.30294400453567505
case_017_real,humaneval,early,real_route_replay,1525,42,22,real,36.30952380952381,1,228,1.5259258735491652,gate_up_full64_prebuilt,20,0.3073920011520386
case_017_real,humaneval,early,real_route_replay,1525,42,22,real,36.30952380952381,1,228,1.5259258735491652,gate_up_full64_prebuilt,21,0.3099519908428192
case_017_real,humaneval,early,real_route_replay,1525,42,22,real,36.30952380952381,1,228,1.5259258735491652,gate_up_full64_prebuilt,22,0.3083840012550354
case_017_real,humaneval,early,real_route_replay,1525,42,22,real,36.30952380952381,1,228,1.5259258735491652,gate_up_full64_prebuilt,23,0.3097600042819977
case_017_real,humaneval,early,real_route_replay,1525,42,22,real,36.30952380952381,1,228,1.5259258735491652,gate_up_full64_prebuilt,24,0.30979201197624207
case_017_real,humaneval,early,real_route_replay,1525,42,22,real,36.30952380952381,1,228,1.5259258735491652,gate_up_full64_prebuilt,25,0.31696000695228577
case_017_real,humaneval,early,real_route_replay,1525,42,22,real,36.30952380952381,1,228,1.5259258735491652,gate_up_full64_prebuilt,26,0.30902400612831116
case_017_real,humaneval,early,real_route_replay,1525,42,22,real,36.30952380952381,1,228,1.5259258735491652,gate_up_full64_prebuilt,27,0.30687999725341797
case_017_real,humaneval,early,real_route_replay,1525,42,22,real,36.30952380952381,1,228,1.5259258735491652,gate_up_full64_prebuilt,28,0.30432000756263733
case_017_real,humaneval,early,real_route_replay,1525,42,22,real,36.30952380952381,1,228,1.5259258735491652,gate_up_full64_prebuilt,29,0.30140799283981323
case_017_real,humaneval,early,real_route_replay,1525,42,22,real,36.30952380952381,1,228,1.5259258735491652,gate_up_full64_prebuilt,30,0.3038719892501831
case_017_real,humaneval,early,real_route_replay,1525,42,22,real,36.30952380952381,1,228,1.5259258735491652,gate_up_full64_prebuilt,31,0.3023679852485657
case_017_real,humaneval,early,real_route_replay,1525,42,22,real,36.30952380952381,1,228,1.5259258735491652,gate_up_full64_prebuilt,32,0.29929599165916443
case_017_real,humaneval,early,real_route_replay,1525,42,22,real,36.30952380952381,1,228,1.5259258735491652,gate_up_full64_prebuilt,33,0.30425599217414856
case_017_real,humaneval,early,real_route_replay,1525,42,22,real,36.30952380952381,1,228,1.5259258735491652,gate_up_full64_prebuilt,34,0.30291199684143066
case_017_real,humaneval,early,real_route_replay,1525,42,22,real,36.30952380952381,1,228,1.5259258735491652,gate_up_full64_prebuilt,35,0.30191999673843384
case_017_real,humaneval,early,real_route_replay,1525,42,22,real,36.30952380952381,1,228,1.5259258735491652,gate_up_full64_prebuilt,36,0.30342400074005127
case_017_real,humaneval,early,real_route_replay,1525,42,22,real,36.30952380952381,1,228,1.5259258735491652,gate_up_full64_prebuilt,37,0.3031359910964966
case_017_real,humaneval,early,real_route_replay,1525,42,22,real,36.30952380952381,1,228,1.5259258735491652,gate_up_full64_prebuilt,38,0.3051519989967346
case_017_real,humaneval,early,real_route_replay,1525,42,22,real,36.30952380952381,1,228,1.5259258735491652,gate_up_full64_prebuilt,39,0.3047359883785248
case_017_real,humaneval,early,real_route_replay,1525,42,22,real,36.30952380952381,1,228,1.5259258735491652,gate_up_active_prebuilt,0,0.3086400032043457
case_017_real,humaneval,early,real_route_replay,1525,42,22,real,36.30952380952381,1,228,1.5259258735491652,gate_up_active_prebuilt,1,0.3150720000267029
case_017_real,humaneval,early,real_route_replay,1525,42,22,real,36.30952380952381,1,228,1.5259258735491652,gate_up_active_prebuilt,2,0.30905601382255554
case_017_real,humaneval,early,real_route_replay,1525,42,22,real,36.30952380952381,1,228,1.5259258735491652,gate_up_active_prebuilt,3,0.30720001459121704
case_017_real,humaneval,early,real_route_replay,1525,42,22,real,36.30952380952381,1,228,1.5259258735491652,gate_up_active_prebuilt,4,0.31632000207901
case_017_real,humaneval,early,real_route_replay,1525,42,22,real,36.30952380952381,1,228,1.5259258735491652,gate_up_active_prebuilt,5,0.32019200921058655
case_017_real,humaneval,early,real_route_replay,1525,42,22,real,36.30952380952381,1,228,1.5259258735491652,gate_up_active_prebuilt,6,0.30854400992393494
case_017_real,humaneval,early,real_route_replay,1525,42,22,real,36.30952380952381,1,228,1.5259258735491652,gate_up_active_prebuilt,7,0.30716800689697266
case_017_real,humaneval,early,real_route_replay,1525,42,22,real,36.30952380952381,1,228,1.5259258735491652,gate_up_active_prebuilt,8,0.3072960078716278
case_017_real,humaneval,early,real_route_replay,1525,42,22,real,36.30952380952381,1,228,1.5259258735491652,gate_up_active_prebuilt,9,0.30671998858451843
case_017_real,humaneval,early,real_route_replay,1525,42,22,real,36.30952380952381,1,228,1.5259258735491652,gate_up_active_prebuilt,10,0.30476799607276917
case_017_real,humaneval,early,real_route_replay,1525,42,22,real,36.30952380952381,1,228,1.5259258735491652,gate_up_active_prebuilt,11,0.3048959970474243
case_017_real,humaneval,early,real_route_replay,1525,42,22,real,36.30952380952381,1,228,1.5259258735491652,gate_up_active_prebuilt,12,0.3003840148448944
case_017_real,humaneval,early,real_route_replay,1525,42,22,real,36.30952380952381,1,228,1.5259258735491652,gate_up_active_prebuilt,13,0.3016960024833679
case_017_real,humaneval,early,real_route_replay,1525,42,22,real,36.30952380952381,1,228,1.5259258735491652,gate_up_active_prebuilt,14,0.30428799986839294
case_017_real,humaneval,early,real_route_replay,1525,42,22,real,36.30952380952381,1,228,1.5259258735491652,gate_up_active_prebuilt,15,0.3035840094089508
case_017_real,humaneval,early,real_route_replay,1525,42,22,real,36.30952380952381,1,228,1.5259258735491652,gate_up_active_prebuilt,16,0.30585598945617676
case_017_real,humaneval,early,real_route_replay,1525,42,22,real,36.30952380952381,1,228,1.5259258735491652,gate_up_active_prebuilt,17,0.3044799864292145
case_017_real,humaneval,early,real_route_replay,1525,42,22,real,36.30952380952381,1,228,1.5259258735491652,gate_up_active_prebuilt,18,0.3033280074596405
case_017_real,humaneval,early,real_route_replay,1525,42,22,real,36.30952380952381,1,228,1.5259258735491652,gate_up_active_prebuilt,19,0.3036479949951172
case_017_real,humaneval,early,real_route_replay,1525,42,22,real,36.30952380952381,1,228,1.5259258735491652,gate_up_active_prebuilt,20,0.30166399478912354
case_017_real,humaneval,early,real_route_replay,1525,42,22,real,36.30952380952381,1,228,1.5259258735491652,gate_up_active_prebuilt,21,0.30054399371147156
case_017_real,humaneval,early,real_route_replay,1525,42,22,real,36.30952380952381,1,228,1.5259258735491652,gate_up_active_prebuilt,22,0.3022719919681549
case_017_real,humaneval,early,real_route_replay,1525,42,22,real,36.30952380952381,1,228,1.5259258735491652,gate_up_active_prebuilt,23,0.30537599325180054
case_017_real,humaneval,early,real_route_replay,1525,42,22,real,36.30952380952381,1,228,1.5259258735491652,gate_up_active_prebuilt,24,0.3054400086402893
case_017_real,humaneval,early,real_route_replay,1525,42,22,real,36.30952380952381,1,228,1.5259258735491652,gate_up_active_prebuilt,25,0.30687999725341797
case_017_real,humaneval,early,real_route_replay,1525,42,22,real,36.30952380952381,1,228,1.5259258735491652,gate_up_active_prebuilt,26,0.302592009305954
case_017_real,humaneval,early,real_route_replay,1525,42,22,real,36.30952380952381,1,228,1.5259258735491652,gate_up_active_prebuilt,27,0.3075200021266937
case_017_real,humaneval,early,real_route_replay,1525,42,22,real,36.30952380952381,1,228,1.5259258735491652,gate_up_active_prebuilt,28,0.30819201469421387
case_017_real,humaneval,early,real_route_replay,1525,42,22,real,36.30952380952381,1,228,1.5259258735491652,gate_up_active_prebuilt,29,0.3046720027923584
case_017_real,humaneval,early,real_route_replay,1525,42,22,real,36.30952380952381,1,228,1.5259258735491652,gate_up_active_prebuilt,30,0.312608003616333
case_017_real,humaneval,early,real_route_replay,1525,42,22,real,36.30952380952381,1,228,1.5259258735491652,gate_up_active_prebuilt,31,0.312063992023468
case_017_real,humaneval,early,real_route_replay,1525,42,22,real,36.30952380952381,1,228,1.5259258735491652,gate_up_active_prebuilt,32,0.3113279938697815
case_017_real,humaneval,early,real_route_replay,1525,42,22,real,36.30952380952381,1,228,1.5259258735491652,gate_up_active_prebuilt,33,0.3093760013580322
case_017_real,humaneval,early,real_route_replay,1525,42,22,real,36.30952380952381,1,228,1.5259258735491652,gate_up_active_prebuilt,34,0.3173759877681732
case_017_real,humaneval,early,real_route_replay,1525,42,22,real,36.30952380952381,1,228,1.5259258735491652,gate_up_active_prebuilt,35,0.3147520124912262
case_017_real,humaneval,early,real_route_replay,1525,42,22,real,36.30952380952381,1,228,1.5259258735491652,gate_up_active_prebuilt,36,0.3105280101299286
case_017_real,humaneval,early,real_route_replay,1525,42,22,real,36.30952380952381,1,228,1.5259258735491652,gate_up_active_prebuilt,37,0.3124159872531891
case_017_real,humaneval,early,real_route_replay,1525,42,22,real,36.30952380952381,1,228,1.5259258735491652,gate_up_active_prebuilt,38,0.31407999992370605
case_017_real,humaneval,early,real_route_replay,1525,42,22,real,36.30952380952381,1,228,1.5259258735491652,gate_up_active_prebuilt,39,0.30537599325180054
case_018_real,humaneval,early,real_route_replay,2398,38,26,real,63.10526315789474,1,467,1.819840127975464,gate_up_full64_prebuilt,0,0.3195520043373108
case_018_real,humaneval,early,real_route_replay,2398,38,26,real,63.10526315789474,1,467,1.819840127975464,gate_up_full64_prebuilt,1,0.3039360046386719
case_018_real,humaneval,early,real_route_replay,2398,38,26,real,63.10526315789474,1,467,1.819840127975464,gate_up_full64_prebuilt,2,0.302592009305954
case_018_real,humaneval,early,real_route_replay,2398,38,26,real,63.10526315789474,1,467,1.819840127975464,gate_up_full64_prebuilt,3,0.31040000915527344
case_018_real,humaneval,early,real_route_replay,2398,38,26,real,63.10526315789474,1,467,1.819840127975464,gate_up_full64_prebuilt,4,0.30156800150871277
case_018_real,humaneval,early,real_route_replay,2398,38,26,real,63.10526315789474,1,467,1.819840127975464,gate_up_full64_prebuilt,5,0.3007040023803711
case_018_real,humaneval,early,real_route_replay,2398,38,26,real,63.10526315789474,1,467,1.819840127975464,gate_up_full64_prebuilt,6,0.3059200048446655
case_018_real,humaneval,early,real_route_replay,2398,38,26,real,63.10526315789474,1,467,1.819840127975464,gate_up_full64_prebuilt,7,0.3020800054073334
case_018_real,humaneval,early,real_route_replay,2398,38,26,real,63.10526315789474,1,467,1.819840127975464,gate_up_full64_prebuilt,8,0.3007040023803711
case_018_real,humaneval,early,real_route_replay,2398,38,26,real,63.10526315789474,1,467,1.819840127975464,gate_up_full64_prebuilt,9,0.30348798632621765
case_018_real,humaneval,early,real_route_replay,2398,38,26,real,63.10526315789474,1,467,1.819840127975464,gate_up_full64_prebuilt,10,0.2995840013027191
case_018_real,humaneval,early,real_route_replay,2398,38,26,real,63.10526315789474,1,467,1.819840127975464,gate_up_full64_prebuilt,11,0.3004159927368164
case_018_real,humaneval,early,real_route_replay,2398,38,26,real,63.10526315789474,1,467,1.819840127975464,gate_up_full64_prebuilt,12,0.30556800961494446
case_018_real,humaneval,early,real_route_replay,2398,38,26,real,63.10526315789474,1,467,1.819840127975464,gate_up_full64_prebuilt,13,0.3003840148448944
case_018_real,humaneval,early,real_route_replay,2398,38,26,real,63.10526315789474,1,467,1.819840127975464,gate_up_full64_prebuilt,14,0.30246400833129883
case_018_real,humaneval,early,real_route_replay,2398,38,26,real,63.10526315789474,1,467,1.819840127975464,gate_up_full64_prebuilt,15,0.29974400997161865
case_018_real,humaneval,early,real_route_replay,2398,38,26,real,63.10526315789474,1,467,1.819840127975464,gate_up_full64_prebuilt,16,0.3006080090999603
case_018_real,humaneval,early,real_route_replay,2398,38,26,real,63.10526315789474,1,467,1.819840127975464,gate_up_full64_prebuilt,17,0.30057600140571594
case_018_real,humaneval,early,real_route_replay,2398,38,26,real,63.10526315789474,1,467,1.819840127975464,gate_up_full64_prebuilt,18,0.3012799918651581
case_018_real,humaneval,early,real_route_replay,2398,38,26,real,63.10526315789474,1,467,1.819840127975464,gate_up_full64_prebuilt,19,0.3020800054073334
case_018_real,humaneval,early,real_route_replay,2398,38,26,real,63.10526315789474,1,467,1.819840127975464,gate_up_full64_prebuilt,20,0.30342400074005127
case_018_real,humaneval,early,real_route_replay,2398,38,26,real,63.10526315789474,1,467,1.819840127975464,gate_up_full64_prebuilt,21,0.29894399642944336
case_018_real,humaneval,early,real_route_replay,2398,38,26,real,63.10526315789474,1,467,1.819840127975464,gate_up_full64_prebuilt,22,0.3023360073566437
case_018_real,humaneval,early,real_route_replay,2398,38,26,real,63.10526315789474,1,467,1.819840127975464,gate_up_full64_prebuilt,23,0.3019840121269226
case_018_real,humaneval,early,real_route_replay,2398,38,26,real,63.10526315789474,1,467,1.819840127975464,gate_up_full64_prebuilt,24,0.2999359965324402
case_018_real,humaneval,early,real_route_replay,2398,38,26,real,63.10526315789474,1,467,1.819840127975464,gate_up_full64_prebuilt,25,0.30057600140571594
case_018_real,humaneval,early,real_route_replay,2398,38,26,real,63.10526315789474,1,467,1.819840127975464,gate_up_full64_prebuilt,26,0.30163198709487915
case_018_real,humaneval,early,real_route_replay,2398,38,26,real,63.10526315789474,1,467,1.819840127975464,gate_up_full64_prebuilt,27,0.3017280101776123
case_018_real,humaneval,early,real_route_replay,2398,38,26,real,63.10526315789474,1,467,1.819840127975464,gate_up_full64_prebuilt,28,0.3046720027923584
case_018_real,humaneval,early,real_route_replay,2398,38,26,real,63.10526315789474,1,467,1.819840127975464,gate_up_full64_prebuilt,29,0.3036159873008728
case_018_real,humaneval,early,real_route_replay,2398,38,26,real,63.10526315789474,1,467,1.819840127975464,gate_up_full64_prebuilt,30,0.29971200227737427
case_018_real,humaneval,early,real_route_replay,2398,38,26,real,63.10526315789474,1,467,1.819840127975464,gate_up_full64_prebuilt,31,0.302623987197876
case_018_real,humaneval,early,real_route_replay,2398,38,26,real,63.10526315789474,1,467,1.819840127975464,gate_up_full64_prebuilt,32,0.3036479949951172
case_018_real,humaneval,early,real_route_replay,2398,38,26,real,63.10526315789474,1,467,1.819840127975464,gate_up_full64_prebuilt,33,0.30345600843429565
case_018_real,humaneval,early,real_route_replay,2398,38,26,real,63.10526315789474,1,467,1.819840127975464,gate_up_full64_prebuilt,34,0.30694401264190674
case_018_real,humaneval,early,real_route_replay,2398,38,26,real,63.10526315789474,1,467,1.819840127975464,gate_up_full64_prebuilt,35,0.3057920038700104
case_018_real,humaneval,early,real_route_replay,2398,38,26,real,63.10526315789474,1,467,1.819840127975464,gate_up_full64_prebuilt,36,0.305184006690979
case_018_real,humaneval,early,real_route_replay,2398,38,26,real,63.10526315789474,1,467,1.819840127975464,gate_up_full64_prebuilt,37,0.30326399207115173
case_018_real,humaneval,early,real_route_replay,2398,38,26,real,63.10526315789474,1,467,1.819840127975464,gate_up_full64_prebuilt,38,0.3025279939174652
case_018_real,humaneval,early,real_route_replay,2398,38,26,real,63.10526315789474,1,467,1.819840127975464,gate_up_full64_prebuilt,39,0.3012160062789917
case_018_real,humaneval,early,real_route_replay,2398,38,26,real,63.10526315789474,1,467,1.819840127975464,gate_up_active_prebuilt,0,0.304064005613327
case_018_real,humaneval,early,real_route_replay,2398,38,26,real,63.10526315789474,1,467,1.819840127975464,gate_up_active_prebuilt,1,0.3038400113582611
case_018_real,humaneval,early,real_route_replay,2398,38,26,real,63.10526315789474,1,467,1.819840127975464,gate_up_active_prebuilt,2,0.2991360127925873
case_018_real,humaneval,early,real_route_replay,2398,38,26,real,63.10526315789474,1,467,1.819840127975464,gate_up_active_prebuilt,3,0.2998720109462738
case_018_real,humaneval,early,real_route_replay,2398,38,26,real,63.10526315789474,1,467,1.819840127975464,gate_up_active_prebuilt,4,0.3025600016117096
case_018_real,humaneval,early,real_route_replay,2398,38,26,real,63.10526315789474,1,467,1.819840127975464,gate_up_active_prebuilt,5,0.3035840094089508
case_018_real,humaneval,early,real_route_replay,2398,38,26,real,63.10526315789474,1,467,1.819840127975464,gate_up_active_prebuilt,6,0.3019520044326782
case_018_real,humaneval,early,real_route_replay,2398,38,26,real,63.10526315789474,1,467,1.819840127975464,gate_up_active_prebuilt,7,0.3031359910964966
case_018_real,humaneval,early,real_route_replay,2398,38,26,real,63.10526315789474,1,467,1.819840127975464,gate_up_active_prebuilt,8,0.3012799918651581
case_018_real,humaneval,early,real_route_replay,2398,38,26,real,63.10526315789474,1,467,1.819840127975464,gate_up_active_prebuilt,9,0.3007040023803711
case_018_real,humaneval,early,real_route_replay,2398,38,26,real,63.10526315789474,1,467,1.819840127975464,gate_up_active_prebuilt,10,0.3019840121269226
case_018_real,humaneval,early,real_route_replay,2398,38,26,real,63.10526315789474,1,467,1.819840127975464,gate_up_active_prebuilt,11,0.30163198709487915
case_018_real,humaneval,early,real_route_replay,2398,38,26,real,63.10526315789474,1,467,1.819840127975464,gate_up_active_prebuilt,12,0.3035520017147064
case_018_real,humaneval,early,real_route_replay,2398,38,26,real,63.10526315789474,1,467,1.819840127975464,gate_up_active_prebuilt,13,0.3086720108985901
case_018_real,humaneval,early,real_route_replay,2398,38,26,real,63.10526315789474,1,467,1.819840127975464,gate_up_active_prebuilt,14,0.3150720000267029
case_018_real,humaneval,early,real_route_replay,2398,38,26,real,63.10526315789474,1,467,1.819840127975464,gate_up_active_prebuilt,15,0.312063992023468
case_018_real,humaneval,early,real_route_replay,2398,38,26,real,63.10526315789474,1,467,1.819840127975464,gate_up_active_prebuilt,16,0.3094080090522766
case_018_real,humaneval,early,real_route_replay,2398,38,26,real,63.10526315789474,1,467,1.819840127975464,gate_up_active_prebuilt,17,0.31679999828338623
case_018_real,humaneval,early,real_route_replay,2398,38,26,real,63.10526315789474,1,467,1.819840127975464,gate_up_active_prebuilt,18,0.3089280128479004
case_018_real,humaneval,early,real_route_replay,2398,38,26,real,63.10526315789474,1,467,1.819840127975464,gate_up_active_prebuilt,19,0.3047359883785248
case_018_real,humaneval,early,real_route_replay,2398,38,26,real,63.10526315789474,1,467,1.819840127975464,gate_up_active_prebuilt,20,0.30057600140571594
case_018_real,humaneval,early,real_route_replay,2398,38,26,real,63.10526315789474,1,467,1.819840127975464,gate_up_active_prebuilt,21,0.30108800530433655
case_018_real,humaneval,early,real_route_replay,2398,38,26,real,63.10526315789474,1,467,1.819840127975464,gate_up_active_prebuilt,22,0.3025279939174652
case_018_real,humaneval,early,real_route_replay,2398,38,26,real,63.10526315789474,1,467,1.819840127975464,gate_up_active_prebuilt,23,0.30108800530433655
case_018_real,humaneval,early,real_route_replay,2398,38,26,real,63.10526315789474,1,467,1.819840127975464,gate_up_active_prebuilt,24,0.30108800530433655
case_018_real,humaneval,early,real_route_replay,2398,38,26,real,63.10526315789474,1,467,1.819840127975464,gate_up_active_prebuilt,25,0.3039360046386719
case_018_real,humaneval,early,real_route_replay,2398,38,26,real,63.10526315789474,1,467,1.819840127975464,gate_up_active_prebuilt,26,0.3023039996623993
case_018_real,humaneval,early,real_route_replay,2398,38,26,real,63.10526315789474,1,467,1.819840127975464,gate_up_active_prebuilt,27,0.3041279911994934
case_018_real,humaneval,early,real_route_replay,2398,38,26,real,63.10526315789474,1,467,1.819840127975464,gate_up_active_prebuilt,28,0.31062400341033936
case_018_real,humaneval,early,real_route_replay,2398,38,26,real,63.10526315789474,1,467,1.819840127975464,gate_up_active_prebuilt,29,0.3097279965877533
case_018_real,humaneval,early,real_route_replay,2398,38,26,real,63.10526315789474,1,467,1.819840127975464,gate_up_active_prebuilt,30,0.31353598833084106
case_018_real,humaneval,early,real_route_replay,2398,38,26,real,63.10526315789474,1,467,1.819840127975464,gate_up_active_prebuilt,31,0.31088000535964966
case_018_real,humaneval,early,real_route_replay,2398,38,26,real,63.10526315789474,1,467,1.819840127975464,gate_up_active_prebuilt,32,0.3178560137748718
case_018_real,humaneval,early,real_route_replay,2398,38,26,real,63.10526315789474,1,467,1.819840127975464,gate_up_active_prebuilt,33,0.3054719865322113
case_018_real,humaneval,early,real_route_replay,2398,38,26,real,63.10526315789474,1,467,1.819840127975464,gate_up_active_prebuilt,34,0.3036479949951172
case_018_real,humaneval,early,real_route_replay,2398,38,26,real,63.10526315789474,1,467,1.819840127975464,gate_up_active_prebuilt,35,0.305184006690979
case_018_real,humaneval,early,real_route_replay,2398,38,26,real,63.10526315789474,1,467,1.819840127975464,gate_up_active_prebuilt,36,0.30399999022483826
case_018_real,humaneval,early,real_route_replay,2398,38,26,real,63.10526315789474,1,467,1.819840127975464,gate_up_active_prebuilt,37,0.3047040104866028
case_018_real,humaneval,early,real_route_replay,2398,38,26,real,63.10526315789474,1,467,1.819840127975464,gate_up_active_prebuilt,38,0.3004480004310608
case_018_real,humaneval,early,real_route_replay,2398,38,26,real,63.10526315789474,1,467,1.819840127975464,gate_up_active_prebuilt,39,0.3089599907398224
case_018_real,humaneval,early,real_route_replay,2398,38,26,real,63.10526315789474,1,467,1.819840127975464,route_weight,0,0.04057599976658821
case_018_real,humaneval,early,real_route_replay,2398,38,26,real,63.10526315789474,1,467,1.819840127975464,route_weight,1,0.03590400144457817
case_018_real,humaneval,early,real_route_replay,2398,38,26,real,63.10526315789474,1,467,1.819840127975464,route_weight,2,0.03497600182890892
case_018_real,humaneval,early,real_route_replay,2398,38,26,real,63.10526315789474,1,467,1.819840127975464,route_weight,3,0.03411199897527695
case_018_real,humaneval,early,real_route_replay,2398,38,26,real,63.10526315789474,1,467,1.819840127975464,route_weight,4,0.03593600168824196
case_018_real,humaneval,early,real_route_replay,2398,38,26,real,63.10526315789474,1,467,1.819840127975464,route_weight,5,0.03564799949526787
case_018_real,humaneval,early,real_route_replay,2398,38,26,real,63.10526315789474,1,467,1.819840127975464,route_weight,6,0.03827200084924698
case_018_real,humaneval,early,real_route_replay,2398,38,26,real,63.10526315789474,1,467,1.819840127975464,route_weight,7,0.03545600175857544
case_018_real,humaneval,early,real_route_replay,2398,38,26,real,63.10526315789474,1,467,1.819840127975464,route_weight,8,0.03587200120091438
case_018_real,humaneval,early,real_route_replay,2398,38,26,real,63.10526315789474,1,467,1.819840127975464,route_weight,9,0.034912001341581345
case_018_real,humaneval,early,real_route_replay,2398,38,26,real,63.10526315789474,1,467,1.819840127975464,route_weight,10,0.03718400001525879
case_018_real,humaneval,early,real_route_replay,2398,38,26,real,63.10526315789474,1,467,1.819840127975464,route_weight,11,0.03638400137424469
case_018_real,humaneval,early,real_route_replay,2398,38,26,real,63.10526315789474,1,467,1.819840127975464,route_weight,12,0.03622400015592575
case_018_real,humaneval,early,real_route_replay,2398,38,26,real,63.10526315789474,1,467,1.819840127975464,route_weight,13,0.03574400022625923
case_018_real,humaneval,early,real_route_replay,2398,38,26,real,63.10526315789474,1,467,1.819840127975464,route_weight,14,0.03612799942493439
case_018_real,humaneval,early,real_route_replay,2398,38,26,real,63.10526315789474,1,467,1.819840127975464,route_weight,15,0.03561599925160408
case_018_real,humaneval,early,real_route_replay,2398,38,26,real,63.10526315789474,1,467,1.819840127975464,route_weight,16,0.036448001861572266
case_018_real,humaneval,early,real_route_replay,2398,38,26,real,63.10526315789474,1,467,1.819840127975464,route_weight,17,0.03564799949526787
case_018_real,humaneval,early,real_route_replay,2398,38,26,real,63.10526315789474,1,467,1.819840127975464,route_weight,18,0.03468799963593483
case_018_real,humaneval,early,real_route_replay,2398,38,26,real,63.10526315789474,1,467,1.819840127975464,route_weight,19,0.03776000067591667
case_018_real,humaneval,early,real_route_replay,2398,38,26,real,63.10526315789474,1,467,1.819840127975464,route_weight,20,0.035232000052928925
case_018_real,humaneval,early,real_route_replay,2398,38,26,real,63.10526315789474,1,467,1.819840127975464,route_weight,21,0.03667199984192848
case_018_real,humaneval,early,real_route_replay,2398,38,26,real,63.10526315789474,1,467,1.819840127975464,route_weight,22,0.035999998450279236
case_018_real,humaneval,early,real_route_replay,2398,38,26,real,63.10526315789474,1,467,1.819840127975464,route_weight,23,0.03542400151491165
case_018_real,humaneval,early,real_route_replay,2398,38,26,real,63.10526315789474,1,467,1.819840127975464,route_weight,24,0.03718400001525879
case_018_real,humaneval,early,real_route_replay,2398,38,26,real,63.10526315789474,1,467,1.819840127975464,route_weight,25,0.036639999598264694
case_018_real,humaneval,early,real_route_replay,2398,38,26,real,63.10526315789474,1,467,1.819840127975464,route_weight,26,0.03574400022625923
case_018_real,humaneval,early,real_route_replay,2398,38,26,real,63.10526315789474,1,467,1.819840127975464,route_weight,27,0.03580800071358681
case_018_real,humaneval,early,real_route_replay,2398,38,26,real,63.10526315789474,1,467,1.819840127975464,route_weight,28,0.0363520011305809
case_018_real,humaneval,early,real_route_replay,2398,38,26,real,63.10526315789474,1,467,1.819840127975464,route_weight,29,0.036959998309612274
case_018_real,humaneval,early,real_route_replay,2398,38,26,real,63.10526315789474,1,467,1.819840127975464,route_weight,30,0.03545600175857544
case_018_real,humaneval,early,real_route_replay,2398,38,26,real,63.10526315789474,1,467,1.819840127975464,route_weight,31,0.03686400130391121
case_018_real,humaneval,early,real_route_replay,2398,38,26,real,63.10526315789474,1,467,1.819840127975464,route_weight,32,0.03596799820661545
case_018_real,humaneval,early,real_route_replay,2398,38,26,real,63.10526315789474,1,467,1.819840127975464,route_weight,33,0.0360959991812706
case_018_real,humaneval,early,real_route_replay,2398,38,26,real,63.10526315789474,1,467,1.819840127975464,route_weight,34,0.03587200120091438
case_018_real,humaneval,early,real_route_replay,2398,38,26,real,63.10526315789474,1,467,1.819840127975464,route_weight,35,0.03638400137424469
case_018_real,humaneval,early,real_route_replay,2398,38,26,real,63.10526315789474,1,467,1.819840127975464,route_weight,36,0.035711999982595444
case_018_real,humaneval,early,real_route_replay,2398,38,26,real,63.10526315789474,1,467,1.819840127975464,route_weight,37,0.037248000502586365
case_018_real,humaneval,early,real_route_replay,2398,38,26,real,63.10526315789474,1,467,1.819840127975464,route_weight,38,0.03651199862360954
case_018_real,humaneval,early,real_route_replay,2398,38,26,real,63.10526315789474,1,467,1.819840127975464,route_weight,39,0.0360959991812706
case_018_real,humaneval,early,real_route_replay,2398,38,26,real,63.10526315789474,1,467,1.819840127975464,down_full64_prebuilt,0,0.19648000597953796
case_018_real,humaneval,early,real_route_replay,2398,38,26,real,63.10526315789474,1,467,1.819840127975464,down_full64_prebuilt,1,0.18771199882030487
case_018_real,humaneval,early,real_route_replay,2398,38,26,real,63.10526315789474,1,467,1.819840127975464,down_full64_prebuilt,2,0.1907840073108673
case_018_real,humaneval,early,real_route_replay,2398,38,26,real,63.10526315789474,1,467,1.819840127975464,down_full64_prebuilt,3,0.18585599958896637
case_018_real,humaneval,early,real_route_replay,2398,38,26,real,63.10526315789474,1,467,1.819840127975464,down_full64_prebuilt,4,0.19020800292491913
case_018_real,humaneval,early,real_route_replay,2398,38,26,real,63.10526315789474,1,467,1.819840127975464,down_full64_prebuilt,5,0.18681600689888
case_018_real,humaneval,early,real_route_replay,2398,38,26,real,63.10526315789474,1,467,1.819840127975464,down_full64_prebuilt,6,0.19379200041294098
case_018_real,humaneval,early,real_route_replay,2398,38,26,real,63.10526315789474,1,467,1.819840127975464,down_full64_prebuilt,7,0.19312000274658203
case_018_real,humaneval,early,real_route_replay,2398,38,26,real,63.10526315789474,1,467,1.819840127975464,down_full64_prebuilt,8,0.19331200420856476
case_018_real,humaneval,early,real_route_replay,2398,38,26,real,63.10526315789474,1,467,1.819840127975464,down_full64_prebuilt,9,0.19327999651432037
case_018_real,humaneval,early,real_route_replay,2398,38,26,real,63.10526315789474,1,467,1.819840127975464,down_full64_prebuilt,10,0.1956160068511963
case_018_real,humaneval,early,real_route_replay,2398,38,26,real,63.10526315789474,1,467,1.819840127975464,down_full64_prebuilt,11,0.195360004901886
case_018_real,humaneval,early,real_route_replay,2398,38,26,real,63.10526315789474,1,467,1.819840127975464,down_full64_prebuilt,12,0.1966399997472763
case_018_real,humaneval,early,real_route_replay,2398,38,26,real,63.10526315789474,1,467,1.819840127975464,down_full64_prebuilt,13,0.19916799664497375
case_018_real,humaneval,early,real_route_replay,2398,38,26,real,63.10526315789474,1,467,1.819840127975464,down_full64_prebuilt,14,0.19913600385189056
case_018_real,humaneval,early,real_route_replay,2398,38,26,real,63.10526315789474,1,467,1.819840127975464,down_full64_prebuilt,15,0.19791999459266663
case_018_real,humaneval,early,real_route_replay,2398,38,26,real,63.10526315789474,1,467,1.819840127975464,down_full64_prebuilt,16,0.19855999946594238
case_018_real,humaneval,early,real_route_replay,2398,38,26,real,63.10526315789474,1,467,1.819840127975464,down_full64_prebuilt,17,0.19232000410556793
case_018_real,humaneval,early,real_route_replay,2398,38,26,real,63.10526315789474,1,467,1.819840127975464,down_full64_prebuilt,18,0.19836799800395966
case_018_real,humaneval,early,real_route_replay,2398,38,26,real,63.10526315789474,1,467,1.819840127975464,down_full64_prebuilt,19,0.19439999759197235
case_018_real,humaneval,early,real_route_replay,2398,38,26,real,63.10526315789474,1,467,1.819840127975464,down_full64_prebuilt,20,0.21359999477863312
case_018_real,humaneval,early,real_route_replay,2398,38,26,real,63.10526315789474,1,467,1.819840127975464,down_full64_prebuilt,21,0.20230400562286377
case_018_real,humaneval,early,real_route_replay,2398,38,26,real,63.10526315789474,1,467,1.819840127975464,down_full64_prebuilt,22,0.19312000274658203
case_018_real,humaneval,early,real_route_replay,2398,38,26,real,63.10526315789474,1,467,1.819840127975464,down_full64_prebuilt,23,0.19305600225925446
case_018_real,humaneval,early,real_route_replay,2398,38,26,real,63.10526315789474,1,467,1.819840127975464,down_full64_prebuilt,24,0.19206400215625763
case_018_real,humaneval,early,real_route_replay,2398,38,26,real,63.10526315789474,1,467,1.819840127975464,down_full64_prebuilt,25,0.18886399269104004
case_018_real,humaneval,early,real_route_replay,2398,38,26,real,63.10526315789474,1,467,1.819840127975464,down_full64_prebuilt,26,0.1871040016412735
case_018_real,humaneval,early,real_route_replay,2398,38,26,real,63.10526315789474,1,467,1.819840127975464,down_full64_prebuilt,27,0.18809600174427032
case_018_real,humaneval,early,real_route_replay,2398,38,26,real,63.10526315789474,1,467,1.819840127975464,down_full64_prebuilt,28,0.18831999599933624
case_018_real,humaneval,early,real_route_replay,2398,38,26,real,63.10526315789474,1,467,1.819840127975464,down_full64_prebuilt,29,0.18719999492168427
case_018_real,humaneval,early,real_route_replay,2398,38,26,real,63.10526315789474,1,467,1.819840127975464,down_full64_prebuilt,30,0.19539199769496918
case_018_real,humaneval,early,real_route_replay,2398,38,26,real,63.10526315789474,1,467,1.819840127975464,down_full64_prebuilt,31,0.1902720034122467
case_018_real,humaneval,early,real_route_replay,2398,38,26,real,63.10526315789474,1,467,1.819840127975464,down_full64_prebuilt,32,0.18966400623321533
case_018_real,humaneval,early,real_route_replay,2398,38,26,real,63.10526315789474,1,467,1.819840127975464,down_full64_prebuilt,33,0.18671999871730804
case_018_real,humaneval,early,real_route_replay,2398,38,26,real,63.10526315789474,1,467,1.819840127975464,down_full64_prebuilt,34,0.19059200584888458
case_018_real,humaneval,early,real_route_replay,2398,38,26,real,63.10526315789474,1,467,1.819840127975464,down_full64_prebuilt,35,0.18704000115394592
case_018_real,humaneval,early,real_route_replay,2398,38,26,real,63.10526315789474,1,467,1.819840127975464,down_full64_prebuilt,36,0.19356800615787506
case_018_real,humaneval,early,real_route_replay,2398,38,26,real,63.10526315789474,1,467,1.819840127975464,down_full64_prebuilt,37,0.19446399807929993
case_018_real,humaneval,early,real_route_replay,2398,38,26,real,63.10526315789474,1,467,1.819840127975464,down_full64_prebuilt,38,0.19574399292469025
case_018_real,humaneval,early,real_route_replay,2398,38,26,real,63.10526315789474,1,467,1.819840127975464,down_full64_prebuilt,39,0.19254399836063385
case_018_real,humaneval,early,real_route_replay,2398,38,26,real,63.10526315789474,1,467,1.819840127975464,swiglu,0,0.03267199918627739
case_018_real,humaneval,early,real_route_replay,2398,38,26,real,63.10526315789474,1,467,1.819840127975464,swiglu,1,0.025855999439954758
case_018_real,humaneval,early,real_route_replay,2398,38,26,real,63.10526315789474,1,467,1.819840127975464,swiglu,2,0.025631999596953392
case_018_real,humaneval,early,real_route_replay,2398,38,26,real,63.10526315789474,1,467,1.819840127975464,swiglu,3,0.02627200074493885
case_018_real,humaneval,early,real_route_replay,2398,38,26,real,63.10526315789474,1,467,1.819840127975464,swiglu,4,0.025855999439954758
case_018_real,humaneval,early,real_route_replay,2398,38,26,real,63.10526315789474,1,467,1.819840127975464,swiglu,5,0.02908799983561039
case_018_real,humaneval,early,real_route_replay,2398,38,26,real,63.10526315789474,1,467,1.819840127975464,swiglu,6,0.027103999629616737
case_018_real,humaneval,early,real_route_replay,2398,38,26,real,63.10526315789474,1,467,1.819840127975464,swiglu,7,0.02707199938595295
case_018_real,humaneval,early,real_route_replay,2398,38,26,real,63.10526315789474,1,467,1.819840127975464,swiglu,8,0.03376000002026558
case_018_real,humaneval,early,real_route_replay,2398,38,26,real,63.10526315789474,1,467,1.819840127975464,swiglu,9,0.025919999927282333
case_018_real,humaneval,early,real_route_replay,2398,38,26,real,63.10526315789474,1,467,1.819840127975464,swiglu,10,0.02595200017094612
case_018_real,humaneval,early,real_route_replay,2398,38,26,real,63.10526315789474,1,467,1.819840127975464,swiglu,11,0.025407999753952026
case_018_real,humaneval,early,real_route_replay,2398,38,26,real,63.10526315789474,1,467,1.819840127975464,swiglu,12,0.02595200017094612
case_018_real,humaneval,early,real_route_replay,2398,38,26,real,63.10526315789474,1,467,1.819840127975464,swiglu,13,0.026559999212622643
case_018_real,humaneval,early,real_route_replay,2398,38,26,real,63.10526315789474,1,467,1.819840127975464,swiglu,14,0.02582399919629097
case_018_real,humaneval,early,real_route_replay,2398,38,26,real,63.10526315789474,1,467,1.819840127975464,swiglu,15,0.02579200081527233
case_018_real,humaneval,early,real_route_replay,2398,38,26,real,63.10526315789474,1,467,1.819840127975464,swiglu,16,0.03372799977660179
case_018_real,humaneval,early,real_route_replay,2398,38,26,real,63.10526315789474,1,467,1.819840127975464,swiglu,17,0.026399999856948853
case_018_real,humaneval,early,real_route_replay,2398,38,26,real,63.10526315789474,1,467,1.819840127975464,swiglu,18,0.028384000062942505
case_018_real,humaneval,early,real_route_replay,2398,38,26,real,63.10526315789474,1,467,1.819840127975464,swiglu,19,0.02703999914228916
case_018_real,humaneval,early,real_route_replay,2398,38,26,real,63.10526315789474,1,467,1.819840127975464,swiglu,20,0.02675200067460537
case_018_real,humaneval,early,real_route_replay,2398,38,26,real,63.10526315789474,1,467,1.819840127975464,swiglu,21,0.025760000571608543
case_018_real,humaneval,early,real_route_replay,2398,38,26,real,63.10526315789474,1,467,1.819840127975464,swiglu,22,0.03129599988460541
case_018_real,humaneval,early,real_route_replay,2398,38,26,real,63.10526315789474,1,467,1.819840127975464,swiglu,23,0.026335999369621277
case_018_real,humaneval,early,real_route_replay,2398,38,26,real,63.10526315789474,1,467,1.819840127975464,swiglu,24,0.025887999683618546
case_018_real,humaneval,early,real_route_replay,2398,38,26,real,63.10526315789474,1,467,1.819840127975464,swiglu,25,0.02534399926662445
case_018_real,humaneval,early,real_route_replay,2398,38,26,real,63.10526315789474,1,467,1.819840127975464,swiglu,26,0.025760000571608543
case_018_real,humaneval,early,real_route_replay,2398,38,26,real,63.10526315789474,1,467,1.819840127975464,swiglu,27,0.04044799879193306
case_018_real,humaneval,early,real_route_replay,2398,38,26,real,63.10526315789474,1,467,1.819840127975464,swiglu,28,0.030880000442266464
case_018_real,humaneval,early,real_route_replay,2398,38,26,real,63.10526315789474,1,467,1.819840127975464,swiglu,29,0.03001599945127964
case_018_real,humaneval,early,real_route_replay,2398,38,26,real,63.10526315789474,1,467,1.819840127975464,swiglu,30,0.0306560005992651
case_018_real,humaneval,early,real_route_replay,2398,38,26,real,63.10526315789474,1,467,1.819840127975464,swiglu,31,0.0289280004799366
case_018_real,humaneval,early,real_route_replay,2398,38,26,real,63.10526315789474,1,467,1.819840127975464,swiglu,32,0.03481600061058998
case_018_real,humaneval,early,real_route_replay,2398,38,26,real,63.10526315789474,1,467,1.819840127975464,swiglu,33,0.03280000016093254
case_018_real,humaneval,early,real_route_replay,2398,38,26,real,63.10526315789474,1,467,1.819840127975464,swiglu,34,0.031328000128269196
case_018_real,humaneval,early,real_route_replay,2398,38,26,real,63.10526315789474,1,467,1.819840127975464,swiglu,35,0.033344000577926636
case_018_real,humaneval,early,real_route_replay,2398,38,26,real,63.10526315789474,1,467,1.819840127975464,swiglu,36,0.03731200098991394
case_018_real,humaneval,early,real_route_replay,2398,38,26,real,63.10526315789474,1,467,1.819840127975464,swiglu,37,0.03328000009059906
case_018_real,humaneval,early,real_route_replay,2398,38,26,real,63.10526315789474,1,467,1.819840127975464,swiglu,38,0.03136000037193298
case_018_real,humaneval,early,real_route_replay,2398,38,26,real,63.10526315789474,1,467,1.819840127975464,swiglu,39,0.032607998698949814
case_018_real,humaneval,early,real_route_replay,2398,38,26,real,63.10526315789474,1,467,1.819840127975464,down_active_prebuilt,0,0.19420799612998962
case_018_real,humaneval,early,real_route_replay,2398,38,26,real,63.10526315789474,1,467,1.819840127975464,down_active_prebuilt,1,0.1870719939470291
case_018_real,humaneval,early,real_route_replay,2398,38,26,real,63.10526315789474,1,467,1.819840127975464,down_active_prebuilt,2,0.190528005361557
case_018_real,humaneval,early,real_route_replay,2398,38,26,real,63.10526315789474,1,467,1.819840127975464,down_active_prebuilt,3,0.19164800643920898
case_018_real,humaneval,early,real_route_replay,2398,38,26,real,63.10526315789474,1,467,1.819840127975464,down_active_prebuilt,4,0.1889919936656952
case_018_real,humaneval,early,real_route_replay,2398,38,26,real,63.10526315789474,1,467,1.819840127975464,down_active_prebuilt,5,0.1868479996919632
case_018_real,humaneval,early,real_route_replay,2398,38,26,real,63.10526315789474,1,467,1.819840127975464,down_active_prebuilt,6,0.18783999979496002
case_018_real,humaneval,early,real_route_replay,2398,38,26,real,63.10526315789474,1,467,1.819840127975464,down_active_prebuilt,7,0.18812799453735352
case_018_real,humaneval,early,real_route_replay,2398,38,26,real,63.10526315789474,1,467,1.819840127975464,down_active_prebuilt,8,0.18627199530601501
case_018_real,humaneval,early,real_route_replay,2398,38,26,real,63.10526315789474,1,467,1.819840127975464,down_active_prebuilt,9,0.1879359930753708
case_018_real,humaneval,early,real_route_replay,2398,38,26,real,63.10526315789474,1,467,1.819840127975464,down_active_prebuilt,10,0.18915200233459473
case_018_real,humaneval,early,real_route_replay,2398,38,26,real,63.10526315789474,1,467,1.819840127975464,down_active_prebuilt,11,0.18857599794864655
case_018_real,humaneval,early,real_route_replay,2398,38,26,real,63.10526315789474,1,467,1.819840127975464,down_active_prebuilt,12,0.18771199882030487
case_018_real,humaneval,early,real_route_replay,2398,38,26,real,63.10526315789474,1,467,1.819840127975464,down_active_prebuilt,13,0.18649600446224213
case_018_real,humaneval,early,real_route_replay,2398,38,26,real,63.10526315789474,1,467,1.819840127975464,down_active_prebuilt,14,0.1857600063085556
case_018_real,humaneval,early,real_route_replay,2398,38,26,real,63.10526315789474,1,467,1.819840127975464,down_active_prebuilt,15,0.18716800212860107
case_018_real,humaneval,early,real_route_replay,2398,38,26,real,63.10526315789474,1,467,1.819840127975464,down_active_prebuilt,16,0.18595199286937714
case_018_real,humaneval,early,real_route_replay,2398,38,26,real,63.10526315789474,1,467,1.819840127975464,down_active_prebuilt,17,0.1873600035905838
case_018_real,humaneval,early,real_route_replay,2398,38,26,real,63.10526315789474,1,467,1.819840127975464,down_active_prebuilt,18,0.1844480037689209
case_018_real,humaneval,early,real_route_replay,2398,38,26,real,63.10526315789474,1,467,1.819840127975464,down_active_prebuilt,19,0.18880000710487366
case_018_real,humaneval,early,real_route_replay,2398,38,26,real,63.10526315789474,1,467,1.819840127975464,down_active_prebuilt,20,0.1881600022315979
case_018_real,humaneval,early,real_route_replay,2398,38,26,real,63.10526315789474,1,467,1.819840127975464,down_active_prebuilt,21,0.18809600174427032
case_018_real,humaneval,early,real_route_replay,2398,38,26,real,63.10526315789474,1,467,1.819840127975464,down_active_prebuilt,22,0.1881600022315979
case_018_real,humaneval,early,real_route_replay,2398,38,26,real,63.10526315789474,1,467,1.819840127975464,down_active_prebuilt,23,0.18585599958896637
case_018_real,humaneval,early,real_route_replay,2398,38,26,real,63.10526315789474,1,467,1.819840127975464,down_active_prebuilt,24,0.1881600022315979
case_018_real,humaneval,early,real_route_replay,2398,38,26,real,63.10526315789474,1,467,1.819840127975464,down_active_prebuilt,25,0.18688000738620758
case_018_real,humaneval,early,real_route_replay,2398,38,26,real,63.10526315789474,1,467,1.819840127975464,down_active_prebuilt,26,0.19059200584888458
case_018_real,humaneval,early,real_route_replay,2398,38,26,real,63.10526315789474,1,467,1.819840127975464,down_active_prebuilt,27,0.19305600225925446
case_018_real,humaneval,early,real_route_replay,2398,38,26,real,63.10526315789474,1,467,1.819840127975464,down_active_prebuilt,28,0.191103994846344
case_018_real,humaneval,early,real_route_replay,2398,38,26,real,63.10526315789474,1,467,1.819840127975464,down_active_prebuilt,29,0.19337600469589233
case_018_real,humaneval,early,real_route_replay,2398,38,26,real,63.10526315789474,1,467,1.819840127975464,down_active_prebuilt,30,0.19129599630832672
case_018_real,humaneval,early,real_route_replay,2398,38,26,real,63.10526315789474,1,467,1.819840127975464,down_active_prebuilt,31,0.18960000574588776
case_018_real,humaneval,early,real_route_replay,2398,38,26,real,63.10526315789474,1,467,1.819840127975464,down_active_prebuilt,32,0.18988800048828125
case_018_real,humaneval,early,real_route_replay,2398,38,26,real,63.10526315789474,1,467,1.819840127975464,down_active_prebuilt,33,0.188960000872612
case_018_real,humaneval,early,real_route_replay,2398,38,26,real,63.10526315789474,1,467,1.819840127975464,down_active_prebuilt,34,0.19830399751663208
case_018_real,humaneval,early,real_route_replay,2398,38,26,real,63.10526315789474,1,467,1.819840127975464,down_active_prebuilt,35,0.1868479996919632
case_018_real,humaneval,early,real_route_replay,2398,38,26,real,63.10526315789474,1,467,1.819840127975464,down_active_prebuilt,36,0.1897599995136261
case_018_real,humaneval,early,real_route_replay,2398,38,26,real,63.10526315789474,1,467,1.819840127975464,down_active_prebuilt,37,0.18620799481868744
case_018_real,humaneval,early,real_route_replay,2398,38,26,real,63.10526315789474,1,467,1.819840127975464,down_active_prebuilt,38,0.1902720034122467
case_018_real,humaneval,early,real_route_replay,2398,38,26,real,63.10526315789474,1,467,1.819840127975464,down_active_prebuilt,39,0.18595199286937714
case_019_real,humaneval,early,real_route_replay,820,27,37,real,30.37037037037037,1,515,3.186307894913762,gate_up_full64_prebuilt,0,0.2380799949169159
case_019_real,humaneval,early,real_route_replay,820,27,37,real,30.37037037037037,1,515,3.186307894913762,gate_up_full64_prebuilt,1,0.21040000021457672
case_019_real,humaneval,early,real_route_replay,820,27,37,real,30.37037037037037,1,515,3.186307894913762,gate_up_full64_prebuilt,2,0.20659199357032776
case_019_real,humaneval,early,real_route_replay,820,27,37,real,30.37037037037037,1,515,3.186307894913762,gate_up_full64_prebuilt,3,0.2122880071401596
case_019_real,humaneval,early,real_route_replay,820,27,37,real,30.37037037037037,1,515,3.186307894913762,gate_up_full64_prebuilt,4,0.20873600244522095
case_019_real,humaneval,early,real_route_replay,820,27,37,real,30.37037037037037,1,515,3.186307894913762,gate_up_full64_prebuilt,5,0.21036800742149353
case_019_real,humaneval,early,real_route_replay,820,27,37,real,30.37037037037037,1,515,3.186307894913762,gate_up_full64_prebuilt,6,0.20822399854660034
case_019_real,humaneval,early,real_route_replay,820,27,37,real,30.37037037037037,1,515,3.186307894913762,gate_up_full64_prebuilt,7,0.20665599405765533
case_019_real,humaneval,early,real_route_replay,820,27,37,real,30.37037037037037,1,515,3.186307894913762,gate_up_full64_prebuilt,8,0.20867200195789337
case_019_real,humaneval,early,real_route_replay,820,27,37,real,30.37037037037037,1,515,3.186307894913762,gate_up_full64_prebuilt,9,0.20822399854660034
case_019_real,humaneval,early,real_route_replay,820,27,37,real,30.37037037037037,1,515,3.186307894913762,gate_up_full64_prebuilt,10,0.2096959948539734
case_019_real,humaneval,early,real_route_replay,820,27,37,real,30.37037037037037,1,515,3.186307894913762,gate_up_full64_prebuilt,11,0.2078399956226349
case_019_real,humaneval,early,real_route_replay,820,27,37,real,30.37037037037037,1,515,3.186307894913762,gate_up_full64_prebuilt,12,0.20960000157356262
case_019_real,humaneval,early,real_route_replay,820,27,37,real,30.37037037037037,1,515,3.186307894913762,gate_up_full64_prebuilt,13,0.21347199380397797
case_019_real,humaneval,early,real_route_replay,820,27,37,real,30.37037037037037,1,515,3.186307894913762,gate_up_full64_prebuilt,14,0.2133760005235672
case_019_real,humaneval,early,real_route_replay,820,27,37,real,30.37037037037037,1,515,3.186307894913762,gate_up_full64_prebuilt,15,0.21404799818992615
case_019_real,humaneval,early,real_route_replay,820,27,37,real,30.37037037037037,1,515,3.186307894913762,gate_up_full64_prebuilt,16,0.21439999341964722
case_019_real,humaneval,early,real_route_replay,820,27,37,real,30.37037037037037,1,515,3.186307894913762,gate_up_full64_prebuilt,17,0.21660800278186798
case_019_real,humaneval,early,real_route_replay,820,27,37,real,30.37037037037037,1,515,3.186307894913762,gate_up_full64_prebuilt,18,0.21376000344753265
case_019_real,humaneval,early,real_route_replay,820,27,37,real,30.37037037037037,1,515,3.186307894913762,gate_up_full64_prebuilt,19,0.2144320011138916
case_019_real,humaneval,early,real_route_replay,820,27,37,real,30.37037037037037,1,515,3.186307894913762,gate_up_full64_prebuilt,20,0.21926400065422058
case_019_real,humaneval,early,real_route_replay,820,27,37,real,30.37037037037037,1,515,3.186307894913762,gate_up_full64_prebuilt,21,0.2197760045528412
case_019_real,humaneval,early,real_route_replay,820,27,37,real,30.37037037037037,1,515,3.186307894913762,gate_up_full64_prebuilt,22,0.21081599593162537
case_019_real,humaneval,early,real_route_replay,820,27,37,real,30.37037037037037,1,515,3.186307894913762,gate_up_full64_prebuilt,23,0.21129600703716278
case_019_real,humaneval,early,real_route_replay,820,27,37,real,30.37037037037037,1,515,3.186307894913762,gate_up_full64_prebuilt,24,0.21091200411319733
case_019_real,humaneval,early,real_route_replay,820,27,37,real,30.37037037037037,1,515,3.186307894913762,gate_up_full64_prebuilt,25,0.2093760073184967
case_019_real,humaneval,early,real_route_replay,820,27,37,real,30.37037037037037,1,515,3.186307894913762,gate_up_full64_prebuilt,26,0.20972800254821777
case_019_real,humaneval,early,real_route_replay,820,27,37,real,30.37037037037037,1,515,3.186307894913762,gate_up_full64_prebuilt,27,0.211776003241539
case_019_real,humaneval,early,real_route_replay,820,27,37,real,30.37037037037037,1,515,3.186307894913762,gate_up_full64_prebuilt,28,0.20892800390720367
case_019_real,humaneval,early,real_route_replay,820,27,37,real,30.37037037037037,1,515,3.186307894913762,gate_up_full64_prebuilt,29,0.21135999262332916
case_019_real,humaneval,early,real_route_replay,820,27,37,real,30.37037037037037,1,515,3.186307894913762,gate_up_full64_prebuilt,30,0.2067520022392273
case_019_real,humaneval,early,real_route_replay,820,27,37,real,30.37037037037037,1,515,3.186307894913762,gate_up_full64_prebuilt,31,0.2067520022392273
case_019_real,humaneval,early,real_route_replay,820,27,37,real,30.37037037037037,1,515,3.186307894913762,gate_up_full64_prebuilt,32,0.206496000289917
case_019_real,humaneval,early,real_route_replay,820,27,37,real,30.37037037037037,1,515,3.186307894913762,gate_up_full64_prebuilt,33,0.21171200275421143
case_019_real,humaneval,early,real_route_replay,820,27,37,real,30.37037037037037,1,515,3.186307894913762,gate_up_full64_prebuilt,34,0.20924800634384155
case_019_real,humaneval,early,real_route_replay,820,27,37,real,30.37037037037037,1,515,3.186307894913762,gate_up_full64_prebuilt,35,0.20921599864959717
case_019_real,humaneval,early,real_route_replay,820,27,37,real,30.37037037037037,1,515,3.186307894913762,gate_up_full64_prebuilt,36,0.2120639979839325
case_019_real,humaneval,early,real_route_replay,820,27,37,real,30.37037037037037,1,515,3.186307894913762,gate_up_full64_prebuilt,37,0.21887999773025513
case_019_real,humaneval,early,real_route_replay,820,27,37,real,30.37037037037037,1,515,3.186307894913762,gate_up_full64_prebuilt,38,0.20793600380420685
case_019_real,humaneval,early,real_route_replay,820,27,37,real,30.37037037037037,1,515,3.186307894913762,gate_up_full64_prebuilt,39,0.20745599269866943
case_019_real,humaneval,early,real_route_replay,820,27,37,real,30.37037037037037,1,515,3.186307894913762,swiglu,0,0.03379200026392937
case_019_real,humaneval,early,real_route_replay,820,27,37,real,30.37037037037037,1,515,3.186307894913762,swiglu,1,0.023072000592947006
case_019_real,humaneval,early,real_route_replay,820,27,37,real,30.37037037037037,1,515,3.186307894913762,swiglu,2,0.025760000571608543
case_019_real,humaneval,early,real_route_replay,820,27,37,real,30.37037037037037,1,515,3.186307894913762,swiglu,3,0.02396799996495247
case_019_real,humaneval,early,real_route_replay,820,27,37,real,30.37037037037037,1,515,3.186307894913762,swiglu,4,0.03721600025892258
case_019_real,humaneval,early,real_route_replay,820,27,37,real,30.37037037037037,1,515,3.186307894913762,swiglu,5,0.02579200081527233
case_019_real,humaneval,early,real_route_replay,820,27,37,real,30.37037037037037,1,515,3.186307894913762,swiglu,6,0.024351999163627625
case_019_real,humaneval,early,real_route_replay,820,27,37,real,30.37037037037037,1,515,3.186307894913762,swiglu,7,0.03388800099492073
case_019_real,humaneval,early,real_route_replay,820,27,37,real,30.37037037037037,1,515,3.186307894913762,swiglu,8,0.02470399998128414
case_019_real,humaneval,early,real_route_replay,820,27,37,real,30.37037037037037,1,515,3.186307894913762,swiglu,9,0.024191999807953835
case_019_real,humaneval,early,real_route_replay,820,27,37,real,30.37037037037037,1,515,3.186307894913762,swiglu,10,0.024480000138282776
case_019_real,humaneval,early,real_route_replay,820,27,37,real,30.37037037037037,1,515,3.186307894913762,swiglu,11,0.021056000143289566
case_019_real,humaneval,early,real_route_replay,820,27,37,real,30.37037037037037,1,515,3.186307894913762,swiglu,12,0.022463999688625336
case_019_real,humaneval,early,real_route_replay,820,27,37,real,30.37037037037037,1,515,3.186307894913762,swiglu,13,0.021536000072956085
case_019_real,humaneval,early,real_route_replay,820,27,37,real,30.37037037037037,1,515,3.186307894913762,swiglu,14,0.023552000522613525
case_019_real,humaneval,early,real_route_replay,820,27,37,real,30.37037037037037,1,515,3.186307894913762,swiglu,15,0.022304000332951546
case_019_real,humaneval,early,real_route_replay,820,27,37,real,30.37037037037037,1,515,3.186307894913762,swiglu,16,0.023391999304294586
case_019_real,humaneval,early,real_route_replay,820,27,37,real,30.37037037037037,1,515,3.186307894913762,swiglu,17,0.023679999634623528
case_019_real,humaneval,early,real_route_replay,820,27,37,real,30.37037037037037,1,515,3.186307894913762,swiglu,18,0.02208000048995018
case_019_real,humaneval,early,real_route_replay,820,27,37,real,30.37037037037037,1,515,3.186307894913762,swiglu,19,0.021727999672293663
case_019_real,humaneval,early,real_route_replay,820,27,37,real,30.37037037037037,1,515,3.186307894913762,swiglu,20,0.021727999672293663
case_019_real,humaneval,early,real_route_replay,820,27,37,real,30.37037037037037,1,515,3.186307894913762,swiglu,21,0.021824000403285027
case_019_real,humaneval,early,real_route_replay,820,27,37,real,30.37037037037037,1,515,3.186307894913762,swiglu,22,0.023520000278949738
case_019_real,humaneval,early,real_route_replay,820,27,37,real,30.37037037037037,1,515,3.186307894913762,swiglu,23,0.027807999402284622
case_019_real,humaneval,early,real_route_replay,820,27,37,real,30.37037037037037,1,515,3.186307894913762,swiglu,24,0.02364799939095974
case_019_real,humaneval,early,real_route_replay,820,27,37,real,30.37037037037037,1,515,3.186307894913762,swiglu,25,0.022911999374628067
case_019_real,humaneval,early,real_route_replay,820,27,37,real,30.37037037037037,1,515,3.186307894913762,swiglu,26,0.0225600004196167
case_019_real,humaneval,early,real_route_replay,820,27,37,real,30.37037037037037,1,515,3.186307894913762,swiglu,27,0.022816000506281853
case_019_real,humaneval,early,real_route_replay,820,27,37,real,30.37037037037037,1,515,3.186307894913762,swiglu,28,0.02239999920129776
case_019_real,humaneval,early,real_route_replay,820,27,37,real,30.37037037037037,1,515,3.186307894913762,swiglu,29,0.022816000506281853
case_019_real,humaneval,early,real_route_replay,820,27,37,real,30.37037037037037,1,515,3.186307894913762,swiglu,30,0.020800000056624413
case_019_real,humaneval,early,real_route_replay,820,27,37,real,30.37037037037037,1,515,3.186307894913762,swiglu,31,0.020864000543951988
case_019_real,humaneval,early,real_route_replay,820,27,37,real,30.37037037037037,1,515,3.186307894913762,swiglu,32,0.021247999742627144
case_019_real,humaneval,early,real_route_replay,820,27,37,real,30.37037037037037,1,515,3.186307894913762,swiglu,33,0.020896000787615776
case_019_real,humaneval,early,real_route_replay,820,27,37,real,30.37037037037037,1,515,3.186307894913762,swiglu,34,0.02054399996995926
case_019_real,humaneval,early,real_route_replay,820,27,37,real,30.37037037037037,1,515,3.186307894913762,swiglu,35,0.023104000836610794
case_019_real,humaneval,early,real_route_replay,820,27,37,real,30.37037037037037,1,515,3.186307894913762,swiglu,36,0.02051199972629547
case_019_real,humaneval,early,real_route_replay,820,27,37,real,30.37037037037037,1,515,3.186307894913762,swiglu,37,0.02175999991595745
case_019_real,humaneval,early,real_route_replay,820,27,37,real,30.37037037037037,1,515,3.186307894913762,swiglu,38,0.02112000063061714
case_019_real,humaneval,early,real_route_replay,820,27,37,real,30.37037037037037,1,515,3.186307894913762,swiglu,39,0.02115200087428093
case_019_real,humaneval,early,real_route_replay,820,27,37,real,30.37037037037037,1,515,3.186307894913762,down_full64_prebuilt,0,0.13808000087738037
case_019_real,humaneval,early,real_route_replay,820,27,37,real,30.37037037037037,1,515,3.186307894913762,down_full64_prebuilt,1,0.1335040032863617
case_019_real,humaneval,early,real_route_replay,820,27,37,real,30.37037037037037,1,515,3.186307894913762,down_full64_prebuilt,2,0.13305599987506866
case_019_real,humaneval,early,real_route_replay,820,27,37,real,30.37037037037037,1,515,3.186307894913762,down_full64_prebuilt,3,0.13526399433612823
case_019_real,humaneval,early,real_route_replay,820,27,37,real,30.37037037037037,1,515,3.186307894913762,down_full64_prebuilt,4,0.13279999792575836
case_019_real,humaneval,early,real_route_replay,820,27,37,real,30.37037037037037,1,515,3.186307894913762,down_full64_prebuilt,5,0.13875199854373932
case_019_real,humaneval,early,real_route_replay,820,27,37,real,30.37037037037037,1,515,3.186307894913762,down_full64_prebuilt,6,0.1366720050573349
case_019_real,humaneval,early,real_route_replay,820,27,37,real,30.37037037037037,1,515,3.186307894913762,down_full64_prebuilt,7,0.13660800457000732
case_019_real,humaneval,early,real_route_replay,820,27,37,real,30.37037037037037,1,515,3.186307894913762,down_full64_prebuilt,8,0.1345279961824417
case_019_real,humaneval,early,real_route_replay,820,27,37,real,30.37037037037037,1,515,3.186307894913762,down_full64_prebuilt,9,0.13302400708198547
case_019_real,humaneval,early,real_route_replay,820,27,37,real,30.37037037037037,1,515,3.186307894913762,down_full64_prebuilt,10,0.13308799266815186
case_019_real,humaneval,early,real_route_replay,820,27,37,real,30.37037037037037,1,515,3.186307894913762,down_full64_prebuilt,11,0.13686400651931763
case_019_real,humaneval,early,real_route_replay,820,27,37,real,30.37037037037037,1,515,3.186307894913762,down_full64_prebuilt,12,0.13449600338935852
case_019_real,humaneval,early,real_route_replay,820,27,37,real,30.37037037037037,1,515,3.186307894913762,down_full64_prebuilt,13,0.13708800077438354
case_019_real,humaneval,early,real_route_replay,820,27,37,real,30.37037037037037,1,515,3.186307894913762,down_full64_prebuilt,14,0.13148799538612366
case_019_real,humaneval,early,real_route_replay,820,27,37,real,30.37037037037037,1,515,3.186307894913762,down_full64_prebuilt,15,0.13254399597644806
case_019_real,humaneval,early,real_route_replay,820,27,37,real,30.37037037037037,1,515,3.186307894913762,down_full64_prebuilt,16,0.13222399353981018
case_019_real,humaneval,early,real_route_replay,820,27,37,real,30.37037037037037,1,515,3.186307894913762,down_full64_prebuilt,17,0.1361600011587143
case_019_real,humaneval,early,real_route_replay,820,27,37,real,30.37037037037037,1,515,3.186307894913762,down_full64_prebuilt,18,0.1377280056476593
case_019_real,humaneval,early,real_route_replay,820,27,37,real,30.37037037037037,1,515,3.186307894913762,down_full64_prebuilt,19,0.13686400651931763
case_019_real,humaneval,early,real_route_replay,820,27,37,real,30.37037037037037,1,515,3.186307894913762,down_full64_prebuilt,20,0.13247999548912048
case_019_real,humaneval,early,real_route_replay,820,27,37,real,30.37037037037037,1,515,3.186307894913762,down_full64_prebuilt,21,0.132192000746727
case_019_real,humaneval,early,real_route_replay,820,27,37,real,30.37037037037037,1,515,3.186307894913762,down_full64_prebuilt,22,0.1326719969511032
case_019_real,humaneval,early,real_route_replay,820,27,37,real,30.37037037037037,1,515,3.186307894913762,down_full64_prebuilt,23,0.1361600011587143
case_019_real,humaneval,early,real_route_replay,820,27,37,real,30.37037037037037,1,515,3.186307894913762,down_full64_prebuilt,24,0.14422400295734406
case_019_real,humaneval,early,real_route_replay,820,27,37,real,30.37037037037037,1,515,3.186307894913762,down_full64_prebuilt,25,0.13420799374580383
case_019_real,humaneval,early,real_route_replay,820,27,37,real,30.37037037037037,1,515,3.186307894913762,down_full64_prebuilt,26,0.13407999277114868
case_019_real,humaneval,early,real_route_replay,820,27,37,real,30.37037037037037,1,515,3.186307894913762,down_full64_prebuilt,27,0.13859200477600098
case_019_real,humaneval,early,real_route_replay,820,27,37,real,30.37037037037037,1,515,3.186307894913762,down_full64_prebuilt,28,0.14086399972438812
case_019_real,humaneval,early,real_route_replay,820,27,37,real,30.37037037037037,1,515,3.186307894913762,down_full64_prebuilt,29,0.14441600441932678
case_019_real,humaneval,early,real_route_replay,820,27,37,real,30.37037037037037,1,515,3.186307894913762,down_full64_prebuilt,30,0.14377599954605103
case_019_real,humaneval,early,real_route_replay,820,27,37,real,30.37037037037037,1,515,3.186307894913762,down_full64_prebuilt,31,0.14032000303268433
case_019_real,humaneval,early,real_route_replay,820,27,37,real,30.37037037037037,1,515,3.186307894913762,down_full64_prebuilt,32,0.144896000623703
case_019_real,humaneval,early,real_route_replay,820,27,37,real,30.37037037037037,1,515,3.186307894913762,down_full64_prebuilt,33,0.14867199957370758
case_019_real,humaneval,early,real_route_replay,820,27,37,real,30.37037037037037,1,515,3.186307894913762,down_full64_prebuilt,34,0.15299199521541595
case_019_real,humaneval,early,real_route_replay,820,27,37,real,30.37037037037037,1,515,3.186307894913762,down_full64_prebuilt,35,0.1449279934167862
case_019_real,humaneval,early,real_route_replay,820,27,37,real,30.37037037037037,1,515,3.186307894913762,down_full64_prebuilt,36,0.13708800077438354
case_019_real,humaneval,early,real_route_replay,820,27,37,real,30.37037037037037,1,515,3.186307894913762,down_full64_prebuilt,37,0.13433599472045898
case_019_real,humaneval,early,real_route_replay,820,27,37,real,30.37037037037037,1,515,3.186307894913762,down_full64_prebuilt,38,0.13340799510478973
case_019_real,humaneval,early,real_route_replay,820,27,37,real,30.37037037037037,1,515,3.186307894913762,down_full64_prebuilt,39,0.1340479999780655
case_019_real,humaneval,early,real_route_replay,820,27,37,real,30.37037037037037,1,515,3.186307894913762,down_active_prebuilt,0,0.14553600549697876
case_019_real,humaneval,early,real_route_replay,820,27,37,real,30.37037037037037,1,515,3.186307894913762,down_active_prebuilt,1,0.13446399569511414
case_019_real,humaneval,early,real_route_replay,820,27,37,real,30.37037037037037,1,515,3.186307894913762,down_active_prebuilt,2,0.13359999656677246
case_019_real,humaneval,early,real_route_replay,820,27,37,real,30.37037037037037,1,515,3.186307894913762,down_active_prebuilt,3,0.13356800377368927
case_019_real,humaneval,early,real_route_replay,820,27,37,real,30.37037037037037,1,515,3.186307894913762,down_active_prebuilt,4,0.13648000359535217
case_019_real,humaneval,early,real_route_replay,820,27,37,real,30.37037037037037,1,515,3.186307894913762,down_active_prebuilt,5,0.13555200397968292
case_019_real,humaneval,early,real_route_replay,820,27,37,real,30.37037037037037,1,515,3.186307894913762,down_active_prebuilt,6,0.13353599607944489
case_019_real,humaneval,early,real_route_replay,820,27,37,real,30.37037037037037,1,515,3.186307894913762,down_active_prebuilt,7,0.1324159950017929
case_019_real,humaneval,early,real_route_replay,820,27,37,real,30.37037037037037,1,515,3.186307894913762,down_active_prebuilt,8,0.13078400492668152
case_019_real,humaneval,early,real_route_replay,820,27,37,real,30.37037037037037,1,515,3.186307894913762,down_active_prebuilt,9,0.13414399325847626
case_019_real,humaneval,early,real_route_replay,820,27,37,real,30.37037037037037,1,515,3.186307894913762,down_active_prebuilt,10,0.1422400027513504
case_019_real,humaneval,early,real_route_replay,820,27,37,real,30.37037037037037,1,515,3.186307894913762,down_active_prebuilt,11,0.13491199910640717
case_019_real,humaneval,early,real_route_replay,820,27,37,real,30.37037037037037,1,515,3.186307894913762,down_active_prebuilt,12,0.133215993642807
case_019_real,humaneval,early,real_route_replay,820,27,37,real,30.37037037037037,1,515,3.186307894913762,down_active_prebuilt,13,0.133215993642807
case_019_real,humaneval,early,real_route_replay,820,27,37,real,30.37037037037037,1,515,3.186307894913762,down_active_prebuilt,14,0.13315199315547943
case_019_real,humaneval,early,real_route_replay,820,27,37,real,30.37037037037037,1,515,3.186307894913762,down_active_prebuilt,15,0.1329600065946579
case_019_real,humaneval,early,real_route_replay,820,27,37,real,30.37037037037037,1,515,3.186307894913762,down_active_prebuilt,16,0.13366399705410004
case_019_real,humaneval,early,real_route_replay,820,27,37,real,30.37037037037037,1,515,3.186307894913762,down_active_prebuilt,17,0.1351040005683899
case_019_real,humaneval,early,real_route_replay,820,27,37,real,30.37037037037037,1,515,3.186307894913762,down_active_prebuilt,18,0.13353599607944489
case_019_real,humaneval,early,real_route_replay,820,27,37,real,30.37037037037037,1,515,3.186307894913762,down_active_prebuilt,19,0.13491199910640717
case_019_real,humaneval,early,real_route_replay,820,27,37,real,30.37037037037037,1,515,3.186307894913762,down_active_prebuilt,20,0.1321599930524826
case_019_real,humaneval,early,real_route_replay,820,27,37,real,30.37037037037037,1,515,3.186307894913762,down_active_prebuilt,21,0.1308480054140091
case_019_real,humaneval,early,real_route_replay,820,27,37,real,30.37037037037037,1,515,3.186307894913762,down_active_prebuilt,22,0.13312000036239624
case_019_real,humaneval,early,real_route_replay,820,27,37,real,30.37037037037037,1,515,3.186307894913762,down_active_prebuilt,23,0.13388800621032715
case_019_real,humaneval,early,real_route_replay,820,27,37,real,30.37037037037037,1,515,3.186307894913762,down_active_prebuilt,24,0.13439999520778656
case_019_real,humaneval,early,real_route_replay,820,27,37,real,30.37037037037037,1,515,3.186307894913762,down_active_prebuilt,25,0.13369600474834442
case_019_real,humaneval,early,real_route_replay,820,27,37,real,30.37037037037037,1,515,3.186307894913762,down_active_prebuilt,26,0.132192000746727
case_019_real,humaneval,early,real_route_replay,820,27,37,real,30.37037037037037,1,515,3.186307894913762,down_active_prebuilt,27,0.13097600638866425
case_019_real,humaneval,early,real_route_replay,820,27,37,real,30.37037037037037,1,515,3.186307894913762,down_active_prebuilt,28,0.13593600690364838
case_019_real,humaneval,early,real_route_replay,820,27,37,real,30.37037037037037,1,515,3.186307894913762,down_active_prebuilt,29,0.13753600418567657
case_019_real,humaneval,early,real_route_replay,820,27,37,real,30.37037037037037,1,515,3.186307894913762,down_active_prebuilt,30,0.1353919953107834
case_019_real,humaneval,early,real_route_replay,820,27,37,real,30.37037037037037,1,515,3.186307894913762,down_active_prebuilt,31,0.1351040005683899
case_019_real,humaneval,early,real_route_replay,820,27,37,real,30.37037037037037,1,515,3.186307894913762,down_active_prebuilt,32,0.13424000144004822
case_019_real,humaneval,early,real_route_replay,820,27,37,real,30.37037037037037,1,515,3.186307894913762,down_active_prebuilt,33,0.1334719955921173
case_019_real,humaneval,early,real_route_replay,820,27,37,real,30.37037037037037,1,515,3.186307894913762,down_active_prebuilt,34,0.13500800728797913
case_019_real,humaneval,early,real_route_replay,820,27,37,real,30.37037037037037,1,515,3.186307894913762,down_active_prebuilt,35,0.13340799510478973
case_019_real,humaneval,early,real_route_replay,820,27,37,real,30.37037037037037,1,515,3.186307894913762,down_active_prebuilt,36,0.13276800513267517
case_019_real,humaneval,early,real_route_replay,820,27,37,real,30.37037037037037,1,515,3.186307894913762,down_active_prebuilt,37,0.13391999900341034
case_019_real,humaneval,early,real_route_replay,820,27,37,real,30.37037037037037,1,515,3.186307894913762,down_active_prebuilt,38,0.13203200697898865
case_019_real,humaneval,early,real_route_replay,820,27,37,real,30.37037037037037,1,515,3.186307894913762,down_active_prebuilt,39,0.13411200046539307
case_019_real,humaneval,early,real_route_replay,820,27,37,real,30.37037037037037,1,515,3.186307894913762,route_weight,0,0.023840000852942467
case_019_real,humaneval,early,real_route_replay,820,27,37,real,30.37037037037037,1,515,3.186307894913762,route_weight,1,0.01942400075495243
case_019_real,humaneval,early,real_route_replay,820,27,37,real,30.37037037037037,1,515,3.186307894913762,route_weight,2,0.019519999623298645
case_019_real,humaneval,early,real_route_replay,820,27,37,real,30.37037037037037,1,515,3.186307894913762,route_weight,3,0.017472000792622566
case_019_real,humaneval,early,real_route_replay,820,27,37,real,30.37037037037037,1,515,3.186307894913762,route_weight,4,0.018271999433636665
case_019_real,humaneval,early,real_route_replay,820,27,37,real,30.37037037037037,1,515,3.186307894913762,route_weight,5,0.017055999487638474
case_019_real,humaneval,early,real_route_replay,820,27,37,real,30.37037037037037,1,515,3.186307894913762,route_weight,6,0.017023999243974686
case_019_real,humaneval,early,real_route_replay,820,27,37,real,30.37037037037037,1,515,3.186307894913762,route_weight,7,0.016736000776290894
case_019_real,humaneval,early,real_route_replay,820,27,37,real,30.37037037037037,1,515,3.186307894913762,route_weight,8,0.01708799973130226
case_019_real,humaneval,early,real_route_replay,820,27,37,real,30.37037037037037,1,515,3.186307894913762,route_weight,9,0.016767999157309532
case_019_real,humaneval,early,real_route_replay,820,27,37,real,30.37037037037037,1,515,3.186307894913762,route_weight,10,0.018112000077962875
case_019_real,humaneval,early,real_route_replay,820,27,37,real,30.37037037037037,1,515,3.186307894913762,route_weight,11,0.016607999801635742
case_019_real,humaneval,early,real_route_replay,820,27,37,real,30.37037037037037,1,515,3.186307894913762,route_weight,12,0.018783999606966972
case_019_real,humaneval,early,real_route_replay,820,27,37,real,30.37037037037037,1,515,3.186307894913762,route_weight,13,0.017983999103307724
case_019_real,humaneval,early,real_route_replay,820,27,37,real,30.37037037037037,1,515,3.186307894913762,route_weight,14,0.01711999997496605
case_019_real,humaneval,early,real_route_replay,820,27,37,real,30.37037037037037,1,515,3.186307894913762,route_weight,15,0.016863999888300896
case_019_real,humaneval,early,real_route_replay,820,27,37,real,30.37037037037037,1,515,3.186307894913762,route_weight,16,0.017311999574303627
case_019_real,humaneval,early,real_route_replay,820,27,37,real,30.37037037037037,1,515,3.186307894913762,route_weight,17,0.016896000131964684
case_019_real,humaneval,early,real_route_replay,820,27,37,real,30.37037037037037,1,515,3.186307894913762,route_weight,18,0.016704000532627106
case_019_real,humaneval,early,real_route_replay,820,27,37,real,30.37037037037037,1,515,3.186307894913762,route_weight,19,0.01775999926030636
case_019_real,humaneval,early,real_route_replay,820,27,37,real,30.37037037037037,1,515,3.186307894913762,route_weight,20,0.023840000852942467
case_019_real,humaneval,early,real_route_replay,820,27,37,real,30.37037037037037,1,515,3.186307894913762,route_weight,21,0.019007999449968338
case_019_real,humaneval,early,real_route_replay,820,27,37,real,30.37037037037037,1,515,3.186307894913762,route_weight,22,0.01727999933063984
case_019_real,humaneval,early,real_route_replay,820,27,37,real,30.37037037037037,1,515,3.186307894913762,route_weight,23,0.01664000004529953
case_019_real,humaneval,early,real_route_replay,820,27,37,real,30.37037037037037,1,515,3.186307894913762,route_weight,24,0.016607999801635742
case_019_real,humaneval,early,real_route_replay,820,27,37,real,30.37037037037037,1,515,3.186307894913762,route_weight,25,0.020255999639630318
case_019_real,humaneval,early,real_route_replay,820,27,37,real,30.37037037037037,1,515,3.186307894913762,route_weight,26,0.01727999933063984
case_019_real,humaneval,early,real_route_replay,820,27,37,real,30.37037037037037,1,515,3.186307894913762,route_weight,27,0.01648000068962574
case_019_real,humaneval,early,real_route_replay,820,27,37,real,30.37037037037037,1,515,3.186307894913762,route_weight,28,0.017152000218629837
case_019_real,humaneval,early,real_route_replay,820,27,37,real,30.37037037037037,1,515,3.186307894913762,route_weight,29,0.019200000911951065
case_019_real,humaneval,early,real_route_replay,820,27,37,real,30.37037037037037,1,515,3.186307894913762,route_weight,30,0.016831999644637108
case_019_real,humaneval,early,real_route_replay,820,27,37,real,30.37037037037037,1,515,3.186307894913762,route_weight,31,0.01711999997496605
case_019_real,humaneval,early,real_route_replay,820,27,37,real,30.37037037037037,1,515,3.186307894913762,route_weight,32,0.016575999557971954
case_019_real,humaneval,early,real_route_replay,820,27,37,real,30.37037037037037,1,515,3.186307894913762,route_weight,33,0.016767999157309532
case_019_real,humaneval,early,real_route_replay,820,27,37,real,30.37037037037037,1,515,3.186307894913762,route_weight,34,0.018592000007629395
case_019_real,humaneval,early,real_route_replay,820,27,37,real,30.37037037037037,1,515,3.186307894913762,route_weight,35,0.017823999747633934
case_019_real,humaneval,early,real_route_replay,820,27,37,real,30.37037037037037,1,515,3.186307894913762,route_weight,36,0.017855999991297722
case_019_real,humaneval,early,real_route_replay,820,27,37,real,30.37037037037037,1,515,3.186307894913762,route_weight,37,0.022336000576615334
case_019_real,humaneval,early,real_route_replay,820,27,37,real,30.37037037037037,1,515,3.186307894913762,route_weight,38,0.017664000391960144
case_019_real,humaneval,early,real_route_replay,820,27,37,real,30.37037037037037,1,515,3.186307894913762,route_weight,39,0.01708799973130226
case_019_real,humaneval,early,real_route_replay,820,27,37,real,30.37037037037037,1,515,3.186307894913762,gate_up_active_prebuilt,0,0.21590399742126465
case_019_real,humaneval,early,real_route_replay,820,27,37,real,30.37037037037037,1,515,3.186307894913762,gate_up_active_prebuilt,1,0.20838400721549988
case_019_real,humaneval,early,real_route_replay,820,27,37,real,30.37037037037037,1,515,3.186307894913762,gate_up_active_prebuilt,2,0.2059520035982132
case_019_real,humaneval,early,real_route_replay,820,27,37,real,30.37037037037037,1,515,3.186307894913762,gate_up_active_prebuilt,3,0.20880000293254852
case_019_real,humaneval,early,real_route_replay,820,27,37,real,30.37037037037037,1,515,3.186307894913762,gate_up_active_prebuilt,4,0.21804800629615784
case_019_real,humaneval,early,real_route_replay,820,27,37,real,30.37037037037037,1,515,3.186307894913762,gate_up_active_prebuilt,5,0.2077759951353073
case_019_real,humaneval,early,real_route_replay,820,27,37,real,30.37037037037037,1,515,3.186307894913762,gate_up_active_prebuilt,6,0.20604799687862396
case_019_real,humaneval,early,real_route_replay,820,27,37,real,30.37037037037037,1,515,3.186307894913762,gate_up_active_prebuilt,7,0.21209600567817688
case_019_real,humaneval,early,real_route_replay,820,27,37,real,30.37037037037037,1,515,3.186307894913762,gate_up_active_prebuilt,8,0.2112639993429184
case_019_real,humaneval,early,real_route_replay,820,27,37,real,30.37037037037037,1,515,3.186307894913762,gate_up_active_prebuilt,9,0.20720000565052032
case_019_real,humaneval,early,real_route_replay,820,27,37,real,30.37037037037037,1,515,3.186307894913762,gate_up_active_prebuilt,10,0.20873600244522095
case_019_real,humaneval,early,real_route_replay,820,27,37,real,30.37037037037037,1,515,3.186307894913762,gate_up_active_prebuilt,11,0.21001599729061127
case_019_real,humaneval,early,real_route_replay,820,27,37,real,30.37037037037037,1,515,3.186307894913762,gate_up_active_prebuilt,12,0.20694400370121002
case_019_real,humaneval,early,real_route_replay,820,27,37,real,30.37037037037037,1,515,3.186307894913762,gate_up_active_prebuilt,13,0.2062399983406067
case_019_real,humaneval,early,real_route_replay,820,27,37,real,30.37037037037037,1,515,3.186307894913762,gate_up_active_prebuilt,14,0.20848000049591064
case_019_real,humaneval,early,real_route_replay,820,27,37,real,30.37037037037037,1,515,3.186307894913762,gate_up_active_prebuilt,15,0.20656000077724457
case_019_real,humaneval,early,real_route_replay,820,27,37,real,30.37037037037037,1,515,3.186307894913762,gate_up_active_prebuilt,16,0.20684799551963806
case_019_real,humaneval,early,real_route_replay,820,27,37,real,30.37037037037037,1,515,3.186307894913762,gate_up_active_prebuilt,17,0.2072959989309311
case_019_real,humaneval,early,real_route_replay,820,27,37,real,30.37037037037037,1,515,3.186307894913762,gate_up_active_prebuilt,18,0.20710399746894836
case_019_real,humaneval,early,real_route_replay,820,27,37,real,30.37037037037037,1,515,3.186307894913762,gate_up_active_prebuilt,19,0.2091519981622696
case_019_real,humaneval,early,real_route_replay,820,27,37,real,30.37037037037037,1,515,3.186307894913762,gate_up_active_prebuilt,20,0.20927999913692474
case_019_real,humaneval,early,real_route_replay,820,27,37,real,30.37037037037037,1,515,3.186307894913762,gate_up_active_prebuilt,21,0.2130880057811737
case_019_real,humaneval,early,real_route_replay,820,27,37,real,30.37037037037037,1,515,3.186307894913762,gate_up_active_prebuilt,22,0.2059520035982132
case_019_real,humaneval,early,real_route_replay,820,27,37,real,30.37037037037037,1,515,3.186307894913762,gate_up_active_prebuilt,23,0.20656000077724457
case_019_real,humaneval,early,real_route_replay,820,27,37,real,30.37037037037037,1,515,3.186307894913762,gate_up_active_prebuilt,24,0.20521600544452667
case_019_real,humaneval,early,real_route_replay,820,27,37,real,30.37037037037037,1,515,3.186307894913762,gate_up_active_prebuilt,25,0.20876799523830414
case_019_real,humaneval,early,real_route_replay,820,27,37,real,30.37037037037037,1,515,3.186307894913762,gate_up_active_prebuilt,26,0.2070080041885376
case_019_real,humaneval,early,real_route_replay,820,27,37,real,30.37037037037037,1,515,3.186307894913762,gate_up_active_prebuilt,27,0.20604799687862396
case_019_real,humaneval,early,real_route_replay,820,27,37,real,30.37037037037037,1,515,3.186307894913762,gate_up_active_prebuilt,28,0.21190400421619415
case_019_real,humaneval,early,real_route_replay,820,27,37,real,30.37037037037037,1,515,3.186307894913762,gate_up_active_prebuilt,29,0.20927999913692474
case_019_real,humaneval,early,real_route_replay,820,27,37,real,30.37037037037037,1,515,3.186307894913762,gate_up_active_prebuilt,30,0.20572799444198608
case_019_real,humaneval,early,real_route_replay,820,27,37,real,30.37037037037037,1,515,3.186307894913762,gate_up_active_prebuilt,31,0.2048960030078888
case_019_real,humaneval,early,real_route_replay,820,27,37,real,30.37037037037037,1,515,3.186307894913762,gate_up_active_prebuilt,32,0.20716799795627594
case_019_real,humaneval,early,real_route_replay,820,27,37,real,30.37037037037037,1,515,3.186307894913762,gate_up_active_prebuilt,33,0.20735999941825867
case_019_real,humaneval,early,real_route_replay,820,27,37,real,30.37037037037037,1,515,3.186307894913762,gate_up_active_prebuilt,34,0.20707200467586517
case_019_real,humaneval,early,real_route_replay,820,27,37,real,30.37037037037037,1,515,3.186307894913762,gate_up_active_prebuilt,35,0.20608000457286835
case_019_real,humaneval,early,real_route_replay,820,27,37,real,30.37037037037037,1,515,3.186307894913762,gate_up_active_prebuilt,36,0.2078399956226349
case_019_real,humaneval,early,real_route_replay,820,27,37,real,30.37037037037037,1,515,3.186307894913762,gate_up_active_prebuilt,37,0.2070399969816208
case_019_real,humaneval,early,real_route_replay,820,27,37,real,30.37037037037037,1,515,3.186307894913762,gate_up_active_prebuilt,38,0.20640000700950623
case_019_real,humaneval,early,real_route_replay,820,27,37,real,30.37037037037037,1,515,3.186307894913762,gate_up_active_prebuilt,39,0.20665599405765533
case_021_real,humaneval,late,real_route_replay,3,3,61,real,1.0,1,1,0.0,route_weight,0,0.015968000516295433
case_021_real,humaneval,late,real_route_replay,3,3,61,real,1.0,1,1,0.0,route_weight,1,0.020800000056624413
case_021_real,humaneval,late,real_route_replay,3,3,61,real,1.0,1,1,0.0,route_weight,2,0.01571200042963028
case_021_real,humaneval,late,real_route_replay,3,3,61,real,1.0,1,1,0.0,route_weight,3,0.015904000028967857
case_021_real,humaneval,late,real_route_replay,3,3,61,real,1.0,1,1,0.0,route_weight,4,0.014720000326633453
case_021_real,humaneval,late,real_route_replay,3,3,61,real,1.0,1,1,0.0,route_weight,5,0.01583999954164028
case_021_real,humaneval,late,real_route_replay,3,3,61,real,1.0,1,1,0.0,route_weight,6,0.0144640002399683
case_021_real,humaneval,late,real_route_replay,3,3,61,real,1.0,1,1,0.0,route_weight,7,0.016127999871969223
case_021_real,humaneval,late,real_route_replay,3,3,61,real,1.0,1,1,0.0,route_weight,8,0.015519999898970127
case_021_real,humaneval,late,real_route_replay,3,3,61,real,1.0,1,1,0.0,route_weight,9,0.024512000381946564
case_021_real,humaneval,late,real_route_replay,3,3,61,real,1.0,1,1,0.0,route_weight,10,0.01583999954164028
case_021_real,humaneval,late,real_route_replay,3,3,61,real,1.0,1,1,0.0,route_weight,11,0.015807999297976494
case_021_real,humaneval,late,real_route_replay,3,3,61,real,1.0,1,1,0.0,route_weight,12,0.013728000223636627
case_021_real,humaneval,late,real_route_replay,3,3,61,real,1.0,1,1,0.0,route_weight,13,0.013887999579310417
case_021_real,humaneval,late,real_route_replay,3,3,61,real,1.0,1,1,0.0,route_weight,14,0.013248000293970108
case_021_real,humaneval,late,real_route_replay,3,3,61,real,1.0,1,1,0.0,route_weight,15,0.01398400031030178
case_021_real,humaneval,late,real_route_replay,3,3,61,real,1.0,1,1,0.0,route_weight,16,0.013183999806642532
case_021_real,humaneval,late,real_route_replay,3,3,61,real,1.0,1,1,0.0,route_weight,17,0.012992000207304955
case_021_real,humaneval,late,real_route_replay,3,3,61,real,1.0,1,1,0.0,route_weight,18,0.01587199978530407
case_021_real,humaneval,late,real_route_replay,3,3,61,real,1.0,1,1,0.0,route_weight,19,0.01321600005030632
case_021_real,humaneval,late,real_route_replay,3,3,61,real,1.0,1,1,0.0,route_weight,20,0.013728000223636627
case_021_real,humaneval,late,real_route_replay,3,3,61,real,1.0,1,1,0.0,route_weight,21,0.013791999779641628
case_021_real,humaneval,late,real_route_replay,3,3,61,real,1.0,1,1,0.0,route_weight,22,0.013728000223636627
case_021_real,humaneval,late,real_route_replay,3,3,61,real,1.0,1,1,0.0,route_weight,23,0.014720000326633453
case_021_real,humaneval,late,real_route_replay,3,3,61,real,1.0,1,1,0.0,route_weight,24,0.01360000018030405
case_021_real,humaneval,late,real_route_replay,3,3,61,real,1.0,1,1,0.0,route_weight,25,0.014112000353634357
case_021_real,humaneval,late,real_route_replay,3,3,61,real,1.0,1,1,0.0,route_weight,26,0.013248000293970108
case_021_real,humaneval,late,real_route_replay,3,3,61,real,1.0,1,1,0.0,route_weight,27,0.013472000136971474
case_021_real,humaneval,late,real_route_replay,3,3,61,real,1.0,1,1,0.0,route_weight,28,0.014240000396966934
case_021_real,humaneval,late,real_route_replay,3,3,61,real,1.0,1,1,0.0,route_weight,29,0.01360000018030405
case_021_real,humaneval,late,real_route_replay,3,3,61,real,1.0,1,1,0.0,route_weight,30,0.01360000018030405
case_021_real,humaneval,late,real_route_replay,3,3,61,real,1.0,1,1,0.0,route_weight,31,0.014751999638974667
case_021_real,humaneval,late,real_route_replay,3,3,61,real,1.0,1,1,0.0,route_weight,32,0.01583999954164028
case_021_real,humaneval,late,real_route_replay,3,3,61,real,1.0,1,1,0.0,route_weight,33,0.01484800036996603
case_021_real,humaneval,late,real_route_replay,3,3,61,real,1.0,1,1,0.0,route_weight,34,0.014944000169634819
case_021_real,humaneval,late,real_route_replay,3,3,61,real,1.0,1,1,0.0,route_weight,35,0.01398400031030178
case_021_real,humaneval,late,real_route_replay,3,3,61,real,1.0,1,1,0.0,route_weight,36,0.015552000142633915
case_021_real,humaneval,late,real_route_replay,3,3,61,real,1.0,1,1,0.0,route_weight,37,0.014208000153303146
case_021_real,humaneval,late,real_route_replay,3,3,61,real,1.0,1,1,0.0,route_weight,38,0.013376000337302685
case_021_real,humaneval,late,real_route_replay,3,3,61,real,1.0,1,1,0.0,route_weight,39,0.01548799965530634
case_021_real,humaneval,late,real_route_replay,3,3,61,real,1.0,1,1,0.0,gate_up_active_prebuilt,0,0.04121600091457367
case_021_real,humaneval,late,real_route_replay,3,3,61,real,1.0,1,1,0.0,gate_up_active_prebuilt,1,0.040672000497579575
case_021_real,humaneval,late,real_route_replay,3,3,61,real,1.0,1,1,0.0,gate_up_active_prebuilt,2,0.040672000497579575
case_021_real,humaneval,late,real_route_replay,3,3,61,real,1.0,1,1,0.0,gate_up_active_prebuilt,3,0.03939199820160866
case_021_real,humaneval,late,real_route_replay,3,3,61,real,1.0,1,1,0.0,gate_up_active_prebuilt,4,0.042399998754262924
case_021_real,humaneval,late,real_route_replay,3,3,61,real,1.0,1,1,0.0,gate_up_active_prebuilt,5,0.043296001851558685
case_021_real,humaneval,late,real_route_replay,3,3,61,real,1.0,1,1,0.0,gate_up_active_prebuilt,6,0.043616000562906265
case_021_real,humaneval,late,real_route_replay,3,3,61,real,1.0,1,1,0.0,gate_up_active_prebuilt,7,0.04195199906826019
case_021_real,humaneval,late,real_route_replay,3,3,61,real,1.0,1,1,0.0,gate_up_active_prebuilt,8,0.040383998304605484
case_021_real,humaneval,late,real_route_replay,3,3,61,real,1.0,1,1,0.0,gate_up_active_prebuilt,9,0.040672000497579575
case_021_real,humaneval,late,real_route_replay,3,3,61,real,1.0,1,1,0.0,gate_up_active_prebuilt,10,0.04121600091457367
case_021_real,humaneval,late,real_route_replay,3,3,61,real,1.0,1,1,0.0,gate_up_active_prebuilt,11,0.04073600098490715
case_021_real,humaneval,late,real_route_replay,3,3,61,real,1.0,1,1,0.0,gate_up_active_prebuilt,12,0.03951999917626381
case_021_real,humaneval,late,real_route_replay,3,3,61,real,1.0,1,1,0.0,gate_up_active_prebuilt,13,0.04403200000524521
case_021_real,humaneval,late,real_route_replay,3,3,61,real,1.0,1,1,0.0,gate_up_active_prebuilt,14,0.040991999208927155
case_021_real,humaneval,late,real_route_replay,3,3,61,real,1.0,1,1,0.0,gate_up_active_prebuilt,15,0.03999999910593033
case_021_real,humaneval,late,real_route_replay,3,3,61,real,1.0,1,1,0.0,gate_up_active_prebuilt,16,0.046271998435258865
case_021_real,humaneval,late,real_route_replay,3,3,61,real,1.0,1,1,0.0,gate_up_active_prebuilt,17,0.044224001467227936
case_021_real,humaneval,late,real_route_replay,3,3,61,real,1.0,1,1,0.0,gate_up_active_prebuilt,18,0.04182400181889534
case_021_real,humaneval,late,real_route_replay,3,3,61,real,1.0,1,1,0.0,gate_up_active_prebuilt,19,0.04025600105524063
case_021_real,humaneval,late,real_route_replay,3,3,61,real,1.0,1,1,0.0,gate_up_active_prebuilt,20,0.040192000567913055
case_021_real,humaneval,late,real_route_replay,3,3,61,real,1.0,1,1,0.0,gate_up_active_prebuilt,21,0.03977600112557411
case_021_real,humaneval,late,real_route_replay,3,3,61,real,1.0,1,1,0.0,gate_up_active_prebuilt,22,0.04076800122857094
case_021_real,humaneval,late,real_route_replay,3,3,61,real,1.0,1,1,0.0,gate_up_active_prebuilt,23,0.04182400181889534
case_021_real,humaneval,late,real_route_replay,3,3,61,real,1.0,1,1,0.0,gate_up_active_prebuilt,24,0.040192000567913055
case_021_real,humaneval,late,real_route_replay,3,3,61,real,1.0,1,1,0.0,gate_up_active_prebuilt,25,0.04044799879193306
case_021_real,humaneval,late,real_route_replay,3,3,61,real,1.0,1,1,0.0,gate_up_active_prebuilt,26,0.04044799879193306
case_021_real,humaneval,late,real_route_replay,3,3,61,real,1.0,1,1,0.0,gate_up_active_prebuilt,27,0.039744000881910324
case_021_real,humaneval,late,real_route_replay,3,3,61,real,1.0,1,1,0.0,gate_up_active_prebuilt,28,0.04025600105524063
case_021_real,humaneval,late,real_route_replay,3,3,61,real,1.0,1,1,0.0,gate_up_active_prebuilt,29,0.03993599861860275
case_021_real,humaneval,late,real_route_replay,3,3,61,real,1.0,1,1,0.0,gate_up_active_prebuilt,30,0.03996799886226654
case_021_real,humaneval,late,real_route_replay,3,3,61,real,1.0,1,1,0.0,gate_up_active_prebuilt,31,0.04243199899792671
case_021_real,humaneval,late,real_route_replay,3,3,61,real,1.0,1,1,0.0,gate_up_active_prebuilt,32,0.04416000097990036
case_021_real,humaneval,late,real_route_replay,3,3,61,real,1.0,1,1,0.0,gate_up_active_prebuilt,33,0.040192000567913055
case_021_real,humaneval,late,real_route_replay,3,3,61,real,1.0,1,1,0.0,gate_up_active_prebuilt,34,0.040192000567913055
case_021_real,humaneval,late,real_route_replay,3,3,61,real,1.0,1,1,0.0,gate_up_active_prebuilt,35,0.040800001472234726
case_021_real,humaneval,late,real_route_replay,3,3,61,real,1.0,1,1,0.0,gate_up_active_prebuilt,36,0.040672000497579575
case_021_real,humaneval,late,real_route_replay,3,3,61,real,1.0,1,1,0.0,gate_up_active_prebuilt,37,0.04224000126123428
case_021_real,humaneval,late,real_route_replay,3,3,61,real,1.0,1,1,0.0,gate_up_active_prebuilt,38,0.04323200136423111
case_021_real,humaneval,late,real_route_replay,3,3,61,real,1.0,1,1,0.0,gate_up_active_prebuilt,39,0.04214400053024292
case_021_real,humaneval,late,real_route_replay,3,3,61,real,1.0,1,1,0.0,down_active_prebuilt,0,0.0360959991812706
case_021_real,humaneval,late,real_route_replay,3,3,61,real,1.0,1,1,0.0,down_active_prebuilt,1,0.035840000957250595
case_021_real,humaneval,late,real_route_replay,3,3,61,real,1.0,1,1,0.0,down_active_prebuilt,2,0.03622400015592575
case_021_real,humaneval,late,real_route_replay,3,3,61,real,1.0,1,1,0.0,down_active_prebuilt,3,0.03753599897027016
case_021_real,humaneval,late,real_route_replay,3,3,61,real,1.0,1,1,0.0,down_active_prebuilt,4,0.03734400123357773
case_021_real,humaneval,late,real_route_replay,3,3,61,real,1.0,1,1,0.0,down_active_prebuilt,5,0.03782400116324425
case_021_real,humaneval,late,real_route_replay,3,3,61,real,1.0,1,1,0.0,down_active_prebuilt,6,0.03718400001525879
case_021_real,humaneval,late,real_route_replay,3,3,61,real,1.0,1,1,0.0,down_active_prebuilt,7,0.03750399872660637
case_021_real,humaneval,late,real_route_replay,3,3,61,real,1.0,1,1,0.0,down_active_prebuilt,8,0.03519999980926514
case_021_real,humaneval,late,real_route_replay,3,3,61,real,1.0,1,1,0.0,down_active_prebuilt,9,0.03446400165557861
case_021_real,humaneval,late,real_route_replay,3,3,61,real,1.0,1,1,0.0,down_active_prebuilt,10,0.033952001482248306
case_021_real,humaneval,late,real_route_replay,3,3,61,real,1.0,1,1,0.0,down_active_prebuilt,11,0.034304000437259674
case_021_real,humaneval,late,real_route_replay,3,3,61,real,1.0,1,1,0.0,down_active_prebuilt,12,0.03654399886727333
case_021_real,humaneval,late,real_route_replay,3,3,61,real,1.0,1,1,0.0,down_active_prebuilt,13,0.04089599847793579
case_021_real,humaneval,late,real_route_replay,3,3,61,real,1.0,1,1,0.0,down_active_prebuilt,14,0.03478400036692619
case_021_real,humaneval,late,real_route_replay,3,3,61,real,1.0,1,1,0.0,down_active_prebuilt,15,0.03577600046992302
case_021_real,humaneval,late,real_route_replay,3,3,61,real,1.0,1,1,0.0,down_active_prebuilt,16,0.03347200155258179
case_021_real,humaneval,late,real_route_replay,3,3,61,real,1.0,1,1,0.0,down_active_prebuilt,17,0.036639999598264694
case_021_real,humaneval,late,real_route_replay,3,3,61,real,1.0,1,1,0.0,down_active_prebuilt,18,0.03743999823927879
case_021_real,humaneval,late,real_route_replay,3,3,61,real,1.0,1,1,0.0,down_active_prebuilt,19,0.03651199862360954
case_021_real,humaneval,late,real_route_replay,3,3,61,real,1.0,1,1,0.0,down_active_prebuilt,20,0.033376000821590424
case_021_real,humaneval,late,real_route_replay,3,3,61,real,1.0,1,1,0.0,down_active_prebuilt,21,0.0350399985909462
case_021_real,humaneval,late,real_route_replay,3,3,61,real,1.0,1,1,0.0,down_active_prebuilt,22,0.0352960005402565
case_021_real,humaneval,late,real_route_replay,3,3,61,real,1.0,1,1,0.0,down_active_prebuilt,23,0.03440000116825104
case_021_real,humaneval,late,real_route_replay,3,3,61,real,1.0,1,1,0.0,down_active_prebuilt,24,0.03488000109791756
case_021_real,humaneval,late,real_route_replay,3,3,61,real,1.0,1,1,0.0,down_active_prebuilt,25,0.0344959981739521
case_021_real,humaneval,late,real_route_replay,3,3,61,real,1.0,1,1,0.0,down_active_prebuilt,26,0.0342399999499321
case_021_real,humaneval,late,real_route_replay,3,3,61,real,1.0,1,1,0.0,down_active_prebuilt,27,0.03376000002026558
case_021_real,humaneval,late,real_route_replay,3,3,61,real,1.0,1,1,0.0,down_active_prebuilt,28,0.03372799977660179
case_021_real,humaneval,late,real_route_replay,3,3,61,real,1.0,1,1,0.0,down_active_prebuilt,29,0.03759999945759773
case_021_real,humaneval,late,real_route_replay,3,3,61,real,1.0,1,1,0.0,down_active_prebuilt,30,0.03766399994492531
case_021_real,humaneval,late,real_route_replay,3,3,61,real,1.0,1,1,0.0,down_active_prebuilt,31,0.03683200106024742
case_021_real,humaneval,late,real_route_replay,3,3,61,real,1.0,1,1,0.0,down_active_prebuilt,32,0.037151999771595
case_021_real,humaneval,late,real_route_replay,3,3,61,real,1.0,1,1,0.0,down_active_prebuilt,33,0.038495998829603195
case_021_real,humaneval,late,real_route_replay,3,3,61,real,1.0,1,1,0.0,down_active_prebuilt,34,0.036479998379945755
case_021_real,humaneval,late,real_route_replay,3,3,61,real,1.0,1,1,0.0,down_active_prebuilt,35,0.03494400158524513
case_021_real,humaneval,late,real_route_replay,3,3,61,real,1.0,1,1,0.0,down_active_prebuilt,36,0.03392000123858452
case_021_real,humaneval,late,real_route_replay,3,3,61,real,1.0,1,1,0.0,down_active_prebuilt,37,0.03446400165557861
case_021_real,humaneval,late,real_route_replay,3,3,61,real,1.0,1,1,0.0,down_active_prebuilt,38,0.033535998314619064
case_021_real,humaneval,late,real_route_replay,3,3,61,real,1.0,1,1,0.0,down_active_prebuilt,39,0.033824000507593155
case_021_real,humaneval,late,real_route_replay,3,3,61,real,1.0,1,1,0.0,gate_up_full64_prebuilt,0,0.04198399931192398
case_021_real,humaneval,late,real_route_replay,3,3,61,real,1.0,1,1,0.0,gate_up_full64_prebuilt,1,0.043776001781225204
case_021_real,humaneval,late,real_route_replay,3,3,61,real,1.0,1,1,0.0,gate_up_full64_prebuilt,2,0.04383999854326248
case_021_real,humaneval,late,real_route_replay,3,3,61,real,1.0,1,1,0.0,gate_up_full64_prebuilt,3,0.04390399903059006
case_021_real,humaneval,late,real_route_replay,3,3,61,real,1.0,1,1,0.0,gate_up_full64_prebuilt,4,0.03996799886226654
case_021_real,humaneval,late,real_route_replay,3,3,61,real,1.0,1,1,0.0,gate_up_full64_prebuilt,5,0.04044799879193306
case_021_real,humaneval,late,real_route_replay,3,3,61,real,1.0,1,1,0.0,gate_up_full64_prebuilt,6,0.0390079990029335
case_021_real,humaneval,late,real_route_replay,3,3,61,real,1.0,1,1,0.0,gate_up_full64_prebuilt,7,0.04092799872159958
case_021_real,humaneval,late,real_route_replay,3,3,61,real,1.0,1,1,0.0,gate_up_full64_prebuilt,8,0.04092799872159958
case_021_real,humaneval,late,real_route_replay,3,3,61,real,1.0,1,1,0.0,gate_up_full64_prebuilt,9,0.04095999896526337
case_021_real,humaneval,late,real_route_replay,3,3,61,real,1.0,1,1,0.0,gate_up_full64_prebuilt,10,0.040383998304605484
case_021_real,humaneval,late,real_route_replay,3,3,61,real,1.0,1,1,0.0,gate_up_full64_prebuilt,11,0.04912000149488449
case_021_real,humaneval,late,real_route_replay,3,3,61,real,1.0,1,1,0.0,gate_up_full64_prebuilt,12,0.04201599955558777
case_021_real,humaneval,late,real_route_replay,3,3,61,real,1.0,1,1,0.0,gate_up_full64_prebuilt,13,0.0416640006005764
case_021_real,humaneval,late,real_route_replay,3,3,61,real,1.0,1,1,0.0,gate_up_full64_prebuilt,14,0.04412800073623657
case_021_real,humaneval,late,real_route_replay,3,3,61,real,1.0,1,1,0.0,gate_up_full64_prebuilt,15,0.04137599840760231
case_021_real,humaneval,late,real_route_replay,3,3,61,real,1.0,1,1,0.0,gate_up_full64_prebuilt,16,0.04041599854826927
case_021_real,humaneval,late,real_route_replay,3,3,61,real,1.0,1,1,0.0,gate_up_full64_prebuilt,17,0.04095999896526337
case_021_real,humaneval,late,real_route_replay,3,3,61,real,1.0,1,1,0.0,gate_up_full64_prebuilt,18,0.040352001786231995
case_021_real,humaneval,late,real_route_replay,3,3,61,real,1.0,1,1,0.0,gate_up_full64_prebuilt,19,0.04403200000524521
case_021_real,humaneval,late,real_route_replay,3,3,61,real,1.0,1,1,0.0,gate_up_full64_prebuilt,20,0.04243199899792671
case_021_real,humaneval,late,real_route_replay,3,3,61,real,1.0,1,1,0.0,gate_up_full64_prebuilt,21,0.04479999840259552
case_021_real,humaneval,late,real_route_replay,3,3,61,real,1.0,1,1,0.0,gate_up_full64_prebuilt,22,0.04131200164556503
case_021_real,humaneval,late,real_route_replay,3,3,61,real,1.0,1,1,0.0,gate_up_full64_prebuilt,23,0.041280001401901245
case_021_real,humaneval,late,real_route_replay,3,3,61,real,1.0,1,1,0.0,gate_up_full64_prebuilt,24,0.04022400081157684
case_021_real,humaneval,late,real_route_replay,3,3,61,real,1.0,1,1,0.0,gate_up_full64_prebuilt,25,0.04201599955558777
case_021_real,humaneval,late,real_route_replay,3,3,61,real,1.0,1,1,0.0,gate_up_full64_prebuilt,26,0.04310400038957596
case_021_real,humaneval,late,real_route_replay,3,3,61,real,1.0,1,1,0.0,gate_up_full64_prebuilt,27,0.04310400038957596
case_021_real,humaneval,late,real_route_replay,3,3,61,real,1.0,1,1,0.0,gate_up_full64_prebuilt,28,0.04265600070357323
case_021_real,humaneval,late,real_route_replay,3,3,61,real,1.0,1,1,0.0,gate_up_full64_prebuilt,29,0.044064000248909
case_021_real,humaneval,late,real_route_replay,3,3,61,real,1.0,1,1,0.0,gate_up_full64_prebuilt,30,0.044319998472929
case_021_real,humaneval,late,real_route_replay,3,3,61,real,1.0,1,1,0.0,gate_up_full64_prebuilt,31,0.04464000090956688
case_021_real,humaneval,late,real_route_replay,3,3,61,real,1.0,1,1,0.0,gate_up_full64_prebuilt,32,0.04278400167822838
case_021_real,humaneval,late,real_route_replay,3,3,61,real,1.0,1,1,0.0,gate_up_full64_prebuilt,33,0.043455999344587326
case_021_real,humaneval,late,real_route_replay,3,3,61,real,1.0,1,1,0.0,gate_up_full64_prebuilt,34,0.04479999840259552
case_021_real,humaneval,late,real_route_replay,3,3,61,real,1.0,1,1,0.0,gate_up_full64_prebuilt,35,0.04259200021624565
case_021_real,humaneval,late,real_route_replay,3,3,61,real,1.0,1,1,0.0,gate_up_full64_prebuilt,36,0.04108799993991852
case_021_real,humaneval,late,real_route_replay,3,3,61,real,1.0,1,1,0.0,gate_up_full64_prebuilt,37,0.04073600098490715
case_021_real,humaneval,late,real_route_replay,3,3,61,real,1.0,1,1,0.0,gate_up_full64_prebuilt,38,0.04009599983692169
case_021_real,humaneval,late,real_route_replay,3,3,61,real,1.0,1,1,0.0,gate_up_full64_prebuilt,39,0.04931199923157692
case_021_real,humaneval,late,real_route_replay,3,3,61,real,1.0,1,1,0.0,swiglu,0,0.0379519984126091
case_021_real,humaneval,late,real_route_replay,3,3,61,real,1.0,1,1,0.0,swiglu,1,0.03030399978160858
case_021_real,humaneval,late,real_route_replay,3,3,61,real,1.0,1,1,0.0,swiglu,2,0.03062400035560131
case_021_real,humaneval,late,real_route_replay,3,3,61,real,1.0,1,1,0.0,swiglu,3,0.03385600075125694
case_021_real,humaneval,late,real_route_replay,3,3,61,real,1.0,1,1,0.0,swiglu,4,0.03203200176358223
case_021_real,humaneval,late,real_route_replay,3,3,61,real,1.0,1,1,0.0,swiglu,5,0.03161599859595299
case_021_real,humaneval,late,real_route_replay,3,3,61,real,1.0,1,1,0.0,swiglu,6,0.03513599932193756
case_021_real,humaneval,late,real_route_replay,3,3,61,real,1.0,1,1,0.0,swiglu,7,0.04054399952292442
case_021_real,humaneval,late,real_route_replay,3,3,61,real,1.0,1,1,0.0,swiglu,8,0.03587200120091438
case_021_real,humaneval,late,real_route_replay,3,3,61,real,1.0,1,1,0.0,swiglu,9,0.04041599854826927
case_021_real,humaneval,late,real_route_replay,3,3,61,real,1.0,1,1,0.0,swiglu,10,0.03359999880194664
case_021_real,humaneval,late,real_route_replay,3,3,61,real,1.0,1,1,0.0,swiglu,11,0.033695999532938004
case_021_real,humaneval,late,real_route_replay,3,3,61,real,1.0,1,1,0.0,swiglu,12,0.03174399957060814
case_021_real,humaneval,late,real_route_replay,3,3,61,real,1.0,1,1,0.0,swiglu,13,0.03235200047492981
case_021_real,humaneval,late,real_route_replay,3,3,61,real,1.0,1,1,0.0,swiglu,14,0.033824000507593155
case_021_real,humaneval,late,real_route_replay,3,3,61,real,1.0,1,1,0.0,swiglu,15,0.04195199906826019
case_021_real,humaneval,late,real_route_replay,3,3,61,real,1.0,1,1,0.0,swiglu,16,0.03731200098991394
case_021_real,humaneval,late,real_route_replay,3,3,61,real,1.0,1,1,0.0,swiglu,17,0.03235200047492981
case_021_real,humaneval,late,real_route_replay,3,3,61,real,1.0,1,1,0.0,swiglu,18,0.03270399942994118
case_021_real,humaneval,late,real_route_replay,3,3,61,real,1.0,1,1,0.0,swiglu,19,0.033535998314619064
case_021_real,humaneval,late,real_route_replay,3,3,61,real,1.0,1,1,0.0,swiglu,20,0.0323840007185936
case_021_real,humaneval,late,real_route_replay,3,3,61,real,1.0,1,1,0.0,swiglu,21,0.03465599939227104
case_021_real,humaneval,late,real_route_replay,3,3,61,real,1.0,1,1,0.0,swiglu,22,0.055456001311540604
case_021_real,humaneval,late,real_route_replay,3,3,61,real,1.0,1,1,0.0,swiglu,23,0.03791999816894531
case_021_real,humaneval,late,real_route_replay,3,3,61,real,1.0,1,1,0.0,swiglu,24,0.03564799949526787
case_021_real,humaneval,late,real_route_replay,3,3,61,real,1.0,1,1,0.0,swiglu,25,0.03017600066959858
case_021_real,humaneval,late,real_route_replay,3,3,61,real,1.0,1,1,0.0,swiglu,26,0.032896000891923904
case_021_real,humaneval,late,real_route_replay,3,3,61,real,1.0,1,1,0.0,swiglu,27,0.033440001308918
case_021_real,humaneval,late,real_route_replay,3,3,61,real,1.0,1,1,0.0,swiglu,28,0.03324799984693527
case_021_real,humaneval,late,real_route_replay,3,3,61,real,1.0,1,1,0.0,swiglu,29,0.023104000836610794
case_021_real,humaneval,late,real_route_replay,3,3,61,real,1.0,1,1,0.0,swiglu,30,0.021088000386953354
case_021_real,humaneval,late,real_route_replay,3,3,61,real,1.0,1,1,0.0,swiglu,31,0.03782400116324425
case_021_real,humaneval,late,real_route_replay,3,3,61,real,1.0,1,1,0.0,swiglu,32,0.035999998450279236
case_021_real,humaneval,late,real_route_replay,3,3,61,real,1.0,1,1,0.0,swiglu,33,0.03510399907827377
case_021_real,humaneval,late,real_route_replay,3,3,61,real,1.0,1,1,0.0,swiglu,34,0.03340800106525421
case_021_real,humaneval,late,real_route_replay,3,3,61,real,1.0,1,1,0.0,swiglu,35,0.0323840007185936
case_021_real,humaneval,late,real_route_replay,3,3,61,real,1.0,1,1,0.0,swiglu,36,0.03577600046992302
case_021_real,humaneval,late,real_route_replay,3,3,61,real,1.0,1,1,0.0,swiglu,37,0.03251200169324875
case_021_real,humaneval,late,real_route_replay,3,3,61,real,1.0,1,1,0.0,swiglu,38,0.04451199993491173
case_021_real,humaneval,late,real_route_replay,3,3,61,real,1.0,1,1,0.0,swiglu,39,0.034752000123262405
case_021_real,humaneval,late,real_route_replay,3,3,61,real,1.0,1,1,0.0,down_full64_prebuilt,0,0.0684799998998642
case_021_real,humaneval,late,real_route_replay,3,3,61,real,1.0,1,1,0.0,down_full64_prebuilt,1,0.04416000097990036
case_021_real,humaneval,late,real_route_replay,3,3,61,real,1.0,1,1,0.0,down_full64_prebuilt,2,0.04016000032424927
case_021_real,humaneval,late,real_route_replay,3,3,61,real,1.0,1,1,0.0,down_full64_prebuilt,3,0.045343998819589615
case_021_real,humaneval,late,real_route_replay,3,3,61,real,1.0,1,1,0.0,down_full64_prebuilt,4,0.04169600084424019
case_021_real,humaneval,late,real_route_replay,3,3,61,real,1.0,1,1,0.0,down_full64_prebuilt,5,0.04729599878191948
case_021_real,humaneval,late,real_route_replay,3,3,61,real,1.0,1,1,0.0,down_full64_prebuilt,6,0.0382080003619194
case_021_real,humaneval,late,real_route_replay,3,3,61,real,1.0,1,1,0.0,down_full64_prebuilt,7,0.04310400038957596
case_021_real,humaneval,late,real_route_replay,3,3,61,real,1.0,1,1,0.0,down_full64_prebuilt,8,0.04652800038456917
case_021_real,humaneval,late,real_route_replay,3,3,61,real,1.0,1,1,0.0,down_full64_prebuilt,9,0.042080000042915344
case_021_real,humaneval,late,real_route_replay,3,3,61,real,1.0,1,1,0.0,down_full64_prebuilt,10,0.0360959991812706
case_021_real,humaneval,late,real_route_replay,3,3,61,real,1.0,1,1,0.0,down_full64_prebuilt,11,0.035232000052928925
case_021_real,humaneval,late,real_route_replay,3,3,61,real,1.0,1,1,0.0,down_full64_prebuilt,12,0.035711999982595444
case_021_real,humaneval,late,real_route_replay,3,3,61,real,1.0,1,1,0.0,down_full64_prebuilt,13,0.035392001271247864
case_021_real,humaneval,late,real_route_replay,3,3,61,real,1.0,1,1,0.0,down_full64_prebuilt,14,0.03750399872660637
case_021_real,humaneval,late,real_route_replay,3,3,61,real,1.0,1,1,0.0,down_full64_prebuilt,15,0.03481600061058998
case_021_real,humaneval,late,real_route_replay,3,3,61,real,1.0,1,1,0.0,down_full64_prebuilt,16,0.03468799963593483
case_021_real,humaneval,late,real_route_replay,3,3,61,real,1.0,1,1,0.0,down_full64_prebuilt,17,0.03500799834728241
case_021_real,humaneval,late,real_route_replay,3,3,61,real,1.0,1,1,0.0,down_full64_prebuilt,18,0.0379519984126091
case_021_real,humaneval,late,real_route_replay,3,3,61,real,1.0,1,1,0.0,down_full64_prebuilt,19,0.03747199848294258
case_021_real,humaneval,late,real_route_replay,3,3,61,real,1.0,1,1,0.0,down_full64_prebuilt,20,0.038176000118255615
case_021_real,humaneval,late,real_route_replay,3,3,61,real,1.0,1,1,0.0,down_full64_prebuilt,21,0.03513599932193756
case_021_real,humaneval,late,real_route_replay,3,3,61,real,1.0,1,1,0.0,down_full64_prebuilt,22,0.03407999873161316
case_021_real,humaneval,late,real_route_replay,3,3,61,real,1.0,1,1,0.0,down_full64_prebuilt,23,0.03468799963593483
case_021_real,humaneval,late,real_route_replay,3,3,61,real,1.0,1,1,0.0,down_full64_prebuilt,24,0.03590400144457817
case_021_real,humaneval,late,real_route_replay,3,3,61,real,1.0,1,1,0.0,down_full64_prebuilt,25,0.03436800092458725
case_021_real,humaneval,late,real_route_replay,3,3,61,real,1.0,1,1,0.0,down_full64_prebuilt,26,0.034591998904943466
case_021_real,humaneval,late,real_route_replay,3,3,61,real,1.0,1,1,0.0,down_full64_prebuilt,27,0.03497600182890892
case_021_real,humaneval,late,real_route_replay,3,3,61,real,1.0,1,1,0.0,down_full64_prebuilt,28,0.03478400036692619
case_021_real,humaneval,late,real_route_replay,3,3,61,real,1.0,1,1,0.0,down_full64_prebuilt,29,0.03471999987959862
case_021_real,humaneval,late,real_route_replay,3,3,61,real,1.0,1,1,0.0,down_full64_prebuilt,30,0.0360959991812706
case_021_real,humaneval,late,real_route_replay,3,3,61,real,1.0,1,1,0.0,down_full64_prebuilt,31,0.033952001482248306
case_021_real,humaneval,late,real_route_replay,3,3,61,real,1.0,1,1,0.0,down_full64_prebuilt,32,0.03407999873161316
case_021_real,humaneval,late,real_route_replay,3,3,61,real,1.0,1,1,0.0,down_full64_prebuilt,33,0.03465599939227104
case_021_real,humaneval,late,real_route_replay,3,3,61,real,1.0,1,1,0.0,down_full64_prebuilt,34,0.03824000060558319
case_021_real,humaneval,late,real_route_replay,3,3,61,real,1.0,1,1,0.0,down_full64_prebuilt,35,0.03564799949526787
case_021_real,humaneval,late,real_route_replay,3,3,61,real,1.0,1,1,0.0,down_full64_prebuilt,36,0.03532800078392029
case_021_real,humaneval,late,real_route_replay,3,3,61,real,1.0,1,1,0.0,down_full64_prebuilt,37,0.0379519984126091
case_021_real,humaneval,late,real_route_replay,3,3,61,real,1.0,1,1,0.0,down_full64_prebuilt,38,0.03596799820661545
case_021_real,humaneval,late,real_route_replay,3,3,61,real,1.0,1,1,0.0,down_full64_prebuilt,39,0.034591998904943466
case_022_real,humaneval,late,real_route_replay,15,5,59,real,3.0,3,3,0.0,down_full64_prebuilt,0,0.04771199822425842
case_022_real,humaneval,late,real_route_replay,15,5,59,real,3.0,3,3,0.0,down_full64_prebuilt,1,0.047520000487565994
case_022_real,humaneval,late,real_route_replay,15,5,59,real,3.0,3,3,0.0,down_full64_prebuilt,2,0.046560000628232956
case_022_real,humaneval,late,real_route_replay,15,5,59,real,3.0,3,3,0.0,down_full64_prebuilt,3,0.0480320006608963
case_022_real,humaneval,late,real_route_replay,15,5,59,real,3.0,3,3,0.0,down_full64_prebuilt,4,0.04492799937725067
case_022_real,humaneval,late,real_route_replay,15,5,59,real,3.0,3,3,0.0,down_full64_prebuilt,5,0.04560000076889992
case_022_real,humaneval,late,real_route_replay,15,5,59,real,3.0,3,3,0.0,down_full64_prebuilt,6,0.04608000069856644
case_022_real,humaneval,late,real_route_replay,15,5,59,real,3.0,3,3,0.0,down_full64_prebuilt,7,0.045024000108242035
case_022_real,humaneval,late,real_route_replay,15,5,59,real,3.0,3,3,0.0,down_full64_prebuilt,8,0.04390399903059006
case_022_real,humaneval,late,real_route_replay,15,5,59,real,3.0,3,3,0.0,down_full64_prebuilt,9,0.04556800052523613
case_022_real,humaneval,late,real_route_replay,15,5,59,real,3.0,3,3,0.0,down_full64_prebuilt,10,0.04412800073623657
case_022_real,humaneval,late,real_route_replay,15,5,59,real,3.0,3,3,0.0,down_full64_prebuilt,11,0.045024000108242035
case_022_real,humaneval,late,real_route_replay,15,5,59,real,3.0,3,3,0.0,down_full64_prebuilt,12,0.044224001467227936
case_022_real,humaneval,late,real_route_replay,15,5,59,real,3.0,3,3,0.0,down_full64_prebuilt,13,0.04774399846792221
case_022_real,humaneval,late,real_route_replay,15,5,59,real,3.0,3,3,0.0,down_full64_prebuilt,14,0.04729599878191948
case_022_real,humaneval,late,real_route_replay,15,5,59,real,3.0,3,3,0.0,down_full64_prebuilt,15,0.049984000623226166
case_022_real,humaneval,late,real_route_replay,15,5,59,real,3.0,3,3,0.0,down_full64_prebuilt,16,0.04479999840259552
case_022_real,humaneval,late,real_route_replay,15,5,59,real,3.0,3,3,0.0,down_full64_prebuilt,17,0.045184001326560974
case_022_real,humaneval,late,real_route_replay,15,5,59,real,3.0,3,3,0.0,down_full64_prebuilt,18,0.04601600021123886
case_022_real,humaneval,late,real_route_replay,15,5,59,real,3.0,3,3,0.0,down_full64_prebuilt,19,0.04521600157022476
case_022_real,humaneval,late,real_route_replay,15,5,59,real,3.0,3,3,0.0,down_full64_prebuilt,20,0.04383999854326248
case_022_real,humaneval,late,real_route_replay,15,5,59,real,3.0,3,3,0.0,down_full64_prebuilt,21,0.045343998819589615
case_022_real,humaneval,late,real_route_replay,15,5,59,real,3.0,3,3,0.0,down_full64_prebuilt,22,0.04460800066590309
case_022_real,humaneval,late,real_route_replay,15,5,59,real,3.0,3,3,0.0,down_full64_prebuilt,23,0.044704001396894455
case_022_real,humaneval,late,real_route_replay,15,5,59,real,3.0,3,3,0.0,down_full64_prebuilt,24,0.04678399860858917
case_022_real,humaneval,late,real_route_replay,15,5,59,real,3.0,3,3,0.0,down_full64_prebuilt,25,0.04835199937224388
case_022_real,humaneval,late,real_route_replay,15,5,59,real,3.0,3,3,0.0,down_full64_prebuilt,26,0.04755200073122978
case_022_real,humaneval,late,real_route_replay,15,5,59,real,3.0,3,3,0.0,down_full64_prebuilt,27,0.048128001391887665
case_022_real,humaneval,late,real_route_replay,15,5,59,real,3.0,3,3,0.0,down_full64_prebuilt,28,0.044895999133586884
case_022_real,humaneval,late,real_route_replay,15,5,59,real,3.0,3,3,0.0,down_full64_prebuilt,29,0.045823998749256134
case_022_real,humaneval,late,real_route_replay,15,5,59,real,3.0,3,3,0.0,down_full64_prebuilt,30,0.043807998299598694
case_022_real,humaneval,late,real_route_replay,15,5,59,real,3.0,3,3,0.0,down_full64_prebuilt,31,0.04505600035190582
case_022_real,humaneval,late,real_route_replay,15,5,59,real,3.0,3,3,0.0,down_full64_prebuilt,32,0.0453759990632534
case_022_real,humaneval,late,real_route_replay,15,5,59,real,3.0,3,3,0.0,down_full64_prebuilt,33,0.0480320006608963
case_022_real,humaneval,late,real_route_replay,15,5,59,real,3.0,3,3,0.0,down_full64_prebuilt,34,0.0453759990632534
case_022_real,humaneval,late,real_route_replay,15,5,59,real,3.0,3,3,0.0,down_full64_prebuilt,35,0.04435199871659279
case_022_real,humaneval,late,real_route_replay,15,5,59,real,3.0,3,3,0.0,down_full64_prebuilt,36,0.04569600149989128
case_022_real,humaneval,late,real_route_replay,15,5,59,real,3.0,3,3,0.0,down_full64_prebuilt,37,0.04790399968624115
case_022_real,humaneval,late,real_route_replay,15,5,59,real,3.0,3,3,0.0,down_full64_prebuilt,38,0.04825599864125252
case_022_real,humaneval,late,real_route_replay,15,5,59,real,3.0,3,3,0.0,down_full64_prebuilt,39,0.047775998711586
case_022_real,humaneval,late,real_route_replay,15,5,59,real,3.0,3,3,0.0,gate_up_active_prebuilt,0,0.06332799792289734
case_022_real,humaneval,late,real_route_replay,15,5,59,real,3.0,3,3,0.0,gate_up_active_prebuilt,1,0.06191999837756157
case_022_real,humaneval,late,real_route_replay,15,5,59,real,3.0,3,3,0.0,gate_up_active_prebuilt,2,0.06403200328350067
case_022_real,humaneval,late,real_route_replay,15,5,59,real,3.0,3,3,0.0,gate_up_active_prebuilt,3,0.0615679994225502
case_022_real,humaneval,late,real_route_replay,15,5,59,real,3.0,3,3,0.0,gate_up_active_prebuilt,4,0.06099199876189232
case_022_real,humaneval,late,real_route_replay,15,5,59,real,3.0,3,3,0.0,gate_up_active_prebuilt,5,0.06313599646091461
case_022_real,humaneval,late,real_route_replay,15,5,59,real,3.0,3,3,0.0,gate_up_active_prebuilt,6,0.06047999858856201
case_022_real,humaneval,late,real_route_replay,15,5,59,real,3.0,3,3,0.0,gate_up_active_prebuilt,7,0.06217600032687187
case_022_real,humaneval,late,real_route_replay,15,5,59,real,3.0,3,3,0.0,gate_up_active_prebuilt,8,0.06067200005054474
case_022_real,humaneval,late,real_route_replay,15,5,59,real,3.0,3,3,0.0,gate_up_active_prebuilt,9,0.06128000095486641
case_022_real,humaneval,late,real_route_replay,15,5,59,real,3.0,3,3,0.0,gate_up_active_prebuilt,10,0.06319999694824219
case_022_real,humaneval,late,real_route_replay,15,5,59,real,3.0,3,3,0.0,gate_up_active_prebuilt,11,0.06230400130152702
case_022_real,humaneval,late,real_route_replay,15,5,59,real,3.0,3,3,0.0,gate_up_active_prebuilt,12,0.060127999633550644
case_022_real,humaneval,late,real_route_replay,15,5,59,real,3.0,3,3,0.0,gate_up_active_prebuilt,13,0.06207999959588051
case_022_real,humaneval,late,real_route_replay,15,5,59,real,3.0,3,3,0.0,gate_up_active_prebuilt,14,0.061983998864889145
case_022_real,humaneval,late,real_route_replay,15,5,59,real,3.0,3,3,0.0,gate_up_active_prebuilt,15,0.062111999839544296
case_022_real,humaneval,late,real_route_replay,15,5,59,real,3.0,3,3,0.0,gate_up_active_prebuilt,16,0.061184000223875046
case_022_real,humaneval,late,real_route_replay,15,5,59,real,3.0,3,3,0.0,gate_up_active_prebuilt,17,0.06252799928188324
case_022_real,humaneval,late,real_route_replay,15,5,59,real,3.0,3,3,0.0,gate_up_active_prebuilt,18,0.06643199920654297
case_022_real,humaneval,late,real_route_replay,15,5,59,real,3.0,3,3,0.0,gate_up_active_prebuilt,19,0.06384000182151794
case_022_real,humaneval,late,real_route_replay,15,5,59,real,3.0,3,3,0.0,gate_up_active_prebuilt,20,0.06364800035953522
case_022_real,humaneval,late,real_route_replay,15,5,59,real,3.0,3,3,0.0,gate_up_active_prebuilt,21,0.062111999839544296
case_022_real,humaneval,late,real_route_replay,15,5,59,real,3.0,3,3,0.0,gate_up_active_prebuilt,22,0.06195199862122536
case_022_real,humaneval,late,real_route_replay,15,5,59,real,3.0,3,3,0.0,gate_up_active_prebuilt,23,0.06128000095486641
case_022_real,humaneval,late,real_route_replay,15,5,59,real,3.0,3,3,0.0,gate_up_active_prebuilt,24,0.06595200300216675
case_022_real,humaneval,late,real_route_replay,15,5,59,real,3.0,3,3,0.0,gate_up_active_prebuilt,25,0.06339199841022491
case_022_real,humaneval,late,real_route_replay,15,5,59,real,3.0,3,3,0.0,gate_up_active_prebuilt,26,0.06646399945020676
case_022_real,humaneval,late,real_route_replay,15,5,59,real,3.0,3,3,0.0,gate_up_active_prebuilt,27,0.06304000318050385
case_022_real,humaneval,late,real_route_replay,15,5,59,real,3.0,3,3,0.0,gate_up_active_prebuilt,28,0.0660799965262413
case_022_real,humaneval,late,real_route_replay,15,5,59,real,3.0,3,3,0.0,gate_up_active_prebuilt,29,0.06425599753856659
case_022_real,humaneval,late,real_route_replay,15,5,59,real,3.0,3,3,0.0,gate_up_active_prebuilt,30,0.0629120022058487
case_022_real,humaneval,late,real_route_replay,15,5,59,real,3.0,3,3,0.0,gate_up_active_prebuilt,31,0.06323199719190598
case_022_real,humaneval,late,real_route_replay,15,5,59,real,3.0,3,3,0.0,gate_up_active_prebuilt,32,0.06249599903821945
case_022_real,humaneval,late,real_route_replay,15,5,59,real,3.0,3,3,0.0,gate_up_active_prebuilt,33,0.06537599861621857
case_022_real,humaneval,late,real_route_replay,15,5,59,real,3.0,3,3,0.0,gate_up_active_prebuilt,34,0.06233600154519081
case_022_real,humaneval,late,real_route_replay,15,5,59,real,3.0,3,3,0.0,gate_up_active_prebuilt,35,0.06159999966621399
case_022_real,humaneval,late,real_route_replay,15,5,59,real,3.0,3,3,0.0,gate_up_active_prebuilt,36,0.06204799935221672
case_022_real,humaneval,late,real_route_replay,15,5,59,real,3.0,3,3,0.0,gate_up_active_prebuilt,37,0.06406400352716446
case_022_real,humaneval,late,real_route_replay,15,5,59,real,3.0,3,3,0.0,gate_up_active_prebuilt,38,0.06483200192451477
case_022_real,humaneval,late,real_route_replay,15,5,59,real,3.0,3,3,0.0,gate_up_active_prebuilt,39,0.062272001057863235
case_022_real,humaneval,late,real_route_replay,15,5,59,real,3.0,3,3,0.0,route_weight,0,0.016095999628305435
case_022_real,humaneval,late,real_route_replay,15,5,59,real,3.0,3,3,0.0,route_weight,1,0.017503999173641205
case_022_real,humaneval,late,real_route_replay,15,5,59,real,3.0,3,3,0.0,route_weight,2,0.014112000353634357
case_022_real,humaneval,late,real_route_replay,15,5,59,real,3.0,3,3,0.0,route_weight,3,0.013887999579310417
case_022_real,humaneval,late,real_route_replay,15,5,59,real,3.0,3,3,0.0,route_weight,4,0.013663999736309052
case_022_real,humaneval,late,real_route_replay,15,5,59,real,3.0,3,3,0.0,route_weight,5,0.013248000293970108
case_022_real,humaneval,late,real_route_replay,15,5,59,real,3.0,3,3,0.0,route_weight,6,0.012736000120639801
case_022_real,humaneval,late,real_route_replay,15,5,59,real,3.0,3,3,0.0,route_weight,7,0.012959999963641167
case_022_real,humaneval,late,real_route_replay,15,5,59,real,3.0,3,3,0.0,route_weight,8,0.013344000093638897
case_022_real,humaneval,late,real_route_replay,15,5,59,real,3.0,3,3,0.0,route_weight,9,0.012799999676644802
case_022_real,humaneval,late,real_route_replay,15,5,59,real,3.0,3,3,0.0,route_weight,10,0.013055999763309956
case_022_real,humaneval,late,real_route_replay,15,5,59,real,3.0,3,3,0.0,route_weight,11,0.014208000153303146
case_022_real,humaneval,late,real_route_replay,15,5,59,real,3.0,3,3,0.0,route_weight,12,0.015135999768972397
case_022_real,humaneval,late,real_route_replay,15,5,59,real,3.0,3,3,0.0,route_weight,13,0.014527999795973301
case_022_real,humaneval,late,real_route_replay,15,5,59,real,3.0,3,3,0.0,route_weight,14,0.015168000012636185
case_022_real,humaneval,late,real_route_replay,15,5,59,real,3.0,3,3,0.0,route_weight,15,0.015456000342965126
case_022_real,humaneval,late,real_route_replay,15,5,59,real,3.0,3,3,0.0,route_weight,16,0.01360000018030405
case_022_real,humaneval,late,real_route_replay,15,5,59,real,3.0,3,3,0.0,route_weight,17,0.014240000396966934
case_022_real,humaneval,late,real_route_replay,15,5,59,real,3.0,3,3,0.0,route_weight,18,0.01500799972563982
case_022_real,humaneval,late,real_route_replay,15,5,59,real,3.0,3,3,0.0,route_weight,19,0.012864000163972378
case_022_real,humaneval,late,real_route_replay,15,5,59,real,3.0,3,3,0.0,route_weight,20,0.013088000006973743
case_022_real,humaneval,late,real_route_replay,15,5,59,real,3.0,3,3,0.0,route_weight,21,0.012864000163972378
case_022_real,humaneval,late,real_route_replay,15,5,59,real,3.0,3,3,0.0,route_weight,22,0.013088000006973743
case_022_real,humaneval,late,real_route_replay,15,5,59,real,3.0,3,3,0.0,route_weight,23,0.01321600005030632
case_022_real,humaneval,late,real_route_replay,15,5,59,real,3.0,3,3,0.0,route_weight,24,0.01283199992030859
case_022_real,humaneval,late,real_route_replay,15,5,59,real,3.0,3,3,0.0,route_weight,25,0.01616000011563301
case_022_real,humaneval,late,real_route_replay,15,5,59,real,3.0,3,3,0.0,route_weight,26,0.015263999812304974
case_022_real,humaneval,late,real_route_replay,15,5,59,real,3.0,3,3,0.0,route_weight,27,0.013952000066637993
case_022_real,humaneval,late,real_route_replay,15,5,59,real,3.0,3,3,0.0,route_weight,28,0.016607999801635742
case_022_real,humaneval,late,real_route_replay,15,5,59,real,3.0,3,3,0.0,route_weight,29,0.014431999996304512
case_022_real,humaneval,late,real_route_replay,15,5,59,real,3.0,3,3,0.0,route_weight,30,0.013344000093638897
case_022_real,humaneval,late,real_route_replay,15,5,59,real,3.0,3,3,0.0,route_weight,31,0.012768000364303589
case_022_real,humaneval,late,real_route_replay,15,5,59,real,3.0,3,3,0.0,route_weight,32,0.014720000326633453
case_022_real,humaneval,late,real_route_replay,15,5,59,real,3.0,3,3,0.0,route_weight,33,0.013407999649643898
case_022_real,humaneval,late,real_route_replay,15,5,59,real,3.0,3,3,0.0,route_weight,34,0.012992000207304955
case_022_real,humaneval,late,real_route_replay,15,5,59,real,3.0,3,3,0.0,route_weight,35,0.01283199992030859
case_022_real,humaneval,late,real_route_replay,15,5,59,real,3.0,3,3,0.0,route_weight,36,0.013248000293970108
case_022_real,humaneval,late,real_route_replay,15,5,59,real,3.0,3,3,0.0,route_weight,37,0.013248000293970108
case_022_real,humaneval,late,real_route_replay,15,5,59,real,3.0,3,3,0.0,route_weight,38,0.013183999806642532
case_022_real,humaneval,late,real_route_replay,15,5,59,real,3.0,3,3,0.0,route_weight,39,0.012512000277638435
case_022_real,humaneval,late,real_route_replay,15,5,59,real,3.0,3,3,0.0,gate_up_full64_prebuilt,0,0.0663679987192154
case_022_real,humaneval,late,real_route_replay,15,5,59,real,3.0,3,3,0.0,gate_up_full64_prebuilt,1,0.06428799778223038
case_022_real,humaneval,late,real_route_replay,15,5,59,real,3.0,3,3,0.0,gate_up_full64_prebuilt,2,0.06224000081419945
case_022_real,humaneval,late,real_route_replay,15,5,59,real,3.0,3,3,0.0,gate_up_full64_prebuilt,3,0.06284800171852112
case_022_real,humaneval,late,real_route_replay,15,5,59,real,3.0,3,3,0.0,gate_up_full64_prebuilt,4,0.06220800057053566
case_022_real,humaneval,late,real_route_replay,15,5,59,real,3.0,3,3,0.0,gate_up_full64_prebuilt,5,0.06217600032687187
case_022_real,humaneval,late,real_route_replay,15,5,59,real,3.0,3,3,0.0,gate_up_full64_prebuilt,6,0.06272000074386597
case_022_real,humaneval,late,real_route_replay,15,5,59,real,3.0,3,3,0.0,gate_up_full64_prebuilt,7,0.0711359977722168
case_022_real,humaneval,late,real_route_replay,15,5,59,real,3.0,3,3,0.0,gate_up_full64_prebuilt,8,0.06857600063085556
case_022_real,humaneval,late,real_route_replay,15,5,59,real,3.0,3,3,0.0,gate_up_full64_prebuilt,9,0.06595200300216675
case_022_real,humaneval,late,real_route_replay,15,5,59,real,3.0,3,3,0.0,gate_up_full64_prebuilt,10,0.062463998794555664
case_022_real,humaneval,late,real_route_replay,15,5,59,real,3.0,3,3,0.0,gate_up_full64_prebuilt,11,0.0626240000128746
case_022_real,humaneval,late,real_route_replay,15,5,59,real,3.0,3,3,0.0,gate_up_full64_prebuilt,12,0.061535999178886414
case_022_real,humaneval,late,real_route_replay,15,5,59,real,3.0,3,3,0.0,gate_up_full64_prebuilt,13,0.06508799642324448
case_022_real,humaneval,late,real_route_replay,15,5,59,real,3.0,3,3,0.0,gate_up_full64_prebuilt,14,0.06393600255250931
case_022_real,humaneval,late,real_route_replay,15,5,59,real,3.0,3,3,0.0,gate_up_full64_prebuilt,15,0.06454399973154068
case_022_real,humaneval,late,real_route_replay,15,5,59,real,3.0,3,3,0.0,gate_up_full64_prebuilt,16,0.06681600213050842
case_022_real,humaneval,late,real_route_replay,15,5,59,real,3.0,3,3,0.0,gate_up_full64_prebuilt,17,0.06617599725723267
case_022_real,humaneval,late,real_route_replay,15,5,59,real,3.0,3,3,0.0,gate_up_full64_prebuilt,18,0.06400000303983688
case_022_real,humaneval,late,real_route_replay,15,5,59,real,3.0,3,3,0.0,gate_up_full64_prebuilt,19,0.06569600105285645
case_022_real,humaneval,late,real_route_replay,15,5,59,real,3.0,3,3,0.0,gate_up_full64_prebuilt,20,0.06387200206518173
case_022_real,humaneval,late,real_route_replay,15,5,59,real,3.0,3,3,0.0,gate_up_full64_prebuilt,21,0.06572800129652023
case_022_real,humaneval,late,real_route_replay,15,5,59,real,3.0,3,3,0.0,gate_up_full64_prebuilt,22,0.061983998864889145
case_022_real,humaneval,late,real_route_replay,15,5,59,real,3.0,3,3,0.0,gate_up_full64_prebuilt,23,0.06310400366783142
case_022_real,humaneval,late,real_route_replay,15,5,59,real,3.0,3,3,0.0,gate_up_full64_prebuilt,24,0.06409599632024765
case_022_real,humaneval,late,real_route_replay,15,5,59,real,3.0,3,3,0.0,gate_up_full64_prebuilt,25,0.06172800064086914
case_022_real,humaneval,late,real_route_replay,15,5,59,real,3.0,3,3,0.0,gate_up_full64_prebuilt,26,0.06415999680757523
case_022_real,humaneval,late,real_route_replay,15,5,59,real,3.0,3,3,0.0,gate_up_full64_prebuilt,27,0.0628800019621849
case_022_real,humaneval,late,real_route_replay,15,5,59,real,3.0,3,3,0.0,gate_up_full64_prebuilt,28,0.062111999839544296
case_022_real,humaneval,late,real_route_replay,15,5,59,real,3.0,3,3,0.0,gate_up_full64_prebuilt,29,0.061983998864889145
case_022_real,humaneval,late,real_route_replay,15,5,59,real,3.0,3,3,0.0,gate_up_full64_prebuilt,30,0.0626240000128746
case_022_real,humaneval,late,real_route_replay,15,5,59,real,3.0,3,3,0.0,gate_up_full64_prebuilt,31,0.0674239993095398
case_022_real,humaneval,late,real_route_replay,15,5,59,real,3.0,3,3,0.0,gate_up_full64_prebuilt,32,0.06431999802589417
case_022_real,humaneval,late,real_route_replay,15,5,59,real,3.0,3,3,0.0,gate_up_full64_prebuilt,33,0.06275200098752975
case_022_real,humaneval,late,real_route_replay,15,5,59,real,3.0,3,3,0.0,gate_up_full64_prebuilt,34,0.06425599753856659
case_022_real,humaneval,late,real_route_replay,15,5,59,real,3.0,3,3,0.0,gate_up_full64_prebuilt,35,0.06534399837255478
case_022_real,humaneval,late,real_route_replay,15,5,59,real,3.0,3,3,0.0,gate_up_full64_prebuilt,36,0.06537599861621857
case_022_real,humaneval,late,real_route_replay,15,5,59,real,3.0,3,3,0.0,gate_up_full64_prebuilt,37,0.06345599889755249
case_022_real,humaneval,late,real_route_replay,15,5,59,real,3.0,3,3,0.0,gate_up_full64_prebuilt,38,0.0613120011985302
case_022_real,humaneval,late,real_route_replay,15,5,59,real,3.0,3,3,0.0,gate_up_full64_prebuilt,39,0.06601600348949432
case_022_real,humaneval,late,real_route_replay,15,5,59,real,3.0,3,3,0.0,swiglu,0,0.028384000062942505
case_022_real,humaneval,late,real_route_replay,15,5,59,real,3.0,3,3,0.0,swiglu,1,0.022175999358296394
case_022_real,humaneval,late,real_route_replay,15,5,59,real,3.0,3,3,0.0,swiglu,2,0.021183999255299568
case_022_real,humaneval,late,real_route_replay,15,5,59,real,3.0,3,3,0.0,swiglu,3,0.020927999168634415
case_022_real,humaneval,late,real_route_replay,15,5,59,real,3.0,3,3,0.0,swiglu,4,0.021536000072956085
case_022_real,humaneval,late,real_route_replay,15,5,59,real,3.0,3,3,0.0,swiglu,5,0.020800000056624413
case_022_real,humaneval,late,real_route_replay,15,5,59,real,3.0,3,3,0.0,swiglu,6,0.02131200022995472
case_022_real,humaneval,late,real_route_replay,15,5,59,real,3.0,3,3,0.0,swiglu,7,0.02022399939596653
case_022_real,humaneval,late,real_route_replay,15,5,59,real,3.0,3,3,0.0,swiglu,8,0.020896000787615776
case_022_real,humaneval,late,real_route_replay,15,5,59,real,3.0,3,3,0.0,swiglu,9,0.024224000051617622
case_022_real,humaneval,late,real_route_replay,15,5,59,real,3.0,3,3,0.0,swiglu,10,0.02864000014960766
case_022_real,humaneval,late,real_route_replay,15,5,59,real,3.0,3,3,0.0,swiglu,11,0.022752000018954277
case_022_real,humaneval,late,real_route_replay,15,5,59,real,3.0,3,3,0.0,swiglu,12,0.020287999883294106
case_022_real,humaneval,late,real_route_replay,15,5,59,real,3.0,3,3,0.0,swiglu,13,0.020255999639630318
case_022_real,humaneval,late,real_route_replay,15,5,59,real,3.0,3,3,0.0,swiglu,14,0.02067199908196926
case_022_real,humaneval,late,real_route_replay,15,5,59,real,3.0,3,3,0.0,swiglu,15,0.02054399996995926
case_022_real,humaneval,late,real_route_replay,15,5,59,real,3.0,3,3,0.0,swiglu,16,0.021088000386953354
case_022_real,humaneval,late,real_route_replay,15,5,59,real,3.0,3,3,0.0,swiglu,17,0.020031999796628952
case_022_real,humaneval,late,real_route_replay,15,5,59,real,3.0,3,3,0.0,swiglu,18,0.020800000056624413
case_022_real,humaneval,late,real_route_replay,15,5,59,real,3.0,3,3,0.0,swiglu,19,0.0208320003002882
case_022_real,humaneval,late,real_route_replay,15,5,59,real,3.0,3,3,0.0,swiglu,20,0.02067199908196926
case_022_real,humaneval,late,real_route_replay,15,5,59,real,3.0,3,3,0.0,swiglu,21,0.022048000246286392
case_022_real,humaneval,late,real_route_replay,15,5,59,real,3.0,3,3,0.0,swiglu,22,0.02687999978661537
case_022_real,humaneval,late,real_route_replay,15,5,59,real,3.0,3,3,0.0,swiglu,23,0.024351999163627625
case_022_real,humaneval,late,real_route_replay,15,5,59,real,3.0,3,3,0.0,swiglu,24,0.023711999878287315
case_022_real,humaneval,late,real_route_replay,15,5,59,real,3.0,3,3,0.0,swiglu,25,0.0331839993596077
case_022_real,humaneval,late,real_route_replay,15,5,59,real,3.0,3,3,0.0,swiglu,26,0.02284800074994564
case_022_real,humaneval,late,real_route_replay,15,5,59,real,3.0,3,3,0.0,swiglu,27,0.020640000700950623
case_022_real,humaneval,late,real_route_replay,15,5,59,real,3.0,3,3,0.0,swiglu,28,0.020959999412298203
case_022_real,humaneval,late,real_route_replay,15,5,59,real,3.0,3,3,0.0,swiglu,29,0.02054399996995926
case_022_real,humaneval,late,real_route_replay,15,5,59,real,3.0,3,3,0.0,swiglu,30,0.021056000143289566
case_022_real,humaneval,late,real_route_replay,15,5,59,real,3.0,3,3,0.0,swiglu,31,0.02521600015461445
case_022_real,humaneval,late,real_route_replay,15,5,59,real,3.0,3,3,0.0,swiglu,32,0.02112000063061714
case_022_real,humaneval,late,real_route_replay,15,5,59,real,3.0,3,3,0.0,swiglu,33,0.02239999920129776
case_022_real,humaneval,late,real_route_replay,15,5,59,real,3.0,3,3,0.0,swiglu,34,0.027327999472618103
case_022_real,humaneval,late,real_route_replay,15,5,59,real,3.0,3,3,0.0,swiglu,35,0.024831999093294144
case_022_real,humaneval,late,real_route_replay,15,5,59,real,3.0,3,3,0.0,swiglu,36,0.024064000695943832
case_022_real,humaneval,late,real_route_replay,15,5,59,real,3.0,3,3,0.0,swiglu,37,0.02131200022995472
case_022_real,humaneval,late,real_route_replay,15,5,59,real,3.0,3,3,0.0,swiglu,38,0.022304000332951546
case_022_real,humaneval,late,real_route_replay,15,5,59,real,3.0,3,3,0.0,swiglu,39,0.030848000198602676
case_022_real,humaneval,late,real_route_replay,15,5,59,real,3.0,3,3,0.0,down_active_prebuilt,0,0.05875200033187866
case_022_real,humaneval,late,real_route_replay,15,5,59,real,3.0,3,3,0.0,down_active_prebuilt,1,0.0533440001308918
case_022_real,humaneval,late,real_route_replay,15,5,59,real,3.0,3,3,0.0,down_active_prebuilt,2,0.05212799832224846
case_022_real,humaneval,late,real_route_replay,15,5,59,real,3.0,3,3,0.0,down_active_prebuilt,3,0.05273599922657013
case_022_real,humaneval,late,real_route_replay,15,5,59,real,3.0,3,3,0.0,down_active_prebuilt,4,0.05142400041222572
case_022_real,humaneval,late,real_route_replay,15,5,59,real,3.0,3,3,0.0,down_active_prebuilt,5,0.05375999957323074
case_022_real,humaneval,late,real_route_replay,15,5,59,real,3.0,3,3,0.0,down_active_prebuilt,6,0.05020799860358238
case_022_real,humaneval,late,real_route_replay,15,5,59,real,3.0,3,3,0.0,down_active_prebuilt,7,0.053247999399900436
case_022_real,humaneval,late,real_route_replay,15,5,59,real,3.0,3,3,0.0,down_active_prebuilt,8,0.046560000628232956
case_022_real,humaneval,late,real_route_replay,15,5,59,real,3.0,3,3,0.0,down_active_prebuilt,9,0.05040000006556511
case_022_real,humaneval,late,real_route_replay,15,5,59,real,3.0,3,3,0.0,down_active_prebuilt,10,0.05305600166320801
case_022_real,humaneval,late,real_route_replay,15,5,59,real,3.0,3,3,0.0,down_active_prebuilt,11,0.057023998349905014
case_022_real,humaneval,late,real_route_replay,15,5,59,real,3.0,3,3,0.0,down_active_prebuilt,12,0.04864000156521797
case_022_real,humaneval,late,real_route_replay,15,5,59,real,3.0,3,3,0.0,down_active_prebuilt,13,0.04620800167322159
case_022_real,humaneval,late,real_route_replay,15,5,59,real,3.0,3,3,0.0,down_active_prebuilt,14,0.04822399839758873
case_022_real,humaneval,late,real_route_replay,15,5,59,real,3.0,3,3,0.0,down_active_prebuilt,15,0.045791998505592346
case_022_real,humaneval,late,real_route_replay,15,5,59,real,3.0,3,3,0.0,down_active_prebuilt,16,0.044576000422239304
case_022_real,humaneval,late,real_route_replay,15,5,59,real,3.0,3,3,0.0,down_active_prebuilt,17,0.04639999940991402
case_022_real,humaneval,late,real_route_replay,15,5,59,real,3.0,3,3,0.0,down_active_prebuilt,18,0.0453759990632534
case_022_real,humaneval,late,real_route_replay,15,5,59,real,3.0,3,3,0.0,down_active_prebuilt,19,0.044863998889923096
case_022_real,humaneval,late,real_route_replay,15,5,59,real,3.0,3,3,0.0,down_active_prebuilt,20,0.04473600164055824
case_022_real,humaneval,late,real_route_replay,15,5,59,real,3.0,3,3,0.0,down_active_prebuilt,21,0.04521600157022476
case_022_real,humaneval,late,real_route_replay,15,5,59,real,3.0,3,3,0.0,down_active_prebuilt,22,0.044415999203920364
case_022_real,humaneval,late,real_route_replay,15,5,59,real,3.0,3,3,0.0,down_active_prebuilt,23,0.04758400097489357
case_022_real,humaneval,late,real_route_replay,15,5,59,real,3.0,3,3,0.0,down_active_prebuilt,24,0.04569600149989128
case_022_real,humaneval,late,real_route_replay,15,5,59,real,3.0,3,3,0.0,down_active_prebuilt,25,0.04543999955058098
case_022_real,humaneval,late,real_route_replay,15,5,59,real,3.0,3,3,0.0,down_active_prebuilt,26,0.044544000178575516
case_022_real,humaneval,late,real_route_replay,15,5,59,real,3.0,3,3,0.0,down_active_prebuilt,27,0.04505600035190582
case_022_real,humaneval,late,real_route_replay,15,5,59,real,3.0,3,3,0.0,down_active_prebuilt,28,0.04473600164055824
case_022_real,humaneval,late,real_route_replay,15,5,59,real,3.0,3,3,0.0,down_active_prebuilt,29,0.045152001082897186
case_022_real,humaneval,late,real_route_replay,15,5,59,real,3.0,3,3,0.0,down_active_prebuilt,30,0.0435199998319149
case_022_real,humaneval,late,real_route_replay,15,5,59,real,3.0,3,3,0.0,down_active_prebuilt,31,0.04761600121855736
case_022_real,humaneval,late,real_route_replay,15,5,59,real,3.0,3,3,0.0,down_active_prebuilt,32,0.05398400127887726
case_022_real,humaneval,late,real_route_replay,15,5,59,real,3.0,3,3,0.0,down_active_prebuilt,33,0.04915200173854828
case_022_real,humaneval,late,real_route_replay,15,5,59,real,3.0,3,3,0.0,down_active_prebuilt,34,0.045024000108242035
case_022_real,humaneval,late,real_route_replay,15,5,59,real,3.0,3,3,0.0,down_active_prebuilt,35,0.0451200008392334
case_022_real,humaneval,late,real_route_replay,15,5,59,real,3.0,3,3,0.0,down_active_prebuilt,36,0.044319998472929
case_022_real,humaneval,late,real_route_replay,15,5,59,real,3.0,3,3,0.0,down_active_prebuilt,37,0.047680001705884933
case_022_real,humaneval,late,real_route_replay,15,5,59,real,3.0,3,3,0.0,down_active_prebuilt,38,0.046720001846551895
case_022_real,humaneval,late,real_route_replay,15,5,59,real,3.0,3,3,0.0,down_active_prebuilt,39,0.045632001012563705
case_023_real,humaneval,late,real_route_replay,82,18,46,real,4.555555555555555,1,17,0.902768562113256,down_active_prebuilt,0,0.1066880002617836
case_023_real,humaneval,late,real_route_replay,82,18,46,real,4.555555555555555,1,17,0.902768562113256,down_active_prebuilt,1,0.09363199770450592
case_023_real,humaneval,late,real_route_replay,82,18,46,real,4.555555555555555,1,17,0.902768562113256,down_active_prebuilt,2,0.09388799965381622
case_023_real,humaneval,late,real_route_replay,82,18,46,real,4.555555555555555,1,17,0.902768562113256,down_active_prebuilt,3,0.09084799885749817
case_023_real,humaneval,late,real_route_replay,82,18,46,real,4.555555555555555,1,17,0.902768562113256,down_active_prebuilt,4,0.09071999788284302
case_023_real,humaneval,late,real_route_replay,82,18,46,real,4.555555555555555,1,17,0.902768562113256,down_active_prebuilt,5,0.08940800279378891
case_023_real,humaneval,late,real_route_replay,82,18,46,real,4.555555555555555,1,17,0.902768562113256,down_active_prebuilt,6,0.09187199920415878
case_023_real,humaneval,late,real_route_replay,82,18,46,real,4.555555555555555,1,17,0.902768562113256,down_active_prebuilt,7,0.08876799792051315
case_023_real,humaneval,late,real_route_replay,82,18,46,real,4.555555555555555,1,17,0.902768562113256,down_active_prebuilt,8,0.09110400080680847
case_023_real,humaneval,late,real_route_replay,82,18,46,real,4.555555555555555,1,17,0.902768562113256,down_active_prebuilt,9,0.09116800129413605
case_023_real,humaneval,late,real_route_replay,82,18,46,real,4.555555555555555,1,17,0.902768562113256,down_active_prebuilt,10,0.09113600105047226
case_023_real,humaneval,late,real_route_replay,82,18,46,real,4.555555555555555,1,17,0.902768562113256,down_active_prebuilt,11,0.09324800223112106
case_023_real,humaneval,late,real_route_replay,82,18,46,real,4.555555555555555,1,17,0.902768562113256,down_active_prebuilt,12,0.091839998960495
case_023_real,humaneval,late,real_route_replay,82,18,46,real,4.555555555555555,1,17,0.902768562113256,down_active_prebuilt,13,0.09443199634552002
case_023_real,humaneval,late,real_route_replay,82,18,46,real,4.555555555555555,1,17,0.902768562113256,down_active_prebuilt,14,0.09187199920415878
case_023_real,humaneval,late,real_route_replay,82,18,46,real,4.555555555555555,1,17,0.902768562113256,down_active_prebuilt,15,0.08892799913883209
case_023_real,humaneval,late,real_route_replay,82,18,46,real,4.555555555555555,1,17,0.902768562113256,down_active_prebuilt,16,0.08940800279378891
case_023_real,humaneval,late,real_route_replay,82,18,46,real,4.555555555555555,1,17,0.902768562113256,down_active_prebuilt,17,0.09065599739551544
case_023_real,humaneval,late,real_route_replay,82,18,46,real,4.555555555555555,1,17,0.902768562113256,down_active_prebuilt,18,0.08905600011348724
case_023_real,humaneval,late,real_route_replay,82,18,46,real,4.555555555555555,1,17,0.902768562113256,down_active_prebuilt,19,0.09052799642086029
case_023_real,humaneval,late,real_route_replay,82,18,46,real,4.555555555555555,1,17,0.902768562113256,down_active_prebuilt,20,0.08915200084447861
case_023_real,humaneval,late,real_route_replay,82,18,46,real,4.555555555555555,1,17,0.902768562113256,down_active_prebuilt,21,0.09100800007581711
case_023_real,humaneval,late,real_route_replay,82,18,46,real,4.555555555555555,1,17,0.902768562113256,down_active_prebuilt,22,0.0920960009098053
case_023_real,humaneval,late,real_route_replay,82,18,46,real,4.555555555555555,1,17,0.902768562113256,down_active_prebuilt,23,0.09222400188446045
case_023_real,humaneval,late,real_route_replay,82,18,46,real,4.555555555555555,1,17,0.902768562113256,down_active_prebuilt,24,0.0894400030374527
case_023_real,humaneval,late,real_route_replay,82,18,46,real,4.555555555555555,1,17,0.902768562113256,down_active_prebuilt,25,0.0966079980134964
case_023_real,humaneval,late,real_route_replay,82,18,46,real,4.555555555555555,1,17,0.902768562113256,down_active_prebuilt,26,0.09091199934482574
case_023_real,humaneval,late,real_route_replay,82,18,46,real,4.555555555555555,1,17,0.902768562113256,down_active_prebuilt,27,0.09324800223112106
case_023_real,humaneval,late,real_route_replay,82,18,46,real,4.555555555555555,1,17,0.902768562113256,down_active_prebuilt,28,0.08979199826717377
case_023_real,humaneval,late,real_route_replay,82,18,46,real,4.555555555555555,1,17,0.902768562113256,down_active_prebuilt,29,0.08883199840784073
case_023_real,humaneval,late,real_route_replay,82,18,46,real,4.555555555555555,1,17,0.902768562113256,down_active_prebuilt,30,0.08895999938249588
case_023_real,humaneval,late,real_route_replay,82,18,46,real,4.555555555555555,1,17,0.902768562113256,down_active_prebuilt,31,0.09014400094747543
case_023_real,humaneval,late,real_route_replay,82,18,46,real,4.555555555555555,1,17,0.902768562113256,down_active_prebuilt,32,0.09043200314044952
case_023_real,humaneval,late,real_route_replay,82,18,46,real,4.555555555555555,1,17,0.902768562113256,down_active_prebuilt,33,0.08844800293445587
case_023_real,humaneval,late,real_route_replay,82,18,46,real,4.555555555555555,1,17,0.902768562113256,down_active_prebuilt,34,0.08934400230646133
case_023_real,humaneval,late,real_route_replay,82,18,46,real,4.555555555555555,1,17,0.902768562113256,down_active_prebuilt,35,0.08899199962615967
case_023_real,humaneval,late,real_route_replay,82,18,46,real,4.555555555555555,1,17,0.902768562113256,down_active_prebuilt,36,0.08825600147247314
case_023_real,humaneval,late,real_route_replay,82,18,46,real,4.555555555555555,1,17,0.902768562113256,down_active_prebuilt,37,0.08979199826717377
case_023_real,humaneval,late,real_route_replay,82,18,46,real,4.555555555555555,1,17,0.902768562113256,down_active_prebuilt,38,0.09487999975681305
case_023_real,humaneval,late,real_route_replay,82,18,46,real,4.555555555555555,1,17,0.902768562113256,down_active_prebuilt,39,0.09356799721717834
case_023_real,humaneval,late,real_route_replay,82,18,46,real,4.555555555555555,1,17,0.902768562113256,down_full64_prebuilt,0,0.09884800016880035
case_023_real,humaneval,late,real_route_replay,82,18,46,real,4.555555555555555,1,17,0.902768562113256,down_full64_prebuilt,1,0.097120001912117
case_023_real,humaneval,late,real_route_replay,82,18,46,real,4.555555555555555,1,17,0.902768562113256,down_full64_prebuilt,2,0.09468799829483032
case_023_real,humaneval,late,real_route_replay,82,18,46,real,4.555555555555555,1,17,0.902768562113256,down_full64_prebuilt,3,0.09721600264310837
case_023_real,humaneval,late,real_route_replay,82,18,46,real,4.555555555555555,1,17,0.902768562113256,down_full64_prebuilt,4,0.09814400225877762
case_023_real,humaneval,late,real_route_replay,82,18,46,real,4.555555555555555,1,17,0.902768562113256,down_full64_prebuilt,5,0.1064319983124733
case_023_real,humaneval,late,real_route_replay,82,18,46,real,4.555555555555555,1,17,0.902768562113256,down_full64_prebuilt,6,0.09849599748849869
case_023_real,humaneval,late,real_route_replay,82,18,46,real,4.555555555555555,1,17,0.902768562113256,down_full64_prebuilt,7,0.09916800260543823
case_023_real,humaneval,late,real_route_replay,82,18,46,real,4.555555555555555,1,17,0.902768562113256,down_full64_prebuilt,8,0.09891200065612793
case_023_real,humaneval,late,real_route_replay,82,18,46,real,4.555555555555555,1,17,0.902768562113256,down_full64_prebuilt,9,0.10335999727249146
case_023_real,humaneval,late,real_route_replay,82,18,46,real,4.555555555555555,1,17,0.902768562113256,down_full64_prebuilt,10,0.10534399747848511
case_023_real,humaneval,late,real_route_replay,82,18,46,real,4.555555555555555,1,17,0.902768562113256,down_full64_prebuilt,11,0.10275200009346008
case_023_real,humaneval,late,real_route_replay,82,18,46,real,4.555555555555555,1,17,0.902768562113256,down_full64_prebuilt,12,0.1008640006184578
case_023_real,humaneval,late,real_route_replay,82,18,46,real,4.555555555555555,1,17,0.902768562113256,down_full64_prebuilt,13,0.1048320010304451
case_023_real,humaneval,late,real_route_replay,82,18,46,real,4.555555555555555,1,17,0.902768562113256,down_full64_prebuilt,14,0.09673599898815155
case_023_real,humaneval,late,real_route_replay,82,18,46,real,4.555555555555555,1,17,0.902768562113256,down_full64_prebuilt,15,0.09596800059080124
case_023_real,humaneval,late,real_route_replay,82,18,46,real,4.555555555555555,1,17,0.902768562113256,down_full64_prebuilt,16,0.09628800302743912
case_023_real,humaneval,late,real_route_replay,82,18,46,real,4.555555555555555,1,17,0.902768562113256,down_full64_prebuilt,17,0.0963520035147667
case_023_real,humaneval,late,real_route_replay,82,18,46,real,4.555555555555555,1,17,0.902768562113256,down_full64_prebuilt,18,0.11443199962377548
case_023_real,humaneval,late,real_route_replay,82,18,46,real,4.555555555555555,1,17,0.902768562113256,down_full64_prebuilt,19,0.1024319976568222
case_023_real,humaneval,late,real_route_replay,82,18,46,real,4.555555555555555,1,17,0.902768562113256,down_full64_prebuilt,20,0.09299200028181076
case_023_real,humaneval,late,real_route_replay,82,18,46,real,4.555555555555555,1,17,0.902768562113256,down_full64_prebuilt,21,0.09785600006580353
case_023_real,humaneval,late,real_route_replay,82,18,46,real,4.555555555555555,1,17,0.902768562113256,down_full64_prebuilt,22,0.09910400211811066
case_023_real,humaneval,late,real_route_replay,82,18,46,real,4.555555555555555,1,17,0.902768562113256,down_full64_prebuilt,23,0.09142400324344635
case_023_real,humaneval,late,real_route_replay,82,18,46,real,4.555555555555555,1,17,0.902768562113256,down_full64_prebuilt,24,0.09004800021648407
case_023_real,humaneval,late,real_route_replay,82,18,46,real,4.555555555555555,1,17,0.902768562113256,down_full64_prebuilt,25,0.09046400338411331
case_023_real,humaneval,late,real_route_replay,82,18,46,real,4.555555555555555,1,17,0.902768562113256,down_full64_prebuilt,26,0.09276799857616425
case_023_real,humaneval,late,real_route_replay,82,18,46,real,4.555555555555555,1,17,0.902768562113256,down_full64_prebuilt,27,0.09312000125646591
case_023_real,humaneval,late,real_route_replay,82,18,46,real,4.555555555555555,1,17,0.902768562113256,down_full64_prebuilt,28,0.09356799721717834
case_023_real,humaneval,late,real_route_replay,82,18,46,real,4.555555555555555,1,17,0.902768562113256,down_full64_prebuilt,29,0.0899839997291565
case_023_real,humaneval,late,real_route_replay,82,18,46,real,4.555555555555555,1,17,0.902768562113256,down_full64_prebuilt,30,0.08963199704885483
case_023_real,humaneval,late,real_route_replay,82,18,46,real,4.555555555555555,1,17,0.902768562113256,down_full64_prebuilt,31,0.09014400094747543
case_023_real,humaneval,late,real_route_replay,82,18,46,real,4.555555555555555,1,17,0.902768562113256,down_full64_prebuilt,32,0.0910400003194809
case_023_real,humaneval,late,real_route_replay,82,18,46,real,4.555555555555555,1,17,0.902768562113256,down_full64_prebuilt,33,0.09110400080680847
case_023_real,humaneval,late,real_route_replay,82,18,46,real,4.555555555555555,1,17,0.902768562113256,down_full64_prebuilt,34,0.08966399729251862
case_023_real,humaneval,late,real_route_replay,82,18,46,real,4.555555555555555,1,17,0.902768562113256,down_full64_prebuilt,35,0.09059199690818787
case_023_real,humaneval,late,real_route_replay,82,18,46,real,4.555555555555555,1,17,0.902768562113256,down_full64_prebuilt,36,0.10422399640083313
case_023_real,humaneval,late,real_route_replay,82,18,46,real,4.555555555555555,1,17,0.902768562113256,down_full64_prebuilt,37,0.09046400338411331
case_023_real,humaneval,late,real_route_replay,82,18,46,real,4.555555555555555,1,17,0.902768562113256,down_full64_prebuilt,38,0.09001599997282028
case_023_real,humaneval,late,real_route_replay,82,18,46,real,4.555555555555555,1,17,0.902768562113256,down_full64_prebuilt,39,0.09052799642086029
case_023_real,humaneval,late,real_route_replay,82,18,46,real,4.555555555555555,1,17,0.902768562113256,gate_up_active_prebuilt,0,0.15388800203800201
case_023_real,humaneval,late,real_route_replay,82,18,46,real,4.555555555555555,1,17,0.902768562113256,gate_up_active_prebuilt,1,0.14294399321079254
case_023_real,humaneval,late,real_route_replay,82,18,46,real,4.555555555555555,1,17,0.902768562113256,gate_up_active_prebuilt,2,0.1401599943637848
case_023_real,humaneval,late,real_route_replay,82,18,46,real,4.555555555555555,1,17,0.902768562113256,gate_up_active_prebuilt,3,0.1383039951324463
case_023_real,humaneval,late,real_route_replay,82,18,46,real,4.555555555555555,1,17,0.902768562113256,gate_up_active_prebuilt,4,0.1430719941854477
case_023_real,humaneval,late,real_route_replay,82,18,46,real,4.555555555555555,1,17,0.902768562113256,gate_up_active_prebuilt,5,0.14108799397945404
case_023_real,humaneval,late,real_route_replay,82,18,46,real,4.555555555555555,1,17,0.902768562113256,gate_up_active_prebuilt,6,0.13977600634098053
case_023_real,humaneval,late,real_route_replay,82,18,46,real,4.555555555555555,1,17,0.902768562113256,gate_up_active_prebuilt,7,0.14032000303268433
case_023_real,humaneval,late,real_route_replay,82,18,46,real,4.555555555555555,1,17,0.902768562113256,gate_up_active_prebuilt,8,0.14246399700641632
case_023_real,humaneval,late,real_route_replay,82,18,46,real,4.555555555555555,1,17,0.902768562113256,gate_up_active_prebuilt,9,0.1430719941854477
case_023_real,humaneval,late,real_route_replay,82,18,46,real,4.555555555555555,1,17,0.902768562113256,gate_up_active_prebuilt,10,0.1446080058813095
case_023_real,humaneval,late,real_route_replay,82,18,46,real,4.555555555555555,1,17,0.902768562113256,gate_up_active_prebuilt,11,0.14217600226402283
case_023_real,humaneval,late,real_route_replay,82,18,46,real,4.555555555555555,1,17,0.902768562113256,gate_up_active_prebuilt,12,0.14230400323867798
case_023_real,humaneval,late,real_route_replay,82,18,46,real,4.555555555555555,1,17,0.902768562113256,gate_up_active_prebuilt,13,0.14256000518798828
case_023_real,humaneval,late,real_route_replay,82,18,46,real,4.555555555555555,1,17,0.902768562113256,gate_up_active_prebuilt,14,0.14057600498199463
case_023_real,humaneval,late,real_route_replay,82,18,46,real,4.555555555555555,1,17,0.902768562113256,gate_up_active_prebuilt,15,0.1401599943637848
case_023_real,humaneval,late,real_route_replay,82,18,46,real,4.555555555555555,1,17,0.902768562113256,gate_up_active_prebuilt,16,0.13891200721263885
case_023_real,humaneval,late,real_route_replay,82,18,46,real,4.555555555555555,1,17,0.902768562113256,gate_up_active_prebuilt,17,0.14083200693130493
case_023_real,humaneval,late,real_route_replay,82,18,46,real,4.555555555555555,1,17,0.902768562113256,gate_up_active_prebuilt,18,0.146464005112648
case_023_real,humaneval,late,real_route_replay,82,18,46,real,4.555555555555555,1,17,0.902768562113256,gate_up_active_prebuilt,19,0.14105600118637085
case_023_real,humaneval,late,real_route_replay,82,18,46,real,4.555555555555555,1,17,0.902768562113256,gate_up_active_prebuilt,20,0.1438719928264618
case_023_real,humaneval,late,real_route_replay,82,18,46,real,4.555555555555555,1,17,0.902768562113256,gate_up_active_prebuilt,21,0.1438719928264618
case_023_real,humaneval,late,real_route_replay,82,18,46,real,4.555555555555555,1,17,0.902768562113256,gate_up_active_prebuilt,22,0.14025600254535675
case_023_real,humaneval,late,real_route_replay,82,18,46,real,4.555555555555555,1,17,0.902768562113256,gate_up_active_prebuilt,23,0.14236800372600555
case_023_real,humaneval,late,real_route_replay,82,18,46,real,4.555555555555555,1,17,0.902768562113256,gate_up_active_prebuilt,24,0.14159999787807465
case_023_real,humaneval,late,real_route_replay,82,18,46,real,4.555555555555555,1,17,0.902768562113256,gate_up_active_prebuilt,25,0.14070400595664978
case_023_real,humaneval,late,real_route_replay,82,18,46,real,4.555555555555555,1,17,0.902768562113256,gate_up_active_prebuilt,26,0.14630399644374847
case_023_real,humaneval,late,real_route_replay,82,18,46,real,4.555555555555555,1,17,0.902768562113256,gate_up_active_prebuilt,27,0.14399999380111694
case_023_real,humaneval,late,real_route_replay,82,18,46,real,4.555555555555555,1,17,0.902768562113256,gate_up_active_prebuilt,28,0.14723199605941772
case_023_real,humaneval,late,real_route_replay,82,18,46,real,4.555555555555555,1,17,0.902768562113256,gate_up_active_prebuilt,29,0.14723199605941772
case_023_real,humaneval,late,real_route_replay,82,18,46,real,4.555555555555555,1,17,0.902768562113256,gate_up_active_prebuilt,30,0.14720000326633453
case_023_real,humaneval,late,real_route_replay,82,18,46,real,4.555555555555555,1,17,0.902768562113256,gate_up_active_prebuilt,31,0.1493760049343109
case_023_real,humaneval,late,real_route_replay,82,18,46,real,4.555555555555555,1,17,0.902768562113256,gate_up_active_prebuilt,32,0.1536639928817749
case_023_real,humaneval,late,real_route_replay,82,18,46,real,4.555555555555555,1,17,0.902768562113256,gate_up_active_prebuilt,33,0.14793600142002106
case_023_real,humaneval,late,real_route_replay,82,18,46,real,4.555555555555555,1,17,0.902768562113256,gate_up_active_prebuilt,34,0.14959999918937683
case_023_real,humaneval,late,real_route_replay,82,18,46,real,4.555555555555555,1,17,0.902768562113256,gate_up_active_prebuilt,35,0.14921599626541138
case_023_real,humaneval,late,real_route_replay,82,18,46,real,4.555555555555555,1,17,0.902768562113256,gate_up_active_prebuilt,36,0.14431999623775482
case_023_real,humaneval,late,real_route_replay,82,18,46,real,4.555555555555555,1,17,0.902768562113256,gate_up_active_prebuilt,37,0.1425279974937439
case_023_real,humaneval,late,real_route_replay,82,18,46,real,4.555555555555555,1,17,0.902768562113256,gate_up_active_prebuilt,38,0.14393599331378937
case_023_real,humaneval,late,real_route_replay,82,18,46,real,4.555555555555555,1,17,0.902768562113256,gate_up_active_prebuilt,39,0.1417279988527298
case_023_real,humaneval,late,real_route_replay,82,18,46,real,4.555555555555555,1,17,0.902768562113256,route_weight,0,0.019999999552965164
case_023_real,humaneval,late,real_route_replay,82,18,46,real,4.555555555555555,1,17,0.902768562113256,route_weight,1,0.015135999768972397
case_023_real,humaneval,late,real_route_replay,82,18,46,real,4.555555555555555,1,17,0.902768562113256,route_weight,2,0.014976000413298607
case_023_real,humaneval,late,real_route_replay,82,18,46,real,4.555555555555555,1,17,0.902768562113256,route_weight,3,0.014336000196635723
case_023_real,humaneval,late,real_route_replay,82,18,46,real,4.555555555555555,1,17,0.902768562113256,route_weight,4,0.015456000342965126
case_023_real,humaneval,late,real_route_replay,82,18,46,real,4.555555555555555,1,17,0.902768562113256,route_weight,5,0.014240000396966934
case_023_real,humaneval,late,real_route_replay,82,18,46,real,4.555555555555555,1,17,0.902768562113256,route_weight,6,0.015231999568641186
case_023_real,humaneval,late,real_route_replay,82,18,46,real,4.555555555555555,1,17,0.902768562113256,route_weight,7,0.014688000082969666
case_023_real,humaneval,late,real_route_replay,82,18,46,real,4.555555555555555,1,17,0.902768562113256,route_weight,8,0.015135999768972397
case_023_real,humaneval,late,real_route_replay,82,18,46,real,4.555555555555555,1,17,0.902768562113256,route_weight,9,0.01548799965530634
case_023_real,humaneval,late,real_route_replay,82,18,46,real,4.555555555555555,1,17,0.902768562113256,route_weight,10,0.01539199985563755
case_023_real,humaneval,late,real_route_replay,82,18,46,real,4.555555555555555,1,17,0.902768562113256,route_weight,11,0.014816000126302242
case_023_real,humaneval,late,real_route_replay,82,18,46,real,4.555555555555555,1,17,0.902768562113256,route_weight,12,0.016767999157309532
case_023_real,humaneval,late,real_route_replay,82,18,46,real,4.555555555555555,1,17,0.902768562113256,route_weight,13,0.015072000212967396
case_023_real,humaneval,late,real_route_replay,82,18,46,real,4.555555555555555,1,17,0.902768562113256,route_weight,14,0.01587199978530407
case_023_real,humaneval,late,real_route_replay,82,18,46,real,4.555555555555555,1,17,0.902768562113256,route_weight,15,0.03232000023126602
case_023_real,humaneval,late,real_route_replay,82,18,46,real,4.555555555555555,1,17,0.902768562113256,route_weight,16,0.0144640002399683
case_023_real,humaneval,late,real_route_replay,82,18,46,real,4.555555555555555,1,17,0.902768562113256,route_weight,17,0.013535999692976475
case_023_real,humaneval,late,real_route_replay,82,18,46,real,4.555555555555555,1,17,0.902768562113256,route_weight,18,0.01414399966597557
case_023_real,humaneval,late,real_route_replay,82,18,46,real,4.555555555555555,1,17,0.902768562113256,route_weight,19,0.013728000223636627
case_023_real,humaneval,late,real_route_replay,82,18,46,real,4.555555555555555,1,17,0.902768562113256,route_weight,20,0.013535999692976475
case_023_real,humaneval,late,real_route_replay,82,18,46,real,4.555555555555555,1,17,0.902768562113256,route_weight,21,0.013376000337302685
case_023_real,humaneval,late,real_route_replay,82,18,46,real,4.555555555555555,1,17,0.902768562113256,route_weight,22,0.014271999709308147
case_023_real,humaneval,late,real_route_replay,82,18,46,real,4.555555555555555,1,17,0.902768562113256,route_weight,23,0.01369599997997284
case_023_real,humaneval,late,real_route_replay,82,18,46,real,4.555555555555555,1,17,0.902768562113256,route_weight,24,0.023104000836610794
case_023_real,humaneval,late,real_route_replay,82,18,46,real,4.555555555555555,1,17,0.902768562113256,route_weight,25,0.014047999866306782
case_023_real,humaneval,late,real_route_replay,82,18,46,real,4.555555555555555,1,17,0.902768562113256,route_weight,26,0.01360000018030405
case_023_real,humaneval,late,real_route_replay,82,18,46,real,4.555555555555555,1,17,0.902768562113256,route_weight,27,0.013183999806642532
case_023_real,humaneval,late,real_route_replay,82,18,46,real,4.555555555555555,1,17,0.902768562113256,route_weight,28,0.013824000023305416
case_023_real,humaneval,late,real_route_replay,82,18,46,real,4.555555555555555,1,17,0.902768562113256,route_weight,29,0.013024000450968742
case_023_real,humaneval,late,real_route_replay,82,18,46,real,4.555555555555555,1,17,0.902768562113256,route_weight,30,0.014592000283300877
case_023_real,humaneval,late,real_route_replay,82,18,46,real,4.555555555555555,1,17,0.902768562113256,route_weight,31,0.013887999579310417
case_023_real,humaneval,late,real_route_replay,82,18,46,real,4.555555555555555,1,17,0.902768562113256,route_weight,32,0.014783999882638454
case_023_real,humaneval,late,real_route_replay,82,18,46,real,4.555555555555555,1,17,0.902768562113256,route_weight,33,0.015200000256299973
case_023_real,humaneval,late,real_route_replay,82,18,46,real,4.555555555555555,1,17,0.902768562113256,route_weight,34,0.015200000256299973
case_023_real,humaneval,late,real_route_replay,82,18,46,real,4.555555555555555,1,17,0.902768562113256,route_weight,35,0.013088000006973743
case_023_real,humaneval,late,real_route_replay,82,18,46,real,4.555555555555555,1,17,0.902768562113256,route_weight,36,0.01375999953597784
case_023_real,humaneval,late,real_route_replay,82,18,46,real,4.555555555555555,1,17,0.902768562113256,route_weight,37,0.012992000207304955
case_023_real,humaneval,late,real_route_replay,82,18,46,real,4.555555555555555,1,17,0.902768562113256,route_weight,38,0.014976000413298607
case_023_real,humaneval,late,real_route_replay,82,18,46,real,4.555555555555555,1,17,0.902768562113256,route_weight,39,0.013407999649643898
case_023_real,humaneval,late,real_route_replay,82,18,46,real,4.555555555555555,1,17,0.902768562113256,swiglu,0,0.028863999992609024
case_023_real,humaneval,late,real_route_replay,82,18,46,real,4.555555555555555,1,17,0.902768562113256,swiglu,1,0.02271999977529049
case_023_real,humaneval,late,real_route_replay,82,18,46,real,4.555555555555555,1,17,0.902768562113256,swiglu,2,0.022016000002622604
case_023_real,humaneval,late,real_route_replay,82,18,46,real,4.555555555555555,1,17,0.902768562113256,swiglu,3,0.02131200022995472
case_023_real,humaneval,late,real_route_replay,82,18,46,real,4.555555555555555,1,17,0.902768562113256,swiglu,4,0.021247999742627144
case_023_real,humaneval,late,real_route_replay,82,18,46,real,4.555555555555555,1,17,0.902768562113256,swiglu,5,0.021407999098300934
case_023_real,humaneval,late,real_route_replay,82,18,46,real,4.555555555555555,1,17,0.902768562113256,swiglu,6,0.022784000262618065
case_023_real,humaneval,late,real_route_replay,82,18,46,real,4.555555555555555,1,17,0.902768562113256,swiglu,7,0.021023999899625778
case_023_real,humaneval,late,real_route_replay,82,18,46,real,4.555555555555555,1,17,0.902768562113256,swiglu,8,0.024768000468611717
case_023_real,humaneval,late,real_route_replay,82,18,46,real,4.555555555555555,1,17,0.902768562113256,swiglu,9,0.03827200084924698
case_023_real,humaneval,late,real_route_replay,82,18,46,real,4.555555555555555,1,17,0.902768562113256,swiglu,10,0.025760000571608543
case_023_real,humaneval,late,real_route_replay,82,18,46,real,4.555555555555555,1,17,0.902768562113256,swiglu,11,0.022048000246286392
case_023_real,humaneval,late,real_route_replay,82,18,46,real,4.555555555555555,1,17,0.902768562113256,swiglu,12,0.021888000890612602
case_023_real,humaneval,late,real_route_replay,82,18,46,real,4.555555555555555,1,17,0.902768562113256,swiglu,13,0.020896000787615776
case_023_real,humaneval,late,real_route_replay,82,18,46,real,4.555555555555555,1,17,0.902768562113256,swiglu,14,0.020959999412298203
case_023_real,humaneval,late,real_route_replay,82,18,46,real,4.555555555555555,1,17,0.902768562113256,swiglu,15,0.021088000386953354
case_023_real,humaneval,late,real_route_replay,82,18,46,real,4.555555555555555,1,17,0.902768562113256,swiglu,16,0.027135999873280525
case_023_real,humaneval,late,real_route_replay,82,18,46,real,4.555555555555555,1,17,0.902768562113256,swiglu,17,0.02879999950528145
case_023_real,humaneval,late,real_route_replay,82,18,46,real,4.555555555555555,1,17,0.902768562113256,swiglu,18,0.021023999899625778
case_023_real,humaneval,late,real_route_replay,82,18,46,real,4.555555555555555,1,17,0.902768562113256,swiglu,19,0.020927999168634415
case_023_real,humaneval,late,real_route_replay,82,18,46,real,4.555555555555555,1,17,0.902768562113256,swiglu,20,0.020608000457286835
case_023_real,humaneval,late,real_route_replay,82,18,46,real,4.555555555555555,1,17,0.902768562113256,swiglu,21,0.026335999369621277
case_023_real,humaneval,late,real_route_replay,82,18,46,real,4.555555555555555,1,17,0.902768562113256,swiglu,22,0.023552000522613525
case_023_real,humaneval,late,real_route_replay,82,18,46,real,4.555555555555555,1,17,0.902768562113256,swiglu,23,0.02300800010561943
case_023_real,humaneval,late,real_route_replay,82,18,46,real,4.555555555555555,1,17,0.902768562113256,swiglu,24,0.025887999683618546
case_023_real,humaneval,late,real_route_replay,82,18,46,real,4.555555555555555,1,17,0.902768562113256,swiglu,25,0.021983999758958817
case_023_real,humaneval,late,real_route_replay,82,18,46,real,4.555555555555555,1,17,0.902768562113256,swiglu,26,0.021536000072956085
case_023_real,humaneval,late,real_route_replay,82,18,46,real,4.555555555555555,1,17,0.902768562113256,swiglu,27,0.02160000056028366
case_023_real,humaneval,late,real_route_replay,82,18,46,real,4.555555555555555,1,17,0.902768562113256,swiglu,28,0.01990400068461895
case_023_real,humaneval,late,real_route_replay,82,18,46,real,4.555555555555555,1,17,0.902768562113256,swiglu,29,0.021824000403285027
case_023_real,humaneval,late,real_route_replay,82,18,46,real,4.555555555555555,1,17,0.902768562113256,swiglu,30,0.021407999098300934
case_023_real,humaneval,late,real_route_replay,82,18,46,real,4.555555555555555,1,17,0.902768562113256,swiglu,31,0.021344000473618507
case_023_real,humaneval,late,real_route_replay,82,18,46,real,4.555555555555555,1,17,0.902768562113256,swiglu,32,0.03376000002026558
case_023_real,humaneval,late,real_route_replay,82,18,46,real,4.555555555555555,1,17,0.902768562113256,swiglu,33,0.024288000538945198
case_023_real,humaneval,late,real_route_replay,82,18,46,real,4.555555555555555,1,17,0.902768562113256,swiglu,34,0.02380800060927868
case_023_real,humaneval,late,real_route_replay,82,18,46,real,4.555555555555555,1,17,0.902768562113256,swiglu,35,0.02348800003528595
case_023_real,humaneval,late,real_route_replay,82,18,46,real,4.555555555555555,1,17,0.902768562113256,swiglu,36,0.021247999742627144
case_023_real,humaneval,late,real_route_replay,82,18,46,real,4.555555555555555,1,17,0.902768562113256,swiglu,37,0.021183999255299568
case_023_real,humaneval,late,real_route_replay,82,18,46,real,4.555555555555555,1,17,0.902768562113256,swiglu,38,0.020576000213623047
case_023_real,humaneval,late,real_route_replay,82,18,46,real,4.555555555555555,1,17,0.902768562113256,swiglu,39,0.01974399946630001
case_023_real,humaneval,late,real_route_replay,82,18,46,real,4.555555555555555,1,17,0.902768562113256,gate_up_full64_prebuilt,0,0.14867199957370758
case_023_real,humaneval,late,real_route_replay,82,18,46,real,4.555555555555555,1,17,0.902768562113256,gate_up_full64_prebuilt,1,0.14073599874973297
case_023_real,humaneval,late,real_route_replay,82,18,46,real,4.555555555555555,1,17,0.902768562113256,gate_up_full64_prebuilt,2,0.1422719955444336
case_023_real,humaneval,late,real_route_replay,82,18,46,real,4.555555555555555,1,17,0.902768562113256,gate_up_full64_prebuilt,3,0.14057600498199463
case_023_real,humaneval,late,real_route_replay,82,18,46,real,4.555555555555555,1,17,0.902768562113256,gate_up_full64_prebuilt,4,0.14211200177669525
case_023_real,humaneval,late,real_route_replay,82,18,46,real,4.555555555555555,1,17,0.902768562113256,gate_up_full64_prebuilt,5,0.14214399456977844
case_023_real,humaneval,late,real_route_replay,82,18,46,real,4.555555555555555,1,17,0.902768562113256,gate_up_full64_prebuilt,6,0.14281600713729858
case_023_real,humaneval,late,real_route_replay,82,18,46,real,4.555555555555555,1,17,0.902768562113256,gate_up_full64_prebuilt,7,0.144896000623703
case_023_real,humaneval,late,real_route_replay,82,18,46,real,4.555555555555555,1,17,0.902768562113256,gate_up_full64_prebuilt,8,0.14025600254535675
case_023_real,humaneval,late,real_route_replay,82,18,46,real,4.555555555555555,1,17,0.902768562113256,gate_up_full64_prebuilt,9,0.1393599957227707
case_023_real,humaneval,late,real_route_replay,82,18,46,real,4.555555555555555,1,17,0.902768562113256,gate_up_full64_prebuilt,10,0.14073599874973297
case_023_real,humaneval,late,real_route_replay,82,18,46,real,4.555555555555555,1,17,0.902768562113256,gate_up_full64_prebuilt,11,0.13846400380134583
case_023_real,humaneval,late,real_route_replay,82,18,46,real,4.555555555555555,1,17,0.902768562113256,gate_up_full64_prebuilt,12,0.14176000654697418
case_023_real,humaneval,late,real_route_replay,82,18,46,real,4.555555555555555,1,17,0.902768562113256,gate_up_full64_prebuilt,13,0.1416960060596466
case_023_real,humaneval,late,real_route_replay,82,18,46,real,4.555555555555555,1,17,0.902768562113256,gate_up_full64_prebuilt,14,0.14009599387645721
case_023_real,humaneval,late,real_route_replay,82,18,46,real,4.555555555555555,1,17,0.902768562113256,gate_up_full64_prebuilt,15,0.1395840048789978
case_023_real,humaneval,late,real_route_replay,82,18,46,real,4.555555555555555,1,17,0.902768562113256,gate_up_full64_prebuilt,16,0.14870400726795197
case_023_real,humaneval,late,real_route_replay,82,18,46,real,4.555555555555555,1,17,0.902768562113256,gate_up_full64_prebuilt,17,0.14054399728775024
case_023_real,humaneval,late,real_route_replay,82,18,46,real,4.555555555555555,1,17,0.902768562113256,gate_up_full64_prebuilt,18,0.1401599943637848
case_023_real,humaneval,late,real_route_replay,82,18,46,real,4.555555555555555,1,17,0.902768562113256,gate_up_full64_prebuilt,19,0.14022399485111237
case_023_real,humaneval,late,real_route_replay,82,18,46,real,4.555555555555555,1,17,0.902768562113256,gate_up_full64_prebuilt,20,0.14047999680042267
case_023_real,humaneval,late,real_route_replay,82,18,46,real,4.555555555555555,1,17,0.902768562113256,gate_up_full64_prebuilt,21,0.14268800616264343
case_023_real,humaneval,late,real_route_replay,82,18,46,real,4.555555555555555,1,17,0.902768562113256,gate_up_full64_prebuilt,22,0.14083200693130493
case_023_real,humaneval,late,real_route_replay,82,18,46,real,4.555555555555555,1,17,0.902768562113256,gate_up_full64_prebuilt,23,0.15065599977970123
case_023_real,humaneval,late,real_route_replay,82,18,46,real,4.555555555555555,1,17,0.902768562113256,gate_up_full64_prebuilt,24,0.1408960074186325
case_023_real,humaneval,late,real_route_replay,82,18,46,real,4.555555555555555,1,17,0.902768562113256,gate_up_full64_prebuilt,25,0.14032000303268433
case_023_real,humaneval,late,real_route_replay,82,18,46,real,4.555555555555555,1,17,0.902768562113256,gate_up_full64_prebuilt,26,0.14735999703407288
case_023_real,humaneval,late,real_route_replay,82,18,46,real,4.555555555555555,1,17,0.902768562113256,gate_up_full64_prebuilt,27,0.14880000054836273
case_023_real,humaneval,late,real_route_replay,82,18,46,real,4.555555555555555,1,17,0.902768562113256,gate_up_full64_prebuilt,28,0.152319997549057
case_023_real,humaneval,late,real_route_replay,82,18,46,real,4.555555555555555,1,17,0.902768562113256,gate_up_full64_prebuilt,29,0.14982399344444275
case_023_real,humaneval,late,real_route_replay,82,18,46,real,4.555555555555555,1,17,0.902768562113256,gate_up_full64_prebuilt,30,0.14931200444698334
case_023_real,humaneval,late,real_route_replay,82,18,46,real,4.555555555555555,1,17,0.902768562113256,gate_up_full64_prebuilt,31,0.14870400726795197
case_023_real,humaneval,late,real_route_replay,82,18,46,real,4.555555555555555,1,17,0.902768562113256,gate_up_full64_prebuilt,32,0.14963200688362122
case_023_real,humaneval,late,real_route_replay,82,18,46,real,4.555555555555555,1,17,0.902768562113256,gate_up_full64_prebuilt,33,0.1494079977273941
case_023_real,humaneval,late,real_route_replay,82,18,46,real,4.555555555555555,1,17,0.902768562113256,gate_up_full64_prebuilt,34,0.1520960032939911
case_023_real,humaneval,late,real_route_replay,82,18,46,real,4.555555555555555,1,17,0.902768562113256,gate_up_full64_prebuilt,35,0.1446080058813095
case_023_real,humaneval,late,real_route_replay,82,18,46,real,4.555555555555555,1,17,0.902768562113256,gate_up_full64_prebuilt,36,0.14102399349212646
case_023_real,humaneval,late,real_route_replay,82,18,46,real,4.555555555555555,1,17,0.902768562113256,gate_up_full64_prebuilt,37,0.1390720009803772
case_023_real,humaneval,late,real_route_replay,82,18,46,real,4.555555555555555,1,17,0.902768562113256,gate_up_full64_prebuilt,38,0.1451839953660965
case_023_real,humaneval,late,real_route_replay,82,18,46,real,4.555555555555555,1,17,0.902768562113256,gate_up_full64_prebuilt,39,0.14220799505710602
case_024_real,humaneval,late,real_route_replay,200,27,37,real,7.407407407407407,1,98,2.459064862910289,gate_up_active_prebuilt,0,0.20473599433898926
case_024_real,humaneval,late,real_route_replay,200,27,37,real,7.407407407407407,1,98,2.459064862910289,gate_up_active_prebuilt,1,0.19254399836063385
case_024_real,humaneval,late,real_route_replay,200,27,37,real,7.407407407407407,1,98,2.459064862910289,gate_up_active_prebuilt,2,0.1895039975643158
case_024_real,humaneval,late,real_route_replay,200,27,37,real,7.407407407407407,1,98,2.459064862910289,gate_up_active_prebuilt,3,0.19155199825763702
case_024_real,humaneval,late,real_route_replay,200,27,37,real,7.407407407407407,1,98,2.459064862910289,gate_up_active_prebuilt,4,0.19040000438690186
case_024_real,humaneval,late,real_route_replay,200,27,37,real,7.407407407407407,1,98,2.459064862910289,gate_up_active_prebuilt,5,0.19235199689865112
case_024_real,humaneval,late,real_route_replay,200,27,37,real,7.407407407407407,1,98,2.459064862910289,gate_up_active_prebuilt,6,0.18777599930763245
case_024_real,humaneval,late,real_route_replay,200,27,37,real,7.407407407407407,1,98,2.459064862910289,gate_up_active_prebuilt,7,0.18889600038528442
case_024_real,humaneval,late,real_route_replay,200,27,37,real,7.407407407407407,1,98,2.459064862910289,gate_up_active_prebuilt,8,0.18649600446224213
case_024_real,humaneval,late,real_route_replay,200,27,37,real,7.407407407407407,1,98,2.459064862910289,gate_up_active_prebuilt,9,0.18758399784564972
case_024_real,humaneval,late,real_route_replay,200,27,37,real,7.407407407407407,1,98,2.459064862910289,gate_up_active_prebuilt,10,0.1873600035905838
case_024_real,humaneval,late,real_route_replay,200,27,37,real,7.407407407407407,1,98,2.459064862910289,gate_up_active_prebuilt,11,0.18624000251293182
case_024_real,humaneval,late,real_route_replay,200,27,37,real,7.407407407407407,1,98,2.459064862910289,gate_up_active_prebuilt,12,0.18809600174427032
case_024_real,humaneval,late,real_route_replay,200,27,37,real,7.407407407407407,1,98,2.459064862910289,gate_up_active_prebuilt,13,0.18582400679588318
case_024_real,humaneval,late,real_route_replay,200,27,37,real,7.407407407407407,1,98,2.459064862910289,gate_up_active_prebuilt,14,0.1913599967956543
case_024_real,humaneval,late,real_route_replay,200,27,37,real,7.407407407407407,1,98,2.459064862910289,gate_up_active_prebuilt,15,0.1894720047712326
case_024_real,humaneval,late,real_route_replay,200,27,37,real,7.407407407407407,1,98,2.459064862910289,gate_up_active_prebuilt,16,0.19251200556755066
case_024_real,humaneval,late,real_route_replay,200,27,37,real,7.407407407407407,1,98,2.459064862910289,gate_up_active_prebuilt,17,0.18758399784564972
case_024_real,humaneval,late,real_route_replay,200,27,37,real,7.407407407407407,1,98,2.459064862910289,gate_up_active_prebuilt,18,0.18636800348758698
case_024_real,humaneval,late,real_route_replay,200,27,37,real,7.407407407407407,1,98,2.459064862910289,gate_up_active_prebuilt,19,0.18768000602722168
case_024_real,humaneval,late,real_route_replay,200,27,37,real,7.407407407407407,1,98,2.459064862910289,gate_up_active_prebuilt,20,0.1881600022315979
case_024_real,humaneval,late,real_route_replay,200,27,37,real,7.407407407407407,1,98,2.459064862910289,gate_up_active_prebuilt,21,0.18908800184726715
case_024_real,humaneval,late,real_route_replay,200,27,37,real,7.407407407407407,1,98,2.459064862910289,gate_up_active_prebuilt,22,0.18726399540901184
case_024_real,humaneval,late,real_route_replay,200,27,37,real,7.407407407407407,1,98,2.459064862910289,gate_up_active_prebuilt,23,0.2038400024175644
case_024_real,humaneval,late,real_route_replay,200,27,37,real,7.407407407407407,1,98,2.459064862910289,gate_up_active_prebuilt,24,0.1945279985666275
case_024_real,humaneval,late,real_route_replay,200,27,37,real,7.407407407407407,1,98,2.459064862910289,gate_up_active_prebuilt,25,0.19545599818229675
case_024_real,humaneval,late,real_route_replay,200,27,37,real,7.407407407407407,1,98,2.459064862910289,gate_up_active_prebuilt,26,0.20236800611019135
case_024_real,humaneval,late,real_route_replay,200,27,37,real,7.407407407407407,1,98,2.459064862910289,gate_up_active_prebuilt,27,0.19526399672031403
case_024_real,humaneval,late,real_route_replay,200,27,37,real,7.407407407407407,1,98,2.459064862910289,gate_up_active_prebuilt,28,0.19628800451755524
case_024_real,humaneval,late,real_route_replay,200,27,37,real,7.407407407407407,1,98,2.459064862910289,gate_up_active_prebuilt,29,0.19616000354290009
case_024_real,humaneval,late,real_route_replay,200,27,37,real,7.407407407407407,1,98,2.459064862910289,gate_up_active_prebuilt,30,0.20041599869728088
case_024_real,humaneval,late,real_route_replay,200,27,37,real,7.407407407407407,1,98,2.459064862910289,gate_up_active_prebuilt,31,0.19276799261569977
case_024_real,humaneval,late,real_route_replay,200,27,37,real,7.407407407407407,1,98,2.459064862910289,gate_up_active_prebuilt,32,0.1876479983329773
case_024_real,humaneval,late,real_route_replay,200,27,37,real,7.407407407407407,1,98,2.459064862910289,gate_up_active_prebuilt,33,0.18700799345970154
case_024_real,humaneval,late,real_route_replay,200,27,37,real,7.407407407407407,1,98,2.459064862910289,gate_up_active_prebuilt,34,0.19062399864196777
case_024_real,humaneval,late,real_route_replay,200,27,37,real,7.407407407407407,1,98,2.459064862910289,gate_up_active_prebuilt,35,0.1936960071325302
case_024_real,humaneval,late,real_route_replay,200,27,37,real,7.407407407407407,1,98,2.459064862910289,gate_up_active_prebuilt,36,0.18768000602722168
case_024_real,humaneval,late,real_route_replay,200,27,37,real,7.407407407407407,1,98,2.459064862910289,gate_up_active_prebuilt,37,0.19033600389957428
case_024_real,humaneval,late,real_route_replay,200,27,37,real,7.407407407407407,1,98,2.459064862910289,gate_up_active_prebuilt,38,0.18822400271892548
case_024_real,humaneval,late,real_route_replay,200,27,37,real,7.407407407407407,1,98,2.459064862910289,gate_up_active_prebuilt,39,0.18943999707698822
case_024_real,humaneval,late,real_route_replay,200,27,37,real,7.407407407407407,1,98,2.459064862910289,down_active_prebuilt,0,0.12671999633312225
case_024_real,humaneval,late,real_route_replay,200,27,37,real,7.407407407407407,1,98,2.459064862910289,down_active_prebuilt,1,0.12361600250005722
case_024_real,humaneval,late,real_route_replay,200,27,37,real,7.407407407407407,1,98,2.459064862910289,down_active_prebuilt,2,0.12172800302505493
case_024_real,humaneval,late,real_route_replay,200,27,37,real,7.407407407407407,1,98,2.459064862910289,down_active_prebuilt,3,0.11923199892044067
case_024_real,humaneval,late,real_route_replay,200,27,37,real,7.407407407407407,1,98,2.459064862910289,down_active_prebuilt,4,0.11840000003576279
case_024_real,humaneval,late,real_route_replay,200,27,37,real,7.407407407407407,1,98,2.459064862910289,down_active_prebuilt,5,0.13417600095272064
case_024_real,humaneval,late,real_route_replay,200,27,37,real,7.407407407407407,1,98,2.459064862910289,down_active_prebuilt,6,0.11798399686813354
case_024_real,humaneval,late,real_route_replay,200,27,37,real,7.407407407407407,1,98,2.459064862910289,down_active_prebuilt,7,0.12195199728012085
case_024_real,humaneval,late,real_route_replay,200,27,37,real,7.407407407407407,1,98,2.459064862910289,down_active_prebuilt,8,0.11971200257539749
case_024_real,humaneval,late,real_route_replay,200,27,37,real,7.407407407407407,1,98,2.459064862910289,down_active_prebuilt,9,0.11798399686813354
case_024_real,humaneval,late,real_route_replay,200,27,37,real,7.407407407407407,1,98,2.459064862910289,down_active_prebuilt,10,0.11750400066375732
case_024_real,humaneval,late,real_route_replay,200,27,37,real,7.407407407407407,1,98,2.459064862910289,down_active_prebuilt,11,0.12111999839544296
case_024_real,humaneval,late,real_route_replay,200,27,37,real,7.407407407407407,1,98,2.459064862910289,down_active_prebuilt,12,0.11865600198507309
case_024_real,humaneval,late,real_route_replay,200,27,37,real,7.407407407407407,1,98,2.459064862910289,down_active_prebuilt,13,0.12028799951076508
case_024_real,humaneval,late,real_route_replay,200,27,37,real,7.407407407407407,1,98,2.459064862910289,down_active_prebuilt,14,0.11849600076675415
case_024_real,humaneval,late,real_route_replay,200,27,37,real,7.407407407407407,1,98,2.459064862910289,down_active_prebuilt,15,0.12012799829244614
case_024_real,humaneval,late,real_route_replay,200,27,37,real,7.407407407407407,1,98,2.459064862910289,down_active_prebuilt,16,0.12303999811410904
case_024_real,humaneval,late,real_route_replay,200,27,37,real,7.407407407407407,1,98,2.459064862910289,down_active_prebuilt,17,0.1268160045146942
case_024_real,humaneval,late,real_route_replay,200,27,37,real,7.407407407407407,1,98,2.459064862910289,down_active_prebuilt,18,0.11868800222873688
case_024_real,humaneval,late,real_route_replay,200,27,37,real,7.407407407407407,1,98,2.459064862910289,down_active_prebuilt,19,0.11875200271606445
case_024_real,humaneval,late,real_route_replay,200,27,37,real,7.407407407407407,1,98,2.459064862910289,down_active_prebuilt,20,0.11852800101041794
case_024_real,humaneval,late,real_route_replay,200,27,37,real,7.407407407407407,1,98,2.459064862910289,down_active_prebuilt,21,0.11878400295972824
case_024_real,humaneval,late,real_route_replay,200,27,37,real,7.407407407407407,1,98,2.459064862910289,down_active_prebuilt,22,0.11926399916410446
case_024_real,humaneval,late,real_route_replay,200,27,37,real,7.407407407407407,1,98,2.459064862910289,down_active_prebuilt,23,0.11903999745845795
case_024_real,humaneval,late,real_route_replay,200,27,37,real,7.407407407407407,1,98,2.459064862910289,down_active_prebuilt,24,0.11744000017642975
case_024_real,humaneval,late,real_route_replay,200,27,37,real,7.407407407407407,1,98,2.459064862910289,down_active_prebuilt,25,0.12038400024175644
case_024_real,humaneval,late,real_route_replay,200,27,37,real,7.407407407407407,1,98,2.459064862910289,down_active_prebuilt,26,0.11919999867677689
case_024_real,humaneval,late,real_route_replay,200,27,37,real,7.407407407407407,1,98,2.459064862910289,down_active_prebuilt,27,0.1239359974861145
case_024_real,humaneval,late,real_route_replay,200,27,37,real,7.407407407407407,1,98,2.459064862910289,down_active_prebuilt,28,0.11964800208806992
case_024_real,humaneval,late,real_route_replay,200,27,37,real,7.407407407407407,1,98,2.459064862910289,down_active_prebuilt,29,0.12995199859142303
case_024_real,humaneval,late,real_route_replay,200,27,37,real,7.407407407407407,1,98,2.459064862910289,down_active_prebuilt,30,0.11865600198507309
case_024_real,humaneval,late,real_route_replay,200,27,37,real,7.407407407407407,1,98,2.459064862910289,down_active_prebuilt,31,0.11856000125408173
case_024_real,humaneval,late,real_route_replay,200,27,37,real,7.407407407407407,1,98,2.459064862910289,down_active_prebuilt,32,0.12009599804878235
case_024_real,humaneval,late,real_route_replay,200,27,37,real,7.407407407407407,1,98,2.459064862910289,down_active_prebuilt,33,0.11974400281906128
case_024_real,humaneval,late,real_route_replay,200,27,37,real,7.407407407407407,1,98,2.459064862910289,down_active_prebuilt,34,0.11878400295972824
case_024_real,humaneval,late,real_route_replay,200,27,37,real,7.407407407407407,1,98,2.459064862910289,down_active_prebuilt,35,0.1178240031003952
case_024_real,humaneval,late,real_route_replay,200,27,37,real,7.407407407407407,1,98,2.459064862910289,down_active_prebuilt,36,0.11856000125408173
case_024_real,humaneval,late,real_route_replay,200,27,37,real,7.407407407407407,1,98,2.459064862910289,down_active_prebuilt,37,0.12028799951076508
case_024_real,humaneval,late,real_route_replay,200,27,37,real,7.407407407407407,1,98,2.459064862910289,down_active_prebuilt,38,0.11859200149774551
case_024_real,humaneval,late,real_route_replay,200,27,37,real,7.407407407407407,1,98,2.459064862910289,down_active_prebuilt,39,0.12348800152540207
case_024_real,humaneval,late,real_route_replay,200,27,37,real,7.407407407407407,1,98,2.459064862910289,swiglu,0,0.030271999537944794
case_024_real,humaneval,late,real_route_replay,200,27,37,real,7.407407407407407,1,98,2.459064862910289,swiglu,1,0.02956799976527691
case_024_real,humaneval,late,real_route_replay,200,27,37,real,7.407407407407407,1,98,2.459064862910289,swiglu,2,0.021888000890612602
case_024_real,humaneval,late,real_route_replay,200,27,37,real,7.407407407407407,1,98,2.459064862910289,swiglu,3,0.02147199958562851
case_024_real,humaneval,late,real_route_replay,200,27,37,real,7.407407407407407,1,98,2.459064862910289,swiglu,4,0.020927999168634415
case_024_real,humaneval,late,real_route_replay,200,27,37,real,7.407407407407407,1,98,2.459064862910289,swiglu,5,0.022784000262618065
case_024_real,humaneval,late,real_route_replay,200,27,37,real,7.407407407407407,1,98,2.459064862910289,swiglu,6,0.021247999742627144
case_024_real,humaneval,late,real_route_replay,200,27,37,real,7.407407407407407,1,98,2.459064862910289,swiglu,7,0.021407999098300934
case_024_real,humaneval,late,real_route_replay,200,27,37,real,7.407407407407407,1,98,2.459064862910289,swiglu,8,0.02112000063061714
case_024_real,humaneval,late,real_route_replay,200,27,37,real,7.407407407407407,1,98,2.459064862910289,swiglu,9,0.02112000063061714
case_024_real,humaneval,late,real_route_replay,200,27,37,real,7.407407407407407,1,98,2.459064862910289,swiglu,10,0.020959999412298203
case_024_real,humaneval,late,real_route_replay,200,27,37,real,7.407407407407407,1,98,2.459064862910289,swiglu,11,0.021536000072956085
case_024_real,humaneval,late,real_route_replay,200,27,37,real,7.407407407407407,1,98,2.459064862910289,swiglu,12,0.022272000089287758
case_024_real,humaneval,late,real_route_replay,200,27,37,real,7.407407407407407,1,98,2.459064862910289,swiglu,13,0.02236800082027912
case_024_real,humaneval,late,real_route_replay,200,27,37,real,7.407407407407407,1,98,2.459064862910289,swiglu,14,0.020735999569296837
case_024_real,humaneval,late,real_route_replay,200,27,37,real,7.407407407407407,1,98,2.459064862910289,swiglu,15,0.020608000457286835
case_024_real,humaneval,late,real_route_replay,200,27,37,real,7.407407407407407,1,98,2.459064862910289,swiglu,16,0.019999999552965164
case_024_real,humaneval,late,real_route_replay,200,27,37,real,7.407407407407407,1,98,2.459064862910289,swiglu,17,0.022336000576615334
case_024_real,humaneval,late,real_route_replay,200,27,37,real,7.407407407407407,1,98,2.459064862910289,swiglu,18,0.02051199972629547
case_024_real,humaneval,late,real_route_replay,200,27,37,real,7.407407407407407,1,98,2.459064862910289,swiglu,19,0.020255999639630318
case_024_real,humaneval,late,real_route_replay,200,27,37,real,7.407407407407407,1,98,2.459064862910289,swiglu,20,0.02598400041460991
case_024_real,humaneval,late,real_route_replay,200,27,37,real,7.407407407407407,1,98,2.459064862910289,swiglu,21,0.022272000089287758
case_024_real,humaneval,late,real_route_replay,200,27,37,real,7.407407407407407,1,98,2.459064862910289,swiglu,22,0.021215999498963356
case_024_real,humaneval,late,real_route_replay,200,27,37,real,7.407407407407407,1,98,2.459064862910289,swiglu,23,0.02195199951529503
case_024_real,humaneval,late,real_route_replay,200,27,37,real,7.407407407407407,1,98,2.459064862910289,swiglu,24,0.02143999934196472
case_024_real,humaneval,late,real_route_replay,200,27,37,real,7.407407407407407,1,98,2.459064862910289,swiglu,25,0.02112000063061714
case_024_real,humaneval,late,real_route_replay,200,27,37,real,7.407407407407407,1,98,2.459064862910289,swiglu,26,0.02127999998629093
case_024_real,humaneval,late,real_route_replay,200,27,37,real,7.407407407407407,1,98,2.459064862910289,swiglu,27,0.021727999672293663
case_024_real,humaneval,late,real_route_replay,200,27,37,real,7.407407407407407,1,98,2.459064862910289,swiglu,28,0.03171199932694435
case_024_real,humaneval,late,real_route_replay,200,27,37,real,7.407407407407407,1,98,2.459064862910289,swiglu,29,0.02377600036561489
case_024_real,humaneval,late,real_route_replay,200,27,37,real,7.407407407407407,1,98,2.459064862910289,swiglu,30,0.021663999184966087
case_024_real,humaneval,late,real_route_replay,200,27,37,real,7.407407407407407,1,98,2.459064862910289,swiglu,31,0.021727999672293663
case_024_real,humaneval,late,real_route_replay,200,27,37,real,7.407407407407407,1,98,2.459064862910289,swiglu,32,0.020479999482631683
case_024_real,humaneval,late,real_route_replay,200,27,37,real,7.407407407407407,1,98,2.459064862910289,swiglu,33,0.02252800017595291
case_024_real,humaneval,late,real_route_replay,200,27,37,real,7.407407407407407,1,98,2.459064862910289,swiglu,34,0.022112000733613968
case_024_real,humaneval,late,real_route_replay,200,27,37,real,7.407407407407407,1,98,2.459064862910289,swiglu,35,0.02348800003528595
case_024_real,humaneval,late,real_route_replay,200,27,37,real,7.407407407407407,1,98,2.459064862910289,swiglu,36,0.019487999379634857
case_024_real,humaneval,late,real_route_replay,200,27,37,real,7.407407407407407,1,98,2.459064862910289,swiglu,37,0.021215999498963356
case_024_real,humaneval,late,real_route_replay,200,27,37,real,7.407407407407407,1,98,2.459064862910289,swiglu,38,0.020864000543951988
case_024_real,humaneval,late,real_route_replay,200,27,37,real,7.407407407407407,1,98,2.459064862910289,swiglu,39,0.023871999233961105
case_024_real,humaneval,late,real_route_replay,200,27,37,real,7.407407407407407,1,98,2.459064862910289,gate_up_full64_prebuilt,0,0.19763199985027313
case_024_real,humaneval,late,real_route_replay,200,27,37,real,7.407407407407407,1,98,2.459064862910289,gate_up_full64_prebuilt,1,0.19686399400234222
case_024_real,humaneval,late,real_route_replay,200,27,37,real,7.407407407407407,1,98,2.459064862910289,gate_up_full64_prebuilt,2,0.19760000705718994
case_024_real,humaneval,late,real_route_replay,200,27,37,real,7.407407407407407,1,98,2.459064862910289,gate_up_full64_prebuilt,3,0.1985280066728592
case_024_real,humaneval,late,real_route_replay,200,27,37,real,7.407407407407407,1,98,2.459064862910289,gate_up_full64_prebuilt,4,0.19222399592399597
case_024_real,humaneval,late,real_route_replay,200,27,37,real,7.407407407407407,1,98,2.459064862910289,gate_up_full64_prebuilt,5,0.1900479942560196
case_024_real,humaneval,late,real_route_replay,200,27,37,real,7.407407407407407,1,98,2.459064862910289,gate_up_full64_prebuilt,6,0.18700799345970154
case_024_real,humaneval,late,real_route_replay,200,27,37,real,7.407407407407407,1,98,2.459064862910289,gate_up_full64_prebuilt,7,0.18854400515556335
case_024_real,humaneval,late,real_route_replay,200,27,37,real,7.407407407407407,1,98,2.459064862910289,gate_up_full64_prebuilt,8,0.19049599766731262
case_024_real,humaneval,late,real_route_replay,200,27,37,real,7.407407407407407,1,98,2.459064862910289,gate_up_full64_prebuilt,9,0.18732799589633942
case_024_real,humaneval,late,real_route_replay,200,27,37,real,7.407407407407407,1,98,2.459064862910289,gate_up_full64_prebuilt,10,0.18985599279403687
case_024_real,humaneval,late,real_route_replay,200,27,37,real,7.407407407407407,1,98,2.459064862910289,gate_up_full64_prebuilt,11,0.18991999328136444
case_024_real,humaneval,late,real_route_replay,200,27,37,real,7.407407407407407,1,98,2.459064862910289,gate_up_full64_prebuilt,12,0.18963199853897095
case_024_real,humaneval,late,real_route_replay,200,27,37,real,7.407407407407407,1,98,2.459064862910289,gate_up_full64_prebuilt,13,0.1881919950246811
case_024_real,humaneval,late,real_route_replay,200,27,37,real,7.407407407407407,1,98,2.459064862910289,gate_up_full64_prebuilt,14,0.1886720061302185
case_024_real,humaneval,late,real_route_replay,200,27,37,real,7.407407407407407,1,98,2.459064862910289,gate_up_full64_prebuilt,15,0.18592000007629395
case_024_real,humaneval,late,real_route_replay,200,27,37,real,7.407407407407407,1,98,2.459064862910289,gate_up_full64_prebuilt,16,0.18886399269104004
case_024_real,humaneval,late,real_route_replay,200,27,37,real,7.407407407407407,1,98,2.459064862910289,gate_up_full64_prebuilt,17,0.18943999707698822
case_024_real,humaneval,late,real_route_replay,200,27,37,real,7.407407407407407,1,98,2.459064862910289,gate_up_full64_prebuilt,18,0.18617600202560425
case_024_real,humaneval,late,real_route_replay,200,27,37,real,7.407407407407407,1,98,2.459064862910289,gate_up_full64_prebuilt,19,0.18755200505256653
case_024_real,humaneval,late,real_route_replay,200,27,37,real,7.407407407407407,1,98,2.459064862910289,gate_up_full64_prebuilt,20,0.18694399297237396
case_024_real,humaneval,late,real_route_replay,200,27,37,real,7.407407407407407,1,98,2.459064862910289,gate_up_full64_prebuilt,21,0.19126400351524353
case_024_real,humaneval,late,real_route_replay,200,27,37,real,7.407407407407407,1,98,2.459064862910289,gate_up_full64_prebuilt,22,0.18726399540901184
case_024_real,humaneval,late,real_route_replay,200,27,37,real,7.407407407407407,1,98,2.459064862910289,gate_up_full64_prebuilt,23,0.19043199717998505
case_024_real,humaneval,late,real_route_replay,200,27,37,real,7.407407407407407,1,98,2.459064862910289,gate_up_full64_prebuilt,24,0.19008000195026398
case_024_real,humaneval,late,real_route_replay,200,27,37,real,7.407407407407407,1,98,2.459064862910289,gate_up_full64_prebuilt,25,0.19308799505233765
case_024_real,humaneval,late,real_route_replay,200,27,37,real,7.407407407407407,1,98,2.459064862910289,gate_up_full64_prebuilt,26,0.1945279985666275
case_024_real,humaneval,late,real_route_replay,200,27,37,real,7.407407407407407,1,98,2.459064862910289,gate_up_full64_prebuilt,27,0.19625599682331085
case_024_real,humaneval,late,real_route_replay,200,27,37,real,7.407407407407407,1,98,2.459064862910289,gate_up_full64_prebuilt,28,0.19334399700164795
case_024_real,humaneval,late,real_route_replay,200,27,37,real,7.407407407407407,1,98,2.459064862910289,gate_up_full64_prebuilt,29,0.19631999731063843
case_024_real,humaneval,late,real_route_replay,200,27,37,real,7.407407407407407,1,98,2.459064862910289,gate_up_full64_prebuilt,30,0.20537599921226501
case_024_real,humaneval,late,real_route_replay,200,27,37,real,7.407407407407407,1,98,2.459064862910289,gate_up_full64_prebuilt,31,0.20236800611019135
case_024_real,humaneval,late,real_route_replay,200,27,37,real,7.407407407407407,1,98,2.459064862910289,gate_up_full64_prebuilt,32,0.19177600741386414
case_024_real,humaneval,late,real_route_replay,200,27,37,real,7.407407407407407,1,98,2.459064862910289,gate_up_full64_prebuilt,33,0.19174399971961975
case_024_real,humaneval,late,real_route_replay,200,27,37,real,7.407407407407407,1,98,2.459064862910289,gate_up_full64_prebuilt,34,0.18889600038528442
case_024_real,humaneval,late,real_route_replay,200,27,37,real,7.407407407407407,1,98,2.459064862910289,gate_up_full64_prebuilt,35,0.18966400623321533
case_024_real,humaneval,late,real_route_replay,200,27,37,real,7.407407407407407,1,98,2.459064862910289,gate_up_full64_prebuilt,36,0.18838399648666382
case_024_real,humaneval,late,real_route_replay,200,27,37,real,7.407407407407407,1,98,2.459064862910289,gate_up_full64_prebuilt,37,0.18928000330924988
case_024_real,humaneval,late,real_route_replay,200,27,37,real,7.407407407407407,1,98,2.459064862910289,gate_up_full64_prebuilt,38,0.18883199989795685
case_024_real,humaneval,late,real_route_replay,200,27,37,real,7.407407407407407,1,98,2.459064862910289,gate_up_full64_prebuilt,39,0.1902720034122467
case_024_real,humaneval,late,real_route_replay,200,27,37,real,7.407407407407407,1,98,2.459064862910289,route_weight,0,0.015296000055968761
case_024_real,humaneval,late,real_route_replay,200,27,37,real,7.407407407407407,1,98,2.459064862910289,route_weight,1,0.014175999909639359
case_024_real,humaneval,late,real_route_replay,200,27,37,real,7.407407407407407,1,98,2.459064862910289,route_weight,2,0.014527999795973301
case_024_real,humaneval,late,real_route_replay,200,27,37,real,7.407407407407407,1,98,2.459064862910289,route_weight,3,0.01408000010997057
case_024_real,humaneval,late,real_route_replay,200,27,37,real,7.407407407407407,1,98,2.459064862910289,route_weight,4,0.013824000023305416
case_024_real,humaneval,late,real_route_replay,200,27,37,real,7.407407407407407,1,98,2.459064862910289,route_weight,5,0.01375999953597784
case_024_real,humaneval,late,real_route_replay,200,27,37,real,7.407407407407407,1,98,2.459064862910289,route_weight,6,0.013376000337302685
case_024_real,humaneval,late,real_route_replay,200,27,37,real,7.407407407407407,1,98,2.459064862910289,route_weight,7,0.014688000082969666
case_024_real,humaneval,late,real_route_replay,200,27,37,real,7.407407407407407,1,98,2.459064862910289,route_weight,8,0.014560000039637089
case_024_real,humaneval,late,real_route_replay,200,27,37,real,7.407407407407407,1,98,2.459064862910289,route_weight,9,0.014911999925971031
case_024_real,humaneval,late,real_route_replay,200,27,37,real,7.407407407407407,1,98,2.459064862910289,route_weight,10,0.014816000126302242
case_024_real,humaneval,late,real_route_replay,200,27,37,real,7.407407407407407,1,98,2.459064862910289,route_weight,11,0.01759999990463257
case_024_real,humaneval,late,real_route_replay,200,27,37,real,7.407407407407407,1,98,2.459064862910289,route_weight,12,0.01369599997997284
case_024_real,humaneval,late,real_route_replay,200,27,37,real,7.407407407407407,1,98,2.459064862910289,route_weight,13,0.013472000136971474
case_024_real,humaneval,late,real_route_replay,200,27,37,real,7.407407407407407,1,98,2.459064862910289,route_weight,14,0.013567999936640263
case_024_real,humaneval,late,real_route_replay,200,27,37,real,7.407407407407407,1,98,2.459064862910289,route_weight,15,0.013824000023305416
case_024_real,humaneval,late,real_route_replay,200,27,37,real,7.407407407407407,1,98,2.459064862910289,route_weight,16,0.013663999736309052
case_024_real,humaneval,late,real_route_replay,200,27,37,real,7.407407407407407,1,98,2.459064862910289,route_weight,17,0.013632000423967838
case_024_real,humaneval,late,real_route_replay,200,27,37,real,7.407407407407407,1,98,2.459064862910289,route_weight,18,0.014527999795973301
case_024_real,humaneval,late,real_route_replay,200,27,37,real,7.407407407407407,1,98,2.459064862910289,route_weight,19,0.014208000153303146
case_024_real,humaneval,late,real_route_replay,200,27,37,real,7.407407407407407,1,98,2.459064862910289,route_weight,20,0.014655999839305878
case_024_real,humaneval,late,real_route_replay,200,27,37,real,7.407407407407407,1,98,2.459064862910289,route_weight,21,0.014688000082969666
case_024_real,humaneval,late,real_route_replay,200,27,37,real,7.407407407407407,1,98,2.459064862910289,route_weight,22,0.013120000250637531
case_024_real,humaneval,late,real_route_replay,200,27,37,real,7.407407407407407,1,98,2.459064862910289,route_weight,23,0.013248000293970108
case_024_real,humaneval,late,real_route_replay,200,27,37,real,7.407407407407407,1,98,2.459064862910289,route_weight,24,0.022975999861955643
case_024_real,humaneval,late,real_route_replay,200,27,37,real,7.407407407407407,1,98,2.459064862910289,route_weight,25,0.014112000353634357
case_024_real,humaneval,late,real_route_replay,200,27,37,real,7.407407407407407,1,98,2.459064862910289,route_weight,26,0.013663999736309052
case_024_real,humaneval,late,real_route_replay,200,27,37,real,7.407407407407407,1,98,2.459064862910289,route_weight,27,0.019007999449968338
case_024_real,humaneval,late,real_route_replay,200,27,37,real,7.407407407407407,1,98,2.459064862910289,route_weight,28,0.017152000218629837
case_024_real,humaneval,late,real_route_replay,200,27,37,real,7.407407407407407,1,98,2.459064862910289,route_weight,29,0.014368000440299511
case_024_real,humaneval,late,real_route_replay,200,27,37,real,7.407407407407407,1,98,2.459064862910289,route_weight,30,0.014592000283300877
case_024_real,humaneval,late,real_route_replay,200,27,37,real,7.407407407407407,1,98,2.459064862910289,route_weight,31,0.013887999579310417
case_024_real,humaneval,late,real_route_replay,200,27,37,real,7.407407407407407,1,98,2.459064862910289,route_weight,32,0.014431999996304512
case_024_real,humaneval,late,real_route_replay,200,27,37,real,7.407407407407407,1,98,2.459064862910289,route_weight,33,0.013791999779641628
case_024_real,humaneval,late,real_route_replay,200,27,37,real,7.407407407407407,1,98,2.459064862910289,route_weight,34,0.01398400031030178
case_024_real,humaneval,late,real_route_replay,200,27,37,real,7.407407407407407,1,98,2.459064862910289,route_weight,35,0.015263999812304974
case_024_real,humaneval,late,real_route_replay,200,27,37,real,7.407407407407407,1,98,2.459064862910289,route_weight,36,0.01539199985563755
case_024_real,humaneval,late,real_route_replay,200,27,37,real,7.407407407407407,1,98,2.459064862910289,route_weight,37,0.01664000004529953
case_024_real,humaneval,late,real_route_replay,200,27,37,real,7.407407407407407,1,98,2.459064862910289,route_weight,38,0.014112000353634357
case_024_real,humaneval,late,real_route_replay,200,27,37,real,7.407407407407407,1,98,2.459064862910289,route_weight,39,0.013824000023305416
case_024_real,humaneval,late,real_route_replay,200,27,37,real,7.407407407407407,1,98,2.459064862910289,down_full64_prebuilt,0,0.12774400413036346
case_024_real,humaneval,late,real_route_replay,200,27,37,real,7.407407407407407,1,98,2.459064862910289,down_full64_prebuilt,1,0.12982399761676788
case_024_real,humaneval,late,real_route_replay,200,27,37,real,7.407407407407407,1,98,2.459064862910289,down_full64_prebuilt,2,0.12860800325870514
case_024_real,humaneval,late,real_route_replay,200,27,37,real,7.407407407407407,1,98,2.459064862910289,down_full64_prebuilt,3,0.12892800569534302
case_024_real,humaneval,late,real_route_replay,200,27,37,real,7.407407407407407,1,98,2.459064862910289,down_full64_prebuilt,4,0.13344000279903412
case_024_real,humaneval,late,real_route_replay,200,27,37,real,7.407407407407407,1,98,2.459064862910289,down_full64_prebuilt,5,0.1311360001564026
case_024_real,humaneval,late,real_route_replay,200,27,37,real,7.407407407407407,1,98,2.459064862910289,down_full64_prebuilt,6,0.13049599528312683
case_024_real,humaneval,late,real_route_replay,200,27,37,real,7.407407407407407,1,98,2.459064862910289,down_full64_prebuilt,7,0.13199999928474426
case_024_real,humaneval,late,real_route_replay,200,27,37,real,7.407407407407407,1,98,2.459064862910289,down_full64_prebuilt,8,0.13046400249004364
case_024_real,humaneval,late,real_route_replay,200,27,37,real,7.407407407407407,1,98,2.459064862910289,down_full64_prebuilt,9,0.13327999413013458
case_024_real,humaneval,late,real_route_replay,200,27,37,real,7.407407407407407,1,98,2.459064862910289,down_full64_prebuilt,10,0.13792000710964203
case_024_real,humaneval,late,real_route_replay,200,27,37,real,7.407407407407407,1,98,2.459064862910289,down_full64_prebuilt,11,0.13571199774742126
case_024_real,humaneval,late,real_route_replay,200,27,37,real,7.407407407407407,1,98,2.459064862910289,down_full64_prebuilt,12,0.1289920061826706
case_024_real,humaneval,late,real_route_replay,200,27,37,real,7.407407407407407,1,98,2.459064862910289,down_full64_prebuilt,13,0.12758399546146393
case_024_real,humaneval,late,real_route_replay,200,27,37,real,7.407407407407407,1,98,2.459064862910289,down_full64_prebuilt,14,0.13036799430847168
case_024_real,humaneval,late,real_route_replay,200,27,37,real,7.407407407407407,1,98,2.459064862910289,down_full64_prebuilt,15,0.1265919953584671
case_024_real,humaneval,late,real_route_replay,200,27,37,real,7.407407407407407,1,98,2.459064862910289,down_full64_prebuilt,16,0.12547199428081512
case_024_real,humaneval,late,real_route_replay,200,27,37,real,7.407407407407407,1,98,2.459064862910289,down_full64_prebuilt,17,0.12387199699878693
case_024_real,humaneval,late,real_route_replay,200,27,37,real,7.407407407407407,1,98,2.459064862910289,down_full64_prebuilt,18,0.12537600100040436
case_024_real,humaneval,late,real_route_replay,200,27,37,real,7.407407407407407,1,98,2.459064862910289,down_full64_prebuilt,19,0.13395200669765472
case_024_real,humaneval,late,real_route_replay,200,27,37,real,7.407407407407407,1,98,2.459064862910289,down_full64_prebuilt,20,0.12249600142240524
case_024_real,humaneval,late,real_route_replay,200,27,37,real,7.407407407407407,1,98,2.459064862910289,down_full64_prebuilt,21,0.12310399860143661
case_024_real,humaneval,late,real_route_replay,200,27,37,real,7.407407407407407,1,98,2.459064862910289,down_full64_prebuilt,22,0.12569600343704224
case_024_real,humaneval,late,real_route_replay,200,27,37,real,7.407407407407407,1,98,2.459064862910289,down_full64_prebuilt,23,0.12566399574279785
case_024_real,humaneval,late,real_route_replay,200,27,37,real,7.407407407407407,1,98,2.459064862910289,down_full64_prebuilt,24,0.12694400548934937
case_024_real,humaneval,late,real_route_replay,200,27,37,real,7.407407407407407,1,98,2.459064862910289,down_full64_prebuilt,25,0.12720000743865967
case_024_real,humaneval,late,real_route_replay,200,27,37,real,7.407407407407407,1,98,2.459064862910289,down_full64_prebuilt,26,0.12422399967908859
case_024_real,humaneval,late,real_route_replay,200,27,37,real,7.407407407407407,1,98,2.459064862910289,down_full64_prebuilt,27,0.12588800489902496
case_024_real,humaneval,late,real_route_replay,200,27,37,real,7.407407407407407,1,98,2.459064862910289,down_full64_prebuilt,28,0.12390399724245071
case_024_real,humaneval,late,real_route_replay,200,27,37,real,7.407407407407407,1,98,2.459064862910289,down_full64_prebuilt,29,0.1231359988451004
case_024_real,humaneval,late,real_route_replay,200,27,37,real,7.407407407407407,1,98,2.459064862910289,down_full64_prebuilt,30,0.13254399597644806
case_024_real,humaneval,late,real_route_replay,200,27,37,real,7.407407407407407,1,98,2.459064862910289,down_full64_prebuilt,31,0.12992000579833984
case_024_real,humaneval,late,real_route_replay,200,27,37,real,7.407407407407407,1,98,2.459064862910289,down_full64_prebuilt,32,0.13087999820709229
case_024_real,humaneval,late,real_route_replay,200,27,37,real,7.407407407407407,1,98,2.459064862910289,down_full64_prebuilt,33,0.12966400384902954
case_024_real,humaneval,late,real_route_replay,200,27,37,real,7.407407407407407,1,98,2.459064862910289,down_full64_prebuilt,34,0.1348160058259964
case_024_real,humaneval,late,real_route_replay,200,27,37,real,7.407407407407407,1,98,2.459064862910289,down_full64_prebuilt,35,0.1303039938211441
case_024_real,humaneval,late,real_route_replay,200,27,37,real,7.407407407407407,1,98,2.459064862910289,down_full64_prebuilt,36,0.13680000603199005
case_024_real,humaneval,late,real_route_replay,200,27,37,real,7.407407407407407,1,98,2.459064862910289,down_full64_prebuilt,37,0.1340479999780655
case_024_real,humaneval,late,real_route_replay,200,27,37,real,7.407407407407407,1,98,2.459064862910289,down_full64_prebuilt,38,0.13836799561977386
case_024_real,humaneval,late,real_route_replay,200,27,37,real,7.407407407407407,1,98,2.459064862910289,down_full64_prebuilt,39,0.13398399949073792
case_025_real,humaneval,middle,real_route_replay,12,6,58,real,2.0,1,3,0.28867513459481287,gate_up_full64_prebuilt,0,0.07027199864387512
case_025_real,humaneval,middle,real_route_replay,12,6,58,real,2.0,1,3,0.28867513459481287,gate_up_full64_prebuilt,1,0.06764800101518631
case_025_real,humaneval,middle,real_route_replay,12,6,58,real,2.0,1,3,0.28867513459481287,gate_up_full64_prebuilt,2,0.06649599969387054
case_025_real,humaneval,middle,real_route_replay,12,6,58,real,2.0,1,3,0.28867513459481287,gate_up_full64_prebuilt,3,0.06496000289916992
case_025_real,humaneval,middle,real_route_replay,12,6,58,real,2.0,1,3,0.28867513459481287,gate_up_full64_prebuilt,4,0.0660799965262413
case_025_real,humaneval,middle,real_route_replay,12,6,58,real,2.0,1,3,0.28867513459481287,gate_up_full64_prebuilt,5,0.06678400188684464
case_025_real,humaneval,middle,real_route_replay,12,6,58,real,2.0,1,3,0.28867513459481287,gate_up_full64_prebuilt,6,0.0655680000782013
case_025_real,humaneval,middle,real_route_replay,12,6,58,real,2.0,1,3,0.28867513459481287,gate_up_full64_prebuilt,7,0.06499200314283371
case_025_real,humaneval,middle,real_route_replay,12,6,58,real,2.0,1,3,0.28867513459481287,gate_up_full64_prebuilt,8,0.06380800157785416
case_025_real,humaneval,middle,real_route_replay,12,6,58,real,2.0,1,3,0.28867513459481287,gate_up_full64_prebuilt,9,0.06384000182151794
case_025_real,humaneval,middle,real_route_replay,12,6,58,real,2.0,1,3,0.28867513459481287,gate_up_full64_prebuilt,10,0.06483200192451477
case_025_real,humaneval,middle,real_route_replay,12,6,58,real,2.0,1,3,0.28867513459481287,gate_up_full64_prebuilt,11,0.06371200084686279
case_025_real,humaneval,middle,real_route_replay,12,6,58,real,2.0,1,3,0.28867513459481287,gate_up_full64_prebuilt,12,0.06281600147485733
case_025_real,humaneval,middle,real_route_replay,12,6,58,real,2.0,1,3,0.28867513459481287,gate_up_full64_prebuilt,13,0.06358399987220764
case_025_real,humaneval,middle,real_route_replay,12,6,58,real,2.0,1,3,0.28867513459481287,gate_up_full64_prebuilt,14,0.06275200098752975
case_025_real,humaneval,middle,real_route_replay,12,6,58,real,2.0,1,3,0.28867513459481287,gate_up_full64_prebuilt,15,0.0674239993095398
case_025_real,humaneval,middle,real_route_replay,12,6,58,real,2.0,1,3,0.28867513459481287,gate_up_full64_prebuilt,16,0.061824001371860504
case_025_real,humaneval,middle,real_route_replay,12,6,58,real,2.0,1,3,0.28867513459481287,gate_up_full64_prebuilt,17,0.06531199812889099
case_025_real,humaneval,middle,real_route_replay,12,6,58,real,2.0,1,3,0.28867513459481287,gate_up_full64_prebuilt,18,0.0631679967045784
case_025_real,humaneval,middle,real_route_replay,12,6,58,real,2.0,1,3,0.28867513459481287,gate_up_full64_prebuilt,19,0.06335999816656113
case_025_real,humaneval,middle,real_route_replay,12,6,58,real,2.0,1,3,0.28867513459481287,gate_up_full64_prebuilt,20,0.06326399743556976
case_025_real,humaneval,middle,real_route_replay,12,6,58,real,2.0,1,3,0.28867513459481287,gate_up_full64_prebuilt,21,0.06304000318050385
case_025_real,humaneval,middle,real_route_replay,12,6,58,real,2.0,1,3,0.28867513459481287,gate_up_full64_prebuilt,22,0.06393600255250931
case_025_real,humaneval,middle,real_route_replay,12,6,58,real,2.0,1,3,0.28867513459481287,gate_up_full64_prebuilt,23,0.06684800237417221
case_025_real,humaneval,middle,real_route_replay,12,6,58,real,2.0,1,3,0.28867513459481287,gate_up_full64_prebuilt,24,0.06467200070619583
case_025_real,humaneval,middle,real_route_replay,12,6,58,real,2.0,1,3,0.28867513459481287,gate_up_full64_prebuilt,25,0.06672000139951706
case_025_real,humaneval,middle,real_route_replay,12,6,58,real,2.0,1,3,0.28867513459481287,gate_up_full64_prebuilt,26,0.06275200098752975
case_025_real,humaneval,middle,real_route_replay,12,6,58,real,2.0,1,3,0.28867513459481287,gate_up_full64_prebuilt,27,0.06284800171852112
case_025_real,humaneval,middle,real_route_replay,12,6,58,real,2.0,1,3,0.28867513459481287,gate_up_full64_prebuilt,28,0.06265600025653839
case_025_real,humaneval,middle,real_route_replay,12,6,58,real,2.0,1,3,0.28867513459481287,gate_up_full64_prebuilt,29,0.06825599819421768
case_025_real,humaneval,middle,real_route_replay,12,6,58,real,2.0,1,3,0.28867513459481287,gate_up_full64_prebuilt,30,0.06534399837255478
case_025_real,humaneval,middle,real_route_replay,12,6,58,real,2.0,1,3,0.28867513459481287,gate_up_full64_prebuilt,31,0.06771200150251389
case_025_real,humaneval,middle,real_route_replay,12,6,58,real,2.0,1,3,0.28867513459481287,gate_up_full64_prebuilt,32,0.06323199719190598
case_025_real,humaneval,middle,real_route_replay,12,6,58,real,2.0,1,3,0.28867513459481287,gate_up_full64_prebuilt,33,0.06323199719190598
case_025_real,humaneval,middle,real_route_replay,12,6,58,real,2.0,1,3,0.28867513459481287,gate_up_full64_prebuilt,34,0.06348799914121628
case_025_real,humaneval,middle,real_route_replay,12,6,58,real,2.0,1,3,0.28867513459481287,gate_up_full64_prebuilt,35,0.061344001442193985
case_025_real,humaneval,middle,real_route_replay,12,6,58,real,2.0,1,3,0.28867513459481287,gate_up_full64_prebuilt,36,0.0642239972949028
case_025_real,humaneval,middle,real_route_replay,12,6,58,real,2.0,1,3,0.28867513459481287,gate_up_full64_prebuilt,37,0.06467200070619583
case_025_real,humaneval,middle,real_route_replay,12,6,58,real,2.0,1,3,0.28867513459481287,gate_up_full64_prebuilt,38,0.07075200229883194
case_025_real,humaneval,middle,real_route_replay,12,6,58,real,2.0,1,3,0.28867513459481287,gate_up_full64_prebuilt,39,0.06735999882221222
case_025_real,humaneval,middle,real_route_replay,12,6,58,real,2.0,1,3,0.28867513459481287,down_active_prebuilt,0,0.05286400020122528
case_025_real,humaneval,middle,real_route_replay,12,6,58,real,2.0,1,3,0.28867513459481287,down_active_prebuilt,1,0.05180799961090088
case_025_real,humaneval,middle,real_route_replay,12,6,58,real,2.0,1,3,0.28867513459481287,down_active_prebuilt,2,0.0480320006608963
case_025_real,humaneval,middle,real_route_replay,12,6,58,real,2.0,1,3,0.28867513459481287,down_active_prebuilt,3,0.04879999905824661
case_025_real,humaneval,middle,real_route_replay,12,6,58,real,2.0,1,3,0.28867513459481287,down_active_prebuilt,4,0.04732799902558327
case_025_real,humaneval,middle,real_route_replay,12,6,58,real,2.0,1,3,0.28867513459481287,down_active_prebuilt,5,0.047775998711586
case_025_real,humaneval,middle,real_route_replay,12,6,58,real,2.0,1,3,0.28867513459481287,down_active_prebuilt,6,0.047200001776218414
case_025_real,humaneval,middle,real_route_replay,12,6,58,real,2.0,1,3,0.28867513459481287,down_active_prebuilt,7,0.04761600121855736
case_025_real,humaneval,middle,real_route_replay,12,6,58,real,2.0,1,3,0.28867513459481287,down_active_prebuilt,8,0.04700800031423569
case_025_real,humaneval,middle,real_route_replay,12,6,58,real,2.0,1,3,0.28867513459481287,down_active_prebuilt,9,0.04835199937224388
case_025_real,humaneval,middle,real_route_replay,12,6,58,real,2.0,1,3,0.28867513459481287,down_active_prebuilt,10,0.05350400134921074
case_025_real,humaneval,middle,real_route_replay,12,6,58,real,2.0,1,3,0.28867513459481287,down_active_prebuilt,11,0.05113599821925163
case_025_real,humaneval,middle,real_route_replay,12,6,58,real,2.0,1,3,0.28867513459481287,down_active_prebuilt,12,0.05049600079655647
case_025_real,humaneval,middle,real_route_replay,12,6,58,real,2.0,1,3,0.28867513459481287,down_active_prebuilt,13,0.050016000866889954
case_025_real,humaneval,middle,real_route_replay,12,6,58,real,2.0,1,3,0.28867513459481287,down_active_prebuilt,14,0.04726399853825569
case_025_real,humaneval,middle,real_route_replay,12,6,58,real,2.0,1,3,0.28867513459481287,down_active_prebuilt,15,0.046751998364925385
case_025_real,humaneval,middle,real_route_replay,12,6,58,real,2.0,1,3,0.28867513459481287,down_active_prebuilt,16,0.04729599878191948
case_025_real,humaneval,middle,real_route_replay,12,6,58,real,2.0,1,3,0.28867513459481287,down_active_prebuilt,17,0.045343998819589615
case_025_real,humaneval,middle,real_route_replay,12,6,58,real,2.0,1,3,0.28867513459481287,down_active_prebuilt,18,0.04886399954557419
case_025_real,humaneval,middle,real_route_replay,12,6,58,real,2.0,1,3,0.28867513459481287,down_active_prebuilt,19,0.04729599878191948
case_025_real,humaneval,middle,real_route_replay,12,6,58,real,2.0,1,3,0.28867513459481287,down_active_prebuilt,20,0.04684799909591675
case_025_real,humaneval,middle,real_route_replay,12,6,58,real,2.0,1,3,0.28867513459481287,down_active_prebuilt,21,0.04639999940991402
case_025_real,humaneval,middle,real_route_replay,12,6,58,real,2.0,1,3,0.28867513459481287,down_active_prebuilt,22,0.04771199822425842
case_025_real,humaneval,middle,real_route_replay,12,6,58,real,2.0,1,3,0.28867513459481287,down_active_prebuilt,23,0.047968000173568726
case_025_real,humaneval,middle,real_route_replay,12,6,58,real,2.0,1,3,0.28867513459481287,down_active_prebuilt,24,0.048128001391887665
case_025_real,humaneval,middle,real_route_replay,12,6,58,real,2.0,1,3,0.28867513459481287,down_active_prebuilt,25,0.04899200052022934
case_025_real,humaneval,middle,real_route_replay,12,6,58,real,2.0,1,3,0.28867513459481287,down_active_prebuilt,26,0.04726399853825569
case_025_real,humaneval,middle,real_route_replay,12,6,58,real,2.0,1,3,0.28867513459481287,down_active_prebuilt,27,0.047839999198913574
case_025_real,humaneval,middle,real_route_replay,12,6,58,real,2.0,1,3,0.28867513459481287,down_active_prebuilt,28,0.04713600128889084
case_025_real,humaneval,middle,real_route_replay,12,6,58,real,2.0,1,3,0.28867513459481287,down_active_prebuilt,29,0.04806400090456009
case_025_real,humaneval,middle,real_route_replay,12,6,58,real,2.0,1,3,0.28867513459481287,down_active_prebuilt,30,0.046911999583244324
case_025_real,humaneval,middle,real_route_replay,12,6,58,real,2.0,1,3,0.28867513459481287,down_active_prebuilt,31,0.05081599950790405
case_025_real,humaneval,middle,real_route_replay,12,6,58,real,2.0,1,3,0.28867513459481287,down_active_prebuilt,32,0.047520000487565994
case_025_real,humaneval,middle,real_route_replay,12,6,58,real,2.0,1,3,0.28867513459481287,down_active_prebuilt,33,0.04604800045490265
case_025_real,humaneval,middle,real_route_replay,12,6,58,real,2.0,1,3,0.28867513459481287,down_active_prebuilt,34,0.04729599878191948
case_025_real,humaneval,middle,real_route_replay,12,6,58,real,2.0,1,3,0.28867513459481287,down_active_prebuilt,35,0.047839999198913574
case_025_real,humaneval,middle,real_route_replay,12,6,58,real,2.0,1,3,0.28867513459481287,down_active_prebuilt,36,0.05152000114321709
case_025_real,humaneval,middle,real_route_replay,12,6,58,real,2.0,1,3,0.28867513459481287,down_active_prebuilt,37,0.0498879998922348
case_025_real,humaneval,middle,real_route_replay,12,6,58,real,2.0,1,3,0.28867513459481287,down_active_prebuilt,38,0.06115199998021126
case_025_real,humaneval,middle,real_route_replay,12,6,58,real,2.0,1,3,0.28867513459481287,down_active_prebuilt,39,0.04739199951291084
case_025_real,humaneval,middle,real_route_replay,12,6,58,real,2.0,1,3,0.28867513459481287,down_full64_prebuilt,0,0.04787199944257736
case_025_real,humaneval,middle,real_route_replay,12,6,58,real,2.0,1,3,0.28867513459481287,down_full64_prebuilt,1,0.048608001321554184
case_025_real,humaneval,middle,real_route_replay,12,6,58,real,2.0,1,3,0.28867513459481287,down_full64_prebuilt,2,0.04790399968624115
case_025_real,humaneval,middle,real_route_replay,12,6,58,real,2.0,1,3,0.28867513459481287,down_full64_prebuilt,3,0.047807998955249786
case_025_real,humaneval,middle,real_route_replay,12,6,58,real,2.0,1,3,0.28867513459481287,down_full64_prebuilt,4,0.050655998289585114
case_025_real,humaneval,middle,real_route_replay,12,6,58,real,2.0,1,3,0.28867513459481287,down_full64_prebuilt,5,0.04755200073122978
case_025_real,humaneval,middle,real_route_replay,12,6,58,real,2.0,1,3,0.28867513459481287,down_full64_prebuilt,6,0.047775998711586
case_025_real,humaneval,middle,real_route_replay,12,6,58,real,2.0,1,3,0.28867513459481287,down_full64_prebuilt,7,0.04713600128889084
case_025_real,humaneval,middle,real_route_replay,12,6,58,real,2.0,1,3,0.28867513459481287,down_full64_prebuilt,8,0.04739199951291084
case_025_real,humaneval,middle,real_route_replay,12,6,58,real,2.0,1,3,0.28867513459481287,down_full64_prebuilt,9,0.04710400104522705
case_025_real,humaneval,middle,real_route_replay,12,6,58,real,2.0,1,3,0.28867513459481287,down_full64_prebuilt,10,0.04646399989724159
case_025_real,humaneval,middle,real_route_replay,12,6,58,real,2.0,1,3,0.28867513459481287,down_full64_prebuilt,11,0.04729599878191948
case_025_real,humaneval,middle,real_route_replay,12,6,58,real,2.0,1,3,0.28867513459481287,down_full64_prebuilt,12,0.04726399853825569
case_025_real,humaneval,middle,real_route_replay,12,6,58,real,2.0,1,3,0.28867513459481287,down_full64_prebuilt,13,0.04739199951291084
case_025_real,humaneval,middle,real_route_replay,12,6,58,real,2.0,1,3,0.28867513459481287,down_full64_prebuilt,14,0.049247998744249344
case_025_real,humaneval,middle,real_route_replay,12,6,58,real,2.0,1,3,0.28867513459481287,down_full64_prebuilt,15,0.048608001321554184
case_025_real,humaneval,middle,real_route_replay,12,6,58,real,2.0,1,3,0.28867513459481287,down_full64_prebuilt,16,0.049215998500585556
case_025_real,humaneval,middle,real_route_replay,12,6,58,real,2.0,1,3,0.28867513459481287,down_full64_prebuilt,17,0.050944000482559204
case_025_real,humaneval,middle,real_route_replay,12,6,58,real,2.0,1,3,0.28867513459481287,down_full64_prebuilt,18,0.049984000623226166
case_025_real,humaneval,middle,real_route_replay,12,6,58,real,2.0,1,3,0.28867513459481287,down_full64_prebuilt,19,0.04758400097489357
case_025_real,humaneval,middle,real_route_replay,12,6,58,real,2.0,1,3,0.28867513459481287,down_full64_prebuilt,20,0.04755200073122978
case_025_real,humaneval,middle,real_route_replay,12,6,58,real,2.0,1,3,0.28867513459481287,down_full64_prebuilt,21,0.04649600014090538
case_025_real,humaneval,middle,real_route_replay,12,6,58,real,2.0,1,3,0.28867513459481287,down_full64_prebuilt,22,0.05056000128388405
case_025_real,humaneval,middle,real_route_replay,12,6,58,real,2.0,1,3,0.28867513459481287,down_full64_prebuilt,23,0.05052800104022026
case_025_real,humaneval,middle,real_route_replay,12,6,58,real,2.0,1,3,0.28867513459481287,down_full64_prebuilt,24,0.0496320016682148
case_025_real,humaneval,middle,real_route_replay,12,6,58,real,2.0,1,3,0.28867513459481287,down_full64_prebuilt,25,0.05084799975156784
case_025_real,humaneval,middle,real_route_replay,12,6,58,real,2.0,1,3,0.28867513459481287,down_full64_prebuilt,26,0.05071999877691269
case_025_real,humaneval,middle,real_route_replay,12,6,58,real,2.0,1,3,0.28867513459481287,down_full64_prebuilt,27,0.04867200180888176
case_025_real,humaneval,middle,real_route_replay,12,6,58,real,2.0,1,3,0.28867513459481287,down_full64_prebuilt,28,0.04896000027656555
case_025_real,humaneval,middle,real_route_replay,12,6,58,real,2.0,1,3,0.28867513459481287,down_full64_prebuilt,29,0.04665600135922432
case_025_real,humaneval,middle,real_route_replay,12,6,58,real,2.0,1,3,0.28867513459481287,down_full64_prebuilt,30,0.04800000041723251
case_025_real,humaneval,middle,real_route_replay,12,6,58,real,2.0,1,3,0.28867513459481287,down_full64_prebuilt,31,0.046720001846551895
case_025_real,humaneval,middle,real_route_replay,12,6,58,real,2.0,1,3,0.28867513459481287,down_full64_prebuilt,32,0.048608001321554184
case_025_real,humaneval,middle,real_route_replay,12,6,58,real,2.0,1,3,0.28867513459481287,down_full64_prebuilt,33,0.047488000243902206
case_025_real,humaneval,middle,real_route_replay,12,6,58,real,2.0,1,3,0.28867513459481287,down_full64_prebuilt,34,0.05379199981689453
case_025_real,humaneval,middle,real_route_replay,12,6,58,real,2.0,1,3,0.28867513459481287,down_full64_prebuilt,35,0.05049600079655647
case_025_real,humaneval,middle,real_route_replay,12,6,58,real,2.0,1,3,0.28867513459481287,down_full64_prebuilt,36,0.0498879998922348
case_025_real,humaneval,middle,real_route_replay,12,6,58,real,2.0,1,3,0.28867513459481287,down_full64_prebuilt,37,0.04668800160288811
case_025_real,humaneval,middle,real_route_replay,12,6,58,real,2.0,1,3,0.28867513459481287,down_full64_prebuilt,38,0.047231998294591904
case_025_real,humaneval,middle,real_route_replay,12,6,58,real,2.0,1,3,0.28867513459481287,down_full64_prebuilt,39,0.047168001532554626
case_025_real,humaneval,middle,real_route_replay,12,6,58,real,2.0,1,3,0.28867513459481287,route_weight,0,0.020128000527620316
case_025_real,humaneval,middle,real_route_replay,12,6,58,real,2.0,1,3,0.28867513459481287,route_weight,1,0.014240000396966934
case_025_real,humaneval,middle,real_route_replay,12,6,58,real,2.0,1,3,0.28867513459481287,route_weight,2,0.01398400031030178
case_025_real,humaneval,middle,real_route_replay,12,6,58,real,2.0,1,3,0.28867513459481287,route_weight,3,0.014112000353634357
case_025_real,humaneval,middle,real_route_replay,12,6,58,real,2.0,1,3,0.28867513459481287,route_weight,4,0.013535999692976475
case_025_real,humaneval,middle,real_route_replay,12,6,58,real,2.0,1,3,0.28867513459481287,route_weight,5,0.013952000066637993
case_025_real,humaneval,middle,real_route_replay,12,6,58,real,2.0,1,3,0.28867513459481287,route_weight,6,0.013472000136971474
case_025_real,humaneval,middle,real_route_replay,12,6,58,real,2.0,1,3,0.28867513459481287,route_weight,7,0.015519999898970127
case_025_real,humaneval,middle,real_route_replay,12,6,58,real,2.0,1,3,0.28867513459481287,route_weight,8,0.014751999638974667
case_025_real,humaneval,middle,real_route_replay,12,6,58,real,2.0,1,3,0.28867513459481287,route_weight,9,0.014751999638974667
case_025_real,humaneval,middle,real_route_replay,12,6,58,real,2.0,1,3,0.28867513459481287,route_weight,10,0.014688000082969666
case_025_real,humaneval,middle,real_route_replay,12,6,58,real,2.0,1,3,0.28867513459481287,route_weight,11,0.0191040001809597
case_025_real,humaneval,middle,real_route_replay,12,6,58,real,2.0,1,3,0.28867513459481287,route_weight,12,0.015231999568641186
case_025_real,humaneval,middle,real_route_replay,12,6,58,real,2.0,1,3,0.28867513459481287,route_weight,13,0.016767999157309532
case_025_real,humaneval,middle,real_route_replay,12,6,58,real,2.0,1,3,0.28867513459481287,route_weight,14,0.015296000055968761
case_025_real,humaneval,middle,real_route_replay,12,6,58,real,2.0,1,3,0.28867513459481287,route_weight,15,0.013919999822974205
case_025_real,humaneval,middle,real_route_replay,12,6,58,real,2.0,1,3,0.28867513459481287,route_weight,16,0.013663999736309052
case_025_real,humaneval,middle,real_route_replay,12,6,58,real,2.0,1,3,0.28867513459481287,route_weight,17,0.014271999709308147
case_025_real,humaneval,middle,real_route_replay,12,6,58,real,2.0,1,3,0.28867513459481287,route_weight,18,0.013120000250637531
case_025_real,humaneval,middle,real_route_replay,12,6,58,real,2.0,1,3,0.28867513459481287,route_weight,19,0.013407999649643898
case_025_real,humaneval,middle,real_route_replay,12,6,58,real,2.0,1,3,0.28867513459481287,route_weight,20,0.01360000018030405
case_025_real,humaneval,middle,real_route_replay,12,6,58,real,2.0,1,3,0.28867513459481287,route_weight,21,0.013567999936640263
case_025_real,humaneval,middle,real_route_replay,12,6,58,real,2.0,1,3,0.28867513459481287,route_weight,22,0.013439999893307686
case_025_real,humaneval,middle,real_route_replay,12,6,58,real,2.0,1,3,0.28867513459481287,route_weight,23,0.013887999579310417
case_025_real,humaneval,middle,real_route_replay,12,6,58,real,2.0,1,3,0.28867513459481287,route_weight,24,0.01462399959564209
case_025_real,humaneval,middle,real_route_replay,12,6,58,real,2.0,1,3,0.28867513459481287,route_weight,25,0.014720000326633453
case_025_real,humaneval,middle,real_route_replay,12,6,58,real,2.0,1,3,0.28867513459481287,route_weight,26,0.016448000445961952
case_025_real,humaneval,middle,real_route_replay,12,6,58,real,2.0,1,3,0.28867513459481287,route_weight,27,0.014336000196635723
case_025_real,humaneval,middle,real_route_replay,12,6,58,real,2.0,1,3,0.28867513459481287,route_weight,28,0.013663999736309052
case_025_real,humaneval,middle,real_route_replay,12,6,58,real,2.0,1,3,0.28867513459481287,route_weight,29,0.013024000450968742
case_025_real,humaneval,middle,real_route_replay,12,6,58,real,2.0,1,3,0.28867513459481287,route_weight,30,0.013183999806642532
case_025_real,humaneval,middle,real_route_replay,12,6,58,real,2.0,1,3,0.28867513459481287,route_weight,31,0.013728000223636627
case_025_real,humaneval,middle,real_route_replay,12,6,58,real,2.0,1,3,0.28867513459481287,route_weight,32,0.013504000380635262
case_025_real,humaneval,middle,real_route_replay,12,6,58,real,2.0,1,3,0.28867513459481287,route_weight,33,0.01369599997997284
case_025_real,humaneval,middle,real_route_replay,12,6,58,real,2.0,1,3,0.28867513459481287,route_weight,34,0.013151999562978745
case_025_real,humaneval,middle,real_route_replay,12,6,58,real,2.0,1,3,0.28867513459481287,route_weight,35,0.013504000380635262
case_025_real,humaneval,middle,real_route_replay,12,6,58,real,2.0,1,3,0.28867513459481287,route_weight,36,0.013279999606311321
case_025_real,humaneval,middle,real_route_replay,12,6,58,real,2.0,1,3,0.28867513459481287,route_weight,37,0.013311999849975109
case_025_real,humaneval,middle,real_route_replay,12,6,58,real,2.0,1,3,0.28867513459481287,route_weight,38,0.013439999893307686
case_025_real,humaneval,middle,real_route_replay,12,6,58,real,2.0,1,3,0.28867513459481287,route_weight,39,0.017216000705957413
case_025_real,humaneval,middle,real_route_replay,12,6,58,real,2.0,1,3,0.28867513459481287,gate_up_active_prebuilt,0,0.06774400174617767
case_025_real,humaneval,middle,real_route_replay,12,6,58,real,2.0,1,3,0.28867513459481287,gate_up_active_prebuilt,1,0.0719040036201477
case_025_real,humaneval,middle,real_route_replay,12,6,58,real,2.0,1,3,0.28867513459481287,gate_up_active_prebuilt,2,0.06467200070619583
case_025_real,humaneval,middle,real_route_replay,12,6,58,real,2.0,1,3,0.28867513459481287,gate_up_active_prebuilt,3,0.06233600154519081
case_025_real,humaneval,middle,real_route_replay,12,6,58,real,2.0,1,3,0.28867513459481287,gate_up_active_prebuilt,4,0.06319999694824219
case_025_real,humaneval,middle,real_route_replay,12,6,58,real,2.0,1,3,0.28867513459481287,gate_up_active_prebuilt,5,0.06515199691057205
case_025_real,humaneval,middle,real_route_replay,12,6,58,real,2.0,1,3,0.28867513459481287,gate_up_active_prebuilt,6,0.06739199906587601
case_025_real,humaneval,middle,real_route_replay,12,6,58,real,2.0,1,3,0.28867513459481287,gate_up_active_prebuilt,7,0.06511999666690826
case_025_real,humaneval,middle,real_route_replay,12,6,58,real,2.0,1,3,0.28867513459481287,gate_up_active_prebuilt,8,0.06304000318050385
case_025_real,humaneval,middle,real_route_replay,12,6,58,real,2.0,1,3,0.28867513459481287,gate_up_active_prebuilt,9,0.06483200192451477
case_025_real,humaneval,middle,real_route_replay,12,6,58,real,2.0,1,3,0.28867513459481287,gate_up_active_prebuilt,10,0.06537599861621857
case_025_real,humaneval,middle,real_route_replay,12,6,58,real,2.0,1,3,0.28867513459481287,gate_up_active_prebuilt,11,0.06457599997520447
case_025_real,humaneval,middle,real_route_replay,12,6,58,real,2.0,1,3,0.28867513459481287,gate_up_active_prebuilt,12,0.0663679987192154
case_025_real,humaneval,middle,real_route_replay,12,6,58,real,2.0,1,3,0.28867513459481287,gate_up_active_prebuilt,13,0.0644799992442131
case_025_real,humaneval,middle,real_route_replay,12,6,58,real,2.0,1,3,0.28867513459481287,gate_up_active_prebuilt,14,0.06540799885988235
case_025_real,humaneval,middle,real_route_replay,12,6,58,real,2.0,1,3,0.28867513459481287,gate_up_active_prebuilt,15,0.06646399945020676
case_025_real,humaneval,middle,real_route_replay,12,6,58,real,2.0,1,3,0.28867513459481287,gate_up_active_prebuilt,16,0.06534399837255478
case_025_real,humaneval,middle,real_route_replay,12,6,58,real,2.0,1,3,0.28867513459481287,gate_up_active_prebuilt,17,0.06310400366783142
case_025_real,humaneval,middle,real_route_replay,12,6,58,real,2.0,1,3,0.28867513459481287,gate_up_active_prebuilt,18,0.06467200070619583
case_025_real,humaneval,middle,real_route_replay,12,6,58,real,2.0,1,3,0.28867513459481287,gate_up_active_prebuilt,19,0.06435199826955795
case_025_real,humaneval,middle,real_route_replay,12,6,58,real,2.0,1,3,0.28867513459481287,gate_up_active_prebuilt,20,0.06233600154519081
case_025_real,humaneval,middle,real_route_replay,12,6,58,real,2.0,1,3,0.28867513459481287,gate_up_active_prebuilt,21,0.06249599903821945
case_025_real,humaneval,middle,real_route_replay,12,6,58,real,2.0,1,3,0.28867513459481287,gate_up_active_prebuilt,22,0.06592000275850296
case_025_real,humaneval,middle,real_route_replay,12,6,58,real,2.0,1,3,0.28867513459481287,gate_up_active_prebuilt,23,0.06297600269317627
case_025_real,humaneval,middle,real_route_replay,12,6,58,real,2.0,1,3,0.28867513459481287,gate_up_active_prebuilt,24,0.0623680017888546
case_025_real,humaneval,middle,real_route_replay,12,6,58,real,2.0,1,3,0.28867513459481287,gate_up_active_prebuilt,25,0.06265600025653839
case_025_real,humaneval,middle,real_route_replay,12,6,58,real,2.0,1,3,0.28867513459481287,gate_up_active_prebuilt,26,0.06207999959588051
case_025_real,humaneval,middle,real_route_replay,12,6,58,real,2.0,1,3,0.28867513459481287,gate_up_active_prebuilt,27,0.06207999959588051
case_025_real,humaneval,middle,real_route_replay,12,6,58,real,2.0,1,3,0.28867513459481287,gate_up_active_prebuilt,28,0.06323199719190598
case_025_real,humaneval,middle,real_route_replay,12,6,58,real,2.0,1,3,0.28867513459481287,gate_up_active_prebuilt,29,0.06387200206518173
case_025_real,humaneval,middle,real_route_replay,12,6,58,real,2.0,1,3,0.28867513459481287,gate_up_active_prebuilt,30,0.07030399888753891
case_025_real,humaneval,middle,real_route_replay,12,6,58,real,2.0,1,3,0.28867513459481287,gate_up_active_prebuilt,31,0.06604799628257751
case_025_real,humaneval,middle,real_route_replay,12,6,58,real,2.0,1,3,0.28867513459481287,gate_up_active_prebuilt,32,0.06537599861621857
case_025_real,humaneval,middle,real_route_replay,12,6,58,real,2.0,1,3,0.28867513459481287,gate_up_active_prebuilt,33,0.06521599739789963
case_025_real,humaneval,middle,real_route_replay,12,6,58,real,2.0,1,3,0.28867513459481287,gate_up_active_prebuilt,34,0.06339199841022491
case_025_real,humaneval,middle,real_route_replay,12,6,58,real,2.0,1,3,0.28867513459481287,gate_up_active_prebuilt,35,0.06224000081419945
case_025_real,humaneval,middle,real_route_replay,12,6,58,real,2.0,1,3,0.28867513459481287,gate_up_active_prebuilt,36,0.06195199862122536
case_025_real,humaneval,middle,real_route_replay,12,6,58,real,2.0,1,3,0.28867513459481287,gate_up_active_prebuilt,37,0.061983998864889145
case_025_real,humaneval,middle,real_route_replay,12,6,58,real,2.0,1,3,0.28867513459481287,gate_up_active_prebuilt,38,0.06566400080919266
case_025_real,humaneval,middle,real_route_replay,12,6,58,real,2.0,1,3,0.28867513459481287,gate_up_active_prebuilt,39,0.06185600161552429
case_025_real,humaneval,middle,real_route_replay,12,6,58,real,2.0,1,3,0.28867513459481287,swiglu,0,0.034432001411914825
case_025_real,humaneval,middle,real_route_replay,12,6,58,real,2.0,1,3,0.28867513459481287,swiglu,1,0.025439999997615814
case_025_real,humaneval,middle,real_route_replay,12,6,58,real,2.0,1,3,0.28867513459481287,swiglu,2,0.024927999824285507
case_025_real,humaneval,middle,real_route_replay,12,6,58,real,2.0,1,3,0.28867513459481287,swiglu,3,0.024831999093294144
case_025_real,humaneval,middle,real_route_replay,12,6,58,real,2.0,1,3,0.28867513459481287,swiglu,4,0.023679999634623528
case_025_real,humaneval,middle,real_route_replay,12,6,58,real,2.0,1,3,0.28867513459481287,swiglu,5,0.022816000506281853
case_025_real,humaneval,middle,real_route_replay,12,6,58,real,2.0,1,3,0.28867513459481287,swiglu,6,0.022911999374628067
case_025_real,humaneval,middle,real_route_replay,12,6,58,real,2.0,1,3,0.28867513459481287,swiglu,7,0.020927999168634415
case_025_real,humaneval,middle,real_route_replay,12,6,58,real,2.0,1,3,0.28867513459481287,swiglu,8,0.021407999098300934
case_025_real,humaneval,middle,real_route_replay,12,6,58,real,2.0,1,3,0.28867513459481287,swiglu,9,0.021183999255299568
case_025_real,humaneval,middle,real_route_replay,12,6,58,real,2.0,1,3,0.28867513459481287,swiglu,10,0.02070399932563305
case_025_real,humaneval,middle,real_route_replay,12,6,58,real,2.0,1,3,0.28867513459481287,swiglu,11,0.02127999998629093
case_025_real,humaneval,middle,real_route_replay,12,6,58,real,2.0,1,3,0.28867513459481287,swiglu,12,0.02006400004029274
case_025_real,humaneval,middle,real_route_replay,12,6,58,real,2.0,1,3,0.28867513459481287,swiglu,13,0.02364799939095974
case_025_real,humaneval,middle,real_route_replay,12,6,58,real,2.0,1,3,0.28867513459481287,swiglu,14,0.021727999672293663
case_025_real,humaneval,middle,real_route_replay,12,6,58,real,2.0,1,3,0.28867513459481287,swiglu,15,0.02195199951529503
case_025_real,humaneval,middle,real_route_replay,12,6,58,real,2.0,1,3,0.28867513459481287,swiglu,16,0.0208320003002882
case_025_real,humaneval,middle,real_route_replay,12,6,58,real,2.0,1,3,0.28867513459481287,swiglu,17,0.02067199908196926
case_025_real,humaneval,middle,real_route_replay,12,6,58,real,2.0,1,3,0.28867513459481287,swiglu,18,0.01974399946630001
case_025_real,humaneval,middle,real_route_replay,12,6,58,real,2.0,1,3,0.28867513459481287,swiglu,19,0.019840000197291374
case_025_real,humaneval,middle,real_route_replay,12,6,58,real,2.0,1,3,0.28867513459481287,swiglu,20,0.022048000246286392
case_025_real,humaneval,middle,real_route_replay,12,6,58,real,2.0,1,3,0.28867513459481287,swiglu,21,0.020767999812960625
case_025_real,humaneval,middle,real_route_replay,12,6,58,real,2.0,1,3,0.28867513459481287,swiglu,22,0.020447999238967896
case_025_real,humaneval,middle,real_route_replay,12,6,58,real,2.0,1,3,0.28867513459481287,swiglu,23,0.020735999569296837
case_025_real,humaneval,middle,real_route_replay,12,6,58,real,2.0,1,3,0.28867513459481287,swiglu,24,0.020735999569296837
case_025_real,humaneval,middle,real_route_replay,12,6,58,real,2.0,1,3,0.28867513459481287,swiglu,25,0.020191999152302742
case_025_real,humaneval,middle,real_route_replay,12,6,58,real,2.0,1,3,0.28867513459481287,swiglu,26,0.02175999991595745
case_025_real,humaneval,middle,real_route_replay,12,6,58,real,2.0,1,3,0.28867513459481287,swiglu,27,0.02038400061428547
case_025_real,humaneval,middle,real_route_replay,12,6,58,real,2.0,1,3,0.28867513459481287,swiglu,28,0.02051199972629547
case_025_real,humaneval,middle,real_route_replay,12,6,58,real,2.0,1,3,0.28867513459481287,swiglu,29,0.02038400061428547
case_025_real,humaneval,middle,real_route_replay,12,6,58,real,2.0,1,3,0.28867513459481287,swiglu,30,0.020608000457286835
case_025_real,humaneval,middle,real_route_replay,12,6,58,real,2.0,1,3,0.28867513459481287,swiglu,31,0.021663999184966087
case_025_real,humaneval,middle,real_route_replay,12,6,58,real,2.0,1,3,0.28867513459481287,swiglu,32,0.026847999542951584
case_025_real,humaneval,middle,real_route_replay,12,6,58,real,2.0,1,3,0.28867513459481287,swiglu,33,0.024032000452280045
case_025_real,humaneval,middle,real_route_replay,12,6,58,real,2.0,1,3,0.28867513459481287,swiglu,34,0.022816000506281853
case_025_real,humaneval,middle,real_route_replay,12,6,58,real,2.0,1,3,0.28867513459481287,swiglu,35,0.038495998829603195
case_025_real,humaneval,middle,real_route_replay,12,6,58,real,2.0,1,3,0.28867513459481287,swiglu,36,0.021376000717282295
case_025_real,humaneval,middle,real_route_replay,12,6,58,real,2.0,1,3,0.28867513459481287,swiglu,37,0.020896000787615776
case_025_real,humaneval,middle,real_route_replay,12,6,58,real,2.0,1,3,0.28867513459481287,swiglu,38,0.03248000144958496
case_025_real,humaneval,middle,real_route_replay,12,6,58,real,2.0,1,3,0.28867513459481287,swiglu,39,0.023552000522613525
case_026_real,humaneval,middle,real_route_replay,137,19,45,real,7.2105263157894735,2,33,1.0719742920108508,swiglu,0,0.03763199970126152
case_026_real,humaneval,middle,real_route_replay,137,19,45,real,7.2105263157894735,2,33,1.0719742920108508,swiglu,1,0.03308799862861633
case_026_real,humaneval,middle,real_route_replay,137,19,45,real,7.2105263157894735,2,33,1.0719742920108508,swiglu,2,0.03417599946260452
case_026_real,humaneval,middle,real_route_replay,137,19,45,real,7.2105263157894735,2,33,1.0719742920108508,swiglu,3,0.03276799991726875
case_026_real,humaneval,middle,real_route_replay,137,19,45,real,7.2105263157894735,2,33,1.0719742920108508,swiglu,4,0.03798399865627289
case_026_real,humaneval,middle,real_route_replay,137,19,45,real,7.2105263157894735,2,33,1.0719742920108508,swiglu,5,0.03587200120091438
case_026_real,humaneval,middle,real_route_replay,137,19,45,real,7.2105263157894735,2,33,1.0719742920108508,swiglu,6,0.03222399950027466
case_026_real,humaneval,middle,real_route_replay,137,19,45,real,7.2105263157894735,2,33,1.0719742920108508,swiglu,7,0.033984001725912094
case_026_real,humaneval,middle,real_route_replay,137,19,45,real,7.2105263157894735,2,33,1.0719742920108508,swiglu,8,0.03542400151491165
case_026_real,humaneval,middle,real_route_replay,137,19,45,real,7.2105263157894735,2,33,1.0719742920108508,swiglu,9,0.036928001791238785
case_026_real,humaneval,middle,real_route_replay,137,19,45,real,7.2105263157894735,2,33,1.0719742920108508,swiglu,10,0.02473600022494793
case_026_real,humaneval,middle,real_route_replay,137,19,45,real,7.2105263157894735,2,33,1.0719742920108508,swiglu,11,0.021376000717282295
case_026_real,humaneval,middle,real_route_replay,137,19,45,real,7.2105263157894735,2,33,1.0719742920108508,swiglu,12,0.023679999634623528
case_026_real,humaneval,middle,real_route_replay,137,19,45,real,7.2105263157894735,2,33,1.0719742920108508,swiglu,13,0.020896000787615776
case_026_real,humaneval,middle,real_route_replay,137,19,45,real,7.2105263157894735,2,33,1.0719742920108508,swiglu,14,0.021088000386953354
case_026_real,humaneval,middle,real_route_replay,137,19,45,real,7.2105263157894735,2,33,1.0719742920108508,swiglu,15,0.0208320003002882
case_026_real,humaneval,middle,real_route_replay,137,19,45,real,7.2105263157894735,2,33,1.0719742920108508,swiglu,16,0.023135999217629433
case_026_real,humaneval,middle,real_route_replay,137,19,45,real,7.2105263157894735,2,33,1.0719742920108508,swiglu,17,0.026464000344276428
case_026_real,humaneval,middle,real_route_replay,137,19,45,real,7.2105263157894735,2,33,1.0719742920108508,swiglu,18,0.02454400062561035
case_026_real,humaneval,middle,real_route_replay,137,19,45,real,7.2105263157894735,2,33,1.0719742920108508,swiglu,19,0.021536000072956085
case_026_real,humaneval,middle,real_route_replay,137,19,45,real,7.2105263157894735,2,33,1.0719742920108508,swiglu,20,0.020864000543951988
case_026_real,humaneval,middle,real_route_replay,137,19,45,real,7.2105263157894735,2,33,1.0719742920108508,swiglu,21,0.02070399932563305
case_026_real,humaneval,middle,real_route_replay,137,19,45,real,7.2105263157894735,2,33,1.0719742920108508,swiglu,22,0.02319999970495701
case_026_real,humaneval,middle,real_route_replay,137,19,45,real,7.2105263157894735,2,33,1.0719742920108508,swiglu,23,0.02038400061428547
case_026_real,humaneval,middle,real_route_replay,137,19,45,real,7.2105263157894735,2,33,1.0719742920108508,swiglu,24,0.022592000663280487
case_026_real,humaneval,middle,real_route_replay,137,19,45,real,7.2105263157894735,2,33,1.0719742920108508,swiglu,25,0.02160000056028366
case_026_real,humaneval,middle,real_route_replay,137,19,45,real,7.2105263157894735,2,33,1.0719742920108508,swiglu,26,0.021247999742627144
case_026_real,humaneval,middle,real_route_replay,137,19,45,real,7.2105263157894735,2,33,1.0719742920108508,swiglu,27,0.020576000213623047
case_026_real,humaneval,middle,real_route_replay,137,19,45,real,7.2105263157894735,2,33,1.0719742920108508,swiglu,28,0.02364799939095974
case_026_real,humaneval,middle,real_route_replay,137,19,45,real,7.2105263157894735,2,33,1.0719742920108508,swiglu,29,0.02287999913096428
case_026_real,humaneval,middle,real_route_replay,137,19,45,real,7.2105263157894735,2,33,1.0719742920108508,swiglu,30,0.023615999147295952
case_026_real,humaneval,middle,real_route_replay,137,19,45,real,7.2105263157894735,2,33,1.0719742920108508,swiglu,31,0.02022399939596653
case_026_real,humaneval,middle,real_route_replay,137,19,45,real,7.2105263157894735,2,33,1.0719742920108508,swiglu,32,0.02035200037062168
case_026_real,humaneval,middle,real_route_replay,137,19,45,real,7.2105263157894735,2,33,1.0719742920108508,swiglu,33,0.020287999883294106
case_026_real,humaneval,middle,real_route_replay,137,19,45,real,7.2105263157894735,2,33,1.0719742920108508,swiglu,34,0.02127999998629093
case_026_real,humaneval,middle,real_route_replay,137,19,45,real,7.2105263157894735,2,33,1.0719742920108508,swiglu,35,0.01974399946630001
case_026_real,humaneval,middle,real_route_replay,137,19,45,real,7.2105263157894735,2,33,1.0719742920108508,swiglu,36,0.020896000787615776
case_026_real,humaneval,middle,real_route_replay,137,19,45,real,7.2105263157894735,2,33,1.0719742920108508,swiglu,37,0.02054399996995926
case_026_real,humaneval,middle,real_route_replay,137,19,45,real,7.2105263157894735,2,33,1.0719742920108508,swiglu,38,0.020416000857949257
case_026_real,humaneval,middle,real_route_replay,137,19,45,real,7.2105263157894735,2,33,1.0719742920108508,swiglu,39,0.02598400041460991
case_026_real,humaneval,middle,real_route_replay,137,19,45,real,7.2105263157894735,2,33,1.0719742920108508,gate_up_full64_prebuilt,0,0.1560640037059784
case_026_real,humaneval,middle,real_route_replay,137,19,45,real,7.2105263157894735,2,33,1.0719742920108508,gate_up_full64_prebuilt,1,0.14271999895572662
case_026_real,humaneval,middle,real_route_replay,137,19,45,real,7.2105263157894735,2,33,1.0719742920108508,gate_up_full64_prebuilt,2,0.1443839967250824
case_026_real,humaneval,middle,real_route_replay,137,19,45,real,7.2105263157894735,2,33,1.0719742920108508,gate_up_full64_prebuilt,3,0.1435839980840683
case_026_real,humaneval,middle,real_route_replay,137,19,45,real,7.2105263157894735,2,33,1.0719742920108508,gate_up_full64_prebuilt,4,0.14300799369812012
case_026_real,humaneval,middle,real_route_replay,137,19,45,real,7.2105263157894735,2,33,1.0719742920108508,gate_up_full64_prebuilt,5,0.14220799505710602
case_026_real,humaneval,middle,real_route_replay,137,19,45,real,7.2105263157894735,2,33,1.0719742920108508,gate_up_full64_prebuilt,6,0.14006400108337402
case_026_real,humaneval,middle,real_route_replay,137,19,45,real,7.2105263157894735,2,33,1.0719742920108508,gate_up_full64_prebuilt,7,0.13920000195503235
case_026_real,humaneval,middle,real_route_replay,137,19,45,real,7.2105263157894735,2,33,1.0719742920108508,gate_up_full64_prebuilt,8,0.14127999544143677
case_026_real,humaneval,middle,real_route_replay,137,19,45,real,7.2105263157894735,2,33,1.0719742920108508,gate_up_full64_prebuilt,9,0.14028799533843994
case_026_real,humaneval,middle,real_route_replay,137,19,45,real,7.2105263157894735,2,33,1.0719742920108508,gate_up_full64_prebuilt,10,0.13942399621009827
case_026_real,humaneval,middle,real_route_replay,137,19,45,real,7.2105263157894735,2,33,1.0719742920108508,gate_up_full64_prebuilt,11,0.14073599874973297
case_026_real,humaneval,middle,real_route_replay,137,19,45,real,7.2105263157894735,2,33,1.0719742920108508,gate_up_full64_prebuilt,12,0.1414400041103363
case_026_real,humaneval,middle,real_route_replay,137,19,45,real,7.2105263157894735,2,33,1.0719742920108508,gate_up_full64_prebuilt,13,0.15001599490642548
case_026_real,humaneval,middle,real_route_replay,137,19,45,real,7.2105263157894735,2,33,1.0719742920108508,gate_up_full64_prebuilt,14,0.14822399616241455
case_026_real,humaneval,middle,real_route_replay,137,19,45,real,7.2105263157894735,2,33,1.0719742920108508,gate_up_full64_prebuilt,15,0.14550399780273438
case_026_real,humaneval,middle,real_route_replay,137,19,45,real,7.2105263157894735,2,33,1.0719742920108508,gate_up_full64_prebuilt,16,0.14588800072669983
case_026_real,humaneval,middle,real_route_replay,137,19,45,real,7.2105263157894735,2,33,1.0719742920108508,gate_up_full64_prebuilt,17,0.14905600249767303
case_026_real,humaneval,middle,real_route_replay,137,19,45,real,7.2105263157894735,2,33,1.0719742920108508,gate_up_full64_prebuilt,18,0.1496639996767044
case_026_real,humaneval,middle,real_route_replay,137,19,45,real,7.2105263157894735,2,33,1.0719742920108508,gate_up_full64_prebuilt,19,0.14812800288200378
case_026_real,humaneval,middle,real_route_replay,137,19,45,real,7.2105263157894735,2,33,1.0719742920108508,gate_up_full64_prebuilt,20,0.15119999647140503
case_026_real,humaneval,middle,real_route_replay,137,19,45,real,7.2105263157894735,2,33,1.0719742920108508,gate_up_full64_prebuilt,21,0.14396800100803375
case_026_real,humaneval,middle,real_route_replay,137,19,45,real,7.2105263157894735,2,33,1.0719742920108508,gate_up_full64_prebuilt,22,0.14105600118637085
case_026_real,humaneval,middle,real_route_replay,137,19,45,real,7.2105263157894735,2,33,1.0719742920108508,gate_up_full64_prebuilt,23,0.139615997672081
case_026_real,humaneval,middle,real_route_replay,137,19,45,real,7.2105263157894735,2,33,1.0719742920108508,gate_up_full64_prebuilt,24,0.14182400703430176
case_026_real,humaneval,middle,real_route_replay,137,19,45,real,7.2105263157894735,2,33,1.0719742920108508,gate_up_full64_prebuilt,25,0.14112000167369843
case_026_real,humaneval,middle,real_route_replay,137,19,45,real,7.2105263157894735,2,33,1.0719742920108508,gate_up_full64_prebuilt,26,0.14006400108337402
case_026_real,humaneval,middle,real_route_replay,137,19,45,real,7.2105263157894735,2,33,1.0719742920108508,gate_up_full64_prebuilt,27,0.13897599279880524
case_026_real,humaneval,middle,real_route_replay,137,19,45,real,7.2105263157894735,2,33,1.0719742920108508,gate_up_full64_prebuilt,28,0.14035199582576752
case_026_real,humaneval,middle,real_route_replay,137,19,45,real,7.2105263157894735,2,33,1.0719742920108508,gate_up_full64_prebuilt,29,0.1390399932861328
case_026_real,humaneval,middle,real_route_replay,137,19,45,real,7.2105263157894735,2,33,1.0719742920108508,gate_up_full64_prebuilt,30,0.14448000490665436
case_026_real,humaneval,middle,real_route_replay,137,19,45,real,7.2105263157894735,2,33,1.0719742920108508,gate_up_full64_prebuilt,31,0.14182400703430176
case_026_real,humaneval,middle,real_route_replay,137,19,45,real,7.2105263157894735,2,33,1.0719742920108508,gate_up_full64_prebuilt,32,0.1420159935951233
case_026_real,humaneval,middle,real_route_replay,137,19,45,real,7.2105263157894735,2,33,1.0719742920108508,gate_up_full64_prebuilt,33,0.13980799913406372
case_026_real,humaneval,middle,real_route_replay,137,19,45,real,7.2105263157894735,2,33,1.0719742920108508,gate_up_full64_prebuilt,34,0.13920000195503235
case_026_real,humaneval,middle,real_route_replay,137,19,45,real,7.2105263157894735,2,33,1.0719742920108508,gate_up_full64_prebuilt,35,0.1414400041103363
case_026_real,humaneval,middle,real_route_replay,137,19,45,real,7.2105263157894735,2,33,1.0719742920108508,gate_up_full64_prebuilt,36,0.1464959979057312
case_026_real,humaneval,middle,real_route_replay,137,19,45,real,7.2105263157894735,2,33,1.0719742920108508,gate_up_full64_prebuilt,37,0.1419840008020401
case_026_real,humaneval,middle,real_route_replay,137,19,45,real,7.2105263157894735,2,33,1.0719742920108508,gate_up_full64_prebuilt,38,0.1419840008020401
case_026_real,humaneval,middle,real_route_replay,137,19,45,real,7.2105263157894735,2,33,1.0719742920108508,gate_up_full64_prebuilt,39,0.14873600006103516
case_026_real,humaneval,middle,real_route_replay,137,19,45,real,7.2105263157894735,2,33,1.0719742920108508,down_full64_prebuilt,0,0.10380800068378448
case_026_real,humaneval,middle,real_route_replay,137,19,45,real,7.2105263157894735,2,33,1.0719742920108508,down_full64_prebuilt,1,0.10003200173377991
case_026_real,humaneval,middle,real_route_replay,137,19,45,real,7.2105263157894735,2,33,1.0719742920108508,down_full64_prebuilt,2,0.09836799651384354
case_026_real,humaneval,middle,real_route_replay,137,19,45,real,7.2105263157894735,2,33,1.0719742920108508,down_full64_prebuilt,3,0.09929600358009338
case_026_real,humaneval,middle,real_route_replay,137,19,45,real,7.2105263157894735,2,33,1.0719742920108508,down_full64_prebuilt,4,0.09855999797582626
case_026_real,humaneval,middle,real_route_replay,137,19,45,real,7.2105263157894735,2,33,1.0719742920108508,down_full64_prebuilt,5,0.09715200215578079
case_026_real,humaneval,middle,real_route_replay,137,19,45,real,7.2105263157894735,2,33,1.0719742920108508,down_full64_prebuilt,6,0.09513600170612335
case_026_real,humaneval,middle,real_route_replay,137,19,45,real,7.2105263157894735,2,33,1.0719742920108508,down_full64_prebuilt,7,0.0963200032711029
case_026_real,humaneval,middle,real_route_replay,137,19,45,real,7.2105263157894735,2,33,1.0719742920108508,down_full64_prebuilt,8,0.09699200093746185
case_026_real,humaneval,middle,real_route_replay,137,19,45,real,7.2105263157894735,2,33,1.0719742920108508,down_full64_prebuilt,9,0.09619200229644775
case_026_real,humaneval,middle,real_route_replay,137,19,45,real,7.2105263157894735,2,33,1.0719742920108508,down_full64_prebuilt,10,0.0963200032711029
case_026_real,humaneval,middle,real_route_replay,137,19,45,real,7.2105263157894735,2,33,1.0719742920108508,down_full64_prebuilt,11,0.09849599748849869
case_026_real,humaneval,middle,real_route_replay,137,19,45,real,7.2105263157894735,2,33,1.0719742920108508,down_full64_prebuilt,12,0.09619200229644775
case_026_real,humaneval,middle,real_route_replay,137,19,45,real,7.2105263157894735,2,33,1.0719742920108508,down_full64_prebuilt,13,0.09593600034713745
case_026_real,humaneval,middle,real_route_replay,137,19,45,real,7.2105263157894735,2,33,1.0719742920108508,down_full64_prebuilt,14,0.09513600170612335
case_026_real,humaneval,middle,real_route_replay,137,19,45,real,7.2105263157894735,2,33,1.0719742920108508,down_full64_prebuilt,15,0.09670399874448776
case_026_real,humaneval,middle,real_route_replay,137,19,45,real,7.2105263157894735,2,33,1.0719742920108508,down_full64_prebuilt,16,0.09532800316810608
case_026_real,humaneval,middle,real_route_replay,137,19,45,real,7.2105263157894735,2,33,1.0719742920108508,down_full64_prebuilt,17,0.10422399640083313
case_026_real,humaneval,middle,real_route_replay,137,19,45,real,7.2105263157894735,2,33,1.0719742920108508,down_full64_prebuilt,18,0.10025600343942642
case_026_real,humaneval,middle,real_route_replay,137,19,45,real,7.2105263157894735,2,33,1.0719742920108508,down_full64_prebuilt,19,0.10790400207042694
case_026_real,humaneval,middle,real_route_replay,137,19,45,real,7.2105263157894735,2,33,1.0719742920108508,down_full64_prebuilt,20,0.10047999769449234
case_026_real,humaneval,middle,real_route_replay,137,19,45,real,7.2105263157894735,2,33,1.0719742920108508,down_full64_prebuilt,21,0.10131199657917023
case_026_real,humaneval,middle,real_route_replay,137,19,45,real,7.2105263157894735,2,33,1.0719742920108508,down_full64_prebuilt,22,0.10169599950313568
case_026_real,humaneval,middle,real_route_replay,137,19,45,real,7.2105263157894735,2,33,1.0719742920108508,down_full64_prebuilt,23,0.10531199723482132
case_026_real,humaneval,middle,real_route_replay,137,19,45,real,7.2105263157894735,2,33,1.0719742920108508,down_full64_prebuilt,24,0.10224000364542007
case_026_real,humaneval,middle,real_route_replay,137,19,45,real,7.2105263157894735,2,33,1.0719742920108508,down_full64_prebuilt,25,0.10278400033712387
case_026_real,humaneval,middle,real_route_replay,137,19,45,real,7.2105263157894735,2,33,1.0719742920108508,down_full64_prebuilt,26,0.10236799716949463
case_026_real,humaneval,middle,real_route_replay,137,19,45,real,7.2105263157894735,2,33,1.0719742920108508,down_full64_prebuilt,27,0.10480000078678131
case_026_real,humaneval,middle,real_route_replay,137,19,45,real,7.2105263157894735,2,33,1.0719742920108508,down_full64_prebuilt,28,0.10915199667215347
case_026_real,humaneval,middle,real_route_replay,137,19,45,real,7.2105263157894735,2,33,1.0719742920108508,down_full64_prebuilt,29,0.10726399719715118
case_026_real,humaneval,middle,real_route_replay,137,19,45,real,7.2105263157894735,2,33,1.0719742920108508,down_full64_prebuilt,30,0.10422399640083313
case_026_real,humaneval,middle,real_route_replay,137,19,45,real,7.2105263157894735,2,33,1.0719742920108508,down_full64_prebuilt,31,0.10540799796581268
case_026_real,humaneval,middle,real_route_replay,137,19,45,real,7.2105263157894735,2,33,1.0719742920108508,down_full64_prebuilt,32,0.12214399874210358
case_026_real,humaneval,middle,real_route_replay,137,19,45,real,7.2105263157894735,2,33,1.0719742920108508,down_full64_prebuilt,33,0.10719999670982361
case_026_real,humaneval,middle,real_route_replay,137,19,45,real,7.2105263157894735,2,33,1.0719742920108508,down_full64_prebuilt,34,0.10547199845314026
case_026_real,humaneval,middle,real_route_replay,137,19,45,real,7.2105263157894735,2,33,1.0719742920108508,down_full64_prebuilt,35,0.10409600287675858
case_026_real,humaneval,middle,real_route_replay,137,19,45,real,7.2105263157894735,2,33,1.0719742920108508,down_full64_prebuilt,36,0.10652799904346466
case_026_real,humaneval,middle,real_route_replay,137,19,45,real,7.2105263157894735,2,33,1.0719742920108508,down_full64_prebuilt,37,0.10851199924945831
case_026_real,humaneval,middle,real_route_replay,137,19,45,real,7.2105263157894735,2,33,1.0719742920108508,down_full64_prebuilt,38,0.10809600353240967
case_026_real,humaneval,middle,real_route_replay,137,19,45,real,7.2105263157894735,2,33,1.0719742920108508,down_full64_prebuilt,39,0.10447999835014343
case_026_real,humaneval,middle,real_route_replay,137,19,45,real,7.2105263157894735,2,33,1.0719742920108508,gate_up_active_prebuilt,0,0.14287999272346497
case_026_real,humaneval,middle,real_route_replay,137,19,45,real,7.2105263157894735,2,33,1.0719742920108508,gate_up_active_prebuilt,1,0.13971200585365295
case_026_real,humaneval,middle,real_route_replay,137,19,45,real,7.2105263157894735,2,33,1.0719742920108508,gate_up_active_prebuilt,2,0.13897599279880524
case_026_real,humaneval,middle,real_route_replay,137,19,45,real,7.2105263157894735,2,33,1.0719742920108508,gate_up_active_prebuilt,3,0.13865600526332855
case_026_real,humaneval,middle,real_route_replay,137,19,45,real,7.2105263157894735,2,33,1.0719742920108508,gate_up_active_prebuilt,4,0.139615997672081
case_026_real,humaneval,middle,real_route_replay,137,19,45,real,7.2105263157894735,2,33,1.0719742920108508,gate_up_active_prebuilt,5,0.1414400041103363
case_026_real,humaneval,middle,real_route_replay,137,19,45,real,7.2105263157894735,2,33,1.0719742920108508,gate_up_active_prebuilt,6,0.14348800480365753
case_026_real,humaneval,middle,real_route_replay,137,19,45,real,7.2105263157894735,2,33,1.0719742920108508,gate_up_active_prebuilt,7,0.1401280015707016
case_026_real,humaneval,middle,real_route_replay,137,19,45,real,7.2105263157894735,2,33,1.0719742920108508,gate_up_active_prebuilt,8,0.13846400380134583
case_026_real,humaneval,middle,real_route_replay,137,19,45,real,7.2105263157894735,2,33,1.0719742920108508,gate_up_active_prebuilt,9,0.13891200721263885
case_026_real,humaneval,middle,real_route_replay,137,19,45,real,7.2105263157894735,2,33,1.0719742920108508,gate_up_active_prebuilt,10,0.14284799993038177
case_026_real,humaneval,middle,real_route_replay,137,19,45,real,7.2105263157894735,2,33,1.0719742920108508,gate_up_active_prebuilt,11,0.14239999651908875
case_026_real,humaneval,middle,real_route_replay,137,19,45,real,7.2105263157894735,2,33,1.0719742920108508,gate_up_active_prebuilt,12,0.14217600226402283
case_026_real,humaneval,middle,real_route_replay,137,19,45,real,7.2105263157894735,2,33,1.0719742920108508,gate_up_active_prebuilt,13,0.13887999951839447
case_026_real,humaneval,middle,real_route_replay,137,19,45,real,7.2105263157894735,2,33,1.0719742920108508,gate_up_active_prebuilt,14,0.1435520052909851
case_026_real,humaneval,middle,real_route_replay,137,19,45,real,7.2105263157894735,2,33,1.0719742920108508,gate_up_active_prebuilt,15,0.13971200585365295
case_026_real,humaneval,middle,real_route_replay,137,19,45,real,7.2105263157894735,2,33,1.0719742920108508,gate_up_active_prebuilt,16,0.14182400703430176
case_026_real,humaneval,middle,real_route_replay,137,19,45,real,7.2105263157894735,2,33,1.0719742920108508,gate_up_active_prebuilt,17,0.14060799777507782
case_026_real,humaneval,middle,real_route_replay,137,19,45,real,7.2105263157894735,2,33,1.0719742920108508,gate_up_active_prebuilt,18,0.1408960074186325
case_026_real,humaneval,middle,real_route_replay,137,19,45,real,7.2105263157894735,2,33,1.0719742920108508,gate_up_active_prebuilt,19,0.14496000111103058
case_026_real,humaneval,middle,real_route_replay,137,19,45,real,7.2105263157894735,2,33,1.0719742920108508,gate_up_active_prebuilt,20,0.14268800616264343
case_026_real,humaneval,middle,real_route_replay,137,19,45,real,7.2105263157894735,2,33,1.0719742920108508,gate_up_active_prebuilt,21,0.14764800667762756
case_026_real,humaneval,middle,real_route_replay,137,19,45,real,7.2105263157894735,2,33,1.0719742920108508,gate_up_active_prebuilt,22,0.14767999947071075
case_026_real,humaneval,middle,real_route_replay,137,19,45,real,7.2105263157894735,2,33,1.0719742920108508,gate_up_active_prebuilt,23,0.14870400726795197
case_026_real,humaneval,middle,real_route_replay,137,19,45,real,7.2105263157894735,2,33,1.0719742920108508,gate_up_active_prebuilt,24,0.1510400027036667
case_026_real,humaneval,middle,real_route_replay,137,19,45,real,7.2105263157894735,2,33,1.0719742920108508,gate_up_active_prebuilt,25,0.14777599275112152
case_026_real,humaneval,middle,real_route_replay,137,19,45,real,7.2105263157894735,2,33,1.0719742920108508,gate_up_active_prebuilt,26,0.14531199634075165
case_026_real,humaneval,middle,real_route_replay,137,19,45,real,7.2105263157894735,2,33,1.0719742920108508,gate_up_active_prebuilt,27,0.1494079977273941
case_026_real,humaneval,middle,real_route_replay,137,19,45,real,7.2105263157894735,2,33,1.0719742920108508,gate_up_active_prebuilt,28,0.15423999726772308
case_026_real,humaneval,middle,real_route_replay,137,19,45,real,7.2105263157894735,2,33,1.0719742920108508,gate_up_active_prebuilt,29,0.15007999539375305
case_026_real,humaneval,middle,real_route_replay,137,19,45,real,7.2105263157894735,2,33,1.0719742920108508,gate_up_active_prebuilt,30,0.1456640064716339
case_026_real,humaneval,middle,real_route_replay,137,19,45,real,7.2105263157894735,2,33,1.0719742920108508,gate_up_active_prebuilt,31,0.1504639983177185
case_026_real,humaneval,middle,real_route_replay,137,19,45,real,7.2105263157894735,2,33,1.0719742920108508,gate_up_active_prebuilt,32,0.14739200472831726
case_026_real,humaneval,middle,real_route_replay,137,19,45,real,7.2105263157894735,2,33,1.0719742920108508,gate_up_active_prebuilt,33,0.14633600413799286
case_026_real,humaneval,middle,real_route_replay,137,19,45,real,7.2105263157894735,2,33,1.0719742920108508,gate_up_active_prebuilt,34,0.1462399959564209
case_026_real,humaneval,middle,real_route_replay,137,19,45,real,7.2105263157894735,2,33,1.0719742920108508,gate_up_active_prebuilt,35,0.15427200496196747
case_026_real,humaneval,middle,real_route_replay,137,19,45,real,7.2105263157894735,2,33,1.0719742920108508,gate_up_active_prebuilt,36,0.14956800639629364
case_026_real,humaneval,middle,real_route_replay,137,19,45,real,7.2105263157894735,2,33,1.0719742920108508,gate_up_active_prebuilt,37,0.15030400454998016
case_026_real,humaneval,middle,real_route_replay,137,19,45,real,7.2105263157894735,2,33,1.0719742920108508,gate_up_active_prebuilt,38,0.14988799393177032
case_026_real,humaneval,middle,real_route_replay,137,19,45,real,7.2105263157894735,2,33,1.0719742920108508,gate_up_active_prebuilt,39,0.15136000514030457
case_026_real,humaneval,middle,real_route_replay,137,19,45,real,7.2105263157894735,2,33,1.0719742920108508,down_active_prebuilt,0,0.10867200046777725
case_026_real,humaneval,middle,real_route_replay,137,19,45,real,7.2105263157894735,2,33,1.0719742920108508,down_active_prebuilt,1,0.10284800082445145
case_026_real,humaneval,middle,real_route_replay,137,19,45,real,7.2105263157894735,2,33,1.0719742920108508,down_active_prebuilt,2,0.1048320010304451
case_026_real,humaneval,middle,real_route_replay,137,19,45,real,7.2105263157894735,2,33,1.0719742920108508,down_active_prebuilt,3,0.10268799960613251
case_026_real,humaneval,middle,real_route_replay,137,19,45,real,7.2105263157894735,2,33,1.0719742920108508,down_active_prebuilt,4,0.1045759990811348
case_026_real,humaneval,middle,real_route_replay,137,19,45,real,7.2105263157894735,2,33,1.0719742920108508,down_active_prebuilt,5,0.10115200281143188
case_026_real,humaneval,middle,real_route_replay,137,19,45,real,7.2105263157894735,2,33,1.0719742920108508,down_active_prebuilt,6,0.0963520035147667
case_026_real,humaneval,middle,real_route_replay,137,19,45,real,7.2105263157894735,2,33,1.0719742920108508,down_active_prebuilt,7,0.0950080007314682
case_026_real,humaneval,middle,real_route_replay,137,19,45,real,7.2105263157894735,2,33,1.0719742920108508,down_active_prebuilt,8,0.095551997423172
case_026_real,humaneval,middle,real_route_replay,137,19,45,real,7.2105263157894735,2,33,1.0719742920108508,down_active_prebuilt,9,0.09814400225877762
case_026_real,humaneval,middle,real_route_replay,137,19,45,real,7.2105263157894735,2,33,1.0719742920108508,down_active_prebuilt,10,0.09487999975681305
case_026_real,humaneval,middle,real_route_replay,137,19,45,real,7.2105263157894735,2,33,1.0719742920108508,down_active_prebuilt,11,0.09446399658918381
case_026_real,humaneval,middle,real_route_replay,137,19,45,real,7.2105263157894735,2,33,1.0719742920108508,down_active_prebuilt,12,0.09955199807882309
case_026_real,humaneval,middle,real_route_replay,137,19,45,real,7.2105263157894735,2,33,1.0719742920108508,down_active_prebuilt,13,0.09865599870681763
case_026_real,humaneval,middle,real_route_replay,137,19,45,real,7.2105263157894735,2,33,1.0719742920108508,down_active_prebuilt,14,0.09833600372076035
case_026_real,humaneval,middle,real_route_replay,137,19,45,real,7.2105263157894735,2,33,1.0719742920108508,down_active_prebuilt,15,0.09657599776983261
case_026_real,humaneval,middle,real_route_replay,137,19,45,real,7.2105263157894735,2,33,1.0719742920108508,down_active_prebuilt,16,0.09344000369310379
case_026_real,humaneval,middle,real_route_replay,137,19,45,real,7.2105263157894735,2,33,1.0719742920108508,down_active_prebuilt,17,0.0963520035147667
case_026_real,humaneval,middle,real_route_replay,137,19,45,real,7.2105263157894735,2,33,1.0719742920108508,down_active_prebuilt,18,0.09539200365543365
case_026_real,humaneval,middle,real_route_replay,137,19,45,real,7.2105263157894735,2,33,1.0719742920108508,down_active_prebuilt,19,0.09574399888515472
case_026_real,humaneval,middle,real_route_replay,137,19,45,real,7.2105263157894735,2,33,1.0719742920108508,down_active_prebuilt,20,0.09596800059080124
case_026_real,humaneval,middle,real_route_replay,137,19,45,real,7.2105263157894735,2,33,1.0719742920108508,down_active_prebuilt,21,0.09808000177145004
case_026_real,humaneval,middle,real_route_replay,137,19,45,real,7.2105263157894735,2,33,1.0719742920108508,down_active_prebuilt,22,0.09558399766683578
case_026_real,humaneval,middle,real_route_replay,137,19,45,real,7.2105263157894735,2,33,1.0719742920108508,down_active_prebuilt,23,0.09663999825716019
case_026_real,humaneval,middle,real_route_replay,137,19,45,real,7.2105263157894735,2,33,1.0719742920108508,down_active_prebuilt,24,0.09891200065612793
case_026_real,humaneval,middle,real_route_replay,137,19,45,real,7.2105263157894735,2,33,1.0719742920108508,down_active_prebuilt,25,0.09875199943780899
case_026_real,humaneval,middle,real_route_replay,137,19,45,real,7.2105263157894735,2,33,1.0719742920108508,down_active_prebuilt,26,0.09763199836015701
case_026_real,humaneval,middle,real_route_replay,137,19,45,real,7.2105263157894735,2,33,1.0719742920108508,down_active_prebuilt,27,0.09667199850082397
case_026_real,humaneval,middle,real_route_replay,137,19,45,real,7.2105263157894735,2,33,1.0719742920108508,down_active_prebuilt,28,0.09529600292444229
case_026_real,humaneval,middle,real_route_replay,137,19,45,real,7.2105263157894735,2,33,1.0719742920108508,down_active_prebuilt,29,0.09583999961614609
case_026_real,humaneval,middle,real_route_replay,137,19,45,real,7.2105263157894735,2,33,1.0719742920108508,down_active_prebuilt,30,0.09494400024414062
case_026_real,humaneval,middle,real_route_replay,137,19,45,real,7.2105263157894735,2,33,1.0719742920108508,down_active_prebuilt,31,0.09455999732017517
case_026_real,humaneval,middle,real_route_replay,137,19,45,real,7.2105263157894735,2,33,1.0719742920108508,down_active_prebuilt,32,0.09356799721717834
case_026_real,humaneval,middle,real_route_replay,137,19,45,real,7.2105263157894735,2,33,1.0719742920108508,down_active_prebuilt,33,0.09705600142478943
case_026_real,humaneval,middle,real_route_replay,137,19,45,real,7.2105263157894735,2,33,1.0719742920108508,down_active_prebuilt,34,0.09471999853849411
case_026_real,humaneval,middle,real_route_replay,137,19,45,real,7.2105263157894735,2,33,1.0719742920108508,down_active_prebuilt,35,0.09667199850082397
case_026_real,humaneval,middle,real_route_replay,137,19,45,real,7.2105263157894735,2,33,1.0719742920108508,down_active_prebuilt,36,0.09865599870681763
case_026_real,humaneval,middle,real_route_replay,137,19,45,real,7.2105263157894735,2,33,1.0719742920108508,down_active_prebuilt,37,0.10150399804115295
case_026_real,humaneval,middle,real_route_replay,137,19,45,real,7.2105263157894735,2,33,1.0719742920108508,down_active_prebuilt,38,0.10499200224876404
case_026_real,humaneval,middle,real_route_replay,137,19,45,real,7.2105263157894735,2,33,1.0719742920108508,down_active_prebuilt,39,0.10339199751615524
case_026_real,humaneval,middle,real_route_replay,137,19,45,real,7.2105263157894735,2,33,1.0719742920108508,route_weight,0,0.02595200017094612
case_026_real,humaneval,middle,real_route_replay,137,19,45,real,7.2105263157894735,2,33,1.0719742920108508,route_weight,1,0.021407999098300934
case_026_real,humaneval,middle,real_route_replay,137,19,45,real,7.2105263157894735,2,33,1.0719742920108508,route_weight,2,0.02070399932563305
case_026_real,humaneval,middle,real_route_replay,137,19,45,real,7.2105263157894735,2,33,1.0719742920108508,route_weight,3,0.02223999984562397
case_026_real,humaneval,middle,real_route_replay,137,19,45,real,7.2105263157894735,2,33,1.0719742920108508,route_weight,4,0.023615999147295952
case_026_real,humaneval,middle,real_route_replay,137,19,45,real,7.2105263157894735,2,33,1.0719742920108508,route_weight,5,0.02223999984562397
case_026_real,humaneval,middle,real_route_replay,137,19,45,real,7.2105263157894735,2,33,1.0719742920108508,route_weight,6,0.022304000332951546
case_026_real,humaneval,middle,real_route_replay,137,19,45,real,7.2105263157894735,2,33,1.0719742920108508,route_weight,7,0.021824000403285027
case_026_real,humaneval,middle,real_route_replay,137,19,45,real,7.2105263157894735,2,33,1.0719742920108508,route_weight,8,0.023552000522613525
case_026_real,humaneval,middle,real_route_replay,137,19,45,real,7.2105263157894735,2,33,1.0719742920108508,route_weight,9,0.02316799946129322
case_026_real,humaneval,middle,real_route_replay,137,19,45,real,7.2105263157894735,2,33,1.0719742920108508,route_weight,10,0.022816000506281853
case_026_real,humaneval,middle,real_route_replay,137,19,45,real,7.2105263157894735,2,33,1.0719742920108508,route_weight,11,0.02236800082027912
case_026_real,humaneval,middle,real_route_replay,137,19,45,real,7.2105263157894735,2,33,1.0719742920108508,route_weight,12,0.03903999924659729
case_026_real,humaneval,middle,real_route_replay,137,19,45,real,7.2105263157894735,2,33,1.0719742920108508,route_weight,13,0.0226879995316267
case_026_real,humaneval,middle,real_route_replay,137,19,45,real,7.2105263157894735,2,33,1.0719742920108508,route_weight,14,0.022624000906944275
case_026_real,humaneval,middle,real_route_replay,137,19,45,real,7.2105263157894735,2,33,1.0719742920108508,route_weight,15,0.02316799946129322
case_026_real,humaneval,middle,real_route_replay,137,19,45,real,7.2105263157894735,2,33,1.0719742920108508,route_weight,16,0.022272000089287758
case_026_real,humaneval,middle,real_route_replay,137,19,45,real,7.2105263157894735,2,33,1.0719742920108508,route_weight,17,0.024800000712275505
case_026_real,humaneval,middle,real_route_replay,137,19,45,real,7.2105263157894735,2,33,1.0719742920108508,route_weight,18,0.02223999984562397
case_026_real,humaneval,middle,real_route_replay,137,19,45,real,7.2105263157894735,2,33,1.0719742920108508,route_weight,19,0.02179200015962124
case_026_real,humaneval,middle,real_route_replay,137,19,45,real,7.2105263157894735,2,33,1.0719742920108508,route_weight,20,0.024927999824285507
case_026_real,humaneval,middle,real_route_replay,137,19,45,real,7.2105263157894735,2,33,1.0719742920108508,route_weight,21,0.024064000695943832
case_026_real,humaneval,middle,real_route_replay,137,19,45,real,7.2105263157894735,2,33,1.0719742920108508,route_weight,22,0.024000000208616257
case_026_real,humaneval,middle,real_route_replay,137,19,45,real,7.2105263157894735,2,33,1.0719742920108508,route_weight,23,0.023711999878287315
case_026_real,humaneval,middle,real_route_replay,137,19,45,real,7.2105263157894735,2,33,1.0719742920108508,route_weight,24,0.024159999564290047
case_026_real,humaneval,middle,real_route_replay,137,19,45,real,7.2105263157894735,2,33,1.0719742920108508,route_weight,25,0.02208000048995018
case_026_real,humaneval,middle,real_route_replay,137,19,45,real,7.2105263157894735,2,33,1.0719742920108508,route_weight,26,0.02319999970495701
case_026_real,humaneval,middle,real_route_replay,137,19,45,real,7.2105263157894735,2,33,1.0719742920108508,route_weight,27,0.0226879995316267
case_026_real,humaneval,middle,real_route_replay,137,19,45,real,7.2105263157894735,2,33,1.0719742920108508,route_weight,28,0.01929599978029728
case_026_real,humaneval,middle,real_route_replay,137,19,45,real,7.2105263157894735,2,33,1.0719742920108508,route_weight,29,0.03759999945759773
case_026_real,humaneval,middle,real_route_replay,137,19,45,real,7.2105263157894735,2,33,1.0719742920108508,route_weight,30,0.021536000072956085
case_026_real,humaneval,middle,real_route_replay,137,19,45,real,7.2105263157894735,2,33,1.0719742920108508,route_weight,31,0.021088000386953354
case_026_real,humaneval,middle,real_route_replay,137,19,45,real,7.2105263157894735,2,33,1.0719742920108508,route_weight,32,0.026847999542951584
case_026_real,humaneval,middle,real_route_replay,137,19,45,real,7.2105263157894735,2,33,1.0719742920108508,route_weight,33,0.023711999878287315
case_026_real,humaneval,middle,real_route_replay,137,19,45,real,7.2105263157894735,2,33,1.0719742920108508,route_weight,34,0.020320000126957893
case_026_real,humaneval,middle,real_route_replay,137,19,45,real,7.2105263157894735,2,33,1.0719742920108508,route_weight,35,0.018400000408291817
case_026_real,humaneval,middle,real_route_replay,137,19,45,real,7.2105263157894735,2,33,1.0719742920108508,route_weight,36,0.014944000169634819
case_026_real,humaneval,middle,real_route_replay,137,19,45,real,7.2105263157894735,2,33,1.0719742920108508,route_weight,37,0.014560000039637089
case_026_real,humaneval,middle,real_route_replay,137,19,45,real,7.2105263157894735,2,33,1.0719742920108508,route_weight,38,0.013439999893307686
case_026_real,humaneval,middle,real_route_replay,137,19,45,real,7.2105263157894735,2,33,1.0719742920108508,route_weight,39,0.016992000862956047
case_027_real,humaneval,middle,real_route_replay,437,33,31,real,13.242424242424242,1,65,1.1018728412599712,down_active_prebuilt,0,0.18649600446224213
case_027_real,humaneval,middle,real_route_replay,437,33,31,real,13.242424242424242,1,65,1.1018728412599712,down_active_prebuilt,1,0.15267199277877808
case_027_real,humaneval,middle,real_route_replay,437,33,31,real,13.242424242424242,1,65,1.1018728412599712,down_active_prebuilt,2,0.14860799908638
case_027_real,humaneval,middle,real_route_replay,437,33,31,real,13.242424242424242,1,65,1.1018728412599712,down_active_prebuilt,3,0.1438400000333786
case_027_real,humaneval,middle,real_route_replay,437,33,31,real,13.242424242424242,1,65,1.1018728412599712,down_active_prebuilt,4,0.14451199769973755
case_027_real,humaneval,middle,real_route_replay,437,33,31,real,13.242424242424242,1,65,1.1018728412599712,down_active_prebuilt,5,0.14473600685596466
case_027_real,humaneval,middle,real_route_replay,437,33,31,real,13.242424242424242,1,65,1.1018728412599712,down_active_prebuilt,6,0.14742399752140045
case_027_real,humaneval,middle,real_route_replay,437,33,31,real,13.242424242424242,1,65,1.1018728412599712,down_active_prebuilt,7,0.1483840048313141
case_027_real,humaneval,middle,real_route_replay,437,33,31,real,13.242424242424242,1,65,1.1018728412599712,down_active_prebuilt,8,0.1454399973154068
case_027_real,humaneval,middle,real_route_replay,437,33,31,real,13.242424242424242,1,65,1.1018728412599712,down_active_prebuilt,9,0.14131200313568115
case_027_real,humaneval,middle,real_route_replay,437,33,31,real,13.242424242424242,1,65,1.1018728412599712,down_active_prebuilt,10,0.1430719941854477
case_027_real,humaneval,middle,real_route_replay,437,33,31,real,13.242424242424242,1,65,1.1018728412599712,down_active_prebuilt,11,0.14233599603176117
case_027_real,humaneval,middle,real_route_replay,437,33,31,real,13.242424242424242,1,65,1.1018728412599712,down_active_prebuilt,12,0.14451199769973755
case_027_real,humaneval,middle,real_route_replay,437,33,31,real,13.242424242424242,1,65,1.1018728412599712,down_active_prebuilt,13,0.14134399592876434
case_027_real,humaneval,middle,real_route_replay,437,33,31,real,13.242424242424242,1,65,1.1018728412599712,down_active_prebuilt,14,0.14176000654697418
case_027_real,humaneval,middle,real_route_replay,437,33,31,real,13.242424242424242,1,65,1.1018728412599712,down_active_prebuilt,15,0.14220799505710602
case_027_real,humaneval,middle,real_route_replay,437,33,31,real,13.242424242424242,1,65,1.1018728412599712,down_active_prebuilt,16,0.15270400047302246
case_027_real,humaneval,middle,real_route_replay,437,33,31,real,13.242424242424242,1,65,1.1018728412599712,down_active_prebuilt,17,0.15087999403476715
case_027_real,humaneval,middle,real_route_replay,437,33,31,real,13.242424242424242,1,65,1.1018728412599712,down_active_prebuilt,18,0.14528000354766846
case_027_real,humaneval,middle,real_route_replay,437,33,31,real,13.242424242424242,1,65,1.1018728412599712,down_active_prebuilt,19,0.1467200070619583
case_027_real,humaneval,middle,real_route_replay,437,33,31,real,13.242424242424242,1,65,1.1018728412599712,down_active_prebuilt,20,0.14467200636863708
case_027_real,humaneval,middle,real_route_replay,437,33,31,real,13.242424242424242,1,65,1.1018728412599712,down_active_prebuilt,21,0.14374400675296783
case_027_real,humaneval,middle,real_route_replay,437,33,31,real,13.242424242424242,1,65,1.1018728412599712,down_active_prebuilt,22,0.1440960019826889
case_027_real,humaneval,middle,real_route_replay,437,33,31,real,13.242424242424242,1,65,1.1018728412599712,down_active_prebuilt,23,0.14179199934005737
case_027_real,humaneval,middle,real_route_replay,437,33,31,real,13.242424242424242,1,65,1.1018728412599712,down_active_prebuilt,24,0.14972800016403198
case_027_real,humaneval,middle,real_route_replay,437,33,31,real,13.242424242424242,1,65,1.1018728412599712,down_active_prebuilt,25,0.14844800531864166
case_027_real,humaneval,middle,real_route_replay,437,33,31,real,13.242424242424242,1,65,1.1018728412599712,down_active_prebuilt,26,0.15251199901103973
case_027_real,humaneval,middle,real_route_replay,437,33,31,real,13.242424242424242,1,65,1.1018728412599712,down_active_prebuilt,27,0.15376000106334686
case_027_real,humaneval,middle,real_route_replay,437,33,31,real,13.242424242424242,1,65,1.1018728412599712,down_active_prebuilt,28,0.15347200632095337
case_027_real,humaneval,middle,real_route_replay,437,33,31,real,13.242424242424242,1,65,1.1018728412599712,down_active_prebuilt,29,0.1528639942407608
case_027_real,humaneval,middle,real_route_replay,437,33,31,real,13.242424242424242,1,65,1.1018728412599712,down_active_prebuilt,30,0.15798400342464447
case_027_real,humaneval,middle,real_route_replay,437,33,31,real,13.242424242424242,1,65,1.1018728412599712,down_active_prebuilt,31,0.15488000214099884
case_027_real,humaneval,middle,real_route_replay,437,33,31,real,13.242424242424242,1,65,1.1018728412599712,down_active_prebuilt,32,0.1456959992647171
case_027_real,humaneval,middle,real_route_replay,437,33,31,real,13.242424242424242,1,65,1.1018728412599712,down_active_prebuilt,33,0.14364799857139587
case_027_real,humaneval,middle,real_route_replay,437,33,31,real,13.242424242424242,1,65,1.1018728412599712,down_active_prebuilt,34,0.144896000623703
case_027_real,humaneval,middle,real_route_replay,437,33,31,real,13.242424242424242,1,65,1.1018728412599712,down_active_prebuilt,35,0.14192000031471252
case_027_real,humaneval,middle,real_route_replay,437,33,31,real,13.242424242424242,1,65,1.1018728412599712,down_active_prebuilt,36,0.14428800344467163
case_027_real,humaneval,middle,real_route_replay,437,33,31,real,13.242424242424242,1,65,1.1018728412599712,down_active_prebuilt,37,0.14422400295734406
case_027_real,humaneval,middle,real_route_replay,437,33,31,real,13.242424242424242,1,65,1.1018728412599712,down_active_prebuilt,38,0.14841599762439728
case_027_real,humaneval,middle,real_route_replay,437,33,31,real,13.242424242424242,1,65,1.1018728412599712,down_active_prebuilt,39,0.14480000734329224
case_027_real,humaneval,middle,real_route_replay,437,33,31,real,13.242424242424242,1,65,1.1018728412599712,gate_up_active_prebuilt,0,0.23151999711990356
case_027_real,humaneval,middle,real_route_replay,437,33,31,real,13.242424242424242,1,65,1.1018728412599712,gate_up_active_prebuilt,1,0.2231680005788803
case_027_real,humaneval,middle,real_route_replay,437,33,31,real,13.242424242424242,1,65,1.1018728412599712,gate_up_active_prebuilt,2,0.22137600183486938
case_027_real,humaneval,middle,real_route_replay,437,33,31,real,13.242424242424242,1,65,1.1018728412599712,gate_up_active_prebuilt,3,0.22124800086021423
case_027_real,humaneval,middle,real_route_replay,437,33,31,real,13.242424242424242,1,65,1.1018728412599712,gate_up_active_prebuilt,4,0.22332799434661865
case_027_real,humaneval,middle,real_route_replay,437,33,31,real,13.242424242424242,1,65,1.1018728412599712,gate_up_active_prebuilt,5,0.22201600670814514
case_027_real,humaneval,middle,real_route_replay,437,33,31,real,13.242424242424242,1,65,1.1018728412599712,gate_up_active_prebuilt,6,0.2215999960899353
case_027_real,humaneval,middle,real_route_replay,437,33,31,real,13.242424242424242,1,65,1.1018728412599712,gate_up_active_prebuilt,7,0.22684800624847412
case_027_real,humaneval,middle,real_route_replay,437,33,31,real,13.242424242424242,1,65,1.1018728412599712,gate_up_active_prebuilt,8,0.2317119985818863
case_027_real,humaneval,middle,real_route_replay,437,33,31,real,13.242424242424242,1,65,1.1018728412599712,gate_up_active_prebuilt,9,0.2213120013475418
case_027_real,humaneval,middle,real_route_replay,437,33,31,real,13.242424242424242,1,65,1.1018728412599712,gate_up_active_prebuilt,10,0.21964800357818604
case_027_real,humaneval,middle,real_route_replay,437,33,31,real,13.242424242424242,1,65,1.1018728412599712,gate_up_active_prebuilt,11,0.2226559966802597
case_027_real,humaneval,middle,real_route_replay,437,33,31,real,13.242424242424242,1,65,1.1018728412599712,gate_up_active_prebuilt,12,0.22115199267864227
case_027_real,humaneval,middle,real_route_replay,437,33,31,real,13.242424242424242,1,65,1.1018728412599712,gate_up_active_prebuilt,13,0.22179199755191803
case_027_real,humaneval,middle,real_route_replay,437,33,31,real,13.242424242424242,1,65,1.1018728412599712,gate_up_active_prebuilt,14,0.2250239998102188
case_027_real,humaneval,middle,real_route_replay,437,33,31,real,13.242424242424242,1,65,1.1018728412599712,gate_up_active_prebuilt,15,0.2237119972705841
case_027_real,humaneval,middle,real_route_replay,437,33,31,real,13.242424242424242,1,65,1.1018728412599712,gate_up_active_prebuilt,16,0.23014399409294128
case_027_real,humaneval,middle,real_route_replay,437,33,31,real,13.242424242424242,1,65,1.1018728412599712,gate_up_active_prebuilt,17,0.22473600506782532
case_027_real,humaneval,middle,real_route_replay,437,33,31,real,13.242424242424242,1,65,1.1018728412599712,gate_up_active_prebuilt,18,0.22828799486160278
case_027_real,humaneval,middle,real_route_replay,437,33,31,real,13.242424242424242,1,65,1.1018728412599712,gate_up_active_prebuilt,19,0.22838400304317474
case_027_real,humaneval,middle,real_route_replay,437,33,31,real,13.242424242424242,1,65,1.1018728412599712,gate_up_active_prebuilt,20,0.22739200294017792
case_027_real,humaneval,middle,real_route_replay,437,33,31,real,13.242424242424242,1,65,1.1018728412599712,gate_up_active_prebuilt,21,0.23081600666046143
case_027_real,humaneval,middle,real_route_replay,437,33,31,real,13.242424242424242,1,65,1.1018728412599712,gate_up_active_prebuilt,22,0.23475199937820435
case_027_real,humaneval,middle,real_route_replay,437,33,31,real,13.242424242424242,1,65,1.1018728412599712,gate_up_active_prebuilt,23,0.23503999412059784
case_027_real,humaneval,middle,real_route_replay,437,33,31,real,13.242424242424242,1,65,1.1018728412599712,gate_up_active_prebuilt,24,0.24006399512290955
case_027_real,humaneval,middle,real_route_replay,437,33,31,real,13.242424242424242,1,65,1.1018728412599712,gate_up_active_prebuilt,25,0.23603199422359467
case_027_real,humaneval,middle,real_route_replay,437,33,31,real,13.242424242424242,1,65,1.1018728412599712,gate_up_active_prebuilt,26,0.2460480034351349
case_027_real,humaneval,middle,real_route_replay,437,33,31,real,13.242424242424242,1,65,1.1018728412599712,gate_up_active_prebuilt,27,0.22937600314617157
case_027_real,humaneval,middle,real_route_replay,437,33,31,real,13.242424242424242,1,65,1.1018728412599712,gate_up_active_prebuilt,28,0.2298559993505478
case_027_real,humaneval,middle,real_route_replay,437,33,31,real,13.242424242424242,1,65,1.1018728412599712,gate_up_active_prebuilt,29,0.23081600666046143
case_027_real,humaneval,middle,real_route_replay,437,33,31,real,13.242424242424242,1,65,1.1018728412599712,gate_up_active_prebuilt,30,0.23216000199317932
case_027_real,humaneval,middle,real_route_replay,437,33,31,real,13.242424242424242,1,65,1.1018728412599712,gate_up_active_prebuilt,31,0.23177599906921387
case_027_real,humaneval,middle,real_route_replay,437,33,31,real,13.242424242424242,1,65,1.1018728412599712,gate_up_active_prebuilt,32,0.23052799701690674
case_027_real,humaneval,middle,real_route_replay,437,33,31,real,13.242424242424242,1,65,1.1018728412599712,gate_up_active_prebuilt,33,0.23132799565792084
case_027_real,humaneval,middle,real_route_replay,437,33,31,real,13.242424242424242,1,65,1.1018728412599712,gate_up_active_prebuilt,34,0.23030400276184082
case_027_real,humaneval,middle,real_route_replay,437,33,31,real,13.242424242424242,1,65,1.1018728412599712,gate_up_active_prebuilt,35,0.23190400004386902
case_027_real,humaneval,middle,real_route_replay,437,33,31,real,13.242424242424242,1,65,1.1018728412599712,gate_up_active_prebuilt,36,0.23375999927520752
case_027_real,humaneval,middle,real_route_replay,437,33,31,real,13.242424242424242,1,65,1.1018728412599712,gate_up_active_prebuilt,37,0.23343999683856964
case_027_real,humaneval,middle,real_route_replay,437,33,31,real,13.242424242424242,1,65,1.1018728412599712,gate_up_active_prebuilt,38,0.2346239984035492
case_027_real,humaneval,middle,real_route_replay,437,33,31,real,13.242424242424242,1,65,1.1018728412599712,gate_up_active_prebuilt,39,0.2338559925556183
case_027_real,humaneval,middle,real_route_replay,437,33,31,real,13.242424242424242,1,65,1.1018728412599712,gate_up_full64_prebuilt,0,0.23375999927520752
case_027_real,humaneval,middle,real_route_replay,437,33,31,real,13.242424242424242,1,65,1.1018728412599712,gate_up_full64_prebuilt,1,0.23296000063419342
case_027_real,humaneval,middle,real_route_replay,437,33,31,real,13.242424242424242,1,65,1.1018728412599712,gate_up_full64_prebuilt,2,0.23203200101852417
case_027_real,humaneval,middle,real_route_replay,437,33,31,real,13.242424242424242,1,65,1.1018728412599712,gate_up_full64_prebuilt,3,0.22291199862957
case_027_real,humaneval,middle,real_route_replay,437,33,31,real,13.242424242424242,1,65,1.1018728412599712,gate_up_full64_prebuilt,4,0.2247679978609085
case_027_real,humaneval,middle,real_route_replay,437,33,31,real,13.242424242424242,1,65,1.1018728412599712,gate_up_full64_prebuilt,5,0.2234880030155182
case_027_real,humaneval,middle,real_route_replay,437,33,31,real,13.242424242424242,1,65,1.1018728412599712,gate_up_full64_prebuilt,6,0.22227199375629425
case_027_real,humaneval,middle,real_route_replay,437,33,31,real,13.242424242424242,1,65,1.1018728412599712,gate_up_full64_prebuilt,7,0.22281600534915924
case_027_real,humaneval,middle,real_route_replay,437,33,31,real,13.242424242424242,1,65,1.1018728412599712,gate_up_full64_prebuilt,8,0.22195200622081757
case_027_real,humaneval,middle,real_route_replay,437,33,31,real,13.242424242424242,1,65,1.1018728412599712,gate_up_full64_prebuilt,9,0.2252800017595291
case_027_real,humaneval,middle,real_route_replay,437,33,31,real,13.242424242424242,1,65,1.1018728412599712,gate_up_full64_prebuilt,10,0.22300800681114197
case_027_real,humaneval,middle,real_route_replay,437,33,31,real,13.242424242424242,1,65,1.1018728412599712,gate_up_full64_prebuilt,11,0.2250239998102188
case_027_real,humaneval,middle,real_route_replay,437,33,31,real,13.242424242424242,1,65,1.1018728412599712,gate_up_full64_prebuilt,12,0.22390399873256683
case_027_real,humaneval,middle,real_route_replay,437,33,31,real,13.242424242424242,1,65,1.1018728412599712,gate_up_full64_prebuilt,13,0.22566400468349457
case_027_real,humaneval,middle,real_route_replay,437,33,31,real,13.242424242424242,1,65,1.1018728412599712,gate_up_full64_prebuilt,14,0.22703999280929565
case_027_real,humaneval,middle,real_route_replay,437,33,31,real,13.242424242424242,1,65,1.1018728412599712,gate_up_full64_prebuilt,15,0.22390399873256683
case_027_real,humaneval,middle,real_route_replay,437,33,31,real,13.242424242424242,1,65,1.1018728412599712,gate_up_full64_prebuilt,16,0.22099199891090393
case_027_real,humaneval,middle,real_route_replay,437,33,31,real,13.242424242424242,1,65,1.1018728412599712,gate_up_full64_prebuilt,17,0.2242240011692047
case_027_real,humaneval,middle,real_route_replay,437,33,31,real,13.242424242424242,1,65,1.1018728412599712,gate_up_full64_prebuilt,18,0.22473600506782532
case_027_real,humaneval,middle,real_route_replay,437,33,31,real,13.242424242424242,1,65,1.1018728412599712,gate_up_full64_prebuilt,19,0.22758400440216064
case_027_real,humaneval,middle,real_route_replay,437,33,31,real,13.242424242424242,1,65,1.1018728412599712,gate_up_full64_prebuilt,20,0.22889600694179535
case_027_real,humaneval,middle,real_route_replay,437,33,31,real,13.242424242424242,1,65,1.1018728412599712,gate_up_full64_prebuilt,21,0.2361920028924942
case_027_real,humaneval,middle,real_route_replay,437,33,31,real,13.242424242424242,1,65,1.1018728412599712,gate_up_full64_prebuilt,22,0.23177599906921387
case_027_real,humaneval,middle,real_route_replay,437,33,31,real,13.242424242424242,1,65,1.1018728412599712,gate_up_full64_prebuilt,23,0.233024001121521
case_027_real,humaneval,middle,real_route_replay,437,33,31,real,13.242424242424242,1,65,1.1018728412599712,gate_up_full64_prebuilt,24,0.23932799696922302
case_027_real,humaneval,middle,real_route_replay,437,33,31,real,13.242424242424242,1,65,1.1018728412599712,gate_up_full64_prebuilt,25,0.22806400060653687
case_027_real,humaneval,middle,real_route_replay,437,33,31,real,13.242424242424242,1,65,1.1018728412599712,gate_up_full64_prebuilt,26,0.22809599339962006
case_027_real,humaneval,middle,real_route_replay,437,33,31,real,13.242424242424242,1,65,1.1018728412599712,gate_up_full64_prebuilt,27,0.22179199755191803
case_027_real,humaneval,middle,real_route_replay,437,33,31,real,13.242424242424242,1,65,1.1018728412599712,gate_up_full64_prebuilt,28,0.22176000475883484
case_027_real,humaneval,middle,real_route_replay,437,33,31,real,13.242424242424242,1,65,1.1018728412599712,gate_up_full64_prebuilt,29,0.22297599911689758
case_027_real,humaneval,middle,real_route_replay,437,33,31,real,13.242424242424242,1,65,1.1018728412599712,gate_up_full64_prebuilt,30,0.22259199619293213
case_027_real,humaneval,middle,real_route_replay,437,33,31,real,13.242424242424242,1,65,1.1018728412599712,gate_up_full64_prebuilt,31,0.22630399465560913
case_027_real,humaneval,middle,real_route_replay,437,33,31,real,13.242424242424242,1,65,1.1018728412599712,gate_up_full64_prebuilt,32,0.22191999852657318
case_027_real,humaneval,middle,real_route_replay,437,33,31,real,13.242424242424242,1,65,1.1018728412599712,gate_up_full64_prebuilt,33,0.2239679992198944
case_027_real,humaneval,middle,real_route_replay,437,33,31,real,13.242424242424242,1,65,1.1018728412599712,gate_up_full64_prebuilt,34,0.22297599911689758
case_027_real,humaneval,middle,real_route_replay,437,33,31,real,13.242424242424242,1,65,1.1018728412599712,gate_up_full64_prebuilt,35,0.22275200486183167
case_027_real,humaneval,middle,real_route_replay,437,33,31,real,13.242424242424242,1,65,1.1018728412599712,gate_up_full64_prebuilt,36,0.2215680032968521
case_027_real,humaneval,middle,real_route_replay,437,33,31,real,13.242424242424242,1,65,1.1018728412599712,gate_up_full64_prebuilt,37,0.22387200593948364
case_027_real,humaneval,middle,real_route_replay,437,33,31,real,13.242424242424242,1,65,1.1018728412599712,gate_up_full64_prebuilt,38,0.2223680019378662
case_027_real,humaneval,middle,real_route_replay,437,33,31,real,13.242424242424242,1,65,1.1018728412599712,gate_up_full64_prebuilt,39,0.22460800409317017
case_027_real,humaneval,middle,real_route_replay,437,33,31,real,13.242424242424242,1,65,1.1018728412599712,swiglu,0,0.03654399886727333
case_027_real,humaneval,middle,real_route_replay,437,33,31,real,13.242424242424242,1,65,1.1018728412599712,swiglu,1,0.02409599907696247
case_027_real,humaneval,middle,real_route_replay,437,33,31,real,13.242424242424242,1,65,1.1018728412599712,swiglu,2,0.022816000506281853
case_027_real,humaneval,middle,real_route_replay,437,33,31,real,13.242424242424242,1,65,1.1018728412599712,swiglu,3,0.021568000316619873
case_027_real,humaneval,middle,real_route_replay,437,33,31,real,13.242424242424242,1,65,1.1018728412599712,swiglu,4,0.021023999899625778
case_027_real,humaneval,middle,real_route_replay,437,33,31,real,13.242424242424242,1,65,1.1018728412599712,swiglu,5,0.021023999899625778
case_027_real,humaneval,middle,real_route_replay,437,33,31,real,13.242424242424242,1,65,1.1018728412599712,swiglu,6,0.02070399932563305
case_027_real,humaneval,middle,real_route_replay,437,33,31,real,13.242424242424242,1,65,1.1018728412599712,swiglu,7,0.02505600079894066
case_027_real,humaneval,middle,real_route_replay,437,33,31,real,13.242424242424242,1,65,1.1018728412599712,swiglu,8,0.022752000018954277
case_027_real,humaneval,middle,real_route_replay,437,33,31,real,13.242424242424242,1,65,1.1018728412599712,swiglu,9,0.02377600036561489
case_027_real,humaneval,middle,real_route_replay,437,33,31,real,13.242424242424242,1,65,1.1018728412599712,swiglu,10,0.02924799919128418
case_027_real,humaneval,middle,real_route_replay,437,33,31,real,13.242424242424242,1,65,1.1018728412599712,swiglu,11,0.023072000592947006
case_027_real,humaneval,middle,real_route_replay,437,33,31,real,13.242424242424242,1,65,1.1018728412599712,swiglu,12,0.02054399996995926
case_027_real,humaneval,middle,real_route_replay,437,33,31,real,13.242424242424242,1,65,1.1018728412599712,swiglu,13,0.02127999998629093
case_027_real,humaneval,middle,real_route_replay,437,33,31,real,13.242424242424242,1,65,1.1018728412599712,swiglu,14,0.02195199951529503
case_027_real,humaneval,middle,real_route_replay,437,33,31,real,13.242424242424242,1,65,1.1018728412599712,swiglu,15,0.02038400061428547
case_027_real,humaneval,middle,real_route_replay,437,33,31,real,13.242424242424242,1,65,1.1018728412599712,swiglu,16,0.02099199965596199
case_027_real,humaneval,middle,real_route_replay,437,33,31,real,13.242424242424242,1,65,1.1018728412599712,swiglu,17,0.020608000457286835
case_027_real,humaneval,middle,real_route_replay,437,33,31,real,13.242424242424242,1,65,1.1018728412599712,swiglu,18,0.03484800085425377
case_027_real,humaneval,middle,real_route_replay,437,33,31,real,13.242424242424242,1,65,1.1018728412599712,swiglu,19,0.02112000063061714
case_027_real,humaneval,middle,real_route_replay,437,33,31,real,13.242424242424242,1,65,1.1018728412599712,swiglu,20,0.020864000543951988
case_027_real,humaneval,middle,real_route_replay,437,33,31,real,13.242424242424242,1,65,1.1018728412599712,swiglu,21,0.02287999913096428
case_027_real,humaneval,middle,real_route_replay,437,33,31,real,13.242424242424242,1,65,1.1018728412599712,swiglu,22,0.0226879995316267
case_027_real,humaneval,middle,real_route_replay,437,33,31,real,13.242424242424242,1,65,1.1018728412599712,swiglu,23,0.026688000187277794
case_027_real,humaneval,middle,real_route_replay,437,33,31,real,13.242424242424242,1,65,1.1018728412599712,swiglu,24,0.020416000857949257
case_027_real,humaneval,middle,real_route_replay,437,33,31,real,13.242424242424242,1,65,1.1018728412599712,swiglu,25,0.020191999152302742
case_027_real,humaneval,middle,real_route_replay,437,33,31,real,13.242424242424242,1,65,1.1018728412599712,swiglu,26,0.020191999152302742
case_027_real,humaneval,middle,real_route_replay,437,33,31,real,13.242424242424242,1,65,1.1018728412599712,swiglu,27,0.02707199938595295
case_027_real,humaneval,middle,real_route_replay,437,33,31,real,13.242424242424242,1,65,1.1018728412599712,swiglu,28,0.02051199972629547
case_027_real,humaneval,middle,real_route_replay,437,33,31,real,13.242424242424242,1,65,1.1018728412599712,swiglu,29,0.020864000543951988
case_027_real,humaneval,middle,real_route_replay,437,33,31,real,13.242424242424242,1,65,1.1018728412599712,swiglu,30,0.034272000193595886
case_027_real,humaneval,middle,real_route_replay,437,33,31,real,13.242424242424242,1,65,1.1018728412599712,swiglu,31,0.02208000048995018
case_027_real,humaneval,middle,real_route_replay,437,33,31,real,13.242424242424242,1,65,1.1018728412599712,swiglu,32,0.02070399932563305
case_027_real,humaneval,middle,real_route_replay,437,33,31,real,13.242424242424242,1,65,1.1018728412599712,swiglu,33,0.02070399932563305
case_027_real,humaneval,middle,real_route_replay,437,33,31,real,13.242424242424242,1,65,1.1018728412599712,swiglu,34,0.020447999238967896
case_027_real,humaneval,middle,real_route_replay,437,33,31,real,13.242424242424242,1,65,1.1018728412599712,swiglu,35,0.020896000787615776
case_027_real,humaneval,middle,real_route_replay,437,33,31,real,13.242424242424242,1,65,1.1018728412599712,swiglu,36,0.020416000857949257
case_027_real,humaneval,middle,real_route_replay,437,33,31,real,13.242424242424242,1,65,1.1018728412599712,swiglu,37,0.019999999552965164
case_027_real,humaneval,middle,real_route_replay,437,33,31,real,13.242424242424242,1,65,1.1018728412599712,swiglu,38,0.02035200037062168
case_027_real,humaneval,middle,real_route_replay,437,33,31,real,13.242424242424242,1,65,1.1018728412599712,swiglu,39,0.02115200087428093
case_027_real,humaneval,middle,real_route_replay,437,33,31,real,13.242424242424242,1,65,1.1018728412599712,route_weight,0,0.01744000054895878
case_027_real,humaneval,middle,real_route_replay,437,33,31,real,13.242424242424242,1,65,1.1018728412599712,route_weight,1,0.016575999557971954
case_027_real,humaneval,middle,real_route_replay,437,33,31,real,13.242424242424242,1,65,1.1018728412599712,route_weight,2,0.02175999991595745
case_027_real,humaneval,middle,real_route_replay,437,33,31,real,13.242424242424242,1,65,1.1018728412599712,route_weight,3,0.015359999611973763
case_027_real,humaneval,middle,real_route_replay,437,33,31,real,13.242424242424242,1,65,1.1018728412599712,route_weight,4,0.015039999969303608
case_027_real,humaneval,middle,real_route_replay,437,33,31,real,13.242424242424242,1,65,1.1018728412599712,route_weight,5,0.014495999552309513
case_027_real,humaneval,middle,real_route_replay,437,33,31,real,13.242424242424242,1,65,1.1018728412599712,route_weight,6,0.01408000010997057
case_027_real,humaneval,middle,real_route_replay,437,33,31,real,13.242424242424242,1,65,1.1018728412599712,route_weight,7,0.016767999157309532
case_027_real,humaneval,middle,real_route_replay,437,33,31,real,13.242424242424242,1,65,1.1018728412599712,route_weight,8,0.01539199985563755
case_027_real,humaneval,middle,real_route_replay,437,33,31,real,13.242424242424242,1,65,1.1018728412599712,route_weight,9,0.01539199985563755
case_027_real,humaneval,middle,real_route_replay,437,33,31,real,13.242424242424242,1,65,1.1018728412599712,route_weight,10,0.01583999954164028
case_027_real,humaneval,middle,real_route_replay,437,33,31,real,13.242424242424242,1,65,1.1018728412599712,route_weight,11,0.014336000196635723
case_027_real,humaneval,middle,real_route_replay,437,33,31,real,13.242424242424242,1,65,1.1018728412599712,route_weight,12,0.014336000196635723
case_027_real,humaneval,middle,real_route_replay,437,33,31,real,13.242424242424242,1,65,1.1018728412599712,route_weight,13,0.014944000169634819
case_027_real,humaneval,middle,real_route_replay,437,33,31,real,13.242424242424242,1,65,1.1018728412599712,route_weight,14,0.013791999779641628
case_027_real,humaneval,middle,real_route_replay,437,33,31,real,13.242424242424242,1,65,1.1018728412599712,route_weight,15,0.027871999889612198
case_027_real,humaneval,middle,real_route_replay,437,33,31,real,13.242424242424242,1,65,1.1018728412599712,route_weight,16,0.014336000196635723
case_027_real,humaneval,middle,real_route_replay,437,33,31,real,13.242424242424242,1,65,1.1018728412599712,route_weight,17,0.014240000396966934
case_027_real,humaneval,middle,real_route_replay,437,33,31,real,13.242424242424242,1,65,1.1018728412599712,route_weight,18,0.01500799972563982
case_027_real,humaneval,middle,real_route_replay,437,33,31,real,13.242424242424242,1,65,1.1018728412599712,route_weight,19,0.020128000527620316
case_027_real,humaneval,middle,real_route_replay,437,33,31,real,13.242424242424242,1,65,1.1018728412599712,route_weight,20,0.01462399959564209
case_027_real,humaneval,middle,real_route_replay,437,33,31,real,13.242424242424242,1,65,1.1018728412599712,route_weight,21,0.015135999768972397
case_027_real,humaneval,middle,real_route_replay,437,33,31,real,13.242424242424242,1,65,1.1018728412599712,route_weight,22,0.017343999817967415
case_027_real,humaneval,middle,real_route_replay,437,33,31,real,13.242424242424242,1,65,1.1018728412599712,route_weight,23,0.021376000717282295
case_027_real,humaneval,middle,real_route_replay,437,33,31,real,13.242424242424242,1,65,1.1018728412599712,route_weight,24,0.01692800037562847
case_027_real,humaneval,middle,real_route_replay,437,33,31,real,13.242424242424242,1,65,1.1018728412599712,route_weight,25,0.01568000018596649
case_027_real,humaneval,middle,real_route_replay,437,33,31,real,13.242424242424242,1,65,1.1018728412599712,route_weight,26,0.01600000075995922
case_027_real,humaneval,middle,real_route_replay,437,33,31,real,13.242424242424242,1,65,1.1018728412599712,route_weight,27,0.01548799965530634
case_027_real,humaneval,middle,real_route_replay,437,33,31,real,13.242424242424242,1,65,1.1018728412599712,route_weight,28,0.016543999314308167
case_027_real,humaneval,middle,real_route_replay,437,33,31,real,13.242424242424242,1,65,1.1018728412599712,route_weight,29,0.016287999227643013
case_027_real,humaneval,middle,real_route_replay,437,33,31,real,13.242424242424242,1,65,1.1018728412599712,route_weight,30,0.01375999953597784
case_027_real,humaneval,middle,real_route_replay,437,33,31,real,13.242424242424242,1,65,1.1018728412599712,route_weight,31,0.014431999996304512
case_027_real,humaneval,middle,real_route_replay,437,33,31,real,13.242424242424242,1,65,1.1018728412599712,route_weight,32,0.014720000326633453
case_027_real,humaneval,middle,real_route_replay,437,33,31,real,13.242424242424242,1,65,1.1018728412599712,route_weight,33,0.0144640002399683
case_027_real,humaneval,middle,real_route_replay,437,33,31,real,13.242424242424242,1,65,1.1018728412599712,route_weight,34,0.014399999752640724
case_027_real,humaneval,middle,real_route_replay,437,33,31,real,13.242424242424242,1,65,1.1018728412599712,route_weight,35,0.013952000066637993
case_027_real,humaneval,middle,real_route_replay,437,33,31,real,13.242424242424242,1,65,1.1018728412599712,route_weight,36,0.014431999996304512
case_027_real,humaneval,middle,real_route_replay,437,33,31,real,13.242424242424242,1,65,1.1018728412599712,route_weight,37,0.014368000440299511
case_027_real,humaneval,middle,real_route_replay,437,33,31,real,13.242424242424242,1,65,1.1018728412599712,route_weight,38,0.0161920003592968
case_027_real,humaneval,middle,real_route_replay,437,33,31,real,13.242424242424242,1,65,1.1018728412599712,route_weight,39,0.016607999801635742
case_027_real,humaneval,middle,real_route_replay,437,33,31,real,13.242424242424242,1,65,1.1018728412599712,down_full64_prebuilt,0,0.16512000560760498
case_027_real,humaneval,middle,real_route_replay,437,33,31,real,13.242424242424242,1,65,1.1018728412599712,down_full64_prebuilt,1,0.1470080018043518
case_027_real,humaneval,middle,real_route_replay,437,33,31,real,13.242424242424242,1,65,1.1018728412599712,down_full64_prebuilt,2,0.14342400431632996
case_027_real,humaneval,middle,real_route_replay,437,33,31,real,13.242424242424242,1,65,1.1018728412599712,down_full64_prebuilt,3,0.14182400703430176
case_027_real,humaneval,middle,real_route_replay,437,33,31,real,13.242424242424242,1,65,1.1018728412599712,down_full64_prebuilt,4,0.14246399700641632
case_027_real,humaneval,middle,real_route_replay,437,33,31,real,13.242424242424242,1,65,1.1018728412599712,down_full64_prebuilt,5,0.1424960047006607
case_027_real,humaneval,middle,real_route_replay,437,33,31,real,13.242424242424242,1,65,1.1018728412599712,down_full64_prebuilt,6,0.14060799777507782
case_027_real,humaneval,middle,real_route_replay,437,33,31,real,13.242424242424242,1,65,1.1018728412599712,down_full64_prebuilt,7,0.14262400567531586
case_027_real,humaneval,middle,real_route_replay,437,33,31,real,13.242424242424242,1,65,1.1018728412599712,down_full64_prebuilt,8,0.14032000303268433
case_027_real,humaneval,middle,real_route_replay,437,33,31,real,13.242424242424242,1,65,1.1018728412599712,down_full64_prebuilt,9,0.14259199798107147
case_027_real,humaneval,middle,real_route_replay,437,33,31,real,13.242424242424242,1,65,1.1018728412599712,down_full64_prebuilt,10,0.14323200285434723
case_027_real,humaneval,middle,real_route_replay,437,33,31,real,13.242424242424242,1,65,1.1018728412599712,down_full64_prebuilt,11,0.1526080071926117
case_027_real,humaneval,middle,real_route_replay,437,33,31,real,13.242424242424242,1,65,1.1018728412599712,down_full64_prebuilt,12,0.14560000598430634
case_027_real,humaneval,middle,real_route_replay,437,33,31,real,13.242424242424242,1,65,1.1018728412599712,down_full64_prebuilt,13,0.14156800508499146
case_027_real,humaneval,middle,real_route_replay,437,33,31,real,13.242424242424242,1,65,1.1018728412599712,down_full64_prebuilt,14,0.14287999272346497
case_027_real,humaneval,middle,real_route_replay,437,33,31,real,13.242424242424242,1,65,1.1018728412599712,down_full64_prebuilt,15,0.14681600034236908
case_027_real,humaneval,middle,real_route_replay,437,33,31,real,13.242424242424242,1,65,1.1018728412599712,down_full64_prebuilt,16,0.14499199390411377
case_027_real,humaneval,middle,real_route_replay,437,33,31,real,13.242424242424242,1,65,1.1018728412599712,down_full64_prebuilt,17,0.14556799829006195
case_027_real,humaneval,middle,real_route_replay,437,33,31,real,13.242424242424242,1,65,1.1018728412599712,down_full64_prebuilt,18,0.1451839953660965
case_027_real,humaneval,middle,real_route_replay,437,33,31,real,13.242424242424242,1,65,1.1018728412599712,down_full64_prebuilt,19,0.1404159963130951
case_027_real,humaneval,middle,real_route_replay,437,33,31,real,13.242424242424242,1,65,1.1018728412599712,down_full64_prebuilt,20,0.143327996134758
case_027_real,humaneval,middle,real_route_replay,437,33,31,real,13.242424242424242,1,65,1.1018728412599712,down_full64_prebuilt,21,0.14239999651908875
case_027_real,humaneval,middle,real_route_replay,437,33,31,real,13.242424242424242,1,65,1.1018728412599712,down_full64_prebuilt,22,0.14428800344467163
case_027_real,humaneval,middle,real_route_replay,437,33,31,real,13.242424242424242,1,65,1.1018728412599712,down_full64_prebuilt,23,0.14406399428844452
case_027_real,humaneval,middle,real_route_replay,437,33,31,real,13.242424242424242,1,65,1.1018728412599712,down_full64_prebuilt,24,0.1480959951877594
case_027_real,humaneval,middle,real_route_replay,437,33,31,real,13.242424242424242,1,65,1.1018728412599712,down_full64_prebuilt,25,0.14563199877738953
case_027_real,humaneval,middle,real_route_replay,437,33,31,real,13.242424242424242,1,65,1.1018728412599712,down_full64_prebuilt,26,0.14377599954605103
case_027_real,humaneval,middle,real_route_replay,437,33,31,real,13.242424242424242,1,65,1.1018728412599712,down_full64_prebuilt,27,0.14345599710941315
case_027_real,humaneval,middle,real_route_replay,437,33,31,real,13.242424242424242,1,65,1.1018728412599712,down_full64_prebuilt,28,0.14416000247001648
case_027_real,humaneval,middle,real_route_replay,437,33,31,real,13.242424242424242,1,65,1.1018728412599712,down_full64_prebuilt,29,0.14630399644374847
case_027_real,humaneval,middle,real_route_replay,437,33,31,real,13.242424242424242,1,65,1.1018728412599712,down_full64_prebuilt,30,0.15769599378108978
case_027_real,humaneval,middle,real_route_replay,437,33,31,real,13.242424242424242,1,65,1.1018728412599712,down_full64_prebuilt,31,0.14508800208568573
case_027_real,humaneval,middle,real_route_replay,437,33,31,real,13.242424242424242,1,65,1.1018728412599712,down_full64_prebuilt,32,0.1420159935951233
case_027_real,humaneval,middle,real_route_replay,437,33,31,real,13.242424242424242,1,65,1.1018728412599712,down_full64_prebuilt,33,0.1414400041103363
case_027_real,humaneval,middle,real_route_replay,437,33,31,real,13.242424242424242,1,65,1.1018728412599712,down_full64_prebuilt,34,0.14851200580596924
case_027_real,humaneval,middle,real_route_replay,437,33,31,real,13.242424242424242,1,65,1.1018728412599712,down_full64_prebuilt,35,0.1483840048313141
case_027_real,humaneval,middle,real_route_replay,437,33,31,real,13.242424242424242,1,65,1.1018728412599712,down_full64_prebuilt,36,0.14851200580596924
case_027_real,humaneval,middle,real_route_replay,437,33,31,real,13.242424242424242,1,65,1.1018728412599712,down_full64_prebuilt,37,0.14953599870204926
case_027_real,humaneval,middle,real_route_replay,437,33,31,real,13.242424242424242,1,65,1.1018728412599712,down_full64_prebuilt,38,0.14979200065135956
case_027_real,humaneval,middle,real_route_replay,437,33,31,real,13.242424242424242,1,65,1.1018728412599712,down_full64_prebuilt,39,0.14777599275112152
case_028_real,humaneval,middle,real_route_replay,539,46,18,real,11.717391304347826,1,62,1.2355449117414123,gate_up_full64_prebuilt,0,0.32815998792648315
case_028_real,humaneval,middle,real_route_replay,539,46,18,real,11.717391304347826,1,62,1.2355449117414123,gate_up_full64_prebuilt,1,0.3109759986400604
case_028_real,humaneval,middle,real_route_replay,539,46,18,real,11.717391304347826,1,62,1.2355449117414123,gate_up_full64_prebuilt,2,0.31273600459098816
case_028_real,humaneval,middle,real_route_replay,539,46,18,real,11.717391304347826,1,62,1.2355449117414123,gate_up_full64_prebuilt,3,0.3096959888935089
case_028_real,humaneval,middle,real_route_replay,539,46,18,real,11.717391304347826,1,62,1.2355449117414123,gate_up_full64_prebuilt,4,0.3103039860725403
case_028_real,humaneval,middle,real_route_replay,539,46,18,real,11.717391304347826,1,62,1.2355449117414123,gate_up_full64_prebuilt,5,0.313728004693985
case_028_real,humaneval,middle,real_route_replay,539,46,18,real,11.717391304347826,1,62,1.2355449117414123,gate_up_full64_prebuilt,6,0.30720001459121704
case_028_real,humaneval,middle,real_route_replay,539,46,18,real,11.717391304347826,1,62,1.2355449117414123,gate_up_full64_prebuilt,7,0.3155199885368347
case_028_real,humaneval,middle,real_route_replay,539,46,18,real,11.717391304347826,1,62,1.2355449117414123,gate_up_full64_prebuilt,8,0.3099200129508972
case_028_real,humaneval,middle,real_route_replay,539,46,18,real,11.717391304347826,1,62,1.2355449117414123,gate_up_full64_prebuilt,9,0.30748799443244934
case_028_real,humaneval,middle,real_route_replay,539,46,18,real,11.717391304347826,1,62,1.2355449117414123,gate_up_full64_prebuilt,10,0.3068479895591736
case_028_real,humaneval,middle,real_route_replay,539,46,18,real,11.717391304347826,1,62,1.2355449117414123,gate_up_full64_prebuilt,11,0.3068160116672516
case_028_real,humaneval,middle,real_route_replay,539,46,18,real,11.717391304347826,1,62,1.2355449117414123,gate_up_full64_prebuilt,12,0.3084479868412018
case_028_real,humaneval,middle,real_route_replay,539,46,18,real,11.717391304347826,1,62,1.2355449117414123,gate_up_full64_prebuilt,13,0.31014400720596313
case_028_real,humaneval,middle,real_route_replay,539,46,18,real,11.717391304347826,1,62,1.2355449117414123,gate_up_full64_prebuilt,14,0.3139519989490509
case_028_real,humaneval,middle,real_route_replay,539,46,18,real,11.717391304347826,1,62,1.2355449117414123,gate_up_full64_prebuilt,15,0.31593599915504456
case_028_real,humaneval,middle,real_route_replay,539,46,18,real,11.717391304347826,1,62,1.2355449117414123,gate_up_full64_prebuilt,16,0.3146879971027374
case_028_real,humaneval,middle,real_route_replay,539,46,18,real,11.717391304347826,1,62,1.2355449117414123,gate_up_full64_prebuilt,17,0.316895991563797
case_028_real,humaneval,middle,real_route_replay,539,46,18,real,11.717391304347826,1,62,1.2355449117414123,gate_up_full64_prebuilt,18,0.32307198643684387
case_028_real,humaneval,middle,real_route_replay,539,46,18,real,11.717391304347826,1,62,1.2355449117414123,gate_up_full64_prebuilt,19,0.3202880024909973
case_028_real,humaneval,middle,real_route_replay,539,46,18,real,11.717391304347826,1,62,1.2355449117414123,gate_up_full64_prebuilt,20,0.3126719892024994
case_028_real,humaneval,middle,real_route_replay,539,46,18,real,11.717391304347826,1,62,1.2355449117414123,gate_up_full64_prebuilt,21,0.3113600015640259
case_028_real,humaneval,middle,real_route_replay,539,46,18,real,11.717391304347826,1,62,1.2355449117414123,gate_up_full64_prebuilt,22,0.3123840093612671
case_028_real,humaneval,middle,real_route_replay,539,46,18,real,11.717391304347826,1,62,1.2355449117414123,gate_up_full64_prebuilt,23,0.3158079981803894
case_028_real,humaneval,middle,real_route_replay,539,46,18,real,11.717391304347826,1,62,1.2355449117414123,gate_up_full64_prebuilt,24,0.3070720136165619
case_028_real,humaneval,middle,real_route_replay,539,46,18,real,11.717391304347826,1,62,1.2355449117414123,gate_up_full64_prebuilt,25,0.30963200330734253
case_028_real,humaneval,middle,real_route_replay,539,46,18,real,11.717391304347826,1,62,1.2355449117414123,gate_up_full64_prebuilt,26,0.3091520071029663
case_028_real,humaneval,middle,real_route_replay,539,46,18,real,11.717391304347826,1,62,1.2355449117414123,gate_up_full64_prebuilt,27,0.3105599880218506
case_028_real,humaneval,middle,real_route_replay,539,46,18,real,11.717391304347826,1,62,1.2355449117414123,gate_up_full64_prebuilt,28,0.30617600679397583
case_028_real,humaneval,middle,real_route_replay,539,46,18,real,11.717391304347826,1,62,1.2355449117414123,gate_up_full64_prebuilt,29,0.30768001079559326
case_028_real,humaneval,middle,real_route_replay,539,46,18,real,11.717391304347826,1,62,1.2355449117414123,gate_up_full64_prebuilt,30,0.3126719892024994
case_028_real,humaneval,middle,real_route_replay,539,46,18,real,11.717391304347826,1,62,1.2355449117414123,gate_up_full64_prebuilt,31,0.30880001187324524
case_028_real,humaneval,middle,real_route_replay,539,46,18,real,11.717391304347826,1,62,1.2355449117414123,gate_up_full64_prebuilt,32,0.31276801228523254
case_028_real,humaneval,middle,real_route_replay,539,46,18,real,11.717391304347826,1,62,1.2355449117414123,gate_up_full64_prebuilt,33,0.31356799602508545
case_028_real,humaneval,middle,real_route_replay,539,46,18,real,11.717391304347826,1,62,1.2355449117414123,gate_up_full64_prebuilt,34,0.31679999828338623
case_028_real,humaneval,middle,real_route_replay,539,46,18,real,11.717391304347826,1,62,1.2355449117414123,gate_up_full64_prebuilt,35,0.318015992641449
case_028_real,humaneval,middle,real_route_replay,539,46,18,real,11.717391304347826,1,62,1.2355449117414123,gate_up_full64_prebuilt,36,0.31510400772094727
case_028_real,humaneval,middle,real_route_replay,539,46,18,real,11.717391304347826,1,62,1.2355449117414123,gate_up_full64_prebuilt,37,0.321727991104126
case_028_real,humaneval,middle,real_route_replay,539,46,18,real,11.717391304347826,1,62,1.2355449117414123,gate_up_full64_prebuilt,38,0.3214080035686493
case_028_real,humaneval,middle,real_route_replay,539,46,18,real,11.717391304347826,1,62,1.2355449117414123,gate_up_full64_prebuilt,39,0.31040000915527344
case_028_real,humaneval,middle,real_route_replay,539,46,18,real,11.717391304347826,1,62,1.2355449117414123,route_weight,0,0.017376000061631203
case_028_real,humaneval,middle,real_route_replay,539,46,18,real,11.717391304347826,1,62,1.2355449117414123,route_weight,1,0.01603199914097786
case_028_real,humaneval,middle,real_route_replay,539,46,18,real,11.717391304347826,1,62,1.2355449117414123,route_weight,2,0.01820800080895424
case_028_real,humaneval,middle,real_route_replay,539,46,18,real,11.717391304347826,1,62,1.2355449117414123,route_weight,3,0.01583999954164028
case_028_real,humaneval,middle,real_route_replay,539,46,18,real,11.717391304347826,1,62,1.2355449117414123,route_weight,4,0.016095999628305435
case_028_real,humaneval,middle,real_route_replay,539,46,18,real,11.717391304347826,1,62,1.2355449117414123,route_weight,5,0.015200000256299973
case_028_real,humaneval,middle,real_route_replay,539,46,18,real,11.717391304347826,1,62,1.2355449117414123,route_weight,6,0.014336000196635723
case_028_real,humaneval,middle,real_route_replay,539,46,18,real,11.717391304347826,1,62,1.2355449117414123,route_weight,7,0.015647999942302704
case_028_real,humaneval,middle,real_route_replay,539,46,18,real,11.717391304347826,1,62,1.2355449117414123,route_weight,8,0.015359999611973763
case_028_real,humaneval,middle,real_route_replay,539,46,18,real,11.717391304347826,1,62,1.2355449117414123,route_weight,9,0.014688000082969666
case_028_real,humaneval,middle,real_route_replay,539,46,18,real,11.717391304347826,1,62,1.2355449117414123,route_weight,10,0.014944000169634819
case_028_real,humaneval,middle,real_route_replay,539,46,18,real,11.717391304347826,1,62,1.2355449117414123,route_weight,11,0.015072000212967396
case_028_real,humaneval,middle,real_route_replay,539,46,18,real,11.717391304347826,1,62,1.2355449117414123,route_weight,12,0.014560000039637089
case_028_real,humaneval,middle,real_route_replay,539,46,18,real,11.717391304347826,1,62,1.2355449117414123,route_weight,13,0.014783999882638454
case_028_real,humaneval,middle,real_route_replay,539,46,18,real,11.717391304347826,1,62,1.2355449117414123,route_weight,14,0.014112000353634357
case_028_real,humaneval,middle,real_route_replay,539,46,18,real,11.717391304347826,1,62,1.2355449117414123,route_weight,15,0.01744000054895878
case_028_real,humaneval,middle,real_route_replay,539,46,18,real,11.717391304347826,1,62,1.2355449117414123,route_weight,16,0.016224000602960587
case_028_real,humaneval,middle,real_route_replay,539,46,18,real,11.717391304347826,1,62,1.2355449117414123,route_weight,17,0.016127999871969223
case_028_real,humaneval,middle,real_route_replay,539,46,18,real,11.717391304347826,1,62,1.2355449117414123,route_weight,18,0.015552000142633915
case_028_real,humaneval,middle,real_route_replay,539,46,18,real,11.717391304347826,1,62,1.2355449117414123,route_weight,19,0.01583999954164028
case_028_real,humaneval,middle,real_route_replay,539,46,18,real,11.717391304347826,1,62,1.2355449117414123,route_weight,20,0.014527999795973301
case_028_real,humaneval,middle,real_route_replay,539,46,18,real,11.717391304347826,1,62,1.2355449117414123,route_weight,21,0.014751999638974667
case_028_real,humaneval,middle,real_route_replay,539,46,18,real,11.717391304347826,1,62,1.2355449117414123,route_weight,22,0.014495999552309513
case_028_real,humaneval,middle,real_route_replay,539,46,18,real,11.717391304347826,1,62,1.2355449117414123,route_weight,23,0.014720000326633453
case_028_real,humaneval,middle,real_route_replay,539,46,18,real,11.717391304347826,1,62,1.2355449117414123,route_weight,24,0.01648000068962574
case_028_real,humaneval,middle,real_route_replay,539,46,18,real,11.717391304347826,1,62,1.2355449117414123,route_weight,25,0.015296000055968761
case_028_real,humaneval,middle,real_route_replay,539,46,18,real,11.717391304347826,1,62,1.2355449117414123,route_weight,26,0.014816000126302242
case_028_real,humaneval,middle,real_route_replay,539,46,18,real,11.717391304347826,1,62,1.2355449117414123,route_weight,27,0.0144640002399683
case_028_real,humaneval,middle,real_route_replay,539,46,18,real,11.717391304347826,1,62,1.2355449117414123,route_weight,28,0.016896000131964684
case_028_real,humaneval,middle,real_route_replay,539,46,18,real,11.717391304347826,1,62,1.2355449117414123,route_weight,29,0.01583999954164028
case_028_real,humaneval,middle,real_route_replay,539,46,18,real,11.717391304347826,1,62,1.2355449117414123,route_weight,30,0.014911999925971031
case_028_real,humaneval,middle,real_route_replay,539,46,18,real,11.717391304347826,1,62,1.2355449117414123,route_weight,31,0.01539199985563755
case_028_real,humaneval,middle,real_route_replay,539,46,18,real,11.717391304347826,1,62,1.2355449117414123,route_weight,32,0.017696000635623932
case_028_real,humaneval,middle,real_route_replay,539,46,18,real,11.717391304347826,1,62,1.2355449117414123,route_weight,33,0.01635199971497059
case_028_real,humaneval,middle,real_route_replay,539,46,18,real,11.717391304347826,1,62,1.2355449117414123,route_weight,34,0.01568000018596649
case_028_real,humaneval,middle,real_route_replay,539,46,18,real,11.717391304347826,1,62,1.2355449117414123,route_weight,35,0.015039999969303608
case_028_real,humaneval,middle,real_route_replay,539,46,18,real,11.717391304347826,1,62,1.2355449117414123,route_weight,36,0.014944000169634819
case_028_real,humaneval,middle,real_route_replay,539,46,18,real,11.717391304347826,1,62,1.2355449117414123,route_weight,37,0.015263999812304974
case_028_real,humaneval,middle,real_route_replay,539,46,18,real,11.717391304347826,1,62,1.2355449117414123,route_weight,38,0.014751999638974667
case_028_real,humaneval,middle,real_route_replay,539,46,18,real,11.717391304347826,1,62,1.2355449117414123,route_weight,39,0.014944000169634819
case_028_real,humaneval,middle,real_route_replay,539,46,18,real,11.717391304347826,1,62,1.2355449117414123,down_full64_prebuilt,0,0.19631999731063843
case_028_real,humaneval,middle,real_route_replay,539,46,18,real,11.717391304347826,1,62,1.2355449117414123,down_full64_prebuilt,1,0.18928000330924988
case_028_real,humaneval,middle,real_route_replay,539,46,18,real,11.717391304347826,1,62,1.2355449117414123,down_full64_prebuilt,2,0.18796800076961517
case_028_real,humaneval,middle,real_route_replay,539,46,18,real,11.717391304347826,1,62,1.2355449117414123,down_full64_prebuilt,3,0.18886399269104004
case_028_real,humaneval,middle,real_route_replay,539,46,18,real,11.717391304347826,1,62,1.2355449117414123,down_full64_prebuilt,4,0.1902720034122467
case_028_real,humaneval,middle,real_route_replay,539,46,18,real,11.717391304347826,1,62,1.2355449117414123,down_full64_prebuilt,5,0.1871359944343567
case_028_real,humaneval,middle,real_route_replay,539,46,18,real,11.717391304347826,1,62,1.2355449117414123,down_full64_prebuilt,6,0.19062399864196777
case_028_real,humaneval,middle,real_route_replay,539,46,18,real,11.717391304347826,1,62,1.2355449117414123,down_full64_prebuilt,7,0.19228799641132355
case_028_real,humaneval,middle,real_route_replay,539,46,18,real,11.717391304347826,1,62,1.2355449117414123,down_full64_prebuilt,8,0.19283199310302734
case_028_real,humaneval,middle,real_route_replay,539,46,18,real,11.717391304347826,1,62,1.2355449117414123,down_full64_prebuilt,9,0.19564799964427948
case_028_real,humaneval,middle,real_route_replay,539,46,18,real,11.717391304347826,1,62,1.2355449117414123,down_full64_prebuilt,10,0.1971520036458969
case_028_real,humaneval,middle,real_route_replay,539,46,18,real,11.717391304347826,1,62,1.2355449117414123,down_full64_prebuilt,11,0.19404800236225128
case_028_real,humaneval,middle,real_route_replay,539,46,18,real,11.717391304347826,1,62,1.2355449117414123,down_full64_prebuilt,12,0.19494399428367615
case_028_real,humaneval,middle,real_route_replay,539,46,18,real,11.717391304347826,1,62,1.2355449117414123,down_full64_prebuilt,13,0.19651199877262115
case_028_real,humaneval,middle,real_route_replay,539,46,18,real,11.717391304347826,1,62,1.2355449117414123,down_full64_prebuilt,14,0.19526399672031403
case_028_real,humaneval,middle,real_route_replay,539,46,18,real,11.717391304347826,1,62,1.2355449117414123,down_full64_prebuilt,15,0.20028799772262573
case_028_real,humaneval,middle,real_route_replay,539,46,18,real,11.717391304347826,1,62,1.2355449117414123,down_full64_prebuilt,16,0.1998399943113327
case_028_real,humaneval,middle,real_route_replay,539,46,18,real,11.717391304347826,1,62,1.2355449117414123,down_full64_prebuilt,17,0.19833600521087646
case_028_real,humaneval,middle,real_route_replay,539,46,18,real,11.717391304347826,1,62,1.2355449117414123,down_full64_prebuilt,18,0.20051200687885284
case_028_real,humaneval,middle,real_route_replay,539,46,18,real,11.717391304347826,1,62,1.2355449117414123,down_full64_prebuilt,19,0.19619199633598328
case_028_real,humaneval,middle,real_route_replay,539,46,18,real,11.717391304347826,1,62,1.2355449117414123,down_full64_prebuilt,20,0.19459199905395508
case_028_real,humaneval,middle,real_route_replay,539,46,18,real,11.717391304347826,1,62,1.2355449117414123,down_full64_prebuilt,21,0.20691199600696564
case_028_real,humaneval,middle,real_route_replay,539,46,18,real,11.717391304347826,1,62,1.2355449117414123,down_full64_prebuilt,22,0.19193600118160248
case_028_real,humaneval,middle,real_route_replay,539,46,18,real,11.717391304347826,1,62,1.2355449117414123,down_full64_prebuilt,23,0.20003199577331543
case_028_real,humaneval,middle,real_route_replay,539,46,18,real,11.717391304347826,1,62,1.2355449117414123,down_full64_prebuilt,24,0.19072000682353973
case_028_real,humaneval,middle,real_route_replay,539,46,18,real,11.717391304347826,1,62,1.2355449117414123,down_full64_prebuilt,25,0.1902720034122467
case_028_real,humaneval,middle,real_route_replay,539,46,18,real,11.717391304347826,1,62,1.2355449117414123,down_full64_prebuilt,26,0.18860800564289093
case_028_real,humaneval,middle,real_route_replay,539,46,18,real,11.717391304347826,1,62,1.2355449117414123,down_full64_prebuilt,27,0.18783999979496002
case_028_real,humaneval,middle,real_route_replay,539,46,18,real,11.717391304347826,1,62,1.2355449117414123,down_full64_prebuilt,28,0.1884479969739914
case_028_real,humaneval,middle,real_route_replay,539,46,18,real,11.717391304347826,1,62,1.2355449117414123,down_full64_prebuilt,29,0.18940800428390503
case_028_real,humaneval,middle,real_route_replay,539,46,18,real,11.717391304347826,1,62,1.2355449117414123,down_full64_prebuilt,30,0.1897599995136261
case_028_real,humaneval,middle,real_route_replay,539,46,18,real,11.717391304347826,1,62,1.2355449117414123,down_full64_prebuilt,31,0.1870719939470291
case_028_real,humaneval,middle,real_route_replay,539,46,18,real,11.717391304347826,1,62,1.2355449117414123,down_full64_prebuilt,32,0.18937599658966064
case_028_real,humaneval,middle,real_route_replay,539,46,18,real,11.717391304347826,1,62,1.2355449117414123,down_full64_prebuilt,33,0.18966400623321533
case_028_real,humaneval,middle,real_route_replay,539,46,18,real,11.717391304347826,1,62,1.2355449117414123,down_full64_prebuilt,34,0.18812799453735352
case_028_real,humaneval,middle,real_route_replay,539,46,18,real,11.717391304347826,1,62,1.2355449117414123,down_full64_prebuilt,35,0.18803200125694275
case_028_real,humaneval,middle,real_route_replay,539,46,18,real,11.717391304347826,1,62,1.2355449117414123,down_full64_prebuilt,36,0.19443200528621674
case_028_real,humaneval,middle,real_route_replay,539,46,18,real,11.717391304347826,1,62,1.2355449117414123,down_full64_prebuilt,37,0.19088000059127808
case_028_real,humaneval,middle,real_route_replay,539,46,18,real,11.717391304347826,1,62,1.2355449117414123,down_full64_prebuilt,38,0.18848000466823578
case_028_real,humaneval,middle,real_route_replay,539,46,18,real,11.717391304347826,1,62,1.2355449117414123,down_full64_prebuilt,39,0.18598400056362152
case_028_real,humaneval,middle,real_route_replay,539,46,18,real,11.717391304347826,1,62,1.2355449117414123,gate_up_active_prebuilt,0,0.3224000036716461
case_028_real,humaneval,middle,real_route_replay,539,46,18,real,11.717391304347826,1,62,1.2355449117414123,gate_up_active_prebuilt,1,0.3091840147972107
case_028_real,humaneval,middle,real_route_replay,539,46,18,real,11.717391304347826,1,62,1.2355449117414123,gate_up_active_prebuilt,2,0.30745598673820496
case_028_real,humaneval,middle,real_route_replay,539,46,18,real,11.717391304347826,1,62,1.2355449117414123,gate_up_active_prebuilt,3,0.31596800684928894
case_028_real,humaneval,middle,real_route_replay,539,46,18,real,11.717391304347826,1,62,1.2355449117414123,gate_up_active_prebuilt,4,0.31699201464653015
case_028_real,humaneval,middle,real_route_replay,539,46,18,real,11.717391304347826,1,62,1.2355449117414123,gate_up_active_prebuilt,5,0.32041600346565247
case_028_real,humaneval,middle,real_route_replay,539,46,18,real,11.717391304347826,1,62,1.2355449117414123,gate_up_active_prebuilt,6,0.3165760040283203
case_028_real,humaneval,middle,real_route_replay,539,46,18,real,11.717391304347826,1,62,1.2355449117414123,gate_up_active_prebuilt,7,0.32307198643684387
case_028_real,humaneval,middle,real_route_replay,539,46,18,real,11.717391304347826,1,62,1.2355449117414123,gate_up_active_prebuilt,8,0.3258560001850128
case_028_real,humaneval,middle,real_route_replay,539,46,18,real,11.717391304347826,1,62,1.2355449117414123,gate_up_active_prebuilt,9,0.3221440017223358
case_028_real,humaneval,middle,real_route_replay,539,46,18,real,11.717391304347826,1,62,1.2355449117414123,gate_up_active_prebuilt,10,0.31696000695228577
case_028_real,humaneval,middle,real_route_replay,539,46,18,real,11.717391304347826,1,62,1.2355449117414123,gate_up_active_prebuilt,11,0.31993600726127625
case_028_real,humaneval,middle,real_route_replay,539,46,18,real,11.717391304347826,1,62,1.2355449117414123,gate_up_active_prebuilt,12,0.32025599479675293
case_028_real,humaneval,middle,real_route_replay,539,46,18,real,11.717391304347826,1,62,1.2355449117414123,gate_up_active_prebuilt,13,0.3192960023880005
case_028_real,humaneval,middle,real_route_replay,539,46,18,real,11.717391304347826,1,62,1.2355449117414123,gate_up_active_prebuilt,14,0.3166080117225647
case_028_real,humaneval,middle,real_route_replay,539,46,18,real,11.717391304347826,1,62,1.2355449117414123,gate_up_active_prebuilt,15,0.3145599961280823
case_028_real,humaneval,middle,real_route_replay,539,46,18,real,11.717391304347826,1,62,1.2355449117414123,gate_up_active_prebuilt,16,0.3240959942340851
case_028_real,humaneval,middle,real_route_replay,539,46,18,real,11.717391304347826,1,62,1.2355449117414123,gate_up_active_prebuilt,17,0.3195520043373108
case_028_real,humaneval,middle,real_route_replay,539,46,18,real,11.717391304347826,1,62,1.2355449117414123,gate_up_active_prebuilt,18,0.31836798787117004
case_028_real,humaneval,middle,real_route_replay,539,46,18,real,11.717391304347826,1,62,1.2355449117414123,gate_up_active_prebuilt,19,0.31750398874282837
case_028_real,humaneval,middle,real_route_replay,539,46,18,real,11.717391304347826,1,62,1.2355449117414123,gate_up_active_prebuilt,20,0.3148159980773926
case_028_real,humaneval,middle,real_route_replay,539,46,18,real,11.717391304347826,1,62,1.2355449117414123,gate_up_active_prebuilt,21,0.3198080062866211
case_028_real,humaneval,middle,real_route_replay,539,46,18,real,11.717391304347826,1,62,1.2355449117414123,gate_up_active_prebuilt,22,0.31539198756217957
case_028_real,humaneval,middle,real_route_replay,539,46,18,real,11.717391304347826,1,62,1.2355449117414123,gate_up_active_prebuilt,23,0.3154880106449127
case_028_real,humaneval,middle,real_route_replay,539,46,18,real,11.717391304347826,1,62,1.2355449117414123,gate_up_active_prebuilt,24,0.31542399525642395
case_028_real,humaneval,middle,real_route_replay,539,46,18,real,11.717391304347826,1,62,1.2355449117414123,gate_up_active_prebuilt,25,0.31433600187301636
case_028_real,humaneval,middle,real_route_replay,539,46,18,real,11.717391304347826,1,62,1.2355449117414123,gate_up_active_prebuilt,26,0.31251201033592224
case_028_real,humaneval,middle,real_route_replay,539,46,18,real,11.717391304347826,1,62,1.2355449117414123,gate_up_active_prebuilt,27,0.309471994638443
case_028_real,humaneval,middle,real_route_replay,539,46,18,real,11.717391304347826,1,62,1.2355449117414123,gate_up_active_prebuilt,28,0.3086079955101013
case_028_real,humaneval,middle,real_route_replay,539,46,18,real,11.717391304347826,1,62,1.2355449117414123,gate_up_active_prebuilt,29,0.3101760149002075
case_028_real,humaneval,middle,real_route_replay,539,46,18,real,11.717391304347826,1,62,1.2355449117414123,gate_up_active_prebuilt,30,0.3070720136165619
case_028_real,humaneval,middle,real_route_replay,539,46,18,real,11.717391304347826,1,62,1.2355449117414123,gate_up_active_prebuilt,31,0.3116160035133362
case_028_real,humaneval,middle,real_route_replay,539,46,18,real,11.717391304347826,1,62,1.2355449117414123,gate_up_active_prebuilt,32,0.31033599376678467
case_028_real,humaneval,middle,real_route_replay,539,46,18,real,11.717391304347826,1,62,1.2355449117414123,gate_up_active_prebuilt,33,0.306335985660553
case_028_real,humaneval,middle,real_route_replay,539,46,18,real,11.717391304347826,1,62,1.2355449117414123,gate_up_active_prebuilt,34,0.3080959916114807
case_028_real,humaneval,middle,real_route_replay,539,46,18,real,11.717391304347826,1,62,1.2355449117414123,gate_up_active_prebuilt,35,0.3086400032043457
case_028_real,humaneval,middle,real_route_replay,539,46,18,real,11.717391304347826,1,62,1.2355449117414123,gate_up_active_prebuilt,36,0.3105280101299286
case_028_real,humaneval,middle,real_route_replay,539,46,18,real,11.717391304347826,1,62,1.2355449117414123,gate_up_active_prebuilt,37,0.3200959861278534
case_028_real,humaneval,middle,real_route_replay,539,46,18,real,11.717391304347826,1,62,1.2355449117414123,gate_up_active_prebuilt,38,0.3210560083389282
case_028_real,humaneval,middle,real_route_replay,539,46,18,real,11.717391304347826,1,62,1.2355449117414123,gate_up_active_prebuilt,39,0.3173759877681732
case_028_real,humaneval,middle,real_route_replay,539,46,18,real,11.717391304347826,1,62,1.2355449117414123,swiglu,0,0.04505600035190582
case_028_real,humaneval,middle,real_route_replay,539,46,18,real,11.717391304347826,1,62,1.2355449117414123,swiglu,1,0.04012800008058548
case_028_real,humaneval,middle,real_route_replay,539,46,18,real,11.717391304347826,1,62,1.2355449117414123,swiglu,2,0.03843199834227562
case_028_real,humaneval,middle,real_route_replay,539,46,18,real,11.717391304347826,1,62,1.2355449117414123,swiglu,3,0.039103999733924866
case_028_real,humaneval,middle,real_route_replay,539,46,18,real,11.717391304347826,1,62,1.2355449117414123,swiglu,4,0.02454400062561035
case_028_real,humaneval,middle,real_route_replay,539,46,18,real,11.717391304347826,1,62,1.2355449117414123,swiglu,5,0.02175999991595745
case_028_real,humaneval,middle,real_route_replay,539,46,18,real,11.717391304347826,1,62,1.2355449117414123,swiglu,6,0.02687999978661537
case_028_real,humaneval,middle,real_route_replay,539,46,18,real,11.717391304347826,1,62,1.2355449117414123,swiglu,7,0.0208320003002882
case_028_real,humaneval,middle,real_route_replay,539,46,18,real,11.717391304347826,1,62,1.2355449117414123,swiglu,8,0.02160000056028366
case_028_real,humaneval,middle,real_route_replay,539,46,18,real,11.717391304347826,1,62,1.2355449117414123,swiglu,9,0.020608000457286835
case_028_real,humaneval,middle,real_route_replay,539,46,18,real,11.717391304347826,1,62,1.2355449117414123,swiglu,10,0.022175999358296394
case_028_real,humaneval,middle,real_route_replay,539,46,18,real,11.717391304347826,1,62,1.2355449117414123,swiglu,11,0.022816000506281853
case_028_real,humaneval,middle,real_route_replay,539,46,18,real,11.717391304347826,1,62,1.2355449117414123,swiglu,12,0.022655999287962914
case_028_real,humaneval,middle,real_route_replay,539,46,18,real,11.717391304347826,1,62,1.2355449117414123,swiglu,13,0.021983999758958817
case_028_real,humaneval,middle,real_route_replay,539,46,18,real,11.717391304347826,1,62,1.2355449117414123,swiglu,14,0.020255999639630318
case_028_real,humaneval,middle,real_route_replay,539,46,18,real,11.717391304347826,1,62,1.2355449117414123,swiglu,15,0.019519999623298645
case_028_real,humaneval,middle,real_route_replay,539,46,18,real,11.717391304347826,1,62,1.2355449117414123,swiglu,16,0.020191999152302742
case_028_real,humaneval,middle,real_route_replay,539,46,18,real,11.717391304347826,1,62,1.2355449117414123,swiglu,17,0.021183999255299568
case_028_real,humaneval,middle,real_route_replay,539,46,18,real,11.717391304347826,1,62,1.2355449117414123,swiglu,18,0.02598400041460991
case_028_real,humaneval,middle,real_route_replay,539,46,18,real,11.717391304347826,1,62,1.2355449117414123,swiglu,19,0.021183999255299568
case_028_real,humaneval,middle,real_route_replay,539,46,18,real,11.717391304347826,1,62,1.2355449117414123,swiglu,20,0.020735999569296837
case_028_real,humaneval,middle,real_route_replay,539,46,18,real,11.717391304347826,1,62,1.2355449117414123,swiglu,21,0.021088000386953354
case_028_real,humaneval,middle,real_route_replay,539,46,18,real,11.717391304347826,1,62,1.2355449117414123,swiglu,22,0.020767999812960625
case_028_real,humaneval,middle,real_route_replay,539,46,18,real,11.717391304347826,1,62,1.2355449117414123,swiglu,23,0.023679999634623528
case_028_real,humaneval,middle,real_route_replay,539,46,18,real,11.717391304347826,1,62,1.2355449117414123,swiglu,24,0.023135999217629433
case_028_real,humaneval,middle,real_route_replay,539,46,18,real,11.717391304347826,1,62,1.2355449117414123,swiglu,25,0.02396799996495247
case_028_real,humaneval,middle,real_route_replay,539,46,18,real,11.717391304347826,1,62,1.2355449117414123,swiglu,26,0.020735999569296837
case_028_real,humaneval,middle,real_route_replay,539,46,18,real,11.717391304347826,1,62,1.2355449117414123,swiglu,27,0.020767999812960625
case_028_real,humaneval,middle,real_route_replay,539,46,18,real,11.717391304347826,1,62,1.2355449117414123,swiglu,28,0.020896000787615776
case_028_real,humaneval,middle,real_route_replay,539,46,18,real,11.717391304347826,1,62,1.2355449117414123,swiglu,29,0.02127999998629093
case_028_real,humaneval,middle,real_route_replay,539,46,18,real,11.717391304347826,1,62,1.2355449117414123,swiglu,30,0.026079999282956123
case_028_real,humaneval,middle,real_route_replay,539,46,18,real,11.717391304347826,1,62,1.2355449117414123,swiglu,31,0.021663999184966087
case_028_real,humaneval,middle,real_route_replay,539,46,18,real,11.717391304347826,1,62,1.2355449117414123,swiglu,32,0.021344000473618507
case_028_real,humaneval,middle,real_route_replay,539,46,18,real,11.717391304347826,1,62,1.2355449117414123,swiglu,33,0.02147199958562851
case_028_real,humaneval,middle,real_route_replay,539,46,18,real,11.717391304347826,1,62,1.2355449117414123,swiglu,34,0.021247999742627144
case_028_real,humaneval,middle,real_route_replay,539,46,18,real,11.717391304347826,1,62,1.2355449117414123,swiglu,35,0.023231999948620796
case_028_real,humaneval,middle,real_route_replay,539,46,18,real,11.717391304347826,1,62,1.2355449117414123,swiglu,36,0.023871999233961105
case_028_real,humaneval,middle,real_route_replay,539,46,18,real,11.717391304347826,1,62,1.2355449117414123,swiglu,37,0.02473600022494793
case_028_real,humaneval,middle,real_route_replay,539,46,18,real,11.717391304347826,1,62,1.2355449117414123,swiglu,38,0.021888000890612602
case_028_real,humaneval,middle,real_route_replay,539,46,18,real,11.717391304347826,1,62,1.2355449117414123,swiglu,39,0.022175999358296394
case_028_real,humaneval,middle,real_route_replay,539,46,18,real,11.717391304347826,1,62,1.2355449117414123,down_active_prebuilt,0,0.20070399343967438
case_028_real,humaneval,middle,real_route_replay,539,46,18,real,11.717391304347826,1,62,1.2355449117414123,down_active_prebuilt,1,0.18902400135993958
case_028_real,humaneval,middle,real_route_replay,539,46,18,real,11.717391304347826,1,62,1.2355449117414123,down_active_prebuilt,2,0.18796800076961517
case_028_real,humaneval,middle,real_route_replay,539,46,18,real,11.717391304347826,1,62,1.2355449117414123,down_active_prebuilt,3,0.1897599995136261
case_028_real,humaneval,middle,real_route_replay,539,46,18,real,11.717391304347826,1,62,1.2355449117414123,down_active_prebuilt,4,0.18652799725532532
case_028_real,humaneval,middle,real_route_replay,539,46,18,real,11.717391304347826,1,62,1.2355449117414123,down_active_prebuilt,5,0.18911999464035034
case_028_real,humaneval,middle,real_route_replay,539,46,18,real,11.717391304347826,1,62,1.2355449117414123,down_active_prebuilt,6,0.18505600094795227
case_028_real,humaneval,middle,real_route_replay,539,46,18,real,11.717391304347826,1,62,1.2355449117414123,down_active_prebuilt,7,0.18828800320625305
case_028_real,humaneval,middle,real_route_replay,539,46,18,real,11.717391304347826,1,62,1.2355449117414123,down_active_prebuilt,8,0.18854400515556335
case_028_real,humaneval,middle,real_route_replay,539,46,18,real,11.717391304347826,1,62,1.2355449117414123,down_active_prebuilt,9,0.1916159987449646
case_028_real,humaneval,middle,real_route_replay,539,46,18,real,11.717391304347826,1,62,1.2355449117414123,down_active_prebuilt,10,0.18588800728321075
case_028_real,humaneval,middle,real_route_replay,539,46,18,real,11.717391304347826,1,62,1.2355449117414123,down_active_prebuilt,11,0.187391996383667
case_028_real,humaneval,middle,real_route_replay,539,46,18,real,11.717391304347826,1,62,1.2355449117414123,down_active_prebuilt,12,0.18803200125694275
case_028_real,humaneval,middle,real_route_replay,539,46,18,real,11.717391304347826,1,62,1.2355449117414123,down_active_prebuilt,13,0.2019519954919815
case_028_real,humaneval,middle,real_route_replay,539,46,18,real,11.717391304347826,1,62,1.2355449117414123,down_active_prebuilt,14,0.19145600497722626
case_028_real,humaneval,middle,real_route_replay,539,46,18,real,11.717391304347826,1,62,1.2355449117414123,down_active_prebuilt,15,0.19404800236225128
case_028_real,humaneval,middle,real_route_replay,539,46,18,real,11.717391304347826,1,62,1.2355449117414123,down_active_prebuilt,16,0.1942719966173172
case_028_real,humaneval,middle,real_route_replay,539,46,18,real,11.717391304347826,1,62,1.2355449117414123,down_active_prebuilt,17,0.19599999487400055
case_028_real,humaneval,middle,real_route_replay,539,46,18,real,11.717391304347826,1,62,1.2355449117414123,down_active_prebuilt,18,0.1960960030555725
case_028_real,humaneval,middle,real_route_replay,539,46,18,real,11.717391304347826,1,62,1.2355449117414123,down_active_prebuilt,19,0.20422400534152985
case_028_real,humaneval,middle,real_route_replay,539,46,18,real,11.717391304347826,1,62,1.2355449117414123,down_active_prebuilt,20,0.19289599359035492
case_028_real,humaneval,middle,real_route_replay,539,46,18,real,11.717391304347826,1,62,1.2355449117414123,down_active_prebuilt,21,0.18799999356269836
case_028_real,humaneval,middle,real_route_replay,539,46,18,real,11.717391304347826,1,62,1.2355449117414123,down_active_prebuilt,22,0.18880000710487366
case_028_real,humaneval,middle,real_route_replay,539,46,18,real,11.717391304347826,1,62,1.2355449117414123,down_active_prebuilt,23,0.1894720047712326
case_028_real,humaneval,middle,real_route_replay,539,46,18,real,11.717391304347826,1,62,1.2355449117414123,down_active_prebuilt,24,0.18534399569034576
case_028_real,humaneval,middle,real_route_replay,539,46,18,real,11.717391304347826,1,62,1.2355449117414123,down_active_prebuilt,25,0.18544000387191772
case_028_real,humaneval,middle,real_route_replay,539,46,18,real,11.717391304347826,1,62,1.2355449117414123,down_active_prebuilt,26,0.187391996383667
case_028_real,humaneval,middle,real_route_replay,539,46,18,real,11.717391304347826,1,62,1.2355449117414123,down_active_prebuilt,27,0.18723200261592865
case_028_real,humaneval,middle,real_route_replay,539,46,18,real,11.717391304347826,1,62,1.2355449117414123,down_active_prebuilt,28,0.18940800428390503
case_028_real,humaneval,middle,real_route_replay,539,46,18,real,11.717391304347826,1,62,1.2355449117414123,down_active_prebuilt,29,0.18928000330924988
case_028_real,humaneval,middle,real_route_replay,539,46,18,real,11.717391304347826,1,62,1.2355449117414123,down_active_prebuilt,30,0.18547199666500092
case_028_real,humaneval,middle,real_route_replay,539,46,18,real,11.717391304347826,1,62,1.2355449117414123,down_active_prebuilt,31,0.1871359944343567
case_028_real,humaneval,middle,real_route_replay,539,46,18,real,11.717391304347826,1,62,1.2355449117414123,down_active_prebuilt,32,0.18995200097560883
case_028_real,humaneval,middle,real_route_replay,539,46,18,real,11.717391304347826,1,62,1.2355449117414123,down_active_prebuilt,33,0.18617600202560425
case_028_real,humaneval,middle,real_route_replay,539,46,18,real,11.717391304347826,1,62,1.2355449117414123,down_active_prebuilt,34,0.18671999871730804
case_028_real,humaneval,middle,real_route_replay,539,46,18,real,11.717391304347826,1,62,1.2355449117414123,down_active_prebuilt,35,0.19116799533367157
case_028_real,humaneval,middle,real_route_replay,539,46,18,real,11.717391304347826,1,62,1.2355449117414123,down_active_prebuilt,36,0.1887039989233017
case_028_real,humaneval,middle,real_route_replay,539,46,18,real,11.717391304347826,1,62,1.2355449117414123,down_active_prebuilt,37,0.19011199474334717
case_028_real,humaneval,middle,real_route_replay,539,46,18,real,11.717391304347826,1,62,1.2355449117414123,down_active_prebuilt,38,0.1855040043592453
case_028_real,humaneval,middle,real_route_replay,539,46,18,real,11.717391304347826,1,62,1.2355449117414123,down_active_prebuilt,39,0.18780800700187683
case_029_real,humaneval,middle,real_route_replay,864,41,23,real,21.073170731707318,1,409,3.033243982709267,gate_up_active_prebuilt,0,0.3072640001773834
case_029_real,humaneval,middle,real_route_replay,864,41,23,real,21.073170731707318,1,409,3.033243982709267,gate_up_active_prebuilt,1,0.29209598898887634
case_029_real,humaneval,middle,real_route_replay,864,41,23,real,21.073170731707318,1,409,3.033243982709267,gate_up_active_prebuilt,2,0.2877120077610016
case_029_real,humaneval,middle,real_route_replay,864,41,23,real,21.073170731707318,1,409,3.033243982709267,gate_up_active_prebuilt,3,0.28617599606513977
case_029_real,humaneval,middle,real_route_replay,864,41,23,real,21.073170731707318,1,409,3.033243982709267,gate_up_active_prebuilt,4,0.2889600098133087
case_029_real,humaneval,middle,real_route_replay,864,41,23,real,21.073170731707318,1,409,3.033243982709267,gate_up_active_prebuilt,5,0.28540799021720886
case_029_real,humaneval,middle,real_route_replay,864,41,23,real,21.073170731707318,1,409,3.033243982709267,gate_up_active_prebuilt,6,0.2847679853439331
case_029_real,humaneval,middle,real_route_replay,864,41,23,real,21.073170731707318,1,409,3.033243982709267,gate_up_active_prebuilt,7,0.28934401273727417
case_029_real,humaneval,middle,real_route_replay,864,41,23,real,21.073170731707318,1,409,3.033243982709267,gate_up_active_prebuilt,8,0.28969600796699524
case_029_real,humaneval,middle,real_route_replay,864,41,23,real,21.073170731707318,1,409,3.033243982709267,gate_up_active_prebuilt,9,0.29872000217437744
case_029_real,humaneval,middle,real_route_replay,864,41,23,real,21.073170731707318,1,409,3.033243982709267,gate_up_active_prebuilt,10,0.2884480059146881
case_029_real,humaneval,middle,real_route_replay,864,41,23,real,21.073170731707318,1,409,3.033243982709267,gate_up_active_prebuilt,11,0.2844800055027008
case_029_real,humaneval,middle,real_route_replay,864,41,23,real,21.073170731707318,1,409,3.033243982709267,gate_up_active_prebuilt,12,0.2863039970397949
case_029_real,humaneval,middle,real_route_replay,864,41,23,real,21.073170731707318,1,409,3.033243982709267,gate_up_active_prebuilt,13,0.28409600257873535
case_029_real,humaneval,middle,real_route_replay,864,41,23,real,21.073170731707318,1,409,3.033243982709267,gate_up_active_prebuilt,14,0.28438401222229004
case_029_real,humaneval,middle,real_route_replay,864,41,23,real,21.073170731707318,1,409,3.033243982709267,gate_up_active_prebuilt,15,0.2871040105819702
case_029_real,humaneval,middle,real_route_replay,864,41,23,real,21.073170731707318,1,409,3.033243982709267,gate_up_active_prebuilt,16,0.28467199206352234
case_029_real,humaneval,middle,real_route_replay,864,41,23,real,21.073170731707318,1,409,3.033243982709267,gate_up_active_prebuilt,17,0.285535991191864
case_029_real,humaneval,middle,real_route_replay,864,41,23,real,21.073170731707318,1,409,3.033243982709267,gate_up_active_prebuilt,18,0.28672000765800476
case_029_real,humaneval,middle,real_route_replay,864,41,23,real,21.073170731707318,1,409,3.033243982709267,gate_up_active_prebuilt,19,0.28723201155662537
case_029_real,humaneval,middle,real_route_replay,864,41,23,real,21.073170731707318,1,409,3.033243982709267,gate_up_active_prebuilt,20,0.2897599935531616
case_029_real,humaneval,middle,real_route_replay,864,41,23,real,21.073170731707318,1,409,3.033243982709267,gate_up_active_prebuilt,21,0.2873600125312805
case_029_real,humaneval,middle,real_route_replay,864,41,23,real,21.073170731707318,1,409,3.033243982709267,gate_up_active_prebuilt,22,0.28832000494003296
case_029_real,humaneval,middle,real_route_replay,864,41,23,real,21.073170731707318,1,409,3.033243982709267,gate_up_active_prebuilt,23,0.2844800055027008
case_029_real,humaneval,middle,real_route_replay,864,41,23,real,21.073170731707318,1,409,3.033243982709267,gate_up_active_prebuilt,24,0.2906560003757477
case_029_real,humaneval,middle,real_route_replay,864,41,23,real,21.073170731707318,1,409,3.033243982709267,gate_up_active_prebuilt,25,0.28595200181007385
case_029_real,humaneval,middle,real_route_replay,864,41,23,real,21.073170731707318,1,409,3.033243982709267,gate_up_active_prebuilt,26,0.2922239899635315
case_029_real,humaneval,middle,real_route_replay,864,41,23,real,21.073170731707318,1,409,3.033243982709267,gate_up_active_prebuilt,27,0.29494398832321167
case_029_real,humaneval,middle,real_route_replay,864,41,23,real,21.073170731707318,1,409,3.033243982709267,gate_up_active_prebuilt,28,0.29209598898887634
case_029_real,humaneval,middle,real_route_replay,864,41,23,real,21.073170731707318,1,409,3.033243982709267,gate_up_active_prebuilt,29,0.29289600253105164
case_029_real,humaneval,middle,real_route_replay,864,41,23,real,21.073170731707318,1,409,3.033243982709267,gate_up_active_prebuilt,30,0.30217599868774414
case_029_real,humaneval,middle,real_route_replay,864,41,23,real,21.073170731707318,1,409,3.033243982709267,gate_up_active_prebuilt,31,0.29820799827575684
case_029_real,humaneval,middle,real_route_replay,864,41,23,real,21.073170731707318,1,409,3.033243982709267,gate_up_active_prebuilt,32,0.28675198554992676
case_029_real,humaneval,middle,real_route_replay,864,41,23,real,21.073170731707318,1,409,3.033243982709267,gate_up_active_prebuilt,33,0.28812798857688904
case_029_real,humaneval,middle,real_route_replay,864,41,23,real,21.073170731707318,1,409,3.033243982709267,gate_up_active_prebuilt,34,0.28566399216651917
case_029_real,humaneval,middle,real_route_replay,864,41,23,real,21.073170731707318,1,409,3.033243982709267,gate_up_active_prebuilt,35,0.2837440073490143
case_029_real,humaneval,middle,real_route_replay,864,41,23,real,21.073170731707318,1,409,3.033243982709267,gate_up_active_prebuilt,36,0.2836480140686035
case_029_real,humaneval,middle,real_route_replay,864,41,23,real,21.073170731707318,1,409,3.033243982709267,gate_up_active_prebuilt,37,0.2864319980144501
case_029_real,humaneval,middle,real_route_replay,864,41,23,real,21.073170731707318,1,409,3.033243982709267,gate_up_active_prebuilt,38,0.28489598631858826
case_029_real,humaneval,middle,real_route_replay,864,41,23,real,21.073170731707318,1,409,3.033243982709267,gate_up_active_prebuilt,39,0.28751999139785767
case_029_real,humaneval,middle,real_route_replay,864,41,23,real,21.073170731707318,1,409,3.033243982709267,swiglu,0,0.03436800092458725
case_029_real,humaneval,middle,real_route_replay,864,41,23,real,21.073170731707318,1,409,3.033243982709267,swiglu,1,0.02486399933695793
case_029_real,humaneval,middle,real_route_replay,864,41,23,real,21.073170731707318,1,409,3.033243982709267,swiglu,2,0.023744000121951103
case_029_real,humaneval,middle,real_route_replay,864,41,23,real,21.073170731707318,1,409,3.033243982709267,swiglu,3,0.022463999688625336
case_029_real,humaneval,middle,real_route_replay,864,41,23,real,21.073170731707318,1,409,3.033243982709267,swiglu,4,0.02067199908196926
case_029_real,humaneval,middle,real_route_replay,864,41,23,real,21.073170731707318,1,409,3.033243982709267,swiglu,5,0.020191999152302742
case_029_real,humaneval,middle,real_route_replay,864,41,23,real,21.073170731707318,1,409,3.033243982709267,swiglu,6,0.022143999114632607
case_029_real,humaneval,middle,real_route_replay,864,41,23,real,21.073170731707318,1,409,3.033243982709267,swiglu,7,0.026208000257611275
case_029_real,humaneval,middle,real_route_replay,864,41,23,real,21.073170731707318,1,409,3.033243982709267,swiglu,8,0.022624000906944275
case_029_real,humaneval,middle,real_route_replay,864,41,23,real,21.073170731707318,1,409,3.033243982709267,swiglu,9,0.023231999948620796
case_029_real,humaneval,middle,real_route_replay,864,41,23,real,21.073170731707318,1,409,3.033243982709267,swiglu,10,0.02195199951529503
case_029_real,humaneval,middle,real_route_replay,864,41,23,real,21.073170731707318,1,409,3.033243982709267,swiglu,11,0.023615999147295952
case_029_real,humaneval,middle,real_route_replay,864,41,23,real,21.073170731707318,1,409,3.033243982709267,swiglu,12,0.023615999147295952
case_029_real,humaneval,middle,real_route_replay,864,41,23,real,21.073170731707318,1,409,3.033243982709267,swiglu,13,0.021023999899625778
case_029_real,humaneval,middle,real_route_replay,864,41,23,real,21.073170731707318,1,409,3.033243982709267,swiglu,14,0.020864000543951988
case_029_real,humaneval,middle,real_route_replay,864,41,23,real,21.073170731707318,1,409,3.033243982709267,swiglu,15,0.020287999883294106
case_029_real,humaneval,middle,real_route_replay,864,41,23,real,21.073170731707318,1,409,3.033243982709267,swiglu,16,0.020160000771284103
case_029_real,humaneval,middle,real_route_replay,864,41,23,real,21.073170731707318,1,409,3.033243982709267,swiglu,17,0.019872000440955162
case_029_real,humaneval,middle,real_route_replay,864,41,23,real,21.073170731707318,1,409,3.033243982709267,swiglu,18,0.020479999482631683
case_029_real,humaneval,middle,real_route_replay,864,41,23,real,21.073170731707318,1,409,3.033243982709267,swiglu,19,0.02300800010561943
case_029_real,humaneval,middle,real_route_replay,864,41,23,real,21.073170731707318,1,409,3.033243982709267,swiglu,20,0.023679999634623528
case_029_real,humaneval,middle,real_route_replay,864,41,23,real,21.073170731707318,1,409,3.033243982709267,swiglu,21,0.02287999913096428
case_029_real,humaneval,middle,real_route_replay,864,41,23,real,21.073170731707318,1,409,3.033243982709267,swiglu,22,0.020320000126957893
case_029_real,humaneval,middle,real_route_replay,864,41,23,real,21.073170731707318,1,409,3.033243982709267,swiglu,23,0.0208320003002882
case_029_real,humaneval,middle,real_route_replay,864,41,23,real,21.073170731707318,1,409,3.033243982709267,swiglu,24,0.02112000063061714
case_029_real,humaneval,middle,real_route_replay,864,41,23,real,21.073170731707318,1,409,3.033243982709267,swiglu,25,0.02022399939596653
case_029_real,humaneval,middle,real_route_replay,864,41,23,real,21.073170731707318,1,409,3.033243982709267,swiglu,26,0.020479999482631683
case_029_real,humaneval,middle,real_route_replay,864,41,23,real,21.073170731707318,1,409,3.033243982709267,swiglu,27,0.020320000126957893
case_029_real,humaneval,middle,real_route_replay,864,41,23,real,21.073170731707318,1,409,3.033243982709267,swiglu,28,0.02319999970495701
case_029_real,humaneval,middle,real_route_replay,864,41,23,real,21.073170731707318,1,409,3.033243982709267,swiglu,29,0.023296000435948372
case_029_real,humaneval,middle,real_route_replay,864,41,23,real,21.073170731707318,1,409,3.033243982709267,swiglu,30,0.026784000918269157
case_029_real,humaneval,middle,real_route_replay,864,41,23,real,21.073170731707318,1,409,3.033243982709267,swiglu,31,0.03331200033426285
case_029_real,humaneval,middle,real_route_replay,864,41,23,real,21.073170731707318,1,409,3.033243982709267,swiglu,32,0.03062400035560131
case_029_real,humaneval,middle,real_route_replay,864,41,23,real,21.073170731707318,1,409,3.033243982709267,swiglu,33,0.030559999868273735
case_029_real,humaneval,middle,real_route_replay,864,41,23,real,21.073170731707318,1,409,3.033243982709267,swiglu,34,0.03299200162291527
case_029_real,humaneval,middle,real_route_replay,864,41,23,real,21.073170731707318,1,409,3.033243982709267,swiglu,35,0.03206399828195572
case_029_real,humaneval,middle,real_route_replay,864,41,23,real,21.073170731707318,1,409,3.033243982709267,swiglu,36,0.033055998384952545
case_029_real,humaneval,middle,real_route_replay,864,41,23,real,21.073170731707318,1,409,3.033243982709267,swiglu,37,0.031936001032590866
case_029_real,humaneval,middle,real_route_replay,864,41,23,real,21.073170731707318,1,409,3.033243982709267,swiglu,38,0.03142400085926056
case_029_real,humaneval,middle,real_route_replay,864,41,23,real,21.073170731707318,1,409,3.033243982709267,swiglu,39,0.035232000052928925
case_029_real,humaneval,middle,real_route_replay,864,41,23,real,21.073170731707318,1,409,3.033243982709267,down_active_prebuilt,0,0.20239999890327454
case_029_real,humaneval,middle,real_route_replay,864,41,23,real,21.073170731707318,1,409,3.033243982709267,down_active_prebuilt,1,0.20108799636363983
case_029_real,humaneval,middle,real_route_replay,864,41,23,real,21.073170731707318,1,409,3.033243982709267,down_active_prebuilt,2,0.20000000298023224
case_029_real,humaneval,middle,real_route_replay,864,41,23,real,21.073170731707318,1,409,3.033243982709267,down_active_prebuilt,3,0.1974399983882904
case_029_real,humaneval,middle,real_route_replay,864,41,23,real,21.073170731707318,1,409,3.033243982709267,down_active_prebuilt,4,0.18678399920463562
case_029_real,humaneval,middle,real_route_replay,864,41,23,real,21.073170731707318,1,409,3.033243982709267,down_active_prebuilt,5,0.18639999628067017
case_029_real,humaneval,middle,real_route_replay,864,41,23,real,21.073170731707318,1,409,3.033243982709267,down_active_prebuilt,6,0.18697600066661835
case_029_real,humaneval,middle,real_route_replay,864,41,23,real,21.073170731707318,1,409,3.033243982709267,down_active_prebuilt,7,0.18361599743366241
case_029_real,humaneval,middle,real_route_replay,864,41,23,real,21.073170731707318,1,409,3.033243982709267,down_active_prebuilt,8,0.18396799266338348
case_029_real,humaneval,middle,real_route_replay,864,41,23,real,21.073170731707318,1,409,3.033243982709267,down_active_prebuilt,9,0.1831039935350418
case_029_real,humaneval,middle,real_route_replay,864,41,23,real,21.073170731707318,1,409,3.033243982709267,down_active_prebuilt,10,0.18617600202560425
case_029_real,humaneval,middle,real_route_replay,864,41,23,real,21.073170731707318,1,409,3.033243982709267,down_active_prebuilt,11,0.18316799402236938
case_029_real,humaneval,middle,real_route_replay,864,41,23,real,21.073170731707318,1,409,3.033243982709267,down_active_prebuilt,12,0.1847359985113144
case_029_real,humaneval,middle,real_route_replay,864,41,23,real,21.073170731707318,1,409,3.033243982709267,down_active_prebuilt,13,0.1852159947156906
case_029_real,humaneval,middle,real_route_replay,864,41,23,real,21.073170731707318,1,409,3.033243982709267,down_active_prebuilt,14,0.18908800184726715
case_029_real,humaneval,middle,real_route_replay,864,41,23,real,21.073170731707318,1,409,3.033243982709267,down_active_prebuilt,15,0.1879359930753708
case_029_real,humaneval,middle,real_route_replay,864,41,23,real,21.073170731707318,1,409,3.033243982709267,down_active_prebuilt,16,0.18451200425624847
case_029_real,humaneval,middle,real_route_replay,864,41,23,real,21.073170731707318,1,409,3.033243982709267,down_active_prebuilt,17,0.185248002409935
case_029_real,humaneval,middle,real_route_replay,864,41,23,real,21.073170731707318,1,409,3.033243982709267,down_active_prebuilt,18,0.18691200017929077
case_029_real,humaneval,middle,real_route_replay,864,41,23,real,21.073170731707318,1,409,3.033243982709267,down_active_prebuilt,19,0.1852799952030182
case_029_real,humaneval,middle,real_route_replay,864,41,23,real,21.073170731707318,1,409,3.033243982709267,down_active_prebuilt,20,0.18438400328159332
case_029_real,humaneval,middle,real_route_replay,864,41,23,real,21.073170731707318,1,409,3.033243982709267,down_active_prebuilt,21,0.18195199966430664
case_029_real,humaneval,middle,real_route_replay,864,41,23,real,21.073170731707318,1,409,3.033243982709267,down_active_prebuilt,22,0.18563200533390045
case_029_real,humaneval,middle,real_route_replay,864,41,23,real,21.073170731707318,1,409,3.033243982709267,down_active_prebuilt,23,0.18249599635601044
case_029_real,humaneval,middle,real_route_replay,864,41,23,real,21.073170731707318,1,409,3.033243982709267,down_active_prebuilt,24,0.19654400646686554
case_029_real,humaneval,middle,real_route_replay,864,41,23,real,21.073170731707318,1,409,3.033243982709267,down_active_prebuilt,25,0.1841920018196106
case_029_real,humaneval,middle,real_route_replay,864,41,23,real,21.073170731707318,1,409,3.033243982709267,down_active_prebuilt,26,0.1855040043592453
case_029_real,humaneval,middle,real_route_replay,864,41,23,real,21.073170731707318,1,409,3.033243982709267,down_active_prebuilt,27,0.18438400328159332
case_029_real,humaneval,middle,real_route_replay,864,41,23,real,21.073170731707318,1,409,3.033243982709267,down_active_prebuilt,28,0.18281599879264832
case_029_real,humaneval,middle,real_route_replay,864,41,23,real,21.073170731707318,1,409,3.033243982709267,down_active_prebuilt,29,0.18278400599956512
case_029_real,humaneval,middle,real_route_replay,864,41,23,real,21.073170731707318,1,409,3.033243982709267,down_active_prebuilt,30,0.18697600066661835
case_029_real,humaneval,middle,real_route_replay,864,41,23,real,21.073170731707318,1,409,3.033243982709267,down_active_prebuilt,31,0.18848000466823578
case_029_real,humaneval,middle,real_route_replay,864,41,23,real,21.073170731707318,1,409,3.033243982709267,down_active_prebuilt,32,0.18719999492168427
case_029_real,humaneval,middle,real_route_replay,864,41,23,real,21.073170731707318,1,409,3.033243982709267,down_active_prebuilt,33,0.1834239959716797
case_029_real,humaneval,middle,real_route_replay,864,41,23,real,21.073170731707318,1,409,3.033243982709267,down_active_prebuilt,34,0.18432000279426575
case_029_real,humaneval,middle,real_route_replay,864,41,23,real,21.073170731707318,1,409,3.033243982709267,down_active_prebuilt,35,0.1842239946126938
case_029_real,humaneval,middle,real_route_replay,864,41,23,real,21.073170731707318,1,409,3.033243982709267,down_active_prebuilt,36,0.1841920018196106
case_029_real,humaneval,middle,real_route_replay,864,41,23,real,21.073170731707318,1,409,3.033243982709267,down_active_prebuilt,37,0.18688000738620758
case_029_real,humaneval,middle,real_route_replay,864,41,23,real,21.073170731707318,1,409,3.033243982709267,down_active_prebuilt,38,0.19183999300003052
case_029_real,humaneval,middle,real_route_replay,864,41,23,real,21.073170731707318,1,409,3.033243982709267,down_active_prebuilt,39,0.18838399648666382
case_029_real,humaneval,middle,real_route_replay,864,41,23,real,21.073170731707318,1,409,3.033243982709267,gate_up_full64_prebuilt,0,0.2905600070953369
case_029_real,humaneval,middle,real_route_replay,864,41,23,real,21.073170731707318,1,409,3.033243982709267,gate_up_full64_prebuilt,1,0.3004480004310608
case_029_real,humaneval,middle,real_route_replay,864,41,23,real,21.073170731707318,1,409,3.033243982709267,gate_up_full64_prebuilt,2,0.2959679961204529
case_029_real,humaneval,middle,real_route_replay,864,41,23,real,21.073170731707318,1,409,3.033243982709267,gate_up_full64_prebuilt,3,0.2948800027370453
case_029_real,humaneval,middle,real_route_replay,864,41,23,real,21.073170731707318,1,409,3.033243982709267,gate_up_full64_prebuilt,4,0.3078719973564148
case_029_real,humaneval,middle,real_route_replay,864,41,23,real,21.073170731707318,1,409,3.033243982709267,gate_up_full64_prebuilt,5,0.3007360100746155
case_029_real,humaneval,middle,real_route_replay,864,41,23,real,21.073170731707318,1,409,3.033243982709267,gate_up_full64_prebuilt,6,0.29097598791122437
case_029_real,humaneval,middle,real_route_replay,864,41,23,real,21.073170731707318,1,409,3.033243982709267,gate_up_full64_prebuilt,7,0.2858879864215851
case_029_real,humaneval,middle,real_route_replay,864,41,23,real,21.073170731707318,1,409,3.033243982709267,gate_up_full64_prebuilt,8,0.28460800647735596
case_029_real,humaneval,middle,real_route_replay,864,41,23,real,21.073170731707318,1,409,3.033243982709267,gate_up_full64_prebuilt,9,0.28803199529647827
case_029_real,humaneval,middle,real_route_replay,864,41,23,real,21.073170731707318,1,409,3.033243982709267,gate_up_full64_prebuilt,10,0.28543999791145325
case_029_real,humaneval,middle,real_route_replay,864,41,23,real,21.073170731707318,1,409,3.033243982709267,gate_up_full64_prebuilt,11,0.28598400950431824
case_029_real,humaneval,middle,real_route_replay,864,41,23,real,21.073170731707318,1,409,3.033243982709267,gate_up_full64_prebuilt,12,0.28595200181007385
case_029_real,humaneval,middle,real_route_replay,864,41,23,real,21.073170731707318,1,409,3.033243982709267,gate_up_full64_prebuilt,13,0.2863999903202057
case_029_real,humaneval,middle,real_route_replay,864,41,23,real,21.073170731707318,1,409,3.033243982709267,gate_up_full64_prebuilt,14,0.29155200719833374
case_029_real,humaneval,middle,real_route_replay,864,41,23,real,21.073170731707318,1,409,3.033243982709267,gate_up_full64_prebuilt,15,0.28598400950431824
case_029_real,humaneval,middle,real_route_replay,864,41,23,real,21.073170731707318,1,409,3.033243982709267,gate_up_full64_prebuilt,16,0.2861120104789734
case_029_real,humaneval,middle,real_route_replay,864,41,23,real,21.073170731707318,1,409,3.033243982709267,gate_up_full64_prebuilt,17,0.2902719974517822
case_029_real,humaneval,middle,real_route_replay,864,41,23,real,21.073170731707318,1,409,3.033243982709267,gate_up_full64_prebuilt,18,0.2935360074043274
case_029_real,humaneval,middle,real_route_replay,864,41,23,real,21.073170731707318,1,409,3.033243982709267,gate_up_full64_prebuilt,19,0.2881920039653778
case_029_real,humaneval,middle,real_route_replay,864,41,23,real,21.073170731707318,1,409,3.033243982709267,gate_up_full64_prebuilt,20,0.28620800375938416
case_029_real,humaneval,middle,real_route_replay,864,41,23,real,21.073170731707318,1,409,3.033243982709267,gate_up_full64_prebuilt,21,0.285535991191864
case_029_real,humaneval,middle,real_route_replay,864,41,23,real,21.073170731707318,1,409,3.033243982709267,gate_up_full64_prebuilt,22,0.28547200560569763
case_029_real,humaneval,middle,real_route_replay,864,41,23,real,21.073170731707318,1,409,3.033243982709267,gate_up_full64_prebuilt,23,0.2879999876022339
case_029_real,humaneval,middle,real_route_replay,864,41,23,real,21.073170731707318,1,409,3.033243982709267,gate_up_full64_prebuilt,24,0.295199990272522
case_029_real,humaneval,middle,real_route_replay,864,41,23,real,21.073170731707318,1,409,3.033243982709267,gate_up_full64_prebuilt,25,0.29475200176239014
case_029_real,humaneval,middle,real_route_replay,864,41,23,real,21.073170731707318,1,409,3.033243982709267,gate_up_full64_prebuilt,26,0.2927039861679077
case_029_real,humaneval,middle,real_route_replay,864,41,23,real,21.073170731707318,1,409,3.033243982709267,gate_up_full64_prebuilt,27,0.2955839931964874
case_029_real,humaneval,middle,real_route_replay,864,41,23,real,21.073170731707318,1,409,3.033243982709267,gate_up_full64_prebuilt,28,0.3007360100746155
case_029_real,humaneval,middle,real_route_replay,864,41,23,real,21.073170731707318,1,409,3.033243982709267,gate_up_full64_prebuilt,29,0.28784000873565674
case_029_real,humaneval,middle,real_route_replay,864,41,23,real,21.073170731707318,1,409,3.033243982709267,gate_up_full64_prebuilt,30,0.28787198662757874
case_029_real,humaneval,middle,real_route_replay,864,41,23,real,21.073170731707318,1,409,3.033243982709267,gate_up_full64_prebuilt,31,0.2863039970397949
case_029_real,humaneval,middle,real_route_replay,864,41,23,real,21.073170731707318,1,409,3.033243982709267,gate_up_full64_prebuilt,32,0.28892800211906433
case_029_real,humaneval,middle,real_route_replay,864,41,23,real,21.073170731707318,1,409,3.033243982709267,gate_up_full64_prebuilt,33,0.2901439964771271
case_029_real,humaneval,middle,real_route_replay,864,41,23,real,21.073170731707318,1,409,3.033243982709267,gate_up_full64_prebuilt,34,0.28892800211906433
case_029_real,humaneval,middle,real_route_replay,864,41,23,real,21.073170731707318,1,409,3.033243982709267,gate_up_full64_prebuilt,35,0.2848320007324219
case_029_real,humaneval,middle,real_route_replay,864,41,23,real,21.073170731707318,1,409,3.033243982709267,gate_up_full64_prebuilt,36,0.28624001145362854
case_029_real,humaneval,middle,real_route_replay,864,41,23,real,21.073170731707318,1,409,3.033243982709267,gate_up_full64_prebuilt,37,0.28572800755500793
case_029_real,humaneval,middle,real_route_replay,864,41,23,real,21.073170731707318,1,409,3.033243982709267,gate_up_full64_prebuilt,38,0.28569599986076355
case_029_real,humaneval,middle,real_route_replay,864,41,23,real,21.073170731707318,1,409,3.033243982709267,gate_up_full64_prebuilt,39,0.28646400570869446
case_029_real,humaneval,middle,real_route_replay,864,41,23,real,21.073170731707318,1,409,3.033243982709267,route_weight,0,0.022304000332951546
case_029_real,humaneval,middle,real_route_replay,864,41,23,real,21.073170731707318,1,409,3.033243982709267,route_weight,1,0.02022399939596653
case_029_real,humaneval,middle,real_route_replay,864,41,23,real,21.073170731707318,1,409,3.033243982709267,route_weight,2,0.01772800087928772
case_029_real,humaneval,middle,real_route_replay,864,41,23,real,21.073170731707318,1,409,3.033243982709267,route_weight,3,0.01820800080895424
case_029_real,humaneval,middle,real_route_replay,864,41,23,real,21.073170731707318,1,409,3.033243982709267,route_weight,4,0.018432000651955605
case_029_real,humaneval,middle,real_route_replay,864,41,23,real,21.073170731707318,1,409,3.033243982709267,route_weight,5,0.018432000651955605
case_029_real,humaneval,middle,real_route_replay,864,41,23,real,21.073170731707318,1,409,3.033243982709267,route_weight,6,0.018783999606966972
case_029_real,humaneval,middle,real_route_replay,864,41,23,real,21.073170731707318,1,409,3.033243982709267,route_weight,7,0.018400000408291817
case_029_real,humaneval,middle,real_route_replay,864,41,23,real,21.073170731707318,1,409,3.033243982709267,route_weight,8,0.02127999998629093
case_029_real,humaneval,middle,real_route_replay,864,41,23,real,21.073170731707318,1,409,3.033243982709267,route_weight,9,0.019039999693632126
case_029_real,humaneval,middle,real_route_replay,864,41,23,real,21.073170731707318,1,409,3.033243982709267,route_weight,10,0.02316799946129322
case_029_real,humaneval,middle,real_route_replay,864,41,23,real,21.073170731707318,1,409,3.033243982709267,route_weight,11,0.018912000581622124
case_029_real,humaneval,middle,real_route_replay,864,41,23,real,21.073170731707318,1,409,3.033243982709267,route_weight,12,0.018624000251293182
case_029_real,humaneval,middle,real_route_replay,864,41,23,real,21.073170731707318,1,409,3.033243982709267,route_weight,13,0.017311999574303627
case_029_real,humaneval,middle,real_route_replay,864,41,23,real,21.073170731707318,1,409,3.033243982709267,route_weight,14,0.016896000131964684
case_029_real,humaneval,middle,real_route_replay,864,41,23,real,21.073170731707318,1,409,3.033243982709267,route_weight,15,0.01727999933063984
case_029_real,humaneval,middle,real_route_replay,864,41,23,real,21.073170731707318,1,409,3.033243982709267,route_weight,16,0.017152000218629837
case_029_real,humaneval,middle,real_route_replay,864,41,23,real,21.073170731707318,1,409,3.033243982709267,route_weight,17,0.018079999834299088
case_029_real,humaneval,middle,real_route_replay,864,41,23,real,21.073170731707318,1,409,3.033243982709267,route_weight,18,0.0191040001809597
case_029_real,humaneval,middle,real_route_replay,864,41,23,real,21.073170731707318,1,409,3.033243982709267,route_weight,19,0.018432000651955605
case_029_real,humaneval,middle,real_route_replay,864,41,23,real,21.073170731707318,1,409,3.033243982709267,route_weight,20,0.01817600056529045
case_029_real,humaneval,middle,real_route_replay,864,41,23,real,21.073170731707318,1,409,3.033243982709267,route_weight,21,0.019328000023961067
case_029_real,humaneval,middle,real_route_replay,864,41,23,real,21.073170731707318,1,409,3.033243982709267,route_weight,22,0.0180479995906353
case_029_real,humaneval,middle,real_route_replay,864,41,23,real,21.073170731707318,1,409,3.033243982709267,route_weight,23,0.017503999173641205
case_029_real,humaneval,middle,real_route_replay,864,41,23,real,21.073170731707318,1,409,3.033243982709267,route_weight,24,0.02332800067961216
case_029_real,humaneval,middle,real_route_replay,864,41,23,real,21.073170731707318,1,409,3.033243982709267,route_weight,25,0.018592000007629395
case_029_real,humaneval,middle,real_route_replay,864,41,23,real,21.073170731707318,1,409,3.033243982709267,route_weight,26,0.019007999449968338
case_029_real,humaneval,middle,real_route_replay,864,41,23,real,21.073170731707318,1,409,3.033243982709267,route_weight,27,0.01849599927663803
case_029_real,humaneval,middle,real_route_replay,864,41,23,real,21.073170731707318,1,409,3.033243982709267,route_weight,28,0.018592000007629395
case_029_real,humaneval,middle,real_route_replay,864,41,23,real,21.073170731707318,1,409,3.033243982709267,route_weight,29,0.01711999997496605
case_029_real,humaneval,middle,real_route_replay,864,41,23,real,21.073170731707318,1,409,3.033243982709267,route_weight,30,0.016831999644637108
case_029_real,humaneval,middle,real_route_replay,864,41,23,real,21.073170731707318,1,409,3.033243982709267,route_weight,31,0.01711999997496605
case_029_real,humaneval,middle,real_route_replay,864,41,23,real,21.073170731707318,1,409,3.033243982709267,route_weight,32,0.017823999747633934
case_029_real,humaneval,middle,real_route_replay,864,41,23,real,21.073170731707318,1,409,3.033243982709267,route_weight,33,0.019360000267624855
case_029_real,humaneval,middle,real_route_replay,864,41,23,real,21.073170731707318,1,409,3.033243982709267,route_weight,34,0.017632000148296356
case_029_real,humaneval,middle,real_route_replay,864,41,23,real,21.073170731707318,1,409,3.033243982709267,route_weight,35,0.018464000895619392
case_029_real,humaneval,middle,real_route_replay,864,41,23,real,21.073170731707318,1,409,3.033243982709267,route_weight,36,0.01836800016462803
case_029_real,humaneval,middle,real_route_replay,864,41,23,real,21.073170731707318,1,409,3.033243982709267,route_weight,37,0.018848000094294548
case_029_real,humaneval,middle,real_route_replay,864,41,23,real,21.073170731707318,1,409,3.033243982709267,route_weight,38,0.019360000267624855
case_029_real,humaneval,middle,real_route_replay,864,41,23,real,21.073170731707318,1,409,3.033243982709267,route_weight,39,0.018432000651955605
case_029_real,humaneval,middle,real_route_replay,864,41,23,real,21.073170731707318,1,409,3.033243982709267,down_full64_prebuilt,0,0.19551999866962433
case_029_real,humaneval,middle,real_route_replay,864,41,23,real,21.073170731707318,1,409,3.033243982709267,down_full64_prebuilt,1,0.1865600049495697
case_029_real,humaneval,middle,real_route_replay,864,41,23,real,21.073170731707318,1,409,3.033243982709267,down_full64_prebuilt,2,0.1871359944343567
case_029_real,humaneval,middle,real_route_replay,864,41,23,real,21.073170731707318,1,409,3.033243982709267,down_full64_prebuilt,3,0.1849599927663803
case_029_real,humaneval,middle,real_route_replay,864,41,23,real,21.073170731707318,1,409,3.033243982709267,down_full64_prebuilt,4,0.1881919950246811
case_029_real,humaneval,middle,real_route_replay,864,41,23,real,21.073170731707318,1,409,3.033243982709267,down_full64_prebuilt,5,0.18748800456523895
case_029_real,humaneval,middle,real_route_replay,864,41,23,real,21.073170731707318,1,409,3.033243982709267,down_full64_prebuilt,6,0.18838399648666382
case_029_real,humaneval,middle,real_route_replay,864,41,23,real,21.073170731707318,1,409,3.033243982709267,down_full64_prebuilt,7,0.18636800348758698
case_029_real,humaneval,middle,real_route_replay,864,41,23,real,21.073170731707318,1,409,3.033243982709267,down_full64_prebuilt,8,0.18694399297237396
case_029_real,humaneval,middle,real_route_replay,864,41,23,real,21.073170731707318,1,409,3.033243982709267,down_full64_prebuilt,9,0.19123199582099915
case_029_real,humaneval,middle,real_route_replay,864,41,23,real,21.073170731707318,1,409,3.033243982709267,down_full64_prebuilt,10,0.1847359985113144
case_029_real,humaneval,middle,real_route_replay,864,41,23,real,21.073170731707318,1,409,3.033243982709267,down_full64_prebuilt,11,0.18515199422836304
case_029_real,humaneval,middle,real_route_replay,864,41,23,real,21.073170731707318,1,409,3.033243982709267,down_full64_prebuilt,12,0.1828799992799759
case_029_real,humaneval,middle,real_route_replay,864,41,23,real,21.073170731707318,1,409,3.033243982709267,down_full64_prebuilt,13,0.194240003824234
case_029_real,humaneval,middle,real_route_replay,864,41,23,real,21.073170731707318,1,409,3.033243982709267,down_full64_prebuilt,14,0.18505600094795227
case_029_real,humaneval,middle,real_route_replay,864,41,23,real,21.073170731707318,1,409,3.033243982709267,down_full64_prebuilt,15,0.18220800161361694
case_029_real,humaneval,middle,real_route_replay,864,41,23,real,21.073170731707318,1,409,3.033243982709267,down_full64_prebuilt,16,0.1847359985113144
case_029_real,humaneval,middle,real_route_replay,864,41,23,real,21.073170731707318,1,409,3.033243982709267,down_full64_prebuilt,17,0.19203199446201324
case_029_real,humaneval,middle,real_route_replay,864,41,23,real,21.073170731707318,1,409,3.033243982709267,down_full64_prebuilt,18,0.1868479996919632
case_029_real,humaneval,middle,real_route_replay,864,41,23,real,21.073170731707318,1,409,3.033243982709267,down_full64_prebuilt,19,0.18876799941062927
case_029_real,humaneval,middle,real_route_replay,864,41,23,real,21.073170731707318,1,409,3.033243982709267,down_full64_prebuilt,20,0.18828800320625305
case_029_real,humaneval,middle,real_route_replay,864,41,23,real,21.073170731707318,1,409,3.033243982709267,down_full64_prebuilt,21,0.19350400567054749
case_029_real,humaneval,middle,real_route_replay,864,41,23,real,21.073170731707318,1,409,3.033243982709267,down_full64_prebuilt,22,0.18768000602722168
case_029_real,humaneval,middle,real_route_replay,864,41,23,real,21.073170731707318,1,409,3.033243982709267,down_full64_prebuilt,23,0.190528005361557
case_029_real,humaneval,middle,real_route_replay,864,41,23,real,21.073170731707318,1,409,3.033243982709267,down_full64_prebuilt,24,0.19631999731063843
case_029_real,humaneval,middle,real_route_replay,864,41,23,real,21.073170731707318,1,409,3.033243982709267,down_full64_prebuilt,25,0.19628800451755524
case_029_real,humaneval,middle,real_route_replay,864,41,23,real,21.073170731707318,1,409,3.033243982709267,down_full64_prebuilt,26,0.1990080028772354
case_029_real,humaneval,middle,real_route_replay,864,41,23,real,21.073170731707318,1,409,3.033243982709267,down_full64_prebuilt,27,0.19206400215625763
case_029_real,humaneval,middle,real_route_replay,864,41,23,real,21.073170731707318,1,409,3.033243982709267,down_full64_prebuilt,28,0.19459199905395508
case_029_real,humaneval,middle,real_route_replay,864,41,23,real,21.073170731707318,1,409,3.033243982709267,down_full64_prebuilt,29,0.19260799884796143
case_029_real,humaneval,middle,real_route_replay,864,41,23,real,21.073170731707318,1,409,3.033243982709267,down_full64_prebuilt,30,0.19484800100326538
case_029_real,humaneval,middle,real_route_replay,864,41,23,real,21.073170731707318,1,409,3.033243982709267,down_full64_prebuilt,31,0.19910399615764618
case_029_real,humaneval,middle,real_route_replay,864,41,23,real,21.073170731707318,1,409,3.033243982709267,down_full64_prebuilt,32,0.19155199825763702
case_029_real,humaneval,middle,real_route_replay,864,41,23,real,21.073170731707318,1,409,3.033243982709267,down_full64_prebuilt,33,0.18822400271892548
case_029_real,humaneval,middle,real_route_replay,864,41,23,real,21.073170731707318,1,409,3.033243982709267,down_full64_prebuilt,34,0.1974720060825348
case_029_real,humaneval,middle,real_route_replay,864,41,23,real,21.073170731707318,1,409,3.033243982709267,down_full64_prebuilt,35,0.1892479956150055
case_029_real,humaneval,middle,real_route_replay,864,41,23,real,21.073170731707318,1,409,3.033243982709267,down_full64_prebuilt,36,0.18662400543689728
case_029_real,humaneval,middle,real_route_replay,864,41,23,real,21.073170731707318,1,409,3.033243982709267,down_full64_prebuilt,37,0.1857919991016388
case_029_real,humaneval,middle,real_route_replay,864,41,23,real,21.073170731707318,1,409,3.033243982709267,down_full64_prebuilt,38,0.18998399376869202
case_029_real,humaneval,middle,real_route_replay,864,41,23,real,21.073170731707318,1,409,3.033243982709267,down_full64_prebuilt,39,0.1844159960746765
