sample,category,edge,layer,policy,vision_assignments,vision_drop_fraction,router_mass_drop_fraction,baseline_max_rank,policy_max_rank,max_rank_reduction_pct,rank_loads
astronaut_e336,natural,336,4,full_k8,800,0.0,0.0,260,260,0.0,260:260:240:240
astronaut_e336,natural,336,4,random_k6,800,0.25,0.20087018609046936,260,208,19.999999999999996,208:202:191:199
astronaut_e336,natural,336,4,semantic_k6,800,0.25,0.16511967778205872,260,207,20.38461538461539,193:204:196:207
astronaut_e336,natural,336,4,tail_k6,800,0.25,0.16649699211120605,260,217,16.538461538461537,207:217:172:204
astronaut_e336,natural,336,4,random_k4,800,0.5,0.3973810374736786,260,154,40.76923076923077,139:153:154:154
astronaut_e336,natural,336,4,semantic_k4,800,0.5,0.3426588177680969,260,157,39.61538461538462,145:157:146:152
astronaut_e336,natural,336,4,tail_k4,800,0.5,0.3437911868095398,260,157,39.61538461538462,151:157:156:136
astronaut_e336,natural,336,4,random_k2,800,0.75,0.5986958742141724,260,107,58.84615384615385,99:91:103:107
astronaut_e336,natural,336,4,semantic_k2,800,0.75,0.5437275171279907,260,108,58.46153846153845,88:102:102:108
astronaut_e336,natural,336,4,tail_k2,800,0.75,0.5444498062133789,260,109,58.07692307692307,82:109:103:106
astronaut_e336,natural,336,4,random_k1,800,0.875,0.6988637447357178,260,86,66.92307692307693,65:65:84:86
astronaut_e336,natural,336,4,semantic_k1,800,0.875,0.6600600481033325,260,88,66.15384615384615,62:73:77:88
astronaut_e336,natural,336,4,tail_k1,800,0.875,0.6605229377746582,260,86,66.92307692307693,68:61:85:86
astronaut_e336,natural,336,4,budget_random_0.01,800,0.01,0.00751541880890727,260,258,0.7692307692307665,258:257:239:238
astronaut_e336,natural,336,4,budget_semantic_0.01,800,0.01,0.004878966603428125,260,258,0.7692307692307665,258:258:238:238
astronaut_e336,natural,336,4,budget_tail_0.01,800,0.01,0.005054805893450975,260,256,1.538461538461533,256:256:240:240
astronaut_e336,natural,336,4,budget_random_0.02,800,0.02,0.015102304518222809,260,257,1.1538461538461497,257:257:236:234
astronaut_e336,natural,336,4,budget_semantic_0.02,800,0.02,0.010082235559821129,260,257,1.1538461538461497,257:254:237:236
astronaut_e336,natural,336,4,budget_tail_0.02,800,0.02,0.010542900301516056,260,252,3.076923076923077,252:252:240:240
astronaut_e336,natural,336,4,budget_random_0.05,800,0.05,0.037060897797346115,260,251,3.4615384615384603,251:248:230:231
astronaut_e336,natural,336,4,budget_semantic_0.05,800,0.05,0.026849539950489998,260,251,3.4615384615384603,251:251:229:229
astronaut_e336,natural,336,4,budget_tail_0.05,800,0.05,0.028843531385064125,260,240,7.692307692307687,240:240:240:240
astronaut_e336,natural,336,4,budget_random_0.10,800,0.1,0.07631196826696396,260,244,6.153846153846154,239:244:219:218
astronaut_e336,natural,336,4,budget_semantic_0.10,800,0.1,0.05756308138370514,260,239,8.076923076923082,236:239:224:221
astronaut_e336,natural,336,4,budget_tail_0.10,800,0.1,0.05827309191226959,260,230,11.538461538461542,230:230:230:230
astronaut_e336,natural,336,4,budget_random_0.20,800,0.2,0.15221907198429108,260,216,16.92307692307692,215:216:209:200
astronaut_e336,natural,336,4,budget_semantic_0.20,800,0.2,0.12331220507621765,260,219,15.769230769230768,219:212:205:204
astronaut_e336,natural,336,4,budget_tail_0.20,800,0.2,0.12347710132598877,260,210,19.23076923076923,210:210:210:210
astronaut_e336,natural,336,4,budget_random_0.30,800,0.3,0.2246362566947937,260,192,26.15384615384615,191:192:187:190
astronaut_e336,natural,336,4,budget_semantic_0.30,800,0.3,0.19290362298488617,260,198,23.84615384615385,198:188:189:185
astronaut_e336,natural,336,4,budget_tail_0.30,800,0.3,0.19298480451107025,260,190,26.923076923076927,190:190:190:190
astronaut_e336,natural,336,4,budget_random_0.40,800,0.4,0.29999345541000366,260,183,29.61538461538461,172:183:164:161
astronaut_e336,natural,336,4,budget_semantic_0.40,800,0.4,0.26500269770622253,260,176,32.30769230769231,176:165:166:173
astronaut_e336,natural,336,4,budget_tail_0.40,800,0.4,0.2650670111179352,260,170,34.61538461538461,170:170:170:170
astronaut_e336,natural,336,4,budget_random_0.50,800,0.5,0.37666913866996765,260,154,40.76923076923077,154:152:150:144
astronaut_e336,natural,336,4,budget_semantic_0.50,800,0.5,0.3395214378833771,260,156,40.0,152:147:145:156
astronaut_e336,natural,336,4,budget_tail_0.50,800,0.5,0.3395809233188629,260,150,42.307692307692314,150:150:150:150
astronaut_e336,natural,336,12,full_k8,800,0.0,0.0,304,304,0.0,248:199:304:249
astronaut_e336,natural,336,12,random_k6,800,0.25,0.19814202189445496,304,242,20.394736842105267,199:159:242:200
astronaut_e336,natural,336,12,semantic_k6,800,0.25,0.16078417003154755,304,244,19.736842105263154,188:156:244:212
astronaut_e336,natural,336,12,tail_k6,800,0.25,0.16224981844425201,304,216,28.947368421052634,184:186:216:214
astronaut_e336,natural,336,12,random_k4,800,0.5,0.40282142162323,304,193,36.51315789473685,132:123:193:152
astronaut_e336,natural,336,12,semantic_k4,800,0.5,0.33484193682670593,304,187,38.48684210526315,136:112:187:165
astronaut_e336,natural,336,12,tail_k4,800,0.5,0.3365924060344696,304,157,48.35526315789473,140:148:157:155
astronaut_e336,natural,336,12,random_k2,800,0.75,0.6049681305885315,304,125,58.88157894736843,91:73:125:111
astronaut_e336,natural,336,12,semantic_k2,800,0.75,0.5329387187957764,304,121,60.19736842105263,95:79:121:105
astronaut_e336,natural,336,12,tail_k2,800,0.75,0.533806562423706,304,111,63.486842105263165,96:88:111:105
astronaut_e336,natural,336,12,random_k1,800,0.875,0.7007024884223938,304,95,68.75,60:55:95:90
astronaut_e336,natural,336,12,semantic_k1,800,0.875,0.6503118872642517,304,101,66.77631578947368,64:61:101:74
astronaut_e336,natural,336,12,tail_k1,800,0.875,0.6506521105766296,304,93,69.4078947368421,65:67:93:75
astronaut_e336,natural,336,12,budget_random_0.01,800,0.01,0.007809023838490248,304,301,0.9868421052631526,245:198:301:248
astronaut_e336,natural,336,12,budget_semantic_0.01,800,0.01,0.004183247685432434,304,301,0.9868421052631526,247:199:301:245
astronaut_e336,natural,336,12,budget_tail_0.01,800,0.01,0.004510536789894104,304,296,2.631578947368418,248:199:296:249
astronaut_e336,natural,336,12,budget_random_0.02,800,0.02,0.014595312997698784,304,299,1.6447368421052655,244:196:299:245
astronaut_e336,natural,336,12,budget_semantic_0.02,800,0.02,0.008919001556932926,304,298,1.9736842105263164,245:198:298:243
astronaut_e336,natural,336,12,budget_tail_0.02,800,0.02,0.009972911328077316,304,288,5.263157894736848,248:199:288:249
astronaut_e336,natural,336,12,budget_random_0.05,800,0.05,0.03572838008403778,304,290,4.6052631578947345,238:191:290:241
astronaut_e336,natural,336,12,budget_semantic_0.05,800,0.05,0.024663789197802544,304,291,4.276315789473683,236:192:291:241
astronaut_e336,natural,336,12,budget_tail_0.05,800,0.05,0.028499381616711617,304,264,13.157894736842103,248:199:264:249
astronaut_e336,natural,336,12,budget_random_0.10,800,0.1,0.07412231713533401,304,280,7.8947368421052655,224:184:280:232
astronaut_e336,natural,336,12,budget_semantic_0.10,800,0.1,0.054335225373506546,304,275,9.539473684210531,227:186:275:232
astronaut_e336,natural,336,12,budget_tail_0.10,800,0.1,0.05778354033827782,304,241,20.723684210526315,240:199:241:240
astronaut_e336,natural,336,12,budget_random_0.20,800,0.2,0.14978919923305511,304,263,13.486842105263152,206:158:263:213
astronaut_e336,natural,336,12,budget_semantic_0.20,800,0.2,0.1184423416852951,304,255,16.118421052631582,200:173:255:212
astronaut_e336,natural,336,12,budget_tail_0.20,800,0.2,0.12189677357673645,304,214,29.605263157894733,213:199:214:214
astronaut_e336,natural,336,12,budget_random_0.30,800,0.3,0.21922901272773743,304,241,20.723684210526315,188:142:241:189
astronaut_e336,natural,336,12,budget_semantic_0.30,800,0.3,0.1859056055545807,304,228,25.0,177:162:228:193
astronaut_e336,natural,336,12,budget_tail_0.30,800,0.3,0.18885959684848785,304,190,37.5,190:190:190:190
astronaut_e336,natural,336,12,budget_random_0.40,800,0.4,0.29645028710365295,304,207,31.907894736842103,170:134:207:169
astronaut_e336,natural,336,12,budget_semantic_0.40,800,0.4,0.25645172595977783,304,209,31.25,162:133:209:176
astronaut_e336,natural,336,12,budget_tail_0.40,800,0.4,0.2587013244628906,304,170,44.07894736842105,170:170:170:170
astronaut_e336,natural,336,12,budget_random_0.50,800,0.5,0.37090790271759033,304,190,37.5,144:121:190:145
astronaut_e336,natural,336,12,budget_semantic_0.50,800,0.5,0.32991960644721985,304,182,40.13157894736842,144:117:182:157
astronaut_e336,natural,336,12,budget_tail_0.50,800,0.5,0.3322509229183197,304,150,50.6578947368421,150:150:150:150
astronaut_e336,natural,336,24,full_k8,800,0.0,0.0,267,267,0.0,245:234:267:254
astronaut_e336,natural,336,24,random_k6,800,0.25,0.21169552206993103,267,216,19.10112359550562,186:191:216:207
astronaut_e336,natural,336,24,semantic_k6,800,0.25,0.15263573825359344,267,222,16.85393258426966,177:185:222:216
astronaut_e336,natural,336,24,tail_k6,800,0.25,0.1545105129480362,267,211,20.973782771535575,188:211:210:191
astronaut_e336,natural,336,24,random_k4,800,0.5,0.40173906087875366,267,167,37.453183520599254,137:138:167:158
astronaut_e336,natural,336,24,semantic_k4,800,0.5,0.322808176279068,267,167,37.453183520599254,135:138:160:167
astronaut_e336,natural,336,24,tail_k4,800,0.5,0.32386431097984314,267,159,40.44943820224719,150:145:146:159
astronaut_e336,natural,336,24,random_k2,800,0.75,0.6066353917121887,267,113,57.67790262172285,92:87:113:108
astronaut_e336,natural,336,24,semantic_k2,800,0.75,0.5205188989639282,267,114,57.30337078651686,91:89:106:114
astronaut_e336,natural,336,24,tail_k2,800,0.75,0.5208846926689148,267,113,57.67790262172285,95:88:104:113
astronaut_e336,natural,336,24,random_k1,800,0.875,0.7019373774528503,267,89,66.66666666666667,67:65:79:89
astronaut_e336,natural,336,24,semantic_k1,800,0.875,0.6399461030960083,267,91,65.91760299625469,67:66:76:91
astronaut_e336,natural,336,24,tail_k1,800,0.875,0.6401724815368652,267,89,66.66666666666667,64:71:76:89
astronaut_e336,natural,336,24,budget_random_0.01,800,0.01,0.007714030332863331,267,263,1.4981273408239737,242:233:263:254
astronaut_e336,natural,336,24,budget_semantic_0.01,800,0.01,0.0017698699375614524,267,266,0.3745318352059934,242:233:266:251
astronaut_e336,natural,336,24,budget_tail_0.01,800,0.01,0.004120459780097008,267,259,2.9962546816479363,245:234:259:254
astronaut_e336,natural,336,24,budget_random_0.02,800,0.02,0.014664781279861927,267,261,2.2471910112359605,242:229:261:252
astronaut_e336,natural,336,24,budget_semantic_0.02,800,0.02,0.0056167300790548325,267,264,1.1235955056179803,240:231:264:249
astronaut_e336,natural,336,24,budget_tail_0.02,800,0.02,0.008437427692115307,267,253,5.243445692883897,245:234:253:252
astronaut_e336,natural,336,24,budget_random_0.05,800,0.05,0.03553289920091629,267,256,4.119850187265916,231:227:256:246
astronaut_e336,natural,336,24,budget_semantic_0.05,800,0.05,0.020141087472438812,267,257,3.745318352059923,232:226:257:245
astronaut_e336,natural,336,24,budget_tail_0.05,800,0.05,0.022519148886203766,267,242,9.363295880149813,242:234:242:242
astronaut_e336,natural,336,24,budget_random_0.10,800,0.1,0.07171403616666794,267,239,10.486891385767795,226:217:239:238
astronaut_e336,natural,336,24,budget_semantic_0.10,800,0.1,0.04756319522857666,267,247,7.490636704119846,217:218:247:238
astronaut_e336,natural,336,24,budget_tail_0.10,800,0.1,0.04939223453402519,267,230,13.857677902621724,230:230:230:230
astronaut_e336,natural,336,24,budget_random_0.20,800,0.2,0.14619940519332886,267,224,16.104868913857672,206:200:224:210
astronaut_e336,natural,336,24,budget_semantic_0.20,800,0.2,0.10840347409248352,267,227,14.981273408239703,191:199:227:223
astronaut_e336,natural,336,24,budget_tail_0.20,800,0.2,0.10971851646900177,267,210,21.34831460674157,210:210:210:210
astronaut_e336,natural,336,24,budget_random_0.30,800,0.3,0.2163655310869217,267,211,20.973782771535575,178:169:211:202
astronaut_e336,natural,336,24,budget_semantic_0.30,800,0.3,0.17443284392356873,267,208,22.097378277153556,168:180:208:204
astronaut_e336,natural,336,24,budget_tail_0.30,800,0.3,0.17547281086444855,267,190,28.838951310861425,190:190:190:190
astronaut_e336,natural,336,24,budget_random_0.40,800,0.4,0.29228124022483826,267,177,33.70786516853933,177:149:177:177
astronaut_e336,natural,336,24,budget_semantic_0.40,800,0.4,0.24379345774650574,267,185,30.711610486891384,145:166:185:184
astronaut_e336,natural,336,24,budget_tail_0.40,800,0.4,0.2448807656764984,267,170,36.329588014981276,170:170:170:170
astronaut_e336,natural,336,24,budget_random_0.50,800,0.5,0.3653767704963684,267,157,41.19850187265918,144:147:157:152
astronaut_e336,natural,336,24,budget_semantic_0.50,800,0.5,0.3167443573474884,267,165,38.20224719101124,130:147:158:165
astronaut_e336,natural,336,24,budget_tail_0.50,800,0.5,0.3174811005592346,267,150,43.82022471910112,150:150:150:150
astronaut_e336,natural,336,36,full_k8,800,0.0,0.0,296,296,0.0,237:249:218:296
astronaut_e336,natural,336,36,random_k6,800,0.25,0.1961982399225235,296,243,17.905405405405407,186:198:173:243
astronaut_e336,natural,336,36,semantic_k6,800,0.25,0.15290962159633636,296,250,15.540540540540537,175:191:184:250
astronaut_e336,natural,336,36,tail_k6,800,0.25,0.15473954379558563,296,208,29.729729729729726,198:186:208:208
astronaut_e336,natural,336,36,random_k4,800,0.5,0.38777998089790344,296,182,38.51351351351351,140:131:147:182
astronaut_e336,natural,336,36,semantic_k4,800,0.5,0.32083070278167725,296,197,33.445945945945944,132:134:137:197
astronaut_e336,natural,336,36,tail_k4,800,0.5,0.3223882019519806,296,168,43.24324324324324,156:136:140:168
astronaut_e336,natural,336,36,random_k2,800,0.75,0.5957136750221252,296,123,58.445945945945944,106:86:85:123
astronaut_e336,natural,336,36,semantic_k2,800,0.75,0.5174709558486938,296,128,56.75675675675676,88:79:105:128
astronaut_e336,natural,336,36,tail_k2,800,0.75,0.5183293223381042,296,118,60.13513513513513,97:87:98:118
astronaut_e336,natural,336,36,random_k1,800,0.875,0.6983503103256226,296,87,70.60810810810811,80:63:70:87
astronaut_e336,natural,336,36,semantic_k1,800,0.875,0.634375810623169,296,103,65.2027027027027,68:56:73:103
astronaut_e336,natural,336,36,tail_k1,800,0.875,0.6347745656967163,296,99,66.55405405405406,67:63:71:99
astronaut_e336,natural,336,36,budget_random_0.01,800,0.01,0.00739378621801734,296,294,0.6756756756756799,235:247:216:294
astronaut_e336,natural,336,36,budget_semantic_0.01,800,0.01,0.0020005733240395784,296,295,0.33783783783783994,235:247:215:295
astronaut_e336,natural,336,36,budget_tail_0.01,800,0.01,0.004210987128317356,296,288,2.7027027027026973,237:249:218:288
astronaut_e336,natural,336,36,budget_random_0.02,800,0.02,0.014396135695278645,296,293,1.0135135135135087,231:246:214:293
astronaut_e336,natural,336,36,budget_semantic_0.02,800,0.02,0.0058348653838038445,296,293,1.0135135135135087,233:245:213:293
astronaut_e336,natural,336,36,budget_tail_0.02,800,0.02,0.009692614898085594,296,280,5.405405405405405,237:249:218:280
astronaut_e336,natural,336,36,budget_random_0.05,800,0.05,0.03521628677845001,296,289,2.3648648648648685,219:241:211:289
astronaut_e336,natural,336,36,budget_semantic_0.05,800,0.05,0.020582662895321846,296,289,2.3648648648648685,222:240:209:289
astronaut_e336,natural,336,36,budget_tail_0.05,800,0.05,0.02778676524758339,296,256,13.513513513513509,237:249:218:256
astronaut_e336,natural,336,36,budget_random_0.10,800,0.1,0.07093534618616104,296,277,6.418918918918914,217:228:198:277
astronaut_e336,natural,336,36,budget_semantic_0.10,800,0.1,0.04802486672997475,296,279,5.743243243243246,215:232:194:279
astronaut_e336,natural,336,36,budget_tail_0.10,800,0.1,0.05535823851823807,296,234,20.945945945945944,234:234:218:234
astronaut_e336,natural,336,36,budget_random_0.20,800,0.2,0.14302965998649597,296,249,15.878378378378377,200:205:186:249
astronaut_e336,natural,336,36,budget_semantic_0.20,800,0.2,0.10854046046733856,296,255,13.851351351351349,191:212:182:255
astronaut_e336,natural,336,36,budget_tail_0.20,800,0.2,0.11355522274971008,296,210,29.054054054054056,210:210:210:210
astronaut_e336,natural,336,36,budget_random_0.30,800,0.3,0.21558867394924164,296,231,21.959459459459463,176:187:166:231
astronaut_e336,natural,336,36,budget_semantic_0.30,800,0.3,0.17372968792915344,296,237,19.932432432432435,173:184:166:237
astronaut_e336,natural,336,36,budget_tail_0.30,800,0.3,0.17732477188110352,296,190,35.810810810810814,190:190:190:190
astronaut_e336,natural,336,36,budget_random_0.40,800,0.4,0.2893812358379364,296,194,34.45945945945946,171:158:157:194
astronaut_e336,natural,336,36,budget_semantic_0.40,800,0.4,0.24252118170261383,296,215,27.36486486486487,157:156:152:215
astronaut_e336,natural,336,36,budget_tail_0.40,800,0.4,0.2455844134092331,296,170,42.567567567567565,170:170:170:170
astronaut_e336,natural,336,36,budget_random_0.50,800,0.5,0.36319276690483093,296,180,39.189189189189186,146:134:140:180
astronaut_e336,natural,336,36,budget_semantic_0.50,800,0.5,0.31441253423690796,296,203,31.418918918918916,135:132:130:203
astronaut_e336,natural,336,36,budget_tail_0.50,800,0.5,0.3173765242099762,296,150,49.32432432432432,150:150:150:150
astronaut_e336,natural,336,44,full_k8,800,0.0,0.0,288,288,0.0,242:288:265:205
astronaut_e336,natural,336,44,random_k6,800,0.25,0.20231905579566956,288,226,21.52777777777778,197:226:213:164
astronaut_e336,natural,336,44,semantic_k6,800,0.25,0.16200722754001617,288,236,18.055555555555557,177:236:214:173
astronaut_e336,natural,336,44,tail_k6,800,0.25,0.1642734408378601,288,221,23.263888888888886,198:221:184:197
astronaut_e336,natural,336,44,random_k4,800,0.5,0.4026745557785034,288,162,43.75,156:162:156:126
astronaut_e336,natural,336,44,semantic_k4,800,0.5,0.3372795879840851,288,183,36.458333333333336,131:183:158:128
astronaut_e336,natural,336,44,tail_k4,800,0.5,0.33919990062713623,288,161,44.09722222222222,157:161:137:145
astronaut_e336,natural,336,44,random_k2,800,0.75,0.5927779078483582,288,119,58.68055555555556,98:101:119:82
astronaut_e336,natural,336,44,semantic_k2,800,0.75,0.5338838696479797,288,127,55.90277777777778,84:127:101:88
astronaut_e336,natural,336,44,tail_k2,800,0.75,0.534945547580719,288,109,62.15277777777778,98:109:98:95
astronaut_e336,natural,336,44,random_k1,800,0.875,0.6971998810768127,288,96,66.66666666666667,80:63:96:61
astronaut_e336,natural,336,44,semantic_k1,800,0.875,0.6478061079978943,288,94,67.36111111111111,66:94:84:56
astronaut_e336,natural,336,44,tail_k1,800,0.875,0.6485605239868164,288,83,71.18055555555556,72:83:80:65
astronaut_e336,natural,336,44,budget_random_0.01,800,0.01,0.007560123223811388,288,283,1.736111111111116,242:283:264:203
astronaut_e336,natural,336,44,budget_semantic_0.01,800,0.01,0.003701762529090047,288,285,1.041666666666663,239:285:264:204
astronaut_e336,natural,336,44,budget_tail_0.01,800,0.01,0.00419343076646328,288,280,2.777777777777779,242:280:265:205
astronaut_e336,natural,336,44,budget_random_0.02,800,0.02,0.014572089537978172,288,282,2.083333333333337,240:282:261:201
astronaut_e336,natural,336,44,budget_semantic_0.02,800,0.02,0.008107652887701988,288,280,2.777777777777779,238:280:263:203
astronaut_e336,natural,336,44,budget_tail_0.02,800,0.02,0.009122501127421856,288,272,5.555555555555558,242:272:265:205
astronaut_e336,natural,336,44,budget_random_0.05,800,0.05,0.036071114242076874,288,273,5.2083333333333375,234:273:257:196
astronaut_e336,natural,336,44,budget_semantic_0.05,800,0.05,0.023121699690818787,288,272,5.555555555555558,231:272:257:200
astronaut_e336,natural,336,44,budget_tail_0.05,800,0.05,0.025418972596526146,288,257,10.763888888888884,242:257:256:205
astronaut_e336,natural,336,44,budget_random_0.10,800,0.1,0.07441217452287674,288,261,9.375,227:261:245:187
astronaut_e336,natural,336,44,budget_semantic_0.10,800,0.1,0.05125631019473076,288,262,9.027777777777779,221:262:245:192
astronaut_e336,natural,336,44,budget_tail_0.10,800,0.1,0.05522162467241287,288,239,17.013888888888886,238:239:238:205
astronaut_e336,natural,336,44,budget_random_0.20,800,0.2,0.14762882888317108,288,244,15.277777777777779,200:244:229:167
astronaut_e336,natural,336,44,budget_semantic_0.20,800,0.2,0.11460637301206589,288,248,13.888888888888884,194:248:220:178
astronaut_e336,natural,336,44,budget_tail_0.20,800,0.2,0.1194133311510086,288,212,26.388888888888886,211:212:212:205
astronaut_e336,natural,336,44,budget_random_0.30,800,0.3,0.2196148931980133,288,224,22.22222222222222,176:224:202:158
astronaut_e336,natural,336,44,budget_semantic_0.30,800,0.3,0.18311212956905365,288,225,21.875,176:225:200:159
astronaut_e336,natural,336,44,budget_tail_0.30,800,0.3,0.18642376363277435,288,190,34.02777777777778,190:190:190:190
astronaut_e336,natural,336,44,budget_random_0.40,800,0.4,0.2957921028137207,288,200,30.555555555555557,165:200:177:138
astronaut_e336,natural,336,44,budget_semantic_0.40,800,0.4,0.25538960099220276,288,206,28.47222222222222,152:206:179:143
astronaut_e336,natural,336,44,budget_tail_0.40,800,0.4,0.25758498907089233,288,170,40.97222222222222,170:170:170:170
astronaut_e336,natural,336,44,budget_random_0.50,800,0.5,0.3683690130710602,288,173,39.93055555555556,150:173:164:113
astronaut_e336,natural,336,44,budget_semantic_0.50,800,0.5,0.33043065667152405,288,182,36.80555555555556,134:182:158:126
astronaut_e336,natural,336,44,budget_tail_0.50,800,0.5,0.33208757638931274,288,150,47.916666666666664,150:150:150:150
astronaut_e336,natural,336,47,full_k8,800,0.0,0.0,293,293,0.0,293:246:197:264
astronaut_e336,natural,336,47,random_k6,800,0.25,0.20180511474609375,293,235,19.795221843003407,235:197:158:210
astronaut_e336,natural,336,47,semantic_k6,800,0.25,0.171589195728302,293,228,22.184300341296925,211:195:166:228
astronaut_e336,natural,336,47,tail_k6,800,0.25,0.1734367161989212,293,211,27.98634812286689,211:211:192:186
astronaut_e336,natural,336,47,random_k4,800,0.5,0.3977656364440918,293,175,40.27303754266212,175:153:126:146
astronaut_e336,natural,336,47,semantic_k4,800,0.5,0.35420098900794983,293,165,43.68600682593856,164:155:116:165
astronaut_e336,natural,336,47,tail_k4,800,0.5,0.3557131290435791,293,166,43.344709897610926,154:166:142:138
astronaut_e336,natural,336,47,random_k2,800,0.75,0.6001453995704651,293,117,60.068259385665534,101:96:86:117
astronaut_e336,natural,336,47,semantic_k2,800,0.75,0.5559763312339783,293,112,61.774744027303754,105:96:87:112
astronaut_e336,natural,336,47,tail_k2,800,0.75,0.5567799210548401,293,106,63.82252559726962,99:106:90:105
astronaut_e336,natural,336,47,random_k1,800,0.875,0.7029730081558228,293,88,69.96587030716724,88:70:66:76
astronaut_e336,natural,336,47,semantic_k1,800,0.875,0.666999340057373,293,88,69.96587030716724,78:67:67:88
astronaut_e336,natural,336,47,tail_k1,800,0.875,0.6674344539642334,293,83,71.67235494880546,83:59:75:83
astronaut_e336,natural,336,47,budget_random_0.01,800,0.01,0.008171340450644493,293,290,1.0238907849829393,290:244:196:262
astronaut_e336,natural,336,47,budget_semantic_0.01,800,0.01,0.004268947057425976,293,292,0.34129692832765013,292:245:193:262
astronaut_e336,natural,336,47,budget_tail_0.01,800,0.01,0.005186379421502352,293,285,2.7303754266211566,285:246:197:264
astronaut_e336,natural,336,47,budget_random_0.02,800,0.02,0.015099494718015194,293,288,1.7064846416382284,288:243:193:260
astronaut_e336,natural,336,47,budget_semantic_0.02,800,0.02,0.00905675906687975,293,290,1.0238907849829393,290:245:191:258
astronaut_e336,natural,336,47,budget_tail_0.02,800,0.02,0.011408880352973938,293,277,5.460750853242324,277:246:197:264
astronaut_e336,natural,336,47,budget_random_0.05,800,0.05,0.03753696382045746,293,279,4.778156996587035,279:240:191:250
astronaut_e336,natural,336,47,budget_semantic_0.05,800,0.05,0.02654760517179966,293,282,3.754266211604096,282:239:188:251
astronaut_e336,natural,336,47,budget_tail_0.05,800,0.05,0.02984555810689926,293,259,11.604095563139927,259:246:197:258
astronaut_e336,natural,336,47,budget_random_0.10,800,0.1,0.07606678456068039,293,265,9.55631399317406,265:226:184:245
astronaut_e336,natural,336,47,budget_semantic_0.10,800,0.1,0.05919709801673889,293,265,9.55631399317406,265:229:183:243
astronaut_e336,natural,336,47,budget_tail_0.10,800,0.1,0.062252867966890335,293,241,17.74744027303754,241:241:197:241
astronaut_e336,natural,336,47,budget_random_0.20,800,0.2,0.15176647901535034,293,254,13.310580204778155,254:207:156:223
astronaut_e336,natural,336,47,budget_semantic_0.20,800,0.2,0.12838536500930786,293,235,19.795221843003407,235:214:166:225
astronaut_e336,natural,336,47,budget_tail_0.20,800,0.2,0.13193650543689728,293,215,26.62116040955631,215:214:197:214
astronaut_e336,natural,336,47,budget_random_0.30,800,0.3,0.2268928587436676,293,213,27.303754266211598,213:182:156:209
astronaut_e336,natural,336,47,budget_semantic_0.30,800,0.3,0.20081274211406708,293,211,27.98634812286689,211:198:146:205
astronaut_e336,natural,336,47,budget_tail_0.30,800,0.3,0.20309984683990479,293,190,35.153583617747444,190:190:190:190
astronaut_e336,natural,336,47,budget_random_0.40,800,0.4,0.3036156892776489,293,196,33.10580204778157,196:155:136:193
astronaut_e336,natural,336,47,budget_semantic_0.40,800,0.4,0.2752768397331238,293,184,37.20136518771331,184:180:136:180
astronaut_e336,natural,336,47,budget_tail_0.40,800,0.4,0.27665793895721436,293,170,41.97952218430034,170:170:170:170
astronaut_e336,natural,336,47,budget_random_0.50,800,0.5,0.3794324994087219,293,173,40.955631399317404,173:136:134:157
astronaut_e336,natural,336,47,budget_semantic_0.50,800,0.5,0.3518573045730591,293,168,42.66211604095563,168:159:116:157
astronaut_e336,natural,336,47,budget_tail_0.50,800,0.5,0.3528869152069092,293,150,48.80546075085325,150:150:150:150
camera_e448,natural,448,4,full_k8,1568,0.0,0.0,485,485,0.0,485:379:472:432
camera_e448,natural,448,4,random_k6,1568,0.25,0.22163960337638855,485,367,24.329896907216497,367:302:365:342
camera_e448,natural,448,4,semantic_k6,1568,0.25,0.1841450035572052,485,374,22.886597938144327,347:282:374:373
camera_e448,natural,448,4,tail_k6,1568,0.25,0.1863711029291153,485,381,21.443298969072167,352:339:381:304
camera_e448,natural,448,4,random_k4,1568,0.5,0.44164931774139404,485,282,41.85567010309278,261:214:282:227
camera_e448,natural,448,4,semantic_k4,1568,0.5,0.3823775351047516,485,267,44.94845360824742,253:205:267:259
camera_e448,natural,448,4,tail_k4,1568,0.5,0.3836982548236847,485,280,42.26804123711341,226:225:280:253
camera_e448,natural,448,4,random_k2,1568,0.75,0.6647783517837524,485,162,66.5979381443299,162:125:160:145
camera_e448,natural,448,4,semantic_k2,1568,0.75,0.6028019189834595,485,164,66.18556701030927,147:128:164:153
camera_e448,natural,448,4,tail_k2,1568,0.75,0.6035528182983398,485,171,64.74226804123711,143:121:171:157
camera_e448,natural,448,4,random_k1,1568,0.875,0.7774593830108643,485,116,76.08247422680412,88:87:116:105
camera_e448,natural,448,4,semantic_k1,1568,0.875,0.7290353775024414,485,113,76.70103092783505,97:77:113:109
camera_e448,natural,448,4,tail_k1,1568,0.875,0.729488730430603,485,107,77.93814432989691,102:85:102:107
camera_e448,natural,448,4,budget_random_0.01,1568,0.01020408163265306,0.008656971156597137,485,480,1.0309278350515427,480:377:468:427
camera_e448,natural,448,4,budget_semantic_0.01,1568,0.01020408163265306,0.005450377240777016,485,480,1.0309278350515427,480:377:466:429
camera_e448,natural,448,4,budget_tail_0.01,1568,0.01020408163265306,0.005740585271269083,485,471,2.8865979381443307,471:379:470:432
camera_e448,natural,448,4,budget_random_0.02,1568,0.019770408163265307,0.016283506527543068,485,477,1.6494845360824795,477:374:463:423
camera_e448,natural,448,4,budget_semantic_0.02,1568,0.019770408163265307,0.011064441874623299,485,474,2.268041237113405,474:373:462:428
camera_e448,natural,448,4,budget_tail_0.02,1568,0.019770408163265307,0.011481156572699547,485,463,4.536082474226799,463:379:463:432
camera_e448,natural,448,4,budget_random_0.05,1568,0.04974489795918367,0.040153633803129196,485,464,4.32989690721649,464:360:452:414
camera_e448,natural,448,4,budget_semantic_0.05,1568,0.04974489795918367,0.030126748606562614,485,459,5.360824742268044,459:362:454:415
camera_e448,natural,448,4,budget_tail_0.05,1568,0.04974489795918367,0.03147535026073456,485,440,9.278350515463918,439:379:440:432
camera_e448,natural,448,4,budget_random_0.10,1568,0.10012755102040816,0.084730364382267,485,445,8.247422680412376,445:350:425:391
camera_e448,natural,448,4,budget_semantic_0.10,1568,0.10012755102040816,0.06434392184019089,485,439,9.484536082474227,437:338:439:397
camera_e448,natural,448,4,budget_tail_0.10,1568,0.10012755102040816,0.06666036695241928,485,411,15.257731958762887,411:379:411:410
camera_e448,natural,448,4,budget_random_0.20,1568,0.2002551020408163,0.16533029079437256,485,402,17.113402061855666,402:310:390:352
camera_e448,natural,448,4,budget_semantic_0.20,1568,0.2002551020408163,0.13771504163742065,485,406,16.288659793814432,406:294:393:361
camera_e448,natural,448,4,budget_tail_0.20,1568,0.2002551020408163,0.14024223387241364,485,364,24.948453608247423,364:363:364:363
camera_e448,natural,448,4,budget_random_0.30,1568,0.2997448979591837,0.24838104844093323,485,360,25.773195876288657,360:285:350:303
camera_e448,natural,448,4,budget_semantic_0.30,1568,0.2997448979591837,0.21453608572483063,485,361,25.56701030927835,361:263:350:324
camera_e448,natural,448,4,budget_tail_0.30,1568,0.2997448979591837,0.2160727083683014,485,325,32.98969072164949,325:324:325:324
camera_e448,natural,448,4,budget_random_0.40,1568,0.39987244897959184,0.3328954577445984,485,307,36.701030927835056,300:255:307:279
camera_e448,natural,448,4,budget_semantic_0.40,1568,0.39987244897959184,0.2945294678211212,485,308,36.49484536082475,308:238:308:287
camera_e448,natural,448,4,budget_tail_0.40,1568,0.39987244897959184,0.29549306631088257,485,286,41.03092783505154,285:285:286:285
camera_e448,natural,448,4,budget_random_0.50,1568,0.5,0.41570547223091125,485,281,42.061855670103085,277:206:281:220
camera_e448,natural,448,4,budget_semantic_0.50,1568,0.5,0.37731218338012695,485,270,44.329896907216494,262:200:270:252
camera_e448,natural,448,4,budget_tail_0.50,1568,0.5,0.3780481815338135,485,246,49.27835051546392,246:246:246:246
camera_e448,natural,448,12,full_k8,1568,0.0,0.0,514,514,0.0,478:309:514:467
camera_e448,natural,448,12,random_k6,1568,0.25,0.22638985514640808,514,401,21.98443579766537,368:244:401:363
camera_e448,natural,448,12,semantic_k6,1568,0.25,0.17705103754997253,514,416,19.06614785992218,341:224:416:395
camera_e448,natural,448,12,tail_k6,1568,0.25,0.17948971688747406,514,377,26.65369649805448,364:289:377:346
camera_e448,natural,448,12,random_k4,1568,0.5,0.4449343681335449,514,290,43.57976653696498,250:171:273:290
camera_e448,natural,448,12,semantic_k4,1568,0.5,0.3689555823802948,514,300,41.63424124513618,239:153:292:300
camera_e448,natural,448,12,tail_k4,1568,0.5,0.3705054521560669,514,267,48.0544747081712,263:201:267:253
camera_e448,natural,448,12,random_k2,1568,0.75,0.6665160655975342,514,177,65.56420233463035,137:117:177:161
camera_e448,natural,448,12,semantic_k2,1568,0.75,0.5852563381195068,514,186,63.81322957198443,143:84:179:186
camera_e448,natural,448,12,tail_k2,1568,0.75,0.5862473845481873,514,162,68.48249027237354,155:114:162:161
camera_e448,natural,448,12,random_k1,1568,0.875,0.7800275087356567,514,124,75.87548638132296,83:80:109:124
camera_e448,natural,448,12,semantic_k1,1568,0.875,0.7121840715408325,514,121,76.45914396887159,91:63:121:121
camera_e448,natural,448,12,tail_k1,1568,0.875,0.712653636932373,514,109,78.79377431906615,104:75:108:109
camera_e448,natural,448,12,budget_random_0.01,1568,0.01020408163265306,0.008534916676580906,514,510,0.7782101167315147,472:307:510:463
camera_e448,natural,448,12,budget_semantic_0.01,1568,0.01020408163265306,0.003386508906260133,514,507,1.3618677042801508,477:304:507:464
camera_e448,natural,448,12,budget_tail_0.01,1568,0.01020408163265306,0.0041359057649970055,514,498,3.11284046692607,478:309:498:467
camera_e448,natural,448,12,budget_random_0.02,1568,0.019770408163265307,0.016162710264325142,514,504,1.945525291828798,471:303:504:459
camera_e448,natural,448,12,budget_semantic_0.02,1568,0.019770408163265307,0.00736806308850646,514,503,2.1400778210116767,472:302:503:460
camera_e448,natural,448,12,budget_tail_0.02,1568,0.019770408163265307,0.009312070906162262,514,483,6.0311284046692615,478:309:483:467
camera_e448,natural,448,12,budget_random_0.05,1568,0.04974489795918367,0.04012725502252579,514,488,5.058365758754868,461:292:488:449
camera_e448,natural,448,12,budget_semantic_0.05,1568,0.04974489795918367,0.02327362820506096,514,481,6.420233463035019,461:296:481:452
camera_e448,natural,448,12,budget_tail_0.05,1568,0.04974489795918367,0.025343120098114014,514,461,10.311284046692604,460:309:461:460
camera_e448,natural,448,12,budget_random_0.10,1568,0.10012755102040816,0.08226090669631958,514,472,8.171206225680939,434:281:472:424
camera_e448,natural,448,12,budget_semantic_0.10,1568,0.10012755102040816,0.05499264970421791,514,453,11.867704280155644,442:284:453:432
camera_e448,natural,448,12,budget_tail_0.10,1568,0.10012755102040816,0.057263776659965515,514,434,15.56420233463035,434:309:434:434
camera_e448,natural,448,12,budget_random_0.20,1568,0.2002551020408163,0.1626269370317459,514,426,17.12062256809338,401:251:426:376
camera_e448,natural,448,12,budget_semantic_0.20,1568,0.2002551020408163,0.12495984137058258,514,402,21.78988326848249,395:255:402:402
camera_e448,natural,448,12,budget_tail_0.20,1568,0.2002551020408163,0.1288696527481079,514,382,25.680933852140075,381:309:382:382
camera_e448,natural,448,12,budget_random_0.30,1568,0.2997448979591837,0.24249380826950073,514,394,23.34630350194552,338:229:394:337
camera_e448,natural,448,12,budget_semantic_0.30,1568,0.2997448979591837,0.1992592066526413,514,371,27.82101167315175,343:223:361:371
camera_e448,natural,448,12,budget_tail_0.30,1568,0.2997448979591837,0.2055455595254898,514,330,35.7976653696498,329:309:330:330
camera_e448,natural,448,12,budget_random_0.40,1568,0.39987244897959184,0.3262910544872284,514,329,35.99221789883269,311:201:329:300
camera_e448,natural,448,12,budget_semantic_0.40,1568,0.39987244897959184,0.2780310809612274,514,338,34.24124513618677,293:189:321:338
camera_e448,natural,448,12,budget_tail_0.40,1568,0.39987244897959184,0.28262844681739807,514,286,44.3579766536965,285:285:285:286
camera_e448,natural,448,12,budget_random_0.50,1568,0.5,0.4066055715084076,514,276,46.30350194552529,265:174:276:269
camera_e448,natural,448,12,budget_semantic_0.50,1568,0.5,0.3601568937301636,514,297,42.21789883268483,240:164:283:297
camera_e448,natural,448,12,budget_tail_0.50,1568,0.5,0.3636561632156372,514,246,52.140077821011666,246:246:246:246
camera_e448,natural,448,24,full_k8,1568,0.0,0.0,527,527,0.0,439:339:527:463
camera_e448,natural,448,24,random_k6,1568,0.25,0.22451281547546387,527,399,24.288425047438334,343:264:399:370
camera_e448,natural,448,24,semantic_k6,1568,0.25,0.1674661785364151,527,428,18.785578747628083,294:259:428:395
camera_e448,natural,448,24,tail_k6,1568,0.25,0.16952872276306152,527,377,28.4629981024668,301:326:372:377
camera_e448,natural,448,24,random_k4,1568,0.5,0.4487101137638092,527,282,46.489563567362424,221:204:282:277
camera_e448,natural,448,24,semantic_k4,1568,0.5,0.3505920171737671,527,332,37.00189753320683,202:177:332:273
camera_e448,natural,448,24,tail_k4,1568,0.5,0.3519963026046753,527,290,44.97153700189753,209:229:290:256
camera_e448,natural,448,24,random_k2,1568,0.75,0.667454183101654,527,173,67.17267552182163,136:115:173:168
camera_e448,natural,448,24,semantic_k2,1568,0.75,0.5636400580406189,527,198,62.428842504743834,121:110:198:163
camera_e448,natural,448,24,tail_k2,1568,0.75,0.5643240809440613,527,176,66.60341555977229,132:129:176:155
camera_e448,natural,448,24,random_k1,1568,0.875,0.7767627835273743,527,122,76.85009487666035,90:73:111:122
camera_e448,natural,448,24,semantic_k1,1568,0.875,0.692825198173523,527,120,77.22960151802657,86:84:120:106
camera_e448,natural,448,24,tail_k1,1568,0.875,0.6931059956550598,527,112,78.74762808349146,89:88:112:107
camera_e448,natural,448,24,budget_random_0.01,1568,0.01020408163265306,0.00836639292538166,527,522,0.9487666034155628,436:334:522:460
camera_e448,natural,448,24,budget_semantic_0.01,1568,0.01020408163265306,0.0012815678492188454,527,525,0.3795066413662229,435:336:525:456
camera_e448,natural,448,24,budget_tail_0.01,1568,0.01020408163265306,0.004031599033623934,527,511,3.0360531309297945,439:339:511:463
camera_e448,natural,448,24,budget_random_0.02,1568,0.019770408163265307,0.015217919833958149,527,519,1.5180265654648917,428:335:519:455
camera_e448,natural,448,24,budget_semantic_0.02,1568,0.019770408163265307,0.005065375007688999,527,519,1.5180265654648917,430:334:519:454
camera_e448,natural,448,24,budget_tail_0.02,1568,0.019770408163265307,0.00910225510597229,527,496,5.882352941176472,439:339:496:463
camera_e448,natural,448,24,budget_random_0.05,1568,0.04974489795918367,0.0400170274078846,527,505,4.174573055028463,419:323:505:443
camera_e448,natural,448,24,budget_semantic_0.05,1568,0.04974489795918367,0.02014486864209175,527,504,4.36432637571158,412:330:504:444
camera_e448,natural,448,24,budget_tail_0.05,1568,0.04974489795918367,0.02542082406580448,527,456,13.472485768500952,439:339:456:456
camera_e448,natural,448,24,budget_random_0.10,1568,0.10012755102040816,0.07992441207170486,527,472,10.436432637571158,400:312:472:427
camera_e448,natural,448,24,budget_semantic_0.10,1568,0.10012755102040816,0.04868098348379135,527,483,8.349146110056926,386:319:483:423
camera_e448,natural,448,24,budget_tail_0.10,1568,0.10012755102040816,0.05360478162765503,527,424,19.54459203036053,424:339:424:424
camera_e448,natural,448,24,budget_random_0.20,1568,0.2002551020408163,0.15467296540737152,527,430,18.40607210626186,355:278:430:391
camera_e448,natural,448,24,budget_semantic_0.20,1568,0.2002551020408163,0.1131887286901474,527,438,16.88804554079696,333:293:438:390
camera_e448,natural,448,24,budget_tail_0.20,1568,0.2002551020408163,0.1190028265118599,527,372,29.411764705882348,371:339:372:372
camera_e448,natural,448,24,budget_random_0.30,1568,0.2997448979591837,0.2342260330915451,527,385,26.944971537001894,320:249:385:344
camera_e448,natural,448,24,budget_semantic_0.30,1568,0.2997448979591837,0.18404561281204224,527,397,24.667931688804558,295:259:397:347
camera_e448,natural,448,24,budget_tail_0.30,1568,0.2997448979591837,0.18881778419017792,527,325,38.33017077798861,324:324:325:325
camera_e448,natural,448,24,budget_random_0.40,1568,0.39987244897959184,0.3186015784740448,527,343,34.9146110056926,263:227:343:308
camera_e448,natural,448,24,budget_semantic_0.40,1568,0.39987244897959184,0.2599736452102661,527,360,31.688804554079695,244:225:360:312
camera_e448,natural,448,24,budget_tail_0.40,1568,0.39987244897959184,0.2636786103248596,527,286,45.73055028462998,285:285:286:285
camera_e448,natural,448,24,budget_random_0.50,1568,0.5,0.39398592710494995,527,292,44.59203036053131,245:186:292:261
camera_e448,natural,448,24,budget_semantic_0.50,1568,0.5,0.3398071229457855,527,323,38.70967741935484,213:189:323:259
camera_e448,natural,448,24,budget_tail_0.50,1568,0.5,0.34320923686027527,527,246,53.32068311195446,246:246:246:246
camera_e448,natural,448,36,full_k8,1568,0.0,0.0,581,581,0.0,362:335:490:581
camera_e448,natural,448,36,random_k6,1568,0.25,0.21520932018756866,581,458,21.17039586919105,267:264:387:458
camera_e448,natural,448,36,semantic_k6,1568,0.25,0.16242608428001404,581,481,17.211703958691913,267:230:398:481
camera_e448,natural,448,36,tail_k6,1568,0.25,0.16494598984718323,581,402,30.808950086058516,305:307:362:402
camera_e448,natural,448,36,random_k4,1568,0.5,0.4343111515045166,581,326,43.88984509466437,208:178:272:326
camera_e448,natural,448,36,semantic_k4,1568,0.5,0.3426477909088135,581,327,43.71772805507745,193:166:298:327
camera_e448,natural,448,36,tail_k4,1568,0.5,0.34474679827690125,581,282,51.46299483648882,215:214:282:273
camera_e448,natural,448,36,random_k2,1568,0.75,0.6561092734336853,581,189,67.46987951807229,126:117:160:189
camera_e448,natural,448,36,semantic_k2,1568,0.75,0.5575557947158813,581,202,65.23235800344234,103:98:189:202
camera_e448,natural,448,36,tail_k2,1568,0.75,0.5582343935966492,581,184,68.33046471600687,113:113:182:184
camera_e448,natural,448,36,random_k1,1568,0.875,0.777035653591156,581,127,78.14113597246127,94:79:96:127
camera_e448,natural,448,36,semantic_k1,1568,0.875,0.6928165555000305,581,144,75.21514629948365,62:61:129:144
camera_e448,natural,448,36,tail_k1,1568,0.875,0.6931247711181641,581,138,76.24784853700517,67:69:122:138
camera_e448,natural,448,36,budget_random_0.01,1568,0.01020408163265306,0.008656615391373634,581,576,0.8605851979345935,358:331:487:576
camera_e448,natural,448,36,budget_semantic_0.01,1568,0.01020408163265306,0.0024410232435911894,581,577,0.688468158347677,361:329:485:577
camera_e448,natural,448,36,budget_tail_0.01,1568,0.01020408163265306,0.004163468722254038,581,565,2.753872633390708,362:335:490:565
camera_e448,natural,448,36,budget_random_0.02,1568,0.019770408163265307,0.015228459611535072,581,574,1.2048192771084376,353:329:481:574
camera_e448,natural,448,36,budget_semantic_0.02,1568,0.019770408163265307,0.006554355379194021,581,574,1.2048192771084376,360:325:478:574
camera_e448,natural,448,36,budget_tail_0.02,1568,0.019770408163265307,0.009129035286605358,581,550,5.335628227194489,362:335:490:550
camera_e448,natural,448,36,budget_random_0.05,1568,0.04974489795918367,0.03980820253491402,581,557,4.130808950086062,344:317:472:557
camera_e448,natural,448,36,budget_semantic_0.05,1568,0.04974489795918367,0.021184327080845833,581,559,3.7865748709122182,350:319:462:559
camera_e448,natural,448,36,budget_tail_0.05,1568,0.04974489795918367,0.026852810755372047,581,503,13.425129087779686,362:335:490:503
camera_e448,natural,448,36,budget_random_0.10,1568,0.10012755102040816,0.08106204867362976,581,529,8.95008605851979,328:304:450:529
camera_e448,natural,448,36,budget_semantic_0.10,1568,0.10012755102040816,0.0492134653031826,581,530,8.777969018932874,328:307:446:530
camera_e448,natural,448,36,budget_tail_0.10,1568,0.10012755102040816,0.05547664687037468,581,457,21.342512908777966,362:335:457:457
camera_e448,natural,448,36,budget_random_0.20,1568,0.2002551020408163,0.15518714487552643,581,474,18.41652323580034,304:267:409:474
camera_e448,natural,448,36,budget_semantic_0.20,1568,0.2002551020408163,0.11214178055524826,581,473,18.58864027538726,299:276:406:473
camera_e448,natural,448,36,budget_tail_0.20,1568,0.2002551020408163,0.12362946569919586,581,379,34.767641996557664,362:335:378:379
camera_e448,natural,448,36,budget_random_0.30,1568,0.2997448979591837,0.23444248735904694,581,434,25.30120481927711,266:236:362:434
camera_e448,natural,448,36,budget_semantic_0.30,1568,0.2997448979591837,0.18088866770267487,581,419,27.882960413080895,267:245:367:419
camera_e448,natural,448,36,budget_tail_0.30,1568,0.2997448979591837,0.19049355387687683,581,325,44.06196213425129,324:324:325:325
camera_e448,natural,448,36,budget_random_0.40,1568,0.39987244897959184,0.3174602687358856,581,380,34.595524956970735,236:203:322:380
camera_e448,natural,448,36,budget_semantic_0.40,1568,0.39987244897959184,0.2548772990703583,581,382,34.251290877796905,229:207:323:382
camera_e448,natural,448,36,budget_tail_0.40,1568,0.39987244897959184,0.26158419251441956,581,286,50.77452667814113,285:285:285:286
camera_e448,natural,448,36,budget_random_0.50,1568,0.5,0.39410778880119324,581,335,42.3407917383821,183:174:292:335
camera_e448,natural,448,36,budget_semantic_0.50,1568,0.5,0.3330373764038086,581,330,43.20137693631669,187:172:295:330
camera_e448,natural,448,36,budget_tail_0.50,1568,0.5,0.3390673100948334,581,246,57.6592082616179,246:246:246:246
camera_e448,natural,448,44,full_k8,1568,0.0,0.0,507,507,0.0,436:434:507:391
camera_e448,natural,448,44,random_k6,1568,0.25,0.22213579714298248,507,383,24.457593688362923,340:348:383:305
camera_e448,natural,448,44,semantic_k6,1568,0.25,0.18559642136096954,507,409,19.32938856015779,311:314:409:342
camera_e448,natural,448,44,tail_k6,1568,0.25,0.18750028312206268,507,371,26.824457593688365,351:290:371:364
camera_e448,natural,448,44,random_k4,1568,0.5,0.447986364364624,507,305,39.84220907297831,258:213:305:208
camera_e448,natural,448,44,semantic_k4,1568,0.5,0.385432630777359,507,293,42.20907297830375,227:218:293:246
camera_e448,natural,448,44,tail_k4,1568,0.5,0.3870704472064972,507,275,45.75936883629191,210:252:275:247
camera_e448,natural,448,44,random_k2,1568,0.75,0.6696938872337341,507,207,59.171597633136095,140:129:207:116
camera_e448,natural,448,44,semantic_k2,1568,0.75,0.6057838201522827,507,187,63.116370808678504,134:127:187:144
camera_e448,natural,448,44,tail_k2,1568,0.75,0.6068013906478882,507,159,68.63905325443787,146:159:154:133
camera_e448,natural,448,44,random_k1,1568,0.875,0.7747175693511963,507,118,76.72583826429981,105:94:118:79
camera_e448,natural,448,44,semantic_k1,1568,0.875,0.7325282692909241,507,125,75.34516765285996,89:90:125:92
camera_e448,natural,448,44,tail_k1,1568,0.875,0.7329502701759338,507,116,77.12031558185404,96:85:116:99
camera_e448,natural,448,44,budget_random_0.01,1568,0.01020408163265306,0.008094912394881248,507,505,0.39447731755424265,432:429:505:386
camera_e448,natural,448,44,budget_semantic_0.01,1568,0.01020408163265306,0.004366534762084484,507,504,0.591715976331364,434:427:504:387
camera_e448,natural,448,44,budget_tail_0.01,1568,0.01020408163265306,0.005965886637568474,507,491,3.15581854043393,436:434:491:391
camera_e448,natural,448,44,budget_random_0.02,1568,0.019770408163265307,0.016240833327174187,507,494,2.564102564102566,429:430:494:384
camera_e448,natural,448,44,budget_semantic_0.02,1568,0.019770408163265307,0.009672722779214382,507,502,0.9861932938856066,427:423:502:385
camera_e448,natural,448,44,budget_tail_0.02,1568,0.019770408163265307,0.012382867746055126,507,476,6.114398422090728,436:434:476:391
camera_e448,natural,448,44,budget_random_0.05,1568,0.04974489795918367,0.041777122765779495,507,480,5.3254437869822535,422:417:480:371
camera_e448,natural,448,44,budget_semantic_0.05,1568,0.04974489795918367,0.028176313266158104,507,490,3.3530571992110403,418:405:490:377
camera_e448,natural,448,44,budget_tail_0.05,1568,0.04974489795918367,0.03365159407258034,507,433,14.5956607495069,433:433:433:391
camera_e448,natural,448,44,budget_random_0.10,1568,0.10012755102040816,0.08513516187667847,507,463,8.678500986193294,404:392:463:352
camera_e448,natural,448,44,budget_semantic_0.10,1568,0.10012755102040816,0.062327492982149124,507,470,7.297830374753456,390:391:470:360
camera_e448,natural,448,44,budget_tail_0.10,1568,0.10012755102040816,0.06657692044973373,507,407,19.723865877712033,407:406:407:391
camera_e448,natural,448,44,budget_random_0.20,1568,0.2002551020408163,0.16491490602493286,507,403,20.512820512820518,363:355:403:333
camera_e448,natural,448,44,budget_semantic_0.20,1568,0.2002551020408163,0.13638590276241302,507,435,14.201183431952657,334:354:435:331
camera_e448,natural,448,44,budget_tail_0.20,1568,0.2002551020408163,0.1385650336742401,507,364,28.205128205128204,363:364:364:363
camera_e448,natural,448,44,budget_random_0.30,1568,0.2997448979591837,0.2491062730550766,507,382,24.654832347140044,320:307:382:289
camera_e448,natural,448,44,budget_semantic_0.30,1568,0.2997448979591837,0.21439455449581146,507,387,23.668639053254438,290:320:387:301
camera_e448,natural,448,44,budget_tail_0.30,1568,0.2997448979591837,0.21578280627727509,507,325,35.89743589743589,324:325:325:324
camera_e448,natural,448,44,budget_random_0.40,1568,0.39987244897959184,0.3348298966884613,507,325,35.89743589743589,276:286:325:254
camera_e448,natural,448,44,budget_semantic_0.40,1568,0.39987244897959184,0.2962680757045746,507,341,32.74161735700197,257:278:341:265
camera_e448,natural,448,44,budget_tail_0.40,1568,0.39987244897959184,0.2970755696296692,507,286,43.58974358974359,285:285:286:285
camera_e448,natural,448,44,budget_random_0.50,1568,0.5,0.4178893566131592,507,291,42.603550295857985,253:234:291:206
camera_e448,natural,448,44,budget_semantic_0.50,1568,0.5,0.38073602318763733,507,290,42.8007889546351,220:241:290:233
camera_e448,natural,448,44,budget_tail_0.50,1568,0.5,0.38120612502098083,507,246,51.4792899408284,246:246:246:246
camera_e448,natural,448,47,full_k8,1568,0.0,0.0,478,478,0.0,472:478:373:445
camera_e448,natural,448,47,random_k6,1568,0.25,0.22117879986763,478,366,23.43096234309623,361:366:303:346
camera_e448,natural,448,47,semantic_k6,1568,0.25,0.19379889965057373,478,383,19.874476987447697,337:351:305:383
camera_e448,natural,448,47,tail_k6,1568,0.25,0.19564779102802277,478,383,19.874476987447697,307:338:348:383
camera_e448,natural,448,47,random_k4,1568,0.5,0.4417371451854706,478,273,42.88702928870293,273:258:210:243
camera_e448,natural,448,47,semantic_k4,1568,0.5,0.3987583518028259,478,287,39.95815899581589,240:244:213:287
camera_e448,natural,448,47,tail_k4,1568,0.5,0.40088701248168945,478,272,43.096234309623426,258:205:249:272
camera_e448,natural,448,47,random_k2,1568,0.75,0.6688501834869385,478,166,65.27196652719664,147:163:116:166
camera_e448,natural,448,47,semantic_k2,1568,0.75,0.6238546371459961,478,188,60.66945606694561,140:138:126:188
camera_e448,natural,448,47,tail_k2,1568,0.75,0.6253863573074341,478,172,64.01673640167364,154:156:110:172
camera_e448,natural,448,47,random_k1,1568,0.875,0.7766231894493103,478,114,76.15062761506276,92:94:96:114
camera_e448,natural,448,47,semantic_k1,1568,0.875,0.7481385469436646,478,131,72.59414225941423,84:93:88:131
camera_e448,natural,448,47,tail_k1,1568,0.875,0.7488526105880737,478,105,78.03347280334728,105:102:91:98
camera_e448,natural,448,47,budget_random_0.01,1568,0.01020408163265306,0.008691921830177307,478,473,1.0460251046025104,469:473:370:440
camera_e448,natural,448,47,budget_semantic_0.01,1568,0.01020408163265306,0.005241135135293007,478,472,1.2552301255230103,470:472:370:440
camera_e448,natural,448,47,budget_tail_0.01,1568,0.01020408163265306,0.005566997453570366,478,467,2.3012552301255207,467:467:373:445
camera_e448,natural,448,47,budget_random_0.02,1568,0.019770408163265307,0.016932057216763496,478,469,1.882845188284521,466:469:366:436
camera_e448,natural,448,47,budget_semantic_0.02,1568,0.019770408163265307,0.010801000520586967,478,467,2.3012552301255207,467:466:369:435
camera_e448,natural,448,47,budget_tail_0.02,1568,0.019770408163265307,0.011750461533665657,478,460,3.765690376569042,459:460:373:445
camera_e448,natural,448,47,budget_random_0.05,1568,0.04974489795918367,0.04258757829666138,478,460,3.765690376569042,444:460:354:432
camera_e448,natural,448,47,budget_semantic_0.05,1568,0.04974489795918367,0.030786048620939255,478,456,4.602510460251041,451:456:358:425
camera_e448,natural,448,47,budget_tail_0.05,1568,0.04974489795918367,0.03240092843770981,478,439,8.158995815899583,439:439:373:439
camera_e448,natural,448,47,budget_random_0.10,1568,0.10012755102040816,0.08512135595083237,478,443,7.322175732217573,425:443:341:402
camera_e448,natural,448,47,budget_semantic_0.10,1568,0.10012755102040816,0.06787281483411789,478,436,8.786610878661083,427:436:339:409
camera_e448,natural,448,47,budget_tail_0.10,1568,0.10012755102040816,0.06958121806383133,478,413,13.598326359832635,413:413:373:412
camera_e448,natural,448,47,budget_random_0.20,1568,0.2002551020408163,0.16913199424743652,478,392,17.991631799163176,392:389:309:364
camera_e448,natural,448,47,budget_semantic_0.20,1568,0.2002551020408163,0.14649200439453125,478,385,19.456066945606697,385:385:307:377
camera_e448,natural,448,47,budget_tail_0.20,1568,0.2002551020408163,0.14823198318481445,478,364,23.84937238493724,364:364:363:363
camera_e448,natural,448,47,budget_random_0.30,1568,0.2997448979591837,0.2556169331073761,478,347,27.40585774058577,342:347:278:331
camera_e448,natural,448,47,budget_semantic_0.30,1568,0.2997448979591837,0.2274704873561859,478,348,27.19665271966527,348:336:273:341
camera_e448,natural,448,47,budget_tail_0.30,1568,0.2997448979591837,0.2282198667526245,478,325,32.00836820083682,325:324:324:325
camera_e448,natural,448,47,budget_random_0.40,1568,0.39987244897959184,0.3424171805381775,478,306,35.98326359832637,305:306:245:285
camera_e448,natural,448,47,budget_semantic_0.40,1568,0.39987244897959184,0.3110356330871582,478,303,36.61087866108787,301:292:245:303
camera_e448,natural,448,47,budget_tail_0.40,1568,0.39987244897959184,0.3115103244781494,478,286,40.16736401673641,285:285:285:286
camera_e448,natural,448,47,budget_random_0.50,1568,0.5,0.4269465208053589,478,272,43.096234309623426,262:272:212:238
camera_e448,natural,448,47,budget_semantic_0.50,1568,0.5,0.3966606557369232,478,269,43.72384937238494,260:241:214:269
camera_e448,natural,448,47,budget_tail_0.50,1568,0.5,0.3970452845096588,478,246,48.53556485355649,246:246:246:246
chelsea_e672,natural,672,4,full_k8,3528,0.0,0.0,1198,1198,0.0,853:802:875:1198
chelsea_e672,natural,672,4,random_k6,3528,0.25,0.23738907277584076,1198,918,23.372287145242066,660:622:646:918
chelsea_e672,natural,672,4,semantic_k6,3528,0.25,0.20366515219211578,1198,990,17.36227045075125,616:562:678:990
chelsea_e672,natural,672,4,tail_k6,3528,0.25,0.20656651258468628,1198,775,35.30884808013356,654:713:775:704
chelsea_e672,natural,672,4,random_k4,3528,0.5,0.4732871353626251,1198,633,47.16193656093489,441:435:455:633
chelsea_e672,natural,672,4,semantic_k4,3528,0.5,0.4199768602848053,1198,648,45.90984974958264,461:395:460:648
chelsea_e672,natural,672,4,tail_k4,3528,0.5,0.42188704013824463,1198,504,57.92988313856428,504:483:484:493
chelsea_e672,natural,672,4,random_k2,3528,0.75,0.7095405459403992,1198,362,69.78297161936561,228:231:261:362
chelsea_e672,natural,672,4,semantic_k2,3528,0.75,0.6569157838821411,1198,321,73.20534223706177,282:223:256:321
chelsea_e672,natural,672,4,tail_k2,3528,0.75,0.6579804420471191,1198,298,75.12520868113522,294:193:298:297
chelsea_e672,natural,672,4,random_k1,3528,0.875,0.8272377848625183,1198,204,82.97161936560936,131:134:172:204
chelsea_e672,natural,672,4,semantic_k1,3528,0.875,0.789387583732605,1198,186,84.47412353923205,160:139:156:186
chelsea_e672,natural,672,4,tail_k1,3528,0.875,0.7902077436447144,1198,187,84.3906510851419,187:155:126:173
chelsea_e672,natural,672,4,budget_random_0.01,3528,0.00992063492063492,0.008999377489089966,1198,1187,0.9181969949916491,842:796:868:1187
chelsea_e672,natural,672,4,budget_semantic_0.01,3528,0.00992063492063492,0.0058433315716683865,1198,1189,0.7512520868113493,846:794:864:1189
chelsea_e672,natural,672,4,budget_tail_0.01,3528,0.00992063492063492,0.006672201212495565,1198,1163,2.921535893155258,853:802:875:1163
chelsea_e672,natural,672,4,budget_random_0.02,3528,0.020124716553287982,0.01804150640964508,1198,1173,2.086811352253759,843:784:857:1173
chelsea_e672,natural,672,4,budget_semantic_0.02,3528,0.020124716553287982,0.012714150361716747,1198,1180,1.5025041736227096,838:785:854:1180
chelsea_e672,natural,672,4,budget_tail_0.02,3528,0.020124716553287982,0.014335621148347855,1198,1127,5.926544240400666,853:802:875:1127
chelsea_e672,natural,672,4,budget_random_0.05,3528,0.049886621315192746,0.045717258006334305,1198,1146,4.340567612687818,805:770:831:1146
chelsea_e672,natural,672,4,budget_semantic_0.05,3528,0.049886621315192746,0.03418807312846184,1198,1148,4.173622704507518,816:763:825:1148
chelsea_e672,natural,672,4,budget_tail_0.05,3528,0.049886621315192746,0.038078423589468,1198,1022,14.69115191986644,853:802:875:1022
chelsea_e672,natural,672,4,budget_random_0.10,3528,0.10005668934240362,0.0906168520450592,1198,1088,9.181969949916525,776:714:797:1088
chelsea_e672,natural,672,4,budget_semantic_0.10,3528,0.10005668934240362,0.07287611812353134,1198,1100,8.180300500834726,772:727:776:1100
chelsea_e672,natural,672,4,budget_tail_0.10,3528,0.10005668934240362,0.07934654504060745,1198,860,28.213689482470784,853:802:860:860
chelsea_e672,natural,672,4,budget_random_0.20,3528,0.20011337868480725,0.18051694333553314,1198,954,20.367278797996658,686:669:713:954
chelsea_e672,natural,672,4,budget_semantic_0.20,3528,0.20011337868480725,0.15414273738861084,1198,987,17.6126878130217,703:628:704:987
chelsea_e672,natural,672,4,budget_tail_0.20,3528,0.20011337868480725,0.15742060542106628,1198,756,36.89482470784641,755:755:756:756
chelsea_e672,natural,672,4,budget_random_0.30,3528,0.2998866213151927,0.27065548300743103,1198,848,29.215358931552593,629:567:626:848
chelsea_e672,natural,672,4,budget_semantic_0.30,3528,0.2998866213151927,0.2387135922908783,1198,879,26.627712854757934,634:540:617:879
chelsea_e672,natural,672,4,budget_tail_0.30,3528,0.2998866213151927,0.2408870905637741,1198,668,44.24040066777963,668:667:667:668
chelsea_e672,natural,672,4,budget_random_0.40,3528,0.39994331065759636,0.36083677411079407,1198,730,39.065108514190314,551:504:532:730
chelsea_e672,natural,672,4,budget_semantic_0.40,3528,0.39994331065759636,0.32616135478019714,1198,762,36.39398998330551,561:464:530:762
chelsea_e672,natural,672,4,budget_tail_0.40,3528,0.39994331065759636,0.3277798891067505,1198,580,51.585976627712846,579:579:579:580
chelsea_e672,natural,672,4,budget_random_0.50,3528,0.5,0.4512156844139099,1198,599,50.0,456:453:456:599
chelsea_e672,natural,672,4,budget_semantic_0.50,3528,0.5,0.41600900888442993,1198,638,46.744574290484145,474:399:453:638
chelsea_e672,natural,672,4,budget_tail_0.50,3528,0.5,0.4173152446746826,1198,491,59.01502504173622,491:491:491:491
chelsea_e672,natural,672,12,full_k8,3528,0.0,0.0,1244,1244,0.0,817:1244:752:915
chelsea_e672,natural,672,12,random_k6,3528,0.25,0.2358187884092331,1244,951,23.553054662379424,616:951:571:708
chelsea_e672,natural,672,12,semantic_k6,3528,0.25,0.2004152089357376,1244,925,25.643086816720263,554:925:605:762
chelsea_e672,natural,672,12,tail_k6,3528,0.25,0.203285351395607,1244,735,40.91639871382636,703:735:714:694
chelsea_e672,natural,672,12,random_k4,3528,0.5,0.47620975971221924,1244,644,48.23151125401929,429:644:391:500
chelsea_e672,natural,672,12,semantic_k4,3528,0.5,0.4135857820510864,1244,639,48.63344051446945,378:639:437:510
chelsea_e672,natural,672,12,tail_k4,3528,0.5,0.4158899188041687,1244,555,55.38585209003215,504:555:500:405
chelsea_e672,natural,672,12,random_k2,3528,0.75,0.709239661693573,1244,342,72.508038585209,232:342:233:275
chelsea_e672,natural,672,12,semantic_k2,3528,0.75,0.6478441953659058,1244,338,72.82958199356912,212:338:264:268
chelsea_e672,natural,672,12,tail_k2,3528,0.75,0.649037778377533,1244,291,76.60771704180065,275:291:235:281
chelsea_e672,natural,672,12,random_k1,3528,0.875,0.8295920491218567,1244,185,85.12861736334405,119:184:153:185
chelsea_e672,natural,672,12,semantic_k1,3528,0.875,0.7808553576469421,1244,185,85.12861736334405,139:185:156:161
chelsea_e672,natural,672,12,tail_k1,3528,0.875,0.7814896702766418,1244,169,86.41479099678456,169:144:167:161
chelsea_e672,natural,672,12,budget_random_0.01,3528,0.00992063492063492,0.008945017121732235,1244,1232,0.9646302250803873,811:1232:743:907
chelsea_e672,natural,672,12,budget_semantic_0.01,3528,0.00992063492063492,0.005034677684307098,1244,1237,0.562700964630225,812:1237:740:904
chelsea_e672,natural,672,12,budget_tail_0.01,3528,0.00992063492063492,0.006317214109003544,1244,1209,2.813504823151125,817:1209:752:915
chelsea_e672,natural,672,12,budget_random_0.02,3528,0.020124716553287982,0.01767858862876892,1244,1218,2.0900321543408373,805:1218:737:897
chelsea_e672,natural,672,12,budget_semantic_0.02,3528,0.020124716553287982,0.011281780898571014,1244,1232,0.9646302250803873,801:1232:727:897
chelsea_e672,natural,672,12,budget_tail_0.02,3528,0.020124716553287982,0.013857509009540081,1244,1173,5.707395498392287,817:1173:752:915
chelsea_e672,natural,672,12,budget_random_0.05,3528,0.049886621315192746,0.045367348939180374,1244,1177,5.3858520900321505,778:1177:713:884
chelsea_e672,natural,672,12,budget_semantic_0.05,3528,0.049886621315192746,0.031537704169750214,1244,1207,2.9742765273311877,775:1207:701:869
chelsea_e672,natural,672,12,budget_tail_0.05,3528,0.049886621315192746,0.037241753190755844,1244,1068,14.147909967845662,817:1068:752:915
chelsea_e672,natural,672,12,budget_random_0.10,3528,0.10005668934240362,0.08965393155813217,1244,1129,9.2443729903537,752:1129:685:809
chelsea_e672,natural,672,12,budget_semantic_0.10,3528,0.10005668934240362,0.06890754401683807,1244,1152,7.395498392282962,734:1152:665:824
chelsea_e672,natural,672,12,budget_tail_0.10,3528,0.10005668934240362,0.07805848866701126,1244,903,27.411575562700964,817:903:752:903
chelsea_e672,natural,672,12,budget_random_0.20,3528,0.20011337868480725,0.17807699739933014,1244,1015,18.408360128617364,668:1015:601:738
chelsea_e672,natural,672,12,budget_semantic_0.20,3528,0.20011337868480725,0.14887134730815887,1244,1048,15.7556270096463,643:1048:604:727
chelsea_e672,natural,672,12,budget_tail_0.20,3528,0.20011337868480725,0.1566440910100937,1244,757,39.14790996784566,756:757:752:757
chelsea_e672,natural,672,12,budget_random_0.30,3528,0.2998866213151927,0.2690016031265259,1244,889,28.536977491961412,594:889:533:654
chelsea_e672,natural,672,12,budget_semantic_0.30,3528,0.2998866213151927,0.23242658376693726,1244,909,26.929260450160776,557:909:549:655
chelsea_e672,natural,672,12,budget_tail_0.30,3528,0.2998866213151927,0.23605556786060333,1244,668,46.30225080385853,667:668:667:668
chelsea_e672,natural,672,12,budget_random_0.40,3528,0.39994331065759636,0.3562142252922058,1244,728,41.479099678456585,523:728:496:570
chelsea_e672,natural,672,12,budget_semantic_0.40,3528,0.39994331065759636,0.319177508354187,1244,790,36.4951768488746,481:790:479:567
chelsea_e672,natural,672,12,budget_tail_0.40,3528,0.39994331065759636,0.3214987516403198,1244,580,53.37620578778135,579:580:579:579
chelsea_e672,natural,672,12,budget_random_0.50,3528,0.5,0.44555971026420593,1244,627,49.59807073954984,440:627:411:486
chelsea_e672,natural,672,12,budget_semantic_0.50,3528,0.5,0.4085257947444916,1244,664,46.62379421221865,410:664:415:475
chelsea_e672,natural,672,12,budget_tail_0.50,3528,0.5,0.4101819396018982,1244,491,60.530546623794216,491:491:491:491
chelsea_e672,natural,672,24,full_k8,3528,0.0,0.0,1085,1085,0.0,787:1085:921:935
chelsea_e672,natural,672,24,random_k6,3528,0.25,0.23804384469985962,1085,812,25.161290322580644,610:812:710:714
chelsea_e672,natural,672,24,semantic_k6,3528,0.25,0.1874779909849167,1085,784,27.74193548387097,538:777:747:784
chelsea_e672,natural,672,24,tail_k6,3528,0.25,0.18980824947357178,1085,739,31.889400921658982,712:739:660:735
chelsea_e672,natural,672,24,random_k4,3528,0.5,0.4663923978805542,1085,568,47.64976958525345,395:568:486:515
chelsea_e672,natural,672,24,semantic_k4,3528,0.5,0.3903054893016815,1085,563,48.11059907834101,354:516:563:531
chelsea_e672,natural,672,24,tail_k4,3528,0.5,0.39216673374176025,1085,516,52.44239631336405,468:516:488:492
chelsea_e672,natural,672,24,random_k2,3528,0.75,0.7119460105895996,1085,298,72.53456221198157,231:298:276:277
chelsea_e672,natural,672,24,semantic_k2,3528,0.75,0.6195313930511475,1085,328,69.76958525345623,208:255:328:291
chelsea_e672,natural,672,24,tail_k2,3528,0.75,0.6205427050590515,1085,287,73.54838709677419,253:277:287:265
chelsea_e672,natural,672,24,random_k1,3528,0.875,0.8319604396820068,1085,182,83.22580645161291,137:174:148:182
chelsea_e672,natural,672,24,semantic_k1,3528,0.875,0.7546641826629639,1085,213,80.36866359447005,147:125:213:156
chelsea_e672,natural,672,24,tail_k1,3528,0.875,0.7552879452705383,1085,186,82.85714285714285,169:125:186:161
chelsea_e672,natural,672,24,budget_random_0.01,3528,0.00992063492063492,0.00806686282157898,1085,1074,1.0138248847926246,783:1074:911:925
chelsea_e672,natural,672,24,budget_semantic_0.01,3528,0.00992063492063492,0.00032529819873161614,1085,1076,0.829493087557609,784:1076:909:924
chelsea_e672,natural,672,24,budget_tail_0.01,3528,0.00992063492063492,0.0036193765699863434,1085,1050,3.2258064516129004,787:1050:921:935
chelsea_e672,natural,672,24,budget_random_0.02,3528,0.020124716553287982,0.016769329085946083,1085,1063,2.027649769585249,770:1063:905:919
chelsea_e672,natural,672,24,budget_semantic_0.02,3528,0.020124716553287982,0.0036791819147765636,1085,1068,1.5668202764976935,775:1068:899:915
chelsea_e672,natural,672,24,budget_tail_0.02,3528,0.020124716553287982,0.009864985011518002,1085,1014,6.543778801843314,787:1014:921:935
chelsea_e672,natural,672,24,budget_random_0.05,3528,0.049886621315192746,0.043172962963581085,1085,1034,4.700460829493092,750:1034:871:897
chelsea_e672,natural,672,24,budget_semantic_0.05,3528,0.049886621315192746,0.02008984610438347,1085,1037,4.423963133640552,747:1037:875:893
chelsea_e672,natural,672,24,budget_tail_0.05,3528,0.049886621315192746,0.028167102485895157,1085,922,15.023041474654375,787:922:921:922
chelsea_e672,natural,672,24,budget_random_0.10,3528,0.10005668934240362,0.08654893934726715,1085,958,11.70506912442396,721:958:839:857
chelsea_e672,natural,672,24,budget_semantic_0.10,3528,0.10005668934240362,0.05265131965279579,1085,977,9.953917050691242,712:977:834:852
chelsea_e672,natural,672,24,budget_tail_0.10,3528,0.10005668934240362,0.05765746161341667,1085,863,20.460829493087562,787:863:862:863
chelsea_e672,natural,672,24,budget_random_0.20,3528,0.20011337868480725,0.17087145149707794,1085,859,20.829493087557605,654:859:751:758
chelsea_e672,natural,672,24,budget_semantic_0.20,3528,0.20011337868480725,0.12651708722114563,1085,869,19.907834101382495,618:869:757:778
chelsea_e672,natural,672,24,budget_tail_0.20,3528,0.20011337868480725,0.13015079498291016,1085,756,30.32258064516129,755:756:755:756
chelsea_e672,natural,672,24,budget_random_0.30,3528,0.2998866213151927,0.26039958000183105,1085,784,27.74193548387097,552:784:669:665
chelsea_e672,natural,672,24,budget_semantic_0.30,3528,0.2998866213151927,0.20683348178863525,1085,748,31.059907834101384,544:748:659:719
chelsea_e672,natural,672,24,budget_tail_0.30,3528,0.2998866213151927,0.20859330892562866,1085,668,38.433179723502306,667:668:667:668
chelsea_e672,natural,672,24,budget_random_0.40,3528,0.39994331065759636,0.3454400599002838,1085,640,41.013824884792626,513:640:591:573
chelsea_e672,natural,672,24,budget_semantic_0.40,3528,0.39994331065759636,0.29124459624290466,1085,634,41.566820276497694,457:632:594:634
chelsea_e672,natural,672,24,budget_tail_0.40,3528,0.39994331065759636,0.2923755347728729,1085,580,46.54377880184332,579:579:579:580
chelsea_e672,natural,672,24,budget_random_0.50,3528,0.5,0.43107736110687256,1085,529,51.244239631336406,425:529:503:507
chelsea_e672,natural,672,24,budget_semantic_0.50,3528,0.5,0.3789052367210388,1085,539,50.32258064516129,382:517:526:539
chelsea_e672,natural,672,24,budget_tail_0.50,3528,0.5,0.3798587918281555,1085,491,54.746543778801836,491:491:491:491
chelsea_e672,natural,672,36,full_k8,3528,0.0,0.0,1094,1094,0.0,709:1094:846:1079
chelsea_e672,natural,672,36,random_k6,3528,0.25,0.2329016774892807,1094,827,24.40585009140768,551:827:648:820
chelsea_e672,natural,672,36,semantic_k6,3528,0.25,0.18469282984733582,1094,918,16.08775137111518,485:736:707:918
chelsea_e672,natural,672,36,tail_k6,3528,0.25,0.1870850920677185,1094,756,30.895795246800727,653:710:727:756
chelsea_e672,natural,672,36,random_k4,3528,0.5,0.4737444519996643,1094,591,45.97806215722121,395:545:433:591
chelsea_e672,natural,672,36,semantic_k4,3528,0.5,0.3843417465686798,1094,654,40.21937842778793,291:476:543:654
chelsea_e672,natural,672,36,tail_k4,3528,0.5,0.3861179053783417,1094,560,48.81170018281536,457:408:539:560
chelsea_e672,natural,672,36,random_k2,3528,0.75,0.7099490761756897,1094,320,70.74954296160878,188:320:261:313
chelsea_e672,natural,672,36,semantic_k2,3528,0.75,0.613429844379425,1094,358,67.27605118829982,158:217:349:358
chelsea_e672,natural,672,36,tail_k2,3528,0.75,0.6143990755081177,1094,313,71.38939670932358,210:247:312:313
chelsea_e672,natural,672,36,random_k1,3528,0.875,0.8301571011543274,1094,197,81.99268738574041,119:165:160:197
chelsea_e672,natural,672,36,semantic_k1,3528,0.875,0.753298282623291,1094,229,79.06764168190128,88:110:214:229
chelsea_e672,natural,672,36,tail_k1,3528,0.875,0.7538222670555115,1094,207,81.07861060329068,110:128:207:196
chelsea_e672,natural,672,36,budget_random_0.01,3528,0.00992063492063492,0.008603917434811592,1094,1080,1.2797074954296161,706:1080:840:1067
chelsea_e672,natural,672,36,budget_semantic_0.01,3528,0.00992063492063492,0.0031611581798642874,1094,1079,1.3711151736745864,704:1079:836:1074
chelsea_e672,natural,672,36,budget_tail_0.01,3528,0.00992063492063492,0.003826110390946269,1094,1069,2.2851919561243106,709:1069:846:1069
chelsea_e672,natural,672,36,budget_random_0.02,3528,0.020124716553287982,0.016990480944514275,1094,1073,1.9195612431444187,698:1073:827:1059
chelsea_e672,natural,672,36,budget_semantic_0.02,3528,0.020124716553287982,0.007902595214545727,1094,1067,2.468007312614262,692:1066:832:1067
chelsea_e672,natural,672,36,budget_tail_0.02,3528,0.020124716553287982,0.009049446322023869,1094,1051,3.9305301645338186,709:1051:846:1051
chelsea_e672,natural,672,36,budget_random_0.05,3528,0.049886621315192746,0.04356805607676506,1094,1042,4.753199268738573,670:1042:806:1034
chelsea_e672,natural,672,36,budget_semantic_0.05,3528,0.049886621315192746,0.023777863010764122,1094,1044,4.570383912248632,671:1036:801:1044
chelsea_e672,natural,672,36,budget_tail_0.05,3528,0.049886621315192746,0.026803502812981606,1094,999,8.683729433272392,709:998:846:999
chelsea_e672,natural,672,36,budget_random_0.10,3528,0.10005668934240362,0.08683458715677261,1094,987,9.780621572212066,631:987:771:986
chelsea_e672,natural,672,36,budget_semantic_0.10,3528,0.10005668934240362,0.05455086752772331,1094,998,8.775137111517372,625:988:764:998
chelsea_e672,natural,672,36,budget_tail_0.10,3528,0.10005668934240362,0.06197129189968109,1094,910,16.81901279707495,709:910:846:910
chelsea_e672,natural,672,36,budget_random_0.20,3528,0.20011337868480725,0.17016418278217316,1094,892,18.46435100548446,570:879:681:892
chelsea_e672,natural,672,36,budget_semantic_0.20,3528,0.20011337868480725,0.12540896236896515,1094,916,16.270566727605118,536:879:691:916
chelsea_e672,natural,672,36,budget_tail_0.20,3528,0.20011337868480725,0.13533668220043182,1094,771,29.52468007312614,709:771:771:771
chelsea_e672,natural,672,36,budget_random_0.30,3528,0.2998866213151927,0.26197490096092224,1094,803,26.599634369287017,502:746:619:803
chelsea_e672,natural,672,36,budget_semantic_0.30,3528,0.2998866213151927,0.20358677208423615,1094,834,23.765996343692876,462:746:628:834
chelsea_e672,natural,672,36,budget_tail_0.30,3528,0.2998866213151927,0.21126781404018402,1094,668,38.93967093235832,667:668:667:668
chelsea_e672,natural,672,36,budget_random_0.40,3528,0.39994331065759636,0.344559907913208,1094,668,38.93967093235832,446:661:542:668
chelsea_e672,natural,672,36,budget_semantic_0.40,3528,0.39994331065759636,0.28693661093711853,1094,745,31.901279707495434,389:607:576:745
chelsea_e672,natural,672,36,budget_tail_0.40,3528,0.39994331065759636,0.2914935052394867,1094,580,46.983546617915906,579:579:579:580
chelsea_e672,natural,672,36,budget_random_0.50,3528,0.5,0.4305259585380554,1094,577,47.25776965265083,358:546:483:577
chelsea_e672,natural,672,36,budget_semantic_0.50,3528,0.5,0.3739749789237976,1094,633,42.13893967093236,322:496:513:633
chelsea_e672,natural,672,36,budget_tail_0.50,3528,0.5,0.37695246934890747,1094,491,55.11882998171846,491:491:491:491
chelsea_e672,natural,672,44,full_k8,3528,0.0,0.0,1018,1018,0.0,821:1018:992:897
chelsea_e672,natural,672,44,random_k6,3528,0.25,0.23852434754371643,1018,783,23.084479371316302,617:768:783:678
chelsea_e672,natural,672,44,semantic_k6,3528,0.25,0.20581692457199097,1018,785,22.888015717092337,555:726:780:785
chelsea_e672,natural,672,44,tail_k6,3528,0.25,0.20837117731571198,1018,767,24.656188605108053,767:700:624:755
chelsea_e672,natural,672,44,random_k4,3528,0.5,0.47534486651420593,1018,541,46.856581532416506,441:527:541:455
chelsea_e672,natural,672,44,semantic_k4,3528,0.5,0.4233657419681549,1018,549,46.07072691552063,387:498:530:549
chelsea_e672,natural,672,44,tail_k4,3528,0.5,0.4254809319972992,1018,567,44.30255402750491,438:421:567:538
chelsea_e672,natural,672,44,random_k2,3528,0.75,0.7104456424713135,1018,296,70.92337917485266,232:295:296:259
chelsea_e672,natural,672,44,semantic_k2,3528,0.75,0.659951388835907,1018,301,70.43222003929273,223:279:279:301
chelsea_e672,natural,672,44,tail_k2,3528,0.75,0.6613717079162598,1018,295,71.02161100196463,269:282:295:236
chelsea_e672,natural,672,44,random_k1,3528,0.875,0.8289555311203003,1018,189,81.43418467583497,154:148:189:150
chelsea_e672,natural,672,44,semantic_k1,3528,0.875,0.7921940088272095,1018,172,83.10412573673871,140:172:170:159
chelsea_e672,natural,672,44,tail_k1,3528,0.875,0.7929127216339111,1018,169,83.39882121807466,165:167:140:169
chelsea_e672,natural,672,44,budget_random_0.01,3528,0.00992063492063492,0.009031656198203564,1018,1007,1.080550098231825,811:1007:982:893
chelsea_e672,natural,672,44,budget_semantic_0.01,3528,0.00992063492063492,0.004722061101347208,1018,1009,0.8840864440078589,810:1009:987:887
chelsea_e672,natural,672,44,budget_tail_0.01,3528,0.00992063492063492,0.005725189112126827,1018,988,2.946954813359526,821:988:987:897
chelsea_e672,natural,672,44,budget_random_0.02,3528,0.020124716553287982,0.01792028918862343,1018,1003,1.4734774066797685,802:1003:970:882
chelsea_e672,natural,672,44,budget_semantic_0.02,3528,0.020124716553287982,0.010738139040768147,1018,1001,1.6699410609037346,802:1001:976:878
chelsea_e672,natural,672,44,budget_tail_0.02,3528,0.020124716553287982,0.012379631400108337,1018,970,4.715127701375243,821:970:969:897
chelsea_e672,natural,672,44,budget_random_0.05,3528,0.049886621315192746,0.045707859098911285,1018,978,3.9292730844793677,777:978:936:861
chelsea_e672,natural,672,44,budget_semantic_0.05,3528,0.049886621315192746,0.03066500462591648,1018,975,4.223968565815328,779:975:943:855
chelsea_e672,natural,672,44,budget_tail_0.05,3528,0.049886621315192746,0.034398894757032394,1018,917,9.921414538310414,821:917:917:897
chelsea_e672,natural,672,44,budget_random_0.10,3528,0.10005668934240362,0.09072165191173553,1018,932,8.447937131630646,735:932:893:815
chelsea_e672,natural,672,44,budget_semantic_0.10,3528,0.10005668934240362,0.06865375488996506,1018,931,8.546168958742628,730:931:903:811
chelsea_e672,natural,672,44,budget_tail_0.10,3528,0.10005668934240362,0.07288666814565659,1018,852,16.30648330058939,821:852:851:851
chelsea_e672,natural,672,44,budget_random_0.20,3528,0.20011337868480725,0.18044018745422363,1018,820,19.449901768172882,676:820:808:718
chelsea_e672,natural,672,44,budget_semantic_0.20,3528,0.20011337868480725,0.15159113705158234,1018,832,18.271119842829076,641:832:809:740
chelsea_e672,natural,672,44,budget_tail_0.20,3528,0.20011337868480725,0.1531868577003479,1018,756,25.736738703339878,755:756:756:755
chelsea_e672,natural,672,44,budget_random_0.30,3528,0.2998866213151927,0.27170297503471375,1018,743,27.013752455795682,607:743:693:627
chelsea_e672,natural,672,44,budget_semantic_0.30,3528,0.2998866213151927,0.23840326070785522,1018,736,27.701375245579563,557:726:736:651
chelsea_e672,natural,672,44,budget_tail_0.30,3528,0.2998866213151927,0.23914197087287903,1018,668,34.3811394891945,667:668:668:667
chelsea_e672,natural,672,44,budget_random_0.40,3528,0.39994331065759636,0.36256083846092224,1018,627,38.40864440078585,515:627:625:550
chelsea_e672,natural,672,44,budget_semantic_0.40,3528,0.39994331065759636,0.3276931643486023,1018,633,37.819253438113954,480:633:633:571
chelsea_e672,natural,672,44,budget_tail_0.40,3528,0.39994331065759636,0.32820165157318115,1018,580,43.02554027504911,579:579:580:579
chelsea_e672,natural,672,44,budget_random_0.50,3528,0.5,0.4532161056995392,1018,535,47.445972495088405,440:535:531:458
chelsea_e672,natural,672,44,budget_semantic_0.50,3528,0.5,0.4189436733722687,1018,536,47.347740667976424,401:535:536:492
chelsea_e672,natural,672,44,budget_tail_0.50,3528,0.5,0.41936084628105164,1018,491,51.76817288801572,491:491:491:491
chelsea_e672,natural,672,47,full_k8,3528,0.0,0.0,1101,1101,0.0,1021:1101:732:874
chelsea_e672,natural,672,47,random_k6,3528,0.25,0.23590485751628876,1101,828,24.795640326975477,785:828:573:660
chelsea_e672,natural,672,47,semantic_k6,3528,0.25,0.21255159378051758,1101,810,26.430517711171664,667:810:604:765
chelsea_e672,natural,672,47,tail_k6,3528,0.25,0.2146473526954651,1101,760,30.97184377838329,630:743:713:760
chelsea_e672,natural,672,47,random_k4,3528,0.5,0.47057586908340454,1101,570,48.228882833787466,529:570:395:470
chelsea_e672,natural,672,47,semantic_k4,3528,0.5,0.4357648193836212,1101,558,49.31880108991825,450:543:413:558
chelsea_e672,natural,672,47,tail_k4,3528,0.5,0.4380013048648834,1101,562,48.955495004541326,562:544:371:487
chelsea_e672,natural,672,47,random_k2,3528,0.75,0.7105175852775574,1101,317,71.2079927338783,284:317:222:259
chelsea_e672,natural,672,47,semantic_k2,3528,0.75,0.6753730177879333,1101,337,69.39146230699365,258:267:220:337
chelsea_e672,natural,672,47,tail_k2,3528,0.75,0.6770864725112915,1101,297,73.02452316076294,297:265:274:246
chelsea_e672,natural,672,47,random_k1,3528,0.875,0.8284279704093933,1101,184,83.28792007266121,173:163:121:184
chelsea_e672,natural,672,47,semantic_k1,3528,0.875,0.8040717840194702,1101,203,81.56221616712081,154:153:131:203
chelsea_e672,natural,672,47,tail_k1,3528,0.875,0.8050200343132019,1101,204,81.47138964577657,131:177:129:204
chelsea_e672,natural,672,47,budget_random_0.01,3528,0.00992063492063492,0.009111707098782063,1101,1087,1.2715712988192518,1015:1087:727:864
chelsea_e672,natural,672,47,budget_semantic_0.01,3528,0.00992063492063492,0.006219427566975355,1101,1091,0.9082652134423275,1012:1091:731:859
chelsea_e672,natural,672,47,budget_tail_0.01,3528,0.00992063492063492,0.00726813031360507,1101,1066,3.1789282470481406,1021:1066:732:874
chelsea_e672,natural,672,47,budget_random_0.02,3528,0.020124716553287982,0.018316028639674187,1101,1080,1.9073569482288777,1002:1080:717:858
chelsea_e672,natural,672,47,budget_semantic_0.02,3528,0.020124716553287982,0.013620254583656788,1101,1086,1.3623978201634857,996:1086:728:847
chelsea_e672,natural,672,47,budget_tail_0.02,3528,0.020124716553287982,0.01552877202630043,1101,1030,6.448683015440504,1021:1030:732:874
chelsea_e672,natural,672,47,budget_random_0.05,3528,0.049886621315192746,0.04621259868144989,1101,1053,4.3596730245231585,972:1053:702:825
chelsea_e672,natural,672,47,budget_semantic_0.05,3528,0.049886621315192746,0.03683793544769287,1101,1055,4.178019981834691,956:1055:707:834
chelsea_e672,natural,672,47,budget_tail_0.05,3528,0.049886621315192746,0.03903070464730263,1101,973,11.625794732061767,973:973:732:874
chelsea_e672,natural,672,47,budget_random_0.10,3528,0.10005668934240362,0.09216071665287018,1101,987,10.354223433242504,929:987:666:793
chelsea_e672,natural,672,47,budget_semantic_0.10,3528,0.10005668934240362,0.07815638184547424,1101,1008,8.446866485013626,902:1008:673:792
chelsea_e672,natural,672,47,budget_tail_0.10,3528,0.10005668934240362,0.08130332827568054,1101,885,19.618528610354225,884:885:732:874
chelsea_e672,natural,672,47,budget_random_0.20,3528,0.20011337868480725,0.18323706090450287,1101,886,19.527702089009992,816:886:594:726
chelsea_e672,natural,672,47,budget_semantic_0.20,3528,0.20011337868480725,0.16401861608028412,1101,895,18.7102633969119,778:895:619:730
chelsea_e672,natural,672,47,budget_tail_0.20,3528,0.20011337868480725,0.1659170538187027,1101,764,30.608537693006355,763:764:732:763
chelsea_e672,natural,672,47,budget_random_0.30,3528,0.2998866213151927,0.27597832679748535,1101,790,28.247048138056307,707:790:531:642
chelsea_e672,natural,672,47,budget_semantic_0.30,3528,0.2998866213151927,0.25205355882644653,1101,781,29.0644868301544,675:781:538:676
chelsea_e672,natural,672,47,budget_tail_0.30,3528,0.2998866213151927,0.2529880404472351,1101,668,39.327883742052684,667:668:667:668
chelsea_e672,natural,672,47,budget_random_0.40,3528,0.39994331065759636,0.3680022358894348,1101,653,40.69028156221617,653:652:446:566
chelsea_e672,natural,672,47,budget_semantic_0.40,3528,0.39994331065759636,0.34213441610336304,1101,678,38.41961852861036,577:678:463:599
chelsea_e672,natural,672,47,budget_tail_0.40,3528,0.39994331065759636,0.34281134605407715,1101,580,47.32061762034514,579:580:579:579
chelsea_e672,natural,672,47,budget_random_0.50,3528,0.5,0.4593246281147003,1101,563,48.86466848319709,563:562:382:457
chelsea_e672,natural,672,47,budget_semantic_0.50,3528,0.5,0.43398237228393555,1101,567,48.50136239782016,486:567:397:514
chelsea_e672,natural,672,47,budget_tail_0.50,3528,0.5,0.43444281816482544,1101,491,55.40417801998183,491:491:491:491
brick_e336,fine_grained,336,4,full_k8,800,0.0,0.0,281,281,0.0,247:281:237:235
brick_e336,fine_grained,336,4,random_k6,800,0.25,0.1982332319021225,281,223,20.640569395017792,192:223:196:189
brick_e336,fine_grained,336,4,semantic_k6,800,0.25,0.17025870084762573,281,233,17.08185053380783,168:233:198:201
brick_e336,fine_grained,336,4,tail_k6,800,0.25,0.17214277386665344,281,214,23.843416370106763,210:214:177:199
brick_e336,fine_grained,336,4,random_k4,800,0.5,0.3975985646247864,281,167,40.569395017793596,148:167:137:148
brick_e336,fine_grained,336,4,semantic_k4,800,0.5,0.35152027010917664,281,178,36.654804270462634,129:178:150:143
brick_e336,fine_grained,336,4,tail_k4,800,0.5,0.35298267006874084,281,163,41.99288256227758,150:163:154:133
brick_e336,fine_grained,336,4,random_k2,800,0.75,0.6008509397506714,281,121,56.939501779359425,81:121:92:106
brick_e336,fine_grained,336,4,semantic_k2,800,0.75,0.5515451431274414,281,121,56.939501779359425,77:121:97:105
brick_e336,fine_grained,336,4,tail_k2,800,0.75,0.5523298978805542,281,111,60.4982206405694,98:111:90:101
brick_e336,fine_grained,336,4,random_k1,800,0.875,0.7005595564842224,281,83,70.46263345195729,58:79:83:80
brick_e336,fine_grained,336,4,semantic_k1,800,0.875,0.6623514294624329,281,83,70.46263345195729,59:83:78:80
brick_e336,fine_grained,336,4,tail_k1,800,0.875,0.663054347038269,281,83,70.46263345195729,63:71:83:83
brick_e336,fine_grained,336,4,budget_random_0.01,800,0.01,0.007985327392816544,281,278,1.0676156583629859,244:278:235:235
brick_e336,fine_grained,336,4,budget_semantic_0.01,800,0.01,0.005170413292944431,281,277,1.4234875444839812,245:277:237:233
brick_e336,fine_grained,336,4,budget_tail_0.01,800,0.01,0.00547963660210371,281,273,2.8469750889679735,247:273:237:235
brick_e336,fine_grained,336,4,budget_random_0.02,800,0.02,0.015216526575386524,281,277,1.4234875444839812,242:277:234:231
brick_e336,fine_grained,336,4,budget_semantic_0.02,800,0.02,0.010793165303766727,281,275,2.135231316725983,242:275:234:233
brick_e336,fine_grained,336,4,budget_tail_0.02,800,0.02,0.011677228845655918,281,265,5.693950177935947,247:265:237:235
brick_e336,fine_grained,336,4,budget_random_0.05,800,0.05,0.03710008040070534,281,269,4.270462633451954,236:269:229:226
brick_e336,fine_grained,336,4,budget_semantic_0.05,800,0.05,0.028695160523056984,281,269,4.270462633451954,234:269:229:228
brick_e336,fine_grained,336,4,budget_tail_0.05,800,0.05,0.03135072812438011,281,244,13.16725978647687,244:244:237:235
brick_e336,fine_grained,336,4,budget_random_0.10,800,0.1,0.0752561092376709,281,261,7.117437722419928,226:261:217:216
brick_e336,fine_grained,336,4,budget_semantic_0.10,800,0.1,0.060701195150613785,281,262,6.761565836298933,219:262:221:218
brick_e336,fine_grained,336,4,budget_tail_0.10,800,0.1,0.06272488087415695,281,230,18.149466192170816,230:230:230:230
brick_e336,fine_grained,336,4,budget_random_0.20,800,0.2,0.15033066272735596,281,240,14.590747330960852,195:240:201:204
brick_e336,fine_grained,336,4,budget_semantic_0.20,800,0.2,0.12873946130275726,281,244,13.16725978647687,195:244:207:194
brick_e336,fine_grained,336,4,budget_tail_0.20,800,0.2,0.129918172955513,281,210,25.266903914590742,210:210:210:210
brick_e336,fine_grained,336,4,budget_random_0.30,800,0.3,0.22624532878398895,281,216,23.13167259786477,186:216:180:178
brick_e336,fine_grained,336,4,budget_semantic_0.30,800,0.3,0.1995171755552292,281,224,20.284697508896798,171:224:192:173
brick_e336,fine_grained,336,4,budget_tail_0.30,800,0.3,0.2005230337381363,281,190,32.38434163701067,190:190:190:190
brick_e336,fine_grained,336,4,budget_random_0.40,800,0.4,0.3021230697631836,281,183,34.87544483985765,169:183:162:166
brick_e336,fine_grained,336,4,budget_semantic_0.40,800,0.4,0.27279961109161377,281,193,31.316725978647685,151:193:173:163
brick_e336,fine_grained,336,4,budget_tail_0.40,800,0.4,0.2735503911972046,281,170,39.5017793594306,170:170:170:170
brick_e336,fine_grained,336,4,budget_random_0.50,800,0.5,0.37763428688049316,281,176,37.36654804270463,139:176:142:143
brick_e336,fine_grained,336,4,budget_semantic_0.50,800,0.5,0.34832218289375305,281,176,37.36654804270463,129:176:151:144
brick_e336,fine_grained,336,4,budget_tail_0.50,800,0.5,0.34912988543510437,281,150,46.619217081850536,150:150:150:150
brick_e336,fine_grained,336,12,full_k8,800,0.0,0.0,310,310,0.0,232:274:184:310
brick_e336,fine_grained,336,12,random_k6,800,0.25,0.19971348345279694,310,254,18.06451612903226,178:211:157:254
brick_e336,fine_grained,336,12,semantic_k6,800,0.25,0.16733288764953613,310,275,11.290322580645162,167:213:145:275
brick_e336,fine_grained,336,12,tail_k6,800,0.25,0.17007528245449066,310,220,29.032258064516125,190:215:175:220
brick_e336,fine_grained,336,12,random_k4,800,0.5,0.40034815669059753,310,194,37.41935483870967,132:152:122:194
brick_e336,fine_grained,336,12,semantic_k4,800,0.5,0.347329318523407,310,212,31.612903225806456,109:167:112:212
brick_e336,fine_grained,336,12,tail_k4,800,0.5,0.3491998016834259,310,170,45.16129032258065,130:164:136:170
brick_e336,fine_grained,336,12,random_k2,800,0.75,0.6033199429512024,310,129,58.387096774193544,77:97:97:129
brick_e336,fine_grained,336,12,semantic_k2,800,0.75,0.5474647879600525,310,136,56.12903225806451,64:117:83:136
brick_e336,fine_grained,336,12,tail_k2,800,0.75,0.5485153198242188,310,119,61.61290322580646,77:119:87:117
brick_e336,fine_grained,336,12,random_k1,800,0.875,0.7009531259536743,310,102,67.09677419354838,51:63:84:102
brick_e336,fine_grained,336,12,semantic_k1,800,0.875,0.6619084477424622,310,101,67.41935483870968,49:83:67:101
brick_e336,fine_grained,336,12,tail_k1,800,0.875,0.6624552607536316,310,99,68.06451612903226,58:74:69:99
brick_e336,fine_grained,336,12,budget_random_0.01,800,0.01,0.008006571792066097,310,307,0.9677419354838679,231:271:183:307
brick_e336,fine_grained,336,12,budget_semantic_0.01,800,0.01,0.004706309176981449,310,308,0.6451612903225823,229:273:182:308
brick_e336,fine_grained,336,12,budget_tail_0.01,800,0.01,0.005617646966129541,310,302,2.580645161290318,232:274:184:302
brick_e336,fine_grained,336,12,budget_random_0.02,800,0.02,0.015407601371407509,310,304,1.9354838709677469,227:270:183:304
brick_e336,fine_grained,336,12,budget_semantic_0.02,800,0.02,0.01000844407826662,310,307,0.9677419354838679,224:273:180:307
brick_e336,fine_grained,336,12,budget_tail_0.02,800,0.02,0.012048198841512203,310,294,5.161290322580648,232:274:184:294
brick_e336,fine_grained,336,12,budget_random_0.05,800,0.05,0.03760811686515808,310,298,3.8709677419354827,221:265:176:298
brick_e336,fine_grained,336,12,budget_semantic_0.05,800,0.05,0.027629468590021133,310,304,1.9354838709677469,215:269:172:304
brick_e336,fine_grained,336,12,budget_tail_0.05,800,0.05,0.03188174590468407,310,272,12.25806451612903,232:272:184:272
brick_e336,fine_grained,336,12,budget_random_0.10,800,0.1,0.07593090087175369,310,283,8.709677419354833,211:256:170:283
brick_e336,fine_grained,336,12,budget_semantic_0.10,800,0.1,0.059363335371017456,310,296,4.516129032258065,197:260:167:296
brick_e336,fine_grained,336,12,budget_tail_0.10,800,0.1,0.06537564098834991,310,252,18.709677419354843,232:252:184:252
brick_e336,fine_grained,336,12,budget_random_0.20,800,0.2,0.15071426331996918,310,260,16.129032258064512,194:224:162:260
brick_e336,fine_grained,336,12,budget_semantic_0.20,800,0.2,0.12633442878723145,310,274,11.612903225806448,177:234:155:274
brick_e336,fine_grained,336,12,budget_tail_0.20,800,0.2,0.1331867128610611,310,219,29.354838709677423,218:219:184:219
brick_e336,fine_grained,336,12,budget_random_0.30,800,0.3,0.22462841868400574,310,245,20.967741935483875,170:205:140:245
brick_e336,fine_grained,336,12,budget_semantic_0.30,800,0.3,0.1965276151895523,310,256,17.419354838709676,158:208:138:256
brick_e336,fine_grained,336,12,budget_tail_0.30,800,0.3,0.2037915140390396,310,192,38.064516129032256,192:192:184:192
brick_e336,fine_grained,336,12,budget_random_0.40,800,0.4,0.30184710025787354,310,210,32.25806451612904,158:172:140:210
brick_e336,fine_grained,336,12,budget_semantic_0.40,800,0.4,0.26922154426574707,310,226,27.09677419354839,136:192:126:226
brick_e336,fine_grained,336,12,budget_tail_0.40,800,0.4,0.2746717631816864,310,170,45.16129032258065,170:170:170:170
brick_e336,fine_grained,336,12,budget_random_0.50,800,0.5,0.37868523597717285,310,194,37.41935483870967,129:164:113:194
brick_e336,fine_grained,336,12,budget_semantic_0.50,800,0.5,0.3441527783870697,310,204,34.193548387096776,116:170:110:204
brick_e336,fine_grained,336,12,budget_tail_0.50,800,0.5,0.34873396158218384,310,150,51.61290322580645,150:150:150:150
brick_e336,fine_grained,336,24,full_k8,800,0.0,0.0,334,334,0.0,236:214:216:334
brick_e336,fine_grained,336,24,random_k6,800,0.25,0.19306115806102753,334,262,21.556886227544915,194:170:174:262
brick_e336,fine_grained,336,24,semantic_k6,800,0.25,0.15071338415145874,334,295,11.676646706586824,164:161:180:295
brick_e336,fine_grained,336,24,tail_k6,800,0.25,0.15285687148571014,334,251,24.850299401197606,190:160:199:251
brick_e336,fine_grained,336,24,random_k4,800,0.5,0.39962276816368103,334,210,37.125748502994014,127:130:133:210
brick_e336,fine_grained,336,24,semantic_k4,800,0.5,0.31504297256469727,334,238,28.742514970059887,123:110:129:238
brick_e336,fine_grained,336,24,tail_k4,800,0.5,0.3166855573654175,334,196,41.31736526946108,134:126:144:196
brick_e336,fine_grained,336,24,random_k2,800,0.75,0.6169635653495789,334,144,56.88622754491017,86:79:91:144
brick_e336,fine_grained,336,24,semantic_k2,800,0.75,0.5029210448265076,334,156,53.293413173652695,81:76:87:156
brick_e336,fine_grained,336,24,tail_k2,800,0.75,0.5036988258361816,334,138,58.68263473053892,85:84:93:138
brick_e336,fine_grained,336,24,random_k1,800,0.875,0.7081053853034973,334,103,69.16167664670658,64:62:71:103
brick_e336,fine_grained,336,24,semantic_k1,800,0.875,0.6121748685836792,334,113,66.1676646706587,66:55:66:113
brick_e336,fine_grained,336,24,tail_k1,800,0.875,0.612695574760437,334,104,68.8622754491018,69:62:65:104
brick_e336,fine_grained,336,24,budget_random_0.01,800,0.01,0.008103511296212673,334,328,1.7964071856287456,235:214:215:328
brick_e336,fine_grained,336,24,budget_semantic_0.01,800,0.01,0.00012861317372880876,334,331,0.8982035928143728,235:214:212:331
brick_e336,fine_grained,336,24,budget_tail_0.01,800,0.01,0.00017374905291944742,334,326,2.39520958083832,236:214:216:326
brick_e336,fine_grained,336,24,budget_random_0.02,800,0.02,0.014130428433418274,334,325,2.6946107784431184,232:213:214:325
brick_e336,fine_grained,336,24,budget_semantic_0.02,800,0.02,0.00030009925831109285,334,328,1.7964071856287456,235:211:210:328
brick_e336,fine_grained,336,24,budget_tail_0.02,800,0.02,0.00139036204200238,334,318,4.790419161676651,236:214:216:318
brick_e336,fine_grained,336,24,budget_random_0.05,800,0.05,0.0343126505613327,334,316,5.389221556886225,230:204:210:316
brick_e336,fine_grained,336,24,budget_semantic_0.05,800,0.05,0.0019579597283154726,334,323,3.293413173652693,233:201:203:323
brick_e336,fine_grained,336,24,budget_tail_0.05,800,0.05,0.017986327409744263,334,294,11.976047904191612,236:214:216:294
brick_e336,fine_grained,336,24,budget_random_0.10,800,0.1,0.06371375918388367,334,309,7.485029940119759,220:196:195:309
brick_e336,fine_grained,336,24,budget_semantic_0.10,800,0.1,0.0232220608741045,334,310,7.185628742514972,223:190:197:310
brick_e336,fine_grained,336,24,budget_tail_0.10,800,0.1,0.052223723381757736,334,254,23.952095808383234,236:214:216:254
brick_e336,fine_grained,336,24,budget_random_0.20,800,0.2,0.14550510048866272,334,286,14.371257485029943,195:171:188:286
brick_e336,fine_grained,336,24,budget_semantic_0.20,800,0.2,0.083825021982193,334,296,11.377245508982037,192:173:179:296
brick_e336,fine_grained,336,24,budget_tail_0.20,800,0.2,0.10915906727313995,334,210,37.125748502994014,210:210:210:210
brick_e336,fine_grained,336,24,budget_random_0.30,800,0.3,0.20913708209991455,334,262,21.556886227544915,180:154:164:262
brick_e336,fine_grained,336,24,budget_semantic_0.30,800,0.3,0.14973309636116028,334,278,16.766467065868262,168:153:161:278
brick_e336,fine_grained,336,24,budget_tail_0.30,800,0.3,0.16070222854614258,334,190,43.113772455089816,190:190:190:190
brick_e336,fine_grained,336,24,budget_random_0.40,800,0.4,0.27787578105926514,334,239,28.443113772455085,154:135:152:239
brick_e336,fine_grained,336,24,budget_semantic_0.40,800,0.4,0.21979273855686188,334,256,23.35329341317365,150:135:139:256
brick_e336,fine_grained,336,24,budget_tail_0.40,800,0.4,0.22903649508953094,334,170,49.101796407185624,170:170:170:170
brick_e336,fine_grained,336,24,budget_random_0.50,800,0.5,0.3467106223106384,334,225,32.63473053892215,136:123:116:225
brick_e336,fine_grained,336,24,budget_semantic_0.50,800,0.5,0.2929929196834564,334,230,31.137724550898206,131:114:125:230
brick_e336,fine_grained,336,24,budget_tail_0.50,800,0.5,0.30188456177711487,334,150,55.08982035928144,150:150:150:150
brick_e336,fine_grained,336,36,full_k8,800,0.0,0.0,291,291,0.0,201:251:257:291
brick_e336,fine_grained,336,36,random_k6,800,0.25,0.19721059501171112,291,236,18.900343642611684,170:200:194:236
brick_e336,fine_grained,336,36,semantic_k6,800,0.25,0.15487973392009735,291,254,12.714776632302405,143:192:211:254
brick_e336,fine_grained,336,36,tail_k6,800,0.25,0.1567557007074356,291,226,22.33676975945017,184:180:210:226
brick_e336,fine_grained,336,36,random_k4,800,0.5,0.38631492853164673,291,199,31.615120274914087,118:125:158:199
brick_e336,fine_grained,336,36,semantic_k4,800,0.5,0.3246423900127411,291,198,31.958762886597935,106:140:156:198
brick_e336,fine_grained,336,36,tail_k4,800,0.5,0.326674222946167,291,166,42.9553264604811,141:136:157:166
brick_e336,fine_grained,336,36,random_k2,800,0.75,0.597274899482727,291,122,58.07560137457044,76:92:110:122
brick_e336,fine_grained,336,36,semantic_k2,800,0.75,0.5192523002624512,291,145,50.171821305841924,65:80:110:145
brick_e336,fine_grained,336,36,tail_k2,800,0.75,0.5200888514518738,291,131,54.98281786941581,76:85:108:131
brick_e336,fine_grained,336,36,random_k1,800,0.875,0.6982103586196899,291,95,67.35395189003437,63:61:81:95
brick_e336,fine_grained,336,36,semantic_k1,800,0.875,0.6366279125213623,291,108,62.88659793814433,57:52:83:108
brick_e336,fine_grained,336,36,tail_k1,800,0.875,0.6371396780014038,291,101,65.29209621993127,60:57:82:101
brick_e336,fine_grained,336,36,budget_random_0.01,800,0.01,0.007164448965340853,291,288,1.0309278350515427,200:248:256:288
brick_e336,fine_grained,336,36,budget_semantic_0.01,800,0.01,0.001948862336575985,291,290,0.3436426116838476,200:249:253:290
brick_e336,fine_grained,336,36,budget_tail_0.01,800,0.01,0.004463691730052233,291,283,2.7491408934707917,201:251:257:283
brick_e336,fine_grained,336,36,budget_random_0.02,800,0.02,0.014226392842829227,291,287,1.3745704467353903,195:247:255:287
brick_e336,fine_grained,336,36,budget_semantic_0.02,800,0.02,0.005016946699470282,291,289,0.6872852233676952,200:245:250:289
brick_e336,fine_grained,336,36,budget_tail_0.02,800,0.02,0.010048910044133663,291,275,5.498281786941583,201:251:257:275
brick_e336,fine_grained,336,36,budget_random_0.05,800,0.05,0.0362432561814785,291,284,2.405498281786944,190:241:245:284
brick_e336,fine_grained,336,36,budget_semantic_0.05,800,0.05,0.019491294398903847,291,288,1.0309278350515427,192:237:243:288
brick_e336,fine_grained,336,36,budget_tail_0.05,800,0.05,0.026592649519443512,291,254,12.714776632302405,201:251:254:254
brick_e336,fine_grained,336,36,budget_random_0.10,800,0.1,0.07170882821083069,291,266,8.591065292096223,182:235:237:266
brick_e336,fine_grained,336,36,budget_semantic_0.10,800,0.1,0.046537112444639206,291,278,4.467353951890029,186:226:230:278
brick_e336,fine_grained,336,36,budget_tail_0.10,800,0.1,0.05128538981080055,291,240,17.525773195876294,201:239:240:240
brick_e336,fine_grained,336,36,budget_random_0.20,800,0.2,0.14763009548187256,291,247,15.120274914089348,170:207:216:247
brick_e336,fine_grained,336,36,budget_semantic_0.20,800,0.2,0.10676945745944977,291,254,12.714776632302405,168:209:209:254
brick_e336,fine_grained,336,36,budget_tail_0.20,800,0.2,0.11278430372476578,291,213,26.80412371134021,201:213:213:213
brick_e336,fine_grained,336,36,budget_random_0.30,800,0.3,0.21591490507125854,291,220,24.398625429553267,153:182:205:220
brick_e336,fine_grained,336,36,budget_semantic_0.30,800,0.3,0.17236328125,291,238,18.21305841924399,145:184:193:238
brick_e336,fine_grained,336,36,budget_tail_0.30,800,0.3,0.17743006348609924,291,190,34.707903780068726,190:190:190:190
brick_e336,fine_grained,336,36,budget_random_0.40,800,0.4,0.2874603271484375,291,211,27.491408934707906,138:160:171:211
brick_e336,fine_grained,336,36,budget_semantic_0.40,800,0.4,0.24184925854206085,291,214,26.460481099656352,129:161:176:214
brick_e336,fine_grained,336,36,budget_tail_0.40,800,0.4,0.24617205560207367,291,170,41.5807560137457,170:170:170:170
brick_e336,fine_grained,336,36,budget_random_0.50,800,0.5,0.36597150564193726,291,186,36.08247422680413,125:129:160:186
brick_e336,fine_grained,336,36,budget_semantic_0.50,800,0.5,0.31492355465888977,291,193,33.67697594501718,108:140:159:193
brick_e336,fine_grained,336,36,budget_tail_0.50,800,0.5,0.31922680139541626,291,150,48.453608247422686,150:150:150:150
brick_e336,fine_grained,336,44,full_k8,800,0.0,0.0,289,289,0.0,289:231:250:230
brick_e336,fine_grained,336,44,random_k6,800,0.25,0.2047799676656723,289,224,22.491349480968857,224:191:204:181
brick_e336,fine_grained,336,44,semantic_k6,800,0.25,0.16477765142917633,289,222,23.18339100346021,222:176:202:200
brick_e336,fine_grained,336,44,tail_k6,800,0.25,0.1668601632118225,289,219,24.221453287197235,219:210:199:172
brick_e336,fine_grained,336,44,random_k4,800,0.5,0.4057256281375885,289,175,39.446366782006926,175:129:162:134
brick_e336,fine_grained,336,44,semantic_k4,800,0.5,0.3447100818157196,289,170,41.17647058823529,170:132:149:149
brick_e336,fine_grained,336,44,tail_k4,800,0.5,0.34635448455810547,289,161,44.29065743944637,161:149:135:155
brick_e336,fine_grained,336,44,random_k2,800,0.75,0.6011081337928772,289,119,58.82352941176471,110:86:119:85
brick_e336,fine_grained,336,44,semantic_k2,800,0.75,0.5472980737686157,289,115,60.207612456747405,115:83:100:102
brick_e336,fine_grained,336,44,tail_k2,800,0.75,0.5481254458427429,289,113,60.89965397923876,113:77:104:106
brick_e336,fine_grained,336,44,random_k1,800,0.875,0.6998133659362793,289,96,66.78200692041523,81:54:96:69
brick_e336,fine_grained,336,44,semantic_k1,800,0.875,0.6619200706481934,289,90,68.85813148788927,90:60:77:73
brick_e336,fine_grained,336,44,tail_k1,800,0.875,0.6624407768249512,289,84,70.93425605536332,84:65:79:72
brick_e336,fine_grained,336,44,budget_random_0.01,800,0.01,0.00791249517351389,289,287,0.692041522491349,287:229:249:227
brick_e336,fine_grained,336,44,budget_semantic_0.01,800,0.01,0.0043847933411598206,289,288,0.34602076124568004,288:228:250:226
brick_e336,fine_grained,336,44,budget_tail_0.01,800,0.01,0.00523750577121973,289,281,2.768166089965396,281:231:250:230
brick_e336,fine_grained,336,44,budget_random_0.02,800,0.02,0.0143252769485116,289,285,1.384083044982698,285:228:245:226
brick_e336,fine_grained,336,44,budget_semantic_0.02,800,0.02,0.009255780838429928,289,287,0.692041522491349,287:225:249:223
brick_e336,fine_grained,336,44,budget_tail_0.02,800,0.02,0.011259871535003185,289,273,5.536332179930792,273:231:250:230
brick_e336,fine_grained,336,44,budget_random_0.05,800,0.05,0.037702515721321106,289,285,1.384083044982698,285:217:241:217
brick_e336,fine_grained,336,44,budget_semantic_0.05,800,0.05,0.025403570383787155,289,282,2.422145328719727,282:219:242:217
brick_e336,fine_grained,336,44,budget_tail_0.05,800,0.05,0.030320826917886734,289,250,13.494809688581311,250:231:249:230
brick_e336,fine_grained,336,44,budget_random_0.10,800,0.1,0.07550320029258728,289,262,9.342560553633216,262:212:230:216
brick_e336,fine_grained,336,44,budget_semantic_0.10,800,0.1,0.05559919774532318,289,268,7.26643598615917,268:210:234:208
brick_e336,fine_grained,336,44,budget_tail_0.10,800,0.1,0.06202588602900505,289,230,20.41522491349481,230:230:230:230
brick_e336,fine_grained,336,44,budget_random_0.20,800,0.2,0.1525009423494339,289,240,16.955017301038065,240:194:213:193
brick_e336,fine_grained,336,44,budget_semantic_0.20,800,0.2,0.1208442971110344,289,246,14.878892733564008,246:186:214:194
brick_e336,fine_grained,336,44,budget_tail_0.20,800,0.2,0.12395291030406952,289,210,27.3356401384083,210:210:210:210
brick_e336,fine_grained,336,44,budget_random_0.30,800,0.3,0.2257893979549408,289,226,21.79930795847751,226:174:184:176
brick_e336,fine_grained,336,44,budget_semantic_0.30,800,0.3,0.19114114344120026,289,226,21.79930795847751,226:169:186:179
brick_e336,fine_grained,336,44,budget_tail_0.30,800,0.3,0.1928916573524475,289,190,34.2560553633218,190:190:190:190
brick_e336,fine_grained,336,44,budget_random_0.40,800,0.4,0.3021072447299957,289,196,32.17993079584775,196:158:173:153
brick_e336,fine_grained,336,44,budget_semantic_0.40,800,0.4,0.26483234763145447,289,201,30.44982698961938,201:150:164:165
brick_e336,fine_grained,336,44,budget_tail_0.40,800,0.4,0.2658718228340149,289,170,41.17647058823529,170:170:170:170
brick_e336,fine_grained,336,44,budget_random_0.50,800,0.5,0.37760722637176514,289,180,37.71626297577855,180:129:143:148
brick_e336,fine_grained,336,44,budget_semantic_0.50,800,0.5,0.34097781777381897,289,181,37.370242214532865,181:133:137:149
brick_e336,fine_grained,336,44,budget_tail_0.50,800,0.5,0.3419046103954315,289,150,48.096885813148795,150:150:150:150
brick_e336,fine_grained,336,47,full_k8,800,0.0,0.0,309,309,0.0,309:257:175:259
brick_e336,fine_grained,336,47,random_k6,800,0.25,0.20022550225257874,309,248,19.741100323624593,248:198:145:209
brick_e336,fine_grained,336,47,semantic_k6,800,0.25,0.17625372111797333,309,230,25.566343042071193,230:201:144:225
brick_e336,fine_grained,336,47,tail_k6,800,0.25,0.17812475562095642,309,227,26.53721682847896,227:181:165:227
brick_e336,fine_grained,336,47,random_k4,800,0.5,0.3994041681289673,309,184,40.45307443365695,184:140:115:161
brick_e336,fine_grained,336,47,semantic_k4,800,0.5,0.36319947242736816,309,182,41.10032362459547,167:138:113:182
brick_e336,fine_grained,336,47,tail_k4,800,0.5,0.3653234541416168,309,154,50.16181229773462,152:154:142:152
brick_e336,fine_grained,336,47,random_k2,800,0.75,0.6013897657394409,309,125,59.54692556634305,125:83:74:118
brick_e336,fine_grained,336,47,semantic_k2,800,0.75,0.5659886598587036,309,136,55.98705501618123,93:88:83:136
brick_e336,fine_grained,336,47,tail_k2,800,0.75,0.5672599673271179,309,110,64.40129449838187,102:95:93:110
brick_e336,fine_grained,336,47,random_k1,800,0.875,0.7020994424819946,309,90,70.87378640776699,79:70:61:90
brick_e336,fine_grained,336,47,semantic_k1,800,0.875,0.6761383414268494,309,110,64.40129449838187,68:60:62:110
brick_e336,fine_grained,336,47,tail_k1,800,0.875,0.6768925786018372,309,91,70.55016181229774,69:67:73:91
brick_e336,fine_grained,336,47,budget_random_0.01,800,0.01,0.007885684259235859,309,304,1.6181229773462813,304:256:175:257
brick_e336,fine_grained,336,47,budget_semantic_0.01,800,0.01,0.005247253458946943,309,307,0.6472491909385147,307:254:173:258
brick_e336,fine_grained,336,47,budget_tail_0.01,800,0.01,0.0059263515286147594,309,301,2.588996763754048,301:257:175:259
brick_e336,fine_grained,336,47,budget_random_0.02,800,0.02,0.015283504500985146,309,304,1.6181229773462813,304:250:173:257
brick_e336,fine_grained,336,47,budget_semantic_0.02,800,0.02,0.011107124388217926,309,304,1.6181229773462813,304:251:172:257
brick_e336,fine_grained,336,47,budget_tail_0.02,800,0.02,0.012414266355335712,309,293,5.177993527508096,293:257:175:259
brick_e336,fine_grained,336,47,budget_random_0.05,800,0.05,0.03876326605677605,309,294,4.854368932038833,294:248:165:253
brick_e336,fine_grained,336,47,budget_semantic_0.05,800,0.05,0.030099648982286453,309,295,4.530744336569581,295:245:168:252
brick_e336,fine_grained,336,47,budget_tail_0.05,800,0.05,0.03316827490925789,309,269,12.944983818770229,269:257:175:259
brick_e336,fine_grained,336,47,budget_random_0.10,800,0.1,0.07681756466627121,309,282,8.737864077669899,282:238:162:238
brick_e336,fine_grained,336,47,budget_semantic_0.10,800,0.1,0.06380961835384369,309,283,8.414239482200648,283:233:160:244
brick_e336,fine_grained,336,47,budget_tail_0.10,800,0.1,0.0662442147731781,309,249,19.417475728155342,249:248:175:248
brick_e336,fine_grained,336,47,budget_random_0.20,800,0.2,0.15479280054569244,309,258,16.504854368932044,258:215:149:218
brick_e336,fine_grained,336,47,budget_semantic_0.20,800,0.2,0.1349143236875534,309,248,19.741100323624593,248:217:148:227
brick_e336,fine_grained,336,47,budget_tail_0.20,800,0.2,0.13729184865951538,309,222,28.155339805825243,222:221:175:222
brick_e336,fine_grained,336,47,budget_random_0.30,800,0.3,0.23074692487716675,309,233,24.595469255663428,233:185:134:208
brick_e336,fine_grained,336,47,budget_semantic_0.30,800,0.3,0.20873403549194336,309,217,29.773462783171524,217:191:137:215
brick_e336,fine_grained,336,47,budget_tail_0.30,800,0.3,0.2119910567998886,309,195,36.89320388349514,195:195:175:195
brick_e336,fine_grained,336,47,budget_random_0.40,800,0.4,0.30849766731262207,309,206,33.333333333333336,206:172:117:185
brick_e336,fine_grained,336,47,budget_semantic_0.40,800,0.4,0.28419366478919983,309,198,35.922330097087375,198:167:120:195
brick_e336,fine_grained,336,47,budget_tail_0.40,800,0.4,0.28728941082954407,309,170,44.983818770226534,170:170:170:170
brick_e336,fine_grained,336,47,budget_random_0.50,800,0.5,0.3854447603225708,309,173,44.01294498381877,173:137:118:172
brick_e336,fine_grained,336,47,budget_semantic_0.50,800,0.5,0.3612969219684601,309,174,43.689320388349515,174:143:113:170
brick_e336,fine_grained,336,47,budget_tail_0.50,800,0.5,0.36336421966552734,309,150,51.45631067961165,150:150:150:150
cell_e448,fine_grained,448,4,full_k8,1568,0.0,0.0,545,545,0.0,420:545:400:403
cell_e448,fine_grained,448,4,random_k6,1568,0.25,0.22389014065265656,545,420,22.935779816513758,313:420:317:326
cell_e448,fine_grained,448,4,semantic_k6,1568,0.25,0.1889527291059494,545,422,22.56880733944954,294:422:328:332
cell_e448,fine_grained,448,4,tail_k6,1568,0.25,0.19146078824996948,545,366,32.8440366972477,366:341:315:354
cell_e448,fine_grained,448,4,random_k4,1568,0.5,0.4415043294429779,545,288,47.15596330275229,233:288:228:235
cell_e448,fine_grained,448,4,semantic_k4,1568,0.5,0.39152824878692627,545,305,44.03669724770643,197:305:231:251
cell_e448,fine_grained,448,4,tail_k4,1568,0.5,0.3933813273906708,545,266,51.19266055045871,227:262:229:266
cell_e448,fine_grained,448,4,random_k2,1568,0.75,0.6638680696487427,545,175,67.88990825688073,134:175:140:143
cell_e448,fine_grained,448,4,semantic_k2,1568,0.75,0.6129135489463806,545,186,65.87155963302752,122:186:130:154
cell_e448,fine_grained,448,4,tail_k2,1568,0.75,0.6141314506530762,545,161,70.45871559633028,125:158:148:161
cell_e448,fine_grained,448,4,random_k1,1568,0.875,0.7747319340705872,545,110,79.81651376146789,89:93:104:110
cell_e448,fine_grained,448,4,semantic_k1,1568,0.875,0.7362188100814819,545,114,79.08256880733944,81:114:92:109
cell_e448,fine_grained,448,4,tail_k1,1568,0.875,0.7366132736206055,545,104,80.91743119266054,96:104:96:100
cell_e448,fine_grained,448,4,budget_random_0.01,1568,0.01020408163265306,0.008795063011348248,545,543,0.3669724770642202,415:543:395:399
cell_e448,fine_grained,448,4,budget_semantic_0.01,1568,0.01020408163265306,0.005189176183193922,545,541,0.7339449541284404,413:541:399:399
cell_e448,fine_grained,448,4,budget_tail_0.01,1568,0.01020408163265306,0.006130026653409004,545,529,2.9357798165137616,420:529:400:403
cell_e448,fine_grained,448,4,budget_random_0.02,1568,0.019770408163265307,0.016393058001995087,545,538,1.2844036697247652,411:538:395:393
cell_e448,fine_grained,448,4,budget_semantic_0.02,1568,0.019770408163265307,0.01098140049725771,545,535,1.834862385321101,410:535:395:397
cell_e448,fine_grained,448,4,budget_tail_0.02,1568,0.019770408163265307,0.012799924239516258,545,514,5.688073394495408,420:514:400:403
cell_e448,fine_grained,448,4,budget_random_0.05,1568,0.04974489795918367,0.041909199208021164,545,524,3.8532110091743066,399:524:378:389
cell_e448,fine_grained,448,4,budget_semantic_0.05,1568,0.04974489795918367,0.031418222934007645,545,519,4.770642201834862,399:519:382:390
cell_e448,fine_grained,448,4,budget_tail_0.05,1568,0.04974489795918367,0.03496292978525162,545,467,14.311926605504588,420:467:400:403
cell_e448,fine_grained,448,4,budget_random_0.10,1568,0.10012755102040816,0.08465581387281418,545,496,8.99082568807339,388:496:361:366
cell_e448,fine_grained,448,4,budget_semantic_0.10,1568,0.10012755102040816,0.06795333325862885,545,492,9.724770642201829,375:492:372:372
cell_e448,fine_grained,448,4,budget_tail_0.10,1568,0.10012755102040816,0.07247087359428406,545,404,25.87155963302752,404:404:400:403
cell_e448,fine_grained,448,4,budget_random_0.20,1568,0.2002551020408163,0.16774480044841766,545,437,19.816513761467892,349:437:328:340
cell_e448,fine_grained,448,4,budget_semantic_0.20,1568,0.2002551020408163,0.14398306608200073,545,445,18.34862385321101,332:445:343:334
cell_e448,fine_grained,448,4,budget_tail_0.20,1568,0.2002551020408163,0.14576873183250427,545,364,33.211009174311926,363:364:364:363
cell_e448,fine_grained,448,4,budget_random_0.30,1568,0.2997448979591837,0.25243210792541504,545,398,26.97247706422018,317:398:291:292
cell_e448,fine_grained,448,4,budget_semantic_0.30,1568,0.2997448979591837,0.2224322259426117,545,401,26.422018348623855,285:401:306:306
cell_e448,fine_grained,448,4,budget_tail_0.30,1568,0.2997448979591837,0.22392874956130981,545,325,40.36697247706422,324:325:325:324
cell_e448,fine_grained,448,4,budget_random_0.40,1568,0.39987244897959184,0.33748430013656616,545,352,35.412844036697244,249:352:263:277
cell_e448,fine_grained,448,4,budget_semantic_0.40,1568,0.39987244897959184,0.30382007360458374,545,361,33.76146788990826,242:361:266:272
cell_e448,fine_grained,448,4,budget_tail_0.40,1568,0.39987244897959184,0.305218368768692,545,286,47.522935779816514,285:286:285:285
cell_e448,fine_grained,448,4,budget_random_0.50,1568,0.5,0.42121824622154236,545,284,47.88990825688073,240:284:221:239
cell_e448,fine_grained,448,4,budget_semantic_0.50,1568,0.5,0.3876105844974518,545,310,43.11926605504587,210:310:223:241
cell_e448,fine_grained,448,4,budget_tail_0.50,1568,0.5,0.38899174332618713,545,246,54.862385321100916,246:246:246:246
cell_e448,fine_grained,448,12,full_k8,1568,0.0,0.0,619,619,0.0,364:432:353:619
cell_e448,fine_grained,448,12,random_k6,1568,0.25,0.22413483262062073,619,481,22.294022617124398,262:353:280:481
cell_e448,fine_grained,448,12,semantic_k6,1568,0.25,0.1782034933567047,619,527,14.862681744749596,256:326:267:527
cell_e448,fine_grained,448,12,tail_k6,1568,0.25,0.1807483434677124,619,424,31.502423263327948,308:324:320:424
cell_e448,fine_grained,448,12,random_k4,1568,0.5,0.444429874420166,619,365,41.033925686591274,192:229:198:365
cell_e448,fine_grained,448,12,semantic_k4,1568,0.5,0.370449036359787,619,387,37.47980613893377,178:230:189:387
cell_e448,fine_grained,448,12,tail_k4,1568,0.5,0.37252771854400635,619,314,49.27302100161551,199:241:230:314
cell_e448,fine_grained,448,12,random_k2,1568,0.75,0.6684002876281738,619,224,63.812600969305336,112:121:135:224
cell_e448,fine_grained,448,12,semantic_k2,1568,0.75,0.5890854597091675,619,208,66.39741518578353,116:147:121:208
cell_e448,fine_grained,448,12,tail_k2,1568,0.75,0.589995801448822,619,177,71.40549273021001,141:142:132:177
cell_e448,fine_grained,448,12,random_k1,1568,0.875,0.7804946303367615,619,137,77.86752827140549,72:77:110:137
cell_e448,fine_grained,448,12,semantic_k1,1568,0.875,0.7189798951148987,619,133,78.51373182552504,80:105:78:133
cell_e448,fine_grained,448,12,tail_k1,1568,0.875,0.7195285558700562,619,118,80.93699515347335,91:100:87:118
cell_e448,fine_grained,448,12,budget_random_0.01,1568,0.01020408163265306,0.008273348212242126,619,618,0.1615508885298822,362:425:347:618
cell_e448,fine_grained,448,12,budget_semantic_0.01,1568,0.01020408163265306,0.0046548992395401,619,616,0.4846526655896577,363:426:347:616
cell_e448,fine_grained,448,12,budget_tail_0.01,1568,0.01020408163265306,0.005373429507017136,619,603,2.584814216478193,364:432:353:603
cell_e448,fine_grained,448,12,budget_random_0.02,1568,0.019770408163265307,0.015728311613202095,619,607,1.9386106623586419,359:425:346:607
cell_e448,fine_grained,448,12,budget_semantic_0.02,1568,0.019770408163265307,0.009533556178212166,619,612,1.1308562197092087,359:422:344:612
cell_e448,fine_grained,448,12,budget_tail_0.02,1568,0.019770408163265307,0.011150497011840343,619,588,5.0080775444264924,364:432:353:588
cell_e448,fine_grained,448,12,budget_random_0.05,1568,0.04974489795918367,0.04032887890934944,619,592,4.3618739903069415,347:412:339:592
cell_e448,fine_grained,448,12,budget_semantic_0.05,1568,0.04974489795918367,0.026409747079014778,619,598,3.392568659127626,346:412:334:598
cell_e448,fine_grained,448,12,budget_tail_0.05,1568,0.04974489795918367,0.031308356672525406,619,541,12.600969305331178,364:432:353:541
cell_e448,fine_grained,448,12,budget_random_0.10,1568,0.10012755102040816,0.08350574225187302,619,569,8.077544426494343,327:390:325:569
cell_e448,fine_grained,448,12,budget_semantic_0.10,1568,0.10012755102040816,0.05846739560365677,619,570,7.915993537964461,332:388:321:570
cell_e448,fine_grained,448,12,budget_tail_0.10,1568,0.10012755102040816,0.0686347708106041,619,462,25.363489499192248,364:432:353:462
cell_e448,fine_grained,448,12,budget_random_0.20,1568,0.2002551020408163,0.163090318441391,619,515,16.801292407108235,299:350:290:515
cell_e448,fine_grained,448,12,budget_semantic_0.20,1568,0.2002551020408163,0.12903089821338654,619,513,17.12439418416801,302:357:282:513
cell_e448,fine_grained,448,12,budget_tail_0.20,1568,0.2002551020408163,0.1412942111492157,619,369,40.38772213247172,364:368:353:369
cell_e448,fine_grained,448,12,budget_random_0.30,1568,0.2997448979591837,0.2454460859298706,619,468,24.394184168012924,266:311:253:468
cell_e448,fine_grained,448,12,budget_semantic_0.30,1568,0.2997448979591837,0.20394077897071838,619,463,25.201938610662356,266:319:250:463
cell_e448,fine_grained,448,12,budget_tail_0.30,1568,0.2997448979591837,0.21104364097118378,619,325,47.49596122778675,324:325:324:325
cell_e448,fine_grained,448,12,budget_random_0.40,1568,0.39987244897959184,0.327487975358963,619,384,37.964458804523424,233:288:236:384
cell_e448,fine_grained,448,12,budget_semantic_0.40,1568,0.39987244897959184,0.2828024625778198,619,409,33.925686591276246,231:279:222:409
cell_e448,fine_grained,448,12,budget_tail_0.40,1568,0.39987244897959184,0.2880233824253082,619,286,53.79644588045234,285:285:285:286
cell_e448,fine_grained,448,12,budget_random_0.50,1568,0.5,0.41137102246284485,619,345,44.26494345718901,191:246:202:345
cell_e448,fine_grained,448,12,budget_semantic_0.50,1568,0.5,0.36481809616088867,619,355,42.64943457189014,199:241:189:355
cell_e448,fine_grained,448,12,budget_tail_0.50,1568,0.5,0.36897939443588257,619,246,60.25848142164782,246:246:246:246
cell_e448,fine_grained,448,24,full_k8,1568,0.0,0.0,630,630,0.0,392:420:326:630
cell_e448,fine_grained,448,24,random_k6,1568,0.25,0.23068369925022125,630,492,21.904761904761905,293:325:266:492
cell_e448,fine_grained,448,24,semantic_k6,1568,0.25,0.16215664148330688,630,524,16.825396825396822,270:318:264:524
cell_e448,fine_grained,448,24,tail_k6,1568,0.25,0.16453787684440613,630,411,34.76190476190476,336:319:310:411
cell_e448,fine_grained,448,24,random_k4,1568,0.5,0.4415607452392578,630,350,44.44444444444444,215:233:186:350
cell_e448,fine_grained,448,24,semantic_k4,1568,0.5,0.3378139138221741,630,379,39.84126984126984,209:221:175:379
cell_e448,fine_grained,448,24,tail_k4,1568,0.5,0.33939746022224426,630,310,50.79365079365079,239:212:223:310
cell_e448,fine_grained,448,24,random_k2,1568,0.75,0.6725755929946899,630,198,68.57142857142857,128:140:126:198
cell_e448,fine_grained,448,24,semantic_k2,1568,0.75,0.5356875658035278,630,235,62.698412698412696,136:128:93:235
cell_e448,fine_grained,448,24,tail_k2,1568,0.75,0.5369340777397156,630,203,67.77777777777779,147:120:122:203
cell_e448,fine_grained,448,24,random_k1,1568,0.875,0.7849473357200623,630,136,78.41269841269842,95:89:76:136
cell_e448,fine_grained,448,24,semantic_k1,1568,0.875,0.6525927782058716,630,150,76.19047619047619,101:74:71:150
cell_e448,fine_grained,448,24,tail_k1,1568,0.875,0.6529349088668823,630,140,77.77777777777779,102:79:75:140
cell_e448,fine_grained,448,24,budget_random_0.01,1568,0.01020408163265306,0.00776808662340045,630,625,0.7936507936507908,389:416:322:625
cell_e448,fine_grained,448,24,budget_semantic_0.01,1568,0.01020408163265306,0.0001799702295102179,630,625,0.7936507936507908,391:415:321:625
cell_e448,fine_grained,448,24,budget_tail_0.01,1568,0.01020408163265306,0.00021961699530947953,630,614,2.5396825396825418,392:420:326:614
cell_e448,fine_grained,448,24,budget_random_0.02,1568,0.019770408163265307,0.014871704392135143,630,620,1.5873015873015928,387:412:318:620
cell_e448,fine_grained,448,24,budget_semantic_0.02,1568,0.019770408163265307,0.0003865399630740285,630,617,2.0634920634920673,391:411:318:617
cell_e448,fine_grained,448,24,budget_tail_0.02,1568,0.019770408163265307,0.0005807190900668502,630,599,4.920634920634925,392:420:326:599
cell_e448,fine_grained,448,24,budget_random_0.05,1568,0.04974489795918367,0.03628560155630112,630,607,3.650793650793649,373:400:310:607
cell_e448,fine_grained,448,24,budget_semantic_0.05,1568,0.04974489795918367,0.0014017826179042459,630,601,4.6031746031745975,390:396:303:601
cell_e448,fine_grained,448,24,budget_tail_0.05,1568,0.04974489795918367,0.01518216822296381,630,552,12.380952380952381,392:420:326:552
cell_e448,fine_grained,448,24,budget_random_0.10,1568,0.10012755102040816,0.07430500537157059,630,572,9.206349206349207,358:380:301:572
cell_e448,fine_grained,448,24,budget_semantic_0.10,1568,0.10012755102040816,0.01148472260683775,630,581,7.777777777777772,381:361:288:581
cell_e448,fine_grained,448,24,budget_tail_0.10,1568,0.10012755102040816,0.05171062797307968,630,473,24.92063492063492,392:420:326:473
cell_e448,fine_grained,448,24,budget_random_0.20,1568,0.2002551020408163,0.14699937403202057,630,519,17.619047619047624,327:343:265:519
cell_e448,fine_grained,448,24,budget_semantic_0.20,1568,0.2002551020408163,0.07598626613616943,630,535,15.07936507936508,341:318:260:535
cell_e448,fine_grained,448,24,budget_tail_0.20,1568,0.2002551020408163,0.10570322722196579,630,376,40.317460317460316,376:376:326:376
cell_e448,fine_grained,448,24,budget_random_0.30,1568,0.2997448979591837,0.22316306829452515,630,465,26.190476190476186,284:309:240:465
cell_e448,fine_grained,448,24,budget_semantic_0.30,1568,0.2997448979591837,0.14828471839427948,630,488,22.539682539682538,292:284:234:488
cell_e448,fine_grained,448,24,budget_tail_0.30,1568,0.2997448979591837,0.1729157418012619,630,325,48.412698412698404,325:324:324:325
cell_e448,fine_grained,448,24,budget_random_0.40,1568,0.39987244897959184,0.30162206292152405,630,410,34.92063492063492,256:253:222:410
cell_e448,fine_grained,448,24,budget_semantic_0.40,1568,0.39987244897959184,0.2251170575618744,630,434,31.11111111111111,256:238:213:434
cell_e448,fine_grained,448,24,budget_tail_0.40,1568,0.39987244897959184,0.2339983582496643,630,286,54.60317460317461,285:285:285:286
cell_e448,fine_grained,448,24,budget_random_0.50,1568,0.5,0.37412601709365845,630,360,42.85714285714286,222:222:180:360
cell_e448,fine_grained,448,24,budget_semantic_0.50,1568,0.5,0.3053783178329468,630,390,38.095238095238095,222:199:173:390
cell_e448,fine_grained,448,24,budget_tail_0.50,1568,0.5,0.3119962811470032,630,246,60.952380952380956,246:246:246:246
cell_e448,fine_grained,448,36,full_k8,1568,0.0,0.0,520,520,0.0,388:486:374:520
cell_e448,fine_grained,448,36,random_k6,1568,0.25,0.21298331022262573,520,405,22.115384615384613,285:386:300:405
cell_e448,fine_grained,448,36,semantic_k6,1568,0.25,0.1716960072517395,520,451,13.269230769230766,266:363:296:451
cell_e448,fine_grained,448,36,tail_k6,1568,0.25,0.17433024942874908,520,386,25.769230769230766,323:316:351:386
cell_e448,fine_grained,448,36,random_k4,1568,0.5,0.4370541572570801,520,296,43.07692307692308,218:257:213:296
cell_e448,fine_grained,448,36,semantic_k4,1568,0.5,0.3581273555755615,520,339,34.80769230769231,188:255:202:339
cell_e448,fine_grained,448,36,tail_k4,1568,0.5,0.3599192202091217,520,277,46.73076923076923,222:248:237:277
cell_e448,fine_grained,448,36,random_k2,1568,0.75,0.6573989391326904,520,194,62.69230769230769,129:150:119:194
cell_e448,fine_grained,448,36,semantic_k2,1568,0.75,0.5723482966423035,520,219,57.88461538461538,98:155:120:219
cell_e448,fine_grained,448,36,tail_k2,1568,0.75,0.5732156038284302,520,194,62.69230769230769,115:151:132:194
cell_e448,fine_grained,448,36,random_k1,1568,0.875,0.7750948667526245,520,116,77.6923076923077,92:97:91:116
cell_e448,fine_grained,448,36,semantic_k1,1568,0.875,0.7039246559143066,520,153,70.57692307692307,72:91:80:153
cell_e448,fine_grained,448,36,tail_k1,1568,0.875,0.7044903039932251,520,133,74.42307692307692,84:94:85:133
cell_e448,fine_grained,448,36,budget_random_0.01,1568,0.01020408163265306,0.008832204155623913,520,514,1.1538461538461497,386:481:371:514
cell_e448,fine_grained,448,36,budget_semantic_0.01,1568,0.01020408163265306,0.00261413655243814,520,518,0.38461538461538325,384:482:368:518
cell_e448,fine_grained,448,36,budget_tail_0.01,1568,0.01020408163265306,0.004347533453255892,520,504,3.076923076923077,388:486:374:504
cell_e448,fine_grained,448,36,budget_random_0.02,1568,0.019770408163265307,0.01570947654545307,520,512,1.538461538461533,380:479:366:512
cell_e448,fine_grained,448,36,budget_semantic_0.02,1568,0.019770408163265307,0.006371648982167244,520,515,0.9615384615384581,381:479:362:515
cell_e448,fine_grained,448,36,budget_tail_0.02,1568,0.019770408163265307,0.00986082199960947,520,489,5.961538461538463,388:486:374:489
cell_e448,fine_grained,448,36,budget_random_0.05,1568,0.04974489795918367,0.03920583054423332,520,500,3.8461538461538436,373:461:356:500
cell_e448,fine_grained,448,36,budget_semantic_0.05,1568,0.04974489795918367,0.020741663873195648,520,504,3.076923076923077,371:468:347:504
cell_e448,fine_grained,448,36,budget_tail_0.05,1568,0.04974489795918367,0.026771100237965584,520,464,10.769230769230765,388:464:374:464
cell_e448,fine_grained,448,36,budget_random_0.10,1568,0.10012755102040816,0.0821848213672638,520,468,9.999999999999998,354:444:345:468
cell_e448,fine_grained,448,36,budget_semantic_0.10,1568,0.10012755102040816,0.049627985805273056,520,489,5.961538461538463,346:455:321:489
cell_e448,fine_grained,448,36,budget_tail_0.10,1568,0.10012755102040816,0.06132908910512924,520,425,18.26923076923077,388:424:374:425
cell_e448,fine_grained,448,36,budget_random_0.20,1568,0.2002551020408163,0.1579216867685318,520,411,20.961538461538463,332:400:311:411
cell_e448,fine_grained,448,36,budget_semantic_0.20,1568,0.2002551020408163,0.11694035679101944,520,458,11.923076923076925,302:421:273:458
cell_e448,fine_grained,448,36,budget_tail_0.20,1568,0.2002551020408163,0.12870380282402039,520,364,30.000000000000004,363:364:363:364
cell_e448,fine_grained,448,36,budget_random_0.30,1568,0.2997448979591837,0.23965512216091156,520,380,26.923076923076927,278:360:280:380
cell_e448,fine_grained,448,36,budget_semantic_0.30,1568,0.2997448979591837,0.1892610788345337,520,425,18.26923076923077,261:370:242:425
cell_e448,fine_grained,448,36,budget_tail_0.30,1568,0.2997448979591837,0.1969776749610901,520,325,37.5,324:325:324:325
cell_e448,fine_grained,448,36,budget_random_0.40,1568,0.39987244897959184,0.32387420535087585,520,345,33.65384615384615,245:303:248:345
cell_e448,fine_grained,448,36,budget_semantic_0.40,1568,0.39987244897959184,0.26628610491752625,520,376,27.692307692307693,227:310:228:376
cell_e448,fine_grained,448,36,budget_tail_0.40,1568,0.39987244897959184,0.2722017765045166,520,286,44.99999999999999,285:285:285:286
cell_e448,fine_grained,448,36,budget_random_0.50,1568,0.5,0.4023343622684479,520,292,43.84615384615385,201:290:201:292
cell_e448,fine_grained,448,36,budget_semantic_0.50,1568,0.5,0.34744635224342346,520,335,35.57692307692307,189:264:196:335
cell_e448,fine_grained,448,36,budget_tail_0.50,1568,0.5,0.35165295004844666,520,246,52.69230769230769,246:246:246:246
cell_e448,fine_grained,448,44,full_k8,1568,0.0,0.0,473,473,0.0,434:473:430:431
cell_e448,fine_grained,448,44,random_k6,1568,0.25,0.22100874781608582,473,360,23.89006342494715,338:360:329:349
cell_e448,fine_grained,448,44,semantic_k6,1568,0.25,0.19202490150928497,473,374,20.93023255813954,306:348:348:374
cell_e448,fine_grained,448,44,tail_k6,1568,0.25,0.19405604898929596,473,376,20.507399577167018,376:330:303:367
cell_e448,fine_grained,448,44,random_k4,1568,0.5,0.44516870379447937,473,260,45.03171247357294,237:249:238:260
cell_e448,fine_grained,448,44,semantic_k4,1568,0.5,0.3963795006275177,473,283,40.169133192389005,209:243:249:283
cell_e448,fine_grained,448,44,tail_k4,1568,0.5,0.3980811834335327,473,277,41.43763213530656,238:222:277:247
cell_e448,fine_grained,448,44,random_k2,1568,0.75,0.6644343733787537,473,162,65.75052854122622,142:139:162:149
cell_e448,fine_grained,448,44,semantic_k2,1568,0.75,0.6198568940162659,473,170,64.05919661733614,117:140:170:165
cell_e448,fine_grained,448,44,tail_k2,1568,0.75,0.621234655380249,473,163,65.53911205073996,150:125:163:154
cell_e448,fine_grained,448,44,random_k1,1568,0.875,0.7768449783325195,473,107,77.3784355179704,102:90:107:97
cell_e448,fine_grained,448,44,semantic_k1,1568,0.875,0.7444050908088684,473,116,75.47568710359408,79:91:116:110
cell_e448,fine_grained,448,44,tail_k1,1568,0.875,0.7453277707099915,473,104,78.01268498942918,98:104:97:97
cell_e448,fine_grained,448,44,budget_random_0.01,1568,0.01020408163265306,0.008757155388593674,473,468,1.0570824524312905,429:468:429:426
cell_e448,fine_grained,448,44,budget_semantic_0.01,1568,0.01020408163265306,0.004405875690281391,473,467,1.2684989429175508,430:467:428:427
cell_e448,fine_grained,448,44,budget_tail_0.01,1568,0.01020408163265306,0.00558431725949049,473,457,3.382663847780132,434:457:430:431
cell_e448,fine_grained,448,44,budget_random_0.02,1568,0.019770408163265307,0.016460251063108444,473,467,1.2684989429175508,422:467:427:421
cell_e448,fine_grained,448,44,budget_semantic_0.02,1568,0.019770408163265307,0.00975736603140831,473,464,1.9027484143763207,425:464:426:422
cell_e448,fine_grained,448,44,budget_tail_0.02,1568,0.019770408163265307,0.01220796536654234,473,442,6.553911205073993,434:442:430:431
cell_e448,fine_grained,448,44,budget_random_0.05,1568,0.04974489795918367,0.041900452226400375,473,448,5.285412262156452,415:448:414:413
cell_e448,fine_grained,448,44,budget_semantic_0.05,1568,0.04974489795918367,0.028935953974723816,473,454,4.016913319238902,412:454:409:415
cell_e448,fine_grained,448,44,budget_tail_0.05,1568,0.04974489795918367,0.030376197770237923,473,423,10.570824524312894,422:423:423:422
cell_e448,fine_grained,448,44,budget_random_0.10,1568,0.10012755102040816,0.08586938679218292,473,435,8.033826638477803,391:435:388:397
cell_e448,fine_grained,448,44,budget_semantic_0.10,1568,0.10012755102040816,0.06519754230976105,473,429,9.302325581395355,400:429:387:395
cell_e448,fine_grained,448,44,budget_tail_0.10,1568,0.10012755102040816,0.06571245193481445,473,403,14.799154334038056,403:403:402:403
cell_e448,fine_grained,448,44,budget_random_0.20,1568,0.2002551020408163,0.1678311973810196,473,389,17.758985200845668,351:389:360:354
cell_e448,fine_grained,448,44,budget_semantic_0.20,1568,0.2002551020408163,0.14304322004318237,473,388,17.97040169133193,352:388:349:365
cell_e448,fine_grained,448,44,budget_tail_0.20,1568,0.2002551020408163,0.14324186742305756,473,364,23.04439746300211,363:364:363:364
cell_e448,fine_grained,448,44,budget_random_0.30,1568,0.2997448979591837,0.25479087233543396,473,354,25.15856236786469,312:354:322:310
cell_e448,fine_grained,448,44,budget_semantic_0.30,1568,0.2997448979591837,0.22403474152088165,473,340,28.1183932346723,302:340:317:339
cell_e448,fine_grained,448,44,budget_tail_0.30,1568,0.2997448979591837,0.2242005467414856,473,325,31.289640591966172,324:325:324:325
cell_e448,fine_grained,448,44,budget_random_0.40,1568,0.39987244897959184,0.3407546877861023,473,305,35.517970401691336,287:305:271:278
cell_e448,fine_grained,448,44,budget_semantic_0.40,1568,0.39987244897959184,0.30769771337509155,473,302,36.1522198731501,265:302:274:300
cell_e448,fine_grained,448,44,budget_tail_0.40,1568,0.39987244897959184,0.30781686305999756,473,286,39.53488372093024,285:285:285:286
cell_e448,fine_grained,448,44,budget_random_0.50,1568,0.5,0.4260343015193939,473,263,44.397463002114165,237:263:239:245
cell_e448,fine_grained,448,44,budget_semantic_0.50,1568,0.5,0.3931259512901306,473,260,45.03171247357294,221:258:245:260
cell_e448,fine_grained,448,44,budget_tail_0.50,1568,0.5,0.39325249195098877,473,246,47.99154334038055,246:246:246:246
cell_e448,fine_grained,448,47,full_k8,1568,0.0,0.0,586,586,0.0,586:411:354:417
cell_e448,fine_grained,448,47,random_k6,1568,0.25,0.22220973670482635,586,446,23.890784982935152,446:328:278:324
cell_e448,fine_grained,448,47,semantic_k6,1568,0.25,0.19985701143741608,586,401,31.569965870307172,401:306:289:380
cell_e448,fine_grained,448,47,tail_k6,1568,0.25,0.2026461809873581,586,380,35.153583617747444,322:327:347:380
cell_e448,fine_grained,448,47,random_k4,1568,0.5,0.4429103136062622,586,320,45.39249146757679,320:227:203:234
cell_e448,fine_grained,448,47,semantic_k4,1568,0.5,0.4106198251247406,586,293,50.0,291:198:202:293
cell_e448,fine_grained,448,47,tail_k4,1568,0.5,0.41314515471458435,586,264,54.94880546075085,236:224:260:264
cell_e448,fine_grained,448,47,random_k2,1568,0.75,0.6662161946296692,586,181,69.11262798634812,181:137:118:156
cell_e448,fine_grained,448,47,semantic_k2,1568,0.75,0.6349051594734192,586,192,67.23549488054607,172:105:123:192
cell_e448,fine_grained,448,47,tail_k2,1568,0.75,0.6367367506027222,586,174,70.30716723549489,137:129:152:174
cell_e448,fine_grained,448,47,random_k1,1568,0.875,0.7775372862815857,586,128,78.15699658703072,128:93:80:95
cell_e448,fine_grained,448,47,semantic_k1,1568,0.875,0.7554543614387512,586,136,76.79180887372013,109:64:87:136
cell_e448,fine_grained,448,47,tail_k1,1568,0.875,0.756600022315979,586,111,81.05802047781569,111:96:86:103
cell_e448,fine_grained,448,47,budget_random_0.01,1568,0.01020408163265306,0.008966068737208843,586,581,0.8532423208191142,581:409:351:411
cell_e448,fine_grained,448,47,budget_semantic_0.01,1568,0.01020408163265306,0.0058278185315430164,586,580,1.0238907849829393,580:407:354:411
cell_e448,fine_grained,448,47,budget_tail_0.01,1568,0.01020408163265306,0.006756131071597338,586,570,2.7303754266211566,570:411:354:417
cell_e448,fine_grained,448,47,budget_random_0.02,1568,0.019770408163265307,0.017076293006539345,586,576,1.7064846416382284,576:404:348:409
cell_e448,fine_grained,448,47,budget_semantic_0.02,1568,0.019770408163265307,0.012245163321495056,586,576,1.7064846416382284,576:402:353:406
cell_e448,fine_grained,448,47,budget_tail_0.02,1568,0.019770408163265307,0.013837567530572414,586,555,5.290102389078499,555:411:354:417
cell_e448,fine_grained,448,47,budget_random_0.05,1568,0.04974489795918367,0.04294376075267792,586,563,3.924914675767921,563:388:343:396
cell_e448,fine_grained,448,47,budget_semantic_0.05,1568,0.04974489795918367,0.034101326018571854,586,559,4.607508532423211,559:390:345:396
cell_e448,fine_grained,448,47,budget_tail_0.05,1568,0.04974489795918367,0.03734749183058739,586,508,13.310580204778155,508:411:354:417
cell_e448,fine_grained,448,47,budget_random_0.10,1568,0.10012755102040816,0.08656730502843857,586,542,7.508532423208192,542:373:313:383
cell_e448,fine_grained,448,47,budget_semantic_0.10,1568,0.10012755102040816,0.07337843626737595,586,518,11.604095563139927,518:373:335:385
cell_e448,fine_grained,448,47,budget_tail_0.10,1568,0.10012755102040816,0.07854469120502472,586,429,26.791808873720136,429:411:354:417
cell_e448,fine_grained,448,47,budget_random_0.20,1568,0.2002551020408163,0.17077518999576569,586,475,18.941979522184305,475:332:289:358
cell_e448,fine_grained,448,47,budget_semantic_0.20,1568,0.2002551020408163,0.15458904206752777,586,453,22.696245733788402,453:332:307:362
cell_e448,fine_grained,448,47,budget_tail_0.20,1568,0.2002551020408163,0.15666599571704865,586,367,37.37201365187713,367:366:354:367
cell_e448,fine_grained,448,47,budget_random_0.30,1568,0.2997448979591837,0.2587627172470093,586,433,26.109215017064848,433:293:264:308
cell_e448,fine_grained,448,47,budget_semantic_0.30,1568,0.2997448979591837,0.23755621910095215,586,401,31.569965870307172,401:280:273:344
cell_e448,fine_grained,448,47,budget_tail_0.30,1568,0.2997448979591837,0.23879937827587128,586,325,44.539249146757676,325:324:324:325
cell_e448,fine_grained,448,47,budget_random_0.40,1568,0.39987244897959184,0.3460991084575653,586,392,33.10580204778157,392:249:230:270
cell_e448,fine_grained,448,47,budget_semantic_0.40,1568,0.39987244897959184,0.3224838674068451,586,354,39.59044368600683,354:240:238:309
cell_e448,fine_grained,448,47,budget_tail_0.40,1568,0.39987244897959184,0.32368984818458557,586,286,51.194539249146764,286:285:285:285
cell_e448,fine_grained,448,47,budget_random_0.50,1568,0.5,0.432416170835495,586,322,45.05119453924915,322:216:200:246
cell_e448,fine_grained,448,47,budget_semantic_0.50,1568,0.5,0.40899658203125,586,313,46.587030716723554,313:201:191:279
cell_e448,fine_grained,448,47,budget_tail_0.50,1568,0.5,0.41024380922317505,586,246,58.02047781569966,246:246:246:246
clock_motion_e672,fine_grained,672,4,full_k8,3528,0.0,0.0,976,976,0.0,976:935:967:850
clock_motion_e672,fine_grained,672,4,random_k6,3528,0.25,0.23748324811458588,976,744,23.77049180327869,742:714:744:646
clock_motion_e672,fine_grained,672,4,semantic_k6,3528,0.25,0.20039227604866028,976,773,20.79918032786885,655:700:773:718
clock_motion_e672,fine_grained,672,4,tail_k6,3528,0.25,0.2024724781513214,976,795,18.545081967213118,671:603:777:795
clock_motion_e672,fine_grained,672,4,random_k4,3528,0.5,0.47149336338043213,976,530,45.69672131147541,530:493:491:450
clock_motion_e672,fine_grained,672,4,semantic_k4,3528,0.5,0.41442635655403137,976,560,42.622950819672134,443:471:560:490
clock_motion_e672,fine_grained,672,4,tail_k4,3528,0.5,0.4163515269756317,976,538,44.877049180327866,485:538:455:486
clock_motion_e672,fine_grained,672,4,random_k2,3528,0.75,0.7109280824661255,976,280,71.31147540983606,259:264:279:280
clock_motion_e672,fine_grained,672,4,semantic_k2,3528,0.75,0.6495367288589478,976,310,68.23770491803278,234:245:310:293
clock_motion_e672,fine_grained,672,4,tail_k2,3528,0.75,0.65040123462677,976,298,69.4672131147541,249:263:272:298
clock_motion_e672,fine_grained,672,4,random_k1,3528,0.875,0.8278071284294128,976,191,80.43032786885246,134:155:191:161
clock_motion_e672,fine_grained,672,4,semantic_k1,3528,0.875,0.7829275727272034,976,191,80.43032786885246,132:135:183:191
clock_motion_e672,fine_grained,672,4,tail_k1,3528,0.875,0.7835243940353394,976,174,82.17213114754098,174:146:166:155
clock_motion_e672,fine_grained,672,4,budget_random_0.01,3528,0.00992063492063492,0.008909188210964203,976,967,0.9221311475409832,967:924:958:844
clock_motion_e672,fine_grained,672,4,budget_semantic_0.01,3528,0.00992063492063492,0.005449110176414251,976,962,1.434426229508201,959:928:962:844
clock_motion_e672,fine_grained,672,4,budget_tail_0.01,3528,0.00992063492063492,0.005714841652661562,976,954,2.254098360655743,954:935:954:850
clock_motion_e672,fine_grained,672,4,budget_random_0.02,3528,0.020124716553287982,0.017623428255319595,976,954,2.254098360655743,954:919:948:836
clock_motion_e672,fine_grained,672,4,budget_semantic_0.02,3528,0.020124716553287982,0.01183189544826746,976,960,1.6393442622950838,942:919:960:836
clock_motion_e672,fine_grained,672,4,budget_tail_0.02,3528,0.020124716553287982,0.01250079832971096,976,936,4.098360655737709,936:935:936:850
clock_motion_e672,fine_grained,672,4,budget_random_0.05,3528,0.049886621315192746,0.045095428824424744,976,927,5.020491803278693,927:885:922:818
clock_motion_e672,fine_grained,672,4,budget_semantic_0.05,3528,0.049886621315192746,0.032150693237781525,976,935,4.200819672131151,907:898:935:812
clock_motion_e672,fine_grained,672,4,budget_tail_0.05,3528,0.049886621315192746,0.033151015639305115,976,901,7.684426229508201,901:900:901:850
clock_motion_e672,fine_grained,672,4,budget_random_0.10,3528,0.10005668934240362,0.08982381224632263,976,874,10.45081967213115,872:857:874:772
clock_motion_e672,fine_grained,672,4,budget_semantic_0.10,3528,0.10005668934240362,0.06959062069654465,976,897,8.094262295081966,842:853:897:783
clock_motion_e672,fine_grained,672,4,budget_tail_0.10,3528,0.10005668934240362,0.0710504949092865,976,844,13.524590163934425,844:844:844:843
clock_motion_e672,fine_grained,672,4,budget_random_0.20,3528,0.20011337868480725,0.1793140172958374,976,791,18.954918032786882,791:746:789:696
clock_motion_e672,fine_grained,672,4,budget_semantic_0.20,3528,0.20011337868480725,0.1497778296470642,976,807,17.3155737704918,740:768:807:707
clock_motion_e672,fine_grained,672,4,budget_tail_0.20,3528,0.20011337868480725,0.1500800997018814,976,756,22.540983606557376,755:756:756:755
clock_motion_e672,fine_grained,672,4,budget_random_0.30,3528,0.2998866213151927,0.2694964110851288,976,699,28.38114754098361,685:665:699:621
clock_motion_e672,fine_grained,672,4,budget_semantic_0.30,3528,0.2998866213151927,0.23357132077217102,976,710,27.254098360655743,640:683:710:637
clock_motion_e672,fine_grained,672,4,budget_tail_0.30,3528,0.2998866213151927,0.2337467074394226,976,668,31.557377049180324,667:668:668:667
clock_motion_e672,fine_grained,672,4,budget_random_0.40,3528,0.39994331065759636,0.3589688539505005,976,612,37.295081967213115,594:591:612:520
clock_motion_e672,fine_grained,672,4,budget_semantic_0.40,3528,0.39994331065759636,0.320308655500412,976,634,35.040983606557376,547:583:634:553
clock_motion_e672,fine_grained,672,4,budget_tail_0.40,3528,0.39994331065759636,0.32052746415138245,976,580,40.57377049180327,579:579:580:579
clock_motion_e672,fine_grained,672,4,budget_random_0.50,3528,0.5,0.4482186436653137,976,517,47.028688524590166,493:481:517:473
clock_motion_e672,fine_grained,672,4,budget_semantic_0.50,3528,0.5,0.4094972312450409,976,550,43.64754098360656,456:486:550:472
clock_motion_e672,fine_grained,672,4,budget_tail_0.50,3528,0.5,0.40978866815567017,976,491,49.692622950819676,491:491:491:491
clock_motion_e672,fine_grained,672,12,full_k8,3528,0.0,0.0,1229,1229,0.0,720:1095:684:1229
clock_motion_e672,fine_grained,672,12,random_k6,3528,0.25,0.2368680089712143,1229,942,23.35231895850285,554:835:515:942
clock_motion_e672,fine_grained,672,12,semantic_k6,3528,0.25,0.19745193421840668,1229,1045,14.971521562245726,467:802:532:1045
clock_motion_e672,fine_grained,672,12,tail_k6,3528,0.25,0.19996803998947144,1229,886,27.908868999186332,591:728:641:886
clock_motion_e672,fine_grained,672,12,random_k4,3528,0.5,0.47391748428344727,1229,643,47.68104149715215,397:563:361:643
clock_motion_e672,fine_grained,672,12,semantic_k4,3528,0.5,0.4102286994457245,1229,738,39.95117982099268,303:552:371:738
clock_motion_e672,fine_grained,672,12,tail_k4,3528,0.5,0.41233453154563904,1229,589,52.07485760781123,392:528:455:589
clock_motion_e672,fine_grained,672,12,random_k2,3528,0.75,0.7117612957954407,1229,353,71.27746135069162,216:302:211:353
clock_motion_e672,fine_grained,672,12,semantic_k2,3528,0.75,0.6483557820320129,1229,407,66.88364524003254,153:323:199:407
clock_motion_e672,fine_grained,672,12,tail_k2,3528,0.75,0.6495133638381958,1229,323,73.71847030105776,220:323:220:319
clock_motion_e672,fine_grained,672,12,random_k1,3528,0.875,0.829571545124054,1229,210,82.91293734743694,121:168:142:210
clock_motion_e672,fine_grained,672,12,semantic_k1,3528,0.875,0.7837876677513123,1229,235,80.87876322213181,103:195:108:235
clock_motion_e672,fine_grained,672,12,tail_k1,3528,0.875,0.7844620943069458,1229,221,82.01790073230268,124:166:130:221
clock_motion_e672,fine_grained,672,12,budget_random_0.01,3528,0.00992063492063492,0.008945069275796413,1229,1213,1.3018714401952791,715:1086:679:1213
clock_motion_e672,fine_grained,672,12,budget_semantic_0.01,3528,0.00992063492063492,0.005573761649429798,1229,1218,0.8950366151342593,711:1085:679:1218
clock_motion_e672,fine_grained,672,12,budget_tail_0.01,3528,0.00992063492063492,0.00623962190002203,1229,1194,2.8478437754271724,720:1095:684:1194
clock_motion_e672,fine_grained,672,12,budget_random_0.02,3528,0.020124716553287982,0.01777837797999382,1229,1202,2.1969080553295384,708:1075:672:1202
clock_motion_e672,fine_grained,672,12,budget_semantic_0.02,3528,0.020124716553287982,0.012163999490439892,1229,1206,1.8714401952807158,703:1071:677:1206
clock_motion_e672,fine_grained,672,12,budget_tail_0.02,3528,0.020124716553287982,0.013643700629472733,1229,1158,5.777054515866553,720:1095:684:1158
clock_motion_e672,fine_grained,672,12,budget_random_0.05,3528,0.049886621315192746,0.04489479586482048,1229,1166,5.126118795768919,690:1038:658:1166
clock_motion_e672,fine_grained,672,12,budget_semantic_0.05,3528,0.049886621315192746,0.03290813788771629,1229,1180,3.9869812855980458,679:1042:651:1180
clock_motion_e672,fine_grained,672,12,budget_tail_0.05,3528,0.049886621315192746,0.0357457771897316,1229,1074,12.611879576891782,720:1074:684:1074
clock_motion_e672,fine_grained,672,12,budget_random_0.10,3528,0.10005668934240362,0.0903397724032402,1229,1128,8.218063466232707,634:1002:611:1128
clock_motion_e672,fine_grained,672,12,budget_semantic_0.10,3528,0.10005668934240362,0.07044368237257004,1229,1132,7.892595606183894,644:990:609:1132
clock_motion_e672,fine_grained,672,12,budget_tail_0.10,3528,0.10005668934240362,0.07459642738103867,1229,986,19.772172497965823,720:985:684:986
clock_motion_e672,fine_grained,672,12,budget_random_0.20,3528,0.20011337868480725,0.1793908327817917,1229,1000,18.63303498779495,556:892:574:1000
clock_motion_e672,fine_grained,672,12,budget_semantic_0.20,3528,0.20011337868480725,0.14978423714637756,1229,1047,14.808787632221321,530:897:548:1047
clock_motion_e672,fine_grained,672,12,budget_tail_0.20,3528,0.20011337868480725,0.15788710117340088,1229,809,34.174125305126125,720:809:684:809
clock_motion_e672,fine_grained,672,12,budget_random_0.30,3528,0.2998866213151927,0.26994338631629944,1229,907,26.20016273393002,513:774:476:907
clock_motion_e672,fine_grained,672,12,budget_semantic_0.30,3528,0.2998866213151927,0.23249876499176025,1229,941,23.433685923515057,465:776:488:941
clock_motion_e672,fine_grained,672,12,budget_tail_0.30,3528,0.2998866213151927,0.24101489782333374,1229,668,45.64686737184703,667:668:667:668
clock_motion_e672,fine_grained,672,12,budget_random_0.40,3528,0.39994331065759636,0.35794198513031006,1229,770,37.34743694060212,435:688:424:770
clock_motion_e672,fine_grained,672,12,budget_semantic_0.40,3528,0.39994331065759636,0.3183387517929077,1229,836,31.977217249796585,387:664:430:836
clock_motion_e672,fine_grained,672,12,budget_tail_0.40,3528,0.39994331065759636,0.3246252238750458,1229,580,52.807160292921075,579:579:579:580
clock_motion_e672,fine_grained,672,12,budget_random_0.50,3528,0.5,0.4479493200778961,1229,629,48.82017900732303,382:575:378:629
clock_motion_e672,fine_grained,672,12,budget_semantic_0.50,3528,0.5,0.40694910287857056,1229,716,41.74125305126118,322:572:354:716
clock_motion_e672,fine_grained,672,12,budget_tail_0.50,3528,0.5,0.41235172748565674,1229,491,60.04882017900732,491:491:491:491
clock_motion_e672,fine_grained,672,24,full_k8,3528,0.0,0.0,1241,1241,0.0,847:860:780:1241
clock_motion_e672,fine_grained,672,24,random_k6,3528,0.25,0.23867270350456238,1241,963,22.401289282836423,654:640:589:963
clock_motion_e672,fine_grained,672,24,semantic_k6,3528,0.25,0.17614731192588806,1241,1042,16.03545527800161,608:613:583:1042
clock_motion_e672,fine_grained,672,24,tail_k6,3528,0.25,0.17888176441192627,1241,766,38.27558420628525,636:711:733:766
clock_motion_e672,fine_grained,672,24,random_k4,3528,0.5,0.4673304557800293,1241,634,48.91216760676873,443:476:411:634
clock_motion_e672,fine_grained,672,24,semantic_k4,3528,0.5,0.36661386489868164,1241,724,41.659951651893635,422:437:381:724
clock_motion_e672,fine_grained,672,24,tail_k4,3528,0.5,0.3687286376953125,1241,537,56.72844480257857,530:446:451:537
clock_motion_e672,fine_grained,672,24,random_k2,3528,0.75,0.7106417417526245,1241,338,72.76390008058019,254:255:235:338
clock_motion_e672,fine_grained,672,24,semantic_k2,3528,0.75,0.5793787240982056,1241,388,68.73489121676069,275:234:185:388
clock_motion_e672,fine_grained,672,24,tail_k2,3528,0.75,0.5807162523269653,1241,317,74.45608380338436,297:223:245:317
clock_motion_e672,fine_grained,672,24,random_k1,3528,0.875,0.8307669758796692,1241,219,82.35294117647058,145:137:140:219
clock_motion_e672,fine_grained,672,24,semantic_k1,3528,0.875,0.7035079598426819,1241,233,81.22481869460113,197:109:102:233
clock_motion_e672,fine_grained,672,24,tail_k1,3528,0.875,0.7041065692901611,1241,193,84.44802578565674,188:139:121:193
clock_motion_e672,fine_grained,672,24,budget_random_0.01,3528,0.00992063492063492,0.007334613706916571,1241,1228,1.0475423045930743,843:850:772:1228
clock_motion_e672,fine_grained,672,24,budget_semantic_0.01,3528,0.00992063492063492,0.00017505395226180553,1241,1231,0.8058017727639033,839:850:773:1231
clock_motion_e672,fine_grained,672,24,budget_tail_0.01,3528,0.00992063492063492,0.00021251419093459845,1241,1206,2.8203062046736505,847:860:780:1206
clock_motion_e672,fine_grained,672,24,budget_random_0.02,3528,0.020124716553287982,0.01520408783107996,1241,1213,2.256244963738918,837:848:759:1213
clock_motion_e672,fine_grained,672,24,budget_semantic_0.02,3528,0.020124716553287982,0.0003934536362066865,1241,1216,2.014504431909747,834:844:763:1216
clock_motion_e672,fine_grained,672,24,budget_tail_0.02,3528,0.020124716553287982,0.0005189438234083354,1241,1170,5.721192586623691,847:860:780:1170
clock_motion_e672,fine_grained,672,24,budget_random_0.05,3528,0.049886621315192746,0.040657784789800644,1241,1187,4.351329572925056,808:817:740:1187
clock_motion_e672,fine_grained,672,24,budget_semantic_0.05,3528,0.049886621315192746,0.0012347010197117925,1241,1175,5.31829170024174,829:824:724:1175
clock_motion_e672,fine_grained,672,24,budget_tail_0.05,3528,0.049886621315192746,0.017544230446219444,1241,1065,14.182111200644643,847:860:780:1065
clock_motion_e672,fine_grained,672,24,budget_random_0.10,3528,0.10005668934240362,0.08097505569458008,1241,1132,8.783239323126512,766:776:701:1132
clock_motion_e672,fine_grained,672,24,budget_semantic_0.10,3528,0.10005668934240362,0.010096848011016846,1241,1140,8.13859790491539,814:738:683:1140
clock_motion_e672,fine_grained,672,24,budget_tail_0.10,3528,0.10005668934240362,0.05798611789941788,1241,888,28.444802578565675,847:860:780:888
clock_motion_e672,fine_grained,672,24,budget_random_0.20,3528,0.20011337868480725,0.16049350798130035,1241,1027,17.244157937147463,693:675:627:1027
clock_motion_e672,fine_grained,672,24,budget_semantic_0.20,3528,0.20011337868480725,0.08076941967010498,1241,1061,14.504431909750204,708:658:595:1061
clock_motion_e672,fine_grained,672,24,budget_tail_0.20,3528,0.20011337868480725,0.10434383898973465,1241,756,39.08138597904915,756:755:755:756
clock_motion_e672,fine_grained,672,24,budget_random_0.30,3528,0.2998866213151927,0.24296756088733673,1241,877,29.33118452860596,641:604:548:877
clock_motion_e672,fine_grained,672,24,budget_semantic_0.30,3528,0.2998866213151927,0.15988527238368988,1241,961,22.562449637389204,629:569:511:961
clock_motion_e672,fine_grained,672,24,budget_tail_0.30,3528,0.2998866213151927,0.16711491346359253,1241,668,46.17244157937147,668:667:667:668
clock_motion_e672,fine_grained,672,24,budget_random_0.40,3528,0.39994331065759636,0.32074302434921265,1241,810,34.730056406124085,533:512:462:810
clock_motion_e672,fine_grained,672,24,budget_semantic_0.40,3528,0.39994331065759636,0.24346615374088287,1241,854,31.184528605962935,555:486:422:854
clock_motion_e672,fine_grained,672,24,budget_tail_0.40,3528,0.39994331065759636,0.24855054914951324,1241,580,53.2634971796938,579:579:579:580
clock_motion_e672,fine_grained,672,24,budget_random_0.50,3528,0.5,0.39922091364860535,1241,643,48.18694601128123,466:445:410:643
clock_motion_e672,fine_grained,672,24,budget_semantic_0.50,3528,0.5,0.330706924200058,1241,726,41.49879129734085,474:397:367:726
clock_motion_e672,fine_grained,672,24,budget_tail_0.50,3528,0.5,0.33469855785369873,1241,491,60.4351329572925,491:491:491:491
clock_motion_e672,fine_grained,672,36,full_k8,3528,0.0,0.0,1096,1096,0.0,860:1096:740:1032
clock_motion_e672,fine_grained,672,36,random_k6,3528,0.25,0.2347695678472519,1096,817,25.456204379562042,633:817:587:809
clock_motion_e672,fine_grained,672,36,semantic_k6,3528,0.25,0.18672241270542145,1096,871,20.529197080291972,548:824:603:871
clock_motion_e672,fine_grained,672,36,tail_k6,3528,0.25,0.18915119767189026,1096,765,30.2007299270073,685:765:696:700
clock_motion_e672,fine_grained,672,36,random_k4,3528,0.5,0.47098252177238464,1096,567,48.26642335766424,451:567:403:543
clock_motion_e672,fine_grained,672,36,semantic_k4,3528,0.5,0.3889658451080322,1096,607,44.61678832116789,367:582:408:607
clock_motion_e672,fine_grained,672,36,tail_k4,3528,0.5,0.39037758111953735,1096,558,49.087591240875916,382:558:486:538
clock_motion_e672,fine_grained,672,36,random_k2,3528,0.75,0.7071258425712585,1096,334,69.52554744525547,231:305:212:334
clock_motion_e672,fine_grained,672,36,semantic_k2,3528,0.75,0.6184585094451904,1096,357,67.42700729927007,169:335:221:357
clock_motion_e672,fine_grained,672,36,tail_k2,3528,0.75,0.6195664405822754,1096,316,71.16788321167884,229:316:238:299
clock_motion_e672,fine_grained,672,36,random_k1,3528,0.875,0.8313886523246765,1096,193,82.3905109489051,164:153:131:193
clock_motion_e672,fine_grained,672,36,semantic_k1,3528,0.875,0.7544030547142029,1096,234,78.64963503649636,95:181:131:234
clock_motion_e672,fine_grained,672,36,tail_k1,3528,0.875,0.7549114227294922,1096,218,80.1094890510949,121:161:141:218
clock_motion_e672,fine_grained,672,36,budget_random_0.01,3528,0.00992063492063492,0.008193335495889187,1096,1089,0.6386861313868564,849:1089:730:1025
clock_motion_e672,fine_grained,672,36,budget_semantic_0.01,3528,0.00992063492063492,0.0032725653145462275,1096,1087,0.821167883211682,848:1087:732:1026
clock_motion_e672,fine_grained,672,36,budget_tail_0.01,3528,0.00992063492063492,0.004763907287269831,1096,1061,3.193430656934304,860:1061:740:1032
clock_motion_e672,fine_grained,672,36,budget_random_0.02,3528,0.020124716553287982,0.01665671169757843,1096,1076,1.8248175182481785,840:1076:727:1014
clock_motion_e672,fine_grained,672,36,budget_semantic_0.02,3528,0.020124716553287982,0.007938886061310768,1096,1081,1.3686131386861367,839:1081:724:1013
clock_motion_e672,fine_grained,672,36,budget_tail_0.02,3528,0.020124716553287982,0.010768544860184193,1096,1029,6.113138686131392,860:1029:740:1028
clock_motion_e672,fine_grained,672,36,budget_random_0.05,3528,0.049886621315192746,0.04367239773273468,1096,1050,4.197080291970801,821:1050:707:974
clock_motion_e672,fine_grained,672,36,budget_semantic_0.05,3528,0.049886621315192746,0.023595117032527924,1096,1066,2.737226277372262,813:1066:685:988
clock_motion_e672,fine_grained,672,36,budget_tail_0.05,3528,0.049886621315192746,0.028752401471138,1096,976,10.948905109489049,860:976:740:976
clock_motion_e672,fine_grained,672,36,budget_random_0.10,3528,0.10005668934240362,0.08707123249769211,1096,997,9.032846715328468,775:997:656:947
clock_motion_e672,fine_grained,672,36,budget_semantic_0.10,3528,0.10005668934240362,0.05493076518177986,1096,1020,6.934306569343063,768:1020:625:962
clock_motion_e672,fine_grained,672,36,budget_tail_0.10,3528,0.10005668934240362,0.0655202642083168,1096,888,18.97810218978102,860:888:740:887
clock_motion_e672,fine_grained,672,36,budget_random_0.20,3528,0.20011337868480725,0.17163878679275513,1096,881,19.61678832116789,684:881:603:854
clock_motion_e672,fine_grained,672,36,budget_semantic_0.20,3528,0.20011337868480725,0.12664158642292023,1096,935,14.689781021897808,668:935:533:886
clock_motion_e672,fine_grained,672,36,budget_tail_0.20,3528,0.20011337868480725,0.1395757496356964,1096,761,30.565693430656935,760:761:740:761
clock_motion_e672,fine_grained,672,36,budget_random_0.30,3528,0.2998866213151927,0.2591986358165741,1096,788,28.102189781021902,589:788:538:755
clock_motion_e672,fine_grained,672,36,budget_semantic_0.30,3528,0.2998866213151927,0.2061641812324524,1096,815,25.638686131386855,586:815:469:800
clock_motion_e672,fine_grained,672,36,budget_tail_0.30,3528,0.2998866213151927,0.21453751623630524,1096,668,39.05109489051095,667:668:667:668
clock_motion_e672,fine_grained,672,36,budget_random_0.40,3528,0.39994331065759636,0.34426721930503845,1096,677,38.22992700729927,507:677:463:670
clock_motion_e672,fine_grained,672,36,budget_semantic_0.40,3528,0.39994331065759636,0.29082152247428894,1096,712,35.03649635036496,481:707:417:712
clock_motion_e672,fine_grained,672,36,budget_tail_0.40,3528,0.39994331065759636,0.2956334054470062,1096,580,47.080291970802925,579:579:579:580
clock_motion_e672,fine_grained,672,36,budget_random_0.50,3528,0.5,0.429525226354599,1096,586,46.53284671532847,427:586:392:559
clock_motion_e672,fine_grained,672,36,budget_semantic_0.50,3528,0.5,0.37863779067993164,1096,622,43.24817518248175,385:597:360:622
clock_motion_e672,fine_grained,672,36,budget_tail_0.50,3528,0.5,0.38180091977119446,1096,491,55.200729927007295,491:491:491:491
clock_motion_e672,fine_grained,672,44,full_k8,3528,0.0,0.0,987,987,0.0,873:952:987:916
clock_motion_e672,fine_grained,672,44,random_k6,3528,0.25,0.23810122907161713,987,766,22.391084093211756,654:710:766:716
clock_motion_e672,fine_grained,672,44,semantic_k6,3528,0.25,0.2068970501422882,987,799,19.047619047619047,596:659:792:799
clock_motion_e672,fine_grained,672,44,tail_k6,3528,0.25,0.20966196060180664,987,815,17.42654508611955,744:815:675:612
clock_motion_e672,fine_grained,672,44,random_k4,3528,0.5,0.4746875762939453,987,541,45.18743667679838,453:502:541:468
clock_motion_e672,fine_grained,672,44,semantic_k4,3528,0.5,0.4258672893047333,987,589,40.3242147922999,424:421:530:589
clock_motion_e672,fine_grained,672,44,tail_k4,3528,0.5,0.4280345141887665,987,568,42.45187436676798,394:478:524:568
clock_motion_e672,fine_grained,672,44,random_k2,3528,0.75,0.7123249173164368,987,287,70.92198581560284,278:251:287:266
clock_motion_e672,fine_grained,672,44,semantic_k2,3528,0.75,0.6633988618850708,987,340,65.55217831813577,234:213:295:340
clock_motion_e672,fine_grained,672,44,tail_k2,3528,0.75,0.6650446653366089,987,322,67.37588652482269,293:238:229:322
clock_motion_e672,fine_grained,672,44,random_k1,3528,0.875,0.8281792402267456,987,190,80.74974670719351,158:148:190:145
clock_motion_e672,fine_grained,672,44,semantic_k1,3528,0.875,0.7948371171951294,987,196,80.1418439716312,135:125:185:196
clock_motion_e672,fine_grained,672,44,tail_k1,3528,0.875,0.7957643866539001,987,190,80.74974670719351,150:158:190:143
clock_motion_e672,fine_grained,672,44,budget_random_0.01,3528,0.00992063492063492,0.00909523107111454,987,976,1.1144883485309065,865:942:976:910
clock_motion_e672,fine_grained,672,44,budget_semantic_0.01,3528,0.00992063492063492,0.00489535229280591,987,981,0.6079027355623046,864:939:981:909
clock_motion_e672,fine_grained,672,44,budget_tail_0.01,3528,0.00992063492063492,0.006224535405635834,987,952,3.546099290780147,873:952:952:916
clock_motion_e672,fine_grained,672,44,budget_random_0.02,3528,0.020124716553287982,0.018058184534311295,987,966,2.127659574468088,852:939:966:900
clock_motion_e672,fine_grained,672,44,budget_semantic_0.02,3528,0.020124716553287982,0.010918189771473408,987,976,1.1144883485309065,851:930:976:900
clock_motion_e672,fine_grained,672,44,budget_tail_0.02,3528,0.020124716553287982,0.012661276385188103,987,934,5.369807497467072,873:934:934:916
clock_motion_e672,fine_grained,672,44,budget_random_0.05,3528,0.049886621315192746,0.04524308815598488,987,945,4.255319148936165,834:908:945:865
clock_motion_e672,fine_grained,672,44,budget_semantic_0.05,3528,0.049886621315192746,0.0309184230864048,987,952,3.546099290780147,824:898:952:878
clock_motion_e672,fine_grained,672,44,budget_tail_0.05,3528,0.049886621315192746,0.03319342061877251,987,893,9.523809523809524,873:893:893:893
clock_motion_e672,fine_grained,672,44,budget_random_0.10,3528,0.10005668934240362,0.0918651595711708,987,905,8.308004052684904,783:861:905:826
clock_motion_e672,fine_grained,672,44,budget_semantic_0.10,3528,0.10005668934240362,0.06883837282657623,987,899,8.915906788247218,786:856:899:834
clock_motion_e672,fine_grained,672,44,budget_tail_0.10,3528,0.10005668934240362,0.07021009176969528,987,844,14.488348530901717,843:844:844:844
clock_motion_e672,fine_grained,672,44,budget_random_0.20,3528,0.20011337868480725,0.18017522990703583,987,800,18.94630192502533,700:780:800:742
clock_motion_e672,fine_grained,672,44,budget_semantic_0.20,3528,0.20011337868480725,0.15208618342876434,987,789,20.06079027355623,686:772:789:775
clock_motion_e672,fine_grained,672,44,budget_tail_0.20,3528,0.20011337868480725,0.15250881016254425,987,756,23.404255319148938,755:755:756:756
clock_motion_e672,fine_grained,672,44,budget_random_0.30,3528,0.2998866213151927,0.2741336226463318,987,708,28.267477203647417,611:675:708:676
clock_motion_e672,fine_grained,672,44,budget_semantic_0.30,3528,0.2998866213151927,0.23968932032585144,987,707,28.36879432624113,609:666:688:707
clock_motion_e672,fine_grained,672,44,budget_tail_0.30,3528,0.2998866213151927,0.23994246125221252,987,668,32.32016210739616,667:667:668:668
clock_motion_e672,fine_grained,672,44,budget_random_0.40,3528,0.39994331065759636,0.3628208339214325,987,620,37.18338399189462,544:580:620:573
clock_motion_e672,fine_grained,672,44,budget_semantic_0.40,3528,0.39994331065759636,0.32977715134620667,987,629,36.27152988855117,537:557:594:629
clock_motion_e672,fine_grained,672,44,budget_tail_0.40,3528,0.39994331065759636,0.3299417793750763,987,580,41.23606889564336,579:579:579:580
clock_motion_e672,fine_grained,672,44,budget_random_0.50,3528,0.5,0.45456182956695557,987,509,48.42958459979737,469:509:509:477
clock_motion_e672,fine_grained,672,44,budget_semantic_0.50,3528,0.5,0.42165619134902954,987,535,45.79533941236069,471:458:500:535
clock_motion_e672,fine_grained,672,44,budget_tail_0.50,3528,0.5,0.42177441716194153,987,491,50.253292806484296,491:491:491:491
clock_motion_e672,fine_grained,672,47,full_k8,3528,0.0,0.0,1263,1263,0.0,1263:766:823:876
clock_motion_e672,fine_grained,672,47,random_k6,3528,0.25,0.23608499765396118,1263,958,24.14885193982581,958:584:615:689
clock_motion_e672,fine_grained,672,47,semantic_k6,3528,0.25,0.2145485132932663,1263,804,36.342042755344416,804:549:706:787
clock_motion_e672,fine_grained,672,47,tail_k6,3528,0.25,0.21730373799800873,1263,769,39.1132224861441,630:739:769:708
clock_motion_e672,fine_grained,672,47,random_k4,3528,0.5,0.47292932868003845,1263,659,47.822644497228815,659:392:441:472
clock_motion_e672,fine_grained,672,47,semantic_k4,3528,0.5,0.4387323558330536,1263,597,52.73159144893111,526:357:484:597
clock_motion_e672,fine_grained,672,47,tail_k4,3528,0.5,0.44136807322502136,1263,580,54.07759303246239,580:477:469:438
clock_motion_e672,fine_grained,672,47,random_k2,3528,0.75,0.7099444270133972,1263,353,72.05067300079176,353:229:242:258
clock_motion_e672,fine_grained,672,47,semantic_k2,3528,0.75,0.6772048473358154,1263,385,69.51702296120348,250:176:271:385
clock_motion_e672,fine_grained,672,47,tail_k2,3528,0.75,0.6788850426673889,1263,322,74.50514647664292,279:266:215:322
clock_motion_e672,fine_grained,672,47,random_k1,3528,0.875,0.8287562131881714,1263,202,84.00633412509897,202:135:147:157
clock_motion_e672,fine_grained,672,47,semantic_k1,3528,0.875,0.8052761554718018,1263,244,80.68091844813935,129:100:168:244
clock_motion_e672,fine_grained,672,47,tail_k1,3528,0.875,0.8066002130508423,1263,183,85.5106888361045,135:164:183:159
clock_motion_e672,fine_grained,672,47,budget_random_0.01,3528,0.00992063492063492,0.009177535772323608,1263,1251,0.9501187648456089,1251:758:813:871
clock_motion_e672,fine_grained,672,47,budget_semantic_0.01,3528,0.00992063492063492,0.006327806040644646,1263,1252,0.8709422011084711,1252:753:819:869
clock_motion_e672,fine_grained,672,47,budget_tail_0.01,3528,0.00992063492063492,0.0070363664999604225,1263,1228,2.771179730799689,1228:766:823:876
clock_motion_e672,fine_grained,672,47,budget_random_0.02,3528,0.020124716553287982,0.018333042040467262,1263,1241,1.7418844022169422,1241:755:804:857
clock_motion_e672,fine_grained,672,47,budget_semantic_0.02,3528,0.020124716553287982,0.013791962526738644,1263,1239,1.9002375296912066,1239:745:815:858
clock_motion_e672,fine_grained,672,47,budget_tail_0.02,3528,0.020124716553287982,0.015141023322939873,1263,1192,5.621536025336504,1192:766:823:876
clock_motion_e672,fine_grained,672,47,budget_random_0.05,3528,0.049886621315192746,0.04611259698867798,1263,1204,4.6714172604908955,1204:724:794:830
clock_motion_e672,fine_grained,672,47,budget_semantic_0.05,3528,0.049886621315192746,0.037099551409482956,1263,1201,4.908946951702298,1201:723:799:829
clock_motion_e672,fine_grained,672,47,budget_tail_0.05,3528,0.049886621315192746,0.03994994983077049,1263,1087,13.935075217735548,1087:766:823:876
clock_motion_e672,fine_grained,672,47,budget_random_0.10,3528,0.10005668934240362,0.09284491837024689,1263,1143,9.501187648456055,1143:686:752:794
clock_motion_e672,fine_grained,672,47,budget_semantic_0.10,3528,0.10005668934240362,0.07844628393650055,1263,1121,11.243072050672998,1121:687:774:793
clock_motion_e672,fine_grained,672,47,budget_tail_0.10,3528,0.10005668934240362,0.08380649238824844,1263,910,27.949326999208235,910:766:823:876
clock_motion_e672,fine_grained,672,47,budget_random_0.20,3528,0.20011337868480725,0.18362726271152496,1263,1022,19.08155186064925,1022:599:673:728
clock_motion_e672,fine_grained,672,47,budget_semantic_0.20,3528,0.20011337868480725,0.16490675508975983,1263,965,23.59461599366588,965:616:713:728
clock_motion_e672,fine_grained,672,47,budget_tail_0.20,3528,0.20011337868480725,0.16790804266929626,1263,756,40.142517814726844,756:755:755:756
clock_motion_e672,fine_grained,672,47,budget_random_0.30,3528,0.2998866213151927,0.2760019898414612,1263,889,29.61203483768804,889:560:592:629
clock_motion_e672,fine_grained,672,47,budget_semantic_0.30,3528,0.2998866213151927,0.2537330389022827,1263,830,34.283452098178934,830:540:645:655
clock_motion_e672,fine_grained,672,47,budget_tail_0.30,3528,0.2998866213151927,0.2547808587551117,1263,668,47.11005542359462,668:667:667:668
clock_motion_e672,fine_grained,672,47,budget_random_0.40,3528,0.39994331065759636,0.3685629665851593,1263,796,36.975455265241486,796:470:506:545
clock_motion_e672,fine_grained,672,47,budget_semantic_0.40,3528,0.39994331065759636,0.34448209404945374,1263,691,45.28899445764054,691:457:558:611
clock_motion_e672,fine_grained,672,47,budget_tail_0.40,3528,0.39994331065759636,0.3451988697052002,1263,580,54.07759303246239,580:579:579:579
clock_motion_e672,fine_grained,672,47,budget_random_0.50,3528,0.5,0.46025240421295166,1263,630,50.1187648456057,630:381:455:498
clock_motion_e672,fine_grained,672,47,budget_semantic_0.50,3528,0.5,0.43682947754859924,1263,574,54.552652414885195,574:377:472:541
clock_motion_e672,fine_grained,672,47,budget_tail_0.50,3528,0.5,0.4374849796295166,1263,491,61.124307205067296,491:491:491:491
chessboard_GRAY_e336,chart_document,336,4,full_k8,800,0.0,0.0,408,408,0.0,126:250:216:408
chessboard_GRAY_e336,chart_document,336,4,random_k6,800,0.25,0.20305773615837097,408,323,20.833333333333336,108:187:182:323
chessboard_GRAY_e336,chart_document,336,4,semantic_k6,800,0.25,0.1680806279182434,408,349,14.460784313725494,87:191:173:349
chessboard_GRAY_e336,chart_document,336,4,tail_k6,800,0.25,0.1707673966884613,408,289,29.166666666666664,118:199:194:289
chessboard_GRAY_e336,chart_document,336,4,random_k4,800,0.5,0.40244022011756897,408,243,40.44117647058824,76:145:136:243
chessboard_GRAY_e336,chart_document,336,4,semantic_k4,800,0.5,0.34772107005119324,408,264,35.29411764705882,65:134:137:264
chessboard_GRAY_e336,chart_document,336,4,tail_k4,800,0.5,0.34998583793640137,408,222,45.58823529411765,90:151:137:222
chessboard_GRAY_e336,chart_document,336,4,random_k2,800,0.75,0.6034941077232361,408,143,64.95098039215686,71:92:94:143
chessboard_GRAY_e336,chart_document,336,4,semantic_k2,800,0.75,0.5445226430892944,408,183,55.14705882352941,49:80:88:183
chessboard_GRAY_e336,chart_document,336,4,tail_k2,800,0.75,0.5457868576049805,408,151,62.99019607843137,59:97:93:151
chessboard_GRAY_e336,chart_document,336,4,random_k1,800,0.875,0.7012792825698853,408,111,72.79411764705883,43:71:75:111
chessboard_GRAY_e336,chart_document,336,4,semantic_k1,800,0.875,0.6547648906707764,408,132,67.64705882352942,43:51:74:132
chessboard_GRAY_e336,chart_document,336,4,tail_k1,800,0.875,0.6552435159683228,408,121,70.34313725490196,47:53:79:121
chessboard_GRAY_e336,chart_document,336,4,budget_random_0.01,800,0.01,0.007841534912586212,408,406,0.4901960784313708,126:245:215:406
chessboard_GRAY_e336,chart_document,336,4,budget_semantic_0.01,800,0.01,0.0031881914474070072,408,405,0.7352941176470562,123:248:216:405
chessboard_GRAY_e336,chart_document,336,4,budget_tail_0.01,800,0.01,0.004272396210581064,408,400,1.9607843137254943,126:250:216:400
chessboard_GRAY_e336,chart_document,336,4,budget_random_0.02,800,0.02,0.015264167450368404,408,398,2.450980392156865,125:247:214:398
chessboard_GRAY_e336,chart_document,336,4,budget_semantic_0.02,800,0.02,0.007246187888085842,408,404,0.9803921568627416,121:244:215:404
chessboard_GRAY_e336,chart_document,336,4,budget_tail_0.02,800,0.02,0.010177230462431908,408,392,3.9215686274509776,126:250:216:392
chessboard_GRAY_e336,chart_document,336,4,budget_random_0.05,800,0.05,0.03635498136281967,408,396,2.941176470588236,122:239:203:396
chessboard_GRAY_e336,chart_document,336,4,budget_semantic_0.05,800,0.05,0.02368689700961113,408,395,3.1862745098039214,119:239:207:395
chessboard_GRAY_e336,chart_document,336,4,budget_tail_0.05,800,0.05,0.02933051623404026,408,368,9.80392156862745,126:250:216:368
chessboard_GRAY_e336,chart_document,336,4,budget_random_0.10,800,0.1,0.0730590894818306,408,378,7.352941176470584,118:223:201:378
chessboard_GRAY_e336,chart_document,336,4,budget_semantic_0.10,800,0.1,0.05487682297825813,408,377,7.59803921568627,116:228:199:377
chessboard_GRAY_e336,chart_document,336,4,budget_tail_0.10,800,0.1,0.06392905861139297,408,328,19.6078431372549,126:250:216:328
chessboard_GRAY_e336,chart_document,336,4,budget_random_0.20,800,0.2,0.15049542486667633,408,341,16.421568627450977,107:205:187:341
chessboard_GRAY_e336,chart_document,336,4,budget_semantic_0.20,800,0.2,0.12251865863800049,408,343,15.931372549019606,101:210:186:343
chessboard_GRAY_e336,chart_document,336,4,budget_tail_0.20,800,0.2,0.1377447247505188,408,249,38.970588235294116,126:249:216:249
chessboard_GRAY_e336,chart_document,336,4,budget_random_0.30,800,0.3,0.22269213199615479,408,312,23.529411764705888,94:182:172:312
chessboard_GRAY_e336,chart_document,336,4,budget_semantic_0.30,800,0.3,0.19328555464744568,408,318,22.058823529411764,86:183:173:318
chessboard_GRAY_e336,chart_document,336,4,budget_tail_0.30,800,0.3,0.20631782710552216,408,212,48.0392156862745,126:211:211:212
chessboard_GRAY_e336,chart_document,336,4,budget_random_0.40,800,0.4,0.29802125692367554,408,280,31.372549019607842,86:158:156:280
chessboard_GRAY_e336,chart_document,336,4,budget_semantic_0.40,800,0.4,0.2661532461643219,408,295,27.696078431372552,72:153:160:295
chessboard_GRAY_e336,chart_document,336,4,budget_tail_0.40,800,0.4,0.27867740392684937,408,185,54.656862745098046,126:185:184:185
chessboard_GRAY_e336,chart_document,336,4,budget_random_0.50,800,0.5,0.37331146001815796,408,247,39.4607843137255,72:146:135:247
chessboard_GRAY_e336,chart_document,336,4,budget_semantic_0.50,800,0.5,0.3414463400840759,408,263,35.5392156862745,67:133:137:263
chessboard_GRAY_e336,chart_document,336,4,budget_tail_0.50,800,0.5,0.35550451278686523,408,158,61.274509803921575,126:158:158:158
chessboard_GRAY_e336,chart_document,336,12,full_k8,800,0.0,0.0,294,294,0.0,246:250:210:294
chessboard_GRAY_e336,chart_document,336,12,random_k6,800,0.25,0.19871161878108978,294,236,19.727891156462583,187:200:177:236
chessboard_GRAY_e336,chart_document,336,12,semantic_k6,800,0.25,0.1677902191877365,294,250,14.965986394557829,181:195:174:250
chessboard_GRAY_e336,chart_document,336,12,tail_k6,800,0.25,0.17002329230308533,294,215,26.870748299319725,170:213:202:215
chessboard_GRAY_e336,chart_document,336,12,random_k4,800,0.5,0.401435524225235,294,178,39.455782312925166,140:141:141:178
chessboard_GRAY_e336,chart_document,336,12,semantic_k4,800,0.5,0.34763213992118835,294,185,37.074829931972786,131:135:149:185
chessboard_GRAY_e336,chart_document,336,12,tail_k4,800,0.5,0.3490676283836365,294,168,42.85714285714286,153:147:132:168
chessboard_GRAY_e336,chart_document,336,12,random_k2,800,0.75,0.6013314723968506,294,121,58.843537414965986,82:100:97:121
chessboard_GRAY_e336,chart_document,336,12,semantic_k2,800,0.75,0.5468197464942932,294,120,59.183673469387756,94:86:100:120
chessboard_GRAY_e336,chart_document,336,12,tail_k2,800,0.75,0.5479695796966553,294,111,62.244897959183675,106:77:106:111
chessboard_GRAY_e336,chart_document,336,12,random_k1,800,0.875,0.70361328125,294,96,67.34693877551021,51:72:81:96
chessboard_GRAY_e336,chart_document,336,12,semantic_k1,800,0.875,0.6587724089622498,294,87,70.40816326530613,70:61:82:87
chessboard_GRAY_e336,chart_document,336,12,tail_k1,800,0.875,0.6591438055038452,294,84,71.42857142857143,74:60:84:82
chessboard_GRAY_e336,chart_document,336,12,budget_random_0.01,800,0.01,0.007478085346519947,294,291,1.0204081632653073,244:249:208:291
chessboard_GRAY_e336,chart_document,336,12,budget_semantic_0.01,800,0.01,0.004235884640365839,294,294,0.0,242:249:207:294
chessboard_GRAY_e336,chart_document,336,12,budget_tail_0.01,800,0.01,0.005866999737918377,294,286,2.7210884353741527,246:250:210:286
chessboard_GRAY_e336,chart_document,336,12,budget_random_0.02,800,0.02,0.014850504696369171,294,290,1.3605442176870763,242:244:208:290
chessboard_GRAY_e336,chart_document,336,12,budget_semantic_0.02,800,0.02,0.009731804020702839,294,292,0.6802721088435382,240:248:204:292
chessboard_GRAY_e336,chart_document,336,12,budget_tail_0.02,800,0.02,0.012280689552426338,294,278,5.442176870748295,246:250:210:278
chessboard_GRAY_e336,chart_document,336,12,budget_random_0.05,800,0.05,0.03741198033094406,294,279,5.102040816326525,234:242:205:279
chessboard_GRAY_e336,chart_document,336,12,budget_semantic_0.05,800,0.05,0.027889659628272057,294,287,2.3809523809523836,231:240:202:287
chessboard_GRAY_e336,chart_document,336,12,budget_tail_0.05,800,0.05,0.03251929208636284,294,254,13.605442176870753,246:250:210:254
chessboard_GRAY_e336,chart_document,336,12,budget_random_0.10,800,0.1,0.0754513218998909,294,266,9.523809523809524,225:231:198:266
chessboard_GRAY_e336,chart_document,336,12,budget_semantic_0.10,800,0.1,0.05993008241057396,294,275,6.4625850340136015,221:227:197:275
chessboard_GRAY_e336,chart_document,336,12,budget_tail_0.10,800,0.1,0.06336791813373566,294,237,19.387755102040817,236:237:210:237
chessboard_GRAY_e336,chart_document,336,12,budget_random_0.20,800,0.2,0.1517440229654312,294,241,18.02721088435374,210:213:176:241
chessboard_GRAY_e336,chart_document,336,12,budget_semantic_0.20,800,0.2,0.12758810818195343,294,253,13.945578231292522,198:207:182:253
chessboard_GRAY_e336,chart_document,336,12,budget_tail_0.20,800,0.2,0.13093703985214233,294,210,28.57142857142857,210:210:210:210
chessboard_GRAY_e336,chart_document,336,12,budget_random_0.30,800,0.3,0.22284691035747528,294,214,27.210884353741495,194:181:171:214
chessboard_GRAY_e336,chart_document,336,12,budget_semantic_0.30,800,0.3,0.19751156866550446,294,226,23.129251700680275,177:186:171:226
chessboard_GRAY_e336,chart_document,336,12,budget_tail_0.30,800,0.3,0.19887126982212067,294,190,35.37414965986394,190:190:190:190
chessboard_GRAY_e336,chart_document,336,12,budget_random_0.40,800,0.4,0.29968079924583435,294,195,33.673469387755105,171:170:144:195
chessboard_GRAY_e336,chart_document,336,12,budget_semantic_0.40,800,0.4,0.269644170999527,294,203,30.952380952380953,157:160:160:203
chessboard_GRAY_e336,chart_document,336,12,budget_tail_0.40,800,0.4,0.27047085762023926,294,170,42.17687074829932,170:170:170:170
chessboard_GRAY_e336,chart_document,336,12,budget_random_0.50,800,0.5,0.37536123394966125,294,180,38.775510204081634,148:138:134:180
chessboard_GRAY_e336,chart_document,336,12,budget_semantic_0.50,800,0.5,0.3440187871456146,294,174,40.816326530612244,143:143:140:174
chessboard_GRAY_e336,chart_document,336,12,budget_tail_0.50,800,0.5,0.3446906805038452,294,150,48.97959183673469,150:150:150:150
chessboard_GRAY_e336,chart_document,336,24,full_k8,800,0.0,0.0,294,294,0.0,219:278:209:294
chessboard_GRAY_e336,chart_document,336,24,random_k6,800,0.25,0.21047519147396088,294,234,20.408163265306122,176:223:167:234
chessboard_GRAY_e336,chart_document,336,24,semantic_k6,800,0.25,0.1624101847410202,294,253,13.945578231292522,155:214:178:253
chessboard_GRAY_e336,chart_document,336,24,tail_k6,800,0.25,0.16499795019626617,294,222,24.489795918367353,196:181:201:222
chessboard_GRAY_e336,chart_document,336,24,random_k4,800,0.5,0.4054882526397705,294,172,41.49659863945578,128:160:140:172
chessboard_GRAY_e336,chart_document,336,24,semantic_k4,800,0.5,0.33685991168022156,294,203,30.952380952380953,100:157:140:203
chessboard_GRAY_e336,chart_document,336,24,tail_k4,800,0.5,0.3388485014438629,294,165,43.87755102040817,127:149:159:165
chessboard_GRAY_e336,chart_document,336,24,random_k2,800,0.75,0.6035657525062561,294,120,59.183673469387756,87:103:90:120
chessboard_GRAY_e336,chart_document,336,24,semantic_k2,800,0.75,0.5298043489456177,294,137,53.40136054421769,73:92:98:137
chessboard_GRAY_e336,chart_document,336,24,tail_k2,800,0.75,0.5305668115615845,294,124,57.82312925170068,86:96:94:124
chessboard_GRAY_e336,chart_document,336,24,random_k1,800,0.875,0.6967257261276245,294,102,65.3061224489796,63:65:70:102
chessboard_GRAY_e336,chart_document,336,24,semantic_k1,800,0.875,0.6410428285598755,294,111,62.244897959183675,51:65:73:111
chessboard_GRAY_e336,chart_document,336,24,tail_k1,800,0.875,0.6416058540344238,294,103,64.96598639455782,58:62:77:103
chessboard_GRAY_e336,chart_document,336,24,budget_random_0.01,800,0.01,0.007744878996163607,294,291,1.0204081632653073,218:276:207:291
chessboard_GRAY_e336,chart_document,336,24,budget_semantic_0.01,800,0.01,0.0017253904370591044,294,292,0.6802721088435382,216:276:208:292
chessboard_GRAY_e336,chart_document,336,24,budget_tail_0.01,800,0.01,0.002166143385693431,294,286,2.7210884353741527,219:278:209:286
chessboard_GRAY_e336,chart_document,336,24,budget_random_0.02,800,0.02,0.014100329950451851,294,286,2.7210884353741527,219:271:208:286
chessboard_GRAY_e336,chart_document,336,24,budget_semantic_0.02,800,0.02,0.0036048407200723886,294,289,1.7006802721088454,214:273:208:289
chessboard_GRAY_e336,chart_document,336,24,budget_tail_0.02,800,0.02,0.0073779793456196785,294,278,5.442176870748295,219:278:209:278
chessboard_GRAY_e336,chart_document,336,24,budget_random_0.05,800,0.05,0.03536684438586235,294,277,5.782312925170063,211:268:204:277
chessboard_GRAY_e336,chart_document,336,24,budget_semantic_0.05,800,0.05,0.01426334772258997,294,283,3.74149659863946,208:266:203:283
chessboard_GRAY_e336,chart_document,336,24,budget_tail_0.05,800,0.05,0.020870942622423172,294,266,9.523809523809524,219:266:209:266
chessboard_GRAY_e336,chart_document,336,24,budget_random_0.10,800,0.1,0.07273820787668228,294,278,5.442176870748295,200:250:192:278
chessboard_GRAY_e336,chart_document,336,24,budget_semantic_0.10,800,0.1,0.04401393234729767,294,274,6.802721088435371,200:254:192:274
chessboard_GRAY_e336,chart_document,336,24,budget_tail_0.10,800,0.1,0.05313827469944954,294,246,16.326530612244895,219:246:209:246
chessboard_GRAY_e336,chart_document,336,24,budget_random_0.20,800,0.2,0.14615505933761597,294,247,15.986394557823125,181:233:179:247
chessboard_GRAY_e336,chart_document,336,24,budget_semantic_0.20,800,0.2,0.10980741679668427,294,252,14.28571428571429,176:232:180:252
chessboard_GRAY_e336,chart_document,336,24,budget_tail_0.20,800,0.2,0.11810439079999924,294,211,28.2312925170068,210:210:209:211
chessboard_GRAY_e336,chart_document,336,24,budget_random_0.30,800,0.3,0.21912817656993866,294,227,22.789115646258505,152:207:174:227
chessboard_GRAY_e336,chart_document,336,24,budget_semantic_0.30,800,0.3,0.179330974817276,294,236,19.727891156462583,151:207:166:236
chessboard_GRAY_e336,chart_document,336,24,budget_tail_0.30,800,0.3,0.1831129789352417,294,190,35.37414965986394,190:190:190:190
chessboard_GRAY_e336,chart_document,336,24,budget_random_0.40,800,0.4,0.29290059208869934,294,209,28.91156462585034,148:174:149:209
chessboard_GRAY_e336,chart_document,336,24,budget_semantic_0.40,800,0.4,0.25132694840431213,294,214,27.210884353741495,128:182:156:214
chessboard_GRAY_e336,chart_document,336,24,budget_tail_0.40,800,0.4,0.25440236926078796,294,170,42.17687074829932,170:170:170:170
chessboard_GRAY_e336,chart_document,336,24,budget_random_0.50,800,0.5,0.3672461211681366,294,187,36.39455782312925,130:158:125:187
chessboard_GRAY_e336,chart_document,336,24,budget_semantic_0.50,800,0.5,0.325573205947876,294,198,32.6530612244898,105:158:139:198
chessboard_GRAY_e336,chart_document,336,24,budget_tail_0.50,800,0.5,0.32887914776802063,294,150,48.97959183673469,150:150:150:150
chessboard_GRAY_e336,chart_document,336,36,full_k8,800,0.0,0.0,322,322,0.0,211:282:185:322
chessboard_GRAY_e336,chart_document,336,36,random_k6,800,0.25,0.19397857785224915,322,262,18.633540372670808,168:211:159:262
chessboard_GRAY_e336,chart_document,336,36,semantic_k6,800,0.25,0.1568690836429596,322,289,10.248447204968947,157:199:155:289
chessboard_GRAY_e336,chart_document,336,36,tail_k6,800,0.25,0.15910325944423676,322,242,24.84472049689441,190:192:176:242
chessboard_GRAY_e336,chart_document,336,36,random_k4,800,0.5,0.38898083567619324,322,210,34.78260869565217,120:149:121:210
chessboard_GRAY_e336,chart_document,336,36,semantic_k4,800,0.5,0.32629725337028503,322,218,32.298136645962735,116:146:120:218
chessboard_GRAY_e336,chart_document,336,36,tail_k4,800,0.5,0.3280907869338989,322,186,42.2360248447205,143:150:121:186
chessboard_GRAY_e336,chart_document,336,36,random_k2,800,0.75,0.5935440063476562,322,140,56.52173913043479,89:85:86:140
chessboard_GRAY_e336,chart_document,336,36,semantic_k2,800,0.75,0.5163679122924805,322,160,50.31055900621118,74:81:85:160
chessboard_GRAY_e336,chart_document,336,36,tail_k2,800,0.75,0.5171156525611877,322,138,57.14285714285714,78:91:93:138
chessboard_GRAY_e336,chart_document,336,36,random_k1,800,0.875,0.7000471353530884,322,91,71.73913043478262,67:68:74:91
chessboard_GRAY_e336,chart_document,336,36,semantic_k1,800,0.875,0.6266511082649231,322,127,60.55900621118012,58:48:67:127
chessboard_GRAY_e336,chart_document,336,36,tail_k1,800,0.875,0.6272190809249878,322,113,64.90683229813665,63:56:68:113
chessboard_GRAY_e336,chart_document,336,36,budget_random_0.01,800,0.01,0.007504236418753862,322,320,0.6211180124223614,211:278:183:320
chessboard_GRAY_e336,chart_document,336,36,budget_semantic_0.01,800,0.01,0.0017872393364086747,322,322,0.0,210:279:181:322
chessboard_GRAY_e336,chart_document,336,36,budget_tail_0.01,800,0.01,0.0026057043578475714,322,314,2.4844720496894457,211:282:185:314
chessboard_GRAY_e336,chart_document,336,36,budget_random_0.02,800,0.02,0.01356562227010727,322,317,1.552795031055898,207:278:182:317
chessboard_GRAY_e336,chart_document,336,36,budget_semantic_0.02,800,0.02,0.003971450496464968,322,318,1.2422360248447228,210:276:180:318
chessboard_GRAY_e336,chart_document,336,36,budget_tail_0.02,800,0.02,0.007590722758322954,322,306,4.968944099378881,211:282:185:306
chessboard_GRAY_e336,chart_document,336,36,budget_random_0.05,800,0.05,0.03781939670443535,322,310,3.7267080745341574,202:272:176:310
chessboard_GRAY_e336,chart_document,336,36,budget_semantic_0.05,800,0.05,0.014635208062827587,322,313,2.795031055900621,206:267:174:313
chessboard_GRAY_e336,chart_document,336,36,budget_tail_0.05,800,0.05,0.02480732463300228,322,282,12.422360248447205,211:282:185:282
chessboard_GRAY_e336,chart_document,336,36,budget_random_0.10,800,0.1,0.07193838804960251,322,299,7.14285714285714,191:259:171:299
chessboard_GRAY_e336,chart_document,336,36,budget_semantic_0.10,800,0.1,0.0407237783074379,322,298,7.453416149068326,197:257:168:298
chessboard_GRAY_e336,chart_document,336,36,budget_tail_0.10,800,0.1,0.04947816580533981,322,262,18.633540372670808,211:262:185:262
chessboard_GRAY_e336,chart_document,336,36,budget_random_0.20,800,0.2,0.14449071884155273,322,281,12.73291925465838,174:224:161:281
chessboard_GRAY_e336,chart_document,336,36,budget_semantic_0.20,800,0.2,0.10028696805238724,322,273,15.217391304347828,180:227:160:273
chessboard_GRAY_e336,chart_document,336,36,budget_tail_0.20,800,0.2,0.11423107981681824,322,222,31.055900621118017,211:222:185:222
chessboard_GRAY_e336,chart_document,336,36,budget_random_0.30,800,0.3,0.21345999836921692,322,249,22.670807453416153,165:208:138:249
chessboard_GRAY_e336,chart_document,336,36,budget_semantic_0.30,800,0.3,0.1665252149105072,322,247,23.291925465838514,167:198:148:247
chessboard_GRAY_e336,chart_document,336,36,budget_tail_0.30,800,0.3,0.1800157129764557,322,192,40.37267080745342,191:192:185:192
chessboard_GRAY_e336,chart_document,336,36,budget_random_0.40,800,0.4,0.28399983048439026,322,232,27.95031055900621,141:175:132:232
chessboard_GRAY_e336,chart_document,336,36,budget_semantic_0.40,800,0.4,0.2373487502336502,322,232,27.95031055900621,144:175:129:232
chessboard_GRAY_e336,chart_document,336,36,budget_tail_0.40,800,0.4,0.2444399744272232,322,170,47.20496894409938,170:170:170:170
chessboard_GRAY_e336,chart_document,336,36,budget_random_0.50,800,0.5,0.3558313846588135,322,210,34.78260869565217,121:155:114:210
chessboard_GRAY_e336,chart_document,336,36,budget_semantic_0.50,800,0.5,0.31138408184051514,322,217,32.608695652173914,123:144:116:217
chessboard_GRAY_e336,chart_document,336,36,budget_tail_0.50,800,0.5,0.3166375756263733,322,150,53.41614906832298,150:150:150:150
chessboard_GRAY_e336,chart_document,336,44,full_k8,800,0.0,0.0,273,273,0.0,246:273:273:208
chessboard_GRAY_e336,chart_document,336,44,random_k6,800,0.25,0.20044824481010437,273,221,19.047619047619047,198:204:221:177
chessboard_GRAY_e336,chart_document,336,44,semantic_k6,800,0.25,0.1698370724916458,273,223,18.315018315018317,192:201:223:184
chessboard_GRAY_e336,chart_document,336,44,tail_k6,800,0.25,0.17140710353851318,273,214,21.611721611721613,178:207:214:201
chessboard_GRAY_e336,chart_document,336,44,random_k4,800,0.5,0.40105128288269043,273,160,41.39194139194139,152:160:160:128
chessboard_GRAY_e336,chart_document,336,44,semantic_k4,800,0.5,0.3514938950538635,273,156,42.85714285714286,152:153:156:139
chessboard_GRAY_e336,chart_document,336,44,tail_k4,800,0.5,0.3530785143375397,273,161,41.02564102564102,161:136:151:152
chessboard_GRAY_e336,chart_document,336,44,random_k2,800,0.75,0.600491464138031,273,112,58.97435897435898,101:104:112:83
chessboard_GRAY_e336,chart_document,336,44,semantic_k2,800,0.75,0.5541051626205444,273,107,60.80586080586081,91:102:107:100
chessboard_GRAY_e336,chart_document,336,44,tail_k2,800,0.75,0.5553796291351318,273,111,59.34065934065934,101:101:87:111
chessboard_GRAY_e336,chart_document,336,44,random_k1,800,0.875,0.6985248923301697,273,91,66.66666666666667,77:70:91:62
chessboard_GRAY_e336,chart_document,336,44,semantic_k1,800,0.875,0.667306125164032,273,82,69.96336996336996,71:70:77:82
chessboard_GRAY_e336,chart_document,336,44,tail_k1,800,0.875,0.6682866215705872,273,78,71.42857142857143,75:77:78:70
chessboard_GRAY_e336,chart_document,336,44,budget_random_0.01,800,0.01,0.008482679724693298,273,271,0.73260073260073,245:271:270:206
chessboard_GRAY_e336,chart_document,336,44,budget_semantic_0.01,800,0.01,0.004048866219818592,273,272,0.366300366300365,245:270:272:205
chessboard_GRAY_e336,chart_document,336,44,budget_tail_0.01,800,0.01,0.004604639019817114,273,269,1.46520146520146,246:269:269:208
chessboard_GRAY_e336,chart_document,336,44,budget_random_0.02,800,0.02,0.015081096440553665,273,271,0.73260073260073,241:271:267:205
chessboard_GRAY_e336,chart_document,336,44,budget_semantic_0.02,800,0.02,0.009201168082654476,273,271,0.73260073260073,245:265:271:203
chessboard_GRAY_e336,chart_document,336,44,budget_tail_0.02,800,0.02,0.010175629518926144,273,265,2.930402930402931,246:265:265:208
chessboard_GRAY_e336,chart_document,336,44,budget_random_0.05,800,0.05,0.03809076547622681,273,264,3.296703296703296,237:264:263:196
chessboard_GRAY_e336,chart_document,336,44,budget_semantic_0.05,800,0.05,0.026343870908021927,273,265,2.930402930402931,241:256:265:198
chessboard_GRAY_e336,chart_document,336,44,budget_tail_0.05,800,0.05,0.028340067714452744,273,253,7.326007326007322,246:253:253:208
chessboard_GRAY_e336,chart_document,336,44,budget_random_0.10,800,0.1,0.07528623938560486,273,254,6.959706959706957,233:254:242:191
chessboard_GRAY_e336,chart_document,336,44,budget_semantic_0.10,800,0.1,0.05740559473633766,273,255,6.593406593406592,230:247:255:188
chessboard_GRAY_e336,chart_document,336,44,budget_tail_0.10,800,0.1,0.06058652326464653,273,238,12.82051282051282,237:237:238:208
chessboard_GRAY_e336,chart_document,336,44,budget_random_0.20,800,0.2,0.15278159081935883,273,229,16.117216117216117,209:229:225:177
chessboard_GRAY_e336,chart_document,336,44,budget_semantic_0.20,800,0.2,0.12543167173862457,273,234,14.28571428571429,209:220:234:177
chessboard_GRAY_e336,chart_document,336,44,budget_tail_0.20,800,0.2,0.12977862358093262,273,211,22.710622710622708,210:211:211:208
chessboard_GRAY_e336,chart_document,336,44,budget_random_0.30,800,0.3,0.22801752388477325,273,209,23.44322344322345,189:209:199:163
chessboard_GRAY_e336,chart_document,336,44,budget_semantic_0.30,800,0.3,0.19749866425991058,273,203,25.64102564102564,193:203:201:163
chessboard_GRAY_e336,chart_document,336,44,budget_tail_0.30,800,0.3,0.19897250831127167,273,190,30.402930402930405,190:190:190:190
chessboard_GRAY_e336,chart_document,336,44,budget_random_0.40,800,0.4,0.304963082075119,273,184,32.6007326007326,165:184:183:148
chessboard_GRAY_e336,chart_document,336,44,budget_semantic_0.40,800,0.4,0.271964967250824,273,181,33.6996336996337,173:179:181:147
chessboard_GRAY_e336,chart_document,336,44,budget_tail_0.40,800,0.4,0.272602915763855,273,170,37.72893772893773,170:170:170:170
chessboard_GRAY_e336,chart_document,336,44,budget_random_0.50,800,0.5,0.37928667664527893,273,166,39.1941391941392,145:146:166:143
chessboard_GRAY_e336,chart_document,336,44,budget_semantic_0.50,800,0.5,0.34847626090049744,273,162,40.65934065934066,153:155:162:130
chessboard_GRAY_e336,chart_document,336,44,budget_tail_0.50,800,0.5,0.34890246391296387,273,150,45.05494505494505,150:150:150:150
chessboard_GRAY_e336,chart_document,336,47,full_k8,800,0.0,0.0,322,322,0.0,322:245:152:281
chessboard_GRAY_e336,chart_document,336,47,random_k6,800,0.25,0.19837036728858948,322,260,19.254658385093173,260:193:122:225
chessboard_GRAY_e336,chart_document,336,47,semantic_k6,800,0.25,0.17403775453567505,322,256,20.496894409937894,222:193:129:256
chessboard_GRAY_e336,chart_document,336,47,tail_k6,800,0.25,0.17603832483291626,322,225,30.124223602484467,225:216:150:209
chessboard_GRAY_e336,chart_document,336,47,random_k4,800,0.5,0.3985680639743805,322,181,43.7888198757764,180:143:96:181
chessboard_GRAY_e336,chart_document,336,47,semantic_k4,800,0.5,0.35860612988471985,322,198,38.50931677018633,165:135:102:198
chessboard_GRAY_e336,chart_document,336,47,tail_k4,800,0.5,0.36046838760375977,322,166,48.4472049689441,164:142:128:166
chessboard_GRAY_e336,chart_document,336,47,random_k2,800,0.75,0.5990251898765564,322,117,63.66459627329193,115:96:72:117
chessboard_GRAY_e336,chart_document,336,47,semantic_k2,800,0.75,0.5607722401618958,322,142,55.90062111801242,99:84:75:142
chessboard_GRAY_e336,chart_document,336,47,tail_k2,800,0.75,0.5623975992202759,322,114,64.59627329192547,101:93:92:114
chessboard_GRAY_e336,chart_document,336,47,random_k1,800,0.875,0.7024388313293457,322,86,73.29192546583852,81:72:61:86
chessboard_GRAY_e336,chart_document,336,47,semantic_k1,800,0.875,0.6712665557861328,322,106,67.0807453416149,79:61:54:106
chessboard_GRAY_e336,chart_document,336,47,tail_k1,800,0.875,0.6720713973045349,322,94,70.80745341614907,74:67:65:94
chessboard_GRAY_e336,chart_document,336,47,budget_random_0.01,800,0.01,0.008071625605225563,322,320,0.6211180124223614,320:241:151:280
chessboard_GRAY_e336,chart_document,336,47,budget_semantic_0.01,800,0.01,0.004801427945494652,322,319,0.9316770186335366,319:243:152:278
chessboard_GRAY_e336,chart_document,336,47,budget_tail_0.01,800,0.01,0.00519908033311367,322,314,2.4844720496894457,314:245:152:281
chessboard_GRAY_e336,chart_document,336,47,budget_random_0.02,800,0.02,0.015313636511564255,322,314,2.4844720496894457,314:243:149:278
chessboard_GRAY_e336,chart_document,336,47,budget_semantic_0.02,800,0.02,0.010293097235262394,322,314,2.4844720496894457,314:241:152:277
chessboard_GRAY_e336,chart_document,336,47,budget_tail_0.02,800,0.02,0.011055108159780502,322,306,4.968944099378881,306:245:152:281
chessboard_GRAY_e336,chart_document,336,47,budget_random_0.05,800,0.05,0.03841063007712364,322,310,3.7267080745341574,310:232:147:271
chessboard_GRAY_e336,chart_document,336,47,budget_semantic_0.05,800,0.05,0.028335021808743477,322,297,7.7639751552795015,297:236:152:275
chessboard_GRAY_e336,chart_document,336,47,budget_tail_0.05,800,0.05,0.030608071014285088,322,282,12.422360248447205,282:245:152:281
chessboard_GRAY_e336,chart_document,336,47,budget_random_0.10,800,0.1,0.07575834542512894,322,295,8.385093167701863,295:219:140:266
chessboard_GRAY_e336,chart_document,336,47,budget_semantic_0.10,800,0.1,0.061696384102106094,322,285,11.49068322981367,285:226:147:262
chessboard_GRAY_e336,chart_document,336,47,budget_tail_0.10,800,0.1,0.0638415515422821,322,262,18.633540372670808,262:245:152:261
chessboard_GRAY_e336,chart_document,336,47,budget_random_0.20,800,0.2,0.15337735414505005,322,269,16.45962732919255,269:209:131:231
chessboard_GRAY_e336,chart_document,336,47,budget_semantic_0.20,800,0.2,0.132034033536911,322,248,22.981366459627328,248:213:133:246
chessboard_GRAY_e336,chart_document,336,47,budget_tail_0.20,800,0.2,0.13323454558849335,322,230,28.57142857142857,229:229:152:230
chessboard_GRAY_e336,chart_document,336,47,budget_random_0.30,800,0.3,0.22916491329669952,322,243,24.534161490683225,243:172:123:222
chessboard_GRAY_e336,chart_document,336,47,budget_semantic_0.30,800,0.3,0.20468290150165558,322,229,28.881987577639755,221:186:124:229
chessboard_GRAY_e336,chart_document,336,47,budget_tail_0.30,800,0.3,0.20671620965003967,322,203,36.95652173913043,203:202:152:203
chessboard_GRAY_e336,chart_document,336,47,budget_random_0.40,800,0.4,0.3065403401851654,322,216,32.919254658385086,216:155:104:205
chessboard_GRAY_e336,chart_document,336,47,budget_semantic_0.40,800,0.4,0.2795933485031128,322,215,33.22981366459628,193:166:106:215
chessboard_GRAY_e336,chart_document,336,47,budget_tail_0.40,800,0.4,0.2825681269168854,322,176,45.3416149068323,176:176:152:176
chessboard_GRAY_e336,chart_document,336,47,budget_random_0.50,800,0.5,0.3815341591835022,322,184,42.85714285714286,176:146:94:184
chessboard_GRAY_e336,chart_document,336,47,budget_semantic_0.50,800,0.5,0.35629838705062866,322,191,40.6832298136646,169:141:99:191
chessboard_GRAY_e336,chart_document,336,47,budget_tail_0.50,800,0.5,0.360601544380188,322,150,53.41614906832298,150:150:150:150
chessboard_RGB_e448,chart_document,448,4,full_k8,1568,0.0,0.0,747,747,0.0,247:405:369:747
chessboard_RGB_e448,chart_document,448,4,random_k6,1568,0.25,0.22369235754013062,747,580,22.356091030789827,198:312:286:580
chessboard_RGB_e448,chart_document,448,4,semantic_k6,1568,0.25,0.18311022222042084,747,636,14.859437751004013,166:294:280:636
chessboard_RGB_e448,chart_document,448,4,tail_k6,1568,0.25,0.186318501830101,747,513,31.32530120481928,234:310:319:513
chessboard_RGB_e448,chart_document,448,4,random_k4,1568,0.5,0.44292017817497253,747,409,45.24765729585006,139:222:214:409
chessboard_RGB_e448,chart_document,448,4,semantic_k4,1568,0.5,0.37960225343704224,747,488,34.67202141900937,112:197:187:488
chessboard_RGB_e448,chart_document,448,4,tail_k4,1568,0.5,0.3820882737636566,747,393,47.389558232931726,181:214:196:393
chessboard_RGB_e448,chart_document,448,4,random_k2,1568,0.75,0.661179780960083,747,223,70.14725568942437,92:132:145:223
chessboard_RGB_e448,chart_document,448,4,semantic_k2,1568,0.75,0.5956395864486694,747,302,59.57161981258368,84:103:103:302
chessboard_RGB_e448,chart_document,448,4,tail_k2,1568,0.75,0.5970227122306824,747,250,66.53279785809907,103:123:116:250
chessboard_RGB_e448,chart_document,448,4,random_k1,1568,0.875,0.7747141122817993,747,146,80.45515394912985,62:93:95:146
chessboard_RGB_e448,chart_document,448,4,semantic_k1,1568,0.875,0.7177549600601196,747,204,72.69076305220882,60:57:75:204
chessboard_RGB_e448,chart_document,448,4,tail_k1,1568,0.875,0.7182131409645081,747,184,75.36813922356092,69:60:83:184
chessboard_RGB_e448,chart_document,448,4,budget_random_0.01,1568,0.01020408163265306,0.008262206800282001,747,739,1.0709504685408322,246:400:367:739
chessboard_RGB_e448,chart_document,448,4,budget_semantic_0.01,1568,0.01020408163265306,0.003644281765446067,747,741,0.8032128514056214,244:399:368:741
chessboard_RGB_e448,chart_document,448,4,budget_tail_0.01,1568,0.01020408163265306,0.004606292117387056,747,731,2.1419009370816644,247:405:369:731
chessboard_RGB_e448,chart_document,448,4,budget_random_0.02,1568,0.019770408163265307,0.01634766347706318,747,732,2.008032128514059,245:399:361:732
chessboard_RGB_e448,chart_document,448,4,budget_semantic_0.02,1568,0.019770408163265307,0.008368133567273617,747,735,1.6064257028112428,241:396:365:735
chessboard_RGB_e448,chart_document,448,4,budget_tail_0.02,1568,0.019770408163265307,0.010174361057579517,747,716,4.149933065595713,247:405:369:716
chessboard_RGB_e448,chart_document,448,4,budget_random_0.05,1568,0.04974489795918367,0.04079020395874977,747,707,5.35475234270415,237:392:354:707
chessboard_RGB_e448,chart_document,448,4,budget_semantic_0.05,1568,0.04974489795918367,0.025858702138066292,747,713,4.551539491298529,235:386:356:713
chessboard_RGB_e448,chart_document,448,4,budget_tail_0.05,1568,0.04974489795918367,0.03089161030948162,747,669,10.441767068273089,247:405:369:669
chessboard_RGB_e448,chart_document,448,4,budget_random_0.10,1568,0.10012755102040816,0.08222521096467972,747,687,8.032128514056225,228:359:337:687
chessboard_RGB_e448,chart_document,448,4,budget_semantic_0.10,1568,0.10012755102040816,0.05956867337226868,747,692,7.362784471218209,228:361:330:692
chessboard_RGB_e448,chart_document,448,4,budget_tail_0.10,1568,0.10012755102040816,0.0690799281001091,747,590,21.017402945113783,247:405:369:590
chessboard_RGB_e448,chart_document,448,4,budget_random_0.20,1568,0.2002551020408163,0.16308027505874634,747,617,17.402945113788494,214:326:297:617
chessboard_RGB_e448,chart_document,448,4,budget_semantic_0.20,1568,0.2002551020408163,0.13267196714878082,747,637,14.725568942436418,204:314:299:637
chessboard_RGB_e448,chart_document,448,4,budget_tail_0.20,1568,0.2002551020408163,0.15070360898971558,747,433,42.03480589022758,247:405:369:433
chessboard_RGB_e448,chart_document,448,4,budget_random_0.30,1568,0.2997448979591837,0.24580270051956177,747,556,25.56894243641231,184:280:278:556
chessboard_RGB_e448,chart_document,448,4,budget_semantic_0.30,1568,0.2997448979591837,0.20935490727424622,747,584,21.820615796519416,186:267:261:584
chessboard_RGB_e448,chart_document,448,4,budget_tail_0.30,1568,0.2997448979591837,0.22487954795360565,747,351,53.012048192771076,247:350:350:351
chessboard_RGB_e448,chart_document,448,4,budget_random_0.40,1568,0.39987244897959184,0.32760536670684814,747,496,33.60107095046854,147:247:251:496
chessboard_RGB_e448,chart_document,448,4,budget_semantic_0.40,1568,0.39987244897959184,0.2892598509788513,747,525,29.718875502008036,155:230:231:525
chessboard_RGB_e448,chart_document,448,4,budget_tail_0.40,1568,0.39987244897959184,0.30427926778793335,747,298,60.10709504685408,247:298:298:298
chessboard_RGB_e448,chart_document,448,4,budget_random_0.50,1568,0.5,0.4119561016559601,747,428,42.704149933065594,140:214:202:428
chessboard_RGB_e448,chart_document,448,4,budget_semantic_0.50,1568,0.5,0.3716425895690918,747,460,38.42034805890228,129:202:193:460
chessboard_RGB_e448,chart_document,448,4,budget_tail_0.50,1568,0.5,0.38830891251564026,747,246,67.06827309236948,246:246:246:246
chessboard_RGB_e448,chart_document,448,12,full_k8,1568,0.0,0.0,506,506,0.0,421:504:337:506
chessboard_RGB_e448,chart_document,448,12,random_k6,1568,0.25,0.22424843907356262,506,396,21.739130434782606,339:384:257:396
chessboard_RGB_e448,chart_document,448,12,semantic_k6,1568,0.25,0.18419070541858673,506,418,17.391304347826086,316:369:273:418
chessboard_RGB_e448,chart_document,448,12,tail_k6,1568,0.25,0.1864425539970398,506,370,26.877470355731226,359:327:320:370
chessboard_RGB_e448,chart_document,448,12,random_k4,1568,0.5,0.4473207890987396,506,299,40.90909090909091,223:262:200:299
chessboard_RGB_e448,chart_document,448,12,semantic_k4,1568,0.5,0.38140150904655457,506,298,41.10671936758893,236:255:195:298
chessboard_RGB_e448,chart_document,448,12,tail_k4,1568,0.5,0.3830815255641937,506,277,45.25691699604744,241:230:236:277
chessboard_RGB_e448,chart_document,448,12,random_k2,1568,0.75,0.6664305925369263,506,168,66.798418972332,124:163:137:168
chessboard_RGB_e448,chart_document,448,12,semantic_k2,1568,0.75,0.6009259223937988,506,167,66.99604743083005,159:141:125:167
chessboard_RGB_e448,chart_document,448,12,tail_k2,1568,0.75,0.6017746329307556,506,165,67.3913043478261,157:132:138:165
chessboard_RGB_e448,chart_document,448,12,random_k1,1568,0.875,0.7768319249153137,506,123,75.69169960474308,78:101:94:123
chessboard_RGB_e448,chart_document,448,12,semantic_k1,1568,0.875,0.7261587381362915,506,115,77.27272727272727,115:81:92:108
chessboard_RGB_e448,chart_document,448,12,tail_k1,1568,0.875,0.7268765568733215,506,116,77.07509881422925,116:89:99:92
chessboard_RGB_e448,chart_document,448,12,budget_random_0.01,1568,0.01020408163265306,0.00886775553226471,506,503,0.5928853754940677,416:497:336:503
chessboard_RGB_e448,chart_document,448,12,budget_semantic_0.01,1568,0.01020408163265306,0.005054699257016182,506,504,0.39525691699604515,413:500:335:504
chessboard_RGB_e448,chart_document,448,12,budget_tail_0.01,1568,0.01020408163265306,0.005748333875089884,506,497,1.7786561264822143,421:497:337:497
chessboard_RGB_e448,chart_document,448,12,budget_random_0.02,1568,0.019770408163265307,0.016183754429221153,506,494,2.371541501976282,414:494:336:493
chessboard_RGB_e448,chart_document,448,12,budget_semantic_0.02,1568,0.019770408163265307,0.010636081919074059,506,501,0.988142292490124,406:500:330:501
chessboard_RGB_e448,chart_document,448,12,budget_tail_0.02,1568,0.019770408163265307,0.012043606489896774,506,490,3.1620553359683834,421:490:337:489
chessboard_RGB_e448,chart_document,448,12,budget_random_0.05,1568,0.04974489795918367,0.04139193519949913,506,480,5.138339920948621,406:480:324:480
chessboard_RGB_e448,chart_document,448,12,budget_semantic_0.05,1568,0.04974489795918367,0.03027888387441635,506,485,4.150197628458496,399:485:321:485
chessboard_RGB_e448,chart_document,448,12,budget_tail_0.05,1568,0.04974489795918367,0.03283832222223282,506,466,7.905138339920947,421:466:337:466
chessboard_RGB_e448,chart_document,448,12,budget_random_0.10,1568,0.10012755102040816,0.08410509675741196,506,465,8.102766798418969,380:456:310:465
chessboard_RGB_e448,chart_document,448,12,budget_semantic_0.10,1568,0.10012755102040816,0.0655423030257225,506,468,7.509881422924902,376:457:310:468
chessboard_RGB_e448,chart_document,448,12,budget_tail_0.10,1568,0.10012755102040816,0.06948388367891312,506,427,15.612648221343871,421:426:337:427
chessboard_RGB_e448,chart_document,448,12,budget_random_0.20,1568,0.2002551020408163,0.16356036067008972,506,416,17.786561264822133,349:416:275:414
chessboard_RGB_e448,chart_document,448,12,budget_semantic_0.20,1568,0.2002551020408163,0.139072984457016,506,417,17.58893280632411,346:412:279:417
chessboard_RGB_e448,chart_document,448,12,budget_tail_0.20,1568,0.2002551020408163,0.14229854941368103,506,373,26.284584980237156,372:372:337:373
chessboard_RGB_e448,chart_document,448,12,budget_random_0.30,1568,0.2997448979591837,0.2469298541545868,506,365,27.865612648221337,317:364:252:365
chessboard_RGB_e448,chart_document,448,12,budget_semantic_0.30,1568,0.2997448979591837,0.21545714139938354,506,372,26.48221343873518,311:362:253:372
chessboard_RGB_e448,chart_document,448,12,budget_tail_0.30,1568,0.2997448979591837,0.21792294085025787,506,325,35.7707509881423,324:325:324:325
chessboard_RGB_e448,chart_document,448,12,budget_random_0.40,1568,0.39987244897959184,0.3330818712711334,506,324,35.96837944664032,267:320:230:324
chessboard_RGB_e448,chart_document,448,12,budget_semantic_0.40,1568,0.39987244897959184,0.2949725389480591,506,322,36.36363636363637,281:310:228:322
chessboard_RGB_e448,chart_document,448,12,budget_tail_0.40,1568,0.39987244897959184,0.2965104877948761,506,286,43.47826086956522,285:285:285:286
chessboard_RGB_e448,chart_document,448,12,budget_random_0.50,1568,0.5,0.4152677357196808,506,286,43.47826086956522,244:276:178:286
chessboard_RGB_e448,chart_document,448,12,budget_semantic_0.50,1568,0.5,0.3772556185722351,506,274,45.8498023715415,250:265:195:274
chessboard_RGB_e448,chart_document,448,12,budget_tail_0.50,1568,0.5,0.37826552987098694,506,246,51.38339920948616,246:246:246:246
chessboard_RGB_e448,chart_document,448,24,full_k8,1568,0.0,0.0,501,501,0.0,367:501:402:498
chessboard_RGB_e448,chart_document,448,24,random_k6,1568,0.25,0.2188766747713089,501,390,22.15568862275449,277:390:322:387
chessboard_RGB_e448,chart_document,448,24,semantic_k6,1568,0.25,0.17358869314193726,501,422,15.76846307385229,253:368:333:422
chessboard_RGB_e448,chart_document,448,24,tail_k6,1568,0.25,0.17545761168003082,501,356,28.942115768463072,330:354:336:356
chessboard_RGB_e448,chart_document,448,24,random_k4,1568,0.5,0.4577120244503021,501,293,41.51696606786427,193:271:227:293
chessboard_RGB_e448,chart_document,448,24,semantic_k4,1568,0.5,0.36076533794403076,501,315,37.125748502994014,191:253:225:315
chessboard_RGB_e448,chart_document,448,24,tail_k4,1568,0.5,0.3622514605522156,501,271,45.908183632734534,233:271:210:270
chessboard_RGB_e448,chart_document,448,24,random_k2,1568,0.75,0.6728287935256958,501,189,62.27544910179641,118:146:139:189
chessboard_RGB_e448,chart_document,448,24,semantic_k2,1568,0.75,0.5696306824684143,501,198,60.47904191616767,116:146:132:198
chessboard_RGB_e448,chart_document,448,24,tail_k2,1568,0.75,0.5705992579460144,501,177,64.67065868263472,143:147:125:177
chessboard_RGB_e448,chart_document,448,24,random_k1,1568,0.875,0.7785154581069946,501,125,75.0499001996008,78:100:93:125
chessboard_RGB_e448,chart_document,448,24,semantic_k1,1568,0.875,0.6902092695236206,501,146,70.85828343313374,77:85:88:146
chessboard_RGB_e448,chart_document,448,24,tail_k1,1568,0.875,0.690692663192749,501,130,74.05189620758483,92:77:97:130
chessboard_RGB_e448,chart_document,448,24,budget_random_0.01,1568,0.01020408163265306,0.008068553172051907,501,498,0.5988023952095856,365:498:397:492
chessboard_RGB_e448,chart_document,448,24,budget_semantic_0.01,1568,0.01020408163265306,0.00017184387252200395,501,498,0.5988023952095856,364:498:397:493
chessboard_RGB_e448,chart_document,448,24,budget_tail_0.01,1568,0.01020408163265306,0.00026466036797501147,501,492,1.7964071856287456,367:492:402:491
chessboard_RGB_e448,chart_document,448,24,budget_random_0.02,1568,0.019770408163265307,0.015228454023599625,501,492,1.7964071856287456,361:489:395:492
chessboard_RGB_e448,chart_document,448,24,budget_semantic_0.02,1568,0.019770408163265307,0.00039589041261933744,501,496,0.9980039920159722,363:496:393:485
chessboard_RGB_e448,chart_document,448,24,budget_tail_0.02,1568,0.019770408163265307,0.0007964989054016769,501,484,3.3932135728542923,367:484:402:484
chessboard_RGB_e448,chart_document,448,24,budget_random_0.05,1568,0.04974489795918367,0.03999042883515358,501,477,4.790419161676651,355:477:385:473
chessboard_RGB_e448,chart_document,448,24,budget_semantic_0.05,1568,0.04974489795918367,0.003403562121093273,501,478,4.590818363273453,357:478:378:477
chessboard_RGB_e448,chart_document,448,24,budget_tail_0.05,1568,0.04974489795918367,0.014195495285093784,501,461,7.984031936127744,367:461:402:460
chessboard_RGB_e448,chart_document,448,24,budget_random_0.10,1568,0.10012755102040816,0.08047469705343246,501,467,6.7864271457085845,332:467:367:445
chessboard_RGB_e448,chart_document,448,24,budget_semantic_0.10,1568,0.10012755102040816,0.03282385319471359,501,454,9.381237524950103,343:454:364:450
chessboard_RGB_e448,chart_document,448,24,budget_tail_0.10,1568,0.10012755102040816,0.04875428229570389,501,421,15.968063872255488,367:421:402:421
chessboard_RGB_e448,chart_document,448,24,budget_random_0.20,1568,0.2002551020408163,0.15846656262874603,501,410,18.16367265469062,314:400:330:410
chessboard_RGB_e448,chart_document,448,24,budget_semantic_0.20,1568,0.2002551020408163,0.10328132659196854,501,415,17.165668662674648,309:406:324:415
chessboard_RGB_e448,chart_document,448,24,budget_tail_0.20,1568,0.2002551020408163,0.1101779192686081,501,364,27.345309381237527,363:364:363:364
chessboard_RGB_e448,chart_document,448,24,budget_random_0.30,1568,0.2997448979591837,0.23557329177856445,501,383,23.55289421157685,268:363:284:383
chessboard_RGB_e448,chart_document,448,24,budget_semantic_0.30,1568,0.2997448979591837,0.1788012534379959,501,385,23.15369261477046,268:354:291:385
chessboard_RGB_e448,chart_document,448,24,budget_tail_0.30,1568,0.2997448979591837,0.18125058710575104,501,325,35.12974051896207,324:325:324:325
chessboard_RGB_e448,chart_document,448,24,budget_random_0.40,1568,0.39987244897959184,0.3130355775356293,501,340,32.13572854291418,222:327:252:340
chessboard_RGB_e448,chart_document,448,24,budget_semantic_0.40,1568,0.39987244897959184,0.2583504021167755,501,349,30.33932135728543,235:302:255:349
chessboard_RGB_e448,chart_document,448,24,budget_tail_0.40,1568,0.39987244897959184,0.2600419521331787,501,286,42.91417165668663,285:285:285:286
chessboard_RGB_e448,chart_document,448,24,budget_random_0.50,1568,0.5,0.3950255811214447,501,290,42.115768463073856,197:265:232:290
chessboard_RGB_e448,chart_document,448,24,budget_semantic_0.50,1568,0.5,0.34041157364845276,501,307,38.72255489021956,197:259:221:307
chessboard_RGB_e448,chart_document,448,24,budget_tail_0.50,1568,0.5,0.3422262668609619,501,246,50.898203592814376,246:246:246:246
chessboard_RGB_e448,chart_document,448,36,full_k8,1568,0.0,0.0,564,564,0.0,384:532:288:564
chessboard_RGB_e448,chart_document,448,36,random_k6,1568,0.25,0.220130056142807,564,437,22.517730496453904,298:410:231:437
chessboard_RGB_e448,chart_document,448,36,semantic_k6,1568,0.25,0.1721181571483612,564,476,15.602836879432624,270:383:247:476
chessboard_RGB_e448,chart_document,448,36,tail_k6,1568,0.25,0.17450296878814697,564,405,28.191489361702125,347:345:279:405
chessboard_RGB_e448,chart_document,448,36,random_k4,1568,0.5,0.4376043379306793,564,337,40.24822695035461,206:266:175:337
chessboard_RGB_e448,chart_document,448,36,semantic_k4,1568,0.5,0.35720890760421753,564,350,37.943262411347526,183:270:181:350
chessboard_RGB_e448,chart_document,448,36,tail_k4,1568,0.5,0.3592558205127716,564,278,50.70921985815603,238:266:202:278
chessboard_RGB_e448,chart_document,448,36,random_k2,1568,0.75,0.6556714177131653,564,217,61.52482269503546,132:138:105:217
chessboard_RGB_e448,chart_document,448,36,semantic_k2,1568,0.75,0.5680783987045288,564,226,59.92907801418439,93:159:114:226
chessboard_RGB_e448,chart_document,448,36,tail_k2,1568,0.75,0.5690668225288391,564,193,65.78014184397163,119:156:124:193
chessboard_RGB_e448,chart_document,448,36,random_k1,1568,0.875,0.77716064453125,564,121,78.54609929078013,86:107:82:121
chessboard_RGB_e448,chart_document,448,36,semantic_k1,1568,0.875,0.6958779096603394,564,162,71.27659574468085,60:83:91:162
chessboard_RGB_e448,chart_document,448,36,tail_k1,1568,0.875,0.6963234543800354,564,153,72.87234042553192,68:83:92:153
chessboard_RGB_e448,chart_document,448,36,budget_random_0.01,1568,0.01020408163265306,0.00809295941144228,564,559,0.886524822695034,376:529:288:559
chessboard_RGB_e448,chart_document,448,36,budget_semantic_0.01,1568,0.01020408163265306,0.0025050996337085962,564,561,0.5319148936170248,380:527:284:561
chessboard_RGB_e448,chart_document,448,36,budget_tail_0.01,1568,0.01020408163265306,0.0041832891292870045,564,548,2.8368794326241176,384:532:288:548
chessboard_RGB_e448,chart_document,448,36,budget_random_0.02,1568,0.019770408163265307,0.01537381298840046,564,554,1.773049645390068,375:524:284:554
chessboard_RGB_e448,chart_document,448,36,budget_semantic_0.02,1568,0.019770408163265307,0.0061609018594026566,564,556,1.4184397163120588,376:523:282:556
chessboard_RGB_e448,chart_document,448,36,budget_tail_0.02,1568,0.019770408163265307,0.009330611675977707,564,533,5.49645390070922,384:532:288:533
chessboard_RGB_e448,chart_document,448,36,budget_random_0.05,1568,0.04974489795918367,0.039124950766563416,564,534,5.319148936170215,368:510:278:534
chessboard_RGB_e448,chart_document,448,36,budget_semantic_0.05,1568,0.04974489795918367,0.021001799032092094,564,541,4.07801418439716,363:511:275:541
chessboard_RGB_e448,chart_document,448,36,budget_tail_0.05,1568,0.04974489795918367,0.024630412459373474,564,509,9.751773049645385,384:509:288:509
chessboard_RGB_e448,chart_document,448,36,budget_random_0.10,1568,0.10012755102040816,0.08005532622337341,564,513,9.042553191489366,351:480:267:513
chessboard_RGB_e448,chart_document,448,36,budget_semantic_0.10,1568,0.10012755102040816,0.0501420795917511,564,515,8.687943262411347,349:491:256:515
chessboard_RGB_e448,chart_document,448,36,budget_tail_0.10,1568,0.10012755102040816,0.05678708851337433,564,470,16.666666666666664,384:469:288:470
chessboard_RGB_e448,chart_document,448,36,budget_random_0.20,1568,0.2002551020408163,0.15682151913642883,564,473,16.13475177304965,309:421:251:473
chessboard_RGB_e448,chart_document,448,36,budget_semantic_0.20,1568,0.2002551020408163,0.11573190987110138,564,472,16.312056737588655,303:441:238:472
chessboard_RGB_e448,chart_document,448,36,budget_tail_0.20,1568,0.2002551020408163,0.12924137711524963,564,391,30.673758865248224,384:391:288:391
chessboard_RGB_e448,chart_document,448,36,budget_random_0.30,1568,0.2997448979591837,0.2378041297197342,564,429,23.936170212765962,276:380:213:429
chessboard_RGB_e448,chart_document,448,36,budget_semantic_0.30,1568,0.2997448979591837,0.1874021589756012,564,433,23.226950354609933,257:386:222:433
chessboard_RGB_e448,chart_document,448,36,budget_tail_0.30,1568,0.2997448979591837,0.19943615794181824,564,337,40.24822695035461,336:337:288:337
chessboard_RGB_e448,chart_document,448,36,budget_random_0.40,1568,0.39987244897959184,0.31662121415138245,564,389,31.028368794326244,241:317:194:389
chessboard_RGB_e448,chart_document,448,36,budget_semantic_0.40,1568,0.39987244897959184,0.26446351408958435,564,377,33.156028368794324,225:340:199:377
chessboard_RGB_e448,chart_document,448,36,budget_tail_0.40,1568,0.39987244897959184,0.2759891152381897,564,286,49.29078014184397,285:285:285:286
chessboard_RGB_e448,chart_document,448,36,budget_random_0.50,1568,0.5,0.3973138630390167,564,332,41.13475177304965,201:280:171:332
chessboard_RGB_e448,chart_document,448,36,budget_semantic_0.50,1568,0.5,0.3452354967594147,564,333,40.95744680851063,186:294:171:333
chessboard_RGB_e448,chart_document,448,36,budget_tail_0.50,1568,0.5,0.3512400984764099,564,246,56.38297872340425,246:246:246:246
chessboard_RGB_e448,chart_document,448,44,full_k8,1568,0.0,0.0,539,539,0.0,400:456:539:373
chessboard_RGB_e448,chart_document,448,44,random_k6,1568,0.25,0.2201945036649704,539,418,22.44897959183674,315:350:418:293
chessboard_RGB_e448,chart_document,448,44,semantic_k6,1568,0.25,0.1917956918478012,539,424,21.335807050092768,272:341:424:339
chessboard_RGB_e448,chart_document,448,44,tail_k6,1568,0.25,0.1941474825143814,539,362,32.83858998144712,357:295:362:362
chessboard_RGB_e448,chart_document,448,44,random_k4,1568,0.5,0.44427689909935,539,318,41.001855287569576,227:239:318:200
chessboard_RGB_e448,chart_document,448,44,semantic_k4,1568,0.5,0.3953731060028076,539,285,47.124304267161406,197:237:285:265
chessboard_RGB_e448,chart_document,448,44,tail_k4,1568,0.5,0.3965052366256714,539,273,49.350649350649356,200:244:273:267
chessboard_RGB_e448,chart_document,448,44,random_k2,1568,0.75,0.6678594946861267,539,174,67.71799628942486,148:144:174:126
chessboard_RGB_e448,chart_document,448,44,semantic_k2,1568,0.75,0.619052529335022,539,179,66.79035250463822,116:143:154:179
chessboard_RGB_e448,chart_document,448,44,tail_k2,1568,0.75,0.6202518343925476,539,154,71.42857142857143,141:150:154:147
chessboard_RGB_e448,chart_document,448,44,random_k1,1568,0.875,0.7757689952850342,539,127,76.43784786641929,95:91:127:83
chessboard_RGB_e448,chart_document,448,44,semantic_k1,1568,0.875,0.7427269220352173,539,122,77.36549165120594,89:93:92:122
chessboard_RGB_e448,chart_document,448,44,tail_k1,1568,0.875,0.7434837222099304,539,114,78.84972170686456,104:98:80:114
chessboard_RGB_e448,chart_document,448,44,budget_random_0.01,1568,0.01020408163265306,0.00842029508203268,539,533,1.1131725417439675,398:449:533:372
chessboard_RGB_e448,chart_document,448,44,budget_semantic_0.01,1568,0.01020408163265306,0.004230086226016283,539,536,0.5565862708719838,396:450:536:370
chessboard_RGB_e448,chart_document,448,44,budget_tail_0.01,1568,0.01020408163265306,0.005939180497080088,539,523,2.9684601113172504,400:456:523:373
chessboard_RGB_e448,chart_document,448,44,budget_random_0.02,1568,0.019770408163265307,0.016545351594686508,539,527,2.226345083487946,395:449:527:366
chessboard_RGB_e448,chart_document,448,44,budget_semantic_0.02,1568,0.019770408163265307,0.009437451139092445,539,533,1.1131725417439675,394:445:533:365
chessboard_RGB_e448,chart_document,448,44,budget_tail_0.02,1568,0.019770408163265307,0.012651551514863968,539,508,5.75139146567718,400:456:508:373
chessboard_RGB_e448,chart_document,448,44,budget_random_0.05,1568,0.04974489795918367,0.04185112938284874,539,507,5.936920222634512,379:439:507:365
chessboard_RGB_e448,chart_document,448,44,budget_semantic_0.05,1568,0.04974489795918367,0.028444858267903328,539,525,2.5974025974025983,382:426:525:357
chessboard_RGB_e448,chart_document,448,44,budget_tail_0.05,1568,0.04974489795918367,0.03583561256527901,539,461,14.471243042671611,400:456:461:373
chessboard_RGB_e448,chart_document,448,44,budget_random_0.10,1568,0.10012755102040816,0.08609732240438461,539,487,9.647495361781077,366:408:487:350
chessboard_RGB_e448,chart_document,448,44,budget_semantic_0.10,1568,0.10012755102040816,0.06425236910581589,539,503,6.679035250463827,360:404:503:344
chessboard_RGB_e448,chart_document,448,44,budget_tail_0.10,1568,0.10012755102040816,0.0716661810874939,539,419,22.263450834879407,400:419:419:373
chessboard_RGB_e448,chart_document,448,44,budget_random_0.20,1568,0.2002551020408163,0.16821672022342682,539,436,19.109461966604822,327:378:436:313
chessboard_RGB_e448,chart_document,448,44,budget_semantic_0.20,1568,0.2002551020408163,0.1419200301170349,539,458,15.027829313543595,308:362:458:326
chessboard_RGB_e448,chart_document,448,44,budget_tail_0.20,1568,0.2002551020408163,0.14582325518131256,539,364,32.467532467532465,363:364:364:363
chessboard_RGB_e448,chart_document,448,44,budget_random_0.30,1568,0.2997448979591837,0.2538081407546997,539,384,28.7569573283859,297:330:384:287
chessboard_RGB_e448,chart_document,448,44,budget_semantic_0.30,1568,0.2997448979591837,0.22299006581306458,539,403,25.231910946196656,267:325:403:303
chessboard_RGB_e448,chart_document,448,44,budget_tail_0.30,1568,0.2997448979591837,0.22431205213069916,539,325,39.70315398886828,324:325:325:324
chessboard_RGB_e448,chart_document,448,44,budget_random_0.40,1568,0.39987244897959184,0.33981913328170776,539,347,35.621521335807046,259:290:347:245
chessboard_RGB_e448,chart_document,448,44,budget_semantic_0.40,1568,0.39987244897959184,0.3066600561141968,539,337,37.47680890538033,228:294:337:282
chessboard_RGB_e448,chart_document,448,44,budget_tail_0.40,1568,0.39987244897959184,0.30737021565437317,539,286,46.93877551020408,285:285:286:285
chessboard_RGB_e448,chart_document,448,44,budget_random_0.50,1568,0.5,0.42422619462013245,539,277,48.60853432282004,231:258:277:218
chessboard_RGB_e448,chart_document,448,44,budget_semantic_0.50,1568,0.5,0.3921011686325073,539,278,48.42300556586271,193:256:278:257
chessboard_RGB_e448,chart_document,448,44,budget_tail_0.50,1568,0.5,0.3927472233772278,539,246,54.35992578849722,246:246:246:246
chessboard_RGB_e448,chart_document,448,47,full_k8,1568,0.0,0.0,534,534,0.0,534:461:330:443
chessboard_RGB_e448,chart_document,448,47,random_k6,1568,0.25,0.22266042232513428,534,417,21.91011235955056,417:352:279:328
chessboard_RGB_e448,chart_document,448,47,semantic_k6,1568,0.25,0.1956394612789154,534,389,27.153558052434455,370:350:267:389
chessboard_RGB_e448,chart_document,448,47,tail_k6,1568,0.25,0.1979382485151291,534,391,26.779026217228463,369:391:321:295
chessboard_RGB_e448,chart_document,448,47,random_k4,1568,0.5,0.4429781436920166,534,293,45.1310861423221,293:243:204:244
chessboard_RGB_e448,chart_document,448,47,semantic_k4,1568,0.5,0.40180954337120056,534,278,47.94007490636704,276:246:184:278
chessboard_RGB_e448,chart_document,448,47,tail_k4,1568,0.5,0.4036595821380615,534,265,50.37453183520599,244:260:215:265
chessboard_RGB_e448,chart_document,448,47,random_k2,1568,0.75,0.6669641733169556,534,180,66.29213483146069,180:144:129:139
chessboard_RGB_e448,chart_document,448,47,semantic_k2,1568,0.75,0.6254924535751343,534,174,67.41573033707866,170:132:116:174
chessboard_RGB_e448,chart_document,448,47,tail_k2,1568,0.75,0.627223789691925,534,167,68.72659176029963,141:155:129:167
chessboard_RGB_e448,chart_document,448,47,random_k1,1568,0.875,0.778901994228363,534,110,79.4007490636704,110:94:84:108
chessboard_RGB_e448,chart_document,448,47,semantic_k1,1568,0.875,0.7470318078994751,534,122,77.15355805243446,106:88:80:122
chessboard_RGB_e448,chart_document,448,47,tail_k1,1568,0.875,0.7480278611183167,534,110,79.4007490636704,106:87:93:110
chessboard_RGB_e448,chart_document,448,47,budget_random_0.01,1568,0.01020408163265306,0.008786862716078758,534,530,0.7490636704119868,530:458:329:435
chessboard_RGB_e448,chart_document,448,47,budget_semantic_0.01,1568,0.01020408163265306,0.005505130160599947,534,525,1.6853932584269704,525:460:327:440
chessboard_RGB_e448,chart_document,448,47,budget_tail_0.01,1568,0.01020408163265306,0.00594997126609087,534,518,2.9962546816479363,518:461:330:443
chessboard_RGB_e448,chart_document,448,47,budget_random_0.02,1568,0.019770408163265307,0.01697179675102234,534,529,0.9363295880149836,529:451:325:432
chessboard_RGB_e448,chart_document,448,47,budget_semantic_0.02,1568,0.019770408163265307,0.011531112715601921,534,519,2.8089887640449396,519:457:326:435
chessboard_RGB_e448,chart_document,448,47,budget_tail_0.02,1568,0.019770408163265307,0.012470644898712635,534,503,5.805243445692887,503:461:330:443
chessboard_RGB_e448,chart_document,448,47,budget_random_0.05,1568,0.04974489795918367,0.04203009977936745,534,511,4.307116104868913,511:433:323:423
chessboard_RGB_e448,chart_document,448,47,budget_semantic_0.05,1568,0.04974489795918367,0.03188404068350792,534,503,5.805243445692887,503:445:320:422
chessboard_RGB_e448,chart_document,448,47,budget_tail_0.05,1568,0.04974489795918367,0.03466402366757393,534,459,14.04494382022472,459:458:330:443
chessboard_RGB_e448,chart_document,448,47,budget_random_0.10,1568,0.10012755102040816,0.08556153625249863,534,488,8.614232209737827,488:417:301:405
chessboard_RGB_e448,chart_document,448,47,budget_semantic_0.10,1568,0.10012755102040816,0.06933296471834183,534,470,11.985018726591756,470:428:306:407
chessboard_RGB_e448,chart_document,448,47,budget_tail_0.10,1568,0.10012755102040816,0.07145632803440094,534,427,20.037453183520604,427:427:330:427
chessboard_RGB_e448,chart_document,448,47,budget_random_0.20,1568,0.2002551020408163,0.16890878975391388,534,435,18.53932584269663,435:377:264:378
chessboard_RGB_e448,chart_document,448,47,budget_semantic_0.20,1568,0.2002551020408163,0.14836297929286957,534,420,21.34831460674157,420:387:275:372
chessboard_RGB_e448,chart_document,448,47,budget_tail_0.20,1568,0.2002551020408163,0.15089549124240875,534,375,29.7752808988764,375:375:330:374
chessboard_RGB_e448,chart_document,448,47,budget_random_0.30,1568,0.2997448979591837,0.2556489109992981,534,393,26.40449438202247,393:332:247:326
chessboard_RGB_e448,chart_document,448,47,budget_semantic_0.30,1568,0.2997448979591837,0.22998552024364471,534,378,29.21348314606742,378:344:245:331
chessboard_RGB_e448,chart_document,448,47,budget_tail_0.30,1568,0.2997448979591837,0.23249834775924683,534,325,39.13857677902621,325:325:324:324
chessboard_RGB_e448,chart_document,448,47,budget_random_0.40,1568,0.39987244897959184,0.341829776763916,534,348,34.8314606741573,348:283:211:299
chessboard_RGB_e448,chart_document,448,47,budget_semantic_0.40,1568,0.39987244897959184,0.31401145458221436,534,332,37.827715355805246,332:300:214:295
chessboard_RGB_e448,chart_document,448,47,budget_tail_0.40,1568,0.39987244897959184,0.31528645753860474,534,286,46.441947565543074,286:285:285:285
chessboard_RGB_e448,chart_document,448,47,budget_random_0.50,1568,0.5,0.4271056652069092,534,296,44.569288389513105,296:239:185:264
chessboard_RGB_e448,chart_document,448,47,budget_semantic_0.50,1568,0.5,0.3998112678527832,534,286,46.441947565543074,286:259:186:253
chessboard_RGB_e448,chart_document,448,47,budget_tail_0.50,1568,0.5,0.40074747800827026,534,246,53.93258426966292,246:246:246:246
ds_airport_connections_e672,chart_document,672,4,full_k8,3528,0.0,0.0,1361,1361,0.0,704:1361:821:842
ds_airport_connections_e672,chart_document,672,4,random_k6,3528,0.25,0.23604479432106018,1361,1043,23.365172667156497,537:1043:631:635
ds_airport_connections_e672,chart_document,672,4,semantic_k6,3528,0.25,0.18233312666416168,1361,1068,21.528288023512122,481:1068:627:670
ds_airport_connections_e672,chart_document,672,4,tail_k6,3528,0.25,0.1849893033504486,1361,899,33.94562821454813,632:899:623:692
ds_airport_connections_e672,chart_document,672,4,random_k4,3528,0.5,0.47250306606292725,1361,681,49.96326230712711,372:681:446:465
ds_airport_connections_e672,chart_document,672,4,semantic_k4,3528,0.5,0.3821050226688385,1361,785,42.3218221895665,302:785:428:449
ds_airport_connections_e672,chart_document,672,4,tail_k4,3528,0.5,0.383930504322052,1361,674,50.47759000734754,392:674:429:469
ds_airport_connections_e672,chart_document,672,4,random_k2,3528,0.75,0.7107203602790833,1361,356,73.84276267450404,199:356:258:269
ds_airport_connections_e672,chart_document,672,4,semantic_k2,3528,0.75,0.6119949817657471,1361,477,64.95224099926524,165:477:207:233
ds_airport_connections_e672,chart_document,672,4,tail_k2,3528,0.75,0.6130903959274292,1361,415,69.5077149155033,217:415:203:247
ds_airport_connections_e672,chart_document,672,4,random_k1,3528,0.875,0.828460693359375,1361,217,84.0558412931668,104:217:169:151
ds_airport_connections_e672,chart_document,672,4,semantic_k1,3528,0.875,0.7515245676040649,1361,284,79.13299044819986,88:284:128:141
ds_airport_connections_e672,chart_document,672,4,tail_k1,3528,0.875,0.7520284652709961,1361,261,80.82292432035268,106:261:140:134
ds_airport_connections_e672,chart_document,672,4,budget_random_0.01,3528,0.00992063492063492,0.008869389072060585,1361,1350,0.8082292432035287,695:1350:812:836
ds_airport_connections_e672,chart_document,672,4,budget_semantic_0.01,3528,0.00992063492063492,0.0034099218901246786,1361,1347,1.0286554004408477,694:1347:815:837
ds_airport_connections_e672,chart_document,672,4,budget_tail_0.01,3528,0.00992063492063492,0.004149263724684715,1361,1326,2.571638501102136,704:1326:821:842
ds_airport_connections_e672,chart_document,672,4,budget_random_0.02,3528,0.020124716553287982,0.01628340408205986,1361,1336,1.8368846436443764,687:1336:807:827
ds_airport_connections_e672,chart_document,672,4,budget_semantic_0.02,3528,0.020124716553287982,0.00800867285579443,1361,1329,2.351212343864806,692:1329:808:828
ds_airport_connections_e672,chart_document,672,4,budget_tail_0.02,3528,0.020124716553287982,0.009662219323217869,1361,1290,5.2167523879500415,704:1290:821:842
ds_airport_connections_e672,chart_document,672,4,budget_random_0.05,3528,0.049886621315192746,0.04453883320093155,1361,1290,5.2167523879500415,667:1290:792:803
ds_airport_connections_e672,chart_document,672,4,budget_semantic_0.05,3528,0.049886621315192746,0.02407175488770008,1361,1289,5.29022777369581,673:1289:791:799
ds_airport_connections_e672,chart_document,672,4,budget_tail_0.05,3528,0.049886621315192746,0.029059145599603653,1361,1185,12.931667891256426,704:1185:821:842
ds_airport_connections_e672,chart_document,672,4,budget_random_0.10,3528,0.10005668934240362,0.08763948082923889,1361,1240,8.890521675238794,634:1240:738:763
ds_airport_connections_e672,chart_document,672,4,budget_semantic_0.10,3528,0.10005668934240362,0.055468685925006866,1361,1230,9.625275532696541,646:1230:749:750
ds_airport_connections_e672,chart_document,672,4,budget_tail_0.10,3528,0.10005668934240362,0.06740918755531311,1361,1008,25.936811168258632,704:1008:821:842
ds_airport_connections_e672,chart_document,672,4,budget_random_0.20,3528,0.20011337868480725,0.17264506220817566,1361,1140,16.23806024981631,566:1140:661:655
ds_airport_connections_e672,chart_document,672,4,budget_semantic_0.20,3528,0.20011337868480725,0.1270548403263092,1361,1124,17.41366642174872,565:1124:670:663
ds_airport_connections_e672,chart_document,672,4,budget_tail_0.20,3528,0.20011337868480725,0.14131981134414673,1361,773,43.20352681851579,704:773:772:773
ds_airport_connections_e672,chart_document,672,4,budget_random_0.30,3528,0.2998866213151927,0.2594579756259918,1361,988,27.40631888317414,499:988:591:592
ds_airport_connections_e672,chart_document,672,4,budget_semantic_0.30,3528,0.2998866213151927,0.20489269495010376,1361,1016,25.349008082292436,483:1016:589:582
ds_airport_connections_e672,chart_document,672,4,budget_tail_0.30,3528,0.2998866213151927,0.21492843329906464,1361,668,50.91844232182219,667:668:668:667
ds_airport_connections_e672,chart_document,672,4,budget_random_0.40,3528,0.39994331065759636,0.3426320552825928,1361,889,34.68038207200588,407:889:499:522
ds_airport_connections_e672,chart_document,672,4,budget_semantic_0.40,3528,0.39994331065759636,0.287035197019577,1361,896,34.16605437178545,405:896:507:509
ds_airport_connections_e672,chart_document,672,4,budget_tail_0.40,3528,0.39994331065759636,0.29480838775634766,1361,580,57.384276267450396,579:580:579:579
ds_airport_connections_e672,chart_document,672,4,budget_random_0.50,3528,0.5,0.4290301203727722,1361,755,44.52608376193975,385:755:401:423
ds_airport_connections_e672,chart_document,672,4,budget_semantic_0.50,3528,0.5,0.3727515935897827,1361,782,42.542248346803824,331:782:424:427
ds_airport_connections_e672,chart_document,672,4,budget_tail_0.50,3528,0.5,0.380231648683548,1361,491,63.923585598824396,491:491:491:491
ds_airport_connections_e672,chart_document,672,12,full_k8,3528,0.0,0.0,1081,1081,0.0,938:678:1031:1081
ds_airport_connections_e672,chart_document,672,12,random_k6,3528,0.25,0.23279446363449097,1081,832,23.034227567067532,701:512:801:832
ds_airport_connections_e672,chart_document,672,12,semantic_k6,3528,0.25,0.17917151749134064,1081,928,14.153561517113788,644:493:781:928
ds_airport_connections_e672,chart_document,672,12,tail_k6,3528,0.25,0.18152646720409393,1081,836,22.66419981498612,727:614:669:836
ds_airport_connections_e672,chart_document,672,12,random_k4,3528,0.5,0.477713018655777,1081,567,47.54856614246068,495:372:530:567
ds_airport_connections_e672,chart_document,672,12,semantic_k4,3528,0.5,0.37640368938446045,1081,695,35.70767807585569,421:319:529:695
ds_airport_connections_e672,chart_document,672,12,tail_k4,3528,0.5,0.378250390291214,1081,578,46.53098982423681,472:421:493:578
ds_airport_connections_e672,chart_document,672,12,random_k2,3528,0.75,0.7110394239425659,1081,303,71.97039777983349,269:209:303:301
ds_airport_connections_e672,chart_document,672,12,semantic_k2,3528,0.75,0.6060305237770081,1081,417,61.42460684551341,217:178:270:417
ds_airport_connections_e672,chart_document,672,12,tail_k2,3528,0.75,0.6069612503051758,1081,367,66.04995374653099,243:216:256:367
ds_airport_connections_e672,chart_document,672,12,random_k1,3528,0.875,0.8299967646598816,1081,214,80.20351526364477,149:125:153:214
ds_airport_connections_e672,chart_document,672,12,semantic_k1,3528,0.875,0.7470762133598328,1081,276,74.46808510638299,118:94:153:276
ds_airport_connections_e672,chart_document,672,12,tail_k1,3528,0.875,0.747394323348999,1081,249,76.96577243293247,128:114:150:249
ds_airport_connections_e672,chart_document,672,12,budget_random_0.01,3528,0.00992063492063492,0.008549755439162254,1081,1069,1.1100832562442209,929:673:1022:1069
ds_airport_connections_e672,chart_document,672,12,budget_semantic_0.01,3528,0.00992063492063492,0.004721671808511019,1081,1071,0.9250693802035137,931:668:1023:1071
ds_airport_connections_e672,chart_document,672,12,budget_tail_0.01,3528,0.00992063492063492,0.005394169129431248,1081,1046,3.237742830712298,938:678:1031:1046
ds_airport_connections_e672,chart_document,672,12,budget_random_0.02,3528,0.020124716553287982,0.01704876683652401,1081,1061,1.8501387604070274,921:664:1011:1061
ds_airport_connections_e672,chart_document,672,12,budget_semantic_0.02,3528,0.020124716553287982,0.010164249688386917,1081,1065,1.4801110083256241,919:661:1012:1065
ds_airport_connections_e672,chart_document,672,12,budget_tail_0.02,3528,0.020124716553287982,0.011368588544428349,1081,1021,5.550416281221093,938:678:1020:1021
ds_airport_connections_e672,chart_document,672,12,budget_random_0.05,3528,0.049886621315192746,0.04387678578495979,1081,1032,4.532839962997226,889:641:990:1032
ds_airport_connections_e672,chart_document,672,12,budget_semantic_0.05,3528,0.049886621315192746,0.02755984477698803,1081,1045,3.3302497687326515,895:637:975:1045
ds_airport_connections_e672,chart_document,672,12,budget_tail_0.05,3528,0.049886621315192746,0.030145836994051933,1081,968,10.453283996299723,938:678:968:968
ds_airport_connections_e672,chart_document,672,12,budget_random_0.10,3528,0.10005668934240362,0.08679631352424622,1081,997,7.770582793709524,823:612:943:997
ds_airport_connections_e672,chart_document,672,12,budget_semantic_0.10,3528,0.10005668934240362,0.05957390367984772,1081,1011,6.475485661424607,854:587:923:1011
ds_airport_connections_e672,chart_document,672,12,budget_tail_0.10,3528,0.10005668934240362,0.06334792077541351,1081,899,16.836262719703974,899:678:899:899
ds_airport_connections_e672,chart_document,672,12,budget_random_0.20,3528,0.20011337868480725,0.17019949853420258,1081,888,17.853839037927845,746:547:841:888
ds_airport_connections_e672,chart_document,672,12,budget_semantic_0.20,3528,0.20011337868480725,0.1297905296087265,1081,943,12.765957446808507,756:507:816:943
ds_airport_connections_e672,chart_document,672,12,budget_tail_0.20,3528,0.20011337868480725,0.13595980405807495,1081,782,27.6595744680851,781:678:781:782
ds_airport_connections_e672,chart_document,672,12,budget_random_0.30,3528,0.2998866213151927,0.25817662477493286,1081,779,27.937095282146164,659:484:748:779
ds_airport_connections_e672,chart_document,672,12,budget_semantic_0.30,3528,0.2998866213151927,0.20500913262367249,1081,865,19.98149861239593,652:439:714:865
ds_airport_connections_e672,chart_document,672,12,budget_tail_0.30,3528,0.2998866213151927,0.21347913146018982,1081,668,38.20536540240518,667:667:668:668
ds_airport_connections_e672,chart_document,672,12,budget_random_0.40,3528,0.39994331065759636,0.34207794070243835,1081,705,34.78260869565217,570:415:627:705
ds_airport_connections_e672,chart_document,672,12,budget_semantic_0.40,3528,0.39994331065759636,0.28473034501075745,1081,776,28.214616096207212,552:377:612:776
ds_airport_connections_e672,chart_document,672,12,budget_tail_0.40,3528,0.39994331065759636,0.2912697494029999,1081,580,46.34597594819611,579:579:579:580
ds_airport_connections_e672,chart_document,672,12,budget_random_0.50,3528,0.5,0.4270094931125641,1081,611,43.47826086956522,473:350:530:611
ds_airport_connections_e672,chart_document,672,12,budget_semantic_0.50,3528,0.5,0.36864906549453735,1081,687,36.44773358001851,453:319:505:687
ds_airport_connections_e672,chart_document,672,12,budget_tail_0.50,3528,0.5,0.37441086769104004,1081,491,54.5790934320074,491:491:491:491
ds_airport_connections_e672,chart_document,672,24,full_k8,3528,0.0,0.0,1233,1233,0.0,896:689:910:1233
ds_airport_connections_e672,chart_document,672,24,random_k6,3528,0.25,0.2371082901954651,1233,936,24.087591240875916,707:510:693:936
ds_airport_connections_e672,chart_document,672,24,semantic_k6,3528,0.25,0.17593464255332947,1233,1054,14.517437145174373,619:495:678:1054
ds_airport_connections_e672,chart_document,672,24,tail_k6,3528,0.25,0.1784043163061142,1233,899,27.088402270884025,623:611:713:899
ds_airport_connections_e672,chart_document,672,24,random_k4,3528,0.5,0.47620922327041626,1233,646,47.60746147607462,487:361:470:646
ds_airport_connections_e672,chart_document,672,24,semantic_k4,3528,0.5,0.3715278208255768,1233,807,34.54987834549878,391:323:443:807
ds_airport_connections_e672,chart_document,672,24,tail_k4,3528,0.5,0.37308377027511597,1233,715,42.01135442011355,381:400:468:715
ds_airport_connections_e672,chart_document,672,24,random_k2,3528,0.75,0.7134832739830017,1233,336,72.74939172749392,261:221:264:336
ds_airport_connections_e672,chart_document,672,24,semantic_k2,3528,0.75,0.6043948531150818,1233,518,57.98864557988645,162:169:233:518
ds_airport_connections_e672,chart_document,672,24,tail_k2,3528,0.75,0.6051323413848877,1233,467,62.12489862124899,193:198:224:467
ds_airport_connections_e672,chart_document,672,24,random_k1,3528,0.875,0.8309968113899231,1233,219,82.23844282238443,147:121:154:219
ds_airport_connections_e672,chart_document,672,24,semantic_k1,3528,0.875,0.7497003078460693,1233,317,74.29034874290349,108:79:137:317
ds_airport_connections_e672,chart_document,672,24,tail_k1,3528,0.875,0.7499648928642273,1233,295,76.07461476074616,124:88:134:295
ds_airport_connections_e672,chart_document,672,24,budget_random_0.01,3528,0.00992063492063492,0.008582028560340405,1233,1224,0.7299270072992692,889:680:900:1224
ds_airport_connections_e672,chart_document,672,24,budget_semantic_0.01,3528,0.00992063492063492,0.0031040948815643787,1233,1222,0.8921330089213253,884:688:899:1222
ds_airport_connections_e672,chart_document,672,24,budget_tail_0.01,3528,0.00992063492063492,0.004876173101365566,1233,1198,2.838605028386054,896:689:910:1198
ds_airport_connections_e672,chart_document,672,24,budget_random_0.02,3528,0.020124716553287982,0.016974354162812233,1233,1209,1.9464720194647178,878:673:897:1209
ds_airport_connections_e672,chart_document,672,24,budget_semantic_0.02,3528,0.020124716553287982,0.008566657081246376,1233,1215,1.4598540145985384,869:684:889:1215
ds_airport_connections_e672,chart_document,672,24,budget_tail_0.02,3528,0.020124716553287982,0.011307497508823872,1233,1162,5.7583130575831305,896:689:910:1162
ds_airport_connections_e672,chart_document,672,24,budget_random_0.05,3528,0.049886621315192746,0.04526858404278755,1233,1176,4.622871046228716,846:668:862:1176
ds_airport_connections_e672,chart_document,672,24,budget_semantic_0.05,3528,0.049886621315192746,0.026121944189071655,1233,1190,3.48742903487429,841:658:863:1190
ds_airport_connections_e672,chart_document,672,24,budget_tail_0.05,3528,0.049886621315192746,0.03206191211938858,1233,1057,14.274128142741283,896:689:910:1057
ds_airport_connections_e672,chart_document,672,24,budget_random_0.10,3528,0.10005668934240362,0.08660531789064407,1233,1130,8.353609083536096,799:624:822:1130
ds_airport_connections_e672,chart_document,672,24,budget_semantic_0.10,3528,0.10005668934240362,0.058096498250961304,1233,1158,6.082725060827254,784:618:815:1158
ds_airport_connections_e672,chart_document,672,24,budget_tail_0.10,3528,0.10005668934240362,0.0691830962896347,1233,896,27.331711273317115,895:689:895:896
ds_airport_connections_e672,chart_document,672,24,budget_random_0.20,3528,0.20011337868480725,0.1712888926267624,1233,1010,18.085969180859696,713:556:743:1010
ds_airport_connections_e672,chart_document,672,24,budget_semantic_0.20,3528,0.20011337868480725,0.1273481696844101,1233,1081,12.327656123276565,676:548:717:1081
ds_airport_connections_e672,chart_document,672,24,budget_tail_0.20,3528,0.20011337868480725,0.13819639384746552,1233,778,36.90186536901865,777:689:778:778
ds_airport_connections_e672,chart_document,672,24,budget_random_0.30,3528,0.2998866213151927,0.25924721360206604,1233,900,27.00729927007299,647:480:643:900
ds_airport_connections_e672,chart_document,672,24,budget_semantic_0.30,3528,0.2998866213151927,0.2017543762922287,1233,998,19.059205190592053,570:474:628:998
ds_airport_connections_e672,chart_document,672,24,budget_tail_0.30,3528,0.2998866213151927,0.21388980746269226,1233,668,45.82319545823196,667:667:668:668
ds_airport_connections_e672,chart_document,672,24,budget_random_0.40,3528,0.39994331065759636,0.3457534909248352,1233,808,34.46877534468775,512:428:569:808
ds_airport_connections_e672,chart_document,672,24,budget_semantic_0.40,3528,0.39994331065759636,0.2809445261955261,1233,905,26.601784266017848,479:401:532:905
ds_airport_connections_e672,chart_document,672,24,budget_tail_0.40,3528,0.39994331065759636,0.2923973500728607,1233,580,52.960259529602595,579:579:579:580
ds_airport_connections_e672,chart_document,672,24,budget_random_0.50,3528,0.5,0.4280889928340912,1233,715,42.01135442011355,435:342:472:715
ds_airport_connections_e672,chart_document,672,24,budget_semantic_0.50,3528,0.5,0.3644976019859314,1233,819,33.57664233576643,374:332:439:819
ds_airport_connections_e672,chart_document,672,24,budget_tail_0.50,3528,0.5,0.37654173374176025,1233,491,60.178426601784274,491:491:491:491
ds_airport_connections_e672,chart_document,672,36,full_k8,3528,0.0,0.0,1255,1255,0.0,837:852:784:1255
ds_airport_connections_e672,chart_document,672,36,random_k6,3528,0.25,0.2317284494638443,1255,981,21.832669322709165,645:637:583:981
ds_airport_connections_e672,chart_document,672,36,semantic_k6,3528,0.25,0.17297418415546417,1255,1066,15.059760956175294,566:595:619:1066
ds_airport_connections_e672,chart_document,672,36,tail_k6,3528,0.25,0.1752420961856842,1255,900,28.28685258964143,583:685:678:900
ds_airport_connections_e672,chart_document,672,36,random_k4,3528,0.5,0.47124171257019043,1255,654,47.888446215139446,444:451:415:654
ds_airport_connections_e672,chart_document,672,36,semantic_k4,3528,0.5,0.3664364814758301,1255,804,35.93625498007968,379:368:413:804
ds_airport_connections_e672,chart_document,672,36,tail_k4,3528,0.5,0.3678704500198364,1255,704,43.904382470119515,428:436:396:704
ds_airport_connections_e672,chart_document,672,36,random_k2,3528,0.75,0.7087661623954773,1255,358,71.47410358565737,242:236:246:358
ds_airport_connections_e672,chart_document,672,36,semantic_k2,3528,0.75,0.6002404093742371,1255,509,59.442231075697215,188:151:234:509
ds_airport_connections_e672,chart_document,672,36,tail_k2,3528,0.75,0.601004958152771,1255,462,63.18725099601594,201:192:227:462
ds_airport_connections_e672,chart_document,672,36,random_k1,3528,0.875,0.8288966417312622,1255,220,82.47011952191234,142:131:148:220
ds_airport_connections_e672,chart_document,672,36,semantic_k1,3528,0.875,0.7457836866378784,1255,339,72.98804780876493,95:77:130:339
ds_airport_connections_e672,chart_document,672,36,tail_k1,3528,0.875,0.7462045550346375,1255,309,75.37848605577689,103:94:135:309
ds_airport_connections_e672,chart_document,672,36,budget_random_0.01,3528,0.00992063492063492,0.00860712118446827,1255,1247,0.6374501992031822,828:842:776:1247
ds_airport_connections_e672,chart_document,672,36,budget_semantic_0.01,3528,0.00992063492063492,0.003524330910295248,1255,1250,0.3984063745019917,829:842:772:1250
ds_airport_connections_e672,chart_document,672,36,budget_tail_0.01,3528,0.00992063492063492,0.005163254216313362,1255,1220,2.7888446215139417,837:852:784:1220
ds_airport_connections_e672,chart_document,672,36,budget_random_0.02,3528,0.020124716553287982,0.01689203642308712,1255,1232,1.8326693227091684,820:834:771:1232
ds_airport_connections_e672,chart_document,672,36,budget_semantic_0.02,3528,0.020124716553287982,0.008672939613461494,1255,1239,1.2749003984063756,819:837:762:1239
ds_airport_connections_e672,chart_document,672,36,budget_tail_0.02,3528,0.020124716553287982,0.011286934837698936,1255,1184,5.657370517928284,837:852:784:1184
ds_airport_connections_e672,chart_document,672,36,budget_random_0.05,3528,0.049886621315192746,0.0440499372780323,1255,1205,3.984063745019917,778:811:758:1205
ds_airport_connections_e672,chart_document,672,36,budget_semantic_0.05,3528,0.049886621315192746,0.025192275643348694,1255,1216,3.107569721115533,787:815:734:1216
ds_airport_connections_e672,chart_document,672,36,budget_tail_0.05,3528,0.049886621315192746,0.03145208954811096,1255,1079,14.023904382470121,837:852:784:1079
ds_airport_connections_e672,chart_document,672,36,budget_random_0.10,3528,0.10005668934240362,0.08712472021579742,1255,1127,10.199203187250994,751:773:724:1127
ds_airport_connections_e672,chart_document,672,36,budget_semantic_0.10,3528,0.10005668934240362,0.05576027184724808,1255,1176,6.294820717131477,732:769:698:1176
ds_airport_connections_e672,chart_document,672,36,budget_tail_0.10,3528,0.10005668934240362,0.06983853876590729,1255,902,28.12749003984064,837:852:784:902
ds_airport_connections_e672,chart_document,672,36,budget_random_0.20,3528,0.20011337868480725,0.17182713747024536,1255,1034,17.609561752988046,679:681:628:1034
ds_airport_connections_e672,chart_document,672,36,budget_semantic_0.20,3528,0.20011337868480725,0.12322772294282913,1255,1091,13.067729083665336,623:683:625:1091
ds_airport_connections_e672,chart_document,672,36,budget_tail_0.20,3528,0.20011337868480725,0.13653568923473358,1255,756,39.7609561752988,755:756:755:756
ds_airport_connections_e672,chart_document,672,36,budget_random_0.30,3528,0.2998866213151927,0.25727081298828125,1255,928,26.05577689243028,588:591:563:928
ds_airport_connections_e672,chart_document,672,36,budget_semantic_0.30,3528,0.2998866213151927,0.19670258462429047,1255,998,20.478087649402386,532:590:550:998
ds_airport_connections_e672,chart_document,672,36,budget_tail_0.30,3528,0.2998866213151927,0.20753850042819977,1255,668,46.77290836653386,667:668:667:668
ds_airport_connections_e672,chart_document,672,36,budget_random_0.40,3528,0.39994331065759636,0.3417510986328125,1255,829,33.94422310756973,482:515:491:829
ds_airport_connections_e672,chart_document,672,36,budget_semantic_0.40,3528,0.39994331065759636,0.27549663186073303,1255,897,28.525896414342633,451:487:482:897
ds_airport_connections_e672,chart_document,672,36,budget_tail_0.40,3528,0.39994331065759636,0.2854345142841339,1255,580,53.78486055776892,579:579:579:580
ds_airport_connections_e672,chart_document,672,36,budget_random_0.50,3528,0.5,0.4252776801586151,1255,723,42.39043824701195,415:416:410:723
ds_airport_connections_e672,chart_document,672,36,budget_semantic_0.50,3528,0.5,0.359104186296463,1255,789,37.13147410358566,382:382:411:789
ds_airport_connections_e672,chart_document,672,36,budget_tail_0.50,3528,0.5,0.3694152235984802,1255,491,60.876494023904385,491:491:491:491
ds_airport_connections_e672,chart_document,672,44,full_k8,3528,0.0,0.0,1216,1216,0.0,1216:965:859:688
ds_airport_connections_e672,chart_document,672,44,random_k6,3528,0.25,0.23996184766292572,1216,933,23.27302631578947,933:713:661:539
ds_airport_connections_e672,chart_document,672,44,semantic_k6,3528,0.25,0.19244149327278137,1216,879,27.713815789473685,879:721:677:569
ds_airport_connections_e672,chart_document,672,44,tail_k6,3528,0.25,0.19474387168884277,1216,755,37.911184210526315,748:698:755:645
ds_airport_connections_e672,chart_document,672,44,random_k4,3528,0.5,0.4760858118534088,1216,585,51.89144736842105,585:506:505:368
ds_airport_connections_e672,chart_document,672,44,semantic_k4,3528,0.5,0.4003143310546875,1216,633,47.94407894736842,633:492:471:368
ds_airport_connections_e672,chart_document,672,44,tail_k4,3528,0.5,0.40218496322631836,1216,547,55.01644736842105,547:503:471:443
ds_airport_connections_e672,chart_document,672,44,random_k2,3528,0.75,0.7125719785690308,1216,352,71.05263157894737,352:277:269:184
ds_airport_connections_e672,chart_document,672,44,semantic_k2,3528,0.75,0.6343803405761719,1216,376,69.07894736842105,376:275:244:187
ds_airport_connections_e672,chart_document,672,44,tail_k2,3528,0.75,0.6354273557662964,1216,342,71.875,342:272:235:233
ds_airport_connections_e672,chart_document,672,44,random_k1,3528,0.875,0.827216625213623,1216,210,82.73026315789474,210:147:157:127
ds_airport_connections_e672,chart_document,672,44,semantic_k1,3528,0.875,0.7707662582397461,1216,237,80.50986842105263,237:160:157:87
ds_airport_connections_e672,chart_document,672,44,tail_k1,3528,0.875,0.7713499665260315,1216,224,81.57894736842105,224:139:166:112
ds_airport_connections_e672,chart_document,672,44,budget_random_0.01,3528,0.00992063492063492,0.008911251090466976,1216,1203,1.0690789473684181,1203:958:850:682
ds_airport_connections_e672,chart_document,672,44,budget_semantic_0.01,3528,0.00992063492063492,0.004944156389683485,1216,1205,0.9046052631578982,1205:956:850:682
ds_airport_connections_e672,chart_document,672,44,budget_tail_0.01,3528,0.00992063492063492,0.005750110372900963,1216,1181,2.8782894736842146,1181:965:859:688
ds_airport_connections_e672,chart_document,672,44,budget_random_0.02,3528,0.020124716553287982,0.01711767539381981,1216,1190,2.1381578947368474,1190:945:842:680
ds_airport_connections_e672,chart_document,672,44,budget_semantic_0.02,3528,0.020124716553287982,0.01093769446015358,1216,1197,1.5625,1197:946:840:674
ds_airport_connections_e672,chart_document,672,44,budget_tail_0.02,3528,0.020124716553287982,0.012602738104760647,1216,1145,5.838815789473683,1145:965:859:688
ds_airport_connections_e672,chart_document,672,44,budget_random_0.05,3528,0.049886621315192746,0.04432925581932068,1216,1152,5.263157894736848,1152:924:825:651
ds_airport_connections_e672,chart_document,672,44,budget_semantic_0.05,3528,0.049886621315192746,0.030218787491321564,1216,1160,4.6052631578947345,1160:910:829:653
ds_airport_connections_e672,chart_document,672,44,budget_tail_0.05,3528,0.049886621315192746,0.03434499725699425,1216,1040,14.473684210526317,1040:965:859:688
ds_airport_connections_e672,chart_document,672,44,budget_random_0.10,3528,0.10005668934240362,0.08832549303770065,1216,1111,8.634868421052634,1111:876:778:610
ds_airport_connections_e672,chart_document,672,44,budget_semantic_0.10,3528,0.10005668934240362,0.06556496024131775,1216,1104,9.210526315789469,1104:853:798:620
ds_airport_connections_e672,chart_document,672,44,budget_tail_0.10,3528,0.10005668934240362,0.07141703367233276,1216,914,24.83552631578947,914:914:859:688
ds_airport_connections_e672,chart_document,672,44,budget_random_0.20,3528,0.20011337868480725,0.17628701031208038,1216,998,17.927631578947366,998:763:719:542
ds_airport_connections_e672,chart_document,672,44,budget_semantic_0.20,3528,0.20011337868480725,0.14145657420158386,1216,993,18.338815789473685,993:765:706:558
ds_airport_connections_e672,chart_document,672,44,budget_tail_0.20,3528,0.20011337868480725,0.1470775455236435,1216,778,36.01973684210527,778:778:778:688
ds_airport_connections_e672,chart_document,672,44,budget_random_0.30,3528,0.2998866213151927,0.2656472325325012,1216,864,28.947368421052634,864:700:610:496
ds_airport_connections_e672,chart_document,672,44,budget_semantic_0.30,3528,0.2998866213151927,0.2222520411014557,1216,864,28.947368421052634,864:678:632:496
ds_airport_connections_e672,chart_document,672,44,budget_tail_0.30,3528,0.2998866213151927,0.227480947971344,1216,668,45.06578947368421,668:668:667:667
ds_airport_connections_e672,chart_document,672,44,budget_random_0.40,3528,0.39994331065759636,0.3525700569152832,1216,756,37.82894736842105,756:603:558:400
ds_airport_connections_e672,chart_document,672,44,budget_semantic_0.40,3528,0.39994331065759636,0.3069637715816498,1216,754,37.99342105263158,754:593:546:424
ds_airport_connections_e672,chart_document,672,44,budget_tail_0.40,3528,0.39994331065759636,0.31008026003837585,1216,580,52.30263157894737,580:579:579:579
ds_airport_connections_e672,chart_document,672,44,budget_random_0.50,3528,0.5,0.4398590922355652,1216,668,45.06578947368421,668:495:458:343
ds_airport_connections_e672,chart_document,672,44,budget_semantic_0.50,3528,0.5,0.3949005901813507,1216,642,47.20394736842105,642:505:452:365
ds_airport_connections_e672,chart_document,672,44,budget_tail_0.50,3528,0.5,0.3973802626132965,1216,491,59.621710526315795,491:491:491:491
ds_airport_connections_e672,chart_document,672,47,full_k8,3528,0.0,0.0,1243,1243,0.0,1243:960:618:907
ds_airport_connections_e672,chart_document,672,47,random_k6,3528,0.25,0.23542341589927673,1243,953,23.330651649235723,953:717:468:708
ds_airport_connections_e672,chart_document,672,47,semantic_k6,3528,0.25,0.20363329350948334,1243,892,28.23813354786806,892:675:497:782
ds_airport_connections_e672,chart_document,672,47,tail_k6,3528,0.25,0.2064242660999298,1243,811,34.75462590506838,718:811:585:732
ds_airport_connections_e672,chart_document,672,47,random_k4,3528,0.5,0.4714663326740265,1243,651,47.626709573612224,651:487:349:477
ds_airport_connections_e672,chart_document,672,47,semantic_k4,3528,0.5,0.4205654263496399,1243,608,51.08608205953339,608:447:333:576
ds_airport_connections_e672,chart_document,672,47,tail_k4,3528,0.5,0.4227846562862396,1243,532,57.200321802091715,516:490:426:532
ds_airport_connections_e672,chart_document,672,47,random_k2,3528,0.75,0.7125107645988464,1243,346,72.16411906677394,346:280:180:276
ds_airport_connections_e672,chart_document,672,47,semantic_k2,3528,0.75,0.6587309837341309,1243,352,71.68141592920354,322:230:178:352
ds_airport_connections_e672,chart_document,672,47,tail_k2,3528,0.75,0.660100519657135,1243,325,73.85358004827032,265:240:252:325
ds_airport_connections_e672,chart_document,672,47,random_k1,3528,0.875,0.8272644877433777,1243,195,84.31214802896218,195:152:122:172
ds_airport_connections_e672,chart_document,672,47,semantic_k1,3528,0.875,0.7920461893081665,1243,221,82.22043443282381,182:132:106:221
ds_airport_connections_e672,chart_document,672,47,tail_k1,3528,0.875,0.7928652763366699,1243,179,85.59935639581657,174:162:126:179
ds_airport_connections_e672,chart_document,672,47,budget_random_0.01,3528,0.00992063492063492,0.009151684120297432,1243,1227,1.2872083668543866,1227:953:609:904
ds_airport_connections_e672,chart_document,672,47,budget_semantic_0.01,3528,0.00992063492063492,0.005792377050966024,1243,1229,1.1263073209975882,1229:952:612:900
ds_airport_connections_e672,chart_document,672,47,budget_tail_0.01,3528,0.00992063492063492,0.006299986969679594,1243,1208,2.8157683024939706,1208:960:618:907
ds_airport_connections_e672,chart_document,672,47,budget_random_0.02,3528,0.020124716553287982,0.01809954084455967,1243,1224,1.528559935639584,1224:940:606:887
ds_airport_connections_e672,chart_document,672,47,budget_semantic_0.02,3528,0.020124716553287982,0.012481536716222763,1243,1217,2.091713596138378,1217:939:606:895
ds_airport_connections_e672,chart_document,672,47,budget_tail_0.02,3528,0.020124716553287982,0.013737398199737072,1243,1172,5.711987127916329,1172:960:618:907
ds_airport_connections_e672,chart_document,672,47,budget_random_0.05,3528,0.049886621315192746,0.04509382322430611,1243,1186,4.5856798069187406,1186:906:589:871
ds_airport_connections_e672,chart_document,672,47,budget_semantic_0.05,3528,0.049886621315192746,0.033769391477108,1243,1186,4.5856798069187406,1186:898:587:881
ds_airport_connections_e672,chart_document,672,47,budget_tail_0.05,3528,0.049886621315192746,0.03719388321042061,1243,1067,14.15929203539823,1067:960:618:907
ds_airport_connections_e672,chart_document,672,47,budget_random_0.10,3528,0.10005668934240362,0.09118989109992981,1243,1127,9.332260659694292,1127:871:554:823
ds_airport_connections_e672,chart_document,672,47,budget_semantic_0.10,3528,0.10005668934240362,0.0720936581492424,1243,1132,8.930008045052295,1132:840:552:851
ds_airport_connections_e672,chart_document,672,47,budget_tail_0.10,3528,0.10005668934240362,0.07738031446933746,1243,925,25.58326629123089,925:925:618:907
ds_airport_connections_e672,chart_document,672,47,budget_random_0.20,3528,0.20011337868480725,0.18129943311214447,1243,1008,18.905872888173768,1008:772:504:738
ds_airport_connections_e672,chart_document,672,47,budget_semantic_0.20,3528,0.20011337868480725,0.15354853868484497,1243,1004,19.227674979887365,1004:737:489:792
ds_airport_connections_e672,chart_document,672,47,budget_tail_0.20,3528,0.20011337868480725,0.1575782746076584,1243,802,35.478680611423975,802:801:618:801
ds_airport_connections_e672,chart_document,672,47,budget_random_0.30,3528,0.2998866213151927,0.27215030789375305,1243,908,26.950925181013673,908:662:436:664
ds_airport_connections_e672,chart_document,672,47,budget_semantic_0.30,3528,0.2998866213151927,0.23872777819633484,1243,874,29.686242960579246,874:645:440:711
ds_airport_connections_e672,chart_document,672,47,budget_tail_0.30,3528,0.2998866213151927,0.24356098473072052,1243,684,44.971842316975064,684:684:618:684
ds_airport_connections_e672,chart_document,672,47,budget_random_0.40,3528,0.39994331065759636,0.36148589849472046,1243,777,37.48994368463395,777:566:380:594
ds_airport_connections_e672,chart_document,672,47,budget_semantic_0.40,3528,0.39994331065759636,0.32683801651000977,1243,751,39.58165728077232,751:552:385:629
ds_airport_connections_e672,chart_document,672,47,budget_tail_0.40,3528,0.39994331065759636,0.33082935214042664,1243,580,53.338696701528555,580:579:579:579
ds_airport_connections_e672,chart_document,672,47,budget_random_0.50,3528,0.5,0.45185190439224243,1243,651,47.626709573612224,651:486:327:500
ds_airport_connections_e672,chart_document,672,47,budget_semantic_0.50,3528,0.5,0.41726723313331604,1243,638,48.67256637168141,638:448:327:551
ds_airport_connections_e672,chart_document,672,47,budget_tail_0.50,3528,0.5,0.41988644003868103,1243,491,60.49879324215608,491:491:491:491
