case_id,task,phase,scope,total_rows,active_experts,inactive_experts,geometry,mean_m_e,min_m_e,max_m_e,m_e_cv,operation,repetition,latency_ms
case_000_real,gsm8k,early,real_route_replay,1606,50,14,real,32.12,1,145,1.0628919014118656,gate_up_full64_prebuilt,0,0.38099199533462524
case_000_real,gsm8k,early,real_route_replay,1606,50,14,real,32.12,1,145,1.0628919014118656,gate_up_full64_prebuilt,1,0.3688960075378418
case_000_real,gsm8k,early,real_route_replay,1606,50,14,real,32.12,1,145,1.0628919014118656,gate_up_full64_prebuilt,2,0.34035199880599976
case_000_real,gsm8k,early,real_route_replay,1606,50,14,real,32.12,1,145,1.0628919014118656,gate_up_full64_prebuilt,3,0.33849599957466125
case_000_real,gsm8k,early,real_route_replay,1606,50,14,real,32.12,1,145,1.0628919014118656,gate_up_full64_prebuilt,4,0.33980798721313477
case_000_real,gsm8k,early,real_route_replay,1606,50,14,real,32.12,1,145,1.0628919014118656,gate_up_full64_prebuilt,5,0.3372479975223541
case_000_real,gsm8k,early,real_route_replay,1606,50,14,real,32.12,1,145,1.0628919014118656,gate_up_full64_prebuilt,6,0.33977600932121277
case_000_real,gsm8k,early,real_route_replay,1606,50,14,real,32.12,1,145,1.0628919014118656,gate_up_full64_prebuilt,7,0.3368000090122223
case_000_real,gsm8k,early,real_route_replay,1606,50,14,real,32.12,1,145,1.0628919014118656,gate_up_full64_prebuilt,8,0.342272013425827
case_000_real,gsm8k,early,real_route_replay,1606,50,14,real,32.12,1,145,1.0628919014118656,gate_up_full64_prebuilt,9,0.3425599932670593
case_000_real,gsm8k,early,real_route_replay,1606,50,14,real,32.12,1,145,1.0628919014118656,gate_up_full64_prebuilt,10,0.34089601039886475
case_000_real,gsm8k,early,real_route_replay,1606,50,14,real,32.12,1,145,1.0628919014118656,gate_up_full64_prebuilt,11,0.3416000008583069
case_000_real,gsm8k,early,real_route_replay,1606,50,14,real,32.12,1,145,1.0628919014118656,gate_up_full64_prebuilt,12,0.3437120020389557
case_000_real,gsm8k,early,real_route_replay,1606,50,14,real,32.12,1,145,1.0628919014118656,gate_up_full64_prebuilt,13,0.3431679904460907
case_000_real,gsm8k,early,real_route_replay,1606,50,14,real,32.12,1,145,1.0628919014118656,gate_up_full64_prebuilt,14,0.33849599957466125
case_000_real,gsm8k,early,real_route_replay,1606,50,14,real,32.12,1,145,1.0628919014118656,gate_up_full64_prebuilt,15,0.33542400598526
case_000_real,gsm8k,early,real_route_replay,1606,50,14,real,32.12,1,145,1.0628919014118656,gate_up_full64_prebuilt,16,0.33952000737190247
case_000_real,gsm8k,early,real_route_replay,1606,50,14,real,32.12,1,145,1.0628919014118656,gate_up_full64_prebuilt,17,0.3405759930610657
case_000_real,gsm8k,early,real_route_replay,1606,50,14,real,32.12,1,145,1.0628919014118656,gate_up_full64_prebuilt,18,0.34492799639701843
case_000_real,gsm8k,early,real_route_replay,1606,50,14,real,32.12,1,145,1.0628919014118656,gate_up_full64_prebuilt,19,0.34249600768089294
case_000_real,gsm8k,early,real_route_replay,1606,50,14,real,32.12,1,145,1.0628919014118656,gate_up_full64_prebuilt,20,0.3365119993686676
case_000_real,gsm8k,early,real_route_replay,1606,50,14,real,32.12,1,145,1.0628919014118656,gate_up_full64_prebuilt,21,0.3362880051136017
case_000_real,gsm8k,early,real_route_replay,1606,50,14,real,32.12,1,145,1.0628919014118656,gate_up_full64_prebuilt,22,0.3373120129108429
case_000_real,gsm8k,early,real_route_replay,1606,50,14,real,32.12,1,145,1.0628919014118656,gate_up_full64_prebuilt,23,0.33795198798179626
case_000_real,gsm8k,early,real_route_replay,1606,50,14,real,32.12,1,145,1.0628919014118656,gate_up_full64_prebuilt,24,0.3380799889564514
case_000_real,gsm8k,early,real_route_replay,1606,50,14,real,32.12,1,145,1.0628919014118656,gate_up_full64_prebuilt,25,0.3381440043449402
case_000_real,gsm8k,early,real_route_replay,1606,50,14,real,32.12,1,145,1.0628919014118656,gate_up_full64_prebuilt,26,0.3391039967536926
case_000_real,gsm8k,early,real_route_replay,1606,50,14,real,32.12,1,145,1.0628919014118656,gate_up_full64_prebuilt,27,0.3359360098838806
case_000_real,gsm8k,early,real_route_replay,1606,50,14,real,32.12,1,145,1.0628919014118656,gate_up_full64_prebuilt,28,0.3415679931640625
case_000_real,gsm8k,early,real_route_replay,1606,50,14,real,32.12,1,145,1.0628919014118656,gate_up_full64_prebuilt,29,0.3402239978313446
case_000_real,gsm8k,early,real_route_replay,1606,50,14,real,32.12,1,145,1.0628919014118656,gate_up_full64_prebuilt,30,0.33904001116752625
case_000_real,gsm8k,early,real_route_replay,1606,50,14,real,32.12,1,145,1.0628919014118656,gate_up_full64_prebuilt,31,0.3364799916744232
case_000_real,gsm8k,early,real_route_replay,1606,50,14,real,32.12,1,145,1.0628919014118656,gate_up_full64_prebuilt,32,0.3370560109615326
case_000_real,gsm8k,early,real_route_replay,1606,50,14,real,32.12,1,145,1.0628919014118656,gate_up_full64_prebuilt,33,0.33798399567604065
case_000_real,gsm8k,early,real_route_replay,1606,50,14,real,32.12,1,145,1.0628919014118656,gate_up_full64_prebuilt,34,0.3413439989089966
case_000_real,gsm8k,early,real_route_replay,1606,50,14,real,32.12,1,145,1.0628919014118656,gate_up_full64_prebuilt,35,0.3441280126571655
case_000_real,gsm8k,early,real_route_replay,1606,50,14,real,32.12,1,145,1.0628919014118656,gate_up_full64_prebuilt,36,0.33904001116752625
case_000_real,gsm8k,early,real_route_replay,1606,50,14,real,32.12,1,145,1.0628919014118656,gate_up_full64_prebuilt,37,0.34060800075531006
case_000_real,gsm8k,early,real_route_replay,1606,50,14,real,32.12,1,145,1.0628919014118656,gate_up_full64_prebuilt,38,0.33823999762535095
case_000_real,gsm8k,early,real_route_replay,1606,50,14,real,32.12,1,145,1.0628919014118656,gate_up_full64_prebuilt,39,0.33820798993110657
case_000_real,gsm8k,early,real_route_replay,1606,50,14,real,32.12,1,145,1.0628919014118656,down_full64_prebuilt,0,0.2122880071401596
case_000_real,gsm8k,early,real_route_replay,1606,50,14,real,32.12,1,145,1.0628919014118656,down_full64_prebuilt,1,0.2078080028295517
case_000_real,gsm8k,early,real_route_replay,1606,50,14,real,32.12,1,145,1.0628919014118656,down_full64_prebuilt,2,0.20614400506019592
case_000_real,gsm8k,early,real_route_replay,1606,50,14,real,32.12,1,145,1.0628919014118656,down_full64_prebuilt,3,0.20723199844360352
case_000_real,gsm8k,early,real_route_replay,1606,50,14,real,32.12,1,145,1.0628919014118656,down_full64_prebuilt,4,0.20640000700950623
case_000_real,gsm8k,early,real_route_replay,1606,50,14,real,32.12,1,145,1.0628919014118656,down_full64_prebuilt,5,0.20537599921226501
case_000_real,gsm8k,early,real_route_replay,1606,50,14,real,32.12,1,145,1.0628919014118656,down_full64_prebuilt,6,0.20931200683116913
case_000_real,gsm8k,early,real_route_replay,1606,50,14,real,32.12,1,145,1.0628919014118656,down_full64_prebuilt,7,0.21129600703716278
case_000_real,gsm8k,early,real_route_replay,1606,50,14,real,32.12,1,145,1.0628919014118656,down_full64_prebuilt,8,0.20822399854660034
case_000_real,gsm8k,early,real_route_replay,1606,50,14,real,32.12,1,145,1.0628919014118656,down_full64_prebuilt,9,0.20985600352287292
case_000_real,gsm8k,early,real_route_replay,1606,50,14,real,32.12,1,145,1.0628919014118656,down_full64_prebuilt,10,0.20988799631595612
case_000_real,gsm8k,early,real_route_replay,1606,50,14,real,32.12,1,145,1.0628919014118656,down_full64_prebuilt,11,0.21007999777793884
case_000_real,gsm8k,early,real_route_replay,1606,50,14,real,32.12,1,145,1.0628919014118656,down_full64_prebuilt,12,0.208064004778862
case_000_real,gsm8k,early,real_route_replay,1606,50,14,real,32.12,1,145,1.0628919014118656,down_full64_prebuilt,13,0.20880000293254852
case_000_real,gsm8k,early,real_route_replay,1606,50,14,real,32.12,1,145,1.0628919014118656,down_full64_prebuilt,14,0.2120639979839325
case_000_real,gsm8k,early,real_route_replay,1606,50,14,real,32.12,1,145,1.0628919014118656,down_full64_prebuilt,15,0.206496000289917
case_000_real,gsm8k,early,real_route_replay,1606,50,14,real,32.12,1,145,1.0628919014118656,down_full64_prebuilt,16,0.20576000213623047
case_000_real,gsm8k,early,real_route_replay,1606,50,14,real,32.12,1,145,1.0628919014118656,down_full64_prebuilt,17,0.20608000457286835
case_000_real,gsm8k,early,real_route_replay,1606,50,14,real,32.12,1,145,1.0628919014118656,down_full64_prebuilt,18,0.20956799387931824
case_000_real,gsm8k,early,real_route_replay,1606,50,14,real,32.12,1,145,1.0628919014118656,down_full64_prebuilt,19,0.2051520049571991
case_000_real,gsm8k,early,real_route_replay,1606,50,14,real,32.12,1,145,1.0628919014118656,down_full64_prebuilt,20,0.20793600380420685
case_000_real,gsm8k,early,real_route_replay,1606,50,14,real,32.12,1,145,1.0628919014118656,down_full64_prebuilt,21,0.2120320051908493
case_000_real,gsm8k,early,real_route_replay,1606,50,14,real,32.12,1,145,1.0628919014118656,down_full64_prebuilt,22,0.21129600703716278
case_000_real,gsm8k,early,real_route_replay,1606,50,14,real,32.12,1,145,1.0628919014118656,down_full64_prebuilt,23,0.20812800526618958
case_000_real,gsm8k,early,real_route_replay,1606,50,14,real,32.12,1,145,1.0628919014118656,down_full64_prebuilt,24,0.208639994263649
case_000_real,gsm8k,early,real_route_replay,1606,50,14,real,32.12,1,145,1.0628919014118656,down_full64_prebuilt,25,0.20931200683116913
case_000_real,gsm8k,early,real_route_replay,1606,50,14,real,32.12,1,145,1.0628919014118656,down_full64_prebuilt,26,0.20934399962425232
case_000_real,gsm8k,early,real_route_replay,1606,50,14,real,32.12,1,145,1.0628919014118656,down_full64_prebuilt,27,0.2070080041885376
case_000_real,gsm8k,early,real_route_replay,1606,50,14,real,32.12,1,145,1.0628919014118656,down_full64_prebuilt,28,0.21004800498485565
case_000_real,gsm8k,early,real_route_replay,1606,50,14,real,32.12,1,145,1.0628919014118656,down_full64_prebuilt,29,0.20931200683116913
case_000_real,gsm8k,early,real_route_replay,1606,50,14,real,32.12,1,145,1.0628919014118656,down_full64_prebuilt,30,0.20998400449752808
case_000_real,gsm8k,early,real_route_replay,1606,50,14,real,32.12,1,145,1.0628919014118656,down_full64_prebuilt,31,0.20819200575351715
case_000_real,gsm8k,early,real_route_replay,1606,50,14,real,32.12,1,145,1.0628919014118656,down_full64_prebuilt,32,0.2099200040102005
case_000_real,gsm8k,early,real_route_replay,1606,50,14,real,32.12,1,145,1.0628919014118656,down_full64_prebuilt,33,0.20559999346733093
case_000_real,gsm8k,early,real_route_replay,1606,50,14,real,32.12,1,145,1.0628919014118656,down_full64_prebuilt,34,0.2035840004682541
case_000_real,gsm8k,early,real_route_replay,1606,50,14,real,32.12,1,145,1.0628919014118656,down_full64_prebuilt,35,0.20572799444198608
case_000_real,gsm8k,early,real_route_replay,1606,50,14,real,32.12,1,145,1.0628919014118656,down_full64_prebuilt,36,0.20707200467586517
case_000_real,gsm8k,early,real_route_replay,1606,50,14,real,32.12,1,145,1.0628919014118656,down_full64_prebuilt,37,0.20537599921226501
case_000_real,gsm8k,early,real_route_replay,1606,50,14,real,32.12,1,145,1.0628919014118656,down_full64_prebuilt,38,0.20627200603485107
case_000_real,gsm8k,early,real_route_replay,1606,50,14,real,32.12,1,145,1.0628919014118656,down_full64_prebuilt,39,0.20547200739383698
case_000_real,gsm8k,early,real_route_replay,1606,50,14,real,32.12,1,145,1.0628919014118656,gate_up_active_prebuilt,0,0.34908801317214966
case_000_real,gsm8k,early,real_route_replay,1606,50,14,real,32.12,1,145,1.0628919014118656,gate_up_active_prebuilt,1,0.3410240113735199
case_000_real,gsm8k,early,real_route_replay,1606,50,14,real,32.12,1,145,1.0628919014118656,gate_up_active_prebuilt,2,0.33849599957466125
case_000_real,gsm8k,early,real_route_replay,1606,50,14,real,32.12,1,145,1.0628919014118656,gate_up_active_prebuilt,3,0.3372479975223541
case_000_real,gsm8k,early,real_route_replay,1606,50,14,real,32.12,1,145,1.0628919014118656,gate_up_active_prebuilt,4,0.34003201127052307
case_000_real,gsm8k,early,real_route_replay,1606,50,14,real,32.12,1,145,1.0628919014118656,gate_up_active_prebuilt,5,0.3386879861354828
case_000_real,gsm8k,early,real_route_replay,1606,50,14,real,32.12,1,145,1.0628919014118656,gate_up_active_prebuilt,6,0.3413119912147522
case_000_real,gsm8k,early,real_route_replay,1606,50,14,real,32.12,1,145,1.0628919014118656,gate_up_active_prebuilt,7,0.34086400270462036
case_000_real,gsm8k,early,real_route_replay,1606,50,14,real,32.12,1,145,1.0628919014118656,gate_up_active_prebuilt,8,0.34307199716567993
case_000_real,gsm8k,early,real_route_replay,1606,50,14,real,32.12,1,145,1.0628919014118656,gate_up_active_prebuilt,9,0.3417600095272064
case_000_real,gsm8k,early,real_route_replay,1606,50,14,real,32.12,1,145,1.0628919014118656,gate_up_active_prebuilt,10,0.3439039885997772
case_000_real,gsm8k,early,real_route_replay,1606,50,14,real,32.12,1,145,1.0628919014118656,gate_up_active_prebuilt,11,0.34006398916244507
case_000_real,gsm8k,early,real_route_replay,1606,50,14,real,32.12,1,145,1.0628919014118656,gate_up_active_prebuilt,12,0.34300801157951355
case_000_real,gsm8k,early,real_route_replay,1606,50,14,real,32.12,1,145,1.0628919014118656,gate_up_active_prebuilt,13,0.34297600388526917
case_000_real,gsm8k,early,real_route_replay,1606,50,14,real,32.12,1,145,1.0628919014118656,gate_up_active_prebuilt,14,0.3418880105018616
case_000_real,gsm8k,early,real_route_replay,1606,50,14,real,32.12,1,145,1.0628919014118656,gate_up_active_prebuilt,15,0.33721598982810974
case_000_real,gsm8k,early,real_route_replay,1606,50,14,real,32.12,1,145,1.0628919014118656,gate_up_active_prebuilt,16,0.3407360017299652
case_000_real,gsm8k,early,real_route_replay,1606,50,14,real,32.12,1,145,1.0628919014118656,gate_up_active_prebuilt,17,0.3370560109615326
case_000_real,gsm8k,early,real_route_replay,1606,50,14,real,32.12,1,145,1.0628919014118656,gate_up_active_prebuilt,18,0.33769598603248596
case_000_real,gsm8k,early,real_route_replay,1606,50,14,real,32.12,1,145,1.0628919014118656,gate_up_active_prebuilt,19,0.3360320031642914
case_000_real,gsm8k,early,real_route_replay,1606,50,14,real,32.12,1,145,1.0628919014118656,gate_up_active_prebuilt,20,0.3349440097808838
case_000_real,gsm8k,early,real_route_replay,1606,50,14,real,32.12,1,145,1.0628919014118656,gate_up_active_prebuilt,21,0.3424000144004822
case_000_real,gsm8k,early,real_route_replay,1606,50,14,real,32.12,1,145,1.0628919014118656,gate_up_active_prebuilt,22,0.34224000573158264
case_000_real,gsm8k,early,real_route_replay,1606,50,14,real,32.12,1,145,1.0628919014118656,gate_up_active_prebuilt,23,0.34143999218940735
case_000_real,gsm8k,early,real_route_replay,1606,50,14,real,32.12,1,145,1.0628919014118656,gate_up_active_prebuilt,24,0.3410879969596863
case_000_real,gsm8k,early,real_route_replay,1606,50,14,real,32.12,1,145,1.0628919014118656,gate_up_active_prebuilt,25,0.34275200963020325
case_000_real,gsm8k,early,real_route_replay,1606,50,14,real,32.12,1,145,1.0628919014118656,gate_up_active_prebuilt,26,0.3415679931640625
case_000_real,gsm8k,early,real_route_replay,1606,50,14,real,32.12,1,145,1.0628919014118656,gate_up_active_prebuilt,27,0.35948801040649414
case_000_real,gsm8k,early,real_route_replay,1606,50,14,real,32.12,1,145,1.0628919014118656,gate_up_active_prebuilt,28,0.349727988243103
case_000_real,gsm8k,early,real_route_replay,1606,50,14,real,32.12,1,145,1.0628919014118656,gate_up_active_prebuilt,29,0.3477439880371094
case_000_real,gsm8k,early,real_route_replay,1606,50,14,real,32.12,1,145,1.0628919014118656,gate_up_active_prebuilt,30,0.3505919873714447
case_000_real,gsm8k,early,real_route_replay,1606,50,14,real,32.12,1,145,1.0628919014118656,gate_up_active_prebuilt,31,0.3510720133781433
case_000_real,gsm8k,early,real_route_replay,1606,50,14,real,32.12,1,145,1.0628919014118656,gate_up_active_prebuilt,32,0.35017600655555725
case_000_real,gsm8k,early,real_route_replay,1606,50,14,real,32.12,1,145,1.0628919014118656,gate_up_active_prebuilt,33,0.33689600229263306
case_000_real,gsm8k,early,real_route_replay,1606,50,14,real,32.12,1,145,1.0628919014118656,gate_up_active_prebuilt,34,0.340831995010376
case_000_real,gsm8k,early,real_route_replay,1606,50,14,real,32.12,1,145,1.0628919014118656,gate_up_active_prebuilt,35,0.3416000008583069
case_000_real,gsm8k,early,real_route_replay,1606,50,14,real,32.12,1,145,1.0628919014118656,gate_up_active_prebuilt,36,0.3461439907550812
case_000_real,gsm8k,early,real_route_replay,1606,50,14,real,32.12,1,145,1.0628919014118656,gate_up_active_prebuilt,37,0.33817601203918457
case_000_real,gsm8k,early,real_route_replay,1606,50,14,real,32.12,1,145,1.0628919014118656,gate_up_active_prebuilt,38,0.33776000142097473
case_000_real,gsm8k,early,real_route_replay,1606,50,14,real,32.12,1,145,1.0628919014118656,gate_up_active_prebuilt,39,0.33881598711013794
case_000_real,gsm8k,early,real_route_replay,1606,50,14,real,32.12,1,145,1.0628919014118656,down_active_prebuilt,0,0.23520000278949738
case_000_real,gsm8k,early,real_route_replay,1606,50,14,real,32.12,1,145,1.0628919014118656,down_active_prebuilt,1,0.22470399737358093
case_000_real,gsm8k,early,real_route_replay,1606,50,14,real,32.12,1,145,1.0628919014118656,down_active_prebuilt,2,0.21580800414085388
case_000_real,gsm8k,early,real_route_replay,1606,50,14,real,32.12,1,145,1.0628919014118656,down_active_prebuilt,3,0.21379199624061584
case_000_real,gsm8k,early,real_route_replay,1606,50,14,real,32.12,1,145,1.0628919014118656,down_active_prebuilt,4,0.21756799519062042
case_000_real,gsm8k,early,real_route_replay,1606,50,14,real,32.12,1,145,1.0628919014118656,down_active_prebuilt,5,0.21347199380397797
case_000_real,gsm8k,early,real_route_replay,1606,50,14,real,32.12,1,145,1.0628919014118656,down_active_prebuilt,6,0.21887999773025513
case_000_real,gsm8k,early,real_route_replay,1606,50,14,real,32.12,1,145,1.0628919014118656,down_active_prebuilt,7,0.2118079960346222
case_000_real,gsm8k,early,real_route_replay,1606,50,14,real,32.12,1,145,1.0628919014118656,down_active_prebuilt,8,0.20633600652217865
case_000_real,gsm8k,early,real_route_replay,1606,50,14,real,32.12,1,145,1.0628919014118656,down_active_prebuilt,9,0.2070080041885376
case_000_real,gsm8k,early,real_route_replay,1606,50,14,real,32.12,1,145,1.0628919014118656,down_active_prebuilt,10,0.20735999941825867
case_000_real,gsm8k,early,real_route_replay,1606,50,14,real,32.12,1,145,1.0628919014118656,down_active_prebuilt,11,0.21270400285720825
case_000_real,gsm8k,early,real_route_replay,1606,50,14,real,32.12,1,145,1.0628919014118656,down_active_prebuilt,12,0.20956799387931824
case_000_real,gsm8k,early,real_route_replay,1606,50,14,real,32.12,1,145,1.0628919014118656,down_active_prebuilt,13,0.20803199708461761
case_000_real,gsm8k,early,real_route_replay,1606,50,14,real,32.12,1,145,1.0628919014118656,down_active_prebuilt,14,0.20758399367332458
case_000_real,gsm8k,early,real_route_replay,1606,50,14,real,32.12,1,145,1.0628919014118656,down_active_prebuilt,15,0.2093760073184967
case_000_real,gsm8k,early,real_route_replay,1606,50,14,real,32.12,1,145,1.0628919014118656,down_active_prebuilt,16,0.20640000700950623
case_000_real,gsm8k,early,real_route_replay,1606,50,14,real,32.12,1,145,1.0628919014118656,down_active_prebuilt,17,0.20640000700950623
case_000_real,gsm8k,early,real_route_replay,1606,50,14,real,32.12,1,145,1.0628919014118656,down_active_prebuilt,18,0.2094080001115799
case_000_real,gsm8k,early,real_route_replay,1606,50,14,real,32.12,1,145,1.0628919014118656,down_active_prebuilt,19,0.2093760073184967
case_000_real,gsm8k,early,real_route_replay,1606,50,14,real,32.12,1,145,1.0628919014118656,down_active_prebuilt,20,0.21040000021457672
case_000_real,gsm8k,early,real_route_replay,1606,50,14,real,32.12,1,145,1.0628919014118656,down_active_prebuilt,21,0.20803199708461761
case_000_real,gsm8k,early,real_route_replay,1606,50,14,real,32.12,1,145,1.0628919014118656,down_active_prebuilt,22,0.20998400449752808
case_000_real,gsm8k,early,real_route_replay,1606,50,14,real,32.12,1,145,1.0628919014118656,down_active_prebuilt,23,0.20908799767494202
case_000_real,gsm8k,early,real_route_replay,1606,50,14,real,32.12,1,145,1.0628919014118656,down_active_prebuilt,24,0.2223999947309494
case_000_real,gsm8k,early,real_route_replay,1606,50,14,real,32.12,1,145,1.0628919014118656,down_active_prebuilt,25,0.21676799654960632
case_000_real,gsm8k,early,real_route_replay,1606,50,14,real,32.12,1,145,1.0628919014118656,down_active_prebuilt,26,0.21516799926757812
case_000_real,gsm8k,early,real_route_replay,1606,50,14,real,32.12,1,145,1.0628919014118656,down_active_prebuilt,27,0.21433599293231964
case_000_real,gsm8k,early,real_route_replay,1606,50,14,real,32.12,1,145,1.0628919014118656,down_active_prebuilt,28,0.21667200326919556
case_000_real,gsm8k,early,real_route_replay,1606,50,14,real,32.12,1,145,1.0628919014118656,down_active_prebuilt,29,0.2202879935503006
case_000_real,gsm8k,early,real_route_replay,1606,50,14,real,32.12,1,145,1.0628919014118656,down_active_prebuilt,30,0.21184000372886658
case_000_real,gsm8k,early,real_route_replay,1606,50,14,real,32.12,1,145,1.0628919014118656,down_active_prebuilt,31,0.2109760046005249
case_000_real,gsm8k,early,real_route_replay,1606,50,14,real,32.12,1,145,1.0628919014118656,down_active_prebuilt,32,0.20681600272655487
case_000_real,gsm8k,early,real_route_replay,1606,50,14,real,32.12,1,145,1.0628919014118656,down_active_prebuilt,33,0.2091200053691864
case_000_real,gsm8k,early,real_route_replay,1606,50,14,real,32.12,1,145,1.0628919014118656,down_active_prebuilt,34,0.20908799767494202
case_000_real,gsm8k,early,real_route_replay,1606,50,14,real,32.12,1,145,1.0628919014118656,down_active_prebuilt,35,0.21040000021457672
case_000_real,gsm8k,early,real_route_replay,1606,50,14,real,32.12,1,145,1.0628919014118656,down_active_prebuilt,36,0.21107199788093567
case_000_real,gsm8k,early,real_route_replay,1606,50,14,real,32.12,1,145,1.0628919014118656,down_active_prebuilt,37,0.20758399367332458
case_000_real,gsm8k,early,real_route_replay,1606,50,14,real,32.12,1,145,1.0628919014118656,down_active_prebuilt,38,0.21142399311065674
case_000_real,gsm8k,early,real_route_replay,1606,50,14,real,32.12,1,145,1.0628919014118656,down_active_prebuilt,39,0.20988799631595612
case_000_real,gsm8k,early,real_route_replay,1606,50,14,real,32.12,1,145,1.0628919014118656,swiglu,0,0.03561599925160408
case_000_real,gsm8k,early,real_route_replay,1606,50,14,real,32.12,1,145,1.0628919014118656,swiglu,1,0.023520000278949738
case_000_real,gsm8k,early,real_route_replay,1606,50,14,real,32.12,1,145,1.0628919014118656,swiglu,2,0.02300800010561943
case_000_real,gsm8k,early,real_route_replay,1606,50,14,real,32.12,1,145,1.0628919014118656,swiglu,3,0.023520000278949738
case_000_real,gsm8k,early,real_route_replay,1606,50,14,real,32.12,1,145,1.0628919014118656,swiglu,4,0.024480000138282776
case_000_real,gsm8k,early,real_route_replay,1606,50,14,real,32.12,1,145,1.0628919014118656,swiglu,5,0.025599999353289604
case_000_real,gsm8k,early,real_route_replay,1606,50,14,real,32.12,1,145,1.0628919014118656,swiglu,6,0.023871999233961105
case_000_real,gsm8k,early,real_route_replay,1606,50,14,real,32.12,1,145,1.0628919014118656,swiglu,7,0.021088000386953354
case_000_real,gsm8k,early,real_route_replay,1606,50,14,real,32.12,1,145,1.0628919014118656,swiglu,8,0.02179200015962124
case_000_real,gsm8k,early,real_route_replay,1606,50,14,real,32.12,1,145,1.0628919014118656,swiglu,9,0.021407999098300934
case_000_real,gsm8k,early,real_route_replay,1606,50,14,real,32.12,1,145,1.0628919014118656,swiglu,10,0.0225600004196167
case_000_real,gsm8k,early,real_route_replay,1606,50,14,real,32.12,1,145,1.0628919014118656,swiglu,11,0.021663999184966087
case_000_real,gsm8k,early,real_route_replay,1606,50,14,real,32.12,1,145,1.0628919014118656,swiglu,12,0.021376000717282295
case_000_real,gsm8k,early,real_route_replay,1606,50,14,real,32.12,1,145,1.0628919014118656,swiglu,13,0.022048000246286392
case_000_real,gsm8k,early,real_route_replay,1606,50,14,real,32.12,1,145,1.0628919014118656,swiglu,14,0.021856000646948814
case_000_real,gsm8k,early,real_route_replay,1606,50,14,real,32.12,1,145,1.0628919014118656,swiglu,15,0.021888000890612602
case_000_real,gsm8k,early,real_route_replay,1606,50,14,real,32.12,1,145,1.0628919014118656,swiglu,16,0.03680000081658363
case_000_real,gsm8k,early,real_route_replay,1606,50,14,real,32.12,1,145,1.0628919014118656,swiglu,17,0.025631999596953392
case_000_real,gsm8k,early,real_route_replay,1606,50,14,real,32.12,1,145,1.0628919014118656,swiglu,18,0.02377600036561489
case_000_real,gsm8k,early,real_route_replay,1606,50,14,real,32.12,1,145,1.0628919014118656,swiglu,19,0.024320000782608986
case_000_real,gsm8k,early,real_route_replay,1606,50,14,real,32.12,1,145,1.0628919014118656,swiglu,20,0.024159999564290047
case_000_real,gsm8k,early,real_route_replay,1606,50,14,real,32.12,1,145,1.0628919014118656,swiglu,21,0.024320000782608986
case_000_real,gsm8k,early,real_route_replay,1606,50,14,real,32.12,1,145,1.0628919014118656,swiglu,22,0.022975999861955643
case_000_real,gsm8k,early,real_route_replay,1606,50,14,real,32.12,1,145,1.0628919014118656,swiglu,23,0.023552000522613525
case_000_real,gsm8k,early,real_route_replay,1606,50,14,real,32.12,1,145,1.0628919014118656,swiglu,24,0.02412799932062626
case_000_real,gsm8k,early,real_route_replay,1606,50,14,real,32.12,1,145,1.0628919014118656,swiglu,25,0.0244159996509552
case_000_real,gsm8k,early,real_route_replay,1606,50,14,real,32.12,1,145,1.0628919014118656,swiglu,26,0.023584000766277313
case_000_real,gsm8k,early,real_route_replay,1606,50,14,real,32.12,1,145,1.0628919014118656,swiglu,27,0.03328000009059906
case_000_real,gsm8k,early,real_route_replay,1606,50,14,real,32.12,1,145,1.0628919014118656,swiglu,28,0.02566399984061718
case_000_real,gsm8k,early,real_route_replay,1606,50,14,real,32.12,1,145,1.0628919014118656,swiglu,29,0.024351999163627625
case_000_real,gsm8k,early,real_route_replay,1606,50,14,real,32.12,1,145,1.0628919014118656,swiglu,30,0.02473600022494793
case_000_real,gsm8k,early,real_route_replay,1606,50,14,real,32.12,1,145,1.0628919014118656,swiglu,31,0.02300800010561943
case_000_real,gsm8k,early,real_route_replay,1606,50,14,real,32.12,1,145,1.0628919014118656,swiglu,32,0.024032000452280045
case_000_real,gsm8k,early,real_route_replay,1606,50,14,real,32.12,1,145,1.0628919014118656,swiglu,33,0.02412799932062626
case_000_real,gsm8k,early,real_route_replay,1606,50,14,real,32.12,1,145,1.0628919014118656,swiglu,34,0.02115200087428093
case_000_real,gsm8k,early,real_route_replay,1606,50,14,real,32.12,1,145,1.0628919014118656,swiglu,35,0.021536000072956085
case_000_real,gsm8k,early,real_route_replay,1606,50,14,real,32.12,1,145,1.0628919014118656,swiglu,36,0.024320000782608986
case_000_real,gsm8k,early,real_route_replay,1606,50,14,real,32.12,1,145,1.0628919014118656,swiglu,37,0.02191999927163124
case_000_real,gsm8k,early,real_route_replay,1606,50,14,real,32.12,1,145,1.0628919014118656,swiglu,38,0.030527999624609947
case_000_real,gsm8k,early,real_route_replay,1606,50,14,real,32.12,1,145,1.0628919014118656,swiglu,39,0.022336000576615334
case_000_real,gsm8k,early,real_route_replay,1606,50,14,real,32.12,1,145,1.0628919014118656,route_weight,0,0.027615999802947044
case_000_real,gsm8k,early,real_route_replay,1606,50,14,real,32.12,1,145,1.0628919014118656,route_weight,1,0.02751999907195568
case_000_real,gsm8k,early,real_route_replay,1606,50,14,real,32.12,1,145,1.0628919014118656,route_weight,2,0.02751999907195568
case_000_real,gsm8k,early,real_route_replay,1606,50,14,real,32.12,1,145,1.0628919014118656,route_weight,3,0.027615999802947044
case_000_real,gsm8k,early,real_route_replay,1606,50,14,real,32.12,1,145,1.0628919014118656,route_weight,4,0.027488000690937042
case_000_real,gsm8k,early,real_route_replay,1606,50,14,real,32.12,1,145,1.0628919014118656,route_weight,5,0.027488000690937042
case_000_real,gsm8k,early,real_route_replay,1606,50,14,real,32.12,1,145,1.0628919014118656,route_weight,6,0.028063999488949776
case_000_real,gsm8k,early,real_route_replay,1606,50,14,real,32.12,1,145,1.0628919014118656,route_weight,7,0.028511999174952507
case_000_real,gsm8k,early,real_route_replay,1606,50,14,real,32.12,1,145,1.0628919014118656,route_weight,8,0.030239999294281006
case_000_real,gsm8k,early,real_route_replay,1606,50,14,real,32.12,1,145,1.0628919014118656,route_weight,9,0.029823999851942062
case_000_real,gsm8k,early,real_route_replay,1606,50,14,real,32.12,1,145,1.0628919014118656,route_weight,10,0.03001599945127964
case_000_real,gsm8k,early,real_route_replay,1606,50,14,real,32.12,1,145,1.0628919014118656,route_weight,11,0.02876799926161766
case_000_real,gsm8k,early,real_route_replay,1606,50,14,real,32.12,1,145,1.0628919014118656,route_weight,12,0.028736000880599022
case_000_real,gsm8k,early,real_route_replay,1606,50,14,real,32.12,1,145,1.0628919014118656,route_weight,13,0.029055999591946602
case_000_real,gsm8k,early,real_route_replay,1606,50,14,real,32.12,1,145,1.0628919014118656,route_weight,14,0.030047999694943428
case_000_real,gsm8k,early,real_route_replay,1606,50,14,real,32.12,1,145,1.0628919014118656,route_weight,15,0.0297279991209507
case_000_real,gsm8k,early,real_route_replay,1606,50,14,real,32.12,1,145,1.0628919014118656,route_weight,16,0.02864000014960766
case_000_real,gsm8k,early,real_route_replay,1606,50,14,real,32.12,1,145,1.0628919014118656,route_weight,17,0.028960000723600388
case_000_real,gsm8k,early,real_route_replay,1606,50,14,real,32.12,1,145,1.0628919014118656,route_weight,18,0.02969600073993206
case_000_real,gsm8k,early,real_route_replay,1606,50,14,real,32.12,1,145,1.0628919014118656,route_weight,19,0.029503999277949333
case_000_real,gsm8k,early,real_route_replay,1606,50,14,real,32.12,1,145,1.0628919014118656,route_weight,20,0.028416000306606293
case_000_real,gsm8k,early,real_route_replay,1606,50,14,real,32.12,1,145,1.0628919014118656,route_weight,21,0.028575999662280083
case_000_real,gsm8k,early,real_route_replay,1606,50,14,real,32.12,1,145,1.0628919014118656,route_weight,22,0.027456000447273254
case_000_real,gsm8k,early,real_route_replay,1606,50,14,real,32.12,1,145,1.0628919014118656,route_weight,23,0.028031999245285988
case_000_real,gsm8k,early,real_route_replay,1606,50,14,real,32.12,1,145,1.0628919014118656,route_weight,24,0.029952000826597214
case_000_real,gsm8k,early,real_route_replay,1606,50,14,real,32.12,1,145,1.0628919014118656,route_weight,25,0.028704000636935234
case_000_real,gsm8k,early,real_route_replay,1606,50,14,real,32.12,1,145,1.0628919014118656,route_weight,26,0.02844800055027008
case_000_real,gsm8k,early,real_route_replay,1606,50,14,real,32.12,1,145,1.0628919014118656,route_weight,27,0.02739199995994568
case_000_real,gsm8k,early,real_route_replay,1606,50,14,real,32.12,1,145,1.0628919014118656,route_weight,28,0.027712000533938408
case_000_real,gsm8k,early,real_route_replay,1606,50,14,real,32.12,1,145,1.0628919014118656,route_weight,29,0.02796800062060356
case_000_real,gsm8k,early,real_route_replay,1606,50,14,real,32.12,1,145,1.0628919014118656,route_weight,30,0.02768000029027462
case_000_real,gsm8k,early,real_route_replay,1606,50,14,real,32.12,1,145,1.0628919014118656,route_weight,31,0.028831999748945236
case_000_real,gsm8k,early,real_route_replay,1606,50,14,real,32.12,1,145,1.0628919014118656,route_weight,32,0.0326399989426136
case_000_real,gsm8k,early,real_route_replay,1606,50,14,real,32.12,1,145,1.0628919014118656,route_weight,33,0.029791999608278275
case_000_real,gsm8k,early,real_route_replay,1606,50,14,real,32.12,1,145,1.0628919014118656,route_weight,34,0.02579200081527233
case_000_real,gsm8k,early,real_route_replay,1606,50,14,real,32.12,1,145,1.0628919014118656,route_weight,35,0.02505600079894066
case_000_real,gsm8k,early,real_route_replay,1606,50,14,real,32.12,1,145,1.0628919014118656,route_weight,36,0.02908799983561039
case_000_real,gsm8k,early,real_route_replay,1606,50,14,real,32.12,1,145,1.0628919014118656,route_weight,37,0.029023999348282814
case_000_real,gsm8k,early,real_route_replay,1606,50,14,real,32.12,1,145,1.0628919014118656,route_weight,38,0.028704000636935234
case_000_real,gsm8k,early,real_route_replay,1606,50,14,real,32.12,1,145,1.0628919014118656,route_weight,39,0.027103999629616737
case_001_real,gsm8k,early,real_route_replay,781,47,17,real,16.617021276595743,1,131,1.5198727786045299,down_active_prebuilt,0,0.21276800334453583
case_001_real,gsm8k,early,real_route_replay,781,47,17,real,16.617021276595743,1,131,1.5198727786045299,down_active_prebuilt,1,0.20364800095558167
case_001_real,gsm8k,early,real_route_replay,781,47,17,real,16.617021276595743,1,131,1.5198727786045299,down_active_prebuilt,2,0.20316800475120544
case_001_real,gsm8k,early,real_route_replay,781,47,17,real,16.617021276595743,1,131,1.5198727786045299,down_active_prebuilt,3,0.19859200716018677
case_001_real,gsm8k,early,real_route_replay,781,47,17,real,16.617021276595743,1,131,1.5198727786045299,down_active_prebuilt,4,0.2059199959039688
case_001_real,gsm8k,early,real_route_replay,781,47,17,real,16.617021276595743,1,131,1.5198727786045299,down_active_prebuilt,5,0.19865599274635315
case_001_real,gsm8k,early,real_route_replay,781,47,17,real,16.617021276595743,1,131,1.5198727786045299,down_active_prebuilt,6,0.20160000026226044
case_001_real,gsm8k,early,real_route_replay,781,47,17,real,16.617021276595743,1,131,1.5198727786045299,down_active_prebuilt,7,0.19811199605464935
case_001_real,gsm8k,early,real_route_replay,781,47,17,real,16.617021276595743,1,131,1.5198727786045299,down_active_prebuilt,8,0.20457600057125092
case_001_real,gsm8k,early,real_route_replay,781,47,17,real,16.617021276595743,1,131,1.5198727786045299,down_active_prebuilt,9,0.2009280025959015
case_001_real,gsm8k,early,real_route_replay,781,47,17,real,16.617021276595743,1,131,1.5198727786045299,down_active_prebuilt,10,0.20380799472332
case_001_real,gsm8k,early,real_route_replay,781,47,17,real,16.617021276595743,1,131,1.5198727786045299,down_active_prebuilt,11,0.20041599869728088
case_001_real,gsm8k,early,real_route_replay,781,47,17,real,16.617021276595743,1,131,1.5198727786045299,down_active_prebuilt,12,0.20051200687885284
case_001_real,gsm8k,early,real_route_replay,781,47,17,real,16.617021276595743,1,131,1.5198727786045299,down_active_prebuilt,13,0.1990080028772354
case_001_real,gsm8k,early,real_route_replay,781,47,17,real,16.617021276595743,1,131,1.5198727786045299,down_active_prebuilt,14,0.20211200416088104
case_001_real,gsm8k,early,real_route_replay,781,47,17,real,16.617021276595743,1,131,1.5198727786045299,down_active_prebuilt,15,0.20163199305534363
case_001_real,gsm8k,early,real_route_replay,781,47,17,real,16.617021276595743,1,131,1.5198727786045299,down_active_prebuilt,16,0.20272000133991241
case_001_real,gsm8k,early,real_route_replay,781,47,17,real,16.617021276595743,1,131,1.5198727786045299,down_active_prebuilt,17,0.2022400051355362
case_001_real,gsm8k,early,real_route_replay,781,47,17,real,16.617021276595743,1,131,1.5198727786045299,down_active_prebuilt,18,0.20105600357055664
case_001_real,gsm8k,early,real_route_replay,781,47,17,real,16.617021276595743,1,131,1.5198727786045299,down_active_prebuilt,19,0.20057600736618042
case_001_real,gsm8k,early,real_route_replay,781,47,17,real,16.617021276595743,1,131,1.5198727786045299,down_active_prebuilt,20,0.20233599841594696
case_001_real,gsm8k,early,real_route_replay,781,47,17,real,16.617021276595743,1,131,1.5198727786045299,down_active_prebuilt,21,0.20559999346733093
case_001_real,gsm8k,early,real_route_replay,781,47,17,real,16.617021276595743,1,131,1.5198727786045299,down_active_prebuilt,22,0.20230400562286377
case_001_real,gsm8k,early,real_route_replay,781,47,17,real,16.617021276595743,1,131,1.5198727786045299,down_active_prebuilt,23,0.20236800611019135
case_001_real,gsm8k,early,real_route_replay,781,47,17,real,16.617021276595743,1,131,1.5198727786045299,down_active_prebuilt,24,0.20201599597930908
case_001_real,gsm8k,early,real_route_replay,781,47,17,real,16.617021276595743,1,131,1.5198727786045299,down_active_prebuilt,25,0.20425599813461304
case_001_real,gsm8k,early,real_route_replay,781,47,17,real,16.617021276595743,1,131,1.5198727786045299,down_active_prebuilt,26,0.20211200416088104
case_001_real,gsm8k,early,real_route_replay,781,47,17,real,16.617021276595743,1,131,1.5198727786045299,down_active_prebuilt,27,0.20073600113391876
case_001_real,gsm8k,early,real_route_replay,781,47,17,real,16.617021276595743,1,131,1.5198727786045299,down_active_prebuilt,28,0.20291200280189514
case_001_real,gsm8k,early,real_route_replay,781,47,17,real,16.617021276595743,1,131,1.5198727786045299,down_active_prebuilt,29,0.1977279931306839
case_001_real,gsm8k,early,real_route_replay,781,47,17,real,16.617021276595743,1,131,1.5198727786045299,down_active_prebuilt,30,0.2006399929523468
case_001_real,gsm8k,early,real_route_replay,781,47,17,real,16.617021276595743,1,131,1.5198727786045299,down_active_prebuilt,31,0.20265600085258484
case_001_real,gsm8k,early,real_route_replay,781,47,17,real,16.617021276595743,1,131,1.5198727786045299,down_active_prebuilt,32,0.20576000213623047
case_001_real,gsm8k,early,real_route_replay,781,47,17,real,16.617021276595743,1,131,1.5198727786045299,down_active_prebuilt,33,0.20147199928760529
case_001_real,gsm8k,early,real_route_replay,781,47,17,real,16.617021276595743,1,131,1.5198727786045299,down_active_prebuilt,34,0.20207999646663666
case_001_real,gsm8k,early,real_route_replay,781,47,17,real,16.617021276595743,1,131,1.5198727786045299,down_active_prebuilt,35,0.2024639993906021
case_001_real,gsm8k,early,real_route_replay,781,47,17,real,16.617021276595743,1,131,1.5198727786045299,down_active_prebuilt,36,0.2032639980316162
case_001_real,gsm8k,early,real_route_replay,781,47,17,real,16.617021276595743,1,131,1.5198727786045299,down_active_prebuilt,37,0.20534400641918182
case_001_real,gsm8k,early,real_route_replay,781,47,17,real,16.617021276595743,1,131,1.5198727786045299,down_active_prebuilt,38,0.2006399929523468
case_001_real,gsm8k,early,real_route_replay,781,47,17,real,16.617021276595743,1,131,1.5198727786045299,down_active_prebuilt,39,0.20131200551986694
case_001_real,gsm8k,early,real_route_replay,781,47,17,real,16.617021276595743,1,131,1.5198727786045299,gate_up_active_prebuilt,0,0.32892799377441406
case_001_real,gsm8k,early,real_route_replay,781,47,17,real,16.617021276595743,1,131,1.5198727786045299,gate_up_active_prebuilt,1,0.3314560055732727
case_001_real,gsm8k,early,real_route_replay,781,47,17,real,16.617021276595743,1,131,1.5198727786045299,gate_up_active_prebuilt,2,0.32998400926589966
case_001_real,gsm8k,early,real_route_replay,781,47,17,real,16.617021276595743,1,131,1.5198727786045299,gate_up_active_prebuilt,3,0.32124799489974976
case_001_real,gsm8k,early,real_route_replay,781,47,17,real,16.617021276595743,1,131,1.5198727786045299,gate_up_active_prebuilt,4,0.31648001074790955
case_001_real,gsm8k,early,real_route_replay,781,47,17,real,16.617021276595743,1,131,1.5198727786045299,gate_up_active_prebuilt,5,0.3153280019760132
case_001_real,gsm8k,early,real_route_replay,781,47,17,real,16.617021276595743,1,131,1.5198727786045299,gate_up_active_prebuilt,6,0.314303994178772
case_001_real,gsm8k,early,real_route_replay,781,47,17,real,16.617021276595743,1,131,1.5198727786045299,gate_up_active_prebuilt,7,0.3150399923324585
case_001_real,gsm8k,early,real_route_replay,781,47,17,real,16.617021276595743,1,131,1.5198727786045299,gate_up_active_prebuilt,8,0.31942400336265564
case_001_real,gsm8k,early,real_route_replay,781,47,17,real,16.617021276595743,1,131,1.5198727786045299,gate_up_active_prebuilt,9,0.31859201192855835
case_001_real,gsm8k,early,real_route_replay,781,47,17,real,16.617021276595743,1,131,1.5198727786045299,gate_up_active_prebuilt,10,0.315744012594223
case_001_real,gsm8k,early,real_route_replay,781,47,17,real,16.617021276595743,1,131,1.5198727786045299,gate_up_active_prebuilt,11,0.31862398982048035
case_001_real,gsm8k,early,real_route_replay,781,47,17,real,16.617021276595743,1,131,1.5198727786045299,gate_up_active_prebuilt,12,0.316864013671875
case_001_real,gsm8k,early,real_route_replay,781,47,17,real,16.617021276595743,1,131,1.5198727786045299,gate_up_active_prebuilt,13,0.3208000063896179
case_001_real,gsm8k,early,real_route_replay,781,47,17,real,16.617021276595743,1,131,1.5198727786045299,gate_up_active_prebuilt,14,0.3160000145435333
case_001_real,gsm8k,early,real_route_replay,781,47,17,real,16.617021276595743,1,131,1.5198727786045299,gate_up_active_prebuilt,15,0.3166719973087311
case_001_real,gsm8k,early,real_route_replay,781,47,17,real,16.617021276595743,1,131,1.5198727786045299,gate_up_active_prebuilt,16,0.3256320059299469
case_001_real,gsm8k,early,real_route_replay,781,47,17,real,16.617021276595743,1,131,1.5198727786045299,gate_up_active_prebuilt,17,0.32313600182533264
case_001_real,gsm8k,early,real_route_replay,781,47,17,real,16.617021276595743,1,131,1.5198727786045299,gate_up_active_prebuilt,18,0.3221760094165802
case_001_real,gsm8k,early,real_route_replay,781,47,17,real,16.617021276595743,1,131,1.5198727786045299,gate_up_active_prebuilt,19,0.324288010597229
case_001_real,gsm8k,early,real_route_replay,781,47,17,real,16.617021276595743,1,131,1.5198727786045299,gate_up_active_prebuilt,20,0.3307519853115082
case_001_real,gsm8k,early,real_route_replay,781,47,17,real,16.617021276595743,1,131,1.5198727786045299,gate_up_active_prebuilt,21,0.32051199674606323
case_001_real,gsm8k,early,real_route_replay,781,47,17,real,16.617021276595743,1,131,1.5198727786045299,gate_up_active_prebuilt,22,0.3168320059776306
case_001_real,gsm8k,early,real_route_replay,781,47,17,real,16.617021276595743,1,131,1.5198727786045299,gate_up_active_prebuilt,23,0.3193280100822449
case_001_real,gsm8k,early,real_route_replay,781,47,17,real,16.617021276595743,1,131,1.5198727786045299,gate_up_active_prebuilt,24,0.31567999720573425
case_001_real,gsm8k,early,real_route_replay,781,47,17,real,16.617021276595743,1,131,1.5198727786045299,gate_up_active_prebuilt,25,0.31891199946403503
case_001_real,gsm8k,early,real_route_replay,781,47,17,real,16.617021276595743,1,131,1.5198727786045299,gate_up_active_prebuilt,26,0.3160960078239441
case_001_real,gsm8k,early,real_route_replay,781,47,17,real,16.617021276595743,1,131,1.5198727786045299,gate_up_active_prebuilt,27,0.31702399253845215
case_001_real,gsm8k,early,real_route_replay,781,47,17,real,16.617021276595743,1,131,1.5198727786045299,gate_up_active_prebuilt,28,0.3166080117225647
case_001_real,gsm8k,early,real_route_replay,781,47,17,real,16.617021276595743,1,131,1.5198727786045299,gate_up_active_prebuilt,29,0.3140160143375397
case_001_real,gsm8k,early,real_route_replay,781,47,17,real,16.617021276595743,1,131,1.5198727786045299,gate_up_active_prebuilt,30,0.31353598833084106
case_001_real,gsm8k,early,real_route_replay,781,47,17,real,16.617021276595743,1,131,1.5198727786045299,gate_up_active_prebuilt,31,0.3160000145435333
case_001_real,gsm8k,early,real_route_replay,781,47,17,real,16.617021276595743,1,131,1.5198727786045299,gate_up_active_prebuilt,32,0.3150399923324585
case_001_real,gsm8k,early,real_route_replay,781,47,17,real,16.617021276595743,1,131,1.5198727786045299,gate_up_active_prebuilt,33,0.3197120130062103
case_001_real,gsm8k,early,real_route_replay,781,47,17,real,16.617021276595743,1,131,1.5198727786045299,gate_up_active_prebuilt,34,0.31884801387786865
case_001_real,gsm8k,early,real_route_replay,781,47,17,real,16.617021276595743,1,131,1.5198727786045299,gate_up_active_prebuilt,35,0.31302401423454285
case_001_real,gsm8k,early,real_route_replay,781,47,17,real,16.617021276595743,1,131,1.5198727786045299,gate_up_active_prebuilt,36,0.3152639865875244
case_001_real,gsm8k,early,real_route_replay,781,47,17,real,16.617021276595743,1,131,1.5198727786045299,gate_up_active_prebuilt,37,0.31462401151657104
case_001_real,gsm8k,early,real_route_replay,781,47,17,real,16.617021276595743,1,131,1.5198727786045299,gate_up_active_prebuilt,38,0.3194560110569
case_001_real,gsm8k,early,real_route_replay,781,47,17,real,16.617021276595743,1,131,1.5198727786045299,gate_up_active_prebuilt,39,0.3181439936161041
case_001_real,gsm8k,early,real_route_replay,781,47,17,real,16.617021276595743,1,131,1.5198727786045299,down_full64_prebuilt,0,0.2123199999332428
case_001_real,gsm8k,early,real_route_replay,781,47,17,real,16.617021276595743,1,131,1.5198727786045299,down_full64_prebuilt,1,0.21484799683094025
case_001_real,gsm8k,early,real_route_replay,781,47,17,real,16.617021276595743,1,131,1.5198727786045299,down_full64_prebuilt,2,0.21001599729061127
case_001_real,gsm8k,early,real_route_replay,781,47,17,real,16.617021276595743,1,131,1.5198727786045299,down_full64_prebuilt,3,0.20787200331687927
case_001_real,gsm8k,early,real_route_replay,781,47,17,real,16.617021276595743,1,131,1.5198727786045299,down_full64_prebuilt,4,0.21225599944591522
case_001_real,gsm8k,early,real_route_replay,781,47,17,real,16.617021276595743,1,131,1.5198727786045299,down_full64_prebuilt,5,0.21036800742149353
case_001_real,gsm8k,early,real_route_replay,781,47,17,real,16.617021276595743,1,131,1.5198727786045299,down_full64_prebuilt,6,0.20905600488185883
case_001_real,gsm8k,early,real_route_replay,781,47,17,real,16.617021276595743,1,131,1.5198727786045299,down_full64_prebuilt,7,0.20153599977493286
case_001_real,gsm8k,early,real_route_replay,781,47,17,real,16.617021276595743,1,131,1.5198727786045299,down_full64_prebuilt,8,0.20214399695396423
case_001_real,gsm8k,early,real_route_replay,781,47,17,real,16.617021276595743,1,131,1.5198727786045299,down_full64_prebuilt,9,0.20217600464820862
case_001_real,gsm8k,early,real_route_replay,781,47,17,real,16.617021276595743,1,131,1.5198727786045299,down_full64_prebuilt,10,0.21030400693416595
case_001_real,gsm8k,early,real_route_replay,781,47,17,real,16.617021276595743,1,131,1.5198727786045299,down_full64_prebuilt,11,0.20278400182724
case_001_real,gsm8k,early,real_route_replay,781,47,17,real,16.617021276595743,1,131,1.5198727786045299,down_full64_prebuilt,12,0.2035840004682541
case_001_real,gsm8k,early,real_route_replay,781,47,17,real,16.617021276595743,1,131,1.5198727786045299,down_full64_prebuilt,13,0.20294399559497833
case_001_real,gsm8k,early,real_route_replay,781,47,17,real,16.617021276595743,1,131,1.5198727786045299,down_full64_prebuilt,14,0.2017280012369156
case_001_real,gsm8k,early,real_route_replay,781,47,17,real,16.617021276595743,1,131,1.5198727786045299,down_full64_prebuilt,15,0.2003519982099533
case_001_real,gsm8k,early,real_route_replay,781,47,17,real,16.617021276595743,1,131,1.5198727786045299,down_full64_prebuilt,16,0.20054399967193604
case_001_real,gsm8k,early,real_route_replay,781,47,17,real,16.617021276595743,1,131,1.5198727786045299,down_full64_prebuilt,17,0.20153599977493286
case_001_real,gsm8k,early,real_route_replay,781,47,17,real,16.617021276595743,1,131,1.5198727786045299,down_full64_prebuilt,18,0.2014079988002777
case_001_real,gsm8k,early,real_route_replay,781,47,17,real,16.617021276595743,1,131,1.5198727786045299,down_full64_prebuilt,19,0.2006720006465912
case_001_real,gsm8k,early,real_route_replay,781,47,17,real,16.617021276595743,1,131,1.5198727786045299,down_full64_prebuilt,20,0.19964799284934998
case_001_real,gsm8k,early,real_route_replay,781,47,17,real,16.617021276595743,1,131,1.5198727786045299,down_full64_prebuilt,21,0.20137600600719452
case_001_real,gsm8k,early,real_route_replay,781,47,17,real,16.617021276595743,1,131,1.5198727786045299,down_full64_prebuilt,22,0.2032960057258606
case_001_real,gsm8k,early,real_route_replay,781,47,17,real,16.617021276595743,1,131,1.5198727786045299,down_full64_prebuilt,23,0.2035519927740097
case_001_real,gsm8k,early,real_route_replay,781,47,17,real,16.617021276595743,1,131,1.5198727786045299,down_full64_prebuilt,24,0.2019840031862259
case_001_real,gsm8k,early,real_route_replay,781,47,17,real,16.617021276595743,1,131,1.5198727786045299,down_full64_prebuilt,25,0.20291200280189514
case_001_real,gsm8k,early,real_route_replay,781,47,17,real,16.617021276595743,1,131,1.5198727786045299,down_full64_prebuilt,26,0.1976960003376007
case_001_real,gsm8k,early,real_route_replay,781,47,17,real,16.617021276595743,1,131,1.5198727786045299,down_full64_prebuilt,27,0.2003519982099533
case_001_real,gsm8k,early,real_route_replay,781,47,17,real,16.617021276595743,1,131,1.5198727786045299,down_full64_prebuilt,28,0.20521600544452667
case_001_real,gsm8k,early,real_route_replay,781,47,17,real,16.617021276595743,1,131,1.5198727786045299,down_full64_prebuilt,29,0.20822399854660034
case_001_real,gsm8k,early,real_route_replay,781,47,17,real,16.617021276595743,1,131,1.5198727786045299,down_full64_prebuilt,30,0.2078080028295517
case_001_real,gsm8k,early,real_route_replay,781,47,17,real,16.617021276595743,1,131,1.5198727786045299,down_full64_prebuilt,31,0.20688000321388245
case_001_real,gsm8k,early,real_route_replay,781,47,17,real,16.617021276595743,1,131,1.5198727786045299,down_full64_prebuilt,32,0.2083200067281723
case_001_real,gsm8k,early,real_route_replay,781,47,17,real,16.617021276595743,1,131,1.5198727786045299,down_full64_prebuilt,33,0.21145600080490112
case_001_real,gsm8k,early,real_route_replay,781,47,17,real,16.617021276595743,1,131,1.5198727786045299,down_full64_prebuilt,34,0.2165759950876236
case_001_real,gsm8k,early,real_route_replay,781,47,17,real,16.617021276595743,1,131,1.5198727786045299,down_full64_prebuilt,35,0.21852800250053406
case_001_real,gsm8k,early,real_route_replay,781,47,17,real,16.617021276595743,1,131,1.5198727786045299,down_full64_prebuilt,36,0.20319999754428864
case_001_real,gsm8k,early,real_route_replay,781,47,17,real,16.617021276595743,1,131,1.5198727786045299,down_full64_prebuilt,37,0.2024639993906021
case_001_real,gsm8k,early,real_route_replay,781,47,17,real,16.617021276595743,1,131,1.5198727786045299,down_full64_prebuilt,38,0.20387199521064758
case_001_real,gsm8k,early,real_route_replay,781,47,17,real,16.617021276595743,1,131,1.5198727786045299,down_full64_prebuilt,39,0.20131200551986694
case_001_real,gsm8k,early,real_route_replay,781,47,17,real,16.617021276595743,1,131,1.5198727786045299,swiglu,0,0.03324799984693527
case_001_real,gsm8k,early,real_route_replay,781,47,17,real,16.617021276595743,1,131,1.5198727786045299,swiglu,1,0.023615999147295952
case_001_real,gsm8k,early,real_route_replay,781,47,17,real,16.617021276595743,1,131,1.5198727786045299,swiglu,2,0.021727999672293663
case_001_real,gsm8k,early,real_route_replay,781,47,17,real,16.617021276595743,1,131,1.5198727786045299,swiglu,3,0.02147199958562851
case_001_real,gsm8k,early,real_route_replay,781,47,17,real,16.617021276595743,1,131,1.5198727786045299,swiglu,4,0.023135999217629433
case_001_real,gsm8k,early,real_route_replay,781,47,17,real,16.617021276595743,1,131,1.5198727786045299,swiglu,5,0.023455999791622162
case_001_real,gsm8k,early,real_route_replay,781,47,17,real,16.617021276595743,1,131,1.5198727786045299,swiglu,6,0.025407999753952026
case_001_real,gsm8k,early,real_route_replay,781,47,17,real,16.617021276595743,1,131,1.5198727786045299,swiglu,7,0.023264000192284584
case_001_real,gsm8k,early,real_route_replay,781,47,17,real,16.617021276595743,1,131,1.5198727786045299,swiglu,8,0.02489599958062172
case_001_real,gsm8k,early,real_route_replay,781,47,17,real,16.617021276595743,1,131,1.5198727786045299,swiglu,9,0.024320000782608986
case_001_real,gsm8k,early,real_route_replay,781,47,17,real,16.617021276595743,1,131,1.5198727786045299,swiglu,10,0.025151999667286873
case_001_real,gsm8k,early,real_route_replay,781,47,17,real,16.617021276595743,1,131,1.5198727786045299,swiglu,11,0.02486399933695793
case_001_real,gsm8k,early,real_route_replay,781,47,17,real,16.617021276595743,1,131,1.5198727786045299,swiglu,12,0.02175999991595745
case_001_real,gsm8k,early,real_route_replay,781,47,17,real,16.617021276595743,1,131,1.5198727786045299,swiglu,13,0.020735999569296837
case_001_real,gsm8k,early,real_route_replay,781,47,17,real,16.617021276595743,1,131,1.5198727786045299,swiglu,14,0.0208320003002882
case_001_real,gsm8k,early,real_route_replay,781,47,17,real,16.617021276595743,1,131,1.5198727786045299,swiglu,15,0.02115200087428093
case_001_real,gsm8k,early,real_route_replay,781,47,17,real,16.617021276595743,1,131,1.5198727786045299,swiglu,16,0.025887999683618546
case_001_real,gsm8k,early,real_route_replay,781,47,17,real,16.617021276595743,1,131,1.5198727786045299,swiglu,17,0.022752000018954277
case_001_real,gsm8k,early,real_route_replay,781,47,17,real,16.617021276595743,1,131,1.5198727786045299,swiglu,18,0.022175999358296394
case_001_real,gsm8k,early,real_route_replay,781,47,17,real,16.617021276595743,1,131,1.5198727786045299,swiglu,19,0.02131200022995472
case_001_real,gsm8k,early,real_route_replay,781,47,17,real,16.617021276595743,1,131,1.5198727786045299,swiglu,20,0.020320000126957893
case_001_real,gsm8k,early,real_route_replay,781,47,17,real,16.617021276595743,1,131,1.5198727786045299,swiglu,21,0.02054399996995926
case_001_real,gsm8k,early,real_route_replay,781,47,17,real,16.617021276595743,1,131,1.5198727786045299,swiglu,22,0.021888000890612602
case_001_real,gsm8k,early,real_route_replay,781,47,17,real,16.617021276595743,1,131,1.5198727786045299,swiglu,23,0.02147199958562851
case_001_real,gsm8k,early,real_route_replay,781,47,17,real,16.617021276595743,1,131,1.5198727786045299,swiglu,24,0.021215999498963356
case_001_real,gsm8k,early,real_route_replay,781,47,17,real,16.617021276595743,1,131,1.5198727786045299,swiglu,25,0.022911999374628067
case_001_real,gsm8k,early,real_route_replay,781,47,17,real,16.617021276595743,1,131,1.5198727786045299,swiglu,26,0.025855999439954758
case_001_real,gsm8k,early,real_route_replay,781,47,17,real,16.617021276595743,1,131,1.5198727786045299,swiglu,27,0.024960000067949295
case_001_real,gsm8k,early,real_route_replay,781,47,17,real,16.617021276595743,1,131,1.5198727786045299,swiglu,28,0.021695999428629875
case_001_real,gsm8k,early,real_route_replay,781,47,17,real,16.617021276595743,1,131,1.5198727786045299,swiglu,29,0.02271999977529049
case_001_real,gsm8k,early,real_route_replay,781,47,17,real,16.617021276595743,1,131,1.5198727786045299,swiglu,30,0.020864000543951988
case_001_real,gsm8k,early,real_route_replay,781,47,17,real,16.617021276595743,1,131,1.5198727786045299,swiglu,31,0.021183999255299568
case_001_real,gsm8k,early,real_route_replay,781,47,17,real,16.617021276595743,1,131,1.5198727786045299,swiglu,32,0.021023999899625778
case_001_real,gsm8k,early,real_route_replay,781,47,17,real,16.617021276595743,1,131,1.5198727786045299,swiglu,33,0.021727999672293663
case_001_real,gsm8k,early,real_route_replay,781,47,17,real,16.617021276595743,1,131,1.5198727786045299,swiglu,34,0.021503999829292297
case_001_real,gsm8k,early,real_route_replay,781,47,17,real,16.617021276595743,1,131,1.5198727786045299,swiglu,35,0.02147199958562851
case_001_real,gsm8k,early,real_route_replay,781,47,17,real,16.617021276595743,1,131,1.5198727786045299,swiglu,36,0.021695999428629875
case_001_real,gsm8k,early,real_route_replay,781,47,17,real,16.617021276595743,1,131,1.5198727786045299,swiglu,37,0.02160000056028366
case_001_real,gsm8k,early,real_route_replay,781,47,17,real,16.617021276595743,1,131,1.5198727786045299,swiglu,38,0.023391999304294586
case_001_real,gsm8k,early,real_route_replay,781,47,17,real,16.617021276595743,1,131,1.5198727786045299,swiglu,39,0.02412799932062626
case_001_real,gsm8k,early,real_route_replay,781,47,17,real,16.617021276595743,1,131,1.5198727786045299,gate_up_full64_prebuilt,0,0.31942400336265564
case_001_real,gsm8k,early,real_route_replay,781,47,17,real,16.617021276595743,1,131,1.5198727786045299,gate_up_full64_prebuilt,1,0.3178560137748718
case_001_real,gsm8k,early,real_route_replay,781,47,17,real,16.617021276595743,1,131,1.5198727786045299,gate_up_full64_prebuilt,2,0.3147520124912262
case_001_real,gsm8k,early,real_route_replay,781,47,17,real,16.617021276595743,1,131,1.5198727786045299,gate_up_full64_prebuilt,3,0.3142080008983612
case_001_real,gsm8k,early,real_route_replay,781,47,17,real,16.617021276595743,1,131,1.5198727786045299,gate_up_full64_prebuilt,4,0.3187519907951355
case_001_real,gsm8k,early,real_route_replay,781,47,17,real,16.617021276595743,1,131,1.5198727786045299,gate_up_full64_prebuilt,5,0.3181760013103485
case_001_real,gsm8k,early,real_route_replay,781,47,17,real,16.617021276595743,1,131,1.5198727786045299,gate_up_full64_prebuilt,6,0.31990399956703186
case_001_real,gsm8k,early,real_route_replay,781,47,17,real,16.617021276595743,1,131,1.5198727786045299,gate_up_full64_prebuilt,7,0.3184959888458252
case_001_real,gsm8k,early,real_route_replay,781,47,17,real,16.617021276595743,1,131,1.5198727786045299,gate_up_full64_prebuilt,8,0.3169279992580414
case_001_real,gsm8k,early,real_route_replay,781,47,17,real,16.617021276595743,1,131,1.5198727786045299,gate_up_full64_prebuilt,9,0.3200959861278534
case_001_real,gsm8k,early,real_route_replay,781,47,17,real,16.617021276595743,1,131,1.5198727786045299,gate_up_full64_prebuilt,10,0.3171840012073517
case_001_real,gsm8k,early,real_route_replay,781,47,17,real,16.617021276595743,1,131,1.5198727786045299,gate_up_full64_prebuilt,11,0.324288010597229
case_001_real,gsm8k,early,real_route_replay,781,47,17,real,16.617021276595743,1,131,1.5198727786045299,gate_up_full64_prebuilt,12,0.3149760067462921
case_001_real,gsm8k,early,real_route_replay,781,47,17,real,16.617021276595743,1,131,1.5198727786045299,gate_up_full64_prebuilt,13,0.3190079927444458
case_001_real,gsm8k,early,real_route_replay,781,47,17,real,16.617021276595743,1,131,1.5198727786045299,gate_up_full64_prebuilt,14,0.32099199295043945
case_001_real,gsm8k,early,real_route_replay,781,47,17,real,16.617021276595743,1,131,1.5198727786045299,gate_up_full64_prebuilt,15,0.3227519989013672
case_001_real,gsm8k,early,real_route_replay,781,47,17,real,16.617021276595743,1,131,1.5198727786045299,gate_up_full64_prebuilt,16,0.3232640027999878
case_001_real,gsm8k,early,real_route_replay,781,47,17,real,16.617021276595743,1,131,1.5198727786045299,gate_up_full64_prebuilt,17,0.3250559866428375
case_001_real,gsm8k,early,real_route_replay,781,47,17,real,16.617021276595743,1,131,1.5198727786045299,gate_up_full64_prebuilt,18,0.3378559947013855
case_001_real,gsm8k,early,real_route_replay,781,47,17,real,16.617021276595743,1,131,1.5198727786045299,gate_up_full64_prebuilt,19,0.32892799377441406
case_001_real,gsm8k,early,real_route_replay,781,47,17,real,16.617021276595743,1,131,1.5198727786045299,gate_up_full64_prebuilt,20,0.32252800464630127
case_001_real,gsm8k,early,real_route_replay,781,47,17,real,16.617021276595743,1,131,1.5198727786045299,gate_up_full64_prebuilt,21,0.32655999064445496
case_001_real,gsm8k,early,real_route_replay,781,47,17,real,16.617021276595743,1,131,1.5198727786045299,gate_up_full64_prebuilt,22,0.3259199857711792
case_001_real,gsm8k,early,real_route_replay,781,47,17,real,16.617021276595743,1,131,1.5198727786045299,gate_up_full64_prebuilt,23,0.3270080089569092
case_001_real,gsm8k,early,real_route_replay,781,47,17,real,16.617021276595743,1,131,1.5198727786045299,gate_up_full64_prebuilt,24,0.32185599207878113
case_001_real,gsm8k,early,real_route_replay,781,47,17,real,16.617021276595743,1,131,1.5198727786045299,gate_up_full64_prebuilt,25,0.32633599638938904
case_001_real,gsm8k,early,real_route_replay,781,47,17,real,16.617021276595743,1,131,1.5198727786045299,gate_up_full64_prebuilt,26,0.32153600454330444
case_001_real,gsm8k,early,real_route_replay,781,47,17,real,16.617021276595743,1,131,1.5198727786045299,gate_up_full64_prebuilt,27,0.333407998085022
case_001_real,gsm8k,early,real_route_replay,781,47,17,real,16.617021276595743,1,131,1.5198727786045299,gate_up_full64_prebuilt,28,0.3251839876174927
case_001_real,gsm8k,early,real_route_replay,781,47,17,real,16.617021276595743,1,131,1.5198727786045299,gate_up_full64_prebuilt,29,0.326911985874176
case_001_real,gsm8k,early,real_route_replay,781,47,17,real,16.617021276595743,1,131,1.5198727786045299,gate_up_full64_prebuilt,30,0.31942400336265564
case_001_real,gsm8k,early,real_route_replay,781,47,17,real,16.617021276595743,1,131,1.5198727786045299,gate_up_full64_prebuilt,31,0.31916800141334534
case_001_real,gsm8k,early,real_route_replay,781,47,17,real,16.617021276595743,1,131,1.5198727786045299,gate_up_full64_prebuilt,32,0.31993600726127625
case_001_real,gsm8k,early,real_route_replay,781,47,17,real,16.617021276595743,1,131,1.5198727786045299,gate_up_full64_prebuilt,33,0.31782400608062744
case_001_real,gsm8k,early,real_route_replay,781,47,17,real,16.617021276595743,1,131,1.5198727786045299,gate_up_full64_prebuilt,34,0.31567999720573425
case_001_real,gsm8k,early,real_route_replay,781,47,17,real,16.617021276595743,1,131,1.5198727786045299,gate_up_full64_prebuilt,35,0.32092800736427307
case_001_real,gsm8k,early,real_route_replay,781,47,17,real,16.617021276595743,1,131,1.5198727786045299,gate_up_full64_prebuilt,36,0.3163839876651764
case_001_real,gsm8k,early,real_route_replay,781,47,17,real,16.617021276595743,1,131,1.5198727786045299,gate_up_full64_prebuilt,37,0.3194560110569
case_001_real,gsm8k,early,real_route_replay,781,47,17,real,16.617021276595743,1,131,1.5198727786045299,gate_up_full64_prebuilt,38,0.31699201464653015
case_001_real,gsm8k,early,real_route_replay,781,47,17,real,16.617021276595743,1,131,1.5198727786045299,gate_up_full64_prebuilt,39,0.3153280019760132
case_001_real,gsm8k,early,real_route_replay,781,47,17,real,16.617021276595743,1,131,1.5198727786045299,route_weight,0,0.024607999250292778
case_001_real,gsm8k,early,real_route_replay,781,47,17,real,16.617021276595743,1,131,1.5198727786045299,route_weight,1,0.017952000722289085
case_001_real,gsm8k,early,real_route_replay,781,47,17,real,16.617021276595743,1,131,1.5198727786045299,route_weight,2,0.018592000007629395
case_001_real,gsm8k,early,real_route_replay,781,47,17,real,16.617021276595743,1,131,1.5198727786045299,route_weight,3,0.017535999417304993
case_001_real,gsm8k,early,real_route_replay,781,47,17,real,16.617021276595743,1,131,1.5198727786045299,route_weight,4,0.01775999926030636
case_001_real,gsm8k,early,real_route_replay,781,47,17,real,16.617021276595743,1,131,1.5198727786045299,route_weight,5,0.017664000391960144
case_001_real,gsm8k,early,real_route_replay,781,47,17,real,16.617021276595743,1,131,1.5198727786045299,route_weight,6,0.017152000218629837
case_001_real,gsm8k,early,real_route_replay,781,47,17,real,16.617021276595743,1,131,1.5198727786045299,route_weight,7,0.017376000061631203
case_001_real,gsm8k,early,real_route_replay,781,47,17,real,16.617021276595743,1,131,1.5198727786045299,route_weight,8,0.017503999173641205
case_001_real,gsm8k,early,real_route_replay,781,47,17,real,16.617021276595743,1,131,1.5198727786045299,route_weight,9,0.016831999644637108
case_001_real,gsm8k,early,real_route_replay,781,47,17,real,16.617021276595743,1,131,1.5198727786045299,route_weight,10,0.02319999970495701
case_001_real,gsm8k,early,real_route_replay,781,47,17,real,16.617021276595743,1,131,1.5198727786045299,route_weight,11,0.016896000131964684
case_001_real,gsm8k,early,real_route_replay,781,47,17,real,16.617021276595743,1,131,1.5198727786045299,route_weight,12,0.017503999173641205
case_001_real,gsm8k,early,real_route_replay,781,47,17,real,16.617021276595743,1,131,1.5198727786045299,route_weight,13,0.01836800016462803
case_001_real,gsm8k,early,real_route_replay,781,47,17,real,16.617021276595743,1,131,1.5198727786045299,route_weight,14,0.01852799952030182
case_001_real,gsm8k,early,real_route_replay,781,47,17,real,16.617021276595743,1,131,1.5198727786045299,route_weight,15,0.018303999677300453
case_001_real,gsm8k,early,real_route_replay,781,47,17,real,16.617021276595743,1,131,1.5198727786045299,route_weight,16,0.0180479995906353
case_001_real,gsm8k,early,real_route_replay,781,47,17,real,16.617021276595743,1,131,1.5198727786045299,route_weight,17,0.016767999157309532
case_001_real,gsm8k,early,real_route_replay,781,47,17,real,16.617021276595743,1,131,1.5198727786045299,route_weight,18,0.016896000131964684
case_001_real,gsm8k,early,real_route_replay,781,47,17,real,16.617021276595743,1,131,1.5198727786045299,route_weight,19,0.01708799973130226
case_001_real,gsm8k,early,real_route_replay,781,47,17,real,16.617021276595743,1,131,1.5198727786045299,route_weight,20,0.016896000131964684
case_001_real,gsm8k,early,real_route_replay,781,47,17,real,16.617021276595743,1,131,1.5198727786045299,route_weight,21,0.016896000131964684
case_001_real,gsm8k,early,real_route_replay,781,47,17,real,16.617021276595743,1,131,1.5198727786045299,route_weight,22,0.01820800080895424
case_001_real,gsm8k,early,real_route_replay,781,47,17,real,16.617021276595743,1,131,1.5198727786045299,route_weight,23,0.017632000148296356
case_001_real,gsm8k,early,real_route_replay,781,47,17,real,16.617021276595743,1,131,1.5198727786045299,route_weight,24,0.017055999487638474
case_001_real,gsm8k,early,real_route_replay,781,47,17,real,16.617021276595743,1,131,1.5198727786045299,route_weight,25,0.01692800037562847
case_001_real,gsm8k,early,real_route_replay,781,47,17,real,16.617021276595743,1,131,1.5198727786045299,route_weight,26,0.016543999314308167
case_001_real,gsm8k,early,real_route_replay,781,47,17,real,16.617021276595743,1,131,1.5198727786045299,route_weight,27,0.01692800037562847
case_001_real,gsm8k,early,real_route_replay,781,47,17,real,16.617021276595743,1,131,1.5198727786045299,route_weight,28,0.017983999103307724
case_001_real,gsm8k,early,real_route_replay,781,47,17,real,16.617021276595743,1,131,1.5198727786045299,route_weight,29,0.017664000391960144
case_001_real,gsm8k,early,real_route_replay,781,47,17,real,16.617021276595743,1,131,1.5198727786045299,route_weight,30,0.018079999834299088
case_001_real,gsm8k,early,real_route_replay,781,47,17,real,16.617021276595743,1,131,1.5198727786045299,route_weight,31,0.017920000478625298
case_001_real,gsm8k,early,real_route_replay,781,47,17,real,16.617021276595743,1,131,1.5198727786045299,route_weight,32,0.019007999449968338
case_001_real,gsm8k,early,real_route_replay,781,47,17,real,16.617021276595743,1,131,1.5198727786045299,route_weight,33,0.01788800023496151
case_001_real,gsm8k,early,real_route_replay,781,47,17,real,16.617021276595743,1,131,1.5198727786045299,route_weight,34,0.021376000717282295
case_001_real,gsm8k,early,real_route_replay,781,47,17,real,16.617021276595743,1,131,1.5198727786045299,route_weight,35,0.017823999747633934
case_001_real,gsm8k,early,real_route_replay,781,47,17,real,16.617021276595743,1,131,1.5198727786045299,route_weight,36,0.01833599992096424
case_001_real,gsm8k,early,real_route_replay,781,47,17,real,16.617021276595743,1,131,1.5198727786045299,route_weight,37,0.019200000911951065
case_001_real,gsm8k,early,real_route_replay,781,47,17,real,16.617021276595743,1,131,1.5198727786045299,route_weight,38,0.01836800016462803
case_001_real,gsm8k,early,real_route_replay,781,47,17,real,16.617021276595743,1,131,1.5198727786045299,route_weight,39,0.018144000321626663
case_006_real,gsm8k,late,real_route_replay,3,3,61,real,1.0,1,1,0.0,swiglu,0,0.023840000852942467
case_006_real,gsm8k,late,real_route_replay,3,3,61,real,1.0,1,1,0.0,swiglu,1,0.023231999948620796
case_006_real,gsm8k,late,real_route_replay,3,3,61,real,1.0,1,1,0.0,swiglu,2,0.022816000506281853
case_006_real,gsm8k,late,real_route_replay,3,3,61,real,1.0,1,1,0.0,swiglu,3,0.02380800060927868
case_006_real,gsm8k,late,real_route_replay,3,3,61,real,1.0,1,1,0.0,swiglu,4,0.02271999977529049
case_006_real,gsm8k,late,real_route_replay,3,3,61,real,1.0,1,1,0.0,swiglu,5,0.02208000048995018
case_006_real,gsm8k,late,real_route_replay,3,3,61,real,1.0,1,1,0.0,swiglu,6,0.021727999672293663
case_006_real,gsm8k,late,real_route_replay,3,3,61,real,1.0,1,1,0.0,swiglu,7,0.022816000506281853
case_006_real,gsm8k,late,real_route_replay,3,3,61,real,1.0,1,1,0.0,swiglu,8,0.023552000522613525
case_006_real,gsm8k,late,real_route_replay,3,3,61,real,1.0,1,1,0.0,swiglu,9,0.025536000728607178
case_006_real,gsm8k,late,real_route_replay,3,3,61,real,1.0,1,1,0.0,swiglu,10,0.026016000658273697
case_006_real,gsm8k,late,real_route_replay,3,3,61,real,1.0,1,1,0.0,swiglu,11,0.024064000695943832
case_006_real,gsm8k,late,real_route_replay,3,3,61,real,1.0,1,1,0.0,swiglu,12,0.023744000121951103
case_006_real,gsm8k,late,real_route_replay,3,3,61,real,1.0,1,1,0.0,swiglu,13,0.02518399991095066
case_006_real,gsm8k,late,real_route_replay,3,3,61,real,1.0,1,1,0.0,swiglu,14,0.022431999444961548
case_006_real,gsm8k,late,real_route_replay,3,3,61,real,1.0,1,1,0.0,swiglu,15,0.021247999742627144
case_006_real,gsm8k,late,real_route_replay,3,3,61,real,1.0,1,1,0.0,swiglu,16,0.021536000072956085
case_006_real,gsm8k,late,real_route_replay,3,3,61,real,1.0,1,1,0.0,swiglu,17,0.02127999998629093
case_006_real,gsm8k,late,real_route_replay,3,3,61,real,1.0,1,1,0.0,swiglu,18,0.02115200087428093
case_006_real,gsm8k,late,real_route_replay,3,3,61,real,1.0,1,1,0.0,swiglu,19,0.020927999168634415
case_006_real,gsm8k,late,real_route_replay,3,3,61,real,1.0,1,1,0.0,swiglu,20,0.020896000787615776
case_006_real,gsm8k,late,real_route_replay,3,3,61,real,1.0,1,1,0.0,swiglu,21,0.02127999998629093
case_006_real,gsm8k,late,real_route_replay,3,3,61,real,1.0,1,1,0.0,swiglu,22,0.02179200015962124
case_006_real,gsm8k,late,real_route_replay,3,3,61,real,1.0,1,1,0.0,swiglu,23,0.021344000473618507
case_006_real,gsm8k,late,real_route_replay,3,3,61,real,1.0,1,1,0.0,swiglu,24,0.020800000056624413
case_006_real,gsm8k,late,real_route_replay,3,3,61,real,1.0,1,1,0.0,swiglu,25,0.026528000831604004
case_006_real,gsm8k,late,real_route_replay,3,3,61,real,1.0,1,1,0.0,swiglu,26,0.022624000906944275
case_006_real,gsm8k,late,real_route_replay,3,3,61,real,1.0,1,1,0.0,swiglu,27,0.021215999498963356
case_006_real,gsm8k,late,real_route_replay,3,3,61,real,1.0,1,1,0.0,swiglu,28,0.0208320003002882
case_006_real,gsm8k,late,real_route_replay,3,3,61,real,1.0,1,1,0.0,swiglu,29,0.02112000063061714
case_006_real,gsm8k,late,real_route_replay,3,3,61,real,1.0,1,1,0.0,swiglu,30,0.020800000056624413
case_006_real,gsm8k,late,real_route_replay,3,3,61,real,1.0,1,1,0.0,swiglu,31,0.0208320003002882
case_006_real,gsm8k,late,real_route_replay,3,3,61,real,1.0,1,1,0.0,swiglu,32,0.02300800010561943
case_006_real,gsm8k,late,real_route_replay,3,3,61,real,1.0,1,1,0.0,swiglu,33,0.023520000278949738
case_006_real,gsm8k,late,real_route_replay,3,3,61,real,1.0,1,1,0.0,swiglu,34,0.024064000695943832
case_006_real,gsm8k,late,real_route_replay,3,3,61,real,1.0,1,1,0.0,swiglu,35,0.021983999758958817
case_006_real,gsm8k,late,real_route_replay,3,3,61,real,1.0,1,1,0.0,swiglu,36,0.02396799996495247
case_006_real,gsm8k,late,real_route_replay,3,3,61,real,1.0,1,1,0.0,swiglu,37,0.028031999245285988
case_006_real,gsm8k,late,real_route_replay,3,3,61,real,1.0,1,1,0.0,swiglu,38,0.020927999168634415
case_006_real,gsm8k,late,real_route_replay,3,3,61,real,1.0,1,1,0.0,swiglu,39,0.020896000787615776
case_006_real,gsm8k,late,real_route_replay,3,3,61,real,1.0,1,1,0.0,down_active_prebuilt,0,0.041600000113248825
case_006_real,gsm8k,late,real_route_replay,3,3,61,real,1.0,1,1,0.0,down_active_prebuilt,1,0.036639999598264694
case_006_real,gsm8k,late,real_route_replay,3,3,61,real,1.0,1,1,0.0,down_active_prebuilt,2,0.03481600061058998
case_006_real,gsm8k,late,real_route_replay,3,3,61,real,1.0,1,1,0.0,down_active_prebuilt,3,0.03516799956560135
case_006_real,gsm8k,late,real_route_replay,3,3,61,real,1.0,1,1,0.0,down_active_prebuilt,4,0.034623999148607254
case_006_real,gsm8k,late,real_route_replay,3,3,61,real,1.0,1,1,0.0,down_active_prebuilt,5,0.03455999866127968
case_006_real,gsm8k,late,real_route_replay,3,3,61,real,1.0,1,1,0.0,down_active_prebuilt,6,0.03376000002026558
case_006_real,gsm8k,late,real_route_replay,3,3,61,real,1.0,1,1,0.0,down_active_prebuilt,7,0.040832001715898514
case_006_real,gsm8k,late,real_route_replay,3,3,61,real,1.0,1,1,0.0,down_active_prebuilt,8,0.03574400022625923
case_006_real,gsm8k,late,real_route_replay,3,3,61,real,1.0,1,1,0.0,down_active_prebuilt,9,0.03513599932193756
case_006_real,gsm8k,late,real_route_replay,3,3,61,real,1.0,1,1,0.0,down_active_prebuilt,10,0.0344959981739521
case_006_real,gsm8k,late,real_route_replay,3,3,61,real,1.0,1,1,0.0,down_active_prebuilt,11,0.0352960005402565
case_006_real,gsm8k,late,real_route_replay,3,3,61,real,1.0,1,1,0.0,down_active_prebuilt,12,0.03446400165557861
case_006_real,gsm8k,late,real_route_replay,3,3,61,real,1.0,1,1,0.0,down_active_prebuilt,13,0.035360001027584076
case_006_real,gsm8k,late,real_route_replay,3,3,61,real,1.0,1,1,0.0,down_active_prebuilt,14,0.03513599932193756
case_006_real,gsm8k,late,real_route_replay,3,3,61,real,1.0,1,1,0.0,down_active_prebuilt,15,0.03545600175857544
case_006_real,gsm8k,late,real_route_replay,3,3,61,real,1.0,1,1,0.0,down_active_prebuilt,16,0.03436800092458725
case_006_real,gsm8k,late,real_route_replay,3,3,61,real,1.0,1,1,0.0,down_active_prebuilt,17,0.03619199991226196
case_006_real,gsm8k,late,real_route_replay,3,3,61,real,1.0,1,1,0.0,down_active_prebuilt,18,0.03545600175857544
case_006_real,gsm8k,late,real_route_replay,3,3,61,real,1.0,1,1,0.0,down_active_prebuilt,19,0.03478400036692619
case_006_real,gsm8k,late,real_route_replay,3,3,61,real,1.0,1,1,0.0,down_active_prebuilt,20,0.03440000116825104
case_006_real,gsm8k,late,real_route_replay,3,3,61,real,1.0,1,1,0.0,down_active_prebuilt,21,0.03532800078392029
case_006_real,gsm8k,late,real_route_replay,3,3,61,real,1.0,1,1,0.0,down_active_prebuilt,22,0.03827200084924698
case_006_real,gsm8k,late,real_route_replay,3,3,61,real,1.0,1,1,0.0,down_active_prebuilt,23,0.03702399879693985
case_006_real,gsm8k,late,real_route_replay,3,3,61,real,1.0,1,1,0.0,down_active_prebuilt,24,0.035999998450279236
case_006_real,gsm8k,late,real_route_replay,3,3,61,real,1.0,1,1,0.0,down_active_prebuilt,25,0.03686400130391121
case_006_real,gsm8k,late,real_route_replay,3,3,61,real,1.0,1,1,0.0,down_active_prebuilt,26,0.03606399893760681
case_006_real,gsm8k,late,real_route_replay,3,3,61,real,1.0,1,1,0.0,down_active_prebuilt,27,0.038656000047922134
case_006_real,gsm8k,late,real_route_replay,3,3,61,real,1.0,1,1,0.0,down_active_prebuilt,28,0.039903998374938965
case_006_real,gsm8k,late,real_route_replay,3,3,61,real,1.0,1,1,0.0,down_active_prebuilt,29,0.03558399900794029
case_006_real,gsm8k,late,real_route_replay,3,3,61,real,1.0,1,1,0.0,down_active_prebuilt,30,0.03411199897527695
case_006_real,gsm8k,late,real_route_replay,3,3,61,real,1.0,1,1,0.0,down_active_prebuilt,31,0.03468799963593483
case_006_real,gsm8k,late,real_route_replay,3,3,61,real,1.0,1,1,0.0,down_active_prebuilt,32,0.03452799841761589
case_006_real,gsm8k,late,real_route_replay,3,3,61,real,1.0,1,1,0.0,down_active_prebuilt,33,0.03452799841761589
case_006_real,gsm8k,late,real_route_replay,3,3,61,real,1.0,1,1,0.0,down_active_prebuilt,34,0.03471999987959862
case_006_real,gsm8k,late,real_route_replay,3,3,61,real,1.0,1,1,0.0,down_active_prebuilt,35,0.03526400029659271
case_006_real,gsm8k,late,real_route_replay,3,3,61,real,1.0,1,1,0.0,down_active_prebuilt,36,0.03417599946260452
case_006_real,gsm8k,late,real_route_replay,3,3,61,real,1.0,1,1,0.0,down_active_prebuilt,37,0.035360001027584076
case_006_real,gsm8k,late,real_route_replay,3,3,61,real,1.0,1,1,0.0,down_active_prebuilt,38,0.03840000182390213
case_006_real,gsm8k,late,real_route_replay,3,3,61,real,1.0,1,1,0.0,down_active_prebuilt,39,0.03791999816894531
case_006_real,gsm8k,late,real_route_replay,3,3,61,real,1.0,1,1,0.0,route_weight,0,0.019680000841617584
case_006_real,gsm8k,late,real_route_replay,3,3,61,real,1.0,1,1,0.0,route_weight,1,0.01692800037562847
case_006_real,gsm8k,late,real_route_replay,3,3,61,real,1.0,1,1,0.0,route_weight,2,0.015968000516295433
case_006_real,gsm8k,late,real_route_replay,3,3,61,real,1.0,1,1,0.0,route_weight,3,0.015104000456631184
case_006_real,gsm8k,late,real_route_replay,3,3,61,real,1.0,1,1,0.0,route_weight,4,0.015263999812304974
case_006_real,gsm8k,late,real_route_replay,3,3,61,real,1.0,1,1,0.0,route_weight,5,0.019680000841617584
case_006_real,gsm8k,late,real_route_replay,3,3,61,real,1.0,1,1,0.0,route_weight,6,0.014303999952971935
case_006_real,gsm8k,late,real_route_replay,3,3,61,real,1.0,1,1,0.0,route_weight,7,0.013856000266969204
case_006_real,gsm8k,late,real_route_replay,3,3,61,real,1.0,1,1,0.0,route_weight,8,0.01398400031030178
case_006_real,gsm8k,late,real_route_replay,3,3,61,real,1.0,1,1,0.0,route_weight,9,0.01398400031030178
case_006_real,gsm8k,late,real_route_replay,3,3,61,real,1.0,1,1,0.0,route_weight,10,0.019680000841617584
case_006_real,gsm8k,late,real_route_replay,3,3,61,real,1.0,1,1,0.0,route_weight,11,0.01398400031030178
case_006_real,gsm8k,late,real_route_replay,3,3,61,real,1.0,1,1,0.0,route_weight,12,0.01414399966597557
case_006_real,gsm8k,late,real_route_replay,3,3,61,real,1.0,1,1,0.0,route_weight,13,0.014879999682307243
case_006_real,gsm8k,late,real_route_replay,3,3,61,real,1.0,1,1,0.0,route_weight,14,0.015552000142633915
case_006_real,gsm8k,late,real_route_replay,3,3,61,real,1.0,1,1,0.0,route_weight,15,0.01756799966096878
case_006_real,gsm8k,late,real_route_replay,3,3,61,real,1.0,1,1,0.0,route_weight,16,0.021888000890612602
case_006_real,gsm8k,late,real_route_replay,3,3,61,real,1.0,1,1,0.0,route_weight,17,0.026079999282956123
case_006_real,gsm8k,late,real_route_replay,3,3,61,real,1.0,1,1,0.0,route_weight,18,0.019967999309301376
case_006_real,gsm8k,late,real_route_replay,3,3,61,real,1.0,1,1,0.0,route_weight,19,0.021344000473618507
case_006_real,gsm8k,late,real_route_replay,3,3,61,real,1.0,1,1,0.0,route_weight,20,0.02160000056028366
case_006_real,gsm8k,late,real_route_replay,3,3,61,real,1.0,1,1,0.0,route_weight,21,0.023423999547958374
case_006_real,gsm8k,late,real_route_replay,3,3,61,real,1.0,1,1,0.0,route_weight,22,0.02396799996495247
case_006_real,gsm8k,late,real_route_replay,3,3,61,real,1.0,1,1,0.0,route_weight,23,0.022911999374628067
case_006_real,gsm8k,late,real_route_replay,3,3,61,real,1.0,1,1,0.0,route_weight,24,0.022048000246286392
case_006_real,gsm8k,late,real_route_replay,3,3,61,real,1.0,1,1,0.0,route_weight,25,0.03939199820160866
case_006_real,gsm8k,late,real_route_replay,3,3,61,real,1.0,1,1,0.0,route_weight,26,0.02380800060927868
case_006_real,gsm8k,late,real_route_replay,3,3,61,real,1.0,1,1,0.0,route_weight,27,0.021695999428629875
case_006_real,gsm8k,late,real_route_replay,3,3,61,real,1.0,1,1,0.0,route_weight,28,0.02143999934196472
case_006_real,gsm8k,late,real_route_replay,3,3,61,real,1.0,1,1,0.0,route_weight,29,0.02051199972629547
case_006_real,gsm8k,late,real_route_replay,3,3,61,real,1.0,1,1,0.0,route_weight,30,0.022943999618291855
case_006_real,gsm8k,late,real_route_replay,3,3,61,real,1.0,1,1,0.0,route_weight,31,0.025887999683618546
case_006_real,gsm8k,late,real_route_replay,3,3,61,real,1.0,1,1,0.0,route_weight,32,0.02550400048494339
case_006_real,gsm8k,late,real_route_replay,3,3,61,real,1.0,1,1,0.0,route_weight,33,0.02489599958062172
case_006_real,gsm8k,late,real_route_replay,3,3,61,real,1.0,1,1,0.0,route_weight,34,0.016127999871969223
case_006_real,gsm8k,late,real_route_replay,3,3,61,real,1.0,1,1,0.0,route_weight,35,0.01539199985563755
case_006_real,gsm8k,late,real_route_replay,3,3,61,real,1.0,1,1,0.0,route_weight,36,0.014944000169634819
case_006_real,gsm8k,late,real_route_replay,3,3,61,real,1.0,1,1,0.0,route_weight,37,0.01548799965530634
case_006_real,gsm8k,late,real_route_replay,3,3,61,real,1.0,1,1,0.0,route_weight,38,0.014303999952971935
case_006_real,gsm8k,late,real_route_replay,3,3,61,real,1.0,1,1,0.0,route_weight,39,0.014303999952971935
case_006_real,gsm8k,late,real_route_replay,3,3,61,real,1.0,1,1,0.0,gate_up_full64_prebuilt,0,0.05788800120353699
case_006_real,gsm8k,late,real_route_replay,3,3,61,real,1.0,1,1,0.0,gate_up_full64_prebuilt,1,0.0459199994802475
case_006_real,gsm8k,late,real_route_replay,3,3,61,real,1.0,1,1,0.0,gate_up_full64_prebuilt,2,0.043807998299598694
case_006_real,gsm8k,late,real_route_replay,3,3,61,real,1.0,1,1,0.0,gate_up_full64_prebuilt,3,0.04102399945259094
case_006_real,gsm8k,late,real_route_replay,3,3,61,real,1.0,1,1,0.0,gate_up_full64_prebuilt,4,0.041600000113248825
case_006_real,gsm8k,late,real_route_replay,3,3,61,real,1.0,1,1,0.0,gate_up_full64_prebuilt,5,0.043616000562906265
case_006_real,gsm8k,late,real_route_replay,3,3,61,real,1.0,1,1,0.0,gate_up_full64_prebuilt,6,0.04102399945259094
case_006_real,gsm8k,late,real_route_replay,3,3,61,real,1.0,1,1,0.0,gate_up_full64_prebuilt,7,0.0414079986512661
case_006_real,gsm8k,late,real_route_replay,3,3,61,real,1.0,1,1,0.0,gate_up_full64_prebuilt,8,0.040672000497579575
case_006_real,gsm8k,late,real_route_replay,3,3,61,real,1.0,1,1,0.0,gate_up_full64_prebuilt,9,0.04188799858093262
case_006_real,gsm8k,late,real_route_replay,3,3,61,real,1.0,1,1,0.0,gate_up_full64_prebuilt,10,0.040608000010252
case_006_real,gsm8k,late,real_route_replay,3,3,61,real,1.0,1,1,0.0,gate_up_full64_prebuilt,11,0.0414079986512661
case_006_real,gsm8k,late,real_route_replay,3,3,61,real,1.0,1,1,0.0,gate_up_full64_prebuilt,12,0.04428799822926521
case_006_real,gsm8k,late,real_route_replay,3,3,61,real,1.0,1,1,0.0,gate_up_full64_prebuilt,13,0.0432640016078949
case_006_real,gsm8k,late,real_route_replay,3,3,61,real,1.0,1,1,0.0,gate_up_full64_prebuilt,14,0.046720001846551895
case_006_real,gsm8k,late,real_route_replay,3,3,61,real,1.0,1,1,0.0,gate_up_full64_prebuilt,15,0.04364800080657005
case_006_real,gsm8k,late,real_route_replay,3,3,61,real,1.0,1,1,0.0,gate_up_full64_prebuilt,16,0.044704001396894455
case_006_real,gsm8k,late,real_route_replay,3,3,61,real,1.0,1,1,0.0,gate_up_full64_prebuilt,17,0.04339199885725975
case_006_real,gsm8k,late,real_route_replay,3,3,61,real,1.0,1,1,0.0,gate_up_full64_prebuilt,18,0.04307200014591217
case_006_real,gsm8k,late,real_route_replay,3,3,61,real,1.0,1,1,0.0,gate_up_full64_prebuilt,19,0.04479999840259552
case_006_real,gsm8k,late,real_route_replay,3,3,61,real,1.0,1,1,0.0,gate_up_full64_prebuilt,20,0.04447999969124794
case_006_real,gsm8k,late,real_route_replay,3,3,61,real,1.0,1,1,0.0,gate_up_full64_prebuilt,21,0.04182400181889534
case_006_real,gsm8k,late,real_route_replay,3,3,61,real,1.0,1,1,0.0,gate_up_full64_prebuilt,22,0.042367998510599136
case_006_real,gsm8k,late,real_route_replay,3,3,61,real,1.0,1,1,0.0,gate_up_full64_prebuilt,23,0.04524800181388855
case_006_real,gsm8k,late,real_route_replay,3,3,61,real,1.0,1,1,0.0,gate_up_full64_prebuilt,24,0.042399998754262924
case_006_real,gsm8k,late,real_route_replay,3,3,61,real,1.0,1,1,0.0,gate_up_full64_prebuilt,25,0.04150399938225746
case_006_real,gsm8k,late,real_route_replay,3,3,61,real,1.0,1,1,0.0,gate_up_full64_prebuilt,26,0.04105599969625473
case_006_real,gsm8k,late,real_route_replay,3,3,61,real,1.0,1,1,0.0,gate_up_full64_prebuilt,27,0.043296001851558685
case_006_real,gsm8k,late,real_route_replay,3,3,61,real,1.0,1,1,0.0,gate_up_full64_prebuilt,28,0.0416640006005764
case_006_real,gsm8k,late,real_route_replay,3,3,61,real,1.0,1,1,0.0,gate_up_full64_prebuilt,29,0.04371200129389763
case_006_real,gsm8k,late,real_route_replay,3,3,61,real,1.0,1,1,0.0,gate_up_full64_prebuilt,30,0.04387199878692627
case_006_real,gsm8k,late,real_route_replay,3,3,61,real,1.0,1,1,0.0,gate_up_full64_prebuilt,31,0.044224001467227936
case_006_real,gsm8k,late,real_route_replay,3,3,61,real,1.0,1,1,0.0,gate_up_full64_prebuilt,32,0.05958399921655655
case_006_real,gsm8k,late,real_route_replay,3,3,61,real,1.0,1,1,0.0,gate_up_full64_prebuilt,33,0.04416000097990036
case_006_real,gsm8k,late,real_route_replay,3,3,61,real,1.0,1,1,0.0,gate_up_full64_prebuilt,34,0.04390399903059006
case_006_real,gsm8k,late,real_route_replay,3,3,61,real,1.0,1,1,0.0,gate_up_full64_prebuilt,35,0.04447999969124794
case_006_real,gsm8k,late,real_route_replay,3,3,61,real,1.0,1,1,0.0,gate_up_full64_prebuilt,36,0.04419200122356415
case_006_real,gsm8k,late,real_route_replay,3,3,61,real,1.0,1,1,0.0,gate_up_full64_prebuilt,37,0.04476799815893173
case_006_real,gsm8k,late,real_route_replay,3,3,61,real,1.0,1,1,0.0,gate_up_full64_prebuilt,38,0.043327998369932175
case_006_real,gsm8k,late,real_route_replay,3,3,61,real,1.0,1,1,0.0,gate_up_full64_prebuilt,39,0.04163200035691261
case_006_real,gsm8k,late,real_route_replay,3,3,61,real,1.0,1,1,0.0,gate_up_active_prebuilt,0,0.04371200129389763
case_006_real,gsm8k,late,real_route_replay,3,3,61,real,1.0,1,1,0.0,gate_up_active_prebuilt,1,0.04195199906826019
case_006_real,gsm8k,late,real_route_replay,3,3,61,real,1.0,1,1,0.0,gate_up_active_prebuilt,2,0.04310400038957596
case_006_real,gsm8k,late,real_route_replay,3,3,61,real,1.0,1,1,0.0,gate_up_active_prebuilt,3,0.04473600164055824
case_006_real,gsm8k,late,real_route_replay,3,3,61,real,1.0,1,1,0.0,gate_up_active_prebuilt,4,0.042367998510599136
case_006_real,gsm8k,late,real_route_replay,3,3,61,real,1.0,1,1,0.0,gate_up_active_prebuilt,5,0.04105599969625473
case_006_real,gsm8k,late,real_route_replay,3,3,61,real,1.0,1,1,0.0,gate_up_active_prebuilt,6,0.040800001472234726
case_006_real,gsm8k,late,real_route_replay,3,3,61,real,1.0,1,1,0.0,gate_up_active_prebuilt,7,0.039903998374938965
case_006_real,gsm8k,late,real_route_replay,3,3,61,real,1.0,1,1,0.0,gate_up_active_prebuilt,8,0.04016000032424927
case_006_real,gsm8k,late,real_route_replay,3,3,61,real,1.0,1,1,0.0,gate_up_active_prebuilt,9,0.04259200021624565
case_006_real,gsm8k,late,real_route_replay,3,3,61,real,1.0,1,1,0.0,gate_up_active_prebuilt,10,0.04022400081157684
case_006_real,gsm8k,late,real_route_replay,3,3,61,real,1.0,1,1,0.0,gate_up_active_prebuilt,11,0.04310400038957596
case_006_real,gsm8k,late,real_route_replay,3,3,61,real,1.0,1,1,0.0,gate_up_active_prebuilt,12,0.048576001077890396
case_006_real,gsm8k,late,real_route_replay,3,3,61,real,1.0,1,1,0.0,gate_up_active_prebuilt,13,0.04492799937725067
case_006_real,gsm8k,late,real_route_replay,3,3,61,real,1.0,1,1,0.0,gate_up_active_prebuilt,14,0.04265600070357323
case_006_real,gsm8k,late,real_route_replay,3,3,61,real,1.0,1,1,0.0,gate_up_active_prebuilt,15,0.04320000112056732
case_006_real,gsm8k,late,real_route_replay,3,3,61,real,1.0,1,1,0.0,gate_up_active_prebuilt,16,0.04806400090456009
case_006_real,gsm8k,late,real_route_replay,3,3,61,real,1.0,1,1,0.0,gate_up_active_prebuilt,17,0.06294400244951248
case_006_real,gsm8k,late,real_route_replay,3,3,61,real,1.0,1,1,0.0,gate_up_active_prebuilt,18,0.048928000032901764
case_006_real,gsm8k,late,real_route_replay,3,3,61,real,1.0,1,1,0.0,gate_up_active_prebuilt,19,0.04972799867391586
case_006_real,gsm8k,late,real_route_replay,3,3,61,real,1.0,1,1,0.0,gate_up_active_prebuilt,20,0.049215998500585556
case_006_real,gsm8k,late,real_route_replay,3,3,61,real,1.0,1,1,0.0,gate_up_active_prebuilt,21,0.04915200173854828
case_006_real,gsm8k,late,real_route_replay,3,3,61,real,1.0,1,1,0.0,gate_up_active_prebuilt,22,0.04739199951291084
case_006_real,gsm8k,late,real_route_replay,3,3,61,real,1.0,1,1,0.0,gate_up_active_prebuilt,23,0.04771199822425842
case_006_real,gsm8k,late,real_route_replay,3,3,61,real,1.0,1,1,0.0,gate_up_active_prebuilt,24,0.046592000871896744
case_006_real,gsm8k,late,real_route_replay,3,3,61,real,1.0,1,1,0.0,gate_up_active_prebuilt,25,0.04947200044989586
case_006_real,gsm8k,late,real_route_replay,3,3,61,real,1.0,1,1,0.0,gate_up_active_prebuilt,26,0.04681599885225296
case_006_real,gsm8k,late,real_route_replay,3,3,61,real,1.0,1,1,0.0,gate_up_active_prebuilt,27,0.04710400104522705
case_006_real,gsm8k,late,real_route_replay,3,3,61,real,1.0,1,1,0.0,gate_up_active_prebuilt,28,0.04851200059056282
case_006_real,gsm8k,late,real_route_replay,3,3,61,real,1.0,1,1,0.0,gate_up_active_prebuilt,29,0.0498879998922348
case_006_real,gsm8k,late,real_route_replay,3,3,61,real,1.0,1,1,0.0,gate_up_active_prebuilt,30,0.0504320003092289
case_006_real,gsm8k,late,real_route_replay,3,3,61,real,1.0,1,1,0.0,gate_up_active_prebuilt,31,0.06348799914121628
case_006_real,gsm8k,late,real_route_replay,3,3,61,real,1.0,1,1,0.0,gate_up_active_prebuilt,32,0.04556800052523613
case_006_real,gsm8k,late,real_route_replay,3,3,61,real,1.0,1,1,0.0,gate_up_active_prebuilt,33,0.04652800038456917
case_006_real,gsm8k,late,real_route_replay,3,3,61,real,1.0,1,1,0.0,gate_up_active_prebuilt,34,0.044319998472929
case_006_real,gsm8k,late,real_route_replay,3,3,61,real,1.0,1,1,0.0,gate_up_active_prebuilt,35,0.041152000427246094
case_006_real,gsm8k,late,real_route_replay,3,3,61,real,1.0,1,1,0.0,gate_up_active_prebuilt,36,0.040832001715898514
case_006_real,gsm8k,late,real_route_replay,3,3,61,real,1.0,1,1,0.0,gate_up_active_prebuilt,37,0.04224000126123428
case_006_real,gsm8k,late,real_route_replay,3,3,61,real,1.0,1,1,0.0,gate_up_active_prebuilt,38,0.04032000154256821
case_006_real,gsm8k,late,real_route_replay,3,3,61,real,1.0,1,1,0.0,gate_up_active_prebuilt,39,0.042367998510599136
case_006_real,gsm8k,late,real_route_replay,3,3,61,real,1.0,1,1,0.0,down_full64_prebuilt,0,0.039872001856565475
case_006_real,gsm8k,late,real_route_replay,3,3,61,real,1.0,1,1,0.0,down_full64_prebuilt,1,0.03852799907326698
case_006_real,gsm8k,late,real_route_replay,3,3,61,real,1.0,1,1,0.0,down_full64_prebuilt,2,0.03903999924659729
case_006_real,gsm8k,late,real_route_replay,3,3,61,real,1.0,1,1,0.0,down_full64_prebuilt,3,0.03920000046491623
case_006_real,gsm8k,late,real_route_replay,3,3,61,real,1.0,1,1,0.0,down_full64_prebuilt,4,0.03638400137424469
case_006_real,gsm8k,late,real_route_replay,3,3,61,real,1.0,1,1,0.0,down_full64_prebuilt,5,0.03545600175857544
case_006_real,gsm8k,late,real_route_replay,3,3,61,real,1.0,1,1,0.0,down_full64_prebuilt,6,0.03711999952793121
case_006_real,gsm8k,late,real_route_replay,3,3,61,real,1.0,1,1,0.0,down_full64_prebuilt,7,0.035679999738931656
case_006_real,gsm8k,late,real_route_replay,3,3,61,real,1.0,1,1,0.0,down_full64_prebuilt,8,0.0350399985909462
case_006_real,gsm8k,late,real_route_replay,3,3,61,real,1.0,1,1,0.0,down_full64_prebuilt,9,0.035711999982595444
case_006_real,gsm8k,late,real_route_replay,3,3,61,real,1.0,1,1,0.0,down_full64_prebuilt,10,0.03673600032925606
case_006_real,gsm8k,late,real_route_replay,3,3,61,real,1.0,1,1,0.0,down_full64_prebuilt,11,0.03855999931693077
case_006_real,gsm8k,late,real_route_replay,3,3,61,real,1.0,1,1,0.0,down_full64_prebuilt,12,0.03750399872660637
case_006_real,gsm8k,late,real_route_replay,3,3,61,real,1.0,1,1,0.0,down_full64_prebuilt,13,0.03798399865627289
case_006_real,gsm8k,late,real_route_replay,3,3,61,real,1.0,1,1,0.0,down_full64_prebuilt,14,0.03590400144457817
case_006_real,gsm8k,late,real_route_replay,3,3,61,real,1.0,1,1,0.0,down_full64_prebuilt,15,0.03788800165057182
case_006_real,gsm8k,late,real_route_replay,3,3,61,real,1.0,1,1,0.0,down_full64_prebuilt,16,0.03750399872660637
case_006_real,gsm8k,late,real_route_replay,3,3,61,real,1.0,1,1,0.0,down_full64_prebuilt,17,0.03641600161790848
case_006_real,gsm8k,late,real_route_replay,3,3,61,real,1.0,1,1,0.0,down_full64_prebuilt,18,0.03718400001525879
case_006_real,gsm8k,late,real_route_replay,3,3,61,real,1.0,1,1,0.0,down_full64_prebuilt,19,0.036320000886917114
case_006_real,gsm8k,late,real_route_replay,3,3,61,real,1.0,1,1,0.0,down_full64_prebuilt,20,0.038015998899936676
case_006_real,gsm8k,late,real_route_replay,3,3,61,real,1.0,1,1,0.0,down_full64_prebuilt,21,0.03516799956560135
case_006_real,gsm8k,late,real_route_replay,3,3,61,real,1.0,1,1,0.0,down_full64_prebuilt,22,0.034272000193595886
case_006_real,gsm8k,late,real_route_replay,3,3,61,real,1.0,1,1,0.0,down_full64_prebuilt,23,0.03577600046992302
case_006_real,gsm8k,late,real_route_replay,3,3,61,real,1.0,1,1,0.0,down_full64_prebuilt,24,0.034143999218940735
case_006_real,gsm8k,late,real_route_replay,3,3,61,real,1.0,1,1,0.0,down_full64_prebuilt,25,0.034912001341581345
case_006_real,gsm8k,late,real_route_replay,3,3,61,real,1.0,1,1,0.0,down_full64_prebuilt,26,0.03606399893760681
case_006_real,gsm8k,late,real_route_replay,3,3,61,real,1.0,1,1,0.0,down_full64_prebuilt,27,0.04028800129890442
case_006_real,gsm8k,late,real_route_replay,3,3,61,real,1.0,1,1,0.0,down_full64_prebuilt,28,0.034591998904943466
case_006_real,gsm8k,late,real_route_replay,3,3,61,real,1.0,1,1,0.0,down_full64_prebuilt,29,0.035392001271247864
case_006_real,gsm8k,late,real_route_replay,3,3,61,real,1.0,1,1,0.0,down_full64_prebuilt,30,0.037728000432252884
case_006_real,gsm8k,late,real_route_replay,3,3,61,real,1.0,1,1,0.0,down_full64_prebuilt,31,0.03651199862360954
case_006_real,gsm8k,late,real_route_replay,3,3,61,real,1.0,1,1,0.0,down_full64_prebuilt,32,0.03657599911093712
case_006_real,gsm8k,late,real_route_replay,3,3,61,real,1.0,1,1,0.0,down_full64_prebuilt,33,0.03590400144457817
case_006_real,gsm8k,late,real_route_replay,3,3,61,real,1.0,1,1,0.0,down_full64_prebuilt,34,0.03488000109791756
case_006_real,gsm8k,late,real_route_replay,3,3,61,real,1.0,1,1,0.0,down_full64_prebuilt,35,0.038495998829603195
case_006_real,gsm8k,late,real_route_replay,3,3,61,real,1.0,1,1,0.0,down_full64_prebuilt,36,0.03574400022625923
case_006_real,gsm8k,late,real_route_replay,3,3,61,real,1.0,1,1,0.0,down_full64_prebuilt,37,0.03494400158524513
case_006_real,gsm8k,late,real_route_replay,3,3,61,real,1.0,1,1,0.0,down_full64_prebuilt,38,0.03500799834728241
case_006_real,gsm8k,late,real_route_replay,3,3,61,real,1.0,1,1,0.0,down_full64_prebuilt,39,0.03657599911093712
case_007_real,gsm8k,late,real_route_replay,67,17,47,real,3.9411764705882355,1,8,0.421625280353001,gate_up_full64_prebuilt,0,0.13795199990272522
case_007_real,gsm8k,late,real_route_replay,67,17,47,real,3.9411764705882355,1,8,0.421625280353001,gate_up_full64_prebuilt,1,0.13663999736309052
case_007_real,gsm8k,late,real_route_replay,67,17,47,real,3.9411764705882355,1,8,0.421625280353001,gate_up_full64_prebuilt,2,0.1356479972600937
case_007_real,gsm8k,late,real_route_replay,67,17,47,real,3.9411764705882355,1,8,0.421625280353001,gate_up_full64_prebuilt,3,0.13593600690364838
case_007_real,gsm8k,late,real_route_replay,67,17,47,real,3.9411764705882355,1,8,0.421625280353001,gate_up_full64_prebuilt,4,0.1363839954137802
case_007_real,gsm8k,late,real_route_replay,67,17,47,real,3.9411764705882355,1,8,0.421625280353001,gate_up_full64_prebuilt,5,0.13439999520778656
case_007_real,gsm8k,late,real_route_replay,67,17,47,real,3.9411764705882355,1,8,0.421625280353001,gate_up_full64_prebuilt,6,0.1363839954137802
case_007_real,gsm8k,late,real_route_replay,67,17,47,real,3.9411764705882355,1,8,0.421625280353001,gate_up_full64_prebuilt,7,0.1348160058259964
case_007_real,gsm8k,late,real_route_replay,67,17,47,real,3.9411764705882355,1,8,0.421625280353001,gate_up_full64_prebuilt,8,0.1356160044670105
case_007_real,gsm8k,late,real_route_replay,67,17,47,real,3.9411764705882355,1,8,0.421625280353001,gate_up_full64_prebuilt,9,0.13689599931240082
case_007_real,gsm8k,late,real_route_replay,67,17,47,real,3.9411764705882355,1,8,0.421625280353001,gate_up_full64_prebuilt,10,0.13449600338935852
case_007_real,gsm8k,late,real_route_replay,67,17,47,real,3.9411764705882355,1,8,0.421625280353001,gate_up_full64_prebuilt,11,0.13468800485134125
case_007_real,gsm8k,late,real_route_replay,67,17,47,real,3.9411764705882355,1,8,0.421625280353001,gate_up_full64_prebuilt,12,0.13628800213336945
case_007_real,gsm8k,late,real_route_replay,67,17,47,real,3.9411764705882355,1,8,0.421625280353001,gate_up_full64_prebuilt,13,0.1388159990310669
case_007_real,gsm8k,late,real_route_replay,67,17,47,real,3.9411764705882355,1,8,0.421625280353001,gate_up_full64_prebuilt,14,0.14083200693130493
case_007_real,gsm8k,late,real_route_replay,67,17,47,real,3.9411764705882355,1,8,0.421625280353001,gate_up_full64_prebuilt,15,0.13577599823474884
case_007_real,gsm8k,late,real_route_replay,67,17,47,real,3.9411764705882355,1,8,0.421625280353001,gate_up_full64_prebuilt,16,0.13443200290203094
case_007_real,gsm8k,late,real_route_replay,67,17,47,real,3.9411764705882355,1,8,0.421625280353001,gate_up_full64_prebuilt,17,0.1350719928741455
case_007_real,gsm8k,late,real_route_replay,67,17,47,real,3.9411764705882355,1,8,0.421625280353001,gate_up_full64_prebuilt,18,0.1340479999780655
case_007_real,gsm8k,late,real_route_replay,67,17,47,real,3.9411764705882355,1,8,0.421625280353001,gate_up_full64_prebuilt,19,0.13756799697875977
case_007_real,gsm8k,late,real_route_replay,67,17,47,real,3.9411764705882355,1,8,0.421625280353001,gate_up_full64_prebuilt,20,0.13654400408267975
case_007_real,gsm8k,late,real_route_replay,67,17,47,real,3.9411764705882355,1,8,0.421625280353001,gate_up_full64_prebuilt,21,0.13344000279903412
case_007_real,gsm8k,late,real_route_replay,67,17,47,real,3.9411764705882355,1,8,0.421625280353001,gate_up_full64_prebuilt,22,0.13465599715709686
case_007_real,gsm8k,late,real_route_replay,67,17,47,real,3.9411764705882355,1,8,0.421625280353001,gate_up_full64_prebuilt,23,0.13407999277114868
case_007_real,gsm8k,late,real_route_replay,67,17,47,real,3.9411764705882355,1,8,0.421625280353001,gate_up_full64_prebuilt,24,0.14035199582576752
case_007_real,gsm8k,late,real_route_replay,67,17,47,real,3.9411764705882355,1,8,0.421625280353001,gate_up_full64_prebuilt,25,0.1353279948234558
case_007_real,gsm8k,late,real_route_replay,67,17,47,real,3.9411764705882355,1,8,0.421625280353001,gate_up_full64_prebuilt,26,0.13753600418567657
case_007_real,gsm8k,late,real_route_replay,67,17,47,real,3.9411764705882355,1,8,0.421625280353001,gate_up_full64_prebuilt,27,0.13699199259281158
case_007_real,gsm8k,late,real_route_replay,67,17,47,real,3.9411764705882355,1,8,0.421625280353001,gate_up_full64_prebuilt,28,0.13811199367046356
case_007_real,gsm8k,late,real_route_replay,67,17,47,real,3.9411764705882355,1,8,0.421625280353001,gate_up_full64_prebuilt,29,0.13891200721263885
case_007_real,gsm8k,late,real_route_replay,67,17,47,real,3.9411764705882355,1,8,0.421625280353001,gate_up_full64_prebuilt,30,0.13872000575065613
case_007_real,gsm8k,late,real_route_replay,67,17,47,real,3.9411764705882355,1,8,0.421625280353001,gate_up_full64_prebuilt,31,0.13603200018405914
case_007_real,gsm8k,late,real_route_replay,67,17,47,real,3.9411764705882355,1,8,0.421625280353001,gate_up_full64_prebuilt,32,0.14057600498199463
case_007_real,gsm8k,late,real_route_replay,67,17,47,real,3.9411764705882355,1,8,0.421625280353001,gate_up_full64_prebuilt,33,0.13468800485134125
case_007_real,gsm8k,late,real_route_replay,67,17,47,real,3.9411764705882355,1,8,0.421625280353001,gate_up_full64_prebuilt,34,0.14300799369812012
case_007_real,gsm8k,late,real_route_replay,67,17,47,real,3.9411764705882355,1,8,0.421625280353001,gate_up_full64_prebuilt,35,0.13916799426078796
case_007_real,gsm8k,late,real_route_replay,67,17,47,real,3.9411764705882355,1,8,0.421625280353001,gate_up_full64_prebuilt,36,0.14214399456977844
case_007_real,gsm8k,late,real_route_replay,67,17,47,real,3.9411764705882355,1,8,0.421625280353001,gate_up_full64_prebuilt,37,0.14032000303268433
case_007_real,gsm8k,late,real_route_replay,67,17,47,real,3.9411764705882355,1,8,0.421625280353001,gate_up_full64_prebuilt,38,0.14287999272346497
case_007_real,gsm8k,late,real_route_replay,67,17,47,real,3.9411764705882355,1,8,0.421625280353001,gate_up_full64_prebuilt,39,0.14604799449443817
case_007_real,gsm8k,late,real_route_replay,67,17,47,real,3.9411764705882355,1,8,0.421625280353001,swiglu,0,0.025439999997615814
case_007_real,gsm8k,late,real_route_replay,67,17,47,real,3.9411764705882355,1,8,0.421625280353001,swiglu,1,0.024607999250292778
case_007_real,gsm8k,late,real_route_replay,67,17,47,real,3.9411764705882355,1,8,0.421625280353001,swiglu,2,0.024288000538945198
case_007_real,gsm8k,late,real_route_replay,67,17,47,real,3.9411764705882355,1,8,0.421625280353001,swiglu,3,0.024480000138282776
case_007_real,gsm8k,late,real_route_replay,67,17,47,real,3.9411764705882355,1,8,0.421625280353001,swiglu,4,0.0244159996509552
case_007_real,gsm8k,late,real_route_replay,67,17,47,real,3.9411764705882355,1,8,0.421625280353001,swiglu,5,0.02380800060927868
case_007_real,gsm8k,late,real_route_replay,67,17,47,real,3.9411764705882355,1,8,0.421625280353001,swiglu,6,0.026784000918269157
case_007_real,gsm8k,late,real_route_replay,67,17,47,real,3.9411764705882355,1,8,0.421625280353001,swiglu,7,0.024224000051617622
case_007_real,gsm8k,late,real_route_replay,67,17,47,real,3.9411764705882355,1,8,0.421625280353001,swiglu,8,0.024831999093294144
case_007_real,gsm8k,late,real_route_replay,67,17,47,real,3.9411764705882355,1,8,0.421625280353001,swiglu,9,0.021856000646948814
case_007_real,gsm8k,late,real_route_replay,67,17,47,real,3.9411764705882355,1,8,0.421625280353001,swiglu,10,0.021663999184966087
case_007_real,gsm8k,late,real_route_replay,67,17,47,real,3.9411764705882355,1,8,0.421625280353001,swiglu,11,0.02163200080394745
case_007_real,gsm8k,late,real_route_replay,67,17,47,real,3.9411764705882355,1,8,0.421625280353001,swiglu,12,0.021407999098300934
case_007_real,gsm8k,late,real_route_replay,67,17,47,real,3.9411764705882355,1,8,0.421625280353001,swiglu,13,0.021888000890612602
case_007_real,gsm8k,late,real_route_replay,67,17,47,real,3.9411764705882355,1,8,0.421625280353001,swiglu,14,0.020608000457286835
case_007_real,gsm8k,late,real_route_replay,67,17,47,real,3.9411764705882355,1,8,0.421625280353001,swiglu,15,0.023296000435948372
case_007_real,gsm8k,late,real_route_replay,67,17,47,real,3.9411764705882355,1,8,0.421625280353001,swiglu,16,0.03827200084924698
case_007_real,gsm8k,late,real_route_replay,67,17,47,real,3.9411764705882355,1,8,0.421625280353001,swiglu,17,0.027135999873280525
case_007_real,gsm8k,late,real_route_replay,67,17,47,real,3.9411764705882355,1,8,0.421625280353001,swiglu,18,0.024447999894618988
case_007_real,gsm8k,late,real_route_replay,67,17,47,real,3.9411764705882355,1,8,0.421625280353001,swiglu,19,0.02908799983561039
case_007_real,gsm8k,late,real_route_replay,67,17,47,real,3.9411764705882355,1,8,0.421625280353001,swiglu,20,0.025536000728607178
case_007_real,gsm8k,late,real_route_replay,67,17,47,real,3.9411764705882355,1,8,0.421625280353001,swiglu,21,0.02409599907696247
case_007_real,gsm8k,late,real_route_replay,67,17,47,real,3.9411764705882355,1,8,0.421625280353001,swiglu,22,0.024320000782608986
case_007_real,gsm8k,late,real_route_replay,67,17,47,real,3.9411764705882355,1,8,0.421625280353001,swiglu,23,0.025151999667286873
case_007_real,gsm8k,late,real_route_replay,67,17,47,real,3.9411764705882355,1,8,0.421625280353001,swiglu,24,0.023903999477624893
case_007_real,gsm8k,late,real_route_replay,67,17,47,real,3.9411764705882355,1,8,0.421625280353001,swiglu,25,0.022943999618291855
case_007_real,gsm8k,late,real_route_replay,67,17,47,real,3.9411764705882355,1,8,0.421625280353001,swiglu,26,0.02195199951529503
case_007_real,gsm8k,late,real_route_replay,67,17,47,real,3.9411764705882355,1,8,0.421625280353001,swiglu,27,0.02191999927163124
case_007_real,gsm8k,late,real_route_replay,67,17,47,real,3.9411764705882355,1,8,0.421625280353001,swiglu,28,0.023231999948620796
case_007_real,gsm8k,late,real_route_replay,67,17,47,real,3.9411764705882355,1,8,0.421625280353001,swiglu,29,0.02208000048995018
case_007_real,gsm8k,late,real_route_replay,67,17,47,real,3.9411764705882355,1,8,0.421625280353001,swiglu,30,0.020640000700950623
case_007_real,gsm8k,late,real_route_replay,67,17,47,real,3.9411764705882355,1,8,0.421625280353001,swiglu,31,0.021215999498963356
case_007_real,gsm8k,late,real_route_replay,67,17,47,real,3.9411764705882355,1,8,0.421625280353001,swiglu,32,0.02175999991595745
case_007_real,gsm8k,late,real_route_replay,67,17,47,real,3.9411764705882355,1,8,0.421625280353001,swiglu,33,0.02112000063061714
case_007_real,gsm8k,late,real_route_replay,67,17,47,real,3.9411764705882355,1,8,0.421625280353001,swiglu,34,0.020735999569296837
case_007_real,gsm8k,late,real_route_replay,67,17,47,real,3.9411764705882355,1,8,0.421625280353001,swiglu,35,0.020576000213623047
case_007_real,gsm8k,late,real_route_replay,67,17,47,real,3.9411764705882355,1,8,0.421625280353001,swiglu,36,0.020608000457286835
case_007_real,gsm8k,late,real_route_replay,67,17,47,real,3.9411764705882355,1,8,0.421625280353001,swiglu,37,0.021727999672293663
case_007_real,gsm8k,late,real_route_replay,67,17,47,real,3.9411764705882355,1,8,0.421625280353001,swiglu,38,0.021888000890612602
case_007_real,gsm8k,late,real_route_replay,67,17,47,real,3.9411764705882355,1,8,0.421625280353001,swiglu,39,0.036896001547575
case_007_real,gsm8k,late,real_route_replay,67,17,47,real,3.9411764705882355,1,8,0.421625280353001,route_weight,0,0.016095999628305435
case_007_real,gsm8k,late,real_route_replay,67,17,47,real,3.9411764705882355,1,8,0.421625280353001,route_weight,1,0.0144640002399683
case_007_real,gsm8k,late,real_route_replay,67,17,47,real,3.9411764705882355,1,8,0.421625280353001,route_weight,2,0.014783999882638454
case_007_real,gsm8k,late,real_route_replay,67,17,47,real,3.9411764705882355,1,8,0.421625280353001,route_weight,3,0.01408000010997057
case_007_real,gsm8k,late,real_route_replay,67,17,47,real,3.9411764705882355,1,8,0.421625280353001,route_weight,4,0.014208000153303146
case_007_real,gsm8k,late,real_route_replay,67,17,47,real,3.9411764705882355,1,8,0.421625280353001,route_weight,5,0.013728000223636627
case_007_real,gsm8k,late,real_route_replay,67,17,47,real,3.9411764705882355,1,8,0.421625280353001,route_weight,6,0.013952000066637993
case_007_real,gsm8k,late,real_route_replay,67,17,47,real,3.9411764705882355,1,8,0.421625280353001,route_weight,7,0.01414399966597557
case_007_real,gsm8k,late,real_route_replay,67,17,47,real,3.9411764705882355,1,8,0.421625280353001,route_weight,8,0.015072000212967396
case_007_real,gsm8k,late,real_route_replay,67,17,47,real,3.9411764705882355,1,8,0.421625280353001,route_weight,9,0.014655999839305878
case_007_real,gsm8k,late,real_route_replay,67,17,47,real,3.9411764705882355,1,8,0.421625280353001,route_weight,10,0.015296000055968761
case_007_real,gsm8k,late,real_route_replay,67,17,47,real,3.9411764705882355,1,8,0.421625280353001,route_weight,11,0.014560000039637089
case_007_real,gsm8k,late,real_route_replay,67,17,47,real,3.9411764705882355,1,8,0.421625280353001,route_weight,12,0.01708799973130226
case_007_real,gsm8k,late,real_route_replay,67,17,47,real,3.9411764705882355,1,8,0.421625280353001,route_weight,13,0.015776000916957855
case_007_real,gsm8k,late,real_route_replay,67,17,47,real,3.9411764705882355,1,8,0.421625280353001,route_weight,14,0.015263999812304974
case_007_real,gsm8k,late,real_route_replay,67,17,47,real,3.9411764705882355,1,8,0.421625280353001,route_weight,15,0.018719999119639397
case_007_real,gsm8k,late,real_route_replay,67,17,47,real,3.9411764705882355,1,8,0.421625280353001,route_weight,16,0.01539199985563755
case_007_real,gsm8k,late,real_route_replay,67,17,47,real,3.9411764705882355,1,8,0.421625280353001,route_weight,17,0.015200000256299973
case_007_real,gsm8k,late,real_route_replay,67,17,47,real,3.9411764705882355,1,8,0.421625280353001,route_weight,18,0.014783999882638454
case_007_real,gsm8k,late,real_route_replay,67,17,47,real,3.9411764705882355,1,8,0.421625280353001,route_weight,19,0.01375999953597784
case_007_real,gsm8k,late,real_route_replay,67,17,47,real,3.9411764705882355,1,8,0.421625280353001,route_weight,20,0.013344000093638897
case_007_real,gsm8k,late,real_route_replay,67,17,47,real,3.9411764705882355,1,8,0.421625280353001,route_weight,21,0.013504000380635262
case_007_real,gsm8k,late,real_route_replay,67,17,47,real,3.9411764705882355,1,8,0.421625280353001,route_weight,22,0.013439999893307686
case_007_real,gsm8k,late,real_route_replay,67,17,47,real,3.9411764705882355,1,8,0.421625280353001,route_weight,23,0.027936000376939774
case_007_real,gsm8k,late,real_route_replay,67,17,47,real,3.9411764705882355,1,8,0.421625280353001,route_weight,24,0.018015999346971512
case_007_real,gsm8k,late,real_route_replay,67,17,47,real,3.9411764705882355,1,8,0.421625280353001,route_weight,25,0.015168000012636185
case_007_real,gsm8k,late,real_route_replay,67,17,47,real,3.9411764705882355,1,8,0.421625280353001,route_weight,26,0.015296000055968761
case_007_real,gsm8k,late,real_route_replay,67,17,47,real,3.9411764705882355,1,8,0.421625280353001,route_weight,27,0.01548799965530634
case_007_real,gsm8k,late,real_route_replay,67,17,47,real,3.9411764705882355,1,8,0.421625280353001,route_weight,28,0.015359999611973763
case_007_real,gsm8k,late,real_route_replay,67,17,47,real,3.9411764705882355,1,8,0.421625280353001,route_weight,29,0.015072000212967396
case_007_real,gsm8k,late,real_route_replay,67,17,47,real,3.9411764705882355,1,8,0.421625280353001,route_weight,30,0.015231999568641186
case_007_real,gsm8k,late,real_route_replay,67,17,47,real,3.9411764705882355,1,8,0.421625280353001,route_weight,31,0.015552000142633915
case_007_real,gsm8k,late,real_route_replay,67,17,47,real,3.9411764705882355,1,8,0.421625280353001,route_weight,32,0.015296000055968761
case_007_real,gsm8k,late,real_route_replay,67,17,47,real,3.9411764705882355,1,8,0.421625280353001,route_weight,33,0.014592000283300877
case_007_real,gsm8k,late,real_route_replay,67,17,47,real,3.9411764705882355,1,8,0.421625280353001,route_weight,34,0.0144640002399683
case_007_real,gsm8k,late,real_route_replay,67,17,47,real,3.9411764705882355,1,8,0.421625280353001,route_weight,35,0.013919999822974205
case_007_real,gsm8k,late,real_route_replay,67,17,47,real,3.9411764705882355,1,8,0.421625280353001,route_weight,36,0.013887999579310417
case_007_real,gsm8k,late,real_route_replay,67,17,47,real,3.9411764705882355,1,8,0.421625280353001,route_weight,37,0.014911999925971031
case_007_real,gsm8k,late,real_route_replay,67,17,47,real,3.9411764705882355,1,8,0.421625280353001,route_weight,38,0.01539199985563755
case_007_real,gsm8k,late,real_route_replay,67,17,47,real,3.9411764705882355,1,8,0.421625280353001,route_weight,39,0.01484800036996603
case_007_real,gsm8k,late,real_route_replay,67,17,47,real,3.9411764705882355,1,8,0.421625280353001,down_active_prebuilt,0,0.09724800288677216
case_007_real,gsm8k,late,real_route_replay,67,17,47,real,3.9411764705882355,1,8,0.421625280353001,down_active_prebuilt,1,0.08755200356245041
case_007_real,gsm8k,late,real_route_replay,67,17,47,real,3.9411764705882355,1,8,0.421625280353001,down_active_prebuilt,2,0.08848000317811966
case_007_real,gsm8k,late,real_route_replay,67,17,47,real,3.9411764705882355,1,8,0.421625280353001,down_active_prebuilt,3,0.08771199733018875
case_007_real,gsm8k,late,real_route_replay,67,17,47,real,3.9411764705882355,1,8,0.421625280353001,down_active_prebuilt,4,0.08860799670219421
case_007_real,gsm8k,late,real_route_replay,67,17,47,real,3.9411764705882355,1,8,0.421625280353001,down_active_prebuilt,5,0.09043200314044952
case_007_real,gsm8k,late,real_route_replay,67,17,47,real,3.9411764705882355,1,8,0.421625280353001,down_active_prebuilt,6,0.09059199690818787
case_007_real,gsm8k,late,real_route_replay,67,17,47,real,3.9411764705882355,1,8,0.421625280353001,down_active_prebuilt,7,0.08892799913883209
case_007_real,gsm8k,late,real_route_replay,67,17,47,real,3.9411764705882355,1,8,0.421625280353001,down_active_prebuilt,8,0.09123200178146362
case_007_real,gsm8k,late,real_route_replay,67,17,47,real,3.9411764705882355,1,8,0.421625280353001,down_active_prebuilt,9,0.08822400122880936
case_007_real,gsm8k,late,real_route_replay,67,17,47,real,3.9411764705882355,1,8,0.421625280353001,down_active_prebuilt,10,0.08755200356245041
case_007_real,gsm8k,late,real_route_replay,67,17,47,real,3.9411764705882355,1,8,0.421625280353001,down_active_prebuilt,11,0.09654399752616882
case_007_real,gsm8k,late,real_route_replay,67,17,47,real,3.9411764705882355,1,8,0.421625280353001,down_active_prebuilt,12,0.09612800180912018
case_007_real,gsm8k,late,real_route_replay,67,17,47,real,3.9411764705882355,1,8,0.421625280353001,down_active_prebuilt,13,0.10444799810647964
case_007_real,gsm8k,late,real_route_replay,67,17,47,real,3.9411764705882355,1,8,0.421625280353001,down_active_prebuilt,14,0.09247999638319016
case_007_real,gsm8k,late,real_route_replay,67,17,47,real,3.9411764705882355,1,8,0.421625280353001,down_active_prebuilt,15,0.09238400310277939
case_007_real,gsm8k,late,real_route_replay,67,17,47,real,3.9411764705882355,1,8,0.421625280353001,down_active_prebuilt,16,0.09676799923181534
case_007_real,gsm8k,late,real_route_replay,67,17,47,real,3.9411764705882355,1,8,0.421625280353001,down_active_prebuilt,17,0.09561599791049957
case_007_real,gsm8k,late,real_route_replay,67,17,47,real,3.9411764705882355,1,8,0.421625280353001,down_active_prebuilt,18,0.09644799679517746
case_007_real,gsm8k,late,real_route_replay,67,17,47,real,3.9411764705882355,1,8,0.421625280353001,down_active_prebuilt,19,0.0958079993724823
case_007_real,gsm8k,late,real_route_replay,67,17,47,real,3.9411764705882355,1,8,0.421625280353001,down_active_prebuilt,20,0.09904000163078308
case_007_real,gsm8k,late,real_route_replay,67,17,47,real,3.9411764705882355,1,8,0.421625280353001,down_active_prebuilt,21,0.10096000134944916
case_007_real,gsm8k,late,real_route_replay,67,17,47,real,3.9411764705882355,1,8,0.421625280353001,down_active_prebuilt,22,0.09350399672985077
case_007_real,gsm8k,late,real_route_replay,67,17,47,real,3.9411764705882355,1,8,0.421625280353001,down_active_prebuilt,23,0.08841600269079208
case_007_real,gsm8k,late,real_route_replay,67,17,47,real,3.9411764705882355,1,8,0.421625280353001,down_active_prebuilt,24,0.08745600283145905
case_007_real,gsm8k,late,real_route_replay,67,17,47,real,3.9411764705882355,1,8,0.421625280353001,down_active_prebuilt,25,0.08822400122880936
case_007_real,gsm8k,late,real_route_replay,67,17,47,real,3.9411764705882355,1,8,0.421625280353001,down_active_prebuilt,26,0.08767999708652496
case_007_real,gsm8k,late,real_route_replay,67,17,47,real,3.9411764705882355,1,8,0.421625280353001,down_active_prebuilt,27,0.09046400338411331
case_007_real,gsm8k,late,real_route_replay,67,17,47,real,3.9411764705882355,1,8,0.421625280353001,down_active_prebuilt,28,0.08963199704885483
case_007_real,gsm8k,late,real_route_replay,67,17,47,real,3.9411764705882355,1,8,0.421625280353001,down_active_prebuilt,29,0.08607999980449677
case_007_real,gsm8k,late,real_route_replay,67,17,47,real,3.9411764705882355,1,8,0.421625280353001,down_active_prebuilt,30,0.08700799942016602
case_007_real,gsm8k,late,real_route_replay,67,17,47,real,3.9411764705882355,1,8,0.421625280353001,down_active_prebuilt,31,0.08560000360012054
case_007_real,gsm8k,late,real_route_replay,67,17,47,real,3.9411764705882355,1,8,0.421625280353001,down_active_prebuilt,32,0.0865280032157898
case_007_real,gsm8k,late,real_route_replay,67,17,47,real,3.9411764705882355,1,8,0.421625280353001,down_active_prebuilt,33,0.0920960009098053
case_007_real,gsm8k,late,real_route_replay,67,17,47,real,3.9411764705882355,1,8,0.421625280353001,down_active_prebuilt,34,0.08755200356245041
case_007_real,gsm8k,late,real_route_replay,67,17,47,real,3.9411764705882355,1,8,0.421625280353001,down_active_prebuilt,35,0.08604799956083298
case_007_real,gsm8k,late,real_route_replay,67,17,47,real,3.9411764705882355,1,8,0.421625280353001,down_active_prebuilt,36,0.08604799956083298
case_007_real,gsm8k,late,real_route_replay,67,17,47,real,3.9411764705882355,1,8,0.421625280353001,down_active_prebuilt,37,0.08614400029182434
case_007_real,gsm8k,late,real_route_replay,67,17,47,real,3.9411764705882355,1,8,0.421625280353001,down_active_prebuilt,38,0.09008000046014786
case_007_real,gsm8k,late,real_route_replay,67,17,47,real,3.9411764705882355,1,8,0.421625280353001,down_active_prebuilt,39,0.08681599795818329
case_007_real,gsm8k,late,real_route_replay,67,17,47,real,3.9411764705882355,1,8,0.421625280353001,down_full64_prebuilt,0,0.09302400052547455
case_007_real,gsm8k,late,real_route_replay,67,17,47,real,3.9411764705882355,1,8,0.421625280353001,down_full64_prebuilt,1,0.08793599903583527
case_007_real,gsm8k,late,real_route_replay,67,17,47,real,3.9411764705882355,1,8,0.421625280353001,down_full64_prebuilt,2,0.08643200248479843
case_007_real,gsm8k,late,real_route_replay,67,17,47,real,3.9411764705882355,1,8,0.421625280353001,down_full64_prebuilt,3,0.08713600039482117
case_007_real,gsm8k,late,real_route_replay,67,17,47,real,3.9411764705882355,1,8,0.421625280353001,down_full64_prebuilt,4,0.08777599781751633
case_007_real,gsm8k,late,real_route_replay,67,17,47,real,3.9411764705882355,1,8,0.421625280353001,down_full64_prebuilt,5,0.08620800077915192
case_007_real,gsm8k,late,real_route_replay,67,17,47,real,3.9411764705882355,1,8,0.421625280353001,down_full64_prebuilt,6,0.08963199704885483
case_007_real,gsm8k,late,real_route_replay,67,17,47,real,3.9411764705882355,1,8,0.421625280353001,down_full64_prebuilt,7,0.08803199976682663
case_007_real,gsm8k,late,real_route_replay,67,17,47,real,3.9411764705882355,1,8,0.421625280353001,down_full64_prebuilt,8,0.08972799777984619
case_007_real,gsm8k,late,real_route_replay,67,17,47,real,3.9411764705882355,1,8,0.421625280353001,down_full64_prebuilt,9,0.09027200192213058
case_007_real,gsm8k,late,real_route_replay,67,17,47,real,3.9411764705882355,1,8,0.421625280353001,down_full64_prebuilt,10,0.08953599631786346
case_007_real,gsm8k,late,real_route_replay,67,17,47,real,3.9411764705882355,1,8,0.421625280353001,down_full64_prebuilt,11,0.09001599997282028
case_007_real,gsm8k,late,real_route_replay,67,17,47,real,3.9411764705882355,1,8,0.421625280353001,down_full64_prebuilt,12,0.08879999816417694
case_007_real,gsm8k,late,real_route_replay,67,17,47,real,3.9411764705882355,1,8,0.421625280353001,down_full64_prebuilt,13,0.08940800279378891
case_007_real,gsm8k,late,real_route_replay,67,17,47,real,3.9411764705882355,1,8,0.421625280353001,down_full64_prebuilt,14,0.09030400216579437
case_007_real,gsm8k,late,real_route_replay,67,17,47,real,3.9411764705882355,1,8,0.421625280353001,down_full64_prebuilt,15,0.08879999816417694
case_007_real,gsm8k,late,real_route_replay,67,17,47,real,3.9411764705882355,1,8,0.421625280353001,down_full64_prebuilt,16,0.08752000331878662
case_007_real,gsm8k,late,real_route_replay,67,17,47,real,3.9411764705882355,1,8,0.421625280353001,down_full64_prebuilt,17,0.09065599739551544
case_007_real,gsm8k,late,real_route_replay,67,17,47,real,3.9411764705882355,1,8,0.421625280353001,down_full64_prebuilt,18,0.09292799979448318
case_007_real,gsm8k,late,real_route_replay,67,17,47,real,3.9411764705882355,1,8,0.421625280353001,down_full64_prebuilt,19,0.09433600306510925
case_007_real,gsm8k,late,real_route_replay,67,17,47,real,3.9411764705882355,1,8,0.421625280353001,down_full64_prebuilt,20,0.09359999746084213
case_007_real,gsm8k,late,real_route_replay,67,17,47,real,3.9411764705882355,1,8,0.421625280353001,down_full64_prebuilt,21,0.09302400052547455
case_007_real,gsm8k,late,real_route_replay,67,17,47,real,3.9411764705882355,1,8,0.421625280353001,down_full64_prebuilt,22,0.09276799857616425
case_007_real,gsm8k,late,real_route_replay,67,17,47,real,3.9411764705882355,1,8,0.421625280353001,down_full64_prebuilt,23,0.0926399976015091
case_007_real,gsm8k,late,real_route_replay,67,17,47,real,3.9411764705882355,1,8,0.421625280353001,down_full64_prebuilt,24,0.09663999825716019
case_007_real,gsm8k,late,real_route_replay,67,17,47,real,3.9411764705882355,1,8,0.421625280353001,down_full64_prebuilt,25,0.09667199850082397
case_007_real,gsm8k,late,real_route_replay,67,17,47,real,3.9411764705882355,1,8,0.421625280353001,down_full64_prebuilt,26,0.09881599992513657
case_007_real,gsm8k,late,real_route_replay,67,17,47,real,3.9411764705882355,1,8,0.421625280353001,down_full64_prebuilt,27,0.09564799815416336
case_007_real,gsm8k,late,real_route_replay,67,17,47,real,3.9411764705882355,1,8,0.421625280353001,down_full64_prebuilt,28,0.09123200178146362
case_007_real,gsm8k,late,real_route_replay,67,17,47,real,3.9411764705882355,1,8,0.421625280353001,down_full64_prebuilt,29,0.09001599997282028
case_007_real,gsm8k,late,real_route_replay,67,17,47,real,3.9411764705882355,1,8,0.421625280353001,down_full64_prebuilt,30,0.08947200328111649
case_007_real,gsm8k,late,real_route_replay,67,17,47,real,3.9411764705882355,1,8,0.421625280353001,down_full64_prebuilt,31,0.0873280018568039
case_007_real,gsm8k,late,real_route_replay,67,17,47,real,3.9411764705882355,1,8,0.421625280353001,down_full64_prebuilt,32,0.08755200356245041
case_007_real,gsm8k,late,real_route_replay,67,17,47,real,3.9411764705882355,1,8,0.421625280353001,down_full64_prebuilt,33,0.08585599809885025
case_007_real,gsm8k,late,real_route_replay,67,17,47,real,3.9411764705882355,1,8,0.421625280353001,down_full64_prebuilt,34,0.08681599795818329
case_007_real,gsm8k,late,real_route_replay,67,17,47,real,3.9411764705882355,1,8,0.421625280353001,down_full64_prebuilt,35,0.08662399649620056
case_007_real,gsm8k,late,real_route_replay,67,17,47,real,3.9411764705882355,1,8,0.421625280353001,down_full64_prebuilt,36,0.08902399986982346
case_007_real,gsm8k,late,real_route_replay,67,17,47,real,3.9411764705882355,1,8,0.421625280353001,down_full64_prebuilt,37,0.08710400015115738
case_007_real,gsm8k,late,real_route_replay,67,17,47,real,3.9411764705882355,1,8,0.421625280353001,down_full64_prebuilt,38,0.08668799698352814
case_007_real,gsm8k,late,real_route_replay,67,17,47,real,3.9411764705882355,1,8,0.421625280353001,down_full64_prebuilt,39,0.08582399785518646
case_007_real,gsm8k,late,real_route_replay,67,17,47,real,3.9411764705882355,1,8,0.421625280353001,gate_up_active_prebuilt,0,0.13603200018405914
case_007_real,gsm8k,late,real_route_replay,67,17,47,real,3.9411764705882355,1,8,0.421625280353001,gate_up_active_prebuilt,1,0.1355839967727661
case_007_real,gsm8k,late,real_route_replay,67,17,47,real,3.9411764705882355,1,8,0.421625280353001,gate_up_active_prebuilt,2,0.13417600095272064
case_007_real,gsm8k,late,real_route_replay,67,17,47,real,3.9411764705882355,1,8,0.421625280353001,gate_up_active_prebuilt,3,0.1327359974384308
case_007_real,gsm8k,late,real_route_replay,67,17,47,real,3.9411764705882355,1,8,0.421625280353001,gate_up_active_prebuilt,4,0.13593600690364838
case_007_real,gsm8k,late,real_route_replay,67,17,47,real,3.9411764705882355,1,8,0.421625280353001,gate_up_active_prebuilt,5,0.13648000359535217
case_007_real,gsm8k,late,real_route_replay,67,17,47,real,3.9411764705882355,1,8,0.421625280353001,gate_up_active_prebuilt,6,0.13686400651931763
case_007_real,gsm8k,late,real_route_replay,67,17,47,real,3.9411764705882355,1,8,0.421625280353001,gate_up_active_prebuilt,7,0.13840000331401825
case_007_real,gsm8k,late,real_route_replay,67,17,47,real,3.9411764705882355,1,8,0.421625280353001,gate_up_active_prebuilt,8,0.13728000223636627
case_007_real,gsm8k,late,real_route_replay,67,17,47,real,3.9411764705882355,1,8,0.421625280353001,gate_up_active_prebuilt,9,0.13542400300502777
case_007_real,gsm8k,late,real_route_replay,67,17,47,real,3.9411764705882355,1,8,0.421625280353001,gate_up_active_prebuilt,10,0.13513599336147308
case_007_real,gsm8k,late,real_route_replay,67,17,47,real,3.9411764705882355,1,8,0.421625280353001,gate_up_active_prebuilt,11,0.13235199451446533
case_007_real,gsm8k,late,real_route_replay,67,17,47,real,3.9411764705882355,1,8,0.421625280353001,gate_up_active_prebuilt,12,0.13542400300502777
case_007_real,gsm8k,late,real_route_replay,67,17,47,real,3.9411764705882355,1,8,0.421625280353001,gate_up_active_prebuilt,13,0.1340160071849823
case_007_real,gsm8k,late,real_route_replay,67,17,47,real,3.9411764705882355,1,8,0.421625280353001,gate_up_active_prebuilt,14,0.13424000144004822
case_007_real,gsm8k,late,real_route_replay,67,17,47,real,3.9411764705882355,1,8,0.421625280353001,gate_up_active_prebuilt,15,0.13583999872207642
case_007_real,gsm8k,late,real_route_replay,67,17,47,real,3.9411764705882355,1,8,0.421625280353001,gate_up_active_prebuilt,16,0.13385599851608276
case_007_real,gsm8k,late,real_route_replay,67,17,47,real,3.9411764705882355,1,8,0.421625280353001,gate_up_active_prebuilt,17,0.13580800592899323
case_007_real,gsm8k,late,real_route_replay,67,17,47,real,3.9411764705882355,1,8,0.421625280353001,gate_up_active_prebuilt,18,0.1332480013370514
case_007_real,gsm8k,late,real_route_replay,67,17,47,real,3.9411764705882355,1,8,0.421625280353001,gate_up_active_prebuilt,19,0.13491199910640717
case_007_real,gsm8k,late,real_route_replay,67,17,47,real,3.9411764705882355,1,8,0.421625280353001,gate_up_active_prebuilt,20,0.13478399813175201
case_007_real,gsm8k,late,real_route_replay,67,17,47,real,3.9411764705882355,1,8,0.421625280353001,gate_up_active_prebuilt,21,0.1356160044670105
case_007_real,gsm8k,late,real_route_replay,67,17,47,real,3.9411764705882355,1,8,0.421625280353001,gate_up_active_prebuilt,22,0.13737599551677704
case_007_real,gsm8k,late,real_route_replay,67,17,47,real,3.9411764705882355,1,8,0.421625280353001,gate_up_active_prebuilt,23,0.13302400708198547
case_007_real,gsm8k,late,real_route_replay,67,17,47,real,3.9411764705882355,1,8,0.421625280353001,gate_up_active_prebuilt,24,0.13308799266815186
case_007_real,gsm8k,late,real_route_replay,67,17,47,real,3.9411764705882355,1,8,0.421625280353001,gate_up_active_prebuilt,25,0.13289600610733032
case_007_real,gsm8k,late,real_route_replay,67,17,47,real,3.9411764705882355,1,8,0.421625280353001,gate_up_active_prebuilt,26,0.13420799374580383
case_007_real,gsm8k,late,real_route_replay,67,17,47,real,3.9411764705882355,1,8,0.421625280353001,gate_up_active_prebuilt,27,0.1379839926958084
case_007_real,gsm8k,late,real_route_replay,67,17,47,real,3.9411764705882355,1,8,0.421625280353001,gate_up_active_prebuilt,28,0.13398399949073792
case_007_real,gsm8k,late,real_route_replay,67,17,47,real,3.9411764705882355,1,8,0.421625280353001,gate_up_active_prebuilt,29,0.13814400136470795
case_007_real,gsm8k,late,real_route_replay,67,17,47,real,3.9411764705882355,1,8,0.421625280353001,gate_up_active_prebuilt,30,0.13711999356746674
case_007_real,gsm8k,late,real_route_replay,67,17,47,real,3.9411764705882355,1,8,0.421625280353001,gate_up_active_prebuilt,31,0.13814400136470795
case_007_real,gsm8k,late,real_route_replay,67,17,47,real,3.9411764705882355,1,8,0.421625280353001,gate_up_active_prebuilt,32,0.1379839926958084
case_007_real,gsm8k,late,real_route_replay,67,17,47,real,3.9411764705882355,1,8,0.421625280353001,gate_up_active_prebuilt,33,0.1367039978504181
case_007_real,gsm8k,late,real_route_replay,67,17,47,real,3.9411764705882355,1,8,0.421625280353001,gate_up_active_prebuilt,34,0.1366720050573349
case_007_real,gsm8k,late,real_route_replay,67,17,47,real,3.9411764705882355,1,8,0.421625280353001,gate_up_active_prebuilt,35,0.13686400651931763
case_007_real,gsm8k,late,real_route_replay,67,17,47,real,3.9411764705882355,1,8,0.421625280353001,gate_up_active_prebuilt,36,0.14195199310779572
case_007_real,gsm8k,late,real_route_replay,67,17,47,real,3.9411764705882355,1,8,0.421625280353001,gate_up_active_prebuilt,37,0.1345919966697693
case_007_real,gsm8k,late,real_route_replay,67,17,47,real,3.9411764705882355,1,8,0.421625280353001,gate_up_active_prebuilt,38,0.13500800728797913
case_007_real,gsm8k,late,real_route_replay,67,17,47,real,3.9411764705882355,1,8,0.421625280353001,gate_up_active_prebuilt,39,0.13340799510478973
case_010_real,gsm8k,middle,real_route_replay,532,44,20,real,12.090909090909092,1,40,0.8467247089649499,gate_up_full64_prebuilt,0,0.33184000849723816
case_010_real,gsm8k,middle,real_route_replay,532,44,20,real,12.090909090909092,1,40,0.8467247089649499,gate_up_full64_prebuilt,1,0.2996799945831299
case_010_real,gsm8k,middle,real_route_replay,532,44,20,real,12.090909090909092,1,40,0.8467247089649499,gate_up_full64_prebuilt,2,0.29635199904441833
case_010_real,gsm8k,middle,real_route_replay,532,44,20,real,12.090909090909092,1,40,0.8467247089649499,gate_up_full64_prebuilt,3,0.2935999929904938
case_010_real,gsm8k,middle,real_route_replay,532,44,20,real,12.090909090909092,1,40,0.8467247089649499,gate_up_full64_prebuilt,4,0.2980799973011017
case_010_real,gsm8k,middle,real_route_replay,532,44,20,real,12.090909090909092,1,40,0.8467247089649499,gate_up_full64_prebuilt,5,0.294624000787735
case_010_real,gsm8k,middle,real_route_replay,532,44,20,real,12.090909090909092,1,40,0.8467247089649499,gate_up_full64_prebuilt,6,0.2948159873485565
case_010_real,gsm8k,middle,real_route_replay,532,44,20,real,12.090909090909092,1,40,0.8467247089649499,gate_up_full64_prebuilt,7,0.2951360046863556
case_010_real,gsm8k,middle,real_route_replay,532,44,20,real,12.090909090909092,1,40,0.8467247089649499,gate_up_full64_prebuilt,8,0.29206401109695435
case_010_real,gsm8k,middle,real_route_replay,532,44,20,real,12.090909090909092,1,40,0.8467247089649499,gate_up_full64_prebuilt,9,0.29555198550224304
case_010_real,gsm8k,middle,real_route_replay,532,44,20,real,12.090909090909092,1,40,0.8467247089649499,gate_up_full64_prebuilt,10,0.29475200176239014
case_010_real,gsm8k,middle,real_route_replay,532,44,20,real,12.090909090909092,1,40,0.8467247089649499,gate_up_full64_prebuilt,11,0.29094401001930237
case_010_real,gsm8k,middle,real_route_replay,532,44,20,real,12.090909090909092,1,40,0.8467247089649499,gate_up_full64_prebuilt,12,0.2963840067386627
case_010_real,gsm8k,middle,real_route_replay,532,44,20,real,12.090909090909092,1,40,0.8467247089649499,gate_up_full64_prebuilt,13,0.2913919985294342
case_010_real,gsm8k,middle,real_route_replay,532,44,20,real,12.090909090909092,1,40,0.8467247089649499,gate_up_full64_prebuilt,14,0.2937920093536377
case_010_real,gsm8k,middle,real_route_replay,532,44,20,real,12.090909090909092,1,40,0.8467247089649499,gate_up_full64_prebuilt,15,0.2950400114059448
case_010_real,gsm8k,middle,real_route_replay,532,44,20,real,12.090909090909092,1,40,0.8467247089649499,gate_up_full64_prebuilt,16,0.29395198822021484
case_010_real,gsm8k,middle,real_route_replay,532,44,20,real,12.090909090909092,1,40,0.8467247089649499,gate_up_full64_prebuilt,17,0.29721599817276
case_010_real,gsm8k,middle,real_route_replay,532,44,20,real,12.090909090909092,1,40,0.8467247089649499,gate_up_full64_prebuilt,18,0.2969279885292053
case_010_real,gsm8k,middle,real_route_replay,532,44,20,real,12.090909090909092,1,40,0.8467247089649499,gate_up_full64_prebuilt,19,0.3016960024833679
case_010_real,gsm8k,middle,real_route_replay,532,44,20,real,12.090909090909092,1,40,0.8467247089649499,gate_up_full64_prebuilt,20,0.3049280047416687
case_010_real,gsm8k,middle,real_route_replay,532,44,20,real,12.090909090909092,1,40,0.8467247089649499,gate_up_full64_prebuilt,21,0.30351999402046204
case_010_real,gsm8k,middle,real_route_replay,532,44,20,real,12.090909090909092,1,40,0.8467247089649499,gate_up_full64_prebuilt,22,0.3041599988937378
case_010_real,gsm8k,middle,real_route_replay,532,44,20,real,12.090909090909092,1,40,0.8467247089649499,gate_up_full64_prebuilt,23,0.3062399923801422
case_010_real,gsm8k,middle,real_route_replay,532,44,20,real,12.090909090909092,1,40,0.8467247089649499,gate_up_full64_prebuilt,24,0.3203519880771637
case_010_real,gsm8k,middle,real_route_replay,532,44,20,real,12.090909090909092,1,40,0.8467247089649499,gate_up_full64_prebuilt,25,0.3054719865322113
case_010_real,gsm8k,middle,real_route_replay,532,44,20,real,12.090909090909092,1,40,0.8467247089649499,gate_up_full64_prebuilt,26,0.30246400833129883
case_010_real,gsm8k,middle,real_route_replay,532,44,20,real,12.090909090909092,1,40,0.8467247089649499,gate_up_full64_prebuilt,27,0.31200000643730164
case_010_real,gsm8k,middle,real_route_replay,532,44,20,real,12.090909090909092,1,40,0.8467247089649499,gate_up_full64_prebuilt,28,0.3096640110015869
case_010_real,gsm8k,middle,real_route_replay,532,44,20,real,12.090909090909092,1,40,0.8467247089649499,gate_up_full64_prebuilt,29,0.30057600140571594
case_010_real,gsm8k,middle,real_route_replay,532,44,20,real,12.090909090909092,1,40,0.8467247089649499,gate_up_full64_prebuilt,30,0.2953920066356659
case_010_real,gsm8k,middle,real_route_replay,532,44,20,real,12.090909090909092,1,40,0.8467247089649499,gate_up_full64_prebuilt,31,0.29769599437713623
case_010_real,gsm8k,middle,real_route_replay,532,44,20,real,12.090909090909092,1,40,0.8467247089649499,gate_up_full64_prebuilt,32,0.29795199632644653
case_010_real,gsm8k,middle,real_route_replay,532,44,20,real,12.090909090909092,1,40,0.8467247089649499,gate_up_full64_prebuilt,33,0.29468798637390137
case_010_real,gsm8k,middle,real_route_replay,532,44,20,real,12.090909090909092,1,40,0.8467247089649499,gate_up_full64_prebuilt,34,0.29315200448036194
case_010_real,gsm8k,middle,real_route_replay,532,44,20,real,12.090909090909092,1,40,0.8467247089649499,gate_up_full64_prebuilt,35,0.29577600955963135
case_010_real,gsm8k,middle,real_route_replay,532,44,20,real,12.090909090909092,1,40,0.8467247089649499,gate_up_full64_prebuilt,36,0.2929919958114624
case_010_real,gsm8k,middle,real_route_replay,532,44,20,real,12.090909090909092,1,40,0.8467247089649499,gate_up_full64_prebuilt,37,0.295199990272522
case_010_real,gsm8k,middle,real_route_replay,532,44,20,real,12.090909090909092,1,40,0.8467247089649499,gate_up_full64_prebuilt,38,0.2938239872455597
case_010_real,gsm8k,middle,real_route_replay,532,44,20,real,12.090909090909092,1,40,0.8467247089649499,gate_up_full64_prebuilt,39,0.2935360074043274
case_010_real,gsm8k,middle,real_route_replay,532,44,20,real,12.090909090909092,1,40,0.8467247089649499,down_active_prebuilt,0,0.18963199853897095
case_010_real,gsm8k,middle,real_route_replay,532,44,20,real,12.090909090909092,1,40,0.8467247089649499,down_active_prebuilt,1,0.20051200687885284
case_010_real,gsm8k,middle,real_route_replay,532,44,20,real,12.090909090909092,1,40,0.8467247089649499,down_active_prebuilt,2,0.18620799481868744
case_010_real,gsm8k,middle,real_route_replay,532,44,20,real,12.090909090909092,1,40,0.8467247089649499,down_active_prebuilt,3,0.19359999895095825
case_010_real,gsm8k,middle,real_route_replay,532,44,20,real,12.090909090909092,1,40,0.8467247089649499,down_active_prebuilt,4,0.19235199689865112
case_010_real,gsm8k,middle,real_route_replay,532,44,20,real,12.090909090909092,1,40,0.8467247089649499,down_active_prebuilt,5,0.1944960057735443
case_010_real,gsm8k,middle,real_route_replay,532,44,20,real,12.090909090909092,1,40,0.8467247089649499,down_active_prebuilt,6,0.19363200664520264
case_010_real,gsm8k,middle,real_route_replay,532,44,20,real,12.090909090909092,1,40,0.8467247089649499,down_active_prebuilt,7,0.18985599279403687
case_010_real,gsm8k,middle,real_route_replay,532,44,20,real,12.090909090909092,1,40,0.8467247089649499,down_active_prebuilt,8,0.19404800236225128
case_010_real,gsm8k,middle,real_route_replay,532,44,20,real,12.090909090909092,1,40,0.8467247089649499,down_active_prebuilt,9,0.19644799828529358
case_010_real,gsm8k,middle,real_route_replay,532,44,20,real,12.090909090909092,1,40,0.8467247089649499,down_active_prebuilt,10,0.18979200720787048
case_010_real,gsm8k,middle,real_route_replay,532,44,20,real,12.090909090909092,1,40,0.8467247089649499,down_active_prebuilt,11,0.1900479942560196
case_010_real,gsm8k,middle,real_route_replay,532,44,20,real,12.090909090909092,1,40,0.8467247089649499,down_active_prebuilt,12,0.18668800592422485
case_010_real,gsm8k,middle,real_route_replay,532,44,20,real,12.090909090909092,1,40,0.8467247089649499,down_active_prebuilt,13,0.18278400599956512
case_010_real,gsm8k,middle,real_route_replay,532,44,20,real,12.090909090909092,1,40,0.8467247089649499,down_active_prebuilt,14,0.18822400271892548
case_010_real,gsm8k,middle,real_route_replay,532,44,20,real,12.090909090909092,1,40,0.8467247089649499,down_active_prebuilt,15,0.18675200641155243
case_010_real,gsm8k,middle,real_route_replay,532,44,20,real,12.090909090909092,1,40,0.8467247089649499,down_active_prebuilt,16,0.18796800076961517
case_010_real,gsm8k,middle,real_route_replay,532,44,20,real,12.090909090909092,1,40,0.8467247089649499,down_active_prebuilt,17,0.18918399512767792
case_010_real,gsm8k,middle,real_route_replay,532,44,20,real,12.090909090909092,1,40,0.8467247089649499,down_active_prebuilt,18,0.18649600446224213
case_010_real,gsm8k,middle,real_route_replay,532,44,20,real,12.090909090909092,1,40,0.8467247089649499,down_active_prebuilt,19,0.19254399836063385
case_010_real,gsm8k,middle,real_route_replay,532,44,20,real,12.090909090909092,1,40,0.8467247089649499,down_active_prebuilt,20,0.18300800025463104
case_010_real,gsm8k,middle,real_route_replay,532,44,20,real,12.090909090909092,1,40,0.8467247089649499,down_active_prebuilt,21,0.18412800133228302
case_010_real,gsm8k,middle,real_route_replay,532,44,20,real,12.090909090909092,1,40,0.8467247089649499,down_active_prebuilt,22,0.18639999628067017
case_010_real,gsm8k,middle,real_route_replay,532,44,20,real,12.090909090909092,1,40,0.8467247089649499,down_active_prebuilt,23,0.19139200448989868
case_010_real,gsm8k,middle,real_route_replay,532,44,20,real,12.090909090909092,1,40,0.8467247089649499,down_active_prebuilt,24,0.18671999871730804
case_010_real,gsm8k,middle,real_route_replay,532,44,20,real,12.090909090909092,1,40,0.8467247089649499,down_active_prebuilt,25,0.18432000279426575
case_010_real,gsm8k,middle,real_route_replay,532,44,20,real,12.090909090909092,1,40,0.8467247089649499,down_active_prebuilt,26,0.18502399325370789
case_010_real,gsm8k,middle,real_route_replay,532,44,20,real,12.090909090909092,1,40,0.8467247089649499,down_active_prebuilt,27,0.18467199802398682
case_010_real,gsm8k,middle,real_route_replay,532,44,20,real,12.090909090909092,1,40,0.8467247089649499,down_active_prebuilt,28,0.1857919991016388
case_010_real,gsm8k,middle,real_route_replay,532,44,20,real,12.090909090909092,1,40,0.8467247089649499,down_active_prebuilt,29,0.18646399676799774
case_010_real,gsm8k,middle,real_route_replay,532,44,20,real,12.090909090909092,1,40,0.8467247089649499,down_active_prebuilt,30,0.1873600035905838
case_010_real,gsm8k,middle,real_route_replay,532,44,20,real,12.090909090909092,1,40,0.8467247089649499,down_active_prebuilt,31,0.19366399943828583
case_010_real,gsm8k,middle,real_route_replay,532,44,20,real,12.090909090909092,1,40,0.8467247089649499,down_active_prebuilt,32,0.1915840059518814
case_010_real,gsm8k,middle,real_route_replay,532,44,20,real,12.090909090909092,1,40,0.8467247089649499,down_active_prebuilt,33,0.1921280026435852
case_010_real,gsm8k,middle,real_route_replay,532,44,20,real,12.090909090909092,1,40,0.8467247089649499,down_active_prebuilt,34,0.19855999946594238
case_010_real,gsm8k,middle,real_route_replay,532,44,20,real,12.090909090909092,1,40,0.8467247089649499,down_active_prebuilt,35,0.19196799397468567
case_010_real,gsm8k,middle,real_route_replay,532,44,20,real,12.090909090909092,1,40,0.8467247089649499,down_active_prebuilt,36,0.1964160054922104
case_010_real,gsm8k,middle,real_route_replay,532,44,20,real,12.090909090909092,1,40,0.8467247089649499,down_active_prebuilt,37,0.19516800343990326
case_010_real,gsm8k,middle,real_route_replay,532,44,20,real,12.090909090909092,1,40,0.8467247089649499,down_active_prebuilt,38,0.19407999515533447
case_010_real,gsm8k,middle,real_route_replay,532,44,20,real,12.090909090909092,1,40,0.8467247089649499,down_active_prebuilt,39,0.18863999843597412
case_010_real,gsm8k,middle,real_route_replay,532,44,20,real,12.090909090909092,1,40,0.8467247089649499,down_full64_prebuilt,0,0.19619199633598328
case_010_real,gsm8k,middle,real_route_replay,532,44,20,real,12.090909090909092,1,40,0.8467247089649499,down_full64_prebuilt,1,0.18595199286937714
case_010_real,gsm8k,middle,real_route_replay,532,44,20,real,12.090909090909092,1,40,0.8467247089649499,down_full64_prebuilt,2,0.1855359971523285
case_010_real,gsm8k,middle,real_route_replay,532,44,20,real,12.090909090909092,1,40,0.8467247089649499,down_full64_prebuilt,3,0.1844799965620041
case_010_real,gsm8k,middle,real_route_replay,532,44,20,real,12.090909090909092,1,40,0.8467247089649499,down_full64_prebuilt,4,0.18726399540901184
case_010_real,gsm8k,middle,real_route_replay,532,44,20,real,12.090909090909092,1,40,0.8467247089649499,down_full64_prebuilt,5,0.1860480010509491
case_010_real,gsm8k,middle,real_route_replay,532,44,20,real,12.090909090909092,1,40,0.8467247089649499,down_full64_prebuilt,6,0.18883199989795685
case_010_real,gsm8k,middle,real_route_replay,532,44,20,real,12.090909090909092,1,40,0.8467247089649499,down_full64_prebuilt,7,0.18857599794864655
case_010_real,gsm8k,middle,real_route_replay,532,44,20,real,12.090909090909092,1,40,0.8467247089649499,down_full64_prebuilt,8,0.18851199746131897
case_010_real,gsm8k,middle,real_route_replay,532,44,20,real,12.090909090909092,1,40,0.8467247089649499,down_full64_prebuilt,9,0.1889919936656952
case_010_real,gsm8k,middle,real_route_replay,532,44,20,real,12.090909090909092,1,40,0.8467247089649499,down_full64_prebuilt,10,0.18582400679588318
case_010_real,gsm8k,middle,real_route_replay,532,44,20,real,12.090909090909092,1,40,0.8467247089649499,down_full64_prebuilt,11,0.18380799889564514
case_010_real,gsm8k,middle,real_route_replay,532,44,20,real,12.090909090909092,1,40,0.8467247089649499,down_full64_prebuilt,12,0.1839040070772171
case_010_real,gsm8k,middle,real_route_replay,532,44,20,real,12.090909090909092,1,40,0.8467247089649499,down_full64_prebuilt,13,0.1857600063085556
case_010_real,gsm8k,middle,real_route_replay,532,44,20,real,12.090909090909092,1,40,0.8467247089649499,down_full64_prebuilt,14,0.18681600689888
case_010_real,gsm8k,middle,real_route_replay,532,44,20,real,12.090909090909092,1,40,0.8467247089649499,down_full64_prebuilt,15,0.18479999899864197
case_010_real,gsm8k,middle,real_route_replay,532,44,20,real,12.090909090909092,1,40,0.8467247089649499,down_full64_prebuilt,16,0.18592000007629395
case_010_real,gsm8k,middle,real_route_replay,532,44,20,real,12.090909090909092,1,40,0.8467247089649499,down_full64_prebuilt,17,0.18880000710487366
case_010_real,gsm8k,middle,real_route_replay,532,44,20,real,12.090909090909092,1,40,0.8467247089649499,down_full64_prebuilt,18,0.18825599551200867
case_010_real,gsm8k,middle,real_route_replay,532,44,20,real,12.090909090909092,1,40,0.8467247089649499,down_full64_prebuilt,19,0.19062399864196777
case_010_real,gsm8k,middle,real_route_replay,532,44,20,real,12.090909090909092,1,40,0.8467247089649499,down_full64_prebuilt,20,0.19439999759197235
case_010_real,gsm8k,middle,real_route_replay,532,44,20,real,12.090909090909092,1,40,0.8467247089649499,down_full64_prebuilt,21,0.1963520050048828
case_010_real,gsm8k,middle,real_route_replay,532,44,20,real,12.090909090909092,1,40,0.8467247089649499,down_full64_prebuilt,22,0.19545599818229675
case_010_real,gsm8k,middle,real_route_replay,532,44,20,real,12.090909090909092,1,40,0.8467247089649499,down_full64_prebuilt,23,0.19468800723552704
case_010_real,gsm8k,middle,real_route_replay,532,44,20,real,12.090909090909092,1,40,0.8467247089649499,down_full64_prebuilt,24,0.19644799828529358
case_010_real,gsm8k,middle,real_route_replay,532,44,20,real,12.090909090909092,1,40,0.8467247089649499,down_full64_prebuilt,25,0.19891199469566345
case_010_real,gsm8k,middle,real_route_replay,532,44,20,real,12.090909090909092,1,40,0.8467247089649499,down_full64_prebuilt,26,0.1998720020055771
case_010_real,gsm8k,middle,real_route_replay,532,44,20,real,12.090909090909092,1,40,0.8467247089649499,down_full64_prebuilt,27,0.1915840059518814
case_010_real,gsm8k,middle,real_route_replay,532,44,20,real,12.090909090909092,1,40,0.8467247089649499,down_full64_prebuilt,28,0.18512000143527985
case_010_real,gsm8k,middle,real_route_replay,532,44,20,real,12.090909090909092,1,40,0.8467247089649499,down_full64_prebuilt,29,0.1871040016412735
case_010_real,gsm8k,middle,real_route_replay,532,44,20,real,12.090909090909092,1,40,0.8467247089649499,down_full64_prebuilt,30,0.1844480037689209
case_010_real,gsm8k,middle,real_route_replay,532,44,20,real,12.090909090909092,1,40,0.8467247089649499,down_full64_prebuilt,31,0.18809600174427032
case_010_real,gsm8k,middle,real_route_replay,532,44,20,real,12.090909090909092,1,40,0.8467247089649499,down_full64_prebuilt,32,0.18729600310325623
case_010_real,gsm8k,middle,real_route_replay,532,44,20,real,12.090909090909092,1,40,0.8467247089649499,down_full64_prebuilt,33,0.1870719939470291
case_010_real,gsm8k,middle,real_route_replay,532,44,20,real,12.090909090909092,1,40,0.8467247089649499,down_full64_prebuilt,34,0.18732799589633942
case_010_real,gsm8k,middle,real_route_replay,532,44,20,real,12.090909090909092,1,40,0.8467247089649499,down_full64_prebuilt,35,0.19094400107860565
case_010_real,gsm8k,middle,real_route_replay,532,44,20,real,12.090909090909092,1,40,0.8467247089649499,down_full64_prebuilt,36,0.1849599927663803
case_010_real,gsm8k,middle,real_route_replay,532,44,20,real,12.090909090909092,1,40,0.8467247089649499,down_full64_prebuilt,37,0.1878719925880432
case_010_real,gsm8k,middle,real_route_replay,532,44,20,real,12.090909090909092,1,40,0.8467247089649499,down_full64_prebuilt,38,0.18569600582122803
case_010_real,gsm8k,middle,real_route_replay,532,44,20,real,12.090909090909092,1,40,0.8467247089649499,down_full64_prebuilt,39,0.18940800428390503
case_010_real,gsm8k,middle,real_route_replay,532,44,20,real,12.090909090909092,1,40,0.8467247089649499,gate_up_active_prebuilt,0,0.2985279858112335
case_010_real,gsm8k,middle,real_route_replay,532,44,20,real,12.090909090909092,1,40,0.8467247089649499,gate_up_active_prebuilt,1,0.29683199524879456
case_010_real,gsm8k,middle,real_route_replay,532,44,20,real,12.090909090909092,1,40,0.8467247089649499,gate_up_active_prebuilt,2,0.298880010843277
case_010_real,gsm8k,middle,real_route_replay,532,44,20,real,12.090909090909092,1,40,0.8467247089649499,gate_up_active_prebuilt,3,0.298335999250412
case_010_real,gsm8k,middle,real_route_replay,532,44,20,real,12.090909090909092,1,40,0.8467247089649499,gate_up_active_prebuilt,4,0.2948800027370453
case_010_real,gsm8k,middle,real_route_replay,532,44,20,real,12.090909090909092,1,40,0.8467247089649499,gate_up_active_prebuilt,5,0.29526400566101074
case_010_real,gsm8k,middle,real_route_replay,532,44,20,real,12.090909090909092,1,40,0.8467247089649499,gate_up_active_prebuilt,6,0.29760000109672546
case_010_real,gsm8k,middle,real_route_replay,532,44,20,real,12.090909090909092,1,40,0.8467247089649499,gate_up_active_prebuilt,7,0.2970559895038605
case_010_real,gsm8k,middle,real_route_replay,532,44,20,real,12.090909090909092,1,40,0.8467247089649499,gate_up_active_prebuilt,8,0.2956799864768982
case_010_real,gsm8k,middle,real_route_replay,532,44,20,real,12.090909090909092,1,40,0.8467247089649499,gate_up_active_prebuilt,9,0.29443201422691345
case_010_real,gsm8k,middle,real_route_replay,532,44,20,real,12.090909090909092,1,40,0.8467247089649499,gate_up_active_prebuilt,10,0.2956480085849762
case_010_real,gsm8k,middle,real_route_replay,532,44,20,real,12.090909090909092,1,40,0.8467247089649499,gate_up_active_prebuilt,11,0.2911359965801239
case_010_real,gsm8k,middle,real_route_replay,532,44,20,real,12.090909090909092,1,40,0.8467247089649499,gate_up_active_prebuilt,12,0.2919360101222992
case_010_real,gsm8k,middle,real_route_replay,532,44,20,real,12.090909090909092,1,40,0.8467247089649499,gate_up_active_prebuilt,13,0.29523199796676636
case_010_real,gsm8k,middle,real_route_replay,532,44,20,real,12.090909090909092,1,40,0.8467247089649499,gate_up_active_prebuilt,14,0.2969920039176941
case_010_real,gsm8k,middle,real_route_replay,532,44,20,real,12.090909090909092,1,40,0.8467247089649499,gate_up_active_prebuilt,15,0.29475200176239014
case_010_real,gsm8k,middle,real_route_replay,532,44,20,real,12.090909090909092,1,40,0.8467247089649499,gate_up_active_prebuilt,16,0.29657599329948425
case_010_real,gsm8k,middle,real_route_replay,532,44,20,real,12.090909090909092,1,40,0.8467247089649499,gate_up_active_prebuilt,17,0.29305601119995117
case_010_real,gsm8k,middle,real_route_replay,532,44,20,real,12.090909090909092,1,40,0.8467247089649499,gate_up_active_prebuilt,18,0.3012799918651581
case_010_real,gsm8k,middle,real_route_replay,532,44,20,real,12.090909090909092,1,40,0.8467247089649499,gate_up_active_prebuilt,19,0.2942720055580139
case_010_real,gsm8k,middle,real_route_replay,532,44,20,real,12.090909090909092,1,40,0.8467247089649499,gate_up_active_prebuilt,20,0.294624000787735
case_010_real,gsm8k,middle,real_route_replay,532,44,20,real,12.090909090909092,1,40,0.8467247089649499,gate_up_active_prebuilt,21,0.29552000761032104
case_010_real,gsm8k,middle,real_route_replay,532,44,20,real,12.090909090909092,1,40,0.8467247089649499,gate_up_active_prebuilt,22,0.29555198550224304
case_010_real,gsm8k,middle,real_route_replay,532,44,20,real,12.090909090909092,1,40,0.8467247089649499,gate_up_active_prebuilt,23,0.2949120104312897
case_010_real,gsm8k,middle,real_route_replay,532,44,20,real,12.090909090909092,1,40,0.8467247089649499,gate_up_active_prebuilt,24,0.29766398668289185
case_010_real,gsm8k,middle,real_route_replay,532,44,20,real,12.090909090909092,1,40,0.8467247089649499,gate_up_active_prebuilt,25,0.29388800263404846
case_010_real,gsm8k,middle,real_route_replay,532,44,20,real,12.090909090909092,1,40,0.8467247089649499,gate_up_active_prebuilt,26,0.2980799973011017
case_010_real,gsm8k,middle,real_route_replay,532,44,20,real,12.090909090909092,1,40,0.8467247089649499,gate_up_active_prebuilt,27,0.2968960106372833
case_010_real,gsm8k,middle,real_route_replay,532,44,20,real,12.090909090909092,1,40,0.8467247089649499,gate_up_active_prebuilt,28,0.2980479896068573
case_010_real,gsm8k,middle,real_route_replay,532,44,20,real,12.090909090909092,1,40,0.8467247089649499,gate_up_active_prebuilt,29,0.2985279858112335
case_010_real,gsm8k,middle,real_route_replay,532,44,20,real,12.090909090909092,1,40,0.8467247089649499,gate_up_active_prebuilt,30,0.29465600848197937
case_010_real,gsm8k,middle,real_route_replay,532,44,20,real,12.090909090909092,1,40,0.8467247089649499,gate_up_active_prebuilt,31,0.2972800135612488
case_010_real,gsm8k,middle,real_route_replay,532,44,20,real,12.090909090909092,1,40,0.8467247089649499,gate_up_active_prebuilt,32,0.2949120104312897
case_010_real,gsm8k,middle,real_route_replay,532,44,20,real,12.090909090909092,1,40,0.8467247089649499,gate_up_active_prebuilt,33,0.29257598519325256
case_010_real,gsm8k,middle,real_route_replay,532,44,20,real,12.090909090909092,1,40,0.8467247089649499,gate_up_active_prebuilt,34,0.29840001463890076
case_010_real,gsm8k,middle,real_route_replay,532,44,20,real,12.090909090909092,1,40,0.8467247089649499,gate_up_active_prebuilt,35,0.2985920011997223
case_010_real,gsm8k,middle,real_route_replay,532,44,20,real,12.090909090909092,1,40,0.8467247089649499,gate_up_active_prebuilt,36,0.2980160117149353
case_010_real,gsm8k,middle,real_route_replay,532,44,20,real,12.090909090909092,1,40,0.8467247089649499,gate_up_active_prebuilt,37,0.2954559922218323
case_010_real,gsm8k,middle,real_route_replay,532,44,20,real,12.090909090909092,1,40,0.8467247089649499,gate_up_active_prebuilt,38,0.29955199360847473
case_010_real,gsm8k,middle,real_route_replay,532,44,20,real,12.090909090909092,1,40,0.8467247089649499,gate_up_active_prebuilt,39,0.2950719892978668
case_010_real,gsm8k,middle,real_route_replay,532,44,20,real,12.090909090909092,1,40,0.8467247089649499,swiglu,0,0.026240000501275063
case_010_real,gsm8k,middle,real_route_replay,532,44,20,real,12.090909090909092,1,40,0.8467247089649499,swiglu,1,0.02486399933695793
case_010_real,gsm8k,middle,real_route_replay,532,44,20,real,12.090909090909092,1,40,0.8467247089649499,swiglu,2,0.025087999179959297
case_010_real,gsm8k,middle,real_route_replay,532,44,20,real,12.090909090909092,1,40,0.8467247089649499,swiglu,3,0.033344000577926636
case_010_real,gsm8k,middle,real_route_replay,532,44,20,real,12.090909090909092,1,40,0.8467247089649499,swiglu,4,0.022943999618291855
case_010_real,gsm8k,middle,real_route_replay,532,44,20,real,12.090909090909092,1,40,0.8467247089649499,swiglu,5,0.022816000506281853
case_010_real,gsm8k,middle,real_route_replay,532,44,20,real,12.090909090909092,1,40,0.8467247089649499,swiglu,6,0.024000000208616257
case_010_real,gsm8k,middle,real_route_replay,532,44,20,real,12.090909090909092,1,40,0.8467247089649499,swiglu,7,0.032607998698949814
case_010_real,gsm8k,middle,real_route_replay,532,44,20,real,12.090909090909092,1,40,0.8467247089649499,swiglu,8,0.03174399957060814
case_010_real,gsm8k,middle,real_route_replay,532,44,20,real,12.090909090909092,1,40,0.8467247089649499,swiglu,9,0.030400000512599945
case_010_real,gsm8k,middle,real_route_replay,532,44,20,real,12.090909090909092,1,40,0.8467247089649499,swiglu,10,0.03731200098991394
case_010_real,gsm8k,middle,real_route_replay,532,44,20,real,12.090909090909092,1,40,0.8467247089649499,swiglu,11,0.03587200120091438
case_010_real,gsm8k,middle,real_route_replay,532,44,20,real,12.090909090909092,1,40,0.8467247089649499,swiglu,12,0.040800001472234726
case_010_real,gsm8k,middle,real_route_replay,532,44,20,real,12.090909090909092,1,40,0.8467247089649499,swiglu,13,0.03587200120091438
case_010_real,gsm8k,middle,real_route_replay,532,44,20,real,12.090909090909092,1,40,0.8467247089649499,swiglu,14,0.03404799848794937
case_010_real,gsm8k,middle,real_route_replay,532,44,20,real,12.090909090909092,1,40,0.8467247089649499,swiglu,15,0.03488000109791756
case_010_real,gsm8k,middle,real_route_replay,532,44,20,real,12.090909090909092,1,40,0.8467247089649499,swiglu,16,0.03574400022625923
case_010_real,gsm8k,middle,real_route_replay,532,44,20,real,12.090909090909092,1,40,0.8467247089649499,swiglu,17,0.0382080003619194
case_010_real,gsm8k,middle,real_route_replay,532,44,20,real,12.090909090909092,1,40,0.8467247089649499,swiglu,18,0.03753599897027016
case_010_real,gsm8k,middle,real_route_replay,532,44,20,real,12.090909090909092,1,40,0.8467247089649499,swiglu,19,0.05532800033688545
case_010_real,gsm8k,middle,real_route_replay,532,44,20,real,12.090909090909092,1,40,0.8467247089649499,swiglu,20,0.04214400053024292
case_010_real,gsm8k,middle,real_route_replay,532,44,20,real,12.090909090909092,1,40,0.8467247089649499,swiglu,21,0.039903998374938965
case_010_real,gsm8k,middle,real_route_replay,532,44,20,real,12.090909090909092,1,40,0.8467247089649499,swiglu,22,0.037248000502586365
case_010_real,gsm8k,middle,real_route_replay,532,44,20,real,12.090909090909092,1,40,0.8467247089649499,swiglu,23,0.02534399926662445
case_010_real,gsm8k,middle,real_route_replay,532,44,20,real,12.090909090909092,1,40,0.8467247089649499,swiglu,24,0.02160000056028366
case_010_real,gsm8k,middle,real_route_replay,532,44,20,real,12.090909090909092,1,40,0.8467247089649499,swiglu,25,0.021983999758958817
case_010_real,gsm8k,middle,real_route_replay,532,44,20,real,12.090909090909092,1,40,0.8467247089649499,swiglu,26,0.021695999428629875
case_010_real,gsm8k,middle,real_route_replay,532,44,20,real,12.090909090909092,1,40,0.8467247089649499,swiglu,27,0.02179200015962124
case_010_real,gsm8k,middle,real_route_replay,532,44,20,real,12.090909090909092,1,40,0.8467247089649499,swiglu,28,0.021344000473618507
case_010_real,gsm8k,middle,real_route_replay,532,44,20,real,12.090909090909092,1,40,0.8467247089649499,swiglu,29,0.024191999807953835
case_010_real,gsm8k,middle,real_route_replay,532,44,20,real,12.090909090909092,1,40,0.8467247089649499,swiglu,30,0.022048000246286392
case_010_real,gsm8k,middle,real_route_replay,532,44,20,real,12.090909090909092,1,40,0.8467247089649499,swiglu,31,0.021536000072956085
case_010_real,gsm8k,middle,real_route_replay,532,44,20,real,12.090909090909092,1,40,0.8467247089649499,swiglu,32,0.023679999634623528
case_010_real,gsm8k,middle,real_route_replay,532,44,20,real,12.090909090909092,1,40,0.8467247089649499,swiglu,33,0.02364799939095974
case_010_real,gsm8k,middle,real_route_replay,532,44,20,real,12.090909090909092,1,40,0.8467247089649499,swiglu,34,0.025599999353289604
case_010_real,gsm8k,middle,real_route_replay,532,44,20,real,12.090909090909092,1,40,0.8467247089649499,swiglu,35,0.021215999498963356
case_010_real,gsm8k,middle,real_route_replay,532,44,20,real,12.090909090909092,1,40,0.8467247089649499,swiglu,36,0.02099199965596199
case_010_real,gsm8k,middle,real_route_replay,532,44,20,real,12.090909090909092,1,40,0.8467247089649499,swiglu,37,0.02147199958562851
case_010_real,gsm8k,middle,real_route_replay,532,44,20,real,12.090909090909092,1,40,0.8467247089649499,swiglu,38,0.02099199965596199
case_010_real,gsm8k,middle,real_route_replay,532,44,20,real,12.090909090909092,1,40,0.8467247089649499,swiglu,39,0.02127999998629093
case_010_real,gsm8k,middle,real_route_replay,532,44,20,real,12.090909090909092,1,40,0.8467247089649499,route_weight,0,0.020864000543951988
case_010_real,gsm8k,middle,real_route_replay,532,44,20,real,12.090909090909092,1,40,0.8467247089649499,route_weight,1,0.016256000846624374
case_010_real,gsm8k,middle,real_route_replay,532,44,20,real,12.090909090909092,1,40,0.8467247089649499,route_weight,2,0.017472000792622566
case_010_real,gsm8k,middle,real_route_replay,532,44,20,real,12.090909090909092,1,40,0.8467247089649499,route_weight,3,0.017184000462293625
case_010_real,gsm8k,middle,real_route_replay,532,44,20,real,12.090909090909092,1,40,0.8467247089649499,route_weight,4,0.016736000776290894
case_010_real,gsm8k,middle,real_route_replay,532,44,20,real,12.090909090909092,1,40,0.8467247089649499,route_weight,5,0.017343999817967415
case_010_real,gsm8k,middle,real_route_replay,532,44,20,real,12.090909090909092,1,40,0.8467247089649499,route_weight,6,0.01635199971497059
case_010_real,gsm8k,middle,real_route_replay,532,44,20,real,12.090909090909092,1,40,0.8467247089649499,route_weight,7,0.015904000028967857
case_010_real,gsm8k,middle,real_route_replay,532,44,20,real,12.090909090909092,1,40,0.8467247089649499,route_weight,8,0.017216000705957413
case_010_real,gsm8k,middle,real_route_replay,532,44,20,real,12.090909090909092,1,40,0.8467247089649499,route_weight,9,0.01664000004529953
case_010_real,gsm8k,middle,real_route_replay,532,44,20,real,12.090909090909092,1,40,0.8467247089649499,route_weight,10,0.01548799965530634
case_010_real,gsm8k,middle,real_route_replay,532,44,20,real,12.090909090909092,1,40,0.8467247089649499,route_weight,11,0.01958400011062622
case_010_real,gsm8k,middle,real_route_replay,532,44,20,real,12.090909090909092,1,40,0.8467247089649499,route_weight,12,0.018015999346971512
case_010_real,gsm8k,middle,real_route_replay,532,44,20,real,12.090909090909092,1,40,0.8467247089649499,route_weight,13,0.015359999611973763
case_010_real,gsm8k,middle,real_route_replay,532,44,20,real,12.090909090909092,1,40,0.8467247089649499,route_weight,14,0.015263999812304974
case_010_real,gsm8k,middle,real_route_replay,532,44,20,real,12.090909090909092,1,40,0.8467247089649499,route_weight,15,0.01484800036996603
case_010_real,gsm8k,middle,real_route_replay,532,44,20,real,12.090909090909092,1,40,0.8467247089649499,route_weight,16,0.01539199985563755
case_010_real,gsm8k,middle,real_route_replay,532,44,20,real,12.090909090909092,1,40,0.8467247089649499,route_weight,17,0.01587199978530407
case_010_real,gsm8k,middle,real_route_replay,532,44,20,real,12.090909090909092,1,40,0.8467247089649499,route_weight,18,0.015296000055968761
case_010_real,gsm8k,middle,real_route_replay,532,44,20,real,12.090909090909092,1,40,0.8467247089649499,route_weight,19,0.016383999958634377
case_010_real,gsm8k,middle,real_route_replay,532,44,20,real,12.090909090909092,1,40,0.8467247089649499,route_weight,20,0.016063999384641647
case_010_real,gsm8k,middle,real_route_replay,532,44,20,real,12.090909090909092,1,40,0.8467247089649499,route_weight,21,0.01648000068962574
case_010_real,gsm8k,middle,real_route_replay,532,44,20,real,12.090909090909092,1,40,0.8467247089649499,route_weight,22,0.01568000018596649
case_010_real,gsm8k,middle,real_route_replay,532,44,20,real,12.090909090909092,1,40,0.8467247089649499,route_weight,23,0.016063999384641647
case_010_real,gsm8k,middle,real_route_replay,532,44,20,real,12.090909090909092,1,40,0.8467247089649499,route_weight,24,0.020031999796628952
case_010_real,gsm8k,middle,real_route_replay,532,44,20,real,12.090909090909092,1,40,0.8467247089649499,route_weight,25,0.01635199971497059
case_010_real,gsm8k,middle,real_route_replay,532,44,20,real,12.090909090909092,1,40,0.8467247089649499,route_weight,26,0.016575999557971954
case_010_real,gsm8k,middle,real_route_replay,532,44,20,real,12.090909090909092,1,40,0.8467247089649499,route_weight,27,0.016256000846624374
case_010_real,gsm8k,middle,real_route_replay,532,44,20,real,12.090909090909092,1,40,0.8467247089649499,route_weight,28,0.0161920003592968
case_010_real,gsm8k,middle,real_route_replay,532,44,20,real,12.090909090909092,1,40,0.8467247089649499,route_weight,29,0.014751999638974667
case_010_real,gsm8k,middle,real_route_replay,532,44,20,real,12.090909090909092,1,40,0.8467247089649499,route_weight,30,0.015359999611973763
case_010_real,gsm8k,middle,real_route_replay,532,44,20,real,12.090909090909092,1,40,0.8467247089649499,route_weight,31,0.014655999839305878
case_010_real,gsm8k,middle,real_route_replay,532,44,20,real,12.090909090909092,1,40,0.8467247089649499,route_weight,32,0.015615999698638916
case_010_real,gsm8k,middle,real_route_replay,532,44,20,real,12.090909090909092,1,40,0.8467247089649499,route_weight,33,0.016287999227643013
case_010_real,gsm8k,middle,real_route_replay,532,44,20,real,12.090909090909092,1,40,0.8467247089649499,route_weight,34,0.01568000018596649
case_010_real,gsm8k,middle,real_route_replay,532,44,20,real,12.090909090909092,1,40,0.8467247089649499,route_weight,35,0.015263999812304974
case_010_real,gsm8k,middle,real_route_replay,532,44,20,real,12.090909090909092,1,40,0.8467247089649499,route_weight,36,0.015135999768972397
case_010_real,gsm8k,middle,real_route_replay,532,44,20,real,12.090909090909092,1,40,0.8467247089649499,route_weight,37,0.016287999227643013
case_010_real,gsm8k,middle,real_route_replay,532,44,20,real,12.090909090909092,1,40,0.8467247089649499,route_weight,38,0.015936000272631645
case_010_real,gsm8k,middle,real_route_replay,532,44,20,real,12.090909090909092,1,40,0.8467247089649499,route_weight,39,0.014976000413298607
case_011_real,gsm8k,middle,real_route_replay,746,43,21,real,17.348837209302324,1,141,1.5498019291024179,swiglu,0,0.047488000243902206
case_011_real,gsm8k,middle,real_route_replay,746,43,21,real,17.348837209302324,1,141,1.5498019291024179,swiglu,1,0.028704000636935234
case_011_real,gsm8k,middle,real_route_replay,746,43,21,real,17.348837209302324,1,141,1.5498019291024179,swiglu,2,0.02672000043094158
case_011_real,gsm8k,middle,real_route_replay,746,43,21,real,17.348837209302324,1,141,1.5498019291024179,swiglu,3,0.02489599958062172
case_011_real,gsm8k,middle,real_route_replay,746,43,21,real,17.348837209302324,1,141,1.5498019291024179,swiglu,4,0.022943999618291855
case_011_real,gsm8k,middle,real_route_replay,746,43,21,real,17.348837209302324,1,141,1.5498019291024179,swiglu,5,0.025248000398278236
case_011_real,gsm8k,middle,real_route_replay,746,43,21,real,17.348837209302324,1,141,1.5498019291024179,swiglu,6,0.039135999977588654
case_011_real,gsm8k,middle,real_route_replay,746,43,21,real,17.348837209302324,1,141,1.5498019291024179,swiglu,7,0.028192000463604927
case_011_real,gsm8k,middle,real_route_replay,746,43,21,real,17.348837209302324,1,141,1.5498019291024179,swiglu,8,0.02489599958062172
case_011_real,gsm8k,middle,real_route_replay,746,43,21,real,17.348837209302324,1,141,1.5498019291024179,swiglu,9,0.025696000084280968
case_011_real,gsm8k,middle,real_route_replay,746,43,21,real,17.348837209302324,1,141,1.5498019291024179,swiglu,10,0.033824000507593155
case_011_real,gsm8k,middle,real_route_replay,746,43,21,real,17.348837209302324,1,141,1.5498019291024179,swiglu,11,0.03372799977660179
case_011_real,gsm8k,middle,real_route_replay,746,43,21,real,17.348837209302324,1,141,1.5498019291024179,swiglu,12,0.030368000268936157
case_011_real,gsm8k,middle,real_route_replay,746,43,21,real,17.348837209302324,1,141,1.5498019291024179,swiglu,13,0.029791999608278275
case_011_real,gsm8k,middle,real_route_replay,746,43,21,real,17.348837209302324,1,141,1.5498019291024179,swiglu,14,0.03017600066959858
case_011_real,gsm8k,middle,real_route_replay,746,43,21,real,17.348837209302324,1,141,1.5498019291024179,swiglu,15,0.040352001786231995
case_011_real,gsm8k,middle,real_route_replay,746,43,21,real,17.348837209302324,1,141,1.5498019291024179,swiglu,16,0.03420799970626831
case_011_real,gsm8k,middle,real_route_replay,746,43,21,real,17.348837209302324,1,141,1.5498019291024179,swiglu,17,0.033984001725912094
case_011_real,gsm8k,middle,real_route_replay,746,43,21,real,17.348837209302324,1,141,1.5498019291024179,swiglu,18,0.03308799862861633
case_011_real,gsm8k,middle,real_route_replay,746,43,21,real,17.348837209302324,1,141,1.5498019291024179,swiglu,19,0.033055998384952545
case_011_real,gsm8k,middle,real_route_replay,746,43,21,real,17.348837209302324,1,141,1.5498019291024179,swiglu,20,0.0331839993596077
case_011_real,gsm8k,middle,real_route_replay,746,43,21,real,17.348837209302324,1,141,1.5498019291024179,swiglu,21,0.032416000962257385
case_011_real,gsm8k,middle,real_route_replay,746,43,21,real,17.348837209302324,1,141,1.5498019291024179,swiglu,22,0.035999998450279236
case_011_real,gsm8k,middle,real_route_replay,746,43,21,real,17.348837209302324,1,141,1.5498019291024179,swiglu,23,0.03641600161790848
case_011_real,gsm8k,middle,real_route_replay,746,43,21,real,17.348837209302324,1,141,1.5498019291024179,swiglu,24,0.03587200120091438
case_011_real,gsm8k,middle,real_route_replay,746,43,21,real,17.348837209302324,1,141,1.5498019291024179,swiglu,25,0.030112000182271004
case_011_real,gsm8k,middle,real_route_replay,746,43,21,real,17.348837209302324,1,141,1.5498019291024179,swiglu,26,0.034623999148607254
case_011_real,gsm8k,middle,real_route_replay,746,43,21,real,17.348837209302324,1,141,1.5498019291024179,swiglu,27,0.037087999284267426
case_011_real,gsm8k,middle,real_route_replay,746,43,21,real,17.348837209302324,1,141,1.5498019291024179,swiglu,28,0.037696000188589096
case_011_real,gsm8k,middle,real_route_replay,746,43,21,real,17.348837209302324,1,141,1.5498019291024179,swiglu,29,0.036031998693943024
case_011_real,gsm8k,middle,real_route_replay,746,43,21,real,17.348837209302324,1,141,1.5498019291024179,swiglu,30,0.024032000452280045
case_011_real,gsm8k,middle,real_route_replay,746,43,21,real,17.348837209302324,1,141,1.5498019291024179,swiglu,31,0.02502400055527687
case_011_real,gsm8k,middle,real_route_replay,746,43,21,real,17.348837209302324,1,141,1.5498019291024179,swiglu,32,0.025472000241279602
case_011_real,gsm8k,middle,real_route_replay,746,43,21,real,17.348837209302324,1,141,1.5498019291024179,swiglu,33,0.02489599958062172
case_011_real,gsm8k,middle,real_route_replay,746,43,21,real,17.348837209302324,1,141,1.5498019291024179,swiglu,34,0.02457600086927414
case_011_real,gsm8k,middle,real_route_replay,746,43,21,real,17.348837209302324,1,141,1.5498019291024179,swiglu,35,0.02566399984061718
case_011_real,gsm8k,middle,real_route_replay,746,43,21,real,17.348837209302324,1,141,1.5498019291024179,swiglu,36,0.024992000311613083
case_011_real,gsm8k,middle,real_route_replay,746,43,21,real,17.348837209302324,1,141,1.5498019291024179,swiglu,37,0.024032000452280045
case_011_real,gsm8k,middle,real_route_replay,746,43,21,real,17.348837209302324,1,141,1.5498019291024179,swiglu,38,0.023391999304294586
case_011_real,gsm8k,middle,real_route_replay,746,43,21,real,17.348837209302324,1,141,1.5498019291024179,swiglu,39,0.022655999287962914
case_011_real,gsm8k,middle,real_route_replay,746,43,21,real,17.348837209302324,1,141,1.5498019291024179,route_weight,0,0.02236800082027912
case_011_real,gsm8k,middle,real_route_replay,746,43,21,real,17.348837209302324,1,141,1.5498019291024179,route_weight,1,0.019872000440955162
case_011_real,gsm8k,middle,real_route_replay,746,43,21,real,17.348837209302324,1,141,1.5498019291024179,route_weight,2,0.018464000895619392
case_011_real,gsm8k,middle,real_route_replay,746,43,21,real,17.348837209302324,1,141,1.5498019291024179,route_weight,3,0.01744000054895878
case_011_real,gsm8k,middle,real_route_replay,746,43,21,real,17.348837209302324,1,141,1.5498019291024179,route_weight,4,0.017376000061631203
case_011_real,gsm8k,middle,real_route_replay,746,43,21,real,17.348837209302324,1,141,1.5498019291024179,route_weight,5,0.016736000776290894
case_011_real,gsm8k,middle,real_route_replay,746,43,21,real,17.348837209302324,1,141,1.5498019291024179,route_weight,6,0.01696000061929226
case_011_real,gsm8k,middle,real_route_replay,746,43,21,real,17.348837209302324,1,141,1.5498019291024179,route_weight,7,0.019200000911951065
case_011_real,gsm8k,middle,real_route_replay,746,43,21,real,17.348837209302324,1,141,1.5498019291024179,route_weight,8,0.017664000391960144
case_011_real,gsm8k,middle,real_route_replay,746,43,21,real,17.348837209302324,1,141,1.5498019291024179,route_weight,9,0.018271999433636665
case_011_real,gsm8k,middle,real_route_replay,746,43,21,real,17.348837209302324,1,141,1.5498019291024179,route_weight,10,0.018783999606966972
case_011_real,gsm8k,middle,real_route_replay,746,43,21,real,17.348837209302324,1,141,1.5498019291024179,route_weight,11,0.01817600056529045
case_011_real,gsm8k,middle,real_route_replay,746,43,21,real,17.348837209302324,1,141,1.5498019291024179,route_weight,12,0.018239999189972878
case_011_real,gsm8k,middle,real_route_replay,746,43,21,real,17.348837209302324,1,141,1.5498019291024179,route_weight,13,0.017184000462293625
case_011_real,gsm8k,middle,real_route_replay,746,43,21,real,17.348837209302324,1,141,1.5498019291024179,route_weight,14,0.018751999363303185
case_011_real,gsm8k,middle,real_route_replay,746,43,21,real,17.348837209302324,1,141,1.5498019291024179,route_weight,15,0.018624000251293182
case_011_real,gsm8k,middle,real_route_replay,746,43,21,real,17.348837209302324,1,141,1.5498019291024179,route_weight,16,0.017503999173641205
case_011_real,gsm8k,middle,real_route_replay,746,43,21,real,17.348837209302324,1,141,1.5498019291024179,route_weight,17,0.021695999428629875
case_011_real,gsm8k,middle,real_route_replay,746,43,21,real,17.348837209302324,1,141,1.5498019291024179,route_weight,18,0.01708799973130226
case_011_real,gsm8k,middle,real_route_replay,746,43,21,real,17.348837209302324,1,141,1.5498019291024179,route_weight,19,0.016896000131964684
case_011_real,gsm8k,middle,real_route_replay,746,43,21,real,17.348837209302324,1,141,1.5498019291024179,route_weight,20,0.016736000776290894
case_011_real,gsm8k,middle,real_route_replay,746,43,21,real,17.348837209302324,1,141,1.5498019291024179,route_weight,21,0.016256000846624374
case_011_real,gsm8k,middle,real_route_replay,746,43,21,real,17.348837209302324,1,141,1.5498019291024179,route_weight,22,0.020096000283956528
case_011_real,gsm8k,middle,real_route_replay,746,43,21,real,17.348837209302324,1,141,1.5498019291024179,route_weight,23,0.018848000094294548
case_011_real,gsm8k,middle,real_route_replay,746,43,21,real,17.348837209302324,1,141,1.5498019291024179,route_weight,24,0.018783999606966972
case_011_real,gsm8k,middle,real_route_replay,746,43,21,real,17.348837209302324,1,141,1.5498019291024179,route_weight,25,0.018015999346971512
case_011_real,gsm8k,middle,real_route_replay,746,43,21,real,17.348837209302324,1,141,1.5498019291024179,route_weight,26,0.017983999103307724
case_011_real,gsm8k,middle,real_route_replay,746,43,21,real,17.348837209302324,1,141,1.5498019291024179,route_weight,27,0.017791999503970146
case_011_real,gsm8k,middle,real_route_replay,746,43,21,real,17.348837209302324,1,141,1.5498019291024179,route_weight,28,0.01849599927663803
case_011_real,gsm8k,middle,real_route_replay,746,43,21,real,17.348837209302324,1,141,1.5498019291024179,route_weight,29,0.01775999926030636
case_011_real,gsm8k,middle,real_route_replay,746,43,21,real,17.348837209302324,1,141,1.5498019291024179,route_weight,30,0.016704000532627106
case_011_real,gsm8k,middle,real_route_replay,746,43,21,real,17.348837209302324,1,141,1.5498019291024179,route_weight,31,0.016607999801635742
case_011_real,gsm8k,middle,real_route_replay,746,43,21,real,17.348837209302324,1,141,1.5498019291024179,route_weight,32,0.016063999384641647
case_011_real,gsm8k,middle,real_route_replay,746,43,21,real,17.348837209302324,1,141,1.5498019291024179,route_weight,33,0.016543999314308167
case_011_real,gsm8k,middle,real_route_replay,746,43,21,real,17.348837209302324,1,141,1.5498019291024179,route_weight,34,0.024639999493956566
case_011_real,gsm8k,middle,real_route_replay,746,43,21,real,17.348837209302324,1,141,1.5498019291024179,route_weight,35,0.021056000143289566
case_011_real,gsm8k,middle,real_route_replay,746,43,21,real,17.348837209302324,1,141,1.5498019291024179,route_weight,36,0.018624000251293182
case_011_real,gsm8k,middle,real_route_replay,746,43,21,real,17.348837209302324,1,141,1.5498019291024179,route_weight,37,0.017343999817967415
case_011_real,gsm8k,middle,real_route_replay,746,43,21,real,17.348837209302324,1,141,1.5498019291024179,route_weight,38,0.016672000288963318
case_011_real,gsm8k,middle,real_route_replay,746,43,21,real,17.348837209302324,1,141,1.5498019291024179,route_weight,39,0.01664000004529953
case_011_real,gsm8k,middle,real_route_replay,746,43,21,real,17.348837209302324,1,141,1.5498019291024179,gate_up_active_prebuilt,0,0.2913280129432678
case_011_real,gsm8k,middle,real_route_replay,746,43,21,real,17.348837209302324,1,141,1.5498019291024179,gate_up_active_prebuilt,1,0.2900480031967163
case_011_real,gsm8k,middle,real_route_replay,746,43,21,real,17.348837209302324,1,141,1.5498019291024179,gate_up_active_prebuilt,2,0.29151999950408936
case_011_real,gsm8k,middle,real_route_replay,746,43,21,real,17.348837209302324,1,141,1.5498019291024179,gate_up_active_prebuilt,3,0.2908479869365692
case_011_real,gsm8k,middle,real_route_replay,746,43,21,real,17.348837209302324,1,141,1.5498019291024179,gate_up_active_prebuilt,4,0.2917119860649109
case_011_real,gsm8k,middle,real_route_replay,746,43,21,real,17.348837209302324,1,141,1.5498019291024179,gate_up_active_prebuilt,5,0.29235199093818665
case_011_real,gsm8k,middle,real_route_replay,746,43,21,real,17.348837209302324,1,141,1.5498019291024179,gate_up_active_prebuilt,6,0.29392001032829285
case_011_real,gsm8k,middle,real_route_replay,746,43,21,real,17.348837209302324,1,141,1.5498019291024179,gate_up_active_prebuilt,7,0.2911680042743683
case_011_real,gsm8k,middle,real_route_replay,746,43,21,real,17.348837209302324,1,141,1.5498019291024179,gate_up_active_prebuilt,8,0.29126399755477905
case_011_real,gsm8k,middle,real_route_replay,746,43,21,real,17.348837209302324,1,141,1.5498019291024179,gate_up_active_prebuilt,9,0.2921920120716095
case_011_real,gsm8k,middle,real_route_replay,746,43,21,real,17.348837209302324,1,141,1.5498019291024179,gate_up_active_prebuilt,10,0.28998398780822754
case_011_real,gsm8k,middle,real_route_replay,746,43,21,real,17.348837209302324,1,141,1.5498019291024179,gate_up_active_prebuilt,11,0.2876479923725128
case_011_real,gsm8k,middle,real_route_replay,746,43,21,real,17.348837209302324,1,141,1.5498019291024179,gate_up_active_prebuilt,12,0.29151999950408936
case_011_real,gsm8k,middle,real_route_replay,746,43,21,real,17.348837209302324,1,141,1.5498019291024179,gate_up_active_prebuilt,13,0.2882559895515442
case_011_real,gsm8k,middle,real_route_replay,746,43,21,real,17.348837209302324,1,141,1.5498019291024179,gate_up_active_prebuilt,14,0.29023998975753784
case_011_real,gsm8k,middle,real_route_replay,746,43,21,real,17.348837209302324,1,141,1.5498019291024179,gate_up_active_prebuilt,15,0.2921600043773651
case_011_real,gsm8k,middle,real_route_replay,746,43,21,real,17.348837209302324,1,141,1.5498019291024179,gate_up_active_prebuilt,16,0.2916800081729889
case_011_real,gsm8k,middle,real_route_replay,746,43,21,real,17.348837209302324,1,141,1.5498019291024179,gate_up_active_prebuilt,17,0.2927039861679077
case_011_real,gsm8k,middle,real_route_replay,746,43,21,real,17.348837209302324,1,141,1.5498019291024179,gate_up_active_prebuilt,18,0.29046401381492615
case_011_real,gsm8k,middle,real_route_replay,746,43,21,real,17.348837209302324,1,141,1.5498019291024179,gate_up_active_prebuilt,19,0.29235199093818665
case_011_real,gsm8k,middle,real_route_replay,746,43,21,real,17.348837209302324,1,141,1.5498019291024179,gate_up_active_prebuilt,20,0.2947840094566345
case_011_real,gsm8k,middle,real_route_replay,746,43,21,real,17.348837209302324,1,141,1.5498019291024179,gate_up_active_prebuilt,21,0.29126399755477905
case_011_real,gsm8k,middle,real_route_replay,746,43,21,real,17.348837209302324,1,141,1.5498019291024179,gate_up_active_prebuilt,22,0.29257598519325256
case_011_real,gsm8k,middle,real_route_replay,746,43,21,real,17.348837209302324,1,141,1.5498019291024179,gate_up_active_prebuilt,23,0.29046401381492615
case_011_real,gsm8k,middle,real_route_replay,746,43,21,real,17.348837209302324,1,141,1.5498019291024179,gate_up_active_prebuilt,24,0.289247989654541
case_011_real,gsm8k,middle,real_route_replay,746,43,21,real,17.348837209302324,1,141,1.5498019291024179,gate_up_active_prebuilt,25,0.29209598898887634
case_011_real,gsm8k,middle,real_route_replay,746,43,21,real,17.348837209302324,1,141,1.5498019291024179,gate_up_active_prebuilt,26,0.292928010225296
case_011_real,gsm8k,middle,real_route_replay,746,43,21,real,17.348837209302324,1,141,1.5498019291024179,gate_up_active_prebuilt,27,0.290912002325058
case_011_real,gsm8k,middle,real_route_replay,746,43,21,real,17.348837209302324,1,141,1.5498019291024179,gate_up_active_prebuilt,28,0.29398399591445923
case_011_real,gsm8k,middle,real_route_replay,746,43,21,real,17.348837209302324,1,141,1.5498019291024179,gate_up_active_prebuilt,29,0.28812798857688904
case_011_real,gsm8k,middle,real_route_replay,746,43,21,real,17.348837209302324,1,141,1.5498019291024179,gate_up_active_prebuilt,30,0.29523199796676636
case_011_real,gsm8k,middle,real_route_replay,746,43,21,real,17.348837209302324,1,141,1.5498019291024179,gate_up_active_prebuilt,31,0.2982720136642456
case_011_real,gsm8k,middle,real_route_replay,746,43,21,real,17.348837209302324,1,141,1.5498019291024179,gate_up_active_prebuilt,32,0.29897600412368774
case_011_real,gsm8k,middle,real_route_replay,746,43,21,real,17.348837209302324,1,141,1.5498019291024179,gate_up_active_prebuilt,33,0.30211201310157776
case_011_real,gsm8k,middle,real_route_replay,746,43,21,real,17.348837209302324,1,141,1.5498019291024179,gate_up_active_prebuilt,34,0.30025601387023926
case_011_real,gsm8k,middle,real_route_replay,746,43,21,real,17.348837209302324,1,141,1.5498019291024179,gate_up_active_prebuilt,35,0.3028480112552643
case_011_real,gsm8k,middle,real_route_replay,746,43,21,real,17.348837209302324,1,141,1.5498019291024179,gate_up_active_prebuilt,36,0.2954240143299103
case_011_real,gsm8k,middle,real_route_replay,746,43,21,real,17.348837209302324,1,141,1.5498019291024179,gate_up_active_prebuilt,37,0.29363200068473816
case_011_real,gsm8k,middle,real_route_replay,746,43,21,real,17.348837209302324,1,141,1.5498019291024179,gate_up_active_prebuilt,38,0.29209598898887634
case_011_real,gsm8k,middle,real_route_replay,746,43,21,real,17.348837209302324,1,141,1.5498019291024179,gate_up_active_prebuilt,39,0.2918719947338104
case_011_real,gsm8k,middle,real_route_replay,746,43,21,real,17.348837209302324,1,141,1.5498019291024179,down_full64_prebuilt,0,0.19324800372123718
case_011_real,gsm8k,middle,real_route_replay,746,43,21,real,17.348837209302324,1,141,1.5498019291024179,down_full64_prebuilt,1,0.18742400407791138
case_011_real,gsm8k,middle,real_route_replay,746,43,21,real,17.348837209302324,1,141,1.5498019291024179,down_full64_prebuilt,2,0.1863359957933426
case_011_real,gsm8k,middle,real_route_replay,746,43,21,real,17.348837209302324,1,141,1.5498019291024179,down_full64_prebuilt,3,0.1881919950246811
case_011_real,gsm8k,middle,real_route_replay,746,43,21,real,17.348837209302324,1,141,1.5498019291024179,down_full64_prebuilt,4,0.18988800048828125
case_011_real,gsm8k,middle,real_route_replay,746,43,21,real,17.348837209302324,1,141,1.5498019291024179,down_full64_prebuilt,5,0.191103994846344
case_011_real,gsm8k,middle,real_route_replay,746,43,21,real,17.348837209302324,1,141,1.5498019291024179,down_full64_prebuilt,6,0.19091199338436127
case_011_real,gsm8k,middle,real_route_replay,746,43,21,real,17.348837209302324,1,141,1.5498019291024179,down_full64_prebuilt,7,0.18742400407791138
case_011_real,gsm8k,middle,real_route_replay,746,43,21,real,17.348837209302324,1,141,1.5498019291024179,down_full64_prebuilt,8,0.19145600497722626
case_011_real,gsm8k,middle,real_route_replay,746,43,21,real,17.348837209302324,1,141,1.5498019291024179,down_full64_prebuilt,9,0.190528005361557
case_011_real,gsm8k,middle,real_route_replay,746,43,21,real,17.348837209302324,1,141,1.5498019291024179,down_full64_prebuilt,10,0.18960000574588776
case_011_real,gsm8k,middle,real_route_replay,746,43,21,real,17.348837209302324,1,141,1.5498019291024179,down_full64_prebuilt,11,0.1870719939470291
case_011_real,gsm8k,middle,real_route_replay,746,43,21,real,17.348837209302324,1,141,1.5498019291024179,down_full64_prebuilt,12,0.18742400407791138
case_011_real,gsm8k,middle,real_route_replay,746,43,21,real,17.348837209302324,1,141,1.5498019291024179,down_full64_prebuilt,13,0.18624000251293182
case_011_real,gsm8k,middle,real_route_replay,746,43,21,real,17.348837209302324,1,141,1.5498019291024179,down_full64_prebuilt,14,0.18982400000095367
case_011_real,gsm8k,middle,real_route_replay,746,43,21,real,17.348837209302324,1,141,1.5498019291024179,down_full64_prebuilt,15,0.18665599822998047
case_011_real,gsm8k,middle,real_route_replay,746,43,21,real,17.348837209302324,1,141,1.5498019291024179,down_full64_prebuilt,16,0.1881919950246811
case_011_real,gsm8k,middle,real_route_replay,746,43,21,real,17.348837209302324,1,141,1.5498019291024179,down_full64_prebuilt,17,0.18995200097560883
case_011_real,gsm8k,middle,real_route_replay,746,43,21,real,17.348837209302324,1,141,1.5498019291024179,down_full64_prebuilt,18,0.19430400431156158
case_011_real,gsm8k,middle,real_route_replay,746,43,21,real,17.348837209302324,1,141,1.5498019291024179,down_full64_prebuilt,19,0.19353599846363068
case_011_real,gsm8k,middle,real_route_replay,746,43,21,real,17.348837209302324,1,141,1.5498019291024179,down_full64_prebuilt,20,0.19945600628852844
case_011_real,gsm8k,middle,real_route_replay,746,43,21,real,17.348837209302324,1,141,1.5498019291024179,down_full64_prebuilt,21,0.1955520063638687
case_011_real,gsm8k,middle,real_route_replay,746,43,21,real,17.348837209302324,1,141,1.5498019291024179,down_full64_prebuilt,22,0.19651199877262115
case_011_real,gsm8k,middle,real_route_replay,746,43,21,real,17.348837209302324,1,141,1.5498019291024179,down_full64_prebuilt,23,0.20080000162124634
case_011_real,gsm8k,middle,real_route_replay,746,43,21,real,17.348837209302324,1,141,1.5498019291024179,down_full64_prebuilt,24,0.19814400374889374
case_011_real,gsm8k,middle,real_route_replay,746,43,21,real,17.348837209302324,1,141,1.5498019291024179,down_full64_prebuilt,25,0.19459199905395508
case_011_real,gsm8k,middle,real_route_replay,746,43,21,real,17.348837209302324,1,141,1.5498019291024179,down_full64_prebuilt,26,0.18729600310325623
case_011_real,gsm8k,middle,real_route_replay,746,43,21,real,17.348837209302324,1,141,1.5498019291024179,down_full64_prebuilt,27,0.18799999356269836
case_011_real,gsm8k,middle,real_route_replay,746,43,21,real,17.348837209302324,1,141,1.5498019291024179,down_full64_prebuilt,28,0.187391996383667
case_011_real,gsm8k,middle,real_route_replay,746,43,21,real,17.348837209302324,1,141,1.5498019291024179,down_full64_prebuilt,29,0.18639999628067017
case_011_real,gsm8k,middle,real_route_replay,746,43,21,real,17.348837209302324,1,141,1.5498019291024179,down_full64_prebuilt,30,0.1870719939470291
case_011_real,gsm8k,middle,real_route_replay,746,43,21,real,17.348837209302324,1,141,1.5498019291024179,down_full64_prebuilt,31,0.18915200233459473
case_011_real,gsm8k,middle,real_route_replay,746,43,21,real,17.348837209302324,1,141,1.5498019291024179,down_full64_prebuilt,32,0.18835200369358063
case_011_real,gsm8k,middle,real_route_replay,746,43,21,real,17.348837209302324,1,141,1.5498019291024179,down_full64_prebuilt,33,0.18803200125694275
case_011_real,gsm8k,middle,real_route_replay,746,43,21,real,17.348837209302324,1,141,1.5498019291024179,down_full64_prebuilt,34,0.19254399836063385
case_011_real,gsm8k,middle,real_route_replay,746,43,21,real,17.348837209302324,1,141,1.5498019291024179,down_full64_prebuilt,35,0.18982400000095367
case_011_real,gsm8k,middle,real_route_replay,746,43,21,real,17.348837209302324,1,141,1.5498019291024179,down_full64_prebuilt,36,0.18892799317836761
case_011_real,gsm8k,middle,real_route_replay,746,43,21,real,17.348837209302324,1,141,1.5498019291024179,down_full64_prebuilt,37,0.18691200017929077
case_011_real,gsm8k,middle,real_route_replay,746,43,21,real,17.348837209302324,1,141,1.5498019291024179,down_full64_prebuilt,38,0.1892479956150055
case_011_real,gsm8k,middle,real_route_replay,746,43,21,real,17.348837209302324,1,141,1.5498019291024179,down_full64_prebuilt,39,0.18617600202560425
case_011_real,gsm8k,middle,real_route_replay,746,43,21,real,17.348837209302324,1,141,1.5498019291024179,gate_up_full64_prebuilt,0,0.2943359911441803
case_011_real,gsm8k,middle,real_route_replay,746,43,21,real,17.348837209302324,1,141,1.5498019291024179,gate_up_full64_prebuilt,1,0.29395198822021484
case_011_real,gsm8k,middle,real_route_replay,746,43,21,real,17.348837209302324,1,141,1.5498019291024179,gate_up_full64_prebuilt,2,0.2911039888858795
case_011_real,gsm8k,middle,real_route_replay,746,43,21,real,17.348837209302324,1,141,1.5498019291024179,gate_up_full64_prebuilt,3,0.29228800535202026
case_011_real,gsm8k,middle,real_route_replay,746,43,21,real,17.348837209302324,1,141,1.5498019291024179,gate_up_full64_prebuilt,4,0.28969600796699524
case_011_real,gsm8k,middle,real_route_replay,746,43,21,real,17.348837209302324,1,141,1.5498019291024179,gate_up_full64_prebuilt,5,0.2905920147895813
case_011_real,gsm8k,middle,real_route_replay,746,43,21,real,17.348837209302324,1,141,1.5498019291024179,gate_up_full64_prebuilt,6,0.2924160063266754
case_011_real,gsm8k,middle,real_route_replay,746,43,21,real,17.348837209302324,1,141,1.5498019291024179,gate_up_full64_prebuilt,7,0.2908160090446472
case_011_real,gsm8k,middle,real_route_replay,746,43,21,real,17.348837209302324,1,141,1.5498019291024179,gate_up_full64_prebuilt,8,0.2885439991950989
case_011_real,gsm8k,middle,real_route_replay,746,43,21,real,17.348837209302324,1,141,1.5498019291024179,gate_up_full64_prebuilt,9,0.29148799180984497
case_011_real,gsm8k,middle,real_route_replay,746,43,21,real,17.348837209302324,1,141,1.5498019291024179,gate_up_full64_prebuilt,10,0.2900480031967163
case_011_real,gsm8k,middle,real_route_replay,746,43,21,real,17.348837209302324,1,141,1.5498019291024179,gate_up_full64_prebuilt,11,0.2903040051460266
case_011_real,gsm8k,middle,real_route_replay,746,43,21,real,17.348837209302324,1,141,1.5498019291024179,gate_up_full64_prebuilt,12,0.2905920147895813
case_011_real,gsm8k,middle,real_route_replay,746,43,21,real,17.348837209302324,1,141,1.5498019291024179,gate_up_full64_prebuilt,13,0.2898559868335724
case_011_real,gsm8k,middle,real_route_replay,746,43,21,real,17.348837209302324,1,141,1.5498019291024179,gate_up_full64_prebuilt,14,0.29311999678611755
case_011_real,gsm8k,middle,real_route_replay,746,43,21,real,17.348837209302324,1,141,1.5498019291024179,gate_up_full64_prebuilt,15,0.2906239926815033
case_011_real,gsm8k,middle,real_route_replay,746,43,21,real,17.348837209302324,1,141,1.5498019291024179,gate_up_full64_prebuilt,16,0.289247989654541
case_011_real,gsm8k,middle,real_route_replay,746,43,21,real,17.348837209302324,1,141,1.5498019291024179,gate_up_full64_prebuilt,17,0.29235199093818665
case_011_real,gsm8k,middle,real_route_replay,746,43,21,real,17.348837209302324,1,141,1.5498019291024179,gate_up_full64_prebuilt,18,0.2913280129432678
case_011_real,gsm8k,middle,real_route_replay,746,43,21,real,17.348837209302324,1,141,1.5498019291024179,gate_up_full64_prebuilt,19,0.28992000222206116
case_011_real,gsm8k,middle,real_route_replay,746,43,21,real,17.348837209302324,1,141,1.5498019291024179,gate_up_full64_prebuilt,20,0.28972798585891724
case_011_real,gsm8k,middle,real_route_replay,746,43,21,real,17.348837209302324,1,141,1.5498019291024179,gate_up_full64_prebuilt,21,0.2871359884738922
case_011_real,gsm8k,middle,real_route_replay,746,43,21,real,17.348837209302324,1,141,1.5498019291024179,gate_up_full64_prebuilt,22,0.2916159927845001
case_011_real,gsm8k,middle,real_route_replay,746,43,21,real,17.348837209302324,1,141,1.5498019291024179,gate_up_full64_prebuilt,23,0.29206401109695435
case_011_real,gsm8k,middle,real_route_replay,746,43,21,real,17.348837209302324,1,141,1.5498019291024179,gate_up_full64_prebuilt,24,0.28918400406837463
case_011_real,gsm8k,middle,real_route_replay,746,43,21,real,17.348837209302324,1,141,1.5498019291024179,gate_up_full64_prebuilt,25,0.2930240035057068
case_011_real,gsm8k,middle,real_route_replay,746,43,21,real,17.348837209302324,1,141,1.5498019291024179,gate_up_full64_prebuilt,26,0.28809601068496704
case_011_real,gsm8k,middle,real_route_replay,746,43,21,real,17.348837209302324,1,141,1.5498019291024179,gate_up_full64_prebuilt,27,0.2916800081729889
case_011_real,gsm8k,middle,real_route_replay,746,43,21,real,17.348837209302324,1,141,1.5498019291024179,gate_up_full64_prebuilt,28,0.2953599989414215
case_011_real,gsm8k,middle,real_route_replay,746,43,21,real,17.348837209302324,1,141,1.5498019291024179,gate_up_full64_prebuilt,29,0.2969279885292053
case_011_real,gsm8k,middle,real_route_replay,746,43,21,real,17.348837209302324,1,141,1.5498019291024179,gate_up_full64_prebuilt,30,0.30243200063705444
case_011_real,gsm8k,middle,real_route_replay,746,43,21,real,17.348837209302324,1,141,1.5498019291024179,gate_up_full64_prebuilt,31,0.29788801074028015
case_011_real,gsm8k,middle,real_route_replay,746,43,21,real,17.348837209302324,1,141,1.5498019291024179,gate_up_full64_prebuilt,32,0.296640008687973
case_011_real,gsm8k,middle,real_route_replay,746,43,21,real,17.348837209302324,1,141,1.5498019291024179,gate_up_full64_prebuilt,33,0.3047040104866028
case_011_real,gsm8k,middle,real_route_replay,746,43,21,real,17.348837209302324,1,141,1.5498019291024179,gate_up_full64_prebuilt,34,0.298335999250412
case_011_real,gsm8k,middle,real_route_replay,746,43,21,real,17.348837209302324,1,141,1.5498019291024179,gate_up_full64_prebuilt,35,0.2927359938621521
case_011_real,gsm8k,middle,real_route_replay,746,43,21,real,17.348837209302324,1,141,1.5498019291024179,gate_up_full64_prebuilt,36,0.2900159955024719
case_011_real,gsm8k,middle,real_route_replay,746,43,21,real,17.348837209302324,1,141,1.5498019291024179,gate_up_full64_prebuilt,37,0.29177600145339966
case_011_real,gsm8k,middle,real_route_replay,746,43,21,real,17.348837209302324,1,141,1.5498019291024179,gate_up_full64_prebuilt,38,0.29043200612068176
case_011_real,gsm8k,middle,real_route_replay,746,43,21,real,17.348837209302324,1,141,1.5498019291024179,gate_up_full64_prebuilt,39,0.2876800000667572
case_011_real,gsm8k,middle,real_route_replay,746,43,21,real,17.348837209302324,1,141,1.5498019291024179,down_active_prebuilt,0,0.18857599794864655
case_011_real,gsm8k,middle,real_route_replay,746,43,21,real,17.348837209302324,1,141,1.5498019291024179,down_active_prebuilt,1,0.19116799533367157
case_011_real,gsm8k,middle,real_route_replay,746,43,21,real,17.348837209302324,1,141,1.5498019291024179,down_active_prebuilt,2,0.18931199610233307
case_011_real,gsm8k,middle,real_route_replay,746,43,21,real,17.348837209302324,1,141,1.5498019291024179,down_active_prebuilt,3,0.1871040016412735
case_011_real,gsm8k,middle,real_route_replay,746,43,21,real,17.348837209302324,1,141,1.5498019291024179,down_active_prebuilt,4,0.192671999335289
case_011_real,gsm8k,middle,real_route_replay,746,43,21,real,17.348837209302324,1,141,1.5498019291024179,down_active_prebuilt,5,0.18966400623321533
case_011_real,gsm8k,middle,real_route_replay,746,43,21,real,17.348837209302324,1,141,1.5498019291024179,down_active_prebuilt,6,0.19040000438690186
case_011_real,gsm8k,middle,real_route_replay,746,43,21,real,17.348837209302324,1,141,1.5498019291024179,down_active_prebuilt,7,0.18851199746131897
case_011_real,gsm8k,middle,real_route_replay,746,43,21,real,17.348837209302324,1,141,1.5498019291024179,down_active_prebuilt,8,0.18860800564289093
case_011_real,gsm8k,middle,real_route_replay,746,43,21,real,17.348837209302324,1,141,1.5498019291024179,down_active_prebuilt,9,0.18620799481868744
case_011_real,gsm8k,middle,real_route_replay,746,43,21,real,17.348837209302324,1,141,1.5498019291024179,down_active_prebuilt,10,0.18697600066661835
case_011_real,gsm8k,middle,real_route_replay,746,43,21,real,17.348837209302324,1,141,1.5498019291024179,down_active_prebuilt,11,0.1844799965620041
case_011_real,gsm8k,middle,real_route_replay,746,43,21,real,17.348837209302324,1,141,1.5498019291024179,down_active_prebuilt,12,0.18902400135993958
case_011_real,gsm8k,middle,real_route_replay,746,43,21,real,17.348837209302324,1,141,1.5498019291024179,down_active_prebuilt,13,0.18566399812698364
case_011_real,gsm8k,middle,real_route_replay,746,43,21,real,17.348837209302324,1,141,1.5498019291024179,down_active_prebuilt,14,0.19155199825763702
case_011_real,gsm8k,middle,real_route_replay,746,43,21,real,17.348837209302324,1,141,1.5498019291024179,down_active_prebuilt,15,0.19251200556755066
case_011_real,gsm8k,middle,real_route_replay,746,43,21,real,17.348837209302324,1,141,1.5498019291024179,down_active_prebuilt,16,0.19462400674819946
case_011_real,gsm8k,middle,real_route_replay,746,43,21,real,17.348837209302324,1,141,1.5498019291024179,down_active_prebuilt,17,0.1945279985666275
case_011_real,gsm8k,middle,real_route_replay,746,43,21,real,17.348837209302324,1,141,1.5498019291024179,down_active_prebuilt,18,0.19459199905395508
case_011_real,gsm8k,middle,real_route_replay,746,43,21,real,17.348837209302324,1,141,1.5498019291024179,down_active_prebuilt,19,0.1958400011062622
case_011_real,gsm8k,middle,real_route_replay,746,43,21,real,17.348837209302324,1,141,1.5498019291024179,down_active_prebuilt,20,0.19164800643920898
case_011_real,gsm8k,middle,real_route_replay,746,43,21,real,17.348837209302324,1,141,1.5498019291024179,down_active_prebuilt,21,0.19708800315856934
case_011_real,gsm8k,middle,real_route_replay,746,43,21,real,17.348837209302324,1,141,1.5498019291024179,down_active_prebuilt,22,0.1921280026435852
case_011_real,gsm8k,middle,real_route_replay,746,43,21,real,17.348837209302324,1,141,1.5498019291024179,down_active_prebuilt,23,0.18915200233459473
case_011_real,gsm8k,middle,real_route_replay,746,43,21,real,17.348837209302324,1,141,1.5498019291024179,down_active_prebuilt,24,0.1889919936656952
case_011_real,gsm8k,middle,real_route_replay,746,43,21,real,17.348837209302324,1,141,1.5498019291024179,down_active_prebuilt,25,0.1855359971523285
case_011_real,gsm8k,middle,real_route_replay,746,43,21,real,17.348837209302324,1,141,1.5498019291024179,down_active_prebuilt,26,0.1886720061302185
case_011_real,gsm8k,middle,real_route_replay,746,43,21,real,17.348837209302324,1,141,1.5498019291024179,down_active_prebuilt,27,0.18611200153827667
case_011_real,gsm8k,middle,real_route_replay,746,43,21,real,17.348837209302324,1,141,1.5498019291024179,down_active_prebuilt,28,0.18806399405002594
case_011_real,gsm8k,middle,real_route_replay,746,43,21,real,17.348837209302324,1,141,1.5498019291024179,down_active_prebuilt,29,0.18931199610233307
case_011_real,gsm8k,middle,real_route_replay,746,43,21,real,17.348837209302324,1,141,1.5498019291024179,down_active_prebuilt,30,0.18988800048828125
case_011_real,gsm8k,middle,real_route_replay,746,43,21,real,17.348837209302324,1,141,1.5498019291024179,down_active_prebuilt,31,0.1884479969739914
case_011_real,gsm8k,middle,real_route_replay,746,43,21,real,17.348837209302324,1,141,1.5498019291024179,down_active_prebuilt,32,0.18831999599933624
case_011_real,gsm8k,middle,real_route_replay,746,43,21,real,17.348837209302324,1,141,1.5498019291024179,down_active_prebuilt,33,0.1913280040025711
case_011_real,gsm8k,middle,real_route_replay,746,43,21,real,17.348837209302324,1,141,1.5498019291024179,down_active_prebuilt,34,0.19183999300003052
case_011_real,gsm8k,middle,real_route_replay,746,43,21,real,17.348837209302324,1,141,1.5498019291024179,down_active_prebuilt,35,0.18960000574588776
case_011_real,gsm8k,middle,real_route_replay,746,43,21,real,17.348837209302324,1,141,1.5498019291024179,down_active_prebuilt,36,0.19251200556755066
case_011_real,gsm8k,middle,real_route_replay,746,43,21,real,17.348837209302324,1,141,1.5498019291024179,down_active_prebuilt,37,0.1907840073108673
case_011_real,gsm8k,middle,real_route_replay,746,43,21,real,17.348837209302324,1,141,1.5498019291024179,down_active_prebuilt,38,0.18991999328136444
case_011_real,gsm8k,middle,real_route_replay,746,43,21,real,17.348837209302324,1,141,1.5498019291024179,down_active_prebuilt,39,0.18588800728321075
case_015_real,humaneval,early,real_route_replay,276,24,40,real,11.5,1,39,0.9294590576709543,gate_up_full64_prebuilt,0,0.19337600469589233
case_015_real,humaneval,early,real_route_replay,276,24,40,real,11.5,1,39,0.9294590576709543,gate_up_full64_prebuilt,1,0.18531200289726257
case_015_real,humaneval,early,real_route_replay,276,24,40,real,11.5,1,39,0.9294590576709543,gate_up_full64_prebuilt,2,0.1812800019979477
case_015_real,humaneval,early,real_route_replay,276,24,40,real,11.5,1,39,0.9294590576709543,gate_up_full64_prebuilt,3,0.17427200078964233
case_015_real,humaneval,early,real_route_replay,276,24,40,real,11.5,1,39,0.9294590576709543,gate_up_full64_prebuilt,4,0.17603200674057007
case_015_real,humaneval,early,real_route_replay,276,24,40,real,11.5,1,39,0.9294590576709543,gate_up_full64_prebuilt,5,0.1815679967403412
case_015_real,humaneval,early,real_route_replay,276,24,40,real,11.5,1,39,0.9294590576709543,gate_up_full64_prebuilt,6,0.17472000420093536
case_015_real,humaneval,early,real_route_replay,276,24,40,real,11.5,1,39,0.9294590576709543,gate_up_full64_prebuilt,7,0.1709119975566864
case_015_real,humaneval,early,real_route_replay,276,24,40,real,11.5,1,39,0.9294590576709543,gate_up_full64_prebuilt,8,0.16767999529838562
case_015_real,humaneval,early,real_route_replay,276,24,40,real,11.5,1,39,0.9294590576709543,gate_up_full64_prebuilt,9,0.16832000017166138
case_015_real,humaneval,early,real_route_replay,276,24,40,real,11.5,1,39,0.9294590576709543,gate_up_full64_prebuilt,10,0.16908800601959229
case_015_real,humaneval,early,real_route_replay,276,24,40,real,11.5,1,39,0.9294590576709543,gate_up_full64_prebuilt,11,0.1690240055322647
case_015_real,humaneval,early,real_route_replay,276,24,40,real,11.5,1,39,0.9294590576709543,gate_up_full64_prebuilt,12,0.1711360067129135
case_015_real,humaneval,early,real_route_replay,276,24,40,real,11.5,1,39,0.9294590576709543,gate_up_full64_prebuilt,13,0.17081600427627563
case_015_real,humaneval,early,real_route_replay,276,24,40,real,11.5,1,39,0.9294590576709543,gate_up_full64_prebuilt,14,0.17414399981498718
case_015_real,humaneval,early,real_route_replay,276,24,40,real,11.5,1,39,0.9294590576709543,gate_up_full64_prebuilt,15,0.16896000504493713
case_015_real,humaneval,early,real_route_replay,276,24,40,real,11.5,1,39,0.9294590576709543,gate_up_full64_prebuilt,16,0.1677439957857132
case_015_real,humaneval,early,real_route_replay,276,24,40,real,11.5,1,39,0.9294590576709543,gate_up_full64_prebuilt,17,0.16809600591659546
case_015_real,humaneval,early,real_route_replay,276,24,40,real,11.5,1,39,0.9294590576709543,gate_up_full64_prebuilt,18,0.1679680049419403
case_015_real,humaneval,early,real_route_replay,276,24,40,real,11.5,1,39,0.9294590576709543,gate_up_full64_prebuilt,19,0.16924799978733063
case_015_real,humaneval,early,real_route_replay,276,24,40,real,11.5,1,39,0.9294590576709543,gate_up_full64_prebuilt,20,0.16937600076198578
case_015_real,humaneval,early,real_route_replay,276,24,40,real,11.5,1,39,0.9294590576709543,gate_up_full64_prebuilt,21,0.1671680063009262
case_015_real,humaneval,early,real_route_replay,276,24,40,real,11.5,1,39,0.9294590576709543,gate_up_full64_prebuilt,22,0.1671999990940094
case_015_real,humaneval,early,real_route_replay,276,24,40,real,11.5,1,39,0.9294590576709543,gate_up_full64_prebuilt,23,0.16899199783802032
case_015_real,humaneval,early,real_route_replay,276,24,40,real,11.5,1,39,0.9294590576709543,gate_up_full64_prebuilt,24,0.1701440066099167
case_015_real,humaneval,early,real_route_replay,276,24,40,real,11.5,1,39,0.9294590576709543,gate_up_full64_prebuilt,25,0.1703999936580658
case_015_real,humaneval,early,real_route_replay,276,24,40,real,11.5,1,39,0.9294590576709543,gate_up_full64_prebuilt,26,0.17071999609470367
case_015_real,humaneval,early,real_route_replay,276,24,40,real,11.5,1,39,0.9294590576709543,gate_up_full64_prebuilt,27,0.17078399658203125
case_015_real,humaneval,early,real_route_replay,276,24,40,real,11.5,1,39,0.9294590576709543,gate_up_full64_prebuilt,28,0.16966399550437927
case_015_real,humaneval,early,real_route_replay,276,24,40,real,11.5,1,39,0.9294590576709543,gate_up_full64_prebuilt,29,0.17446400225162506
case_015_real,humaneval,early,real_route_replay,276,24,40,real,11.5,1,39,0.9294590576709543,gate_up_full64_prebuilt,30,0.1743679940700531
case_015_real,humaneval,early,real_route_replay,276,24,40,real,11.5,1,39,0.9294590576709543,gate_up_full64_prebuilt,31,0.17609600722789764
case_015_real,humaneval,early,real_route_replay,276,24,40,real,11.5,1,39,0.9294590576709543,gate_up_full64_prebuilt,32,0.17504000663757324
case_015_real,humaneval,early,real_route_replay,276,24,40,real,11.5,1,39,0.9294590576709543,gate_up_full64_prebuilt,33,0.17692799866199493
case_015_real,humaneval,early,real_route_replay,276,24,40,real,11.5,1,39,0.9294590576709543,gate_up_full64_prebuilt,34,0.17865599691867828
case_015_real,humaneval,early,real_route_replay,276,24,40,real,11.5,1,39,0.9294590576709543,gate_up_full64_prebuilt,35,0.18371200561523438
case_015_real,humaneval,early,real_route_replay,276,24,40,real,11.5,1,39,0.9294590576709543,gate_up_full64_prebuilt,36,0.1767359972000122
case_015_real,humaneval,early,real_route_replay,276,24,40,real,11.5,1,39,0.9294590576709543,gate_up_full64_prebuilt,37,0.17148800194263458
case_015_real,humaneval,early,real_route_replay,276,24,40,real,11.5,1,39,0.9294590576709543,gate_up_full64_prebuilt,38,0.17494399845600128
case_015_real,humaneval,early,real_route_replay,276,24,40,real,11.5,1,39,0.9294590576709543,gate_up_full64_prebuilt,39,0.16998399794101715
case_015_real,humaneval,early,real_route_replay,276,24,40,real,11.5,1,39,0.9294590576709543,down_active_prebuilt,0,0.11475200206041336
case_015_real,humaneval,early,real_route_replay,276,24,40,real,11.5,1,39,0.9294590576709543,down_active_prebuilt,1,0.11417599767446518
case_015_real,humaneval,early,real_route_replay,276,24,40,real,11.5,1,39,0.9294590576709543,down_active_prebuilt,2,0.11315199732780457
case_015_real,humaneval,early,real_route_replay,276,24,40,real,11.5,1,39,0.9294590576709543,down_active_prebuilt,3,0.11414399743080139
case_015_real,humaneval,early,real_route_replay,276,24,40,real,11.5,1,39,0.9294590576709543,down_active_prebuilt,4,0.11107199639081955
case_015_real,humaneval,early,real_route_replay,276,24,40,real,11.5,1,39,0.9294590576709543,down_active_prebuilt,5,0.11302399635314941
case_015_real,humaneval,early,real_route_replay,276,24,40,real,11.5,1,39,0.9294590576709543,down_active_prebuilt,6,0.11302399635314941
case_015_real,humaneval,early,real_route_replay,276,24,40,real,11.5,1,39,0.9294590576709543,down_active_prebuilt,7,0.11180800199508667
case_015_real,humaneval,early,real_route_replay,276,24,40,real,11.5,1,39,0.9294590576709543,down_active_prebuilt,8,0.11564800143241882
case_015_real,humaneval,early,real_route_replay,276,24,40,real,11.5,1,39,0.9294590576709543,down_active_prebuilt,9,0.11228799819946289
case_015_real,humaneval,early,real_route_replay,276,24,40,real,11.5,1,39,0.9294590576709543,down_active_prebuilt,10,0.11212799698114395
case_015_real,humaneval,early,real_route_replay,276,24,40,real,11.5,1,39,0.9294590576709543,down_active_prebuilt,11,0.11164800077676773
case_015_real,humaneval,early,real_route_replay,276,24,40,real,11.5,1,39,0.9294590576709543,down_active_prebuilt,12,0.11135999858379364
case_015_real,humaneval,early,real_route_replay,276,24,40,real,11.5,1,39,0.9294590576709543,down_active_prebuilt,13,0.11238399893045425
case_015_real,humaneval,early,real_route_replay,276,24,40,real,11.5,1,39,0.9294590576709543,down_active_prebuilt,14,0.11568000167608261
case_015_real,humaneval,early,real_route_replay,276,24,40,real,11.5,1,39,0.9294590576709543,down_active_prebuilt,15,0.11577600240707397
case_015_real,humaneval,early,real_route_replay,276,24,40,real,11.5,1,39,0.9294590576709543,down_active_prebuilt,16,0.11260800063610077
case_015_real,humaneval,early,real_route_replay,276,24,40,real,11.5,1,39,0.9294590576709543,down_active_prebuilt,17,0.11247999966144562
case_015_real,humaneval,early,real_route_replay,276,24,40,real,11.5,1,39,0.9294590576709543,down_active_prebuilt,18,0.11148799955844879
case_015_real,humaneval,early,real_route_replay,276,24,40,real,11.5,1,39,0.9294590576709543,down_active_prebuilt,19,0.15481600165367126
case_015_real,humaneval,early,real_route_replay,276,24,40,real,11.5,1,39,0.9294590576709543,down_active_prebuilt,20,0.11343999952077866
case_015_real,humaneval,early,real_route_replay,276,24,40,real,11.5,1,39,0.9294590576709543,down_active_prebuilt,21,0.11151999980211258
case_015_real,humaneval,early,real_route_replay,276,24,40,real,11.5,1,39,0.9294590576709543,down_active_prebuilt,22,0.11168000102043152
case_015_real,humaneval,early,real_route_replay,276,24,40,real,11.5,1,39,0.9294590576709543,down_active_prebuilt,23,0.11423999816179276
case_015_real,humaneval,early,real_route_replay,276,24,40,real,11.5,1,39,0.9294590576709543,down_active_prebuilt,24,0.1117120012640953
case_015_real,humaneval,early,real_route_replay,276,24,40,real,11.5,1,39,0.9294590576709543,down_active_prebuilt,25,0.11392000317573547
case_015_real,humaneval,early,real_route_replay,276,24,40,real,11.5,1,39,0.9294590576709543,down_active_prebuilt,26,0.11395200341939926
case_015_real,humaneval,early,real_route_replay,276,24,40,real,11.5,1,39,0.9294590576709543,down_active_prebuilt,27,0.11667200177907944
case_015_real,humaneval,early,real_route_replay,276,24,40,real,11.5,1,39,0.9294590576709543,down_active_prebuilt,28,0.1149120032787323
case_015_real,humaneval,early,real_route_replay,276,24,40,real,11.5,1,39,0.9294590576709543,down_active_prebuilt,29,0.11628799885511398
case_015_real,humaneval,early,real_route_replay,276,24,40,real,11.5,1,39,0.9294590576709543,down_active_prebuilt,30,0.11689600348472595
case_015_real,humaneval,early,real_route_replay,276,24,40,real,11.5,1,39,0.9294590576709543,down_active_prebuilt,31,0.11446399986743927
case_015_real,humaneval,early,real_route_replay,276,24,40,real,11.5,1,39,0.9294590576709543,down_active_prebuilt,32,0.11497599631547928
case_015_real,humaneval,early,real_route_replay,276,24,40,real,11.5,1,39,0.9294590576709543,down_active_prebuilt,33,0.11462400108575821
case_015_real,humaneval,early,real_route_replay,276,24,40,real,11.5,1,39,0.9294590576709543,down_active_prebuilt,34,0.11443199962377548
case_015_real,humaneval,early,real_route_replay,276,24,40,real,11.5,1,39,0.9294590576709543,down_active_prebuilt,35,0.11155200004577637
case_015_real,humaneval,early,real_route_replay,276,24,40,real,11.5,1,39,0.9294590576709543,down_active_prebuilt,36,0.1130559965968132
case_015_real,humaneval,early,real_route_replay,276,24,40,real,11.5,1,39,0.9294590576709543,down_active_prebuilt,37,0.11215999722480774
case_015_real,humaneval,early,real_route_replay,276,24,40,real,11.5,1,39,0.9294590576709543,down_active_prebuilt,38,0.11180800199508667
case_015_real,humaneval,early,real_route_replay,276,24,40,real,11.5,1,39,0.9294590576709543,down_active_prebuilt,39,0.11193600296974182
case_015_real,humaneval,early,real_route_replay,276,24,40,real,11.5,1,39,0.9294590576709543,gate_up_active_prebuilt,0,0.17395199835300446
case_015_real,humaneval,early,real_route_replay,276,24,40,real,11.5,1,39,0.9294590576709543,gate_up_active_prebuilt,1,0.17190399765968323
case_015_real,humaneval,early,real_route_replay,276,24,40,real,11.5,1,39,0.9294590576709543,gate_up_active_prebuilt,2,0.17043200135231018
case_015_real,humaneval,early,real_route_replay,276,24,40,real,11.5,1,39,0.9294590576709543,gate_up_active_prebuilt,3,0.17852799594402313
case_015_real,humaneval,early,real_route_replay,276,24,40,real,11.5,1,39,0.9294590576709543,gate_up_active_prebuilt,4,0.1761920005083084
case_015_real,humaneval,early,real_route_replay,276,24,40,real,11.5,1,39,0.9294590576709543,gate_up_active_prebuilt,5,0.17894400656223297
case_015_real,humaneval,early,real_route_replay,276,24,40,real,11.5,1,39,0.9294590576709543,gate_up_active_prebuilt,6,0.17628799378871918
case_015_real,humaneval,early,real_route_replay,276,24,40,real,11.5,1,39,0.9294590576709543,gate_up_active_prebuilt,7,0.17510400712490082
case_015_real,humaneval,early,real_route_replay,276,24,40,real,11.5,1,39,0.9294590576709543,gate_up_active_prebuilt,8,0.18406400084495544
case_015_real,humaneval,early,real_route_replay,276,24,40,real,11.5,1,39,0.9294590576709543,gate_up_active_prebuilt,9,0.17932799458503723
case_015_real,humaneval,early,real_route_replay,276,24,40,real,11.5,1,39,0.9294590576709543,gate_up_active_prebuilt,10,0.18252800405025482
case_015_real,humaneval,early,real_route_replay,276,24,40,real,11.5,1,39,0.9294590576709543,gate_up_active_prebuilt,11,0.18131199479103088
case_015_real,humaneval,early,real_route_replay,276,24,40,real,11.5,1,39,0.9294590576709543,gate_up_active_prebuilt,12,0.17945599555969238
case_015_real,humaneval,early,real_route_replay,276,24,40,real,11.5,1,39,0.9294590576709543,gate_up_active_prebuilt,13,0.17472000420093536
case_015_real,humaneval,early,real_route_replay,276,24,40,real,11.5,1,39,0.9294590576709543,gate_up_active_prebuilt,14,0.17472000420093536
case_015_real,humaneval,early,real_route_replay,276,24,40,real,11.5,1,39,0.9294590576709543,gate_up_active_prebuilt,15,0.1823039948940277
case_015_real,humaneval,early,real_route_replay,276,24,40,real,11.5,1,39,0.9294590576709543,gate_up_active_prebuilt,16,0.17900800704956055
case_015_real,humaneval,early,real_route_replay,276,24,40,real,11.5,1,39,0.9294590576709543,gate_up_active_prebuilt,17,0.1679680049419403
case_015_real,humaneval,early,real_route_replay,276,24,40,real,11.5,1,39,0.9294590576709543,gate_up_active_prebuilt,18,0.1722559928894043
case_015_real,humaneval,early,real_route_replay,276,24,40,real,11.5,1,39,0.9294590576709543,gate_up_active_prebuilt,19,0.17769600450992584
case_015_real,humaneval,early,real_route_replay,276,24,40,real,11.5,1,39,0.9294590576709543,gate_up_active_prebuilt,20,0.16927999258041382
case_015_real,humaneval,early,real_route_replay,276,24,40,real,11.5,1,39,0.9294590576709543,gate_up_active_prebuilt,21,0.16918399930000305
case_015_real,humaneval,early,real_route_replay,276,24,40,real,11.5,1,39,0.9294590576709543,gate_up_active_prebuilt,22,0.17468799650669098
case_015_real,humaneval,early,real_route_replay,276,24,40,real,11.5,1,39,0.9294590576709543,gate_up_active_prebuilt,23,0.1730239987373352
case_015_real,humaneval,early,real_route_replay,276,24,40,real,11.5,1,39,0.9294590576709543,gate_up_active_prebuilt,24,0.1687680035829544
case_015_real,humaneval,early,real_route_replay,276,24,40,real,11.5,1,39,0.9294590576709543,gate_up_active_prebuilt,25,0.16809600591659546
case_015_real,humaneval,early,real_route_replay,276,24,40,real,11.5,1,39,0.9294590576709543,gate_up_active_prebuilt,26,0.16777600347995758
case_015_real,humaneval,early,real_route_replay,276,24,40,real,11.5,1,39,0.9294590576709543,gate_up_active_prebuilt,27,0.17043200135231018
case_015_real,humaneval,early,real_route_replay,276,24,40,real,11.5,1,39,0.9294590576709543,gate_up_active_prebuilt,28,0.16844800114631653
case_015_real,humaneval,early,real_route_replay,276,24,40,real,11.5,1,39,0.9294590576709543,gate_up_active_prebuilt,29,0.16697600483894348
case_015_real,humaneval,early,real_route_replay,276,24,40,real,11.5,1,39,0.9294590576709543,gate_up_active_prebuilt,30,0.16857600212097168
case_015_real,humaneval,early,real_route_replay,276,24,40,real,11.5,1,39,0.9294590576709543,gate_up_active_prebuilt,31,0.171424001455307
case_015_real,humaneval,early,real_route_replay,276,24,40,real,11.5,1,39,0.9294590576709543,gate_up_active_prebuilt,32,0.16979199647903442
case_015_real,humaneval,early,real_route_replay,276,24,40,real,11.5,1,39,0.9294590576709543,gate_up_active_prebuilt,33,0.16972799599170685
case_015_real,humaneval,early,real_route_replay,276,24,40,real,11.5,1,39,0.9294590576709543,gate_up_active_prebuilt,34,0.1703999936580658
case_015_real,humaneval,early,real_route_replay,276,24,40,real,11.5,1,39,0.9294590576709543,gate_up_active_prebuilt,35,0.17187200486660004
case_015_real,humaneval,early,real_route_replay,276,24,40,real,11.5,1,39,0.9294590576709543,gate_up_active_prebuilt,36,0.17100800573825836
case_015_real,humaneval,early,real_route_replay,276,24,40,real,11.5,1,39,0.9294590576709543,gate_up_active_prebuilt,37,0.16832000017166138
case_015_real,humaneval,early,real_route_replay,276,24,40,real,11.5,1,39,0.9294590576709543,gate_up_active_prebuilt,38,0.17190399765968323
case_015_real,humaneval,early,real_route_replay,276,24,40,real,11.5,1,39,0.9294590576709543,gate_up_active_prebuilt,39,0.17126399278640747
case_015_real,humaneval,early,real_route_replay,276,24,40,real,11.5,1,39,0.9294590576709543,down_full64_prebuilt,0,0.11366400122642517
case_015_real,humaneval,early,real_route_replay,276,24,40,real,11.5,1,39,0.9294590576709543,down_full64_prebuilt,1,0.11302399635314941
case_015_real,humaneval,early,real_route_replay,276,24,40,real,11.5,1,39,0.9294590576709543,down_full64_prebuilt,2,0.11599999666213989
case_015_real,humaneval,early,real_route_replay,276,24,40,real,11.5,1,39,0.9294590576709543,down_full64_prebuilt,3,0.11609599739313126
case_015_real,humaneval,early,real_route_replay,276,24,40,real,11.5,1,39,0.9294590576709543,down_full64_prebuilt,4,0.11708799749612808
case_015_real,humaneval,early,real_route_replay,276,24,40,real,11.5,1,39,0.9294590576709543,down_full64_prebuilt,5,0.11574400216341019
case_015_real,humaneval,early,real_route_replay,276,24,40,real,11.5,1,39,0.9294590576709543,down_full64_prebuilt,6,0.11561600118875504
case_015_real,humaneval,early,real_route_replay,276,24,40,real,11.5,1,39,0.9294590576709543,down_full64_prebuilt,7,0.1143999993801117
case_015_real,humaneval,early,real_route_replay,276,24,40,real,11.5,1,39,0.9294590576709543,down_full64_prebuilt,8,0.11641599982976913
case_015_real,humaneval,early,real_route_replay,276,24,40,real,11.5,1,39,0.9294590576709543,down_full64_prebuilt,9,0.1165120005607605
case_015_real,humaneval,early,real_route_replay,276,24,40,real,11.5,1,39,0.9294590576709543,down_full64_prebuilt,10,0.1167680025100708
case_015_real,humaneval,early,real_route_replay,276,24,40,real,11.5,1,39,0.9294590576709543,down_full64_prebuilt,11,0.11324799805879593
case_015_real,humaneval,early,real_route_replay,276,24,40,real,11.5,1,39,0.9294590576709543,down_full64_prebuilt,12,0.11235199868679047
case_015_real,humaneval,early,real_route_replay,276,24,40,real,11.5,1,39,0.9294590576709543,down_full64_prebuilt,13,0.11276800185441971
case_015_real,humaneval,early,real_route_replay,276,24,40,real,11.5,1,39,0.9294590576709543,down_full64_prebuilt,14,0.11689600348472595
case_015_real,humaneval,early,real_route_replay,276,24,40,real,11.5,1,39,0.9294590576709543,down_full64_prebuilt,15,0.11574400216341019
case_015_real,humaneval,early,real_route_replay,276,24,40,real,11.5,1,39,0.9294590576709543,down_full64_prebuilt,16,0.11635199934244156
case_015_real,humaneval,early,real_route_replay,276,24,40,real,11.5,1,39,0.9294590576709543,down_full64_prebuilt,17,0.11203200370073318
case_015_real,humaneval,early,real_route_replay,276,24,40,real,11.5,1,39,0.9294590576709543,down_full64_prebuilt,18,0.11206399649381638
case_015_real,humaneval,early,real_route_replay,276,24,40,real,11.5,1,39,0.9294590576709543,down_full64_prebuilt,19,0.1125440001487732
case_015_real,humaneval,early,real_route_replay,276,24,40,real,11.5,1,39,0.9294590576709543,down_full64_prebuilt,20,0.11664000153541565
case_015_real,humaneval,early,real_route_replay,276,24,40,real,11.5,1,39,0.9294590576709543,down_full64_prebuilt,21,0.11456000059843063
case_015_real,humaneval,early,real_route_replay,276,24,40,real,11.5,1,39,0.9294590576709543,down_full64_prebuilt,22,0.11401599645614624
case_015_real,humaneval,early,real_route_replay,276,24,40,real,11.5,1,39,0.9294590576709543,down_full64_prebuilt,23,0.1159679964184761
case_015_real,humaneval,early,real_route_replay,276,24,40,real,11.5,1,39,0.9294590576709543,down_full64_prebuilt,24,0.115167997777462
case_015_real,humaneval,early,real_route_replay,276,24,40,real,11.5,1,39,0.9294590576709543,down_full64_prebuilt,25,0.11497599631547928
case_015_real,humaneval,early,real_route_replay,276,24,40,real,11.5,1,39,0.9294590576709543,down_full64_prebuilt,26,0.11683200299739838
case_015_real,humaneval,early,real_route_replay,276,24,40,real,11.5,1,39,0.9294590576709543,down_full64_prebuilt,27,0.11417599767446518
case_015_real,humaneval,early,real_route_replay,276,24,40,real,11.5,1,39,0.9294590576709543,down_full64_prebuilt,28,0.11673600226640701
case_015_real,humaneval,early,real_route_replay,276,24,40,real,11.5,1,39,0.9294590576709543,down_full64_prebuilt,29,0.11353600025177002
case_015_real,humaneval,early,real_route_replay,276,24,40,real,11.5,1,39,0.9294590576709543,down_full64_prebuilt,30,0.11222399771213531
case_015_real,humaneval,early,real_route_replay,276,24,40,real,11.5,1,39,0.9294590576709543,down_full64_prebuilt,31,0.11929599940776825
case_015_real,humaneval,early,real_route_replay,276,24,40,real,11.5,1,39,0.9294590576709543,down_full64_prebuilt,32,0.11660800129175186
case_015_real,humaneval,early,real_route_replay,276,24,40,real,11.5,1,39,0.9294590576709543,down_full64_prebuilt,33,0.11481600254774094
case_015_real,humaneval,early,real_route_replay,276,24,40,real,11.5,1,39,0.9294590576709543,down_full64_prebuilt,34,0.11529599875211716
case_015_real,humaneval,early,real_route_replay,276,24,40,real,11.5,1,39,0.9294590576709543,down_full64_prebuilt,35,0.11721599847078323
case_015_real,humaneval,early,real_route_replay,276,24,40,real,11.5,1,39,0.9294590576709543,down_full64_prebuilt,36,0.11398400366306305
case_015_real,humaneval,early,real_route_replay,276,24,40,real,11.5,1,39,0.9294590576709543,down_full64_prebuilt,37,0.1162559986114502
case_015_real,humaneval,early,real_route_replay,276,24,40,real,11.5,1,39,0.9294590576709543,down_full64_prebuilt,38,0.11535999923944473
case_015_real,humaneval,early,real_route_replay,276,24,40,real,11.5,1,39,0.9294590576709543,down_full64_prebuilt,39,0.11497599631547928
case_015_real,humaneval,early,real_route_replay,276,24,40,real,11.5,1,39,0.9294590576709543,route_weight,0,0.02595200017094612
case_015_real,humaneval,early,real_route_replay,276,24,40,real,11.5,1,39,0.9294590576709543,route_weight,1,0.02768000029027462
case_015_real,humaneval,early,real_route_replay,276,24,40,real,11.5,1,39,0.9294590576709543,route_weight,2,0.025760000571608543
case_015_real,humaneval,early,real_route_replay,276,24,40,real,11.5,1,39,0.9294590576709543,route_weight,3,0.023104000836610794
case_015_real,humaneval,early,real_route_replay,276,24,40,real,11.5,1,39,0.9294590576709543,route_weight,4,0.030688000842928886
case_015_real,humaneval,early,real_route_replay,276,24,40,real,11.5,1,39,0.9294590576709543,route_weight,5,0.026208000257611275
case_015_real,humaneval,early,real_route_replay,276,24,40,real,11.5,1,39,0.9294590576709543,route_weight,6,0.02223999984562397
case_015_real,humaneval,early,real_route_replay,276,24,40,real,11.5,1,39,0.9294590576709543,route_weight,7,0.02175999991595745
case_015_real,humaneval,early,real_route_replay,276,24,40,real,11.5,1,39,0.9294590576709543,route_weight,8,0.022592000663280487
case_015_real,humaneval,early,real_route_replay,276,24,40,real,11.5,1,39,0.9294590576709543,route_weight,9,0.023296000435948372
case_015_real,humaneval,early,real_route_replay,276,24,40,real,11.5,1,39,0.9294590576709543,route_weight,10,0.022336000576615334
case_015_real,humaneval,early,real_route_replay,276,24,40,real,11.5,1,39,0.9294590576709543,route_weight,11,0.031007999554276466
case_015_real,humaneval,early,real_route_replay,276,24,40,real,11.5,1,39,0.9294590576709543,route_weight,12,0.022943999618291855
case_015_real,humaneval,early,real_route_replay,276,24,40,real,11.5,1,39,0.9294590576709543,route_weight,13,0.02703999914228916
case_015_real,humaneval,early,real_route_replay,276,24,40,real,11.5,1,39,0.9294590576709543,route_weight,14,0.024288000538945198
case_015_real,humaneval,early,real_route_replay,276,24,40,real,11.5,1,39,0.9294590576709543,route_weight,15,0.02489599958062172
case_015_real,humaneval,early,real_route_replay,276,24,40,real,11.5,1,39,0.9294590576709543,route_weight,16,0.02457600086927414
case_015_real,humaneval,early,real_route_replay,276,24,40,real,11.5,1,39,0.9294590576709543,route_weight,17,0.02796800062060356
case_015_real,humaneval,early,real_route_replay,276,24,40,real,11.5,1,39,0.9294590576709543,route_weight,18,0.026016000658273697
case_015_real,humaneval,early,real_route_replay,276,24,40,real,11.5,1,39,0.9294590576709543,route_weight,19,0.022431999444961548
case_015_real,humaneval,early,real_route_replay,276,24,40,real,11.5,1,39,0.9294590576709543,route_weight,20,0.02796800062060356
case_015_real,humaneval,early,real_route_replay,276,24,40,real,11.5,1,39,0.9294590576709543,route_weight,21,0.02723200060427189
case_015_real,humaneval,early,real_route_replay,276,24,40,real,11.5,1,39,0.9294590576709543,route_weight,22,0.023072000592947006
case_015_real,humaneval,early,real_route_replay,276,24,40,real,11.5,1,39,0.9294590576709543,route_weight,23,0.022112000733613968
case_015_real,humaneval,early,real_route_replay,276,24,40,real,11.5,1,39,0.9294590576709543,route_weight,24,0.024447999894618988
case_015_real,humaneval,early,real_route_replay,276,24,40,real,11.5,1,39,0.9294590576709543,route_weight,25,0.022975999861955643
case_015_real,humaneval,early,real_route_replay,276,24,40,real,11.5,1,39,0.9294590576709543,route_weight,26,0.022816000506281853
case_015_real,humaneval,early,real_route_replay,276,24,40,real,11.5,1,39,0.9294590576709543,route_weight,27,0.0226879995316267
case_015_real,humaneval,early,real_route_replay,276,24,40,real,11.5,1,39,0.9294590576709543,route_weight,28,0.021888000890612602
case_015_real,humaneval,early,real_route_replay,276,24,40,real,11.5,1,39,0.9294590576709543,route_weight,29,0.029440000653266907
case_015_real,humaneval,early,real_route_replay,276,24,40,real,11.5,1,39,0.9294590576709543,route_weight,30,0.023072000592947006
case_015_real,humaneval,early,real_route_replay,276,24,40,real,11.5,1,39,0.9294590576709543,route_weight,31,0.02160000056028366
case_015_real,humaneval,early,real_route_replay,276,24,40,real,11.5,1,39,0.9294590576709543,route_weight,32,0.02179200015962124
case_015_real,humaneval,early,real_route_replay,276,24,40,real,11.5,1,39,0.9294590576709543,route_weight,33,0.02304000034928322
case_015_real,humaneval,early,real_route_replay,276,24,40,real,11.5,1,39,0.9294590576709543,route_weight,34,0.021215999498963356
case_015_real,humaneval,early,real_route_replay,276,24,40,real,11.5,1,39,0.9294590576709543,route_weight,35,0.024927999824285507
case_015_real,humaneval,early,real_route_replay,276,24,40,real,11.5,1,39,0.9294590576709543,route_weight,36,0.026784000918269157
case_015_real,humaneval,early,real_route_replay,276,24,40,real,11.5,1,39,0.9294590576709543,route_weight,37,0.037376001477241516
case_015_real,humaneval,early,real_route_replay,276,24,40,real,11.5,1,39,0.9294590576709543,route_weight,38,0.023615999147295952
case_015_real,humaneval,early,real_route_replay,276,24,40,real,11.5,1,39,0.9294590576709543,route_weight,39,0.023903999477624893
case_015_real,humaneval,early,real_route_replay,276,24,40,real,11.5,1,39,0.9294590576709543,swiglu,0,0.046560000628232956
case_015_real,humaneval,early,real_route_replay,276,24,40,real,11.5,1,39,0.9294590576709543,swiglu,1,0.03840000182390213
case_015_real,humaneval,early,real_route_replay,276,24,40,real,11.5,1,39,0.9294590576709543,swiglu,2,0.03436800092458725
case_015_real,humaneval,early,real_route_replay,276,24,40,real,11.5,1,39,0.9294590576709543,swiglu,3,0.03446400165557861
case_015_real,humaneval,early,real_route_replay,276,24,40,real,11.5,1,39,0.9294590576709543,swiglu,4,0.03311999887228012
case_015_real,humaneval,early,real_route_replay,276,24,40,real,11.5,1,39,0.9294590576709543,swiglu,5,0.038015998899936676
case_015_real,humaneval,early,real_route_replay,276,24,40,real,11.5,1,39,0.9294590576709543,swiglu,6,0.04092799872159958
case_015_real,humaneval,early,real_route_replay,276,24,40,real,11.5,1,39,0.9294590576709543,swiglu,7,0.038943998515605927
case_015_real,humaneval,early,real_route_replay,276,24,40,real,11.5,1,39,0.9294590576709543,swiglu,8,0.03446400165557861
case_015_real,humaneval,early,real_route_replay,276,24,40,real,11.5,1,39,0.9294590576709543,swiglu,9,0.03718400001525879
case_015_real,humaneval,early,real_route_replay,276,24,40,real,11.5,1,39,0.9294590576709543,swiglu,10,0.035071998834609985
case_015_real,humaneval,early,real_route_replay,276,24,40,real,11.5,1,39,0.9294590576709543,swiglu,11,0.02470399998128414
case_015_real,humaneval,early,real_route_replay,276,24,40,real,11.5,1,39,0.9294590576709543,swiglu,12,0.024768000468611717
case_015_real,humaneval,early,real_route_replay,276,24,40,real,11.5,1,39,0.9294590576709543,swiglu,13,0.02800000086426735
case_015_real,humaneval,early,real_route_replay,276,24,40,real,11.5,1,39,0.9294590576709543,swiglu,14,0.024224000051617622
case_015_real,humaneval,early,real_route_replay,276,24,40,real,11.5,1,39,0.9294590576709543,swiglu,15,0.02470399998128414
case_015_real,humaneval,early,real_route_replay,276,24,40,real,11.5,1,39,0.9294590576709543,swiglu,16,0.024800000712275505
case_015_real,humaneval,early,real_route_replay,276,24,40,real,11.5,1,39,0.9294590576709543,swiglu,17,0.024480000138282776
case_015_real,humaneval,early,real_route_replay,276,24,40,real,11.5,1,39,0.9294590576709543,swiglu,18,0.023711999878287315
case_015_real,humaneval,early,real_route_replay,276,24,40,real,11.5,1,39,0.9294590576709543,swiglu,19,0.022624000906944275
case_015_real,humaneval,early,real_route_replay,276,24,40,real,11.5,1,39,0.9294590576709543,swiglu,20,0.02489599958062172
case_015_real,humaneval,early,real_route_replay,276,24,40,real,11.5,1,39,0.9294590576709543,swiglu,21,0.02131200022995472
case_015_real,humaneval,early,real_route_replay,276,24,40,real,11.5,1,39,0.9294590576709543,swiglu,22,0.021247999742627144
case_015_real,humaneval,early,real_route_replay,276,24,40,real,11.5,1,39,0.9294590576709543,swiglu,23,0.026847999542951584
case_015_real,humaneval,early,real_route_replay,276,24,40,real,11.5,1,39,0.9294590576709543,swiglu,24,0.023296000435948372
case_015_real,humaneval,early,real_route_replay,276,24,40,real,11.5,1,39,0.9294590576709543,swiglu,25,0.0226879995316267
case_015_real,humaneval,early,real_route_replay,276,24,40,real,11.5,1,39,0.9294590576709543,swiglu,26,0.022048000246286392
case_015_real,humaneval,early,real_route_replay,276,24,40,real,11.5,1,39,0.9294590576709543,swiglu,27,0.024480000138282776
case_015_real,humaneval,early,real_route_replay,276,24,40,real,11.5,1,39,0.9294590576709543,swiglu,28,0.024351999163627625
case_015_real,humaneval,early,real_route_replay,276,24,40,real,11.5,1,39,0.9294590576709543,swiglu,29,0.02409599907696247
case_015_real,humaneval,early,real_route_replay,276,24,40,real,11.5,1,39,0.9294590576709543,swiglu,30,0.024159999564290047
case_015_real,humaneval,early,real_route_replay,276,24,40,real,11.5,1,39,0.9294590576709543,swiglu,31,0.024768000468611717
case_015_real,humaneval,early,real_route_replay,276,24,40,real,11.5,1,39,0.9294590576709543,swiglu,32,0.02348800003528595
case_015_real,humaneval,early,real_route_replay,276,24,40,real,11.5,1,39,0.9294590576709543,swiglu,33,0.02364799939095974
case_015_real,humaneval,early,real_route_replay,276,24,40,real,11.5,1,39,0.9294590576709543,swiglu,34,0.022943999618291855
case_015_real,humaneval,early,real_route_replay,276,24,40,real,11.5,1,39,0.9294590576709543,swiglu,35,0.026688000187277794
case_015_real,humaneval,early,real_route_replay,276,24,40,real,11.5,1,39,0.9294590576709543,swiglu,36,0.025119999423623085
case_015_real,humaneval,early,real_route_replay,276,24,40,real,11.5,1,39,0.9294590576709543,swiglu,37,0.02425600029528141
case_015_real,humaneval,early,real_route_replay,276,24,40,real,11.5,1,39,0.9294590576709543,swiglu,38,0.025280000641942024
case_015_real,humaneval,early,real_route_replay,276,24,40,real,11.5,1,39,0.9294590576709543,swiglu,39,0.023744000121951103
case_016_real,humaneval,early,real_route_replay,1667,44,20,real,37.88636363636363,1,271,1.3240985594254273,down_active_prebuilt,0,0.2072959989309311
case_016_real,humaneval,early,real_route_replay,1667,44,20,real,37.88636363636363,1,271,1.3240985594254273,down_active_prebuilt,1,0.19068799912929535
case_016_real,humaneval,early,real_route_replay,1667,44,20,real,37.88636363636363,1,271,1.3240985594254273,down_active_prebuilt,2,0.1886720061302185
case_016_real,humaneval,early,real_route_replay,1667,44,20,real,37.88636363636363,1,271,1.3240985594254273,down_active_prebuilt,3,0.18671999871730804
case_016_real,humaneval,early,real_route_replay,1667,44,20,real,37.88636363636363,1,271,1.3240985594254273,down_active_prebuilt,4,0.18931199610233307
case_016_real,humaneval,early,real_route_replay,1667,44,20,real,37.88636363636363,1,271,1.3240985594254273,down_active_prebuilt,5,0.1876160055398941
case_016_real,humaneval,early,real_route_replay,1667,44,20,real,37.88636363636363,1,271,1.3240985594254273,down_active_prebuilt,6,0.18860800564289093
case_016_real,humaneval,early,real_route_replay,1667,44,20,real,37.88636363636363,1,271,1.3240985594254273,down_active_prebuilt,7,0.19439999759197235
case_016_real,humaneval,early,real_route_replay,1667,44,20,real,37.88636363636363,1,271,1.3240985594254273,down_active_prebuilt,8,0.1900160014629364
case_016_real,humaneval,early,real_route_replay,1667,44,20,real,37.88636363636363,1,271,1.3240985594254273,down_active_prebuilt,9,0.19254399836063385
case_016_real,humaneval,early,real_route_replay,1667,44,20,real,37.88636363636363,1,271,1.3240985594254273,down_active_prebuilt,10,0.1908160001039505
case_016_real,humaneval,early,real_route_replay,1667,44,20,real,37.88636363636363,1,271,1.3240985594254273,down_active_prebuilt,11,0.19254399836063385
case_016_real,humaneval,early,real_route_replay,1667,44,20,real,37.88636363636363,1,271,1.3240985594254273,down_active_prebuilt,12,0.18911999464035034
case_016_real,humaneval,early,real_route_replay,1667,44,20,real,37.88636363636363,1,271,1.3240985594254273,down_active_prebuilt,13,0.19379200041294098
case_016_real,humaneval,early,real_route_replay,1667,44,20,real,37.88636363636363,1,271,1.3240985594254273,down_active_prebuilt,14,0.1905599981546402
case_016_real,humaneval,early,real_route_replay,1667,44,20,real,37.88636363636363,1,271,1.3240985594254273,down_active_prebuilt,15,0.18688000738620758
case_016_real,humaneval,early,real_route_replay,1667,44,20,real,37.88636363636363,1,271,1.3240985594254273,down_active_prebuilt,16,0.18876799941062927
case_016_real,humaneval,early,real_route_replay,1667,44,20,real,37.88636363636363,1,271,1.3240985594254273,down_active_prebuilt,17,0.18771199882030487
case_016_real,humaneval,early,real_route_replay,1667,44,20,real,37.88636363636363,1,271,1.3240985594254273,down_active_prebuilt,18,0.18697600066661835
case_016_real,humaneval,early,real_route_replay,1667,44,20,real,37.88636363636363,1,271,1.3240985594254273,down_active_prebuilt,19,0.18585599958896637
case_016_real,humaneval,early,real_route_replay,1667,44,20,real,37.88636363636363,1,271,1.3240985594254273,down_active_prebuilt,20,0.18809600174427032
case_016_real,humaneval,early,real_route_replay,1667,44,20,real,37.88636363636363,1,271,1.3240985594254273,down_active_prebuilt,21,0.18838399648666382
case_016_real,humaneval,early,real_route_replay,1667,44,20,real,37.88636363636363,1,271,1.3240985594254273,down_active_prebuilt,22,0.18748800456523895
case_016_real,humaneval,early,real_route_replay,1667,44,20,real,37.88636363636363,1,271,1.3240985594254273,down_active_prebuilt,23,0.18614399433135986
case_016_real,humaneval,early,real_route_replay,1667,44,20,real,37.88636363636363,1,271,1.3240985594254273,down_active_prebuilt,24,0.1855359971523285
case_016_real,humaneval,early,real_route_replay,1667,44,20,real,37.88636363636363,1,271,1.3240985594254273,down_active_prebuilt,25,0.18838399648666382
case_016_real,humaneval,early,real_route_replay,1667,44,20,real,37.88636363636363,1,271,1.3240985594254273,down_active_prebuilt,26,0.18748800456523895
case_016_real,humaneval,early,real_route_replay,1667,44,20,real,37.88636363636363,1,271,1.3240985594254273,down_active_prebuilt,27,0.19091199338436127
case_016_real,humaneval,early,real_route_replay,1667,44,20,real,37.88636363636363,1,271,1.3240985594254273,down_active_prebuilt,28,0.19139200448989868
case_016_real,humaneval,early,real_route_replay,1667,44,20,real,37.88636363636363,1,271,1.3240985594254273,down_active_prebuilt,29,0.19315199553966522
case_016_real,humaneval,early,real_route_replay,1667,44,20,real,37.88636363636363,1,271,1.3240985594254273,down_active_prebuilt,30,0.1903039962053299
case_016_real,humaneval,early,real_route_replay,1667,44,20,real,37.88636363636363,1,271,1.3240985594254273,down_active_prebuilt,31,0.18768000602722168
case_016_real,humaneval,early,real_route_replay,1667,44,20,real,37.88636363636363,1,271,1.3240985594254273,down_active_prebuilt,32,0.18806399405002594
case_016_real,humaneval,early,real_route_replay,1667,44,20,real,37.88636363636363,1,271,1.3240985594254273,down_active_prebuilt,33,0.1902720034122467
case_016_real,humaneval,early,real_route_replay,1667,44,20,real,37.88636363636363,1,271,1.3240985594254273,down_active_prebuilt,34,0.1871040016412735
case_016_real,humaneval,early,real_route_replay,1667,44,20,real,37.88636363636363,1,271,1.3240985594254273,down_active_prebuilt,35,0.1955520063638687
case_016_real,humaneval,early,real_route_replay,1667,44,20,real,37.88636363636363,1,271,1.3240985594254273,down_active_prebuilt,36,0.19206400215625763
case_016_real,humaneval,early,real_route_replay,1667,44,20,real,37.88636363636363,1,271,1.3240985594254273,down_active_prebuilt,37,0.19484800100326538
case_016_real,humaneval,early,real_route_replay,1667,44,20,real,37.88636363636363,1,271,1.3240985594254273,down_active_prebuilt,38,0.19395199418067932
case_016_real,humaneval,early,real_route_replay,1667,44,20,real,37.88636363636363,1,271,1.3240985594254273,down_active_prebuilt,39,0.19686399400234222
case_016_real,humaneval,early,real_route_replay,1667,44,20,real,37.88636363636363,1,271,1.3240985594254273,route_weight,0,0.042688000947237015
case_016_real,humaneval,early,real_route_replay,1667,44,20,real,37.88636363636363,1,271,1.3240985594254273,route_weight,1,0.03392000123858452
case_016_real,humaneval,early,real_route_replay,1667,44,20,real,37.88636363636363,1,271,1.3240985594254273,route_weight,2,0.03276799991726875
case_016_real,humaneval,early,real_route_replay,1667,44,20,real,37.88636363636363,1,271,1.3240985594254273,route_weight,3,0.03167999908328056
case_016_real,humaneval,early,real_route_replay,1667,44,20,real,37.88636363636363,1,271,1.3240985594254273,route_weight,4,0.03177599981427193
case_016_real,humaneval,early,real_route_replay,1667,44,20,real,37.88636363636363,1,271,1.3240985594254273,route_weight,5,0.03126399964094162
case_016_real,humaneval,early,real_route_replay,1667,44,20,real,37.88636363636363,1,271,1.3240985594254273,route_weight,6,0.03392000123858452
case_016_real,humaneval,early,real_route_replay,1667,44,20,real,37.88636363636363,1,271,1.3240985594254273,route_weight,7,0.03017600066959858
case_016_real,humaneval,early,real_route_replay,1667,44,20,real,37.88636363636363,1,271,1.3240985594254273,route_weight,8,0.029888000339269638
case_016_real,humaneval,early,real_route_replay,1667,44,20,real,37.88636363636363,1,271,1.3240985594254273,route_weight,9,0.030559999868273735
case_016_real,humaneval,early,real_route_replay,1667,44,20,real,37.88636363636363,1,271,1.3240985594254273,route_weight,10,0.03129599988460541
case_016_real,humaneval,early,real_route_replay,1667,44,20,real,37.88636363636363,1,271,1.3240985594254273,route_weight,11,0.02924799919128418
case_016_real,humaneval,early,real_route_replay,1667,44,20,real,37.88636363636363,1,271,1.3240985594254273,route_weight,12,0.029120000079274178
case_016_real,humaneval,early,real_route_replay,1667,44,20,real,37.88636363636363,1,271,1.3240985594254273,route_weight,13,0.02924799919128418
case_016_real,humaneval,early,real_route_replay,1667,44,20,real,37.88636363636363,1,271,1.3240985594254273,route_weight,14,0.03270399942994118
case_016_real,humaneval,early,real_route_replay,1667,44,20,real,37.88636363636363,1,271,1.3240985594254273,route_weight,15,0.026367999613285065
case_016_real,humaneval,early,real_route_replay,1667,44,20,real,37.88636363636363,1,271,1.3240985594254273,route_weight,16,0.03030399978160858
case_016_real,humaneval,early,real_route_replay,1667,44,20,real,37.88636363636363,1,271,1.3240985594254273,route_weight,17,0.030432000756263733
case_016_real,humaneval,early,real_route_replay,1667,44,20,real,37.88636363636363,1,271,1.3240985594254273,route_weight,18,0.03203200176358223
case_016_real,humaneval,early,real_route_replay,1667,44,20,real,37.88636363636363,1,271,1.3240985594254273,route_weight,19,0.02751999907195568
case_016_real,humaneval,early,real_route_replay,1667,44,20,real,37.88636363636363,1,271,1.3240985594254273,route_weight,20,0.026688000187277794
case_016_real,humaneval,early,real_route_replay,1667,44,20,real,37.88636363636363,1,271,1.3240985594254273,route_weight,21,0.02707199938595295
case_016_real,humaneval,early,real_route_replay,1667,44,20,real,37.88636363636363,1,271,1.3240985594254273,route_weight,22,0.026655999943614006
case_016_real,humaneval,early,real_route_replay,1667,44,20,real,37.88636363636363,1,271,1.3240985594254273,route_weight,23,0.027135999873280525
case_016_real,humaneval,early,real_route_replay,1667,44,20,real,37.88636363636363,1,271,1.3240985594254273,route_weight,24,0.026784000918269157
case_016_real,humaneval,early,real_route_replay,1667,44,20,real,37.88636363636363,1,271,1.3240985594254273,route_weight,25,0.027008000761270523
case_016_real,humaneval,early,real_route_replay,1667,44,20,real,37.88636363636363,1,271,1.3240985594254273,route_weight,26,0.026399999856948853
case_016_real,humaneval,early,real_route_replay,1667,44,20,real,37.88636363636363,1,271,1.3240985594254273,route_weight,27,0.02643200010061264
case_016_real,humaneval,early,real_route_replay,1667,44,20,real,37.88636363636363,1,271,1.3240985594254273,route_weight,28,0.027936000376939774
case_016_real,humaneval,early,real_route_replay,1667,44,20,real,37.88636363636363,1,271,1.3240985594254273,route_weight,29,0.028063999488949776
case_016_real,humaneval,early,real_route_replay,1667,44,20,real,37.88636363636363,1,271,1.3240985594254273,route_weight,30,0.0272000003606081
case_016_real,humaneval,early,real_route_replay,1667,44,20,real,37.88636363636363,1,271,1.3240985594254273,route_weight,31,0.026784000918269157
case_016_real,humaneval,early,real_route_replay,1667,44,20,real,37.88636363636363,1,271,1.3240985594254273,route_weight,32,0.027295999228954315
case_016_real,humaneval,early,real_route_replay,1667,44,20,real,37.88636363636363,1,271,1.3240985594254273,route_weight,33,0.02940800040960312
case_016_real,humaneval,early,real_route_replay,1667,44,20,real,37.88636363636363,1,271,1.3240985594254273,route_weight,34,0.02566399984061718
case_016_real,humaneval,early,real_route_replay,1667,44,20,real,37.88636363636363,1,271,1.3240985594254273,route_weight,35,0.025631999596953392
case_016_real,humaneval,early,real_route_replay,1667,44,20,real,37.88636363636363,1,271,1.3240985594254273,route_weight,36,0.025728000327944756
case_016_real,humaneval,early,real_route_replay,1667,44,20,real,37.88636363636363,1,271,1.3240985594254273,route_weight,37,0.025439999997615814
case_016_real,humaneval,early,real_route_replay,1667,44,20,real,37.88636363636363,1,271,1.3240985594254273,route_weight,38,0.025312000885605812
case_016_real,humaneval,early,real_route_replay,1667,44,20,real,37.88636363636363,1,271,1.3240985594254273,route_weight,39,0.026079999282956123
case_016_real,humaneval,early,real_route_replay,1667,44,20,real,37.88636363636363,1,271,1.3240985594254273,down_full64_prebuilt,0,0.21859200298786163
case_016_real,humaneval,early,real_route_replay,1667,44,20,real,37.88636363636363,1,271,1.3240985594254273,down_full64_prebuilt,1,0.2062080055475235
case_016_real,humaneval,early,real_route_replay,1667,44,20,real,37.88636363636363,1,271,1.3240985594254273,down_full64_prebuilt,2,0.19846400618553162
case_016_real,humaneval,early,real_route_replay,1667,44,20,real,37.88636363636363,1,271,1.3240985594254273,down_full64_prebuilt,3,0.19811199605464935
case_016_real,humaneval,early,real_route_replay,1667,44,20,real,37.88636363636363,1,271,1.3240985594254273,down_full64_prebuilt,4,0.20236800611019135
case_016_real,humaneval,early,real_route_replay,1667,44,20,real,37.88636363636363,1,271,1.3240985594254273,down_full64_prebuilt,5,0.2033279985189438
case_016_real,humaneval,early,real_route_replay,1667,44,20,real,37.88636363636363,1,271,1.3240985594254273,down_full64_prebuilt,6,0.19699199497699738
case_016_real,humaneval,early,real_route_replay,1667,44,20,real,37.88636363636363,1,271,1.3240985594254273,down_full64_prebuilt,7,0.19519999623298645
case_016_real,humaneval,early,real_route_replay,1667,44,20,real,37.88636363636363,1,271,1.3240985594254273,down_full64_prebuilt,8,0.19711999595165253
case_016_real,humaneval,early,real_route_replay,1667,44,20,real,37.88636363636363,1,271,1.3240985594254273,down_full64_prebuilt,9,0.19568000733852386
case_016_real,humaneval,early,real_route_replay,1667,44,20,real,37.88636363636363,1,271,1.3240985594254273,down_full64_prebuilt,10,0.19846400618553162
case_016_real,humaneval,early,real_route_replay,1667,44,20,real,37.88636363636363,1,271,1.3240985594254273,down_full64_prebuilt,11,0.19222399592399597
case_016_real,humaneval,early,real_route_replay,1667,44,20,real,37.88636363636363,1,271,1.3240985594254273,down_full64_prebuilt,12,0.20134399831295013
case_016_real,humaneval,early,real_route_replay,1667,44,20,real,37.88636363636363,1,271,1.3240985594254273,down_full64_prebuilt,13,0.19120000302791595
case_016_real,humaneval,early,real_route_replay,1667,44,20,real,37.88636363636363,1,271,1.3240985594254273,down_full64_prebuilt,14,0.19910399615764618
case_016_real,humaneval,early,real_route_replay,1667,44,20,real,37.88636363636363,1,271,1.3240985594254273,down_full64_prebuilt,15,0.19094400107860565
case_016_real,humaneval,early,real_route_replay,1667,44,20,real,37.88636363636363,1,271,1.3240985594254273,down_full64_prebuilt,16,0.19062399864196777
case_016_real,humaneval,early,real_route_replay,1667,44,20,real,37.88636363636363,1,271,1.3240985594254273,down_full64_prebuilt,17,0.18822400271892548
case_016_real,humaneval,early,real_route_replay,1667,44,20,real,37.88636363636363,1,271,1.3240985594254273,down_full64_prebuilt,18,0.18988800048828125
case_016_real,humaneval,early,real_route_replay,1667,44,20,real,37.88636363636363,1,271,1.3240985594254273,down_full64_prebuilt,19,0.18799999356269836
case_016_real,humaneval,early,real_route_replay,1667,44,20,real,37.88636363636363,1,271,1.3240985594254273,down_full64_prebuilt,20,0.1865919977426529
case_016_real,humaneval,early,real_route_replay,1667,44,20,real,37.88636363636363,1,271,1.3240985594254273,down_full64_prebuilt,21,0.18652799725532532
case_016_real,humaneval,early,real_route_replay,1667,44,20,real,37.88636363636363,1,271,1.3240985594254273,down_full64_prebuilt,22,0.18991999328136444
case_016_real,humaneval,early,real_route_replay,1667,44,20,real,37.88636363636363,1,271,1.3240985594254273,down_full64_prebuilt,23,0.19020800292491913
case_016_real,humaneval,early,real_route_replay,1667,44,20,real,37.88636363636363,1,271,1.3240985594254273,down_full64_prebuilt,24,0.1868479996919632
case_016_real,humaneval,early,real_route_replay,1667,44,20,real,37.88636363636363,1,271,1.3240985594254273,down_full64_prebuilt,25,0.1913280040025711
case_016_real,humaneval,early,real_route_replay,1667,44,20,real,37.88636363636363,1,271,1.3240985594254273,down_full64_prebuilt,26,0.190528005361557
case_016_real,humaneval,early,real_route_replay,1667,44,20,real,37.88636363636363,1,271,1.3240985594254273,down_full64_prebuilt,27,0.18780800700187683
case_016_real,humaneval,early,real_route_replay,1667,44,20,real,37.88636363636363,1,271,1.3240985594254273,down_full64_prebuilt,28,0.18883199989795685
case_016_real,humaneval,early,real_route_replay,1667,44,20,real,37.88636363636363,1,271,1.3240985594254273,down_full64_prebuilt,29,0.18982400000095367
case_016_real,humaneval,early,real_route_replay,1667,44,20,real,37.88636363636363,1,271,1.3240985594254273,down_full64_prebuilt,30,0.18719999492168427
case_016_real,humaneval,early,real_route_replay,1667,44,20,real,37.88636363636363,1,271,1.3240985594254273,down_full64_prebuilt,31,0.1879359930753708
case_016_real,humaneval,early,real_route_replay,1667,44,20,real,37.88636363636363,1,271,1.3240985594254273,down_full64_prebuilt,32,0.19088000059127808
case_016_real,humaneval,early,real_route_replay,1667,44,20,real,37.88636363636363,1,271,1.3240985594254273,down_full64_prebuilt,33,0.1881919950246811
case_016_real,humaneval,early,real_route_replay,1667,44,20,real,37.88636363636363,1,271,1.3240985594254273,down_full64_prebuilt,34,0.1889919936656952
case_016_real,humaneval,early,real_route_replay,1667,44,20,real,37.88636363636363,1,271,1.3240985594254273,down_full64_prebuilt,35,0.18982400000095367
case_016_real,humaneval,early,real_route_replay,1667,44,20,real,37.88636363636363,1,271,1.3240985594254273,down_full64_prebuilt,36,0.19574399292469025
case_016_real,humaneval,early,real_route_replay,1667,44,20,real,37.88636363636363,1,271,1.3240985594254273,down_full64_prebuilt,37,0.2083200067281723
case_016_real,humaneval,early,real_route_replay,1667,44,20,real,37.88636363636363,1,271,1.3240985594254273,down_full64_prebuilt,38,0.19913600385189056
case_016_real,humaneval,early,real_route_replay,1667,44,20,real,37.88636363636363,1,271,1.3240985594254273,down_full64_prebuilt,39,0.19648000597953796
case_016_real,humaneval,early,real_route_replay,1667,44,20,real,37.88636363636363,1,271,1.3240985594254273,gate_up_active_prebuilt,0,0.3245759904384613
case_016_real,humaneval,early,real_route_replay,1667,44,20,real,37.88636363636363,1,271,1.3240985594254273,gate_up_active_prebuilt,1,0.3230400085449219
case_016_real,humaneval,early,real_route_replay,1667,44,20,real,37.88636363636363,1,271,1.3240985594254273,gate_up_active_prebuilt,2,0.31327998638153076
case_016_real,humaneval,early,real_route_replay,1667,44,20,real,37.88636363636363,1,271,1.3240985594254273,gate_up_active_prebuilt,3,0.3124159872531891
case_016_real,humaneval,early,real_route_replay,1667,44,20,real,37.88636363636363,1,271,1.3240985594254273,gate_up_active_prebuilt,4,0.3102079927921295
case_016_real,humaneval,early,real_route_replay,1667,44,20,real,37.88636363636363,1,271,1.3240985594254273,gate_up_active_prebuilt,5,0.31356799602508545
case_016_real,humaneval,early,real_route_replay,1667,44,20,real,37.88636363636363,1,271,1.3240985594254273,gate_up_active_prebuilt,6,0.3096640110015869
case_016_real,humaneval,early,real_route_replay,1667,44,20,real,37.88636363636363,1,271,1.3240985594254273,gate_up_active_prebuilt,7,0.31033599376678467
case_016_real,humaneval,early,real_route_replay,1667,44,20,real,37.88636363636363,1,271,1.3240985594254273,gate_up_active_prebuilt,8,0.31913599371910095
case_016_real,humaneval,early,real_route_replay,1667,44,20,real,37.88636363636363,1,271,1.3240985594254273,gate_up_active_prebuilt,9,0.3091840147972107
case_016_real,humaneval,early,real_route_replay,1667,44,20,real,37.88636363636363,1,271,1.3240985594254273,gate_up_active_prebuilt,10,0.31014400720596313
case_016_real,humaneval,early,real_route_replay,1667,44,20,real,37.88636363636363,1,271,1.3240985594254273,gate_up_active_prebuilt,11,0.31113600730895996
case_016_real,humaneval,early,real_route_replay,1667,44,20,real,37.88636363636363,1,271,1.3240985594254273,gate_up_active_prebuilt,12,0.312032014131546
case_016_real,humaneval,early,real_route_replay,1667,44,20,real,37.88636363636363,1,271,1.3240985594254273,gate_up_active_prebuilt,13,0.3089599907398224
case_016_real,humaneval,early,real_route_replay,1667,44,20,real,37.88636363636363,1,271,1.3240985594254273,gate_up_active_prebuilt,14,0.30847999453544617
case_016_real,humaneval,early,real_route_replay,1667,44,20,real,37.88636363636363,1,271,1.3240985594254273,gate_up_active_prebuilt,15,0.3073920011520386
case_016_real,humaneval,early,real_route_replay,1667,44,20,real,37.88636363636363,1,271,1.3240985594254273,gate_up_active_prebuilt,16,0.3093760013580322
case_016_real,humaneval,early,real_route_replay,1667,44,20,real,37.88636363636363,1,271,1.3240985594254273,gate_up_active_prebuilt,17,0.3067840039730072
case_016_real,humaneval,early,real_route_replay,1667,44,20,real,37.88636363636363,1,271,1.3240985594254273,gate_up_active_prebuilt,18,0.3078719973564148
case_016_real,humaneval,early,real_route_replay,1667,44,20,real,37.88636363636363,1,271,1.3240985594254273,gate_up_active_prebuilt,19,0.3083840012550354
case_016_real,humaneval,early,real_route_replay,1667,44,20,real,37.88636363636363,1,271,1.3240985594254273,gate_up_active_prebuilt,20,0.3072960078716278
case_016_real,humaneval,early,real_route_replay,1667,44,20,real,37.88636363636363,1,271,1.3240985594254273,gate_up_active_prebuilt,21,0.31033599376678467
case_016_real,humaneval,early,real_route_replay,1667,44,20,real,37.88636363636363,1,271,1.3240985594254273,gate_up_active_prebuilt,22,0.3064959943294525
case_016_real,humaneval,early,real_route_replay,1667,44,20,real,37.88636363636363,1,271,1.3240985594254273,gate_up_active_prebuilt,23,0.30771198868751526
case_016_real,humaneval,early,real_route_replay,1667,44,20,real,37.88636363636363,1,271,1.3240985594254273,gate_up_active_prebuilt,24,0.308351993560791
case_016_real,humaneval,early,real_route_replay,1667,44,20,real,37.88636363636363,1,271,1.3240985594254273,gate_up_active_prebuilt,25,0.3101760149002075
case_016_real,humaneval,early,real_route_replay,1667,44,20,real,37.88636363636363,1,271,1.3240985594254273,gate_up_active_prebuilt,26,0.31113600730895996
case_016_real,humaneval,early,real_route_replay,1667,44,20,real,37.88636363636363,1,271,1.3240985594254273,gate_up_active_prebuilt,27,0.31353598833084106
case_016_real,humaneval,early,real_route_replay,1667,44,20,real,37.88636363636363,1,271,1.3240985594254273,gate_up_active_prebuilt,28,0.3121280074119568
case_016_real,humaneval,early,real_route_replay,1667,44,20,real,37.88636363636363,1,271,1.3240985594254273,gate_up_active_prebuilt,29,0.3083840012550354
case_016_real,humaneval,early,real_route_replay,1667,44,20,real,37.88636363636363,1,271,1.3240985594254273,gate_up_active_prebuilt,30,0.3112320005893707
case_016_real,humaneval,early,real_route_replay,1667,44,20,real,37.88636363636363,1,271,1.3240985594254273,gate_up_active_prebuilt,31,0.30851200222969055
case_016_real,humaneval,early,real_route_replay,1667,44,20,real,37.88636363636363,1,271,1.3240985594254273,gate_up_active_prebuilt,32,0.3092480003833771
case_016_real,humaneval,early,real_route_replay,1667,44,20,real,37.88636363636363,1,271,1.3240985594254273,gate_up_active_prebuilt,33,0.3080959916114807
case_016_real,humaneval,early,real_route_replay,1667,44,20,real,37.88636363636363,1,271,1.3240985594254273,gate_up_active_prebuilt,34,0.31091201305389404
case_016_real,humaneval,early,real_route_replay,1667,44,20,real,37.88636363636363,1,271,1.3240985594254273,gate_up_active_prebuilt,35,0.3089280128479004
case_016_real,humaneval,early,real_route_replay,1667,44,20,real,37.88636363636363,1,271,1.3240985594254273,gate_up_active_prebuilt,36,0.30713599920272827
case_016_real,humaneval,early,real_route_replay,1667,44,20,real,37.88636363636363,1,271,1.3240985594254273,gate_up_active_prebuilt,37,0.3099839985370636
case_016_real,humaneval,early,real_route_replay,1667,44,20,real,37.88636363636363,1,271,1.3240985594254273,gate_up_active_prebuilt,38,0.3084479868412018
case_016_real,humaneval,early,real_route_replay,1667,44,20,real,37.88636363636363,1,271,1.3240985594254273,gate_up_active_prebuilt,39,0.3075200021266937
case_016_real,humaneval,early,real_route_replay,1667,44,20,real,37.88636363636363,1,271,1.3240985594254273,swiglu,0,0.035071998834609985
case_016_real,humaneval,early,real_route_replay,1667,44,20,real,37.88636363636363,1,271,1.3240985594254273,swiglu,1,0.025280000641942024
case_016_real,humaneval,early,real_route_replay,1667,44,20,real,37.88636363636363,1,271,1.3240985594254273,swiglu,2,0.023423999547958374
case_016_real,humaneval,early,real_route_replay,1667,44,20,real,37.88636363636363,1,271,1.3240985594254273,swiglu,3,0.022175999358296394
case_016_real,humaneval,early,real_route_replay,1667,44,20,real,37.88636363636363,1,271,1.3240985594254273,swiglu,4,0.02236800082027912
case_016_real,humaneval,early,real_route_replay,1667,44,20,real,37.88636363636363,1,271,1.3240985594254273,swiglu,5,0.021856000646948814
case_016_real,humaneval,early,real_route_replay,1667,44,20,real,37.88636363636363,1,271,1.3240985594254273,swiglu,6,0.02179200015962124
case_016_real,humaneval,early,real_route_replay,1667,44,20,real,37.88636363636363,1,271,1.3240985594254273,swiglu,7,0.021663999184966087
case_016_real,humaneval,early,real_route_replay,1667,44,20,real,37.88636363636363,1,271,1.3240985594254273,swiglu,8,0.02707199938595295
case_016_real,humaneval,early,real_route_replay,1667,44,20,real,37.88636363636363,1,271,1.3240985594254273,swiglu,9,0.02252800017595291
case_016_real,humaneval,early,real_route_replay,1667,44,20,real,37.88636363636363,1,271,1.3240985594254273,swiglu,10,0.02396799996495247
case_016_real,humaneval,early,real_route_replay,1667,44,20,real,37.88636363636363,1,271,1.3240985594254273,swiglu,11,0.02393599972128868
case_016_real,humaneval,early,real_route_replay,1667,44,20,real,37.88636363636363,1,271,1.3240985594254273,swiglu,12,0.024383999407291412
case_016_real,humaneval,early,real_route_replay,1667,44,20,real,37.88636363636363,1,271,1.3240985594254273,swiglu,13,0.024447999894618988
case_016_real,humaneval,early,real_route_replay,1667,44,20,real,37.88636363636363,1,271,1.3240985594254273,swiglu,14,0.02396799996495247
case_016_real,humaneval,early,real_route_replay,1667,44,20,real,37.88636363636363,1,271,1.3240985594254273,swiglu,15,0.024000000208616257
case_016_real,humaneval,early,real_route_replay,1667,44,20,real,37.88636363636363,1,271,1.3240985594254273,swiglu,16,0.022175999358296394
case_016_real,humaneval,early,real_route_replay,1667,44,20,real,37.88636363636363,1,271,1.3240985594254273,swiglu,17,0.022431999444961548
case_016_real,humaneval,early,real_route_replay,1667,44,20,real,37.88636363636363,1,271,1.3240985594254273,swiglu,18,0.03244800120592117
case_016_real,humaneval,early,real_route_replay,1667,44,20,real,37.88636363636363,1,271,1.3240985594254273,swiglu,19,0.026496000587940216
case_016_real,humaneval,early,real_route_replay,1667,44,20,real,37.88636363636363,1,271,1.3240985594254273,swiglu,20,0.02271999977529049
case_016_real,humaneval,early,real_route_replay,1667,44,20,real,37.88636363636363,1,271,1.3240985594254273,swiglu,21,0.021856000646948814
case_016_real,humaneval,early,real_route_replay,1667,44,20,real,37.88636363636363,1,271,1.3240985594254273,swiglu,22,0.021023999899625778
case_016_real,humaneval,early,real_route_replay,1667,44,20,real,37.88636363636363,1,271,1.3240985594254273,swiglu,23,0.02208000048995018
case_016_real,humaneval,early,real_route_replay,1667,44,20,real,37.88636363636363,1,271,1.3240985594254273,swiglu,24,0.021888000890612602
case_016_real,humaneval,early,real_route_replay,1667,44,20,real,37.88636363636363,1,271,1.3240985594254273,swiglu,25,0.022207999601960182
case_016_real,humaneval,early,real_route_replay,1667,44,20,real,37.88636363636363,1,271,1.3240985594254273,swiglu,26,0.030271999537944794
case_016_real,humaneval,early,real_route_replay,1667,44,20,real,37.88636363636363,1,271,1.3240985594254273,swiglu,27,0.02195199951529503
case_016_real,humaneval,early,real_route_replay,1667,44,20,real,37.88636363636363,1,271,1.3240985594254273,swiglu,28,0.021088000386953354
case_016_real,humaneval,early,real_route_replay,1667,44,20,real,37.88636363636363,1,271,1.3240985594254273,swiglu,29,0.022175999358296394
case_016_real,humaneval,early,real_route_replay,1667,44,20,real,37.88636363636363,1,271,1.3240985594254273,swiglu,30,0.02163200080394745
case_016_real,humaneval,early,real_route_replay,1667,44,20,real,37.88636363636363,1,271,1.3240985594254273,swiglu,31,0.025439999997615814
case_016_real,humaneval,early,real_route_replay,1667,44,20,real,37.88636363636363,1,271,1.3240985594254273,swiglu,32,0.02175999991595745
case_016_real,humaneval,early,real_route_replay,1667,44,20,real,37.88636363636363,1,271,1.3240985594254273,swiglu,33,0.021888000890612602
case_016_real,humaneval,early,real_route_replay,1667,44,20,real,37.88636363636363,1,271,1.3240985594254273,swiglu,34,0.02131200022995472
case_016_real,humaneval,early,real_route_replay,1667,44,20,real,37.88636363636363,1,271,1.3240985594254273,swiglu,35,0.021856000646948814
case_016_real,humaneval,early,real_route_replay,1667,44,20,real,37.88636363636363,1,271,1.3240985594254273,swiglu,36,0.022336000576615334
case_016_real,humaneval,early,real_route_replay,1667,44,20,real,37.88636363636363,1,271,1.3240985594254273,swiglu,37,0.02300800010561943
case_016_real,humaneval,early,real_route_replay,1667,44,20,real,37.88636363636363,1,271,1.3240985594254273,swiglu,38,0.021568000316619873
case_016_real,humaneval,early,real_route_replay,1667,44,20,real,37.88636363636363,1,271,1.3240985594254273,swiglu,39,0.02179200015962124
case_016_real,humaneval,early,real_route_replay,1667,44,20,real,37.88636363636363,1,271,1.3240985594254273,gate_up_full64_prebuilt,0,0.31782400608062744
case_016_real,humaneval,early,real_route_replay,1667,44,20,real,37.88636363636363,1,271,1.3240985594254273,gate_up_full64_prebuilt,1,0.3131519854068756
case_016_real,humaneval,early,real_route_replay,1667,44,20,real,37.88636363636363,1,271,1.3240985594254273,gate_up_full64_prebuilt,2,0.30745598673820496
case_016_real,humaneval,early,real_route_replay,1667,44,20,real,37.88636363636363,1,271,1.3240985594254273,gate_up_full64_prebuilt,3,0.3116160035133362
case_016_real,humaneval,early,real_route_replay,1667,44,20,real,37.88636363636363,1,271,1.3240985594254273,gate_up_full64_prebuilt,4,0.3108479976654053
case_016_real,humaneval,early,real_route_replay,1667,44,20,real,37.88636363636363,1,271,1.3240985594254273,gate_up_full64_prebuilt,5,0.30873599648475647
case_016_real,humaneval,early,real_route_replay,1667,44,20,real,37.88636363636363,1,271,1.3240985594254273,gate_up_full64_prebuilt,6,0.3216319978237152
case_016_real,humaneval,early,real_route_replay,1667,44,20,real,37.88636363636363,1,271,1.3240985594254273,gate_up_full64_prebuilt,7,0.3089919984340668
case_016_real,humaneval,early,real_route_replay,1667,44,20,real,37.88636363636363,1,271,1.3240985594254273,gate_up_full64_prebuilt,8,0.309471994638443
case_016_real,humaneval,early,real_route_replay,1667,44,20,real,37.88636363636363,1,271,1.3240985594254273,gate_up_full64_prebuilt,9,0.3146879971027374
case_016_real,humaneval,early,real_route_replay,1667,44,20,real,37.88636363636363,1,271,1.3240985594254273,gate_up_full64_prebuilt,10,0.31068798899650574
case_016_real,humaneval,early,real_route_replay,1667,44,20,real,37.88636363636363,1,271,1.3240985594254273,gate_up_full64_prebuilt,11,0.3125759959220886
case_016_real,humaneval,early,real_route_replay,1667,44,20,real,37.88636363636363,1,271,1.3240985594254273,gate_up_full64_prebuilt,12,0.31494399905204773
case_016_real,humaneval,early,real_route_replay,1667,44,20,real,37.88636363636363,1,271,1.3240985594254273,gate_up_full64_prebuilt,13,0.31916800141334534
case_016_real,humaneval,early,real_route_replay,1667,44,20,real,37.88636363636363,1,271,1.3240985594254273,gate_up_full64_prebuilt,14,0.3170880079269409
case_016_real,humaneval,early,real_route_replay,1667,44,20,real,37.88636363636363,1,271,1.3240985594254273,gate_up_full64_prebuilt,15,0.32150399684906006
case_016_real,humaneval,early,real_route_replay,1667,44,20,real,37.88636363636363,1,271,1.3240985594254273,gate_up_full64_prebuilt,16,0.3203839957714081
case_016_real,humaneval,early,real_route_replay,1667,44,20,real,37.88636363636363,1,271,1.3240985594254273,gate_up_full64_prebuilt,17,0.31462401151657104
case_016_real,humaneval,early,real_route_replay,1667,44,20,real,37.88636363636363,1,271,1.3240985594254273,gate_up_full64_prebuilt,18,0.31593599915504456
case_016_real,humaneval,early,real_route_replay,1667,44,20,real,37.88636363636363,1,271,1.3240985594254273,gate_up_full64_prebuilt,19,0.3203200101852417
case_016_real,humaneval,early,real_route_replay,1667,44,20,real,37.88636363636363,1,271,1.3240985594254273,gate_up_full64_prebuilt,20,0.3200640082359314
case_016_real,humaneval,early,real_route_replay,1667,44,20,real,37.88636363636363,1,271,1.3240985594254273,gate_up_full64_prebuilt,21,0.317440003156662
case_016_real,humaneval,early,real_route_replay,1667,44,20,real,37.88636363636363,1,271,1.3240985594254273,gate_up_full64_prebuilt,22,0.31571200489997864
case_016_real,humaneval,early,real_route_replay,1667,44,20,real,37.88636363636363,1,271,1.3240985594254273,gate_up_full64_prebuilt,23,0.32444798946380615
case_016_real,humaneval,early,real_route_replay,1667,44,20,real,37.88636363636363,1,271,1.3240985594254273,gate_up_full64_prebuilt,24,0.3246400058269501
case_016_real,humaneval,early,real_route_replay,1667,44,20,real,37.88636363636363,1,271,1.3240985594254273,gate_up_full64_prebuilt,25,0.3262079954147339
case_016_real,humaneval,early,real_route_replay,1667,44,20,real,37.88636363636363,1,271,1.3240985594254273,gate_up_full64_prebuilt,26,0.3178560137748718
case_016_real,humaneval,early,real_route_replay,1667,44,20,real,37.88636363636363,1,271,1.3240985594254273,gate_up_full64_prebuilt,27,0.3166719973087311
case_016_real,humaneval,early,real_route_replay,1667,44,20,real,37.88636363636363,1,271,1.3240985594254273,gate_up_full64_prebuilt,28,0.31510400772094727
case_016_real,humaneval,early,real_route_replay,1667,44,20,real,37.88636363636363,1,271,1.3240985594254273,gate_up_full64_prebuilt,29,0.3187200129032135
case_016_real,humaneval,early,real_route_replay,1667,44,20,real,37.88636363636363,1,271,1.3240985594254273,gate_up_full64_prebuilt,30,0.30931198596954346
case_016_real,humaneval,early,real_route_replay,1667,44,20,real,37.88636363636363,1,271,1.3240985594254273,gate_up_full64_prebuilt,31,0.3092480003833771
case_016_real,humaneval,early,real_route_replay,1667,44,20,real,37.88636363636363,1,271,1.3240985594254273,gate_up_full64_prebuilt,32,0.3107199966907501
case_016_real,humaneval,early,real_route_replay,1667,44,20,real,37.88636363636363,1,271,1.3240985594254273,gate_up_full64_prebuilt,33,0.30908799171447754
case_016_real,humaneval,early,real_route_replay,1667,44,20,real,37.88636363636363,1,271,1.3240985594254273,gate_up_full64_prebuilt,34,0.3120959997177124
case_016_real,humaneval,early,real_route_replay,1667,44,20,real,37.88636363636363,1,271,1.3240985594254273,gate_up_full64_prebuilt,35,0.30988800525665283
case_016_real,humaneval,early,real_route_replay,1667,44,20,real,37.88636363636363,1,271,1.3240985594254273,gate_up_full64_prebuilt,36,0.3107840120792389
case_016_real,humaneval,early,real_route_replay,1667,44,20,real,37.88636363636363,1,271,1.3240985594254273,gate_up_full64_prebuilt,37,0.312608003616333
case_016_real,humaneval,early,real_route_replay,1667,44,20,real,37.88636363636363,1,271,1.3240985594254273,gate_up_full64_prebuilt,38,0.3118079900741577
case_016_real,humaneval,early,real_route_replay,1667,44,20,real,37.88636363636363,1,271,1.3240985594254273,gate_up_full64_prebuilt,39,0.3093760013580322
case_021_real,humaneval,late,real_route_replay,3,3,61,real,1.0,1,1,0.0,down_active_prebuilt,0,0.04608000069856644
case_021_real,humaneval,late,real_route_replay,3,3,61,real,1.0,1,1,0.0,down_active_prebuilt,1,0.04153599962592125
case_021_real,humaneval,late,real_route_replay,3,3,61,real,1.0,1,1,0.0,down_active_prebuilt,2,0.04227200150489807
case_021_real,humaneval,late,real_route_replay,3,3,61,real,1.0,1,1,0.0,down_active_prebuilt,3,0.03798399865627289
case_021_real,humaneval,late,real_route_replay,3,3,61,real,1.0,1,1,0.0,down_active_prebuilt,4,0.035392001271247864
case_021_real,humaneval,late,real_route_replay,3,3,61,real,1.0,1,1,0.0,down_active_prebuilt,5,0.03478400036692619
case_021_real,humaneval,late,real_route_replay,3,3,61,real,1.0,1,1,0.0,down_active_prebuilt,6,0.03500799834728241
case_021_real,humaneval,late,real_route_replay,3,3,61,real,1.0,1,1,0.0,down_active_prebuilt,7,0.03731200098991394
case_021_real,humaneval,late,real_route_replay,3,3,61,real,1.0,1,1,0.0,down_active_prebuilt,8,0.03763199970126152
case_021_real,humaneval,late,real_route_replay,3,3,61,real,1.0,1,1,0.0,down_active_prebuilt,9,0.037248000502586365
case_021_real,humaneval,late,real_route_replay,3,3,61,real,1.0,1,1,0.0,down_active_prebuilt,10,0.03680000081658363
case_021_real,humaneval,late,real_route_replay,3,3,61,real,1.0,1,1,0.0,down_active_prebuilt,11,0.03830400109291077
case_021_real,humaneval,late,real_route_replay,3,3,61,real,1.0,1,1,0.0,down_active_prebuilt,12,0.03920000046491623
case_021_real,humaneval,late,real_route_replay,3,3,61,real,1.0,1,1,0.0,down_active_prebuilt,13,0.037376001477241516
case_021_real,humaneval,late,real_route_replay,3,3,61,real,1.0,1,1,0.0,down_active_prebuilt,14,0.03830400109291077
case_021_real,humaneval,late,real_route_replay,3,3,61,real,1.0,1,1,0.0,down_active_prebuilt,15,0.03731200098991394
case_021_real,humaneval,late,real_route_replay,3,3,61,real,1.0,1,1,0.0,down_active_prebuilt,16,0.03392000123858452
case_021_real,humaneval,late,real_route_replay,3,3,61,real,1.0,1,1,0.0,down_active_prebuilt,17,0.034272000193595886
case_021_real,humaneval,late,real_route_replay,3,3,61,real,1.0,1,1,0.0,down_active_prebuilt,18,0.03392000123858452
case_021_real,humaneval,late,real_route_replay,3,3,61,real,1.0,1,1,0.0,down_active_prebuilt,19,0.038015998899936676
case_021_real,humaneval,late,real_route_replay,3,3,61,real,1.0,1,1,0.0,down_active_prebuilt,20,0.03807999938726425
case_021_real,humaneval,late,real_route_replay,3,3,61,real,1.0,1,1,0.0,down_active_prebuilt,21,0.04681599885225296
case_021_real,humaneval,late,real_route_replay,3,3,61,real,1.0,1,1,0.0,down_active_prebuilt,22,0.03846399858593941
case_021_real,humaneval,late,real_route_replay,3,3,61,real,1.0,1,1,0.0,down_active_prebuilt,23,0.03705599904060364
case_021_real,humaneval,late,real_route_replay,3,3,61,real,1.0,1,1,0.0,down_active_prebuilt,24,0.04224000126123428
case_021_real,humaneval,late,real_route_replay,3,3,61,real,1.0,1,1,0.0,down_active_prebuilt,25,0.03510399907827377
case_021_real,humaneval,late,real_route_replay,3,3,61,real,1.0,1,1,0.0,down_active_prebuilt,26,0.03407999873161316
case_021_real,humaneval,late,real_route_replay,3,3,61,real,1.0,1,1,0.0,down_active_prebuilt,27,0.034015998244285583
case_021_real,humaneval,late,real_route_replay,3,3,61,real,1.0,1,1,0.0,down_active_prebuilt,28,0.03478400036692619
case_021_real,humaneval,late,real_route_replay,3,3,61,real,1.0,1,1,0.0,down_active_prebuilt,29,0.03481600061058998
case_021_real,humaneval,late,real_route_replay,3,3,61,real,1.0,1,1,0.0,down_active_prebuilt,30,0.040991999208927155
case_021_real,humaneval,late,real_route_replay,3,3,61,real,1.0,1,1,0.0,down_active_prebuilt,31,0.04399999976158142
case_021_real,humaneval,late,real_route_replay,3,3,61,real,1.0,1,1,0.0,down_active_prebuilt,32,0.04259200021624565
case_021_real,humaneval,late,real_route_replay,3,3,61,real,1.0,1,1,0.0,down_active_prebuilt,33,0.04355200007557869
case_021_real,humaneval,late,real_route_replay,3,3,61,real,1.0,1,1,0.0,down_active_prebuilt,34,0.04492799937725067
case_021_real,humaneval,late,real_route_replay,3,3,61,real,1.0,1,1,0.0,down_active_prebuilt,35,0.04438399896025658
case_021_real,humaneval,late,real_route_replay,3,3,61,real,1.0,1,1,0.0,down_active_prebuilt,36,0.04281599819660187
case_021_real,humaneval,late,real_route_replay,3,3,61,real,1.0,1,1,0.0,down_active_prebuilt,37,0.04009599983692169
case_021_real,humaneval,late,real_route_replay,3,3,61,real,1.0,1,1,0.0,down_active_prebuilt,38,0.05004800111055374
case_021_real,humaneval,late,real_route_replay,3,3,61,real,1.0,1,1,0.0,down_active_prebuilt,39,0.04179200157523155
case_021_real,humaneval,late,real_route_replay,3,3,61,real,1.0,1,1,0.0,gate_up_full64_prebuilt,0,0.0424639992415905
case_021_real,humaneval,late,real_route_replay,3,3,61,real,1.0,1,1,0.0,gate_up_full64_prebuilt,1,0.04156799986958504
case_021_real,humaneval,late,real_route_replay,3,3,61,real,1.0,1,1,0.0,gate_up_full64_prebuilt,2,0.04131200164556503
case_021_real,humaneval,late,real_route_replay,3,3,61,real,1.0,1,1,0.0,gate_up_full64_prebuilt,3,0.0435199998319149
case_021_real,humaneval,late,real_route_replay,3,3,61,real,1.0,1,1,0.0,gate_up_full64_prebuilt,4,0.044415999203920364
case_021_real,humaneval,late,real_route_replay,3,3,61,real,1.0,1,1,0.0,gate_up_full64_prebuilt,5,0.04464000090956688
case_021_real,humaneval,late,real_route_replay,3,3,61,real,1.0,1,1,0.0,gate_up_full64_prebuilt,6,0.04495999962091446
case_021_real,humaneval,late,real_route_replay,3,3,61,real,1.0,1,1,0.0,gate_up_full64_prebuilt,7,0.0435199998319149
case_021_real,humaneval,late,real_route_replay,3,3,61,real,1.0,1,1,0.0,gate_up_full64_prebuilt,8,0.04396799951791763
case_021_real,humaneval,late,real_route_replay,3,3,61,real,1.0,1,1,0.0,gate_up_full64_prebuilt,9,0.04499199986457825
case_021_real,humaneval,late,real_route_replay,3,3,61,real,1.0,1,1,0.0,gate_up_full64_prebuilt,10,0.04374400153756142
case_021_real,humaneval,late,real_route_replay,3,3,61,real,1.0,1,1,0.0,gate_up_full64_prebuilt,11,0.04428799822926521
case_021_real,humaneval,late,real_route_replay,3,3,61,real,1.0,1,1,0.0,gate_up_full64_prebuilt,12,0.04105599969625473
case_021_real,humaneval,late,real_route_replay,3,3,61,real,1.0,1,1,0.0,gate_up_full64_prebuilt,13,0.04169600084424019
case_021_real,humaneval,late,real_route_replay,3,3,61,real,1.0,1,1,0.0,gate_up_full64_prebuilt,14,0.041600000113248825
case_021_real,humaneval,late,real_route_replay,3,3,61,real,1.0,1,1,0.0,gate_up_full64_prebuilt,15,0.04438399896025658
case_021_real,humaneval,late,real_route_replay,3,3,61,real,1.0,1,1,0.0,gate_up_full64_prebuilt,16,0.04428799822926521
case_021_real,humaneval,late,real_route_replay,3,3,61,real,1.0,1,1,0.0,gate_up_full64_prebuilt,17,0.04569600149989128
case_021_real,humaneval,late,real_route_replay,3,3,61,real,1.0,1,1,0.0,gate_up_full64_prebuilt,18,0.044064000248909
case_021_real,humaneval,late,real_route_replay,3,3,61,real,1.0,1,1,0.0,gate_up_full64_prebuilt,19,0.0451200008392334
case_021_real,humaneval,late,real_route_replay,3,3,61,real,1.0,1,1,0.0,gate_up_full64_prebuilt,20,0.042847998440265656
case_021_real,humaneval,late,real_route_replay,3,3,61,real,1.0,1,1,0.0,gate_up_full64_prebuilt,21,0.04438399896025658
case_021_real,humaneval,late,real_route_replay,3,3,61,real,1.0,1,1,0.0,gate_up_full64_prebuilt,22,0.043616000562906265
case_021_real,humaneval,late,real_route_replay,3,3,61,real,1.0,1,1,0.0,gate_up_full64_prebuilt,23,0.04307200014591217
case_021_real,humaneval,late,real_route_replay,3,3,61,real,1.0,1,1,0.0,gate_up_full64_prebuilt,24,0.04073600098490715
case_021_real,humaneval,late,real_route_replay,3,3,61,real,1.0,1,1,0.0,gate_up_full64_prebuilt,25,0.04047999903559685
case_021_real,humaneval,late,real_route_replay,3,3,61,real,1.0,1,1,0.0,gate_up_full64_prebuilt,26,0.04307200014591217
case_021_real,humaneval,late,real_route_replay,3,3,61,real,1.0,1,1,0.0,gate_up_full64_prebuilt,27,0.04275200143456459
case_021_real,humaneval,late,real_route_replay,3,3,61,real,1.0,1,1,0.0,gate_up_full64_prebuilt,28,0.047775998711586
case_021_real,humaneval,late,real_route_replay,3,3,61,real,1.0,1,1,0.0,gate_up_full64_prebuilt,29,0.04294399917125702
case_021_real,humaneval,late,real_route_replay,3,3,61,real,1.0,1,1,0.0,gate_up_full64_prebuilt,30,0.04121600091457367
case_021_real,humaneval,late,real_route_replay,3,3,61,real,1.0,1,1,0.0,gate_up_full64_prebuilt,31,0.04134399816393852
case_021_real,humaneval,late,real_route_replay,3,3,61,real,1.0,1,1,0.0,gate_up_full64_prebuilt,32,0.042847998440265656
case_021_real,humaneval,late,real_route_replay,3,3,61,real,1.0,1,1,0.0,gate_up_full64_prebuilt,33,0.05116799846291542
case_021_real,humaneval,late,real_route_replay,3,3,61,real,1.0,1,1,0.0,gate_up_full64_prebuilt,34,0.05331199988722801
case_021_real,humaneval,late,real_route_replay,3,3,61,real,1.0,1,1,0.0,gate_up_full64_prebuilt,35,0.050655998289585114
case_021_real,humaneval,late,real_route_replay,3,3,61,real,1.0,1,1,0.0,gate_up_full64_prebuilt,36,0.04931199923157692
case_021_real,humaneval,late,real_route_replay,3,3,61,real,1.0,1,1,0.0,gate_up_full64_prebuilt,37,0.049855999648571014
case_021_real,humaneval,late,real_route_replay,3,3,61,real,1.0,1,1,0.0,gate_up_full64_prebuilt,38,0.04912000149488449
case_021_real,humaneval,late,real_route_replay,3,3,61,real,1.0,1,1,0.0,gate_up_full64_prebuilt,39,0.04992000013589859
case_021_real,humaneval,late,real_route_replay,3,3,61,real,1.0,1,1,0.0,swiglu,0,0.07340800017118454
case_021_real,humaneval,late,real_route_replay,3,3,61,real,1.0,1,1,0.0,swiglu,1,0.0427200011909008
case_021_real,humaneval,late,real_route_replay,3,3,61,real,1.0,1,1,0.0,swiglu,2,0.03564799949526787
case_021_real,humaneval,late,real_route_replay,3,3,61,real,1.0,1,1,0.0,swiglu,3,0.03680000081658363
case_021_real,humaneval,late,real_route_replay,3,3,61,real,1.0,1,1,0.0,swiglu,4,0.04179200157523155
case_021_real,humaneval,late,real_route_replay,3,3,61,real,1.0,1,1,0.0,swiglu,5,0.040063999593257904
case_021_real,humaneval,late,real_route_replay,3,3,61,real,1.0,1,1,0.0,swiglu,6,0.03776000067591667
case_021_real,humaneval,late,real_route_replay,3,3,61,real,1.0,1,1,0.0,swiglu,7,0.035551998764276505
case_021_real,humaneval,late,real_route_replay,3,3,61,real,1.0,1,1,0.0,swiglu,8,0.038975998759269714
case_021_real,humaneval,late,real_route_replay,3,3,61,real,1.0,1,1,0.0,swiglu,9,0.03638400137424469
case_021_real,humaneval,late,real_route_replay,3,3,61,real,1.0,1,1,0.0,swiglu,10,0.03830400109291077
case_021_real,humaneval,late,real_route_replay,3,3,61,real,1.0,1,1,0.0,swiglu,11,0.05411199852824211
case_021_real,humaneval,late,real_route_replay,3,3,61,real,1.0,1,1,0.0,swiglu,12,0.03545600175857544
case_021_real,humaneval,late,real_route_replay,3,3,61,real,1.0,1,1,0.0,swiglu,13,0.033440001308918
case_021_real,humaneval,late,real_route_replay,3,3,61,real,1.0,1,1,0.0,swiglu,14,0.032735999673604965
case_021_real,humaneval,late,real_route_replay,3,3,61,real,1.0,1,1,0.0,swiglu,15,0.033952001482248306
case_021_real,humaneval,late,real_route_replay,3,3,61,real,1.0,1,1,0.0,swiglu,16,0.035999998450279236
case_021_real,humaneval,late,real_route_replay,3,3,61,real,1.0,1,1,0.0,swiglu,17,0.037087999284267426
case_021_real,humaneval,late,real_route_replay,3,3,61,real,1.0,1,1,0.0,swiglu,18,0.05305600166320801
case_021_real,humaneval,late,real_route_replay,3,3,61,real,1.0,1,1,0.0,swiglu,19,0.028863999992609024
case_021_real,humaneval,late,real_route_replay,3,3,61,real,1.0,1,1,0.0,swiglu,20,0.03776000067591667
case_021_real,humaneval,late,real_route_replay,3,3,61,real,1.0,1,1,0.0,swiglu,21,0.03891199827194214
case_021_real,humaneval,late,real_route_replay,3,3,61,real,1.0,1,1,0.0,swiglu,22,0.03923200070858002
case_021_real,humaneval,late,real_route_replay,3,3,61,real,1.0,1,1,0.0,swiglu,23,0.02723200060427189
case_021_real,humaneval,late,real_route_replay,3,3,61,real,1.0,1,1,0.0,swiglu,24,0.02518399991095066
case_021_real,humaneval,late,real_route_replay,3,3,61,real,1.0,1,1,0.0,swiglu,25,0.028351999819278717
case_021_real,humaneval,late,real_route_replay,3,3,61,real,1.0,1,1,0.0,swiglu,26,0.02236800082027912
case_021_real,humaneval,late,real_route_replay,3,3,61,real,1.0,1,1,0.0,swiglu,27,0.02223999984562397
case_021_real,humaneval,late,real_route_replay,3,3,61,real,1.0,1,1,0.0,swiglu,28,0.027615999802947044
case_021_real,humaneval,late,real_route_replay,3,3,61,real,1.0,1,1,0.0,swiglu,29,0.02163200080394745
case_021_real,humaneval,late,real_route_replay,3,3,61,real,1.0,1,1,0.0,swiglu,30,0.021536000072956085
case_021_real,humaneval,late,real_route_replay,3,3,61,real,1.0,1,1,0.0,swiglu,31,0.021376000717282295
case_021_real,humaneval,late,real_route_replay,3,3,61,real,1.0,1,1,0.0,swiglu,32,0.021663999184966087
case_021_real,humaneval,late,real_route_replay,3,3,61,real,1.0,1,1,0.0,swiglu,33,0.022175999358296394
case_021_real,humaneval,late,real_route_replay,3,3,61,real,1.0,1,1,0.0,swiglu,34,0.02099199965596199
case_021_real,humaneval,late,real_route_replay,3,3,61,real,1.0,1,1,0.0,swiglu,35,0.0244159996509552
case_021_real,humaneval,late,real_route_replay,3,3,61,real,1.0,1,1,0.0,swiglu,36,0.02473600022494793
case_021_real,humaneval,late,real_route_replay,3,3,61,real,1.0,1,1,0.0,swiglu,37,0.023840000852942467
case_021_real,humaneval,late,real_route_replay,3,3,61,real,1.0,1,1,0.0,swiglu,38,0.02271999977529049
case_021_real,humaneval,late,real_route_replay,3,3,61,real,1.0,1,1,0.0,swiglu,39,0.020800000056624413
case_021_real,humaneval,late,real_route_replay,3,3,61,real,1.0,1,1,0.0,down_full64_prebuilt,0,0.049695998430252075
case_021_real,humaneval,late,real_route_replay,3,3,61,real,1.0,1,1,0.0,down_full64_prebuilt,1,0.035360001027584076
case_021_real,humaneval,late,real_route_replay,3,3,61,real,1.0,1,1,0.0,down_full64_prebuilt,2,0.03580800071358681
case_021_real,humaneval,late,real_route_replay,3,3,61,real,1.0,1,1,0.0,down_full64_prebuilt,3,0.03564799949526787
case_021_real,humaneval,late,real_route_replay,3,3,61,real,1.0,1,1,0.0,down_full64_prebuilt,4,0.03638400137424469
case_021_real,humaneval,late,real_route_replay,3,3,61,real,1.0,1,1,0.0,down_full64_prebuilt,5,0.03728000074625015
case_021_real,humaneval,late,real_route_replay,3,3,61,real,1.0,1,1,0.0,down_full64_prebuilt,6,0.037376001477241516
case_021_real,humaneval,late,real_route_replay,3,3,61,real,1.0,1,1,0.0,down_full64_prebuilt,7,0.03747199848294258
case_021_real,humaneval,late,real_route_replay,3,3,61,real,1.0,1,1,0.0,down_full64_prebuilt,8,0.0379519984126091
case_021_real,humaneval,late,real_route_replay,3,3,61,real,1.0,1,1,0.0,down_full64_prebuilt,9,0.04134399816393852
case_021_real,humaneval,late,real_route_replay,3,3,61,real,1.0,1,1,0.0,down_full64_prebuilt,10,0.036928001791238785
case_021_real,humaneval,late,real_route_replay,3,3,61,real,1.0,1,1,0.0,down_full64_prebuilt,11,0.03843199834227562
case_021_real,humaneval,late,real_route_replay,3,3,61,real,1.0,1,1,0.0,down_full64_prebuilt,12,0.03718400001525879
case_021_real,humaneval,late,real_route_replay,3,3,61,real,1.0,1,1,0.0,down_full64_prebuilt,13,0.0363520011305809
case_021_real,humaneval,late,real_route_replay,3,3,61,real,1.0,1,1,0.0,down_full64_prebuilt,14,0.035392001271247864
case_021_real,humaneval,late,real_route_replay,3,3,61,real,1.0,1,1,0.0,down_full64_prebuilt,15,0.03500799834728241
case_021_real,humaneval,late,real_route_replay,3,3,61,real,1.0,1,1,0.0,down_full64_prebuilt,16,0.0344959981739521
case_021_real,humaneval,late,real_route_replay,3,3,61,real,1.0,1,1,0.0,down_full64_prebuilt,17,0.035551998764276505
case_021_real,humaneval,late,real_route_replay,3,3,61,real,1.0,1,1,0.0,down_full64_prebuilt,18,0.048287998884916306
case_021_real,humaneval,late,real_route_replay,3,3,61,real,1.0,1,1,0.0,down_full64_prebuilt,19,0.035840000957250595
case_021_real,humaneval,late,real_route_replay,3,3,61,real,1.0,1,1,0.0,down_full64_prebuilt,20,0.03548799827694893
case_021_real,humaneval,late,real_route_replay,3,3,61,real,1.0,1,1,0.0,down_full64_prebuilt,21,0.03606399893760681
case_021_real,humaneval,late,real_route_replay,3,3,61,real,1.0,1,1,0.0,down_full64_prebuilt,22,0.03516799956560135
case_021_real,humaneval,late,real_route_replay,3,3,61,real,1.0,1,1,0.0,down_full64_prebuilt,23,0.03481600061058998
case_021_real,humaneval,late,real_route_replay,3,3,61,real,1.0,1,1,0.0,down_full64_prebuilt,24,0.033984001725912094
case_021_real,humaneval,late,real_route_replay,3,3,61,real,1.0,1,1,0.0,down_full64_prebuilt,25,0.03686400130391121
case_021_real,humaneval,late,real_route_replay,3,3,61,real,1.0,1,1,0.0,down_full64_prebuilt,26,0.03759999945759773
case_021_real,humaneval,late,real_route_replay,3,3,61,real,1.0,1,1,0.0,down_full64_prebuilt,27,0.037856001406908035
case_021_real,humaneval,late,real_route_replay,3,3,61,real,1.0,1,1,0.0,down_full64_prebuilt,28,0.0360959991812706
case_021_real,humaneval,late,real_route_replay,3,3,61,real,1.0,1,1,0.0,down_full64_prebuilt,29,0.03622400015592575
case_021_real,humaneval,late,real_route_replay,3,3,61,real,1.0,1,1,0.0,down_full64_prebuilt,30,0.035392001271247864
case_021_real,humaneval,late,real_route_replay,3,3,61,real,1.0,1,1,0.0,down_full64_prebuilt,31,0.035711999982595444
case_021_real,humaneval,late,real_route_replay,3,3,61,real,1.0,1,1,0.0,down_full64_prebuilt,32,0.03580800071358681
case_021_real,humaneval,late,real_route_replay,3,3,61,real,1.0,1,1,0.0,down_full64_prebuilt,33,0.03548799827694893
case_021_real,humaneval,late,real_route_replay,3,3,61,real,1.0,1,1,0.0,down_full64_prebuilt,34,0.03561599925160408
case_021_real,humaneval,late,real_route_replay,3,3,61,real,1.0,1,1,0.0,down_full64_prebuilt,35,0.0350399985909462
case_021_real,humaneval,late,real_route_replay,3,3,61,real,1.0,1,1,0.0,down_full64_prebuilt,36,0.0350399985909462
case_021_real,humaneval,late,real_route_replay,3,3,61,real,1.0,1,1,0.0,down_full64_prebuilt,37,0.03888000175356865
case_021_real,humaneval,late,real_route_replay,3,3,61,real,1.0,1,1,0.0,down_full64_prebuilt,38,0.03766399994492531
case_021_real,humaneval,late,real_route_replay,3,3,61,real,1.0,1,1,0.0,down_full64_prebuilt,39,0.04022400081157684
case_021_real,humaneval,late,real_route_replay,3,3,61,real,1.0,1,1,0.0,gate_up_active_prebuilt,0,0.04230400174856186
case_021_real,humaneval,late,real_route_replay,3,3,61,real,1.0,1,1,0.0,gate_up_active_prebuilt,1,0.04243199899792671
case_021_real,humaneval,late,real_route_replay,3,3,61,real,1.0,1,1,0.0,gate_up_active_prebuilt,2,0.040063999593257904
case_021_real,humaneval,late,real_route_replay,3,3,61,real,1.0,1,1,0.0,gate_up_active_prebuilt,3,0.04297599941492081
case_021_real,humaneval,late,real_route_replay,3,3,61,real,1.0,1,1,0.0,gate_up_active_prebuilt,4,0.04188799858093262
case_021_real,humaneval,late,real_route_replay,3,3,61,real,1.0,1,1,0.0,gate_up_active_prebuilt,5,0.042080000042915344
case_021_real,humaneval,late,real_route_replay,3,3,61,real,1.0,1,1,0.0,gate_up_active_prebuilt,6,0.0435199998319149
case_021_real,humaneval,late,real_route_replay,3,3,61,real,1.0,1,1,0.0,gate_up_active_prebuilt,7,0.04368000105023384
case_021_real,humaneval,late,real_route_replay,3,3,61,real,1.0,1,1,0.0,gate_up_active_prebuilt,8,0.044064000248909
case_021_real,humaneval,late,real_route_replay,3,3,61,real,1.0,1,1,0.0,gate_up_active_prebuilt,9,0.04041599854826927
case_021_real,humaneval,late,real_route_replay,3,3,61,real,1.0,1,1,0.0,gate_up_active_prebuilt,10,0.042367998510599136
case_021_real,humaneval,late,real_route_replay,3,3,61,real,1.0,1,1,0.0,gate_up_active_prebuilt,11,0.03999999910593033
case_021_real,humaneval,late,real_route_replay,3,3,61,real,1.0,1,1,0.0,gate_up_active_prebuilt,12,0.04070400074124336
case_021_real,humaneval,late,real_route_replay,3,3,61,real,1.0,1,1,0.0,gate_up_active_prebuilt,13,0.040031999349594116
case_021_real,humaneval,late,real_route_replay,3,3,61,real,1.0,1,1,0.0,gate_up_active_prebuilt,14,0.04092799872159958
case_021_real,humaneval,late,real_route_replay,3,3,61,real,1.0,1,1,0.0,gate_up_active_prebuilt,15,0.04169600084424019
case_021_real,humaneval,late,real_route_replay,3,3,61,real,1.0,1,1,0.0,gate_up_active_prebuilt,16,0.04265600070357323
case_021_real,humaneval,late,real_route_replay,3,3,61,real,1.0,1,1,0.0,gate_up_active_prebuilt,17,0.04291199892759323
case_021_real,humaneval,late,real_route_replay,3,3,61,real,1.0,1,1,0.0,gate_up_active_prebuilt,18,0.0424639992415905
case_021_real,humaneval,late,real_route_replay,3,3,61,real,1.0,1,1,0.0,gate_up_active_prebuilt,19,0.04527999833226204
case_021_real,humaneval,late,real_route_replay,3,3,61,real,1.0,1,1,0.0,gate_up_active_prebuilt,20,0.043007999658584595
case_021_real,humaneval,late,real_route_replay,3,3,61,real,1.0,1,1,0.0,gate_up_active_prebuilt,21,0.0427200011909008
case_021_real,humaneval,late,real_route_replay,3,3,61,real,1.0,1,1,0.0,gate_up_active_prebuilt,22,0.043776001781225204
case_021_real,humaneval,late,real_route_replay,3,3,61,real,1.0,1,1,0.0,gate_up_active_prebuilt,23,0.040383998304605484
case_021_real,humaneval,late,real_route_replay,3,3,61,real,1.0,1,1,0.0,gate_up_active_prebuilt,24,0.03999999910593033
case_021_real,humaneval,late,real_route_replay,3,3,61,real,1.0,1,1,0.0,gate_up_active_prebuilt,25,0.039423998445272446
case_021_real,humaneval,late,real_route_replay,3,3,61,real,1.0,1,1,0.0,gate_up_active_prebuilt,26,0.040608000010252
case_021_real,humaneval,late,real_route_replay,3,3,61,real,1.0,1,1,0.0,gate_up_active_prebuilt,27,0.04057599976658821
case_021_real,humaneval,late,real_route_replay,3,3,61,real,1.0,1,1,0.0,gate_up_active_prebuilt,28,0.04275200143456459
case_021_real,humaneval,late,real_route_replay,3,3,61,real,1.0,1,1,0.0,gate_up_active_prebuilt,29,0.04156799986958504
case_021_real,humaneval,late,real_route_replay,3,3,61,real,1.0,1,1,0.0,gate_up_active_prebuilt,30,0.04153599962592125
case_021_real,humaneval,late,real_route_replay,3,3,61,real,1.0,1,1,0.0,gate_up_active_prebuilt,31,0.039712000638246536
case_021_real,humaneval,late,real_route_replay,3,3,61,real,1.0,1,1,0.0,gate_up_active_prebuilt,32,0.04320000112056732
case_021_real,humaneval,late,real_route_replay,3,3,61,real,1.0,1,1,0.0,gate_up_active_prebuilt,33,0.04195199906826019
case_021_real,humaneval,late,real_route_replay,3,3,61,real,1.0,1,1,0.0,gate_up_active_prebuilt,34,0.04447999969124794
case_021_real,humaneval,late,real_route_replay,3,3,61,real,1.0,1,1,0.0,gate_up_active_prebuilt,35,0.040832001715898514
case_021_real,humaneval,late,real_route_replay,3,3,61,real,1.0,1,1,0.0,gate_up_active_prebuilt,36,0.039872001856565475
case_021_real,humaneval,late,real_route_replay,3,3,61,real,1.0,1,1,0.0,gate_up_active_prebuilt,37,0.040383998304605484
case_021_real,humaneval,late,real_route_replay,3,3,61,real,1.0,1,1,0.0,gate_up_active_prebuilt,38,0.04182400181889534
case_021_real,humaneval,late,real_route_replay,3,3,61,real,1.0,1,1,0.0,gate_up_active_prebuilt,39,0.04009599983692169
case_021_real,humaneval,late,real_route_replay,3,3,61,real,1.0,1,1,0.0,route_weight,0,0.02147199958562851
case_021_real,humaneval,late,real_route_replay,3,3,61,real,1.0,1,1,0.0,route_weight,1,0.01724799908697605
case_021_real,humaneval,late,real_route_replay,3,3,61,real,1.0,1,1,0.0,route_weight,2,0.0161920003592968
case_021_real,humaneval,late,real_route_replay,3,3,61,real,1.0,1,1,0.0,route_weight,3,0.014783999882638454
case_021_real,humaneval,late,real_route_replay,3,3,61,real,1.0,1,1,0.0,route_weight,4,0.014495999552309513
case_021_real,humaneval,late,real_route_replay,3,3,61,real,1.0,1,1,0.0,route_weight,5,0.014816000126302242
case_021_real,humaneval,late,real_route_replay,3,3,61,real,1.0,1,1,0.0,route_weight,6,0.013856000266969204
case_021_real,humaneval,late,real_route_replay,3,3,61,real,1.0,1,1,0.0,route_weight,7,0.014816000126302242
case_021_real,humaneval,late,real_route_replay,3,3,61,real,1.0,1,1,0.0,route_weight,8,0.013919999822974205
case_021_real,humaneval,late,real_route_replay,3,3,61,real,1.0,1,1,0.0,route_weight,9,0.014015999622642994
case_021_real,humaneval,late,real_route_replay,3,3,61,real,1.0,1,1,0.0,route_weight,10,0.02735999971628189
case_021_real,humaneval,late,real_route_replay,3,3,61,real,1.0,1,1,0.0,route_weight,11,0.014688000082969666
case_021_real,humaneval,late,real_route_replay,3,3,61,real,1.0,1,1,0.0,route_weight,12,0.014879999682307243
case_021_real,humaneval,late,real_route_replay,3,3,61,real,1.0,1,1,0.0,route_weight,13,0.014592000283300877
case_021_real,humaneval,late,real_route_replay,3,3,61,real,1.0,1,1,0.0,route_weight,14,0.014944000169634819
case_021_real,humaneval,late,real_route_replay,3,3,61,real,1.0,1,1,0.0,route_weight,15,0.014175999909639359
case_021_real,humaneval,late,real_route_replay,3,3,61,real,1.0,1,1,0.0,route_weight,16,0.013407999649643898
case_021_real,humaneval,late,real_route_replay,3,3,61,real,1.0,1,1,0.0,route_weight,17,0.01408000010997057
case_021_real,humaneval,late,real_route_replay,3,3,61,real,1.0,1,1,0.0,route_weight,18,0.014271999709308147
case_021_real,humaneval,late,real_route_replay,3,3,61,real,1.0,1,1,0.0,route_weight,19,0.014047999866306782
case_021_real,humaneval,late,real_route_replay,3,3,61,real,1.0,1,1,0.0,route_weight,20,0.014240000396966934
case_021_real,humaneval,late,real_route_replay,3,3,61,real,1.0,1,1,0.0,route_weight,21,0.014240000396966934
case_021_real,humaneval,late,real_route_replay,3,3,61,real,1.0,1,1,0.0,route_weight,22,0.013376000337302685
case_021_real,humaneval,late,real_route_replay,3,3,61,real,1.0,1,1,0.0,route_weight,23,0.025407999753952026
case_021_real,humaneval,late,real_route_replay,3,3,61,real,1.0,1,1,0.0,route_weight,24,0.014240000396966934
case_021_real,humaneval,late,real_route_replay,3,3,61,real,1.0,1,1,0.0,route_weight,25,0.013856000266969204
case_021_real,humaneval,late,real_route_replay,3,3,61,real,1.0,1,1,0.0,route_weight,26,0.01360000018030405
case_021_real,humaneval,late,real_route_replay,3,3,61,real,1.0,1,1,0.0,route_weight,27,0.013952000066637993
case_021_real,humaneval,late,real_route_replay,3,3,61,real,1.0,1,1,0.0,route_weight,28,0.013024000450968742
case_021_real,humaneval,late,real_route_replay,3,3,61,real,1.0,1,1,0.0,route_weight,29,0.015231999568641186
case_021_real,humaneval,late,real_route_replay,3,3,61,real,1.0,1,1,0.0,route_weight,30,0.016095999628305435
case_021_real,humaneval,late,real_route_replay,3,3,61,real,1.0,1,1,0.0,route_weight,31,0.01462399959564209
case_021_real,humaneval,late,real_route_replay,3,3,61,real,1.0,1,1,0.0,route_weight,32,0.014911999925971031
case_021_real,humaneval,late,real_route_replay,3,3,61,real,1.0,1,1,0.0,route_weight,33,0.014976000413298607
case_021_real,humaneval,late,real_route_replay,3,3,61,real,1.0,1,1,0.0,route_weight,34,0.014816000126302242
case_021_real,humaneval,late,real_route_replay,3,3,61,real,1.0,1,1,0.0,route_weight,35,0.018880000337958336
case_021_real,humaneval,late,real_route_replay,3,3,61,real,1.0,1,1,0.0,route_weight,36,0.01679999940097332
case_021_real,humaneval,late,real_route_replay,3,3,61,real,1.0,1,1,0.0,route_weight,37,0.016095999628305435
case_021_real,humaneval,late,real_route_replay,3,3,61,real,1.0,1,1,0.0,route_weight,38,0.014911999925971031
case_021_real,humaneval,late,real_route_replay,3,3,61,real,1.0,1,1,0.0,route_weight,39,0.01539199985563755
case_022_real,humaneval,late,real_route_replay,15,5,59,real,3.0,3,3,0.0,gate_up_full64_prebuilt,0,0.07321599870920181
case_022_real,humaneval,late,real_route_replay,15,5,59,real,3.0,3,3,0.0,gate_up_full64_prebuilt,1,0.06825599819421768
case_022_real,humaneval,late,real_route_replay,15,5,59,real,3.0,3,3,0.0,gate_up_full64_prebuilt,2,0.06521599739789963
case_022_real,humaneval,late,real_route_replay,15,5,59,real,3.0,3,3,0.0,gate_up_full64_prebuilt,3,0.06515199691057205
case_022_real,humaneval,late,real_route_replay,15,5,59,real,3.0,3,3,0.0,gate_up_full64_prebuilt,4,0.06908799707889557
case_022_real,humaneval,late,real_route_replay,15,5,59,real,3.0,3,3,0.0,gate_up_full64_prebuilt,5,0.0655680000782013
case_022_real,humaneval,late,real_route_replay,15,5,59,real,3.0,3,3,0.0,gate_up_full64_prebuilt,6,0.06489600241184235
case_022_real,humaneval,late,real_route_replay,15,5,59,real,3.0,3,3,0.0,gate_up_full64_prebuilt,7,0.06335999816656113
case_022_real,humaneval,late,real_route_replay,15,5,59,real,3.0,3,3,0.0,gate_up_full64_prebuilt,8,0.063680000603199
case_022_real,humaneval,late,real_route_replay,15,5,59,real,3.0,3,3,0.0,gate_up_full64_prebuilt,9,0.06313599646091461
case_022_real,humaneval,late,real_route_replay,15,5,59,real,3.0,3,3,0.0,gate_up_full64_prebuilt,10,0.06185600161552429
case_022_real,humaneval,late,real_route_replay,15,5,59,real,3.0,3,3,0.0,gate_up_full64_prebuilt,11,0.06300800293684006
case_022_real,humaneval,late,real_route_replay,15,5,59,real,3.0,3,3,0.0,gate_up_full64_prebuilt,12,0.06697600334882736
case_022_real,humaneval,late,real_route_replay,15,5,59,real,3.0,3,3,0.0,gate_up_full64_prebuilt,13,0.06576000154018402
case_022_real,humaneval,late,real_route_replay,15,5,59,real,3.0,3,3,0.0,gate_up_full64_prebuilt,14,0.06691200286149979
case_022_real,humaneval,late,real_route_replay,15,5,59,real,3.0,3,3,0.0,gate_up_full64_prebuilt,15,0.07103999704122543
case_022_real,humaneval,late,real_route_replay,15,5,59,real,3.0,3,3,0.0,gate_up_full64_prebuilt,16,0.06780800223350525
case_022_real,humaneval,late,real_route_replay,15,5,59,real,3.0,3,3,0.0,gate_up_full64_prebuilt,17,0.07001599669456482
case_022_real,humaneval,late,real_route_replay,15,5,59,real,3.0,3,3,0.0,gate_up_full64_prebuilt,18,0.08028800040483475
case_022_real,humaneval,late,real_route_replay,15,5,59,real,3.0,3,3,0.0,gate_up_full64_prebuilt,19,0.06934399902820587
case_022_real,humaneval,late,real_route_replay,15,5,59,real,3.0,3,3,0.0,gate_up_full64_prebuilt,20,0.06864000111818314
case_022_real,humaneval,late,real_route_replay,15,5,59,real,3.0,3,3,0.0,gate_up_full64_prebuilt,21,0.06921599805355072
case_022_real,humaneval,late,real_route_replay,15,5,59,real,3.0,3,3,0.0,gate_up_full64_prebuilt,22,0.069023996591568
case_022_real,humaneval,late,real_route_replay,15,5,59,real,3.0,3,3,0.0,gate_up_full64_prebuilt,23,0.06931199878454208
case_022_real,humaneval,late,real_route_replay,15,5,59,real,3.0,3,3,0.0,gate_up_full64_prebuilt,24,0.08038400113582611
case_022_real,humaneval,late,real_route_replay,15,5,59,real,3.0,3,3,0.0,gate_up_full64_prebuilt,25,0.07619199901819229
case_022_real,humaneval,late,real_route_replay,15,5,59,real,3.0,3,3,0.0,gate_up_full64_prebuilt,26,0.07420799881219864
case_022_real,humaneval,late,real_route_replay,15,5,59,real,3.0,3,3,0.0,gate_up_full64_prebuilt,27,0.0692799985408783
case_022_real,humaneval,late,real_route_replay,15,5,59,real,3.0,3,3,0.0,gate_up_full64_prebuilt,28,0.06716799736022949
case_022_real,humaneval,late,real_route_replay,15,5,59,real,3.0,3,3,0.0,gate_up_full64_prebuilt,29,0.06524799764156342
case_022_real,humaneval,late,real_route_replay,15,5,59,real,3.0,3,3,0.0,gate_up_full64_prebuilt,30,0.06531199812889099
case_022_real,humaneval,late,real_route_replay,15,5,59,real,3.0,3,3,0.0,gate_up_full64_prebuilt,31,0.06678400188684464
case_022_real,humaneval,late,real_route_replay,15,5,59,real,3.0,3,3,0.0,gate_up_full64_prebuilt,32,0.06547199934720993
case_022_real,humaneval,late,real_route_replay,15,5,59,real,3.0,3,3,0.0,gate_up_full64_prebuilt,33,0.06489600241184235
case_022_real,humaneval,late,real_route_replay,15,5,59,real,3.0,3,3,0.0,gate_up_full64_prebuilt,34,0.06601600348949432
case_022_real,humaneval,late,real_route_replay,15,5,59,real,3.0,3,3,0.0,gate_up_full64_prebuilt,35,0.06550399959087372
case_022_real,humaneval,late,real_route_replay,15,5,59,real,3.0,3,3,0.0,gate_up_full64_prebuilt,36,0.06505600363016129
case_022_real,humaneval,late,real_route_replay,15,5,59,real,3.0,3,3,0.0,gate_up_full64_prebuilt,37,0.06630399823188782
case_022_real,humaneval,late,real_route_replay,15,5,59,real,3.0,3,3,0.0,gate_up_full64_prebuilt,38,0.06883200258016586
case_022_real,humaneval,late,real_route_replay,15,5,59,real,3.0,3,3,0.0,gate_up_full64_prebuilt,39,0.06710399687290192
case_022_real,humaneval,late,real_route_replay,15,5,59,real,3.0,3,3,0.0,down_active_prebuilt,0,0.04947200044989586
case_022_real,humaneval,late,real_route_replay,15,5,59,real,3.0,3,3,0.0,down_active_prebuilt,1,0.04864000156521797
case_022_real,humaneval,late,real_route_replay,15,5,59,real,3.0,3,3,0.0,down_active_prebuilt,2,0.04975999891757965
case_022_real,humaneval,late,real_route_replay,15,5,59,real,3.0,3,3,0.0,down_active_prebuilt,3,0.048287998884916306
case_022_real,humaneval,late,real_route_replay,15,5,59,real,3.0,3,3,0.0,down_active_prebuilt,4,0.044544000178575516
case_022_real,humaneval,late,real_route_replay,15,5,59,real,3.0,3,3,0.0,down_active_prebuilt,5,0.04531199857592583
case_022_real,humaneval,late,real_route_replay,15,5,59,real,3.0,3,3,0.0,down_active_prebuilt,6,0.04447999969124794
case_022_real,humaneval,late,real_route_replay,15,5,59,real,3.0,3,3,0.0,down_active_prebuilt,7,0.046431999653577805
case_022_real,humaneval,late,real_route_replay,15,5,59,real,3.0,3,3,0.0,down_active_prebuilt,8,0.047520000487565994
case_022_real,humaneval,late,real_route_replay,15,5,59,real,3.0,3,3,0.0,down_active_prebuilt,9,0.047807998955249786
case_022_real,humaneval,late,real_route_replay,15,5,59,real,3.0,3,3,0.0,down_active_prebuilt,10,0.052032001316547394
case_022_real,humaneval,late,real_route_replay,15,5,59,real,3.0,3,3,0.0,down_active_prebuilt,11,0.057792000472545624
case_022_real,humaneval,late,real_route_replay,15,5,59,real,3.0,3,3,0.0,down_active_prebuilt,12,0.053408000618219376
case_022_real,humaneval,late,real_route_replay,15,5,59,real,3.0,3,3,0.0,down_active_prebuilt,13,0.056223999708890915
case_022_real,humaneval,late,real_route_replay,15,5,59,real,3.0,3,3,0.0,down_active_prebuilt,14,0.05305600166320801
case_022_real,humaneval,late,real_route_replay,15,5,59,real,3.0,3,3,0.0,down_active_prebuilt,15,0.05206400156021118
case_022_real,humaneval,late,real_route_replay,15,5,59,real,3.0,3,3,0.0,down_active_prebuilt,16,0.05104000121355057
case_022_real,humaneval,late,real_route_replay,15,5,59,real,3.0,3,3,0.0,down_active_prebuilt,17,0.055135998874902725
case_022_real,humaneval,late,real_route_replay,15,5,59,real,3.0,3,3,0.0,down_active_prebuilt,18,0.05286400020122528
case_022_real,humaneval,late,real_route_replay,15,5,59,real,3.0,3,3,0.0,down_active_prebuilt,19,0.053599998354911804
case_022_real,humaneval,late,real_route_replay,15,5,59,real,3.0,3,3,0.0,down_active_prebuilt,20,0.05651199817657471
case_022_real,humaneval,late,real_route_replay,15,5,59,real,3.0,3,3,0.0,down_active_prebuilt,21,0.05344000086188316
case_022_real,humaneval,late,real_route_replay,15,5,59,real,3.0,3,3,0.0,down_active_prebuilt,22,0.052960000932216644
case_022_real,humaneval,late,real_route_replay,15,5,59,real,3.0,3,3,0.0,down_active_prebuilt,23,0.05299200117588043
case_022_real,humaneval,late,real_route_replay,15,5,59,real,3.0,3,3,0.0,down_active_prebuilt,24,0.05462399870157242
case_022_real,humaneval,late,real_route_replay,15,5,59,real,3.0,3,3,0.0,down_active_prebuilt,25,0.049215998500585556
case_022_real,humaneval,late,real_route_replay,15,5,59,real,3.0,3,3,0.0,down_active_prebuilt,26,0.04816000163555145
case_022_real,humaneval,late,real_route_replay,15,5,59,real,3.0,3,3,0.0,down_active_prebuilt,27,0.04793599992990494
case_022_real,humaneval,late,real_route_replay,15,5,59,real,3.0,3,3,0.0,down_active_prebuilt,28,0.04639999940991402
case_022_real,humaneval,late,real_route_replay,15,5,59,real,3.0,3,3,0.0,down_active_prebuilt,29,0.045504000037908554
case_022_real,humaneval,late,real_route_replay,15,5,59,real,3.0,3,3,0.0,down_active_prebuilt,30,0.04681599885225296
case_022_real,humaneval,late,real_route_replay,15,5,59,real,3.0,3,3,0.0,down_active_prebuilt,31,0.04771199822425842
case_022_real,humaneval,late,real_route_replay,15,5,59,real,3.0,3,3,0.0,down_active_prebuilt,32,0.04918399825692177
case_022_real,humaneval,late,real_route_replay,15,5,59,real,3.0,3,3,0.0,down_active_prebuilt,33,0.04652800038456917
case_022_real,humaneval,late,real_route_replay,15,5,59,real,3.0,3,3,0.0,down_active_prebuilt,34,0.044096000492572784
case_022_real,humaneval,late,real_route_replay,15,5,59,real,3.0,3,3,0.0,down_active_prebuilt,35,0.04531199857592583
case_022_real,humaneval,late,real_route_replay,15,5,59,real,3.0,3,3,0.0,down_active_prebuilt,36,0.045504000037908554
case_022_real,humaneval,late,real_route_replay,15,5,59,real,3.0,3,3,0.0,down_active_prebuilt,37,0.04867200180888176
case_022_real,humaneval,late,real_route_replay,15,5,59,real,3.0,3,3,0.0,down_active_prebuilt,38,0.047359999269247055
case_022_real,humaneval,late,real_route_replay,15,5,59,real,3.0,3,3,0.0,down_active_prebuilt,39,0.06191999837756157
case_022_real,humaneval,late,real_route_replay,15,5,59,real,3.0,3,3,0.0,down_full64_prebuilt,0,0.06140799820423126
case_022_real,humaneval,late,real_route_replay,15,5,59,real,3.0,3,3,0.0,down_full64_prebuilt,1,0.04854400083422661
case_022_real,humaneval,late,real_route_replay,15,5,59,real,3.0,3,3,0.0,down_full64_prebuilt,2,0.048128001391887665
case_022_real,humaneval,late,real_route_replay,15,5,59,real,3.0,3,3,0.0,down_full64_prebuilt,3,0.04540799930691719
case_022_real,humaneval,late,real_route_replay,15,5,59,real,3.0,3,3,0.0,down_full64_prebuilt,4,0.046112000942230225
case_022_real,humaneval,late,real_route_replay,15,5,59,real,3.0,3,3,0.0,down_full64_prebuilt,5,0.04540799930691719
case_022_real,humaneval,late,real_route_replay,15,5,59,real,3.0,3,3,0.0,down_full64_prebuilt,6,0.047807998955249786
case_022_real,humaneval,late,real_route_replay,15,5,59,real,3.0,3,3,0.0,down_full64_prebuilt,7,0.048767998814582825
case_022_real,humaneval,late,real_route_replay,15,5,59,real,3.0,3,3,0.0,down_full64_prebuilt,8,0.04793599992990494
case_022_real,humaneval,late,real_route_replay,15,5,59,real,3.0,3,3,0.0,down_full64_prebuilt,9,0.04649600014090538
case_022_real,humaneval,late,real_route_replay,15,5,59,real,3.0,3,3,0.0,down_full64_prebuilt,10,0.04588799923658371
case_022_real,humaneval,late,real_route_replay,15,5,59,real,3.0,3,3,0.0,down_full64_prebuilt,11,0.04543999955058098
case_022_real,humaneval,late,real_route_replay,15,5,59,real,3.0,3,3,0.0,down_full64_prebuilt,12,0.047807998955249786
case_022_real,humaneval,late,real_route_replay,15,5,59,real,3.0,3,3,0.0,down_full64_prebuilt,13,0.046271998435258865
case_022_real,humaneval,late,real_route_replay,15,5,59,real,3.0,3,3,0.0,down_full64_prebuilt,14,0.04639999940991402
case_022_real,humaneval,late,real_route_replay,15,5,59,real,3.0,3,3,0.0,down_full64_prebuilt,15,0.04822399839758873
case_022_real,humaneval,late,real_route_replay,15,5,59,real,3.0,3,3,0.0,down_full64_prebuilt,16,0.04960000142455101
case_022_real,humaneval,late,real_route_replay,15,5,59,real,3.0,3,3,0.0,down_full64_prebuilt,17,0.04729599878191948
case_022_real,humaneval,late,real_route_replay,15,5,59,real,3.0,3,3,0.0,down_full64_prebuilt,18,0.046911999583244324
case_022_real,humaneval,late,real_route_replay,15,5,59,real,3.0,3,3,0.0,down_full64_prebuilt,19,0.050624001771211624
case_022_real,humaneval,late,real_route_replay,15,5,59,real,3.0,3,3,0.0,down_full64_prebuilt,20,0.04758400097489357
case_022_real,humaneval,late,real_route_replay,15,5,59,real,3.0,3,3,0.0,down_full64_prebuilt,21,0.045152001082897186
case_022_real,humaneval,late,real_route_replay,15,5,59,real,3.0,3,3,0.0,down_full64_prebuilt,22,0.045632001012563705
case_022_real,humaneval,late,real_route_replay,15,5,59,real,3.0,3,3,0.0,down_full64_prebuilt,23,0.045951999723911285
case_022_real,humaneval,late,real_route_replay,15,5,59,real,3.0,3,3,0.0,down_full64_prebuilt,24,0.05113599821925163
case_022_real,humaneval,late,real_route_replay,15,5,59,real,3.0,3,3,0.0,down_full64_prebuilt,25,0.04915200173854828
case_022_real,humaneval,late,real_route_replay,15,5,59,real,3.0,3,3,0.0,down_full64_prebuilt,26,0.04793599992990494
case_022_real,humaneval,late,real_route_replay,15,5,59,real,3.0,3,3,0.0,down_full64_prebuilt,27,0.04825599864125252
case_022_real,humaneval,late,real_route_replay,15,5,59,real,3.0,3,3,0.0,down_full64_prebuilt,28,0.04816000163555145
case_022_real,humaneval,late,real_route_replay,15,5,59,real,3.0,3,3,0.0,down_full64_prebuilt,29,0.04851200059056282
case_022_real,humaneval,late,real_route_replay,15,5,59,real,3.0,3,3,0.0,down_full64_prebuilt,30,0.04585599899291992
case_022_real,humaneval,late,real_route_replay,15,5,59,real,3.0,3,3,0.0,down_full64_prebuilt,31,0.044704001396894455
case_022_real,humaneval,late,real_route_replay,15,5,59,real,3.0,3,3,0.0,down_full64_prebuilt,32,0.05689600110054016
case_022_real,humaneval,late,real_route_replay,15,5,59,real,3.0,3,3,0.0,down_full64_prebuilt,33,0.046911999583244324
case_022_real,humaneval,late,real_route_replay,15,5,59,real,3.0,3,3,0.0,down_full64_prebuilt,34,0.045184001326560974
case_022_real,humaneval,late,real_route_replay,15,5,59,real,3.0,3,3,0.0,down_full64_prebuilt,35,0.04553600028157234
case_022_real,humaneval,late,real_route_replay,15,5,59,real,3.0,3,3,0.0,down_full64_prebuilt,36,0.04726399853825569
case_022_real,humaneval,late,real_route_replay,15,5,59,real,3.0,3,3,0.0,down_full64_prebuilt,37,0.04809600114822388
case_022_real,humaneval,late,real_route_replay,15,5,59,real,3.0,3,3,0.0,down_full64_prebuilt,38,0.04912000149488449
case_022_real,humaneval,late,real_route_replay,15,5,59,real,3.0,3,3,0.0,down_full64_prebuilt,39,0.04774399846792221
case_022_real,humaneval,late,real_route_replay,15,5,59,real,3.0,3,3,0.0,route_weight,0,0.015647999942302704
case_022_real,humaneval,late,real_route_replay,15,5,59,real,3.0,3,3,0.0,route_weight,1,0.015231999568641186
case_022_real,humaneval,late,real_route_replay,15,5,59,real,3.0,3,3,0.0,route_weight,2,0.014112000353634357
case_022_real,humaneval,late,real_route_replay,15,5,59,real,3.0,3,3,0.0,route_weight,3,0.015936000272631645
case_022_real,humaneval,late,real_route_replay,15,5,59,real,3.0,3,3,0.0,route_weight,4,0.015135999768972397
case_022_real,humaneval,late,real_route_replay,15,5,59,real,3.0,3,3,0.0,route_weight,5,0.015584000386297703
case_022_real,humaneval,late,real_route_replay,15,5,59,real,3.0,3,3,0.0,route_weight,6,0.015615999698638916
case_022_real,humaneval,late,real_route_replay,15,5,59,real,3.0,3,3,0.0,route_weight,7,0.01539199985563755
case_022_real,humaneval,late,real_route_replay,15,5,59,real,3.0,3,3,0.0,route_weight,8,0.015647999942302704
case_022_real,humaneval,late,real_route_replay,15,5,59,real,3.0,3,3,0.0,route_weight,9,0.015263999812304974
case_022_real,humaneval,late,real_route_replay,15,5,59,real,3.0,3,3,0.0,route_weight,10,0.01548799965530634
case_022_real,humaneval,late,real_route_replay,15,5,59,real,3.0,3,3,0.0,route_weight,11,0.014976000413298607
case_022_real,humaneval,late,real_route_replay,15,5,59,real,3.0,3,3,0.0,route_weight,12,0.015359999611973763
case_022_real,humaneval,late,real_route_replay,15,5,59,real,3.0,3,3,0.0,route_weight,13,0.013919999822974205
case_022_real,humaneval,late,real_route_replay,15,5,59,real,3.0,3,3,0.0,route_weight,14,0.019039999693632126
case_022_real,humaneval,late,real_route_replay,15,5,59,real,3.0,3,3,0.0,route_weight,15,0.01772800087928772
case_022_real,humaneval,late,real_route_replay,15,5,59,real,3.0,3,3,0.0,route_weight,16,0.015519999898970127
case_022_real,humaneval,late,real_route_replay,15,5,59,real,3.0,3,3,0.0,route_weight,17,0.013856000266969204
case_022_real,humaneval,late,real_route_replay,15,5,59,real,3.0,3,3,0.0,route_weight,18,0.014112000353634357
case_022_real,humaneval,late,real_route_replay,15,5,59,real,3.0,3,3,0.0,route_weight,19,0.014431999996304512
case_022_real,humaneval,late,real_route_replay,15,5,59,real,3.0,3,3,0.0,route_weight,20,0.013632000423967838
case_022_real,humaneval,late,real_route_replay,15,5,59,real,3.0,3,3,0.0,route_weight,21,0.01414399966597557
case_022_real,humaneval,late,real_route_replay,15,5,59,real,3.0,3,3,0.0,route_weight,22,0.014240000396966934
case_022_real,humaneval,late,real_route_replay,15,5,59,real,3.0,3,3,0.0,route_weight,23,0.013663999736309052
case_022_real,humaneval,late,real_route_replay,15,5,59,real,3.0,3,3,0.0,route_weight,24,0.014112000353634357
case_022_real,humaneval,late,real_route_replay,15,5,59,real,3.0,3,3,0.0,route_weight,25,0.013728000223636627
case_022_real,humaneval,late,real_route_replay,15,5,59,real,3.0,3,3,0.0,route_weight,26,0.013632000423967838
case_022_real,humaneval,late,real_route_replay,15,5,59,real,3.0,3,3,0.0,route_weight,27,0.01375999953597784
case_022_real,humaneval,late,real_route_replay,15,5,59,real,3.0,3,3,0.0,route_weight,28,0.017791999503970146
case_022_real,humaneval,late,real_route_replay,15,5,59,real,3.0,3,3,0.0,route_weight,29,0.014368000440299511
case_022_real,humaneval,late,real_route_replay,15,5,59,real,3.0,3,3,0.0,route_weight,30,0.013952000066637993
case_022_real,humaneval,late,real_route_replay,15,5,59,real,3.0,3,3,0.0,route_weight,31,0.013791999779641628
case_022_real,humaneval,late,real_route_replay,15,5,59,real,3.0,3,3,0.0,route_weight,32,0.015776000916957855
case_022_real,humaneval,late,real_route_replay,15,5,59,real,3.0,3,3,0.0,route_weight,33,0.02147199958562851
case_022_real,humaneval,late,real_route_replay,15,5,59,real,3.0,3,3,0.0,route_weight,34,0.019872000440955162
case_022_real,humaneval,late,real_route_replay,15,5,59,real,3.0,3,3,0.0,route_weight,35,0.020640000700950623
case_022_real,humaneval,late,real_route_replay,15,5,59,real,3.0,3,3,0.0,route_weight,36,0.02518399991095066
case_022_real,humaneval,late,real_route_replay,15,5,59,real,3.0,3,3,0.0,route_weight,37,0.02409599907696247
case_022_real,humaneval,late,real_route_replay,15,5,59,real,3.0,3,3,0.0,route_weight,38,0.02284800074994564
case_022_real,humaneval,late,real_route_replay,15,5,59,real,3.0,3,3,0.0,route_weight,39,0.025087999179959297
case_022_real,humaneval,late,real_route_replay,15,5,59,real,3.0,3,3,0.0,swiglu,0,0.04179200157523155
case_022_real,humaneval,late,real_route_replay,15,5,59,real,3.0,3,3,0.0,swiglu,1,0.03683200106024742
case_022_real,humaneval,late,real_route_replay,15,5,59,real,3.0,3,3,0.0,swiglu,2,0.03532800078392029
case_022_real,humaneval,late,real_route_replay,15,5,59,real,3.0,3,3,0.0,swiglu,3,0.031808000057935715
case_022_real,humaneval,late,real_route_replay,15,5,59,real,3.0,3,3,0.0,swiglu,4,0.04009599983692169
case_022_real,humaneval,late,real_route_replay,15,5,59,real,3.0,3,3,0.0,swiglu,5,0.031808000057935715
case_022_real,humaneval,late,real_route_replay,15,5,59,real,3.0,3,3,0.0,swiglu,6,0.04198399931192398
case_022_real,humaneval,late,real_route_replay,15,5,59,real,3.0,3,3,0.0,swiglu,7,0.039455998688936234
case_022_real,humaneval,late,real_route_replay,15,5,59,real,3.0,3,3,0.0,swiglu,8,0.03788800165057182
case_022_real,humaneval,late,real_route_replay,15,5,59,real,3.0,3,3,0.0,swiglu,9,0.02518399991095066
case_022_real,humaneval,late,real_route_replay,15,5,59,real,3.0,3,3,0.0,swiglu,10,0.024288000538945198
case_022_real,humaneval,late,real_route_replay,15,5,59,real,3.0,3,3,0.0,swiglu,11,0.02208000048995018
case_022_real,humaneval,late,real_route_replay,15,5,59,real,3.0,3,3,0.0,swiglu,12,0.02175999991595745
case_022_real,humaneval,late,real_route_replay,15,5,59,real,3.0,3,3,0.0,swiglu,13,0.021215999498963356
case_022_real,humaneval,late,real_route_replay,15,5,59,real,3.0,3,3,0.0,swiglu,14,0.03590400144457817
case_022_real,humaneval,late,real_route_replay,15,5,59,real,3.0,3,3,0.0,swiglu,15,0.025536000728607178
case_022_real,humaneval,late,real_route_replay,15,5,59,real,3.0,3,3,0.0,swiglu,16,0.02191999927163124
case_022_real,humaneval,late,real_route_replay,15,5,59,real,3.0,3,3,0.0,swiglu,17,0.02147199958562851
case_022_real,humaneval,late,real_route_replay,15,5,59,real,3.0,3,3,0.0,swiglu,18,0.02115200087428093
case_022_real,humaneval,late,real_route_replay,15,5,59,real,3.0,3,3,0.0,swiglu,19,0.02112000063061714
case_022_real,humaneval,late,real_route_replay,15,5,59,real,3.0,3,3,0.0,swiglu,20,0.02112000063061714
case_022_real,humaneval,late,real_route_replay,15,5,59,real,3.0,3,3,0.0,swiglu,21,0.020447999238967896
case_022_real,humaneval,late,real_route_replay,15,5,59,real,3.0,3,3,0.0,swiglu,22,0.02067199908196926
case_022_real,humaneval,late,real_route_replay,15,5,59,real,3.0,3,3,0.0,swiglu,23,0.024960000067949295
case_022_real,humaneval,late,real_route_replay,15,5,59,real,3.0,3,3,0.0,swiglu,24,0.02396799996495247
case_022_real,humaneval,late,real_route_replay,15,5,59,real,3.0,3,3,0.0,swiglu,25,0.02412799932062626
case_022_real,humaneval,late,real_route_replay,15,5,59,real,3.0,3,3,0.0,swiglu,26,0.022016000002622604
case_022_real,humaneval,late,real_route_replay,15,5,59,real,3.0,3,3,0.0,swiglu,27,0.023296000435948372
case_022_real,humaneval,late,real_route_replay,15,5,59,real,3.0,3,3,0.0,swiglu,28,0.022207999601960182
case_022_real,humaneval,late,real_route_replay,15,5,59,real,3.0,3,3,0.0,swiglu,29,0.021888000890612602
case_022_real,humaneval,late,real_route_replay,15,5,59,real,3.0,3,3,0.0,swiglu,30,0.021247999742627144
case_022_real,humaneval,late,real_route_replay,15,5,59,real,3.0,3,3,0.0,swiglu,31,0.021376000717282295
case_022_real,humaneval,late,real_route_replay,15,5,59,real,3.0,3,3,0.0,swiglu,32,0.02143999934196472
case_022_real,humaneval,late,real_route_replay,15,5,59,real,3.0,3,3,0.0,swiglu,33,0.02175999991595745
case_022_real,humaneval,late,real_route_replay,15,5,59,real,3.0,3,3,0.0,swiglu,34,0.02191999927163124
case_022_real,humaneval,late,real_route_replay,15,5,59,real,3.0,3,3,0.0,swiglu,35,0.023264000192284584
case_022_real,humaneval,late,real_route_replay,15,5,59,real,3.0,3,3,0.0,swiglu,36,0.02409599907696247
case_022_real,humaneval,late,real_route_replay,15,5,59,real,3.0,3,3,0.0,swiglu,37,0.022911999374628067
case_022_real,humaneval,late,real_route_replay,15,5,59,real,3.0,3,3,0.0,swiglu,38,0.03711999952793121
case_022_real,humaneval,late,real_route_replay,15,5,59,real,3.0,3,3,0.0,swiglu,39,0.023231999948620796
case_022_real,humaneval,late,real_route_replay,15,5,59,real,3.0,3,3,0.0,gate_up_active_prebuilt,0,0.07411199808120728
case_022_real,humaneval,late,real_route_replay,15,5,59,real,3.0,3,3,0.0,gate_up_active_prebuilt,1,0.06460800021886826
case_022_real,humaneval,late,real_route_replay,15,5,59,real,3.0,3,3,0.0,gate_up_active_prebuilt,2,0.06492800265550613
case_022_real,humaneval,late,real_route_replay,15,5,59,real,3.0,3,3,0.0,gate_up_active_prebuilt,3,0.06217600032687187
case_022_real,humaneval,late,real_route_replay,15,5,59,real,3.0,3,3,0.0,gate_up_active_prebuilt,4,0.06239999830722809
case_022_real,humaneval,late,real_route_replay,15,5,59,real,3.0,3,3,0.0,gate_up_active_prebuilt,5,0.06521599739789963
case_022_real,humaneval,late,real_route_replay,15,5,59,real,3.0,3,3,0.0,gate_up_active_prebuilt,6,0.06400000303983688
case_022_real,humaneval,late,real_route_replay,15,5,59,real,3.0,3,3,0.0,gate_up_active_prebuilt,7,0.06729599833488464
case_022_real,humaneval,late,real_route_replay,15,5,59,real,3.0,3,3,0.0,gate_up_active_prebuilt,8,0.06444799900054932
case_022_real,humaneval,late,real_route_replay,15,5,59,real,3.0,3,3,0.0,gate_up_active_prebuilt,9,0.06505600363016129
case_022_real,humaneval,late,real_route_replay,15,5,59,real,3.0,3,3,0.0,gate_up_active_prebuilt,10,0.0642239972949028
case_022_real,humaneval,late,real_route_replay,15,5,59,real,3.0,3,3,0.0,gate_up_active_prebuilt,11,0.06521599739789963
case_022_real,humaneval,late,real_route_replay,15,5,59,real,3.0,3,3,0.0,gate_up_active_prebuilt,12,0.06409599632024765
case_022_real,humaneval,late,real_route_replay,15,5,59,real,3.0,3,3,0.0,gate_up_active_prebuilt,13,0.07667200267314911
case_022_real,humaneval,late,real_route_replay,15,5,59,real,3.0,3,3,0.0,gate_up_active_prebuilt,14,0.0650240033864975
case_022_real,humaneval,late,real_route_replay,15,5,59,real,3.0,3,3,0.0,gate_up_active_prebuilt,15,0.06239999830722809
case_022_real,humaneval,late,real_route_replay,15,5,59,real,3.0,3,3,0.0,gate_up_active_prebuilt,16,0.062431998550891876
case_022_real,humaneval,late,real_route_replay,15,5,59,real,3.0,3,3,0.0,gate_up_active_prebuilt,17,0.06329599767923355
case_022_real,humaneval,late,real_route_replay,15,5,59,real,3.0,3,3,0.0,gate_up_active_prebuilt,18,0.062272001057863235
case_022_real,humaneval,late,real_route_replay,15,5,59,real,3.0,3,3,0.0,gate_up_active_prebuilt,19,0.07363200187683105
case_022_real,humaneval,late,real_route_replay,15,5,59,real,3.0,3,3,0.0,gate_up_active_prebuilt,20,0.06137600168585777
case_022_real,humaneval,late,real_route_replay,15,5,59,real,3.0,3,3,0.0,gate_up_active_prebuilt,21,0.06310400366783142
case_022_real,humaneval,late,real_route_replay,15,5,59,real,3.0,3,3,0.0,gate_up_active_prebuilt,22,0.06377600133419037
case_022_real,humaneval,late,real_route_replay,15,5,59,real,3.0,3,3,0.0,gate_up_active_prebuilt,23,0.06272000074386597
case_022_real,humaneval,late,real_route_replay,15,5,59,real,3.0,3,3,0.0,gate_up_active_prebuilt,24,0.0623680017888546
case_022_real,humaneval,late,real_route_replay,15,5,59,real,3.0,3,3,0.0,gate_up_active_prebuilt,25,0.06415999680757523
case_022_real,humaneval,late,real_route_replay,15,5,59,real,3.0,3,3,0.0,gate_up_active_prebuilt,26,0.06435199826955795
case_022_real,humaneval,late,real_route_replay,15,5,59,real,3.0,3,3,0.0,gate_up_active_prebuilt,27,0.06511999666690826
case_022_real,humaneval,late,real_route_replay,15,5,59,real,3.0,3,3,0.0,gate_up_active_prebuilt,28,0.0642239972949028
case_022_real,humaneval,late,real_route_replay,15,5,59,real,3.0,3,3,0.0,gate_up_active_prebuilt,29,0.06764800101518631
case_022_real,humaneval,late,real_route_replay,15,5,59,real,3.0,3,3,0.0,gate_up_active_prebuilt,30,0.06483200192451477
case_022_real,humaneval,late,real_route_replay,15,5,59,real,3.0,3,3,0.0,gate_up_active_prebuilt,31,0.061792001128196716
case_022_real,humaneval,late,real_route_replay,15,5,59,real,3.0,3,3,0.0,gate_up_active_prebuilt,32,0.06169600039720535
case_022_real,humaneval,late,real_route_replay,15,5,59,real,3.0,3,3,0.0,gate_up_active_prebuilt,33,0.06335999816656113
case_022_real,humaneval,late,real_route_replay,15,5,59,real,3.0,3,3,0.0,gate_up_active_prebuilt,34,0.062111999839544296
case_022_real,humaneval,late,real_route_replay,15,5,59,real,3.0,3,3,0.0,gate_up_active_prebuilt,35,0.06188800185918808
case_022_real,humaneval,late,real_route_replay,15,5,59,real,3.0,3,3,0.0,gate_up_active_prebuilt,36,0.06252799928188324
case_022_real,humaneval,late,real_route_replay,15,5,59,real,3.0,3,3,0.0,gate_up_active_prebuilt,37,0.06691200286149979
case_022_real,humaneval,late,real_route_replay,15,5,59,real,3.0,3,3,0.0,gate_up_active_prebuilt,38,0.06576000154018402
case_022_real,humaneval,late,real_route_replay,15,5,59,real,3.0,3,3,0.0,gate_up_active_prebuilt,39,0.06345599889755249
case_025_real,humaneval,middle,real_route_replay,12,6,58,real,2.0,1,3,0.28867513459481287,down_active_prebuilt,0,0.062111999839544296
case_025_real,humaneval,middle,real_route_replay,12,6,58,real,2.0,1,3,0.28867513459481287,down_active_prebuilt,1,0.051263999193906784
case_025_real,humaneval,middle,real_route_replay,12,6,58,real,2.0,1,3,0.28867513459481287,down_active_prebuilt,2,0.04819199815392494
case_025_real,humaneval,middle,real_route_replay,12,6,58,real,2.0,1,3,0.28867513459481287,down_active_prebuilt,3,0.04918399825692177
case_025_real,humaneval,middle,real_route_replay,12,6,58,real,2.0,1,3,0.28867513459481287,down_active_prebuilt,4,0.05049600079655647
case_025_real,humaneval,middle,real_route_replay,12,6,58,real,2.0,1,3,0.28867513459481287,down_active_prebuilt,5,0.05036799982190132
case_025_real,humaneval,middle,real_route_replay,12,6,58,real,2.0,1,3,0.28867513459481287,down_active_prebuilt,6,0.047968000173568726
case_025_real,humaneval,middle,real_route_replay,12,6,58,real,2.0,1,3,0.28867513459481287,down_active_prebuilt,7,0.048895999789237976
case_025_real,humaneval,middle,real_route_replay,12,6,58,real,2.0,1,3,0.28867513459481287,down_active_prebuilt,8,0.051711998879909515
case_025_real,humaneval,middle,real_route_replay,12,6,58,real,2.0,1,3,0.28867513459481287,down_active_prebuilt,9,0.05212799832224846
case_025_real,humaneval,middle,real_route_replay,12,6,58,real,2.0,1,3,0.28867513459481287,down_active_prebuilt,10,0.04806400090456009
case_025_real,humaneval,middle,real_route_replay,12,6,58,real,2.0,1,3,0.28867513459481287,down_active_prebuilt,11,0.04848000034689903
case_025_real,humaneval,middle,real_route_replay,12,6,58,real,2.0,1,3,0.28867513459481287,down_active_prebuilt,12,0.0504320003092289
case_025_real,humaneval,middle,real_route_replay,12,6,58,real,2.0,1,3,0.28867513459481287,down_active_prebuilt,13,0.050303999334573746
case_025_real,humaneval,middle,real_route_replay,12,6,58,real,2.0,1,3,0.28867513459481287,down_active_prebuilt,14,0.04940799996256828
case_025_real,humaneval,middle,real_route_replay,12,6,58,real,2.0,1,3,0.28867513459481287,down_active_prebuilt,15,0.04713600128889084
case_025_real,humaneval,middle,real_route_replay,12,6,58,real,2.0,1,3,0.28867513459481287,down_active_prebuilt,16,0.046879999339580536
case_025_real,humaneval,middle,real_route_replay,12,6,58,real,2.0,1,3,0.28867513459481287,down_active_prebuilt,17,0.04864000156521797
case_025_real,humaneval,middle,real_route_replay,12,6,58,real,2.0,1,3,0.28867513459481287,down_active_prebuilt,18,0.047168001532554626
case_025_real,humaneval,middle,real_route_replay,12,6,58,real,2.0,1,3,0.28867513459481287,down_active_prebuilt,19,0.04912000149488449
case_025_real,humaneval,middle,real_route_replay,12,6,58,real,2.0,1,3,0.28867513459481287,down_active_prebuilt,20,0.04995200037956238
case_025_real,humaneval,middle,real_route_replay,12,6,58,real,2.0,1,3,0.28867513459481287,down_active_prebuilt,21,0.05100800096988678
case_025_real,humaneval,middle,real_route_replay,12,6,58,real,2.0,1,3,0.28867513459481287,down_active_prebuilt,22,0.04774399846792221
case_025_real,humaneval,middle,real_route_replay,12,6,58,real,2.0,1,3,0.28867513459481287,down_active_prebuilt,23,0.05382400006055832
case_025_real,humaneval,middle,real_route_replay,12,6,58,real,2.0,1,3,0.28867513459481287,down_active_prebuilt,24,0.056352000683546066
case_025_real,humaneval,middle,real_route_replay,12,6,58,real,2.0,1,3,0.28867513459481287,down_active_prebuilt,25,0.0541439987719059
case_025_real,humaneval,middle,real_route_replay,12,6,58,real,2.0,1,3,0.28867513459481287,down_active_prebuilt,26,0.053599998354911804
case_025_real,humaneval,middle,real_route_replay,12,6,58,real,2.0,1,3,0.28867513459481287,down_active_prebuilt,27,0.05814399942755699
case_025_real,humaneval,middle,real_route_replay,12,6,58,real,2.0,1,3,0.28867513459481287,down_active_prebuilt,28,0.053408000618219376
case_025_real,humaneval,middle,real_route_replay,12,6,58,real,2.0,1,3,0.28867513459481287,down_active_prebuilt,29,0.05423999950289726
case_025_real,humaneval,middle,real_route_replay,12,6,58,real,2.0,1,3,0.28867513459481287,down_active_prebuilt,30,0.053279999643564224
case_025_real,humaneval,middle,real_route_replay,12,6,58,real,2.0,1,3,0.28867513459481287,down_active_prebuilt,31,0.06233600154519081
case_025_real,humaneval,middle,real_route_replay,12,6,58,real,2.0,1,3,0.28867513459481287,down_active_prebuilt,32,0.05907199904322624
case_025_real,humaneval,middle,real_route_replay,12,6,58,real,2.0,1,3,0.28867513459481287,down_active_prebuilt,33,0.05734400078654289
case_025_real,humaneval,middle,real_route_replay,12,6,58,real,2.0,1,3,0.28867513459481287,down_active_prebuilt,34,0.05651199817657471
case_025_real,humaneval,middle,real_route_replay,12,6,58,real,2.0,1,3,0.28867513459481287,down_active_prebuilt,35,0.05555199831724167
case_025_real,humaneval,middle,real_route_replay,12,6,58,real,2.0,1,3,0.28867513459481287,down_active_prebuilt,36,0.05407999828457832
case_025_real,humaneval,middle,real_route_replay,12,6,58,real,2.0,1,3,0.28867513459481287,down_active_prebuilt,37,0.050464000552892685
case_025_real,humaneval,middle,real_route_replay,12,6,58,real,2.0,1,3,0.28867513459481287,down_active_prebuilt,38,0.04940799996256828
case_025_real,humaneval,middle,real_route_replay,12,6,58,real,2.0,1,3,0.28867513459481287,down_active_prebuilt,39,0.04707200080156326
case_025_real,humaneval,middle,real_route_replay,12,6,58,real,2.0,1,3,0.28867513459481287,gate_up_full64_prebuilt,0,0.06777600198984146
case_025_real,humaneval,middle,real_route_replay,12,6,58,real,2.0,1,3,0.28867513459481287,gate_up_full64_prebuilt,1,0.06960000097751617
case_025_real,humaneval,middle,real_route_replay,12,6,58,real,2.0,1,3,0.28867513459481287,gate_up_full64_prebuilt,2,0.06579200178384781
case_025_real,humaneval,middle,real_route_replay,12,6,58,real,2.0,1,3,0.28867513459481287,gate_up_full64_prebuilt,3,0.06585600227117538
case_025_real,humaneval,middle,real_route_replay,12,6,58,real,2.0,1,3,0.28867513459481287,gate_up_full64_prebuilt,4,0.06707199662923813
case_025_real,humaneval,middle,real_route_replay,12,6,58,real,2.0,1,3,0.28867513459481287,gate_up_full64_prebuilt,5,0.06563200056552887
case_025_real,humaneval,middle,real_route_replay,12,6,58,real,2.0,1,3,0.28867513459481287,gate_up_full64_prebuilt,6,0.06380800157785416
case_025_real,humaneval,middle,real_route_replay,12,6,58,real,2.0,1,3,0.28867513459481287,gate_up_full64_prebuilt,7,0.06412799656391144
case_025_real,humaneval,middle,real_route_replay,12,6,58,real,2.0,1,3,0.28867513459481287,gate_up_full64_prebuilt,8,0.0634239986538887
case_025_real,humaneval,middle,real_route_replay,12,6,58,real,2.0,1,3,0.28867513459481287,gate_up_full64_prebuilt,9,0.06672000139951706
case_025_real,humaneval,middle,real_route_replay,12,6,58,real,2.0,1,3,0.28867513459481287,gate_up_full64_prebuilt,10,0.06752000004053116
case_025_real,humaneval,middle,real_route_replay,12,6,58,real,2.0,1,3,0.28867513459481287,gate_up_full64_prebuilt,11,0.06659200042486191
case_025_real,humaneval,middle,real_route_replay,12,6,58,real,2.0,1,3,0.28867513459481287,gate_up_full64_prebuilt,12,0.06563200056552887
case_025_real,humaneval,middle,real_route_replay,12,6,58,real,2.0,1,3,0.28867513459481287,gate_up_full64_prebuilt,13,0.06598400324583054
case_025_real,humaneval,middle,real_route_replay,12,6,58,real,2.0,1,3,0.28867513459481287,gate_up_full64_prebuilt,14,0.07254400104284286
case_025_real,humaneval,middle,real_route_replay,12,6,58,real,2.0,1,3,0.28867513459481287,gate_up_full64_prebuilt,15,0.07331199944019318
case_025_real,humaneval,middle,real_route_replay,12,6,58,real,2.0,1,3,0.28867513459481287,gate_up_full64_prebuilt,16,0.07363200187683105
case_025_real,humaneval,middle,real_route_replay,12,6,58,real,2.0,1,3,0.28867513459481287,gate_up_full64_prebuilt,17,0.07241600006818771
case_025_real,humaneval,middle,real_route_replay,12,6,58,real,2.0,1,3,0.28867513459481287,gate_up_full64_prebuilt,18,0.06992000341415405
case_025_real,humaneval,middle,real_route_replay,12,6,58,real,2.0,1,3,0.28867513459481287,gate_up_full64_prebuilt,19,0.07049600034952164
case_025_real,humaneval,middle,real_route_replay,12,6,58,real,2.0,1,3,0.28867513459481287,gate_up_full64_prebuilt,20,0.07072000205516815
case_025_real,humaneval,middle,real_route_replay,12,6,58,real,2.0,1,3,0.28867513459481287,gate_up_full64_prebuilt,21,0.07395199686288834
case_025_real,humaneval,middle,real_route_replay,12,6,58,real,2.0,1,3,0.28867513459481287,gate_up_full64_prebuilt,22,0.0732479989528656
case_025_real,humaneval,middle,real_route_replay,12,6,58,real,2.0,1,3,0.28867513459481287,gate_up_full64_prebuilt,23,0.07129599899053574
case_025_real,humaneval,middle,real_route_replay,12,6,58,real,2.0,1,3,0.28867513459481287,gate_up_full64_prebuilt,24,0.0703359991312027
case_025_real,humaneval,middle,real_route_replay,12,6,58,real,2.0,1,3,0.28867513459481287,gate_up_full64_prebuilt,25,0.07257600128650665
case_025_real,humaneval,middle,real_route_replay,12,6,58,real,2.0,1,3,0.28867513459481287,gate_up_full64_prebuilt,26,0.07222399860620499
case_025_real,humaneval,middle,real_route_replay,12,6,58,real,2.0,1,3,0.28867513459481287,gate_up_full64_prebuilt,27,0.08054400235414505
case_025_real,humaneval,middle,real_route_replay,12,6,58,real,2.0,1,3,0.28867513459481287,gate_up_full64_prebuilt,28,0.07468800246715546
case_025_real,humaneval,middle,real_route_replay,12,6,58,real,2.0,1,3,0.28867513459481287,gate_up_full64_prebuilt,29,0.07497599720954895
case_025_real,humaneval,middle,real_route_replay,12,6,58,real,2.0,1,3,0.28867513459481287,gate_up_full64_prebuilt,30,0.07318399846553802
case_025_real,humaneval,middle,real_route_replay,12,6,58,real,2.0,1,3,0.28867513459481287,gate_up_full64_prebuilt,31,0.0735040009021759
case_025_real,humaneval,middle,real_route_replay,12,6,58,real,2.0,1,3,0.28867513459481287,gate_up_full64_prebuilt,32,0.07401599735021591
case_025_real,humaneval,middle,real_route_replay,12,6,58,real,2.0,1,3,0.28867513459481287,gate_up_full64_prebuilt,33,0.07407999783754349
case_025_real,humaneval,middle,real_route_replay,12,6,58,real,2.0,1,3,0.28867513459481287,gate_up_full64_prebuilt,34,0.07427199929952621
case_025_real,humaneval,middle,real_route_replay,12,6,58,real,2.0,1,3,0.28867513459481287,gate_up_full64_prebuilt,35,0.07497599720954895
case_025_real,humaneval,middle,real_route_replay,12,6,58,real,2.0,1,3,0.28867513459481287,gate_up_full64_prebuilt,36,0.07257600128650665
case_025_real,humaneval,middle,real_route_replay,12,6,58,real,2.0,1,3,0.28867513459481287,gate_up_full64_prebuilt,37,0.06617599725723267
case_025_real,humaneval,middle,real_route_replay,12,6,58,real,2.0,1,3,0.28867513459481287,gate_up_full64_prebuilt,38,0.06678400188684464
case_025_real,humaneval,middle,real_route_replay,12,6,58,real,2.0,1,3,0.28867513459481287,gate_up_full64_prebuilt,39,0.06784000247716904
case_025_real,humaneval,middle,real_route_replay,12,6,58,real,2.0,1,3,0.28867513459481287,down_full64_prebuilt,0,0.04819199815392494
case_025_real,humaneval,middle,real_route_replay,12,6,58,real,2.0,1,3,0.28867513459481287,down_full64_prebuilt,1,0.04848000034689903
case_025_real,humaneval,middle,real_route_replay,12,6,58,real,2.0,1,3,0.28867513459481287,down_full64_prebuilt,2,0.04700800031423569
case_025_real,humaneval,middle,real_route_replay,12,6,58,real,2.0,1,3,0.28867513459481287,down_full64_prebuilt,3,0.04755200073122978
case_025_real,humaneval,middle,real_route_replay,12,6,58,real,2.0,1,3,0.28867513459481287,down_full64_prebuilt,4,0.04918399825692177
case_025_real,humaneval,middle,real_route_replay,12,6,58,real,2.0,1,3,0.28867513459481287,down_full64_prebuilt,5,0.0488319993019104
case_025_real,humaneval,middle,real_route_replay,12,6,58,real,2.0,1,3,0.28867513459481287,down_full64_prebuilt,6,0.04700800031423569
case_025_real,humaneval,middle,real_route_replay,12,6,58,real,2.0,1,3,0.28867513459481287,down_full64_prebuilt,7,0.04790399968624115
case_025_real,humaneval,middle,real_route_replay,12,6,58,real,2.0,1,3,0.28867513459481287,down_full64_prebuilt,8,0.04912000149488449
case_025_real,humaneval,middle,real_route_replay,12,6,58,real,2.0,1,3,0.28867513459481287,down_full64_prebuilt,9,0.05004800111055374
case_025_real,humaneval,middle,real_route_replay,12,6,58,real,2.0,1,3,0.28867513459481287,down_full64_prebuilt,10,0.04825599864125252
case_025_real,humaneval,middle,real_route_replay,12,6,58,real,2.0,1,3,0.28867513459481287,down_full64_prebuilt,11,0.04854400083422661
case_025_real,humaneval,middle,real_route_replay,12,6,58,real,2.0,1,3,0.28867513459481287,down_full64_prebuilt,12,0.048576001077890396
case_025_real,humaneval,middle,real_route_replay,12,6,58,real,2.0,1,3,0.28867513459481287,down_full64_prebuilt,13,0.049247998744249344
case_025_real,humaneval,middle,real_route_replay,12,6,58,real,2.0,1,3,0.28867513459481287,down_full64_prebuilt,14,0.04761600121855736
case_025_real,humaneval,middle,real_route_replay,12,6,58,real,2.0,1,3,0.28867513459481287,down_full64_prebuilt,15,0.04841599985957146
case_025_real,humaneval,middle,real_route_replay,12,6,58,real,2.0,1,3,0.28867513459481287,down_full64_prebuilt,16,0.047520000487565994
case_025_real,humaneval,middle,real_route_replay,12,6,58,real,2.0,1,3,0.28867513459481287,down_full64_prebuilt,17,0.0504320003092289
case_025_real,humaneval,middle,real_route_replay,12,6,58,real,2.0,1,3,0.28867513459481287,down_full64_prebuilt,18,0.050944000482559204
case_025_real,humaneval,middle,real_route_replay,12,6,58,real,2.0,1,3,0.28867513459481287,down_full64_prebuilt,19,0.05020799860358238
case_025_real,humaneval,middle,real_route_replay,12,6,58,real,2.0,1,3,0.28867513459481287,down_full64_prebuilt,20,0.049536000937223434
case_025_real,humaneval,middle,real_route_replay,12,6,58,real,2.0,1,3,0.28867513459481287,down_full64_prebuilt,21,0.05363199859857559
case_025_real,humaneval,middle,real_route_replay,12,6,58,real,2.0,1,3,0.28867513459481287,down_full64_prebuilt,22,0.04975999891757965
case_025_real,humaneval,middle,real_route_replay,12,6,58,real,2.0,1,3,0.28867513459481287,down_full64_prebuilt,23,0.05190400034189224
case_025_real,humaneval,middle,real_route_replay,12,6,58,real,2.0,1,3,0.28867513459481287,down_full64_prebuilt,24,0.05020799860358238
case_025_real,humaneval,middle,real_route_replay,12,6,58,real,2.0,1,3,0.28867513459481287,down_full64_prebuilt,25,0.048928000032901764
case_025_real,humaneval,middle,real_route_replay,12,6,58,real,2.0,1,3,0.28867513459481287,down_full64_prebuilt,26,0.046431999653577805
case_025_real,humaneval,middle,real_route_replay,12,6,58,real,2.0,1,3,0.28867513459481287,down_full64_prebuilt,27,0.047680001705884933
case_025_real,humaneval,middle,real_route_replay,12,6,58,real,2.0,1,3,0.28867513459481287,down_full64_prebuilt,28,0.046720001846551895
case_025_real,humaneval,middle,real_route_replay,12,6,58,real,2.0,1,3,0.28867513459481287,down_full64_prebuilt,29,0.04918399825692177
case_025_real,humaneval,middle,real_route_replay,12,6,58,real,2.0,1,3,0.28867513459481287,down_full64_prebuilt,30,0.050016000866889954
case_025_real,humaneval,middle,real_route_replay,12,6,58,real,2.0,1,3,0.28867513459481287,down_full64_prebuilt,31,0.04771199822425842
case_025_real,humaneval,middle,real_route_replay,12,6,58,real,2.0,1,3,0.28867513459481287,down_full64_prebuilt,32,0.04867200180888176
case_025_real,humaneval,middle,real_route_replay,12,6,58,real,2.0,1,3,0.28867513459481287,down_full64_prebuilt,33,0.04841599985957146
case_025_real,humaneval,middle,real_route_replay,12,6,58,real,2.0,1,3,0.28867513459481287,down_full64_prebuilt,34,0.04729599878191948
case_025_real,humaneval,middle,real_route_replay,12,6,58,real,2.0,1,3,0.28867513459481287,down_full64_prebuilt,35,0.053888000547885895
case_025_real,humaneval,middle,real_route_replay,12,6,58,real,2.0,1,3,0.28867513459481287,down_full64_prebuilt,36,0.05344000086188316
case_025_real,humaneval,middle,real_route_replay,12,6,58,real,2.0,1,3,0.28867513459481287,down_full64_prebuilt,37,0.05276799947023392
case_025_real,humaneval,middle,real_route_replay,12,6,58,real,2.0,1,3,0.28867513459481287,down_full64_prebuilt,38,0.057472001761198044
case_025_real,humaneval,middle,real_route_replay,12,6,58,real,2.0,1,3,0.28867513459481287,down_full64_prebuilt,39,0.05923200026154518
case_025_real,humaneval,middle,real_route_replay,12,6,58,real,2.0,1,3,0.28867513459481287,swiglu,0,0.04211200028657913
case_025_real,humaneval,middle,real_route_replay,12,6,58,real,2.0,1,3,0.28867513459481287,swiglu,1,0.028991999104619026
case_025_real,humaneval,middle,real_route_replay,12,6,58,real,2.0,1,3,0.28867513459481287,swiglu,2,0.02595200017094612
case_025_real,humaneval,middle,real_route_replay,12,6,58,real,2.0,1,3,0.28867513459481287,swiglu,3,0.023615999147295952
case_025_real,humaneval,middle,real_route_replay,12,6,58,real,2.0,1,3,0.28867513459481287,swiglu,4,0.023711999878287315
case_025_real,humaneval,middle,real_route_replay,12,6,58,real,2.0,1,3,0.28867513459481287,swiglu,5,0.02454400062561035
case_025_real,humaneval,middle,real_route_replay,12,6,58,real,2.0,1,3,0.28867513459481287,swiglu,6,0.02284800074994564
case_025_real,humaneval,middle,real_route_replay,12,6,58,real,2.0,1,3,0.28867513459481287,swiglu,7,0.02393599972128868
case_025_real,humaneval,middle,real_route_replay,12,6,58,real,2.0,1,3,0.28867513459481287,swiglu,8,0.02112000063061714
case_025_real,humaneval,middle,real_route_replay,12,6,58,real,2.0,1,3,0.28867513459481287,swiglu,9,0.021407999098300934
case_025_real,humaneval,middle,real_route_replay,12,6,58,real,2.0,1,3,0.28867513459481287,swiglu,10,0.021088000386953354
case_025_real,humaneval,middle,real_route_replay,12,6,58,real,2.0,1,3,0.28867513459481287,swiglu,11,0.024831999093294144
case_025_real,humaneval,middle,real_route_replay,12,6,58,real,2.0,1,3,0.28867513459481287,swiglu,12,0.02579200081527233
case_025_real,humaneval,middle,real_route_replay,12,6,58,real,2.0,1,3,0.28867513459481287,swiglu,13,0.02489599958062172
case_025_real,humaneval,middle,real_route_replay,12,6,58,real,2.0,1,3,0.28867513459481287,swiglu,14,0.02393599972128868
case_025_real,humaneval,middle,real_route_replay,12,6,58,real,2.0,1,3,0.28867513459481287,swiglu,15,0.023711999878287315
case_025_real,humaneval,middle,real_route_replay,12,6,58,real,2.0,1,3,0.28867513459481287,swiglu,16,0.023135999217629433
case_025_real,humaneval,middle,real_route_replay,12,6,58,real,2.0,1,3,0.28867513459481287,swiglu,17,0.02319999970495701
case_025_real,humaneval,middle,real_route_replay,12,6,58,real,2.0,1,3,0.28867513459481287,swiglu,18,0.022016000002622604
case_025_real,humaneval,middle,real_route_replay,12,6,58,real,2.0,1,3,0.28867513459481287,swiglu,19,0.02223999984562397
case_025_real,humaneval,middle,real_route_replay,12,6,58,real,2.0,1,3,0.28867513459481287,swiglu,20,0.021727999672293663
case_025_real,humaneval,middle,real_route_replay,12,6,58,real,2.0,1,3,0.28867513459481287,swiglu,21,0.02287999913096428
case_025_real,humaneval,middle,real_route_replay,12,6,58,real,2.0,1,3,0.28867513459481287,swiglu,22,0.02112000063061714
case_025_real,humaneval,middle,real_route_replay,12,6,58,real,2.0,1,3,0.28867513459481287,swiglu,23,0.02412799932062626
case_025_real,humaneval,middle,real_route_replay,12,6,58,real,2.0,1,3,0.28867513459481287,swiglu,24,0.024000000208616257
case_025_real,humaneval,middle,real_route_replay,12,6,58,real,2.0,1,3,0.28867513459481287,swiglu,25,0.02396799996495247
case_025_real,humaneval,middle,real_route_replay,12,6,58,real,2.0,1,3,0.28867513459481287,swiglu,26,0.023552000522613525
case_025_real,humaneval,middle,real_route_replay,12,6,58,real,2.0,1,3,0.28867513459481287,swiglu,27,0.021215999498963356
case_025_real,humaneval,middle,real_route_replay,12,6,58,real,2.0,1,3,0.28867513459481287,swiglu,28,0.02112000063061714
case_025_real,humaneval,middle,real_route_replay,12,6,58,real,2.0,1,3,0.28867513459481287,swiglu,29,0.022655999287962914
case_025_real,humaneval,middle,real_route_replay,12,6,58,real,2.0,1,3,0.28867513459481287,swiglu,30,0.023903999477624893
case_025_real,humaneval,middle,real_route_replay,12,6,58,real,2.0,1,3,0.28867513459481287,swiglu,31,0.02316799946129322
case_025_real,humaneval,middle,real_route_replay,12,6,58,real,2.0,1,3,0.28867513459481287,swiglu,32,0.021824000403285027
case_025_real,humaneval,middle,real_route_replay,12,6,58,real,2.0,1,3,0.28867513459481287,swiglu,33,0.023072000592947006
case_025_real,humaneval,middle,real_route_replay,12,6,58,real,2.0,1,3,0.28867513459481287,swiglu,34,0.03558399900794029
case_025_real,humaneval,middle,real_route_replay,12,6,58,real,2.0,1,3,0.28867513459481287,swiglu,35,0.026784000918269157
case_025_real,humaneval,middle,real_route_replay,12,6,58,real,2.0,1,3,0.28867513459481287,swiglu,36,0.024607999250292778
case_025_real,humaneval,middle,real_route_replay,12,6,58,real,2.0,1,3,0.28867513459481287,swiglu,37,0.024224000051617622
case_025_real,humaneval,middle,real_route_replay,12,6,58,real,2.0,1,3,0.28867513459481287,swiglu,38,0.02332800067961216
case_025_real,humaneval,middle,real_route_replay,12,6,58,real,2.0,1,3,0.28867513459481287,swiglu,39,0.02208000048995018
case_025_real,humaneval,middle,real_route_replay,12,6,58,real,2.0,1,3,0.28867513459481287,gate_up_active_prebuilt,0,0.07718399912118912
case_025_real,humaneval,middle,real_route_replay,12,6,58,real,2.0,1,3,0.28867513459481287,gate_up_active_prebuilt,1,0.06511999666690826
case_025_real,humaneval,middle,real_route_replay,12,6,58,real,2.0,1,3,0.28867513459481287,gate_up_active_prebuilt,2,0.06576000154018402
case_025_real,humaneval,middle,real_route_replay,12,6,58,real,2.0,1,3,0.28867513459481287,gate_up_active_prebuilt,3,0.06844799965620041
case_025_real,humaneval,middle,real_route_replay,12,6,58,real,2.0,1,3,0.28867513459481287,gate_up_active_prebuilt,4,0.06415999680757523
case_025_real,humaneval,middle,real_route_replay,12,6,58,real,2.0,1,3,0.28867513459481287,gate_up_active_prebuilt,5,0.06409599632024765
case_025_real,humaneval,middle,real_route_replay,12,6,58,real,2.0,1,3,0.28867513459481287,gate_up_active_prebuilt,6,0.06665600091218948
case_025_real,humaneval,middle,real_route_replay,12,6,58,real,2.0,1,3,0.28867513459481287,gate_up_active_prebuilt,7,0.06454399973154068
case_025_real,humaneval,middle,real_route_replay,12,6,58,real,2.0,1,3,0.28867513459481287,gate_up_active_prebuilt,8,0.06457599997520447
case_025_real,humaneval,middle,real_route_replay,12,6,58,real,2.0,1,3,0.28867513459481287,gate_up_active_prebuilt,9,0.06310400366783142
case_025_real,humaneval,middle,real_route_replay,12,6,58,real,2.0,1,3,0.28867513459481287,gate_up_active_prebuilt,10,0.06307200342416763
case_025_real,humaneval,middle,real_route_replay,12,6,58,real,2.0,1,3,0.28867513459481287,gate_up_active_prebuilt,11,0.06521599739789963
case_025_real,humaneval,middle,real_route_replay,12,6,58,real,2.0,1,3,0.28867513459481287,gate_up_active_prebuilt,12,0.0629120022058487
case_025_real,humaneval,middle,real_route_replay,12,6,58,real,2.0,1,3,0.28867513459481287,gate_up_active_prebuilt,13,0.06185600161552429
case_025_real,humaneval,middle,real_route_replay,12,6,58,real,2.0,1,3,0.28867513459481287,gate_up_active_prebuilt,14,0.06249599903821945
case_025_real,humaneval,middle,real_route_replay,12,6,58,real,2.0,1,3,0.28867513459481287,gate_up_active_prebuilt,15,0.06345599889755249
case_025_real,humaneval,middle,real_route_replay,12,6,58,real,2.0,1,3,0.28867513459481287,gate_up_active_prebuilt,16,0.06412799656391144
case_025_real,humaneval,middle,real_route_replay,12,6,58,real,2.0,1,3,0.28867513459481287,gate_up_active_prebuilt,17,0.06384000182151794
case_025_real,humaneval,middle,real_route_replay,12,6,58,real,2.0,1,3,0.28867513459481287,gate_up_active_prebuilt,18,0.06524799764156342
case_025_real,humaneval,middle,real_route_replay,12,6,58,real,2.0,1,3,0.28867513459481287,gate_up_active_prebuilt,19,0.06825599819421768
case_025_real,humaneval,middle,real_route_replay,12,6,58,real,2.0,1,3,0.28867513459481287,gate_up_active_prebuilt,20,0.06672000139951706
case_025_real,humaneval,middle,real_route_replay,12,6,58,real,2.0,1,3,0.28867513459481287,gate_up_active_prebuilt,21,0.06307200342416763
case_025_real,humaneval,middle,real_route_replay,12,6,58,real,2.0,1,3,0.28867513459481287,gate_up_active_prebuilt,22,0.06457599997520447
case_025_real,humaneval,middle,real_route_replay,12,6,58,real,2.0,1,3,0.28867513459481287,gate_up_active_prebuilt,23,0.069023996591568
case_025_real,humaneval,middle,real_route_replay,12,6,58,real,2.0,1,3,0.28867513459481287,gate_up_active_prebuilt,24,0.06825599819421768
case_025_real,humaneval,middle,real_route_replay,12,6,58,real,2.0,1,3,0.28867513459481287,gate_up_active_prebuilt,25,0.066880002617836
case_025_real,humaneval,middle,real_route_replay,12,6,58,real,2.0,1,3,0.28867513459481287,gate_up_active_prebuilt,26,0.0697920024394989
case_025_real,humaneval,middle,real_route_replay,12,6,58,real,2.0,1,3,0.28867513459481287,gate_up_active_prebuilt,27,0.07366400212049484
case_025_real,humaneval,middle,real_route_replay,12,6,58,real,2.0,1,3,0.28867513459481287,gate_up_active_prebuilt,28,0.07276800274848938
case_025_real,humaneval,middle,real_route_replay,12,6,58,real,2.0,1,3,0.28867513459481287,gate_up_active_prebuilt,29,0.07180800288915634
case_025_real,humaneval,middle,real_route_replay,12,6,58,real,2.0,1,3,0.28867513459481287,gate_up_active_prebuilt,30,0.07177600264549255
case_025_real,humaneval,middle,real_route_replay,12,6,58,real,2.0,1,3,0.28867513459481287,gate_up_active_prebuilt,31,0.0761599987745285
case_025_real,humaneval,middle,real_route_replay,12,6,58,real,2.0,1,3,0.28867513459481287,gate_up_active_prebuilt,32,0.0719359964132309
case_025_real,humaneval,middle,real_route_replay,12,6,58,real,2.0,1,3,0.28867513459481287,gate_up_active_prebuilt,33,0.07215999811887741
case_025_real,humaneval,middle,real_route_replay,12,6,58,real,2.0,1,3,0.28867513459481287,gate_up_active_prebuilt,34,0.07472000271081924
case_025_real,humaneval,middle,real_route_replay,12,6,58,real,2.0,1,3,0.28867513459481287,gate_up_active_prebuilt,35,0.07446400076150894
case_025_real,humaneval,middle,real_route_replay,12,6,58,real,2.0,1,3,0.28867513459481287,gate_up_active_prebuilt,36,0.07494399696588516
case_025_real,humaneval,middle,real_route_replay,12,6,58,real,2.0,1,3,0.28867513459481287,gate_up_active_prebuilt,37,0.07407999783754349
case_025_real,humaneval,middle,real_route_replay,12,6,58,real,2.0,1,3,0.28867513459481287,gate_up_active_prebuilt,38,0.06864000111818314
case_025_real,humaneval,middle,real_route_replay,12,6,58,real,2.0,1,3,0.28867513459481287,gate_up_active_prebuilt,39,0.07135999947786331
case_025_real,humaneval,middle,real_route_replay,12,6,58,real,2.0,1,3,0.28867513459481287,route_weight,0,0.02940800040960312
case_025_real,humaneval,middle,real_route_replay,12,6,58,real,2.0,1,3,0.28867513459481287,route_weight,1,0.02598400041460991
case_025_real,humaneval,middle,real_route_replay,12,6,58,real,2.0,1,3,0.28867513459481287,route_weight,2,0.022304000332951546
case_025_real,humaneval,middle,real_route_replay,12,6,58,real,2.0,1,3,0.28867513459481287,route_weight,3,0.0225600004196167
case_025_real,humaneval,middle,real_route_replay,12,6,58,real,2.0,1,3,0.28867513459481287,route_weight,4,0.024351999163627625
case_025_real,humaneval,middle,real_route_replay,12,6,58,real,2.0,1,3,0.28867513459481287,route_weight,5,0.02396799996495247
case_025_real,humaneval,middle,real_route_replay,12,6,58,real,2.0,1,3,0.28867513459481287,route_weight,6,0.026048000901937485
case_025_real,humaneval,middle,real_route_replay,12,6,58,real,2.0,1,3,0.28867513459481287,route_weight,7,0.022143999114632607
case_025_real,humaneval,middle,real_route_replay,12,6,58,real,2.0,1,3,0.28867513459481287,route_weight,8,0.018880000337958336
case_025_real,humaneval,middle,real_route_replay,12,6,58,real,2.0,1,3,0.28867513459481287,route_weight,9,0.014431999996304512
case_025_real,humaneval,middle,real_route_replay,12,6,58,real,2.0,1,3,0.28867513459481287,route_weight,10,0.014592000283300877
case_025_real,humaneval,middle,real_route_replay,12,6,58,real,2.0,1,3,0.28867513459481287,route_weight,11,0.01817600056529045
case_025_real,humaneval,middle,real_route_replay,12,6,58,real,2.0,1,3,0.28867513459481287,route_weight,12,0.026944000273942947
case_025_real,humaneval,middle,real_route_replay,12,6,58,real,2.0,1,3,0.28867513459481287,route_weight,13,0.02457600086927414
case_025_real,humaneval,middle,real_route_replay,12,6,58,real,2.0,1,3,0.28867513459481287,route_weight,14,0.026623999699950218
case_025_real,humaneval,middle,real_route_replay,12,6,58,real,2.0,1,3,0.28867513459481287,route_weight,15,0.0244159996509552
case_025_real,humaneval,middle,real_route_replay,12,6,58,real,2.0,1,3,0.28867513459481287,route_weight,16,0.022272000089287758
case_025_real,humaneval,middle,real_route_replay,12,6,58,real,2.0,1,3,0.28867513459481287,route_weight,17,0.020096000283956528
case_025_real,humaneval,middle,real_route_replay,12,6,58,real,2.0,1,3,0.28867513459481287,route_weight,18,0.019999999552965164
case_025_real,humaneval,middle,real_route_replay,12,6,58,real,2.0,1,3,0.28867513459481287,route_weight,19,0.0244159996509552
case_025_real,humaneval,middle,real_route_replay,12,6,58,real,2.0,1,3,0.28867513459481287,route_weight,20,0.02147199958562851
case_025_real,humaneval,middle,real_route_replay,12,6,58,real,2.0,1,3,0.28867513459481287,route_weight,21,0.02831999957561493
case_025_real,humaneval,middle,real_route_replay,12,6,58,real,2.0,1,3,0.28867513459481287,route_weight,22,0.024992000311613083
case_025_real,humaneval,middle,real_route_replay,12,6,58,real,2.0,1,3,0.28867513459481287,route_weight,23,0.023072000592947006
case_025_real,humaneval,middle,real_route_replay,12,6,58,real,2.0,1,3,0.28867513459481287,route_weight,24,0.022784000262618065
case_025_real,humaneval,middle,real_route_replay,12,6,58,real,2.0,1,3,0.28867513459481287,route_weight,25,0.024383999407291412
case_025_real,humaneval,middle,real_route_replay,12,6,58,real,2.0,1,3,0.28867513459481287,route_weight,26,0.02396799996495247
case_025_real,humaneval,middle,real_route_replay,12,6,58,real,2.0,1,3,0.28867513459481287,route_weight,27,0.022112000733613968
case_025_real,humaneval,middle,real_route_replay,12,6,58,real,2.0,1,3,0.28867513459481287,route_weight,28,0.027168000116944313
case_025_real,humaneval,middle,real_route_replay,12,6,58,real,2.0,1,3,0.28867513459481287,route_weight,29,0.02271999977529049
case_025_real,humaneval,middle,real_route_replay,12,6,58,real,2.0,1,3,0.28867513459481287,route_weight,30,0.02796800062060356
case_025_real,humaneval,middle,real_route_replay,12,6,58,real,2.0,1,3,0.28867513459481287,route_weight,31,0.017184000462293625
case_025_real,humaneval,middle,real_route_replay,12,6,58,real,2.0,1,3,0.28867513459481287,route_weight,32,0.015904000028967857
case_025_real,humaneval,middle,real_route_replay,12,6,58,real,2.0,1,3,0.28867513459481287,route_weight,33,0.01548799965530634
case_025_real,humaneval,middle,real_route_replay,12,6,58,real,2.0,1,3,0.28867513459481287,route_weight,34,0.02131200022995472
case_025_real,humaneval,middle,real_route_replay,12,6,58,real,2.0,1,3,0.28867513459481287,route_weight,35,0.027008000761270523
case_025_real,humaneval,middle,real_route_replay,12,6,58,real,2.0,1,3,0.28867513459481287,route_weight,36,0.024800000712275505
case_025_real,humaneval,middle,real_route_replay,12,6,58,real,2.0,1,3,0.28867513459481287,route_weight,37,0.022943999618291855
case_025_real,humaneval,middle,real_route_replay,12,6,58,real,2.0,1,3,0.28867513459481287,route_weight,38,0.02054399996995926
case_025_real,humaneval,middle,real_route_replay,12,6,58,real,2.0,1,3,0.28867513459481287,route_weight,39,0.03155200183391571
case_026_real,humaneval,middle,real_route_replay,137,19,45,real,7.2105263157894735,2,33,1.0719742920108508,gate_up_full64_prebuilt,0,0.15830400586128235
case_026_real,humaneval,middle,real_route_replay,137,19,45,real,7.2105263157894735,2,33,1.0719742920108508,gate_up_full64_prebuilt,1,0.166143998503685
case_026_real,humaneval,middle,real_route_replay,137,19,45,real,7.2105263157894735,2,33,1.0719742920108508,gate_up_full64_prebuilt,2,0.15212799608707428
case_026_real,humaneval,middle,real_route_replay,137,19,45,real,7.2105263157894735,2,33,1.0719742920108508,gate_up_full64_prebuilt,3,0.15036800503730774
case_026_real,humaneval,middle,real_route_replay,137,19,45,real,7.2105263157894735,2,33,1.0719742920108508,gate_up_full64_prebuilt,4,0.14710399508476257
case_026_real,humaneval,middle,real_route_replay,137,19,45,real,7.2105263157894735,2,33,1.0719742920108508,gate_up_full64_prebuilt,5,0.15091200172901154
case_026_real,humaneval,middle,real_route_replay,137,19,45,real,7.2105263157894735,2,33,1.0719742920108508,gate_up_full64_prebuilt,6,0.14739200472831726
case_026_real,humaneval,middle,real_route_replay,137,19,45,real,7.2105263157894735,2,33,1.0719742920108508,gate_up_full64_prebuilt,7,0.15068799257278442
case_026_real,humaneval,middle,real_route_replay,137,19,45,real,7.2105263157894735,2,33,1.0719742920108508,gate_up_full64_prebuilt,8,0.15187199413776398
case_026_real,humaneval,middle,real_route_replay,137,19,45,real,7.2105263157894735,2,33,1.0719742920108508,gate_up_full64_prebuilt,9,0.14588800072669983
case_026_real,humaneval,middle,real_route_replay,137,19,45,real,7.2105263157894735,2,33,1.0719742920108508,gate_up_full64_prebuilt,10,0.15084800124168396
case_026_real,humaneval,middle,real_route_replay,137,19,45,real,7.2105263157894735,2,33,1.0719742920108508,gate_up_full64_prebuilt,11,0.15011200308799744
case_026_real,humaneval,middle,real_route_replay,137,19,45,real,7.2105263157894735,2,33,1.0719742920108508,gate_up_full64_prebuilt,12,0.14531199634075165
case_026_real,humaneval,middle,real_route_replay,137,19,45,real,7.2105263157894735,2,33,1.0719742920108508,gate_up_full64_prebuilt,13,0.14665600657463074
case_026_real,humaneval,middle,real_route_replay,137,19,45,real,7.2105263157894735,2,33,1.0719742920108508,gate_up_full64_prebuilt,14,0.14812800288200378
case_026_real,humaneval,middle,real_route_replay,137,19,45,real,7.2105263157894735,2,33,1.0719742920108508,gate_up_full64_prebuilt,15,0.1488640010356903
case_026_real,humaneval,middle,real_route_replay,137,19,45,real,7.2105263157894735,2,33,1.0719742920108508,gate_up_full64_prebuilt,16,0.1462399959564209
case_026_real,humaneval,middle,real_route_replay,137,19,45,real,7.2105263157894735,2,33,1.0719742920108508,gate_up_full64_prebuilt,17,0.1611199975013733
case_026_real,humaneval,middle,real_route_replay,137,19,45,real,7.2105263157894735,2,33,1.0719742920108508,gate_up_full64_prebuilt,18,0.15513600409030914
case_026_real,humaneval,middle,real_route_replay,137,19,45,real,7.2105263157894735,2,33,1.0719742920108508,gate_up_full64_prebuilt,19,0.14496000111103058
case_026_real,humaneval,middle,real_route_replay,137,19,45,real,7.2105263157894735,2,33,1.0719742920108508,gate_up_full64_prebuilt,20,0.15267199277877808
case_026_real,humaneval,middle,real_route_replay,137,19,45,real,7.2105263157894735,2,33,1.0719742920108508,gate_up_full64_prebuilt,21,0.14867199957370758
case_026_real,humaneval,middle,real_route_replay,137,19,45,real,7.2105263157894735,2,33,1.0719742920108508,gate_up_full64_prebuilt,22,0.14105600118637085
case_026_real,humaneval,middle,real_route_replay,137,19,45,real,7.2105263157894735,2,33,1.0719742920108508,gate_up_full64_prebuilt,23,0.1454080045223236
case_026_real,humaneval,middle,real_route_replay,137,19,45,real,7.2105263157894735,2,33,1.0719742920108508,gate_up_full64_prebuilt,24,0.14211200177669525
case_026_real,humaneval,middle,real_route_replay,137,19,45,real,7.2105263157894735,2,33,1.0719742920108508,gate_up_full64_prebuilt,25,0.14271999895572662
case_026_real,humaneval,middle,real_route_replay,137,19,45,real,7.2105263157894735,2,33,1.0719742920108508,gate_up_full64_prebuilt,26,0.14057600498199463
case_026_real,humaneval,middle,real_route_replay,137,19,45,real,7.2105263157894735,2,33,1.0719742920108508,gate_up_full64_prebuilt,27,0.1417279988527298
case_026_real,humaneval,middle,real_route_replay,137,19,45,real,7.2105263157894735,2,33,1.0719742920108508,gate_up_full64_prebuilt,28,0.13920000195503235
case_026_real,humaneval,middle,real_route_replay,137,19,45,real,7.2105263157894735,2,33,1.0719742920108508,gate_up_full64_prebuilt,29,0.15011200308799744
case_026_real,humaneval,middle,real_route_replay,137,19,45,real,7.2105263157894735,2,33,1.0719742920108508,gate_up_full64_prebuilt,30,0.14217600226402283
case_026_real,humaneval,middle,real_route_replay,137,19,45,real,7.2105263157894735,2,33,1.0719742920108508,gate_up_full64_prebuilt,31,0.14483200013637543
case_026_real,humaneval,middle,real_route_replay,137,19,45,real,7.2105263157894735,2,33,1.0719742920108508,gate_up_full64_prebuilt,32,0.1422719955444336
case_026_real,humaneval,middle,real_route_replay,137,19,45,real,7.2105263157894735,2,33,1.0719742920108508,gate_up_full64_prebuilt,33,0.14246399700641632
case_026_real,humaneval,middle,real_route_replay,137,19,45,real,7.2105263157894735,2,33,1.0719742920108508,gate_up_full64_prebuilt,34,0.14102399349212646
case_026_real,humaneval,middle,real_route_replay,137,19,45,real,7.2105263157894735,2,33,1.0719742920108508,gate_up_full64_prebuilt,35,0.1456640064716339
case_026_real,humaneval,middle,real_route_replay,137,19,45,real,7.2105263157894735,2,33,1.0719742920108508,gate_up_full64_prebuilt,36,0.14323200285434723
case_026_real,humaneval,middle,real_route_replay,137,19,45,real,7.2105263157894735,2,33,1.0719742920108508,gate_up_full64_prebuilt,37,0.14044800400733948
case_026_real,humaneval,middle,real_route_replay,137,19,45,real,7.2105263157894735,2,33,1.0719742920108508,gate_up_full64_prebuilt,38,0.1387840062379837
case_026_real,humaneval,middle,real_route_replay,137,19,45,real,7.2105263157894735,2,33,1.0719742920108508,gate_up_full64_prebuilt,39,0.1395840048789978
case_026_real,humaneval,middle,real_route_replay,137,19,45,real,7.2105263157894735,2,33,1.0719742920108508,swiglu,0,0.03468799963593483
case_026_real,humaneval,middle,real_route_replay,137,19,45,real,7.2105263157894735,2,33,1.0719742920108508,swiglu,1,0.026367999613285065
case_026_real,humaneval,middle,real_route_replay,137,19,45,real,7.2105263157894735,2,33,1.0719742920108508,swiglu,2,0.023615999147295952
case_026_real,humaneval,middle,real_route_replay,137,19,45,real,7.2105263157894735,2,33,1.0719742920108508,swiglu,3,0.024768000468611717
case_026_real,humaneval,middle,real_route_replay,137,19,45,real,7.2105263157894735,2,33,1.0719742920108508,swiglu,4,0.02179200015962124
case_026_real,humaneval,middle,real_route_replay,137,19,45,real,7.2105263157894735,2,33,1.0719742920108508,swiglu,5,0.021215999498963356
case_026_real,humaneval,middle,real_route_replay,137,19,45,real,7.2105263157894735,2,33,1.0719742920108508,swiglu,6,0.021344000473618507
case_026_real,humaneval,middle,real_route_replay,137,19,45,real,7.2105263157894735,2,33,1.0719742920108508,swiglu,7,0.02396799996495247
case_026_real,humaneval,middle,real_route_replay,137,19,45,real,7.2105263157894735,2,33,1.0719742920108508,swiglu,8,0.023679999634623528
case_026_real,humaneval,middle,real_route_replay,137,19,45,real,7.2105263157894735,2,33,1.0719742920108508,swiglu,9,0.024320000782608986
case_026_real,humaneval,middle,real_route_replay,137,19,45,real,7.2105263157894735,2,33,1.0719742920108508,swiglu,10,0.035360001027584076
case_026_real,humaneval,middle,real_route_replay,137,19,45,real,7.2105263157894735,2,33,1.0719742920108508,swiglu,11,0.024639999493956566
case_026_real,humaneval,middle,real_route_replay,137,19,45,real,7.2105263157894735,2,33,1.0719742920108508,swiglu,12,0.0225600004196167
case_026_real,humaneval,middle,real_route_replay,137,19,45,real,7.2105263157894735,2,33,1.0719742920108508,swiglu,13,0.023840000852942467
case_026_real,humaneval,middle,real_route_replay,137,19,45,real,7.2105263157894735,2,33,1.0719742920108508,swiglu,14,0.023072000592947006
case_026_real,humaneval,middle,real_route_replay,137,19,45,real,7.2105263157894735,2,33,1.0719742920108508,swiglu,15,0.02239999920129776
case_026_real,humaneval,middle,real_route_replay,137,19,45,real,7.2105263157894735,2,33,1.0719742920108508,swiglu,16,0.0208320003002882
case_026_real,humaneval,middle,real_route_replay,137,19,45,real,7.2105263157894735,2,33,1.0719742920108508,swiglu,17,0.021183999255299568
case_026_real,humaneval,middle,real_route_replay,137,19,45,real,7.2105263157894735,2,33,1.0719742920108508,swiglu,18,0.02112000063061714
case_026_real,humaneval,middle,real_route_replay,137,19,45,real,7.2105263157894735,2,33,1.0719742920108508,swiglu,19,0.021727999672293663
case_026_real,humaneval,middle,real_route_replay,137,19,45,real,7.2105263157894735,2,33,1.0719742920108508,swiglu,20,0.024000000208616257
case_026_real,humaneval,middle,real_route_replay,137,19,45,real,7.2105263157894735,2,33,1.0719742920108508,swiglu,21,0.023296000435948372
case_026_real,humaneval,middle,real_route_replay,137,19,45,real,7.2105263157894735,2,33,1.0719742920108508,swiglu,22,0.03017600066959858
case_026_real,humaneval,middle,real_route_replay,137,19,45,real,7.2105263157894735,2,33,1.0719742920108508,swiglu,23,0.03619199991226196
case_026_real,humaneval,middle,real_route_replay,137,19,45,real,7.2105263157894735,2,33,1.0719742920108508,swiglu,24,0.03340800106525421
case_026_real,humaneval,middle,real_route_replay,137,19,45,real,7.2105263157894735,2,33,1.0719742920108508,swiglu,25,0.031808000057935715
case_026_real,humaneval,middle,real_route_replay,137,19,45,real,7.2105263157894735,2,33,1.0719742920108508,swiglu,26,0.033440001308918
case_026_real,humaneval,middle,real_route_replay,137,19,45,real,7.2105263157894735,2,33,1.0719742920108508,swiglu,27,0.03286400064826012
case_026_real,humaneval,middle,real_route_replay,137,19,45,real,7.2105263157894735,2,33,1.0719742920108508,swiglu,28,0.0326399989426136
case_026_real,humaneval,middle,real_route_replay,137,19,45,real,7.2105263157894735,2,33,1.0719742920108508,swiglu,29,0.05027199909090996
case_026_real,humaneval,middle,real_route_replay,137,19,45,real,7.2105263157894735,2,33,1.0719742920108508,swiglu,30,0.03519999980926514
case_026_real,humaneval,middle,real_route_replay,137,19,45,real,7.2105263157894735,2,33,1.0719742920108508,swiglu,31,0.0344959981739521
case_026_real,humaneval,middle,real_route_replay,137,19,45,real,7.2105263157894735,2,33,1.0719742920108508,swiglu,32,0.03558399900794029
case_026_real,humaneval,middle,real_route_replay,137,19,45,real,7.2105263157894735,2,33,1.0719742920108508,swiglu,33,0.03574400022625923
case_026_real,humaneval,middle,real_route_replay,137,19,45,real,7.2105263157894735,2,33,1.0719742920108508,swiglu,34,0.03606399893760681
case_026_real,humaneval,middle,real_route_replay,137,19,45,real,7.2105263157894735,2,33,1.0719742920108508,swiglu,35,0.035071998834609985
case_026_real,humaneval,middle,real_route_replay,137,19,45,real,7.2105263157894735,2,33,1.0719742920108508,swiglu,36,0.03718400001525879
case_026_real,humaneval,middle,real_route_replay,137,19,45,real,7.2105263157894735,2,33,1.0719742920108508,swiglu,37,0.05283199995756149
case_026_real,humaneval,middle,real_route_replay,137,19,45,real,7.2105263157894735,2,33,1.0719742920108508,swiglu,38,0.03625600039958954
case_026_real,humaneval,middle,real_route_replay,137,19,45,real,7.2105263157894735,2,33,1.0719742920108508,swiglu,39,0.032127998769283295
case_026_real,humaneval,middle,real_route_replay,137,19,45,real,7.2105263157894735,2,33,1.0719742920108508,down_full64_prebuilt,0,0.10873600095510483
case_026_real,humaneval,middle,real_route_replay,137,19,45,real,7.2105263157894735,2,33,1.0719742920108508,down_full64_prebuilt,1,0.100832000374794
case_026_real,humaneval,middle,real_route_replay,137,19,45,real,7.2105263157894735,2,33,1.0719742920108508,down_full64_prebuilt,2,0.09804800152778625
case_026_real,humaneval,middle,real_route_replay,137,19,45,real,7.2105263157894735,2,33,1.0719742920108508,down_full64_prebuilt,3,0.10188800096511841
case_026_real,humaneval,middle,real_route_replay,137,19,45,real,7.2105263157894735,2,33,1.0719742920108508,down_full64_prebuilt,4,0.09935999661684036
case_026_real,humaneval,middle,real_route_replay,137,19,45,real,7.2105263157894735,2,33,1.0719742920108508,down_full64_prebuilt,5,0.09920000284910202
case_026_real,humaneval,middle,real_route_replay,137,19,45,real,7.2105263157894735,2,33,1.0719742920108508,down_full64_prebuilt,6,0.09916800260543823
case_026_real,humaneval,middle,real_route_replay,137,19,45,real,7.2105263157894735,2,33,1.0719742920108508,down_full64_prebuilt,7,0.0992640033364296
case_026_real,humaneval,middle,real_route_replay,137,19,45,real,7.2105263157894735,2,33,1.0719742920108508,down_full64_prebuilt,8,0.09708800166845322
case_026_real,humaneval,middle,real_route_replay,137,19,45,real,7.2105263157894735,2,33,1.0719742920108508,down_full64_prebuilt,9,0.09663999825716019
case_026_real,humaneval,middle,real_route_replay,137,19,45,real,7.2105263157894735,2,33,1.0719742920108508,down_full64_prebuilt,10,0.09881599992513657
case_026_real,humaneval,middle,real_route_replay,137,19,45,real,7.2105263157894735,2,33,1.0719742920108508,down_full64_prebuilt,11,0.09628800302743912
case_026_real,humaneval,middle,real_route_replay,137,19,45,real,7.2105263157894735,2,33,1.0719742920108508,down_full64_prebuilt,12,0.09731200337409973
case_026_real,humaneval,middle,real_route_replay,137,19,45,real,7.2105263157894735,2,33,1.0719742920108508,down_full64_prebuilt,13,0.09600000083446503
case_026_real,humaneval,middle,real_route_replay,137,19,45,real,7.2105263157894735,2,33,1.0719742920108508,down_full64_prebuilt,14,0.09785600006580353
case_026_real,humaneval,middle,real_route_replay,137,19,45,real,7.2105263157894735,2,33,1.0719742920108508,down_full64_prebuilt,15,0.09628800302743912
case_026_real,humaneval,middle,real_route_replay,137,19,45,real,7.2105263157894735,2,33,1.0719742920108508,down_full64_prebuilt,16,0.09759999811649323
case_026_real,humaneval,middle,real_route_replay,137,19,45,real,7.2105263157894735,2,33,1.0719742920108508,down_full64_prebuilt,17,0.09913600236177444
case_026_real,humaneval,middle,real_route_replay,137,19,45,real,7.2105263157894735,2,33,1.0719742920108508,down_full64_prebuilt,18,0.10070399940013885
case_026_real,humaneval,middle,real_route_replay,137,19,45,real,7.2105263157894735,2,33,1.0719742920108508,down_full64_prebuilt,19,0.09830400347709656
case_026_real,humaneval,middle,real_route_replay,137,19,45,real,7.2105263157894735,2,33,1.0719742920108508,down_full64_prebuilt,20,0.0979200005531311
case_026_real,humaneval,middle,real_route_replay,137,19,45,real,7.2105263157894735,2,33,1.0719742920108508,down_full64_prebuilt,21,0.09705600142478943
case_026_real,humaneval,middle,real_route_replay,137,19,45,real,7.2105263157894735,2,33,1.0719742920108508,down_full64_prebuilt,22,0.09935999661684036
case_026_real,humaneval,middle,real_route_replay,137,19,45,real,7.2105263157894735,2,33,1.0719742920108508,down_full64_prebuilt,23,0.09609600156545639
case_026_real,humaneval,middle,real_route_replay,137,19,45,real,7.2105263157894735,2,33,1.0719742920108508,down_full64_prebuilt,24,0.09683199971914291
case_026_real,humaneval,middle,real_route_replay,137,19,45,real,7.2105263157894735,2,33,1.0719742920108508,down_full64_prebuilt,25,0.09670399874448776
case_026_real,humaneval,middle,real_route_replay,137,19,45,real,7.2105263157894735,2,33,1.0719742920108508,down_full64_prebuilt,26,0.09859199821949005
case_026_real,humaneval,middle,real_route_replay,137,19,45,real,7.2105263157894735,2,33,1.0719742920108508,down_full64_prebuilt,27,0.09987200051546097
case_026_real,humaneval,middle,real_route_replay,137,19,45,real,7.2105263157894735,2,33,1.0719742920108508,down_full64_prebuilt,28,0.10208000242710114
case_026_real,humaneval,middle,real_route_replay,137,19,45,real,7.2105263157894735,2,33,1.0719742920108508,down_full64_prebuilt,29,0.10003200173377991
case_026_real,humaneval,middle,real_route_replay,137,19,45,real,7.2105263157894735,2,33,1.0719742920108508,down_full64_prebuilt,30,0.1008640006184578
case_026_real,humaneval,middle,real_route_replay,137,19,45,real,7.2105263157894735,2,33,1.0719742920108508,down_full64_prebuilt,31,0.09910400211811066
case_026_real,humaneval,middle,real_route_replay,137,19,45,real,7.2105263157894735,2,33,1.0719742920108508,down_full64_prebuilt,32,0.10108800232410431
case_026_real,humaneval,middle,real_route_replay,137,19,45,real,7.2105263157894735,2,33,1.0719742920108508,down_full64_prebuilt,33,0.09920000284910202
case_026_real,humaneval,middle,real_route_replay,137,19,45,real,7.2105263157894735,2,33,1.0719742920108508,down_full64_prebuilt,34,0.10268799960613251
case_026_real,humaneval,middle,real_route_replay,137,19,45,real,7.2105263157894735,2,33,1.0719742920108508,down_full64_prebuilt,35,0.09583999961614609
case_026_real,humaneval,middle,real_route_replay,137,19,45,real,7.2105263157894735,2,33,1.0719742920108508,down_full64_prebuilt,36,0.09775999933481216
case_026_real,humaneval,middle,real_route_replay,137,19,45,real,7.2105263157894735,2,33,1.0719742920108508,down_full64_prebuilt,37,0.09520000219345093
case_026_real,humaneval,middle,real_route_replay,137,19,45,real,7.2105263157894735,2,33,1.0719742920108508,down_full64_prebuilt,38,0.09622400254011154
case_026_real,humaneval,middle,real_route_replay,137,19,45,real,7.2105263157894735,2,33,1.0719742920108508,down_full64_prebuilt,39,0.09542399644851685
case_026_real,humaneval,middle,real_route_replay,137,19,45,real,7.2105263157894735,2,33,1.0719742920108508,route_weight,0,0.019071999937295914
case_026_real,humaneval,middle,real_route_replay,137,19,45,real,7.2105263157894735,2,33,1.0719742920108508,route_weight,1,0.014751999638974667
case_026_real,humaneval,middle,real_route_replay,137,19,45,real,7.2105263157894735,2,33,1.0719742920108508,route_weight,2,0.01462399959564209
case_026_real,humaneval,middle,real_route_replay,137,19,45,real,7.2105263157894735,2,33,1.0719742920108508,route_weight,3,0.014560000039637089
case_026_real,humaneval,middle,real_route_replay,137,19,45,real,7.2105263157894735,2,33,1.0719742920108508,route_weight,4,0.013791999779641628
case_026_real,humaneval,middle,real_route_replay,137,19,45,real,7.2105263157894735,2,33,1.0719742920108508,route_weight,5,0.013248000293970108
case_026_real,humaneval,middle,real_route_replay,137,19,45,real,7.2105263157894735,2,33,1.0719742920108508,route_weight,6,0.013824000023305416
case_026_real,humaneval,middle,real_route_replay,137,19,45,real,7.2105263157894735,2,33,1.0719742920108508,route_weight,7,0.01360000018030405
case_026_real,humaneval,middle,real_route_replay,137,19,45,real,7.2105263157894735,2,33,1.0719742920108508,route_weight,8,0.013504000380635262
case_026_real,humaneval,middle,real_route_replay,137,19,45,real,7.2105263157894735,2,33,1.0719742920108508,route_weight,9,0.014240000396966934
case_026_real,humaneval,middle,real_route_replay,137,19,45,real,7.2105263157894735,2,33,1.0719742920108508,route_weight,10,0.01408000010997057
case_026_real,humaneval,middle,real_route_replay,137,19,45,real,7.2105263157894735,2,33,1.0719742920108508,route_weight,11,0.014688000082969666
case_026_real,humaneval,middle,real_route_replay,137,19,45,real,7.2105263157894735,2,33,1.0719742920108508,route_weight,12,0.014527999795973301
case_026_real,humaneval,middle,real_route_replay,137,19,45,real,7.2105263157894735,2,33,1.0719742920108508,route_weight,13,0.015200000256299973
case_026_real,humaneval,middle,real_route_replay,137,19,45,real,7.2105263157894735,2,33,1.0719742920108508,route_weight,14,0.014592000283300877
case_026_real,humaneval,middle,real_route_replay,137,19,45,real,7.2105263157894735,2,33,1.0719742920108508,route_weight,15,0.014783999882638454
case_026_real,humaneval,middle,real_route_replay,137,19,45,real,7.2105263157894735,2,33,1.0719742920108508,route_weight,16,0.013472000136971474
case_026_real,humaneval,middle,real_route_replay,137,19,45,real,7.2105263157894735,2,33,1.0719742920108508,route_weight,17,0.014175999909639359
case_026_real,humaneval,middle,real_route_replay,137,19,45,real,7.2105263157894735,2,33,1.0719742920108508,route_weight,18,0.013376000337302685
case_026_real,humaneval,middle,real_route_replay,137,19,45,real,7.2105263157894735,2,33,1.0719742920108508,route_weight,19,0.013663999736309052
case_026_real,humaneval,middle,real_route_replay,137,19,45,real,7.2105263157894735,2,33,1.0719742920108508,route_weight,20,0.013407999649643898
case_026_real,humaneval,middle,real_route_replay,137,19,45,real,7.2105263157894735,2,33,1.0719742920108508,route_weight,21,0.01369599997997284
case_026_real,humaneval,middle,real_route_replay,137,19,45,real,7.2105263157894735,2,33,1.0719742920108508,route_weight,22,0.01360000018030405
case_026_real,humaneval,middle,real_route_replay,137,19,45,real,7.2105263157894735,2,33,1.0719742920108508,route_weight,23,0.01398400031030178
case_026_real,humaneval,middle,real_route_replay,137,19,45,real,7.2105263157894735,2,33,1.0719742920108508,route_weight,24,0.014655999839305878
case_026_real,humaneval,middle,real_route_replay,137,19,45,real,7.2105263157894735,2,33,1.0719742920108508,route_weight,25,0.015359999611973763
case_026_real,humaneval,middle,real_route_replay,137,19,45,real,7.2105263157894735,2,33,1.0719742920108508,route_weight,26,0.016095999628305435
case_026_real,humaneval,middle,real_route_replay,137,19,45,real,7.2105263157894735,2,33,1.0719742920108508,route_weight,27,0.015231999568641186
case_026_real,humaneval,middle,real_route_replay,137,19,45,real,7.2105263157894735,2,33,1.0719742920108508,route_weight,28,0.016095999628305435
case_026_real,humaneval,middle,real_route_replay,137,19,45,real,7.2105263157894735,2,33,1.0719742920108508,route_weight,29,0.015072000212967396
case_026_real,humaneval,middle,real_route_replay,137,19,45,real,7.2105263157894735,2,33,1.0719742920108508,route_weight,30,0.015776000916957855
case_026_real,humaneval,middle,real_route_replay,137,19,45,real,7.2105263157894735,2,33,1.0719742920108508,route_weight,31,0.01462399959564209
case_026_real,humaneval,middle,real_route_replay,137,19,45,real,7.2105263157894735,2,33,1.0719742920108508,route_weight,32,0.01603199914097786
case_026_real,humaneval,middle,real_route_replay,137,19,45,real,7.2105263157894735,2,33,1.0719742920108508,route_weight,33,0.015456000342965126
case_026_real,humaneval,middle,real_route_replay,137,19,45,real,7.2105263157894735,2,33,1.0719742920108508,route_weight,34,0.01548799965530634
case_026_real,humaneval,middle,real_route_replay,137,19,45,real,7.2105263157894735,2,33,1.0719742920108508,route_weight,35,0.014271999709308147
case_026_real,humaneval,middle,real_route_replay,137,19,45,real,7.2105263157894735,2,33,1.0719742920108508,route_weight,36,0.013504000380635262
case_026_real,humaneval,middle,real_route_replay,137,19,45,real,7.2105263157894735,2,33,1.0719742920108508,route_weight,37,0.013791999779641628
case_026_real,humaneval,middle,real_route_replay,137,19,45,real,7.2105263157894735,2,33,1.0719742920108508,route_weight,38,0.021663999184966087
case_026_real,humaneval,middle,real_route_replay,137,19,45,real,7.2105263157894735,2,33,1.0719742920108508,route_weight,39,0.015039999969303608
case_026_real,humaneval,middle,real_route_replay,137,19,45,real,7.2105263157894735,2,33,1.0719742920108508,down_active_prebuilt,0,0.11126399785280228
case_026_real,humaneval,middle,real_route_replay,137,19,45,real,7.2105263157894735,2,33,1.0719742920108508,down_active_prebuilt,1,0.10070399940013885
case_026_real,humaneval,middle,real_route_replay,137,19,45,real,7.2105263157894735,2,33,1.0719742920108508,down_active_prebuilt,2,0.09923200309276581
case_026_real,humaneval,middle,real_route_replay,137,19,45,real,7.2105263157894735,2,33,1.0719742920108508,down_active_prebuilt,3,0.0976639986038208
case_026_real,humaneval,middle,real_route_replay,137,19,45,real,7.2105263157894735,2,33,1.0719742920108508,down_active_prebuilt,4,0.09801600128412247
case_026_real,humaneval,middle,real_route_replay,137,19,45,real,7.2105263157894735,2,33,1.0719742920108508,down_active_prebuilt,5,0.1013759970664978
case_026_real,humaneval,middle,real_route_replay,137,19,45,real,7.2105263157894735,2,33,1.0719742920108508,down_active_prebuilt,6,0.0984639972448349
case_026_real,humaneval,middle,real_route_replay,137,19,45,real,7.2105263157894735,2,33,1.0719742920108508,down_active_prebuilt,7,0.0984639972448349
case_026_real,humaneval,middle,real_route_replay,137,19,45,real,7.2105263157894735,2,33,1.0719742920108508,down_active_prebuilt,8,0.09865599870681763
case_026_real,humaneval,middle,real_route_replay,137,19,45,real,7.2105263157894735,2,33,1.0719742920108508,down_active_prebuilt,9,0.0979200005531311
case_026_real,humaneval,middle,real_route_replay,137,19,45,real,7.2105263157894735,2,33,1.0719742920108508,down_active_prebuilt,10,0.09833600372076035
case_026_real,humaneval,middle,real_route_replay,137,19,45,real,7.2105263157894735,2,33,1.0719742920108508,down_active_prebuilt,11,0.097120001912117
case_026_real,humaneval,middle,real_route_replay,137,19,45,real,7.2105263157894735,2,33,1.0719742920108508,down_active_prebuilt,12,0.097120001912117
case_026_real,humaneval,middle,real_route_replay,137,19,45,real,7.2105263157894735,2,33,1.0719742920108508,down_active_prebuilt,13,0.09551999717950821
case_026_real,humaneval,middle,real_route_replay,137,19,45,real,7.2105263157894735,2,33,1.0719742920108508,down_active_prebuilt,14,0.09590400010347366
case_026_real,humaneval,middle,real_route_replay,137,19,45,real,7.2105263157894735,2,33,1.0719742920108508,down_active_prebuilt,15,0.09683199971914291
case_026_real,humaneval,middle,real_route_replay,137,19,45,real,7.2105263157894735,2,33,1.0719742920108508,down_active_prebuilt,16,0.0952640026807785
case_026_real,humaneval,middle,real_route_replay,137,19,45,real,7.2105263157894735,2,33,1.0719742920108508,down_active_prebuilt,17,0.09955199807882309
case_026_real,humaneval,middle,real_route_replay,137,19,45,real,7.2105263157894735,2,33,1.0719742920108508,down_active_prebuilt,18,0.0950080007314682
case_026_real,humaneval,middle,real_route_replay,137,19,45,real,7.2105263157894735,2,33,1.0719742920108508,down_active_prebuilt,19,0.09852799773216248
case_026_real,humaneval,middle,real_route_replay,137,19,45,real,7.2105263157894735,2,33,1.0719742920108508,down_active_prebuilt,20,0.09705600142478943
case_026_real,humaneval,middle,real_route_replay,137,19,45,real,7.2105263157894735,2,33,1.0719742920108508,down_active_prebuilt,21,0.09808000177145004
case_026_real,humaneval,middle,real_route_replay,137,19,45,real,7.2105263157894735,2,33,1.0719742920108508,down_active_prebuilt,22,0.09647999703884125
case_026_real,humaneval,middle,real_route_replay,137,19,45,real,7.2105263157894735,2,33,1.0719742920108508,down_active_prebuilt,23,0.09984000027179718
case_026_real,humaneval,middle,real_route_replay,137,19,45,real,7.2105263157894735,2,33,1.0719742920108508,down_active_prebuilt,24,0.09673599898815155
case_026_real,humaneval,middle,real_route_replay,137,19,45,real,7.2105263157894735,2,33,1.0719742920108508,down_active_prebuilt,25,0.10092800110578537
case_026_real,humaneval,middle,real_route_replay,137,19,45,real,7.2105263157894735,2,33,1.0719742920108508,down_active_prebuilt,26,0.09612800180912018
case_026_real,humaneval,middle,real_route_replay,137,19,45,real,7.2105263157894735,2,33,1.0719742920108508,down_active_prebuilt,27,0.09577599912881851
case_026_real,humaneval,middle,real_route_replay,137,19,45,real,7.2105263157894735,2,33,1.0719742920108508,down_active_prebuilt,28,0.09910400211811066
case_026_real,humaneval,middle,real_route_replay,137,19,45,real,7.2105263157894735,2,33,1.0719742920108508,down_active_prebuilt,29,0.10700800269842148
case_026_real,humaneval,middle,real_route_replay,137,19,45,real,7.2105263157894735,2,33,1.0719742920108508,down_active_prebuilt,30,0.1050880029797554
case_026_real,humaneval,middle,real_route_replay,137,19,45,real,7.2105263157894735,2,33,1.0719742920108508,down_active_prebuilt,31,0.10275200009346008
case_026_real,humaneval,middle,real_route_replay,137,19,45,real,7.2105263157894735,2,33,1.0719742920108508,down_active_prebuilt,32,0.1061440035700798
case_026_real,humaneval,middle,real_route_replay,137,19,45,real,7.2105263157894735,2,33,1.0719742920108508,down_active_prebuilt,33,0.10502400249242783
case_026_real,humaneval,middle,real_route_replay,137,19,45,real,7.2105263157894735,2,33,1.0719742920108508,down_active_prebuilt,34,0.10768000036478043
case_026_real,humaneval,middle,real_route_replay,137,19,45,real,7.2105263157894735,2,33,1.0719742920108508,down_active_prebuilt,35,0.10623999685049057
case_026_real,humaneval,middle,real_route_replay,137,19,45,real,7.2105263157894735,2,33,1.0719742920108508,down_active_prebuilt,36,0.1034879982471466
case_026_real,humaneval,middle,real_route_replay,137,19,45,real,7.2105263157894735,2,33,1.0719742920108508,down_active_prebuilt,37,0.10284800082445145
case_026_real,humaneval,middle,real_route_replay,137,19,45,real,7.2105263157894735,2,33,1.0719742920108508,down_active_prebuilt,38,0.10419200360774994
case_026_real,humaneval,middle,real_route_replay,137,19,45,real,7.2105263157894735,2,33,1.0719742920108508,down_active_prebuilt,39,0.10764800012111664
case_026_real,humaneval,middle,real_route_replay,137,19,45,real,7.2105263157894735,2,33,1.0719742920108508,gate_up_active_prebuilt,0,0.14195199310779572
case_026_real,humaneval,middle,real_route_replay,137,19,45,real,7.2105263157894735,2,33,1.0719742920108508,gate_up_active_prebuilt,1,0.1406400054693222
case_026_real,humaneval,middle,real_route_replay,137,19,45,real,7.2105263157894735,2,33,1.0719742920108508,gate_up_active_prebuilt,2,0.13942399621009827
case_026_real,humaneval,middle,real_route_replay,137,19,45,real,7.2105263157894735,2,33,1.0719742920108508,gate_up_active_prebuilt,3,0.14150400459766388
case_026_real,humaneval,middle,real_route_replay,137,19,45,real,7.2105263157894735,2,33,1.0719742920108508,gate_up_active_prebuilt,4,0.14390400052070618
case_026_real,humaneval,middle,real_route_replay,137,19,45,real,7.2105263157894735,2,33,1.0719742920108508,gate_up_active_prebuilt,5,0.14342400431632996
case_026_real,humaneval,middle,real_route_replay,137,19,45,real,7.2105263157894735,2,33,1.0719742920108508,gate_up_active_prebuilt,6,0.13990400731563568
case_026_real,humaneval,middle,real_route_replay,137,19,45,real,7.2105263157894735,2,33,1.0719742920108508,gate_up_active_prebuilt,7,0.141184002161026
case_026_real,humaneval,middle,real_route_replay,137,19,45,real,7.2105263157894735,2,33,1.0719742920108508,gate_up_active_prebuilt,8,0.13916799426078796
case_026_real,humaneval,middle,real_route_replay,137,19,45,real,7.2105263157894735,2,33,1.0719742920108508,gate_up_active_prebuilt,9,0.1417279988527298
case_026_real,humaneval,middle,real_route_replay,137,19,45,real,7.2105263157894735,2,33,1.0719742920108508,gate_up_active_prebuilt,10,0.13990400731563568
case_026_real,humaneval,middle,real_route_replay,137,19,45,real,7.2105263157894735,2,33,1.0719742920108508,gate_up_active_prebuilt,11,0.13920000195503235
case_026_real,humaneval,middle,real_route_replay,137,19,45,real,7.2105263157894735,2,33,1.0719742920108508,gate_up_active_prebuilt,12,0.13920000195503235
case_026_real,humaneval,middle,real_route_replay,137,19,45,real,7.2105263157894735,2,33,1.0719742920108508,gate_up_active_prebuilt,13,0.1470080018043518
case_026_real,humaneval,middle,real_route_replay,137,19,45,real,7.2105263157894735,2,33,1.0719742920108508,gate_up_active_prebuilt,14,0.1401599943637848
case_026_real,humaneval,middle,real_route_replay,137,19,45,real,7.2105263157894735,2,33,1.0719742920108508,gate_up_active_prebuilt,15,0.1406719982624054
case_026_real,humaneval,middle,real_route_replay,137,19,45,real,7.2105263157894735,2,33,1.0719742920108508,gate_up_active_prebuilt,16,0.14182400703430176
case_026_real,humaneval,middle,real_route_replay,137,19,45,real,7.2105263157894735,2,33,1.0719742920108508,gate_up_active_prebuilt,17,0.14166399836540222
case_026_real,humaneval,middle,real_route_replay,137,19,45,real,7.2105263157894735,2,33,1.0719742920108508,gate_up_active_prebuilt,18,0.14377599954605103
case_026_real,humaneval,middle,real_route_replay,137,19,45,real,7.2105263157894735,2,33,1.0719742920108508,gate_up_active_prebuilt,19,0.14166399836540222
case_026_real,humaneval,middle,real_route_replay,137,19,45,real,7.2105263157894735,2,33,1.0719742920108508,gate_up_active_prebuilt,20,0.1406400054693222
case_026_real,humaneval,middle,real_route_replay,137,19,45,real,7.2105263157894735,2,33,1.0719742920108508,gate_up_active_prebuilt,21,0.1424960047006607
case_026_real,humaneval,middle,real_route_replay,137,19,45,real,7.2105263157894735,2,33,1.0719742920108508,gate_up_active_prebuilt,22,0.14243200421333313
case_026_real,humaneval,middle,real_route_replay,137,19,45,real,7.2105263157894735,2,33,1.0719742920108508,gate_up_active_prebuilt,23,0.14505599439144135
case_026_real,humaneval,middle,real_route_replay,137,19,45,real,7.2105263157894735,2,33,1.0719742920108508,gate_up_active_prebuilt,24,0.14691199362277985
case_026_real,humaneval,middle,real_route_replay,137,19,45,real,7.2105263157894735,2,33,1.0719742920108508,gate_up_active_prebuilt,25,0.14431999623775482
case_026_real,humaneval,middle,real_route_replay,137,19,45,real,7.2105263157894735,2,33,1.0719742920108508,gate_up_active_prebuilt,26,0.14591999351978302
case_026_real,humaneval,middle,real_route_replay,137,19,45,real,7.2105263157894735,2,33,1.0719742920108508,gate_up_active_prebuilt,27,0.1488640010356903
case_026_real,humaneval,middle,real_route_replay,137,19,45,real,7.2105263157894735,2,33,1.0719742920108508,gate_up_active_prebuilt,28,0.14579200744628906
case_026_real,humaneval,middle,real_route_replay,137,19,45,real,7.2105263157894735,2,33,1.0719742920108508,gate_up_active_prebuilt,29,0.14601600170135498
case_026_real,humaneval,middle,real_route_replay,137,19,45,real,7.2105263157894735,2,33,1.0719742920108508,gate_up_active_prebuilt,30,0.15065599977970123
case_026_real,humaneval,middle,real_route_replay,137,19,45,real,7.2105263157894735,2,33,1.0719742920108508,gate_up_active_prebuilt,31,0.1547520011663437
case_026_real,humaneval,middle,real_route_replay,137,19,45,real,7.2105263157894735,2,33,1.0719742920108508,gate_up_active_prebuilt,32,0.1510400027036667
case_026_real,humaneval,middle,real_route_replay,137,19,45,real,7.2105263157894735,2,33,1.0719742920108508,gate_up_active_prebuilt,33,0.1520639955997467
case_026_real,humaneval,middle,real_route_replay,137,19,45,real,7.2105263157894735,2,33,1.0719742920108508,gate_up_active_prebuilt,34,0.1454399973154068
case_026_real,humaneval,middle,real_route_replay,137,19,45,real,7.2105263157894735,2,33,1.0719742920108508,gate_up_active_prebuilt,35,0.14416000247001648
case_026_real,humaneval,middle,real_route_replay,137,19,45,real,7.2105263157894735,2,33,1.0719742920108508,gate_up_active_prebuilt,36,0.1414400041103363
case_026_real,humaneval,middle,real_route_replay,137,19,45,real,7.2105263157894735,2,33,1.0719742920108508,gate_up_active_prebuilt,37,0.14393599331378937
case_026_real,humaneval,middle,real_route_replay,137,19,45,real,7.2105263157894735,2,33,1.0719742920108508,gate_up_active_prebuilt,38,0.14099200069904327
case_026_real,humaneval,middle,real_route_replay,137,19,45,real,7.2105263157894735,2,33,1.0719742920108508,gate_up_active_prebuilt,39,0.14163200557231903
