run_id,candidate,research_question,start_utc,end_utc,physical_gpus,elapsed_seconds,gpu_hours,kind,valid,artifact
fastpp_pp4_noib_smoke,FASTPP,Does official PP4 produce HF-consistent short-answer output?,2026-09-08T07:52:25.285730+00:00,2026-09-08T07:52:31.147968+00:00,"4,5,6,7",5.86223840713501,0.006513598230150011,correctness_diagnostic,PERFORMANCE_EXCLUDED_CORRECTNESS_PENDING,raw/fastpp_pp4_noib_smoke_requests.jsonl
fastpp_eos_fixed_smoke,FASTPP,Does one-line EOS endpoint correction restore greedy HF short answers?,2026-09-08T08:26:55.771261+00:00,2026-09-08T08:27:01.228259+00:00,"4,5,6,7",5.456997871398926,0.006063330968221029,correctness_diagnostic,SHORT_ANSWER_PASS_PERFORMANCE_NOT_ACCEPTED,raw/fastpp_eos_fixed_smoke_requests.jsonl
qwen15_hf_reference,NANOFLOW,Independent same-checkpoint FP16 HF greedy reference for official native smoke,2026-09-08T08:35:39.900688+00:00,2026-09-08T08:35:41.971720+00:00,"4,5,6,7",2.0710320472717285,0.0023011467191908093,correctness_diagnostic,REFERENCE_ONLY,raw/qwen15_hf_reference.jsonl
qwen3_hf_reference,COMMON_QWEN3,Independent BF16 HF reference for Layered/FastPP Qwen3 MoE native transfer,2026-09-08T08:39:50.717767+00:00,2026-09-08T08:40:05.017314+00:00,"4,5,6,7",14.299546718597412,0.015888385242886015,correctness_diagnostic,REFERENCE_ONLY,raw/qwen3_hf_reference.jsonl
dense_screen_v1:b0_alp:measure0_short_high_concurrency,FASTPP,Official PP/DC/ALP/BR independent-restart request-level comparison,2026-09-08T09:08:44.723211+00:00,2026-09-08T09:08:57.259031+00:00,"4,5,6,7",12.535820007324219,0.01392868889702691,measurement,CROSS_CONFIG_CORRECTNESS_PENDING,/home/esjung/MLLM-EP-github/poc_flashvep/deepep_revalidation/results/scheduling_overlap_successor_mining_20260908_161510/fastpp_runs/dense_screen_v1/b0_alp/measure0_short_high_concurrency.jsonl
dense_screen_v1:b0_alp:measure1_fastpp_official_azure_conv_192,FASTPP,Official PP/DC/ALP/BR independent-restart request-level comparison,2026-09-08T09:08:57.954437+00:00,2026-09-08T09:10:21.352483+00:00,"4,5,6,7",83.39804601669312,0.09266449557410346,measurement,CROSS_CONFIG_CORRECTNESS_PENDING,/home/esjung/MLLM-EP-github/poc_flashvep/deepep_revalidation/results/scheduling_overlap_successor_mining_20260908_161510/fastpp_runs/dense_screen_v1/b0_alp/measure1_fastpp_official_azure_conv_192.jsonl
dense_screen_v1:b0_alp:measure2_heterogeneous_steady,FASTPP,Official PP/DC/ALP/BR independent-restart request-level comparison,2026-09-08T09:10:22.069960+00:00,2026-09-08T09:10:55.277328+00:00,"4,5,6,7",33.20736813545227,0.03689707570605808,measurement,CROSS_CONFIG_CORRECTNESS_PENDING,/home/esjung/MLLM-EP-github/poc_flashvep/deepep_revalidation/results/scheduling_overlap_successor_mining_20260908_161510/fastpp_runs/dense_screen_v1/b0_alp/measure2_heterogeneous_steady.jsonl
dense_screen_v1:b0_alp:measure3_heterogeneous_bursty,FASTPP,Official PP/DC/ALP/BR independent-restart request-level comparison,2026-09-08T09:10:55.907837+00:00,2026-09-08T09:11:27.772611+00:00,"4,5,6,7",31.864774703979492,0.03540530522664388,measurement,CROSS_CONFIG_CORRECTNESS_PENDING,/home/esjung/MLLM-EP-github/poc_flashvep/deepep_revalidation/results/scheduling_overlap_successor_mining_20260908_161510/fastpp_runs/dense_screen_v1/b0_alp/measure3_heterogeneous_bursty.jsonl
dense_screen_v1:b0_alp_rebalance:measure0_short_high_concurrency,FASTPP,Official PP/DC/ALP/BR independent-restart request-level comparison,2026-09-08T09:12:35.270440+00:00,2026-09-08T09:12:47.818919+00:00,"4,5,6,7",12.548478841781616,0.01394275426864624,measurement,CROSS_CONFIG_CORRECTNESS_PENDING,/home/esjung/MLLM-EP-github/poc_flashvep/deepep_revalidation/results/scheduling_overlap_successor_mining_20260908_161510/fastpp_runs/dense_screen_v1/b0_alp_rebalance/measure0_short_high_concurrency.jsonl
dense_screen_v1:b0_alp_rebalance:measure1_fastpp_official_azure_conv_192,FASTPP,Official PP/DC/ALP/BR independent-restart request-level comparison,2026-09-08T09:12:48.517336+00:00,2026-09-08T09:14:11.881767+00:00,"4,5,6,7",83.36443090438843,0.09262714544932048,measurement,CROSS_CONFIG_CORRECTNESS_PENDING,/home/esjung/MLLM-EP-github/poc_flashvep/deepep_revalidation/results/scheduling_overlap_successor_mining_20260908_161510/fastpp_runs/dense_screen_v1/b0_alp_rebalance/measure1_fastpp_official_azure_conv_192.jsonl
dense_screen_v1:b0_alp_rebalance:measure2_heterogeneous_steady,FASTPP,Official PP/DC/ALP/BR independent-restart request-level comparison,2026-09-08T09:14:12.507107+00:00,2026-09-08T09:14:45.524542+00:00,"4,5,6,7",33.01743483543396,0.03668603870603773,measurement,CROSS_CONFIG_CORRECTNESS_PENDING,/home/esjung/MLLM-EP-github/poc_flashvep/deepep_revalidation/results/scheduling_overlap_successor_mining_20260908_161510/fastpp_runs/dense_screen_v1/b0_alp_rebalance/measure2_heterogeneous_steady.jsonl
dense_screen_v1:b0_alp_rebalance:measure3_heterogeneous_bursty,FASTPP,Official PP/DC/ALP/BR independent-restart request-level comparison,2026-09-08T09:14:46.151282+00:00,2026-09-08T09:15:18.116544+00:00,"4,5,6,7",31.965262413024902,0.03551695823669434,measurement,CROSS_CONFIG_CORRECTNESS_PENDING,/home/esjung/MLLM-EP-github/poc_flashvep/deepep_revalidation/results/scheduling_overlap_successor_mining_20260908_161510/fastpp_runs/dense_screen_v1/b0_alp_rebalance/measure3_heterogeneous_bursty.jsonl
dense_screen_v1:b0_pp_only:measure0_short_high_concurrency,FASTPP,Official PP/DC/ALP/BR independent-restart request-level comparison,2026-09-08T09:16:12.893728+00:00,2026-09-08T09:16:24.365297+00:00,"4,5,6,7",11.471568822860718,0.012746187580956353,measurement,CROSS_CONFIG_CORRECTNESS_PENDING,/home/esjung/MLLM-EP-github/poc_flashvep/deepep_revalidation/results/scheduling_overlap_successor_mining_20260908_161510/fastpp_runs/dense_screen_v1/b0_pp_only/measure0_short_high_concurrency.jsonl
dense_screen_v1:b0_pp_only:measure1_fastpp_official_azure_conv_192,FASTPP,Official PP/DC/ALP/BR independent-restart request-level comparison,2026-09-08T09:16:24.998108+00:00,2026-09-08T09:17:48.409224+00:00,"4,5,6,7",83.41111588478088,0.09267901764975654,measurement,CROSS_CONFIG_CORRECTNESS_PENDING,/home/esjung/MLLM-EP-github/poc_flashvep/deepep_revalidation/results/scheduling_overlap_successor_mining_20260908_161510/fastpp_runs/dense_screen_v1/b0_pp_only/measure1_fastpp_official_azure_conv_192.jsonl
dense_screen_v1:b0_pp_only:measure2_heterogeneous_steady,FASTPP,Official PP/DC/ALP/BR independent-restart request-level comparison,2026-09-08T09:17:49.007990+00:00,2026-09-08T09:18:21.681168+00:00,"4,5,6,7",32.67317819595337,0.036303531328837076,measurement,CROSS_CONFIG_CORRECTNESS_PENDING,/home/esjung/MLLM-EP-github/poc_flashvep/deepep_revalidation/results/scheduling_overlap_successor_mining_20260908_161510/fastpp_runs/dense_screen_v1/b0_pp_only/measure2_heterogeneous_steady.jsonl
dense_screen_v1:b0_pp_only:measure3_heterogeneous_bursty,FASTPP,Official PP/DC/ALP/BR independent-restart request-level comparison,2026-09-08T09:18:22.365796+00:00,2026-09-08T09:18:53.705507+00:00,"4,5,6,7",31.339711666107178,0.0348219018512302,measurement,CROSS_CONFIG_CORRECTNESS_PENDING,/home/esjung/MLLM-EP-github/poc_flashvep/deepep_revalidation/results/scheduling_overlap_successor_mining_20260908_161510/fastpp_runs/dense_screen_v1/b0_pp_only/measure3_heterogeneous_bursty.jsonl
dense_screen_v1:b0_greedy:measure0_short_high_concurrency,FASTPP,Official PP/DC/ALP/BR independent-restart request-level comparison,2026-09-08T09:19:45.039367+00:00,2026-09-08T09:19:56.765870+00:00,"4,5,6,7",11.726502656936646,0.013029447396596273,measurement,CROSS_CONFIG_CORRECTNESS_PENDING,/home/esjung/MLLM-EP-github/poc_flashvep/deepep_revalidation/results/scheduling_overlap_successor_mining_20260908_161510/fastpp_runs/dense_screen_v1/b0_greedy/measure0_short_high_concurrency.jsonl
dense_screen_v1:b0_greedy:measure1_fastpp_official_azure_conv_192,FASTPP,Official PP/DC/ALP/BR independent-restart request-level comparison,2026-09-08T09:19:57.525315+00:00,2026-09-08T09:21:21.026412+00:00,"4,5,6,7",83.50109696388245,0.09277899662653605,measurement,CROSS_CONFIG_CORRECTNESS_PENDING,/home/esjung/MLLM-EP-github/poc_flashvep/deepep_revalidation/results/scheduling_overlap_successor_mining_20260908_161510/fastpp_runs/dense_screen_v1/b0_greedy/measure1_fastpp_official_azure_conv_192.jsonl
dense_screen_v1:b0_greedy:measure2_heterogeneous_steady,FASTPP,Official PP/DC/ALP/BR independent-restart request-level comparison,2026-09-08T09:21:21.712097+00:00,2026-09-08T09:21:54.496505+00:00,"4,5,6,7",32.78440833091736,0.03642712036768595,measurement,CROSS_CONFIG_CORRECTNESS_PENDING,/home/esjung/MLLM-EP-github/poc_flashvep/deepep_revalidation/results/scheduling_overlap_successor_mining_20260908_161510/fastpp_runs/dense_screen_v1/b0_greedy/measure2_heterogeneous_steady.jsonl
dense_screen_v1:b0_greedy:measure3_heterogeneous_bursty,FASTPP,Official PP/DC/ALP/BR independent-restart request-level comparison,2026-09-08T09:21:55.163239+00:00,2026-09-08T09:22:26.823242+00:00,"4,5,6,7",31.660002946853638,0.0351777810520596,measurement,CROSS_CONFIG_CORRECTNESS_PENDING,/home/esjung/MLLM-EP-github/poc_flashvep/deepep_revalidation/results/scheduling_overlap_successor_mining_20260908_161510/fastpp_runs/dense_screen_v1/b0_greedy/measure3_heterogeneous_bursty.jsonl
dense_screen_v1:b1_alp_rebalance:measure0_short_high_concurrency,FASTPP,Official PP/DC/ALP/BR independent-restart request-level comparison,2026-09-08T09:23:33.369284+00:00,2026-09-08T09:23:46.172205+00:00,"4,5,6,7",12.802921295166016,0.014225468105740017,measurement,CROSS_CONFIG_CORRECTNESS_PENDING,/home/esjung/MLLM-EP-github/poc_flashvep/deepep_revalidation/results/scheduling_overlap_successor_mining_20260908_161510/fastpp_runs/dense_screen_v1/b1_alp_rebalance/measure0_short_high_concurrency.jsonl
dense_screen_v1:b1_alp_rebalance:measure1_heterogeneous_steady,FASTPP,Official PP/DC/ALP/BR independent-restart request-level comparison,2026-09-08T09:23:46.886425+00:00,2026-09-08T09:24:20.039976+00:00,"4,5,6,7",33.15355134010315,0.03683727926678128,measurement,CROSS_CONFIG_CORRECTNESS_PENDING,/home/esjung/MLLM-EP-github/poc_flashvep/deepep_revalidation/results/scheduling_overlap_successor_mining_20260908_161510/fastpp_runs/dense_screen_v1/b1_alp_rebalance/measure1_heterogeneous_steady.jsonl
dense_screen_v1:b1_alp_rebalance:measure2_fastpp_official_azure_conv_192,FASTPP,Official PP/DC/ALP/BR independent-restart request-level comparison,2026-09-08T09:24:20.678012+00:00,2026-09-08T09:25:43.893856+00:00,"4,5,6,7",83.21584439277649,0.09246204932530722,measurement,CROSS_CONFIG_CORRECTNESS_PENDING,/home/esjung/MLLM-EP-github/poc_flashvep/deepep_revalidation/results/scheduling_overlap_successor_mining_20260908_161510/fastpp_runs/dense_screen_v1/b1_alp_rebalance/measure2_fastpp_official_azure_conv_192.jsonl
dense_screen_v1:b1_alp_rebalance:measure3_heterogeneous_bursty,FASTPP,Official PP/DC/ALP/BR independent-restart request-level comparison,2026-09-08T09:25:44.623278+00:00,2026-09-08T09:26:16.688849+00:00,"4,5,6,7",32.06557035446167,0.03562841150495741,measurement,CROSS_CONFIG_CORRECTNESS_PENDING,/home/esjung/MLLM-EP-github/poc_flashvep/deepep_revalidation/results/scheduling_overlap_successor_mining_20260908_161510/fastpp_runs/dense_screen_v1/b1_alp_rebalance/measure3_heterogeneous_bursty.jsonl
dense_screen_v1:b1_pp_only:measure0_short_high_concurrency,FASTPP,Official PP/DC/ALP/BR independent-restart request-level comparison,2026-09-08T09:27:17.643180+00:00,2026-09-08T09:27:36.506380+00:00,"4,5,6,7",18.863199949264526,0.020959111054738362,measurement,CROSS_CONFIG_CORRECTNESS_PENDING,/home/esjung/MLLM-EP-github/poc_flashvep/deepep_revalidation/results/scheduling_overlap_successor_mining_20260908_161510/fastpp_runs/dense_screen_v1/b1_pp_only/measure0_short_high_concurrency.jsonl
dense_screen_v1:b1_pp_only:measure1_heterogeneous_steady,FASTPP,Official PP/DC/ALP/BR independent-restart request-level comparison,2026-09-08T09:27:37.228269+00:00,2026-09-08T09:28:18.295401+00:00,"4,5,6,7",41.067132234573364,0.04563014692730374,measurement,CROSS_CONFIG_CORRECTNESS_PENDING,/home/esjung/MLLM-EP-github/poc_flashvep/deepep_revalidation/results/scheduling_overlap_successor_mining_20260908_161510/fastpp_runs/dense_screen_v1/b1_pp_only/measure1_heterogeneous_steady.jsonl
dense_screen_v1:b1_pp_only:measure2_fastpp_official_azure_conv_192,FASTPP,Official PP/DC/ALP/BR independent-restart request-level comparison,2026-09-08T09:28:18.854413+00:00,2026-09-08T09:30:00.348812+00:00,"4,5,6,7",101.49439930915833,0.1127715547879537,measurement,CROSS_CONFIG_CORRECTNESS_PENDING,/home/esjung/MLLM-EP-github/poc_flashvep/deepep_revalidation/results/scheduling_overlap_successor_mining_20260908_161510/fastpp_runs/dense_screen_v1/b1_pp_only/measure2_fastpp_official_azure_conv_192.jsonl
dense_screen_v1:b1_pp_only:measure3_heterogeneous_bursty,FASTPP,Official PP/DC/ALP/BR independent-restart request-level comparison,2026-09-08T09:30:00.983916+00:00,2026-09-08T09:30:40.549773+00:00,"4,5,6,7",39.56585717201233,0.043962063524458146,measurement,CROSS_CONFIG_CORRECTNESS_PENDING,/home/esjung/MLLM-EP-github/poc_flashvep/deepep_revalidation/results/scheduling_overlap_successor_mining_20260908_161510/fastpp_runs/dense_screen_v1/b1_pp_only/measure3_heterogeneous_bursty.jsonl
dense_screen_v1:b1_greedy:measure0_short_high_concurrency,FASTPP,Official PP/DC/ALP/BR independent-restart request-level comparison,2026-09-08T09:31:35.072403+00:00,2026-09-08T09:31:46.771827+00:00,"4,5,6,7",11.699423551559448,0.01299935950173272,measurement,CROSS_CONFIG_CORRECTNESS_PENDING,/home/esjung/MLLM-EP-github/poc_flashvep/deepep_revalidation/results/scheduling_overlap_successor_mining_20260908_161510/fastpp_runs/dense_screen_v1/b1_greedy/measure0_short_high_concurrency.jsonl
dense_screen_v1:b1_greedy:measure1_heterogeneous_steady,FASTPP,Official PP/DC/ALP/BR independent-restart request-level comparison,2026-09-08T09:31:47.423460+00:00,2026-09-08T09:32:19.942632+00:00,"4,5,6,7",32.519171714782715,0.03613241301642524,measurement,CROSS_CONFIG_CORRECTNESS_PENDING,/home/esjung/MLLM-EP-github/poc_flashvep/deepep_revalidation/results/scheduling_overlap_successor_mining_20260908_161510/fastpp_runs/dense_screen_v1/b1_greedy/measure1_heterogeneous_steady.jsonl
dense_screen_v1:b1_greedy:measure2_fastpp_official_azure_conv_192,FASTPP,Official PP/DC/ALP/BR independent-restart request-level comparison,2026-09-08T09:32:20.558019+00:00,2026-09-08T09:33:47.993439+00:00,"4,5,6,7",87.43542003631592,0.09715046670701769,measurement,CROSS_CONFIG_CORRECTNESS_PENDING,/home/esjung/MLLM-EP-github/poc_flashvep/deepep_revalidation/results/scheduling_overlap_successor_mining_20260908_161510/fastpp_runs/dense_screen_v1/b1_greedy/measure2_fastpp_official_azure_conv_192.jsonl
dense_screen_v1:b1_greedy:measure3_heterogeneous_bursty,FASTPP,Official PP/DC/ALP/BR independent-restart request-level comparison,2026-09-08T09:33:48.689009+00:00,2026-09-08T09:34:20.190322+00:00,"4,5,6,7",31.50131344795227,0.035001459386613636,measurement,CROSS_CONFIG_CORRECTNESS_PENDING,/home/esjung/MLLM-EP-github/poc_flashvep/deepep_revalidation/results/scheduling_overlap_successor_mining_20260908_161510/fastpp_runs/dense_screen_v1/b1_greedy/measure3_heterogeneous_bursty.jsonl
dense_screen_v1:b1_alp:measure0_short_high_concurrency,FASTPP,Official PP/DC/ALP/BR independent-restart request-level comparison,2026-09-08T09:35:28.060826+00:00,2026-09-08T09:35:40.824278+00:00,"4,5,6,7",12.763451337814331,0.014181612597571478,measurement,CROSS_CONFIG_CORRECTNESS_PENDING,/home/esjung/MLLM-EP-github/poc_flashvep/deepep_revalidation/results/scheduling_overlap_successor_mining_20260908_161510/fastpp_runs/dense_screen_v1/b1_alp/measure0_short_high_concurrency.jsonl
dense_screen_v1:b1_alp:measure1_heterogeneous_steady,FASTPP,Official PP/DC/ALP/BR independent-restart request-level comparison,2026-09-08T09:35:41.539032+00:00,2026-09-08T09:36:14.673822+00:00,"4,5,6,7",33.13479018211365,0.03681643353568183,measurement,CROSS_CONFIG_CORRECTNESS_PENDING,/home/esjung/MLLM-EP-github/poc_flashvep/deepep_revalidation/results/scheduling_overlap_successor_mining_20260908_161510/fastpp_runs/dense_screen_v1/b1_alp/measure1_heterogeneous_steady.jsonl
dense_screen_v1:b1_alp:measure2_fastpp_official_azure_conv_192,FASTPP,Official PP/DC/ALP/BR independent-restart request-level comparison,2026-09-08T09:36:15.382876+00:00,2026-09-08T09:37:38.743405+00:00,"4,5,6,7",83.36052966117859,0.09262281073464287,measurement,CROSS_CONFIG_CORRECTNESS_PENDING,/home/esjung/MLLM-EP-github/poc_flashvep/deepep_revalidation/results/scheduling_overlap_successor_mining_20260908_161510/fastpp_runs/dense_screen_v1/b1_alp/measure2_fastpp_official_azure_conv_192.jsonl
dense_screen_v1:b1_alp:measure3_heterogeneous_bursty,FASTPP,Official PP/DC/ALP/BR independent-restart request-level comparison,2026-09-08T09:37:39.422770+00:00,2026-09-08T09:38:11.394714+00:00,"4,5,6,7",31.971944093704224,0.035524382326338026,measurement,CROSS_CONFIG_CORRECTNESS_PENDING,/home/esjung/MLLM-EP-github/poc_flashvep/deepep_revalidation/results/scheduling_overlap_successor_mining_20260908_161510/fastpp_runs/dense_screen_v1/b1_alp/measure3_heterogeneous_bursty.jsonl
dense_screen_v1:b2_pp_only:measure0_short_high_concurrency,FASTPP,Official PP/DC/ALP/BR independent-restart request-level comparison,2026-09-08T09:39:01.173619+00:00,2026-09-08T09:39:12.872968+00:00,"4,5,6,7",11.69934892654419,0.0129992765850491,measurement,CROSS_CONFIG_CORRECTNESS_PENDING,/home/esjung/MLLM-EP-github/poc_flashvep/deepep_revalidation/results/scheduling_overlap_successor_mining_20260908_161510/fastpp_runs/dense_screen_v1/b2_pp_only/measure0_short_high_concurrency.jsonl
dense_screen_v1:b2_pp_only:measure1_fastpp_official_azure_conv_192,FASTPP,Official PP/DC/ALP/BR independent-restart request-level comparison,2026-09-08T09:39:13.520469+00:00,2026-09-08T09:40:36.792772+00:00,"4,5,6,7",83.27230262756348,0.09252478069729275,measurement,CROSS_CONFIG_CORRECTNESS_PENDING,/home/esjung/MLLM-EP-github/poc_flashvep/deepep_revalidation/results/scheduling_overlap_successor_mining_20260908_161510/fastpp_runs/dense_screen_v1/b2_pp_only/measure1_fastpp_official_azure_conv_192.jsonl
dense_screen_v1:b2_pp_only:measure2_heterogeneous_steady,FASTPP,Official PP/DC/ALP/BR independent-restart request-level comparison,2026-09-08T09:40:37.444546+00:00,2026-09-08T09:41:10.101134+00:00,"4,5,6,7",32.65658760070801,0.03628509733412001,measurement,CROSS_CONFIG_CORRECTNESS_PENDING,/home/esjung/MLLM-EP-github/poc_flashvep/deepep_revalidation/results/scheduling_overlap_successor_mining_20260908_161510/fastpp_runs/dense_screen_v1/b2_pp_only/measure2_heterogeneous_steady.jsonl
dense_screen_v1:b2_pp_only:measure3_heterogeneous_bursty,FASTPP,Official PP/DC/ALP/BR independent-restart request-level comparison,2026-09-08T09:41:10.780812+00:00,2026-09-08T09:41:42.044318+00:00,"4,5,6,7",31.263506650924683,0.034737229612138536,measurement,CROSS_CONFIG_CORRECTNESS_PENDING,/home/esjung/MLLM-EP-github/poc_flashvep/deepep_revalidation/results/scheduling_overlap_successor_mining_20260908_161510/fastpp_runs/dense_screen_v1/b2_pp_only/measure3_heterogeneous_bursty.jsonl
dense_screen_v1:b2_alp:measure0_short_high_concurrency,FASTPP,Official PP/DC/ALP/BR independent-restart request-level comparison,2026-09-08T09:42:45.872993+00:00,2026-09-08T09:42:58.577945+00:00,"4,5,6,7",12.704951763153076,0.014116613070170085,measurement,CROSS_CONFIG_CORRECTNESS_PENDING,/home/esjung/MLLM-EP-github/poc_flashvep/deepep_revalidation/results/scheduling_overlap_successor_mining_20260908_161510/fastpp_runs/dense_screen_v1/b2_alp/measure0_short_high_concurrency.jsonl
dense_screen_v1:b2_alp:measure1_fastpp_official_azure_conv_192,FASTPP,Official PP/DC/ALP/BR independent-restart request-level comparison,2026-09-08T09:42:59.349053+00:00,2026-09-08T09:44:23.042449+00:00,"4,5,6,7",83.69339632987976,0.09299266258875528,measurement,CROSS_CONFIG_CORRECTNESS_PENDING,/home/esjung/MLLM-EP-github/poc_flashvep/deepep_revalidation/results/scheduling_overlap_successor_mining_20260908_161510/fastpp_runs/dense_screen_v1/b2_alp/measure1_fastpp_official_azure_conv_192.jsonl
dense_screen_v1:b2_alp:measure2_heterogeneous_steady,FASTPP,Official PP/DC/ALP/BR independent-restart request-level comparison,2026-09-08T09:44:23.706710+00:00,2026-09-08T09:44:56.955709+00:00,"4,5,6,7",33.24899911880493,0.036943332354227705,measurement,CROSS_CONFIG_CORRECTNESS_PENDING,/home/esjung/MLLM-EP-github/poc_flashvep/deepep_revalidation/results/scheduling_overlap_successor_mining_20260908_161510/fastpp_runs/dense_screen_v1/b2_alp/measure2_heterogeneous_steady.jsonl
dense_screen_v1:b2_alp:measure3_heterogeneous_bursty,FASTPP,Official PP/DC/ALP/BR independent-restart request-level comparison,2026-09-08T09:44:57.623755+00:00,2026-09-08T09:45:30.151129+00:00,"4,5,6,7",32.527374029159546,0.03614152669906616,measurement,CROSS_CONFIG_CORRECTNESS_PENDING,/home/esjung/MLLM-EP-github/poc_flashvep/deepep_revalidation/results/scheduling_overlap_successor_mining_20260908_161510/fastpp_runs/dense_screen_v1/b2_alp/measure3_heterogeneous_bursty.jsonl
dense_screen_v1:b2_alp_rebalance:measure0_short_high_concurrency,FASTPP,Official PP/DC/ALP/BR independent-restart request-level comparison,2026-09-08T09:46:36.672613+00:00,2026-09-08T09:46:49.408878+00:00,"4,5,6,7",12.736264944076538,0.014151405493418376,measurement,CROSS_CONFIG_CORRECTNESS_PENDING,/home/esjung/MLLM-EP-github/poc_flashvep/deepep_revalidation/results/scheduling_overlap_successor_mining_20260908_161510/fastpp_runs/dense_screen_v1/b2_alp_rebalance/measure0_short_high_concurrency.jsonl
dense_screen_v1:b2_alp_rebalance:measure1_fastpp_official_azure_conv_192,FASTPP,Official PP/DC/ALP/BR independent-restart request-level comparison,2026-09-08T09:46:50.109123+00:00,2026-09-08T09:48:13.592965+00:00,"4,5,6,7",83.48384189605713,0.09275982432895237,measurement,CROSS_CONFIG_CORRECTNESS_PENDING,/home/esjung/MLLM-EP-github/poc_flashvep/deepep_revalidation/results/scheduling_overlap_successor_mining_20260908_161510/fastpp_runs/dense_screen_v1/b2_alp_rebalance/measure1_fastpp_official_azure_conv_192.jsonl
dense_screen_v1:b2_alp_rebalance:measure2_heterogeneous_steady,FASTPP,Official PP/DC/ALP/BR independent-restart request-level comparison,2026-09-08T09:48:14.248103+00:00,2026-09-08T09:48:47.369081+00:00,"4,5,6,7",33.120978593826294,0.03680108732647366,measurement,CROSS_CONFIG_CORRECTNESS_PENDING,/home/esjung/MLLM-EP-github/poc_flashvep/deepep_revalidation/results/scheduling_overlap_successor_mining_20260908_161510/fastpp_runs/dense_screen_v1/b2_alp_rebalance/measure2_heterogeneous_steady.jsonl
dense_screen_v1:b2_alp_rebalance:measure3_heterogeneous_bursty,FASTPP,Official PP/DC/ALP/BR independent-restart request-level comparison,2026-09-08T09:48:48.046602+00:00,2026-09-08T09:49:19.851215+00:00,"4,5,6,7",31.804612636566162,0.03533845848507351,measurement,CROSS_CONFIG_CORRECTNESS_PENDING,/home/esjung/MLLM-EP-github/poc_flashvep/deepep_revalidation/results/scheduling_overlap_successor_mining_20260908_161510/fastpp_runs/dense_screen_v1/b2_alp_rebalance/measure3_heterogeneous_bursty.jsonl
dense_screen_v1:b2_greedy:measure0_short_high_concurrency,FASTPP,Official PP/DC/ALP/BR independent-restart request-level comparison,2026-09-08T09:50:15.735413+00:00,2026-09-08T09:50:27.283590+00:00,"4,5,6,7",11.548176288604736,0.012831306987338595,measurement,CROSS_CONFIG_CORRECTNESS_PENDING,/home/esjung/MLLM-EP-github/poc_flashvep/deepep_revalidation/results/scheduling_overlap_successor_mining_20260908_161510/fastpp_runs/dense_screen_v1/b2_greedy/measure0_short_high_concurrency.jsonl
dense_screen_v1:b2_greedy:measure1_fastpp_official_azure_conv_192,FASTPP,Official PP/DC/ALP/BR independent-restart request-level comparison,2026-09-08T09:50:27.956013+00:00,2026-09-08T09:51:50.433230+00:00,"4,5,6,7",82.47721672058105,0.09164135191175672,measurement,CROSS_CONFIG_CORRECTNESS_PENDING,/home/esjung/MLLM-EP-github/poc_flashvep/deepep_revalidation/results/scheduling_overlap_successor_mining_20260908_161510/fastpp_runs/dense_screen_v1/b2_greedy/measure1_fastpp_official_azure_conv_192.jsonl
dense_screen_v1:b2_greedy:measure2_heterogeneous_steady,FASTPP,Official PP/DC/ALP/BR independent-restart request-level comparison,2026-09-08T09:51:51.193929+00:00,2026-09-08T09:52:24.018970+00:00,"4,5,6,7",32.825040340423584,0.036472267044915095,measurement,CROSS_CONFIG_CORRECTNESS_PENDING,/home/esjung/MLLM-EP-github/poc_flashvep/deepep_revalidation/results/scheduling_overlap_successor_mining_20260908_161510/fastpp_runs/dense_screen_v1/b2_greedy/measure2_heterogeneous_steady.jsonl
dense_screen_v1:b2_greedy:measure3_heterogeneous_bursty,FASTPP,Official PP/DC/ALP/BR independent-restart request-level comparison,2026-09-08T09:52:24.676591+00:00,2026-09-08T09:52:55.925231+00:00,"4,5,6,7",31.248640060424805,0.034720711178249784,measurement,CROSS_CONFIG_CORRECTNESS_PENDING,/home/esjung/MLLM-EP-github/poc_flashvep/deepep_revalidation/results/scheduling_overlap_successor_mining_20260908_161510/fastpp_runs/dense_screen_v1/b2_greedy/measure3_heterogeneous_bursty.jsonl
dense_p2p0_control_v1:b0_alp:measure0_short_high_concurrency,FASTPP,Official PP/DC/ALP/BR independent-restart request-level comparison,2026-09-08T10:01:03.175350+00:00,2026-09-08T10:01:16.469084+00:00,"4,5,6,7",13.293733358383179,0.014770814842647976,measurement,CROSS_CONFIG_CORRECTNESS_PENDING,/home/esjung/MLLM-EP-github/poc_flashvep/deepep_revalidation/results/scheduling_overlap_successor_mining_20260908_161510/fastpp_runs/dense_p2p0_control_v1/b0_alp/measure0_short_high_concurrency.jsonl
dense_p2p0_control_v1:b0_alp:measure1_heterogeneous_steady,FASTPP,Official PP/DC/ALP/BR independent-restart request-level comparison,2026-09-08T10:01:17.175106+00:00,2026-09-08T10:01:50.314712+00:00,"4,5,6,7",33.13960576057434,0.03682178417841593,measurement,CROSS_CONFIG_CORRECTNESS_PENDING,/home/esjung/MLLM-EP-github/poc_flashvep/deepep_revalidation/results/scheduling_overlap_successor_mining_20260908_161510/fastpp_runs/dense_p2p0_control_v1/b0_alp/measure1_heterogeneous_steady.jsonl
dense_p2p0_control_v1:b0_alp:measure2_fastpp_official_azure_conv_192,FASTPP,Official PP/DC/ALP/BR independent-restart request-level comparison,2026-09-08T10:01:50.926827+00:00,2026-09-08T10:03:14.105232+00:00,"4,5,6,7",83.17840504646301,0.09242045005162557,measurement,CROSS_CONFIG_CORRECTNESS_PENDING,/home/esjung/MLLM-EP-github/poc_flashvep/deepep_revalidation/results/scheduling_overlap_successor_mining_20260908_161510/fastpp_runs/dense_p2p0_control_v1/b0_alp/measure2_fastpp_official_azure_conv_192.jsonl
dense_p2p0_control_v1:b0_alp:measure3_heterogeneous_bursty,FASTPP,Official PP/DC/ALP/BR independent-restart request-level comparison,2026-09-08T10:03:14.785442+00:00,2026-09-08T10:03:47.037744+00:00,"4,5,6,7",32.25230264663696,0.03583589182959662,measurement,CROSS_CONFIG_CORRECTNESS_PENDING,/home/esjung/MLLM-EP-github/poc_flashvep/deepep_revalidation/results/scheduling_overlap_successor_mining_20260908_161510/fastpp_runs/dense_p2p0_control_v1/b0_alp/measure3_heterogeneous_bursty.jsonl
dense_p2p0_control_v1:b0_pp_only:measure0_short_high_concurrency,FASTPP,Official PP/DC/ALP/BR independent-restart request-level comparison,2026-09-08T10:04:37.075760+00:00,2026-09-08T10:04:48.637850+00:00,"4,5,6,7",11.562090158462524,0.012846766842736139,measurement,CROSS_CONFIG_CORRECTNESS_PENDING,/home/esjung/MLLM-EP-github/poc_flashvep/deepep_revalidation/results/scheduling_overlap_successor_mining_20260908_161510/fastpp_runs/dense_p2p0_control_v1/b0_pp_only/measure0_short_high_concurrency.jsonl
dense_p2p0_control_v1:b0_pp_only:measure1_heterogeneous_steady,FASTPP,Official PP/DC/ALP/BR independent-restart request-level comparison,2026-09-08T10:04:49.286213+00:00,2026-09-08T10:05:22.015152+00:00,"4,5,6,7",32.728938817977905,0.03636548757553101,measurement,CROSS_CONFIG_CORRECTNESS_PENDING,/home/esjung/MLLM-EP-github/poc_flashvep/deepep_revalidation/results/scheduling_overlap_successor_mining_20260908_161510/fastpp_runs/dense_p2p0_control_v1/b0_pp_only/measure1_heterogeneous_steady.jsonl
dense_p2p0_control_v1:b0_pp_only:measure2_fastpp_official_azure_conv_192,FASTPP,Official PP/DC/ALP/BR independent-restart request-level comparison,2026-09-08T10:05:22.690245+00:00,2026-09-08T10:06:46.428159+00:00,"4,5,6,7",83.73791313171387,0.0930421257019043,measurement,CROSS_CONFIG_CORRECTNESS_PENDING,/home/esjung/MLLM-EP-github/poc_flashvep/deepep_revalidation/results/scheduling_overlap_successor_mining_20260908_161510/fastpp_runs/dense_p2p0_control_v1/b0_pp_only/measure2_fastpp_official_azure_conv_192.jsonl
dense_p2p0_control_v1:b0_pp_only:measure3_heterogeneous_bursty,FASTPP,Official PP/DC/ALP/BR independent-restart request-level comparison,2026-09-08T10:06:47.095393+00:00,2026-09-08T10:07:18.432214+00:00,"4,5,6,7",31.33682107925415,0.03481869008806017,measurement,CROSS_CONFIG_CORRECTNESS_PENDING,/home/esjung/MLLM-EP-github/poc_flashvep/deepep_revalidation/results/scheduling_overlap_successor_mining_20260908_161510/fastpp_runs/dense_p2p0_control_v1/b0_pp_only/measure3_heterogeneous_bursty.jsonl
dense_p2p0_control_v1:b1_alp:measure0_heterogeneous_steady,FASTPP,Official PP/DC/ALP/BR independent-restart request-level comparison,2026-09-08T10:08:29.942003+00:00,2026-09-08T10:09:09.792229+00:00,"4,5,6,7",39.8502254486084,0.044278028276231556,measurement,CROSS_CONFIG_CORRECTNESS_PENDING,/home/esjung/MLLM-EP-github/poc_flashvep/deepep_revalidation/results/scheduling_overlap_successor_mining_20260908_161510/fastpp_runs/dense_p2p0_control_v1/b1_alp/measure0_heterogeneous_steady.jsonl
dense_p2p0_control_v1:b1_alp:measure1_short_high_concurrency,FASTPP,Official PP/DC/ALP/BR independent-restart request-level comparison,2026-09-08T10:09:10.359028+00:00,2026-09-08T10:09:26.800954+00:00,"4,5,6,7",16.441925525665283,0.018268806139628092,measurement,CROSS_CONFIG_CORRECTNESS_PENDING,/home/esjung/MLLM-EP-github/poc_flashvep/deepep_revalidation/results/scheduling_overlap_successor_mining_20260908_161510/fastpp_runs/dense_p2p0_control_v1/b1_alp/measure1_short_high_concurrency.jsonl
dense_p2p0_control_v1:b1_alp:measure2_heterogeneous_bursty,FASTPP,Official PP/DC/ALP/BR independent-restart request-level comparison,2026-09-08T10:09:27.614388+00:00,2026-09-08T10:10:06.560469+00:00,"4,5,6,7",38.946080684661865,0.04327342298295763,measurement,CROSS_CONFIG_CORRECTNESS_PENDING,/home/esjung/MLLM-EP-github/poc_flashvep/deepep_revalidation/results/scheduling_overlap_successor_mining_20260908_161510/fastpp_runs/dense_p2p0_control_v1/b1_alp/measure2_heterogeneous_bursty.jsonl
dense_p2p0_control_v1:b1_alp:measure3_fastpp_official_azure_conv_192,FASTPP,Official PP/DC/ALP/BR independent-restart request-level comparison,2026-09-08T10:10:07.271976+00:00,2026-09-08T10:11:45.120381+00:00,"4,5,6,7",97.84840488433838,0.10872044987148709,measurement,CROSS_CONFIG_CORRECTNESS_PENDING,/home/esjung/MLLM-EP-github/poc_flashvep/deepep_revalidation/results/scheduling_overlap_successor_mining_20260908_161510/fastpp_runs/dense_p2p0_control_v1/b1_alp/measure3_fastpp_official_azure_conv_192.jsonl
dense_p2p0_control_v1:b1_pp_only:measure0_heterogeneous_steady,FASTPP,Official PP/DC/ALP/BR independent-restart request-level comparison,2026-09-08T10:12:40.196773+00:00,2026-09-08T10:13:17.360956+00:00,"4,5,6,7",37.16418242454529,0.041293536027272544,measurement,CROSS_CONFIG_CORRECTNESS_PENDING,/home/esjung/MLLM-EP-github/poc_flashvep/deepep_revalidation/results/scheduling_overlap_successor_mining_20260908_161510/fastpp_runs/dense_p2p0_control_v1/b1_pp_only/measure0_heterogeneous_steady.jsonl
dense_p2p0_control_v1:b1_pp_only:measure1_short_high_concurrency,FASTPP,Official PP/DC/ALP/BR independent-restart request-level comparison,2026-09-08T10:13:18.067172+00:00,2026-09-08T10:13:32.293327+00:00,"4,5,6,7",14.226155042648315,0.015806838936275908,measurement,CROSS_CONFIG_CORRECTNESS_PENDING,/home/esjung/MLLM-EP-github/poc_flashvep/deepep_revalidation/results/scheduling_overlap_successor_mining_20260908_161510/fastpp_runs/dense_p2p0_control_v1/b1_pp_only/measure1_short_high_concurrency.jsonl
dense_p2p0_control_v1:b1_pp_only:measure2_heterogeneous_bursty,FASTPP,Official PP/DC/ALP/BR independent-restart request-level comparison,2026-09-08T10:13:33.007156+00:00,2026-09-08T10:14:07.373810+00:00,"4,5,6,7",34.36665344238281,0.03818517049153646,measurement,CROSS_CONFIG_CORRECTNESS_PENDING,/home/esjung/MLLM-EP-github/poc_flashvep/deepep_revalidation/results/scheduling_overlap_successor_mining_20260908_161510/fastpp_runs/dense_p2p0_control_v1/b1_pp_only/measure2_heterogeneous_bursty.jsonl
dense_p2p0_control_v1:b1_pp_only:measure3_fastpp_official_azure_conv_192,FASTPP,Official PP/DC/ALP/BR independent-restart request-level comparison,2026-09-08T10:14:08.119590+00:00,2026-09-08T10:15:31.762991+00:00,"4,5,6,7",83.64340114593506,0.09293711238437229,measurement,CROSS_CONFIG_CORRECTNESS_PENDING,/home/esjung/MLLM-EP-github/poc_flashvep/deepep_revalidation/results/scheduling_overlap_successor_mining_20260908_161510/fastpp_runs/dense_p2p0_control_v1/b1_pp_only/measure3_fastpp_official_azure_conv_192.jsonl
dense_p2p0_control_v1:b2_alp:measure0_short_high_concurrency,FASTPP,Official PP/DC/ALP/BR independent-restart request-level comparison,2026-09-08T10:16:38.694878+00:00,2026-09-08T10:16:53.661601+00:00,"4,5,6,7",14.96672248840332,0.01662969165378147,measurement,CROSS_CONFIG_CORRECTNESS_PENDING,/home/esjung/MLLM-EP-github/poc_flashvep/deepep_revalidation/results/scheduling_overlap_successor_mining_20260908_161510/fastpp_runs/dense_p2p0_control_v1/b2_alp/measure0_short_high_concurrency.jsonl
dense_p2p0_control_v1:b2_alp:measure1_heterogeneous_steady,FASTPP,Official PP/DC/ALP/BR independent-restart request-level comparison,2026-09-08T10:16:54.652933+00:00,2026-09-08T10:17:27.787473+00:00,"4,5,6,7",33.13454008102417,0.03681615564558241,measurement,CROSS_CONFIG_CORRECTNESS_PENDING,/home/esjung/MLLM-EP-github/poc_flashvep/deepep_revalidation/results/scheduling_overlap_successor_mining_20260908_161510/fastpp_runs/dense_p2p0_control_v1/b2_alp/measure1_heterogeneous_steady.jsonl
dense_p2p0_control_v1:b2_alp:measure2_fastpp_official_azure_conv_192,FASTPP,Official PP/DC/ALP/BR independent-restart request-level comparison,2026-09-08T10:17:28.393930+00:00,2026-09-08T10:18:51.741892+00:00,"4,5,6,7",83.34796214103699,0.09260884682337443,measurement,CROSS_CONFIG_CORRECTNESS_PENDING,/home/esjung/MLLM-EP-github/poc_flashvep/deepep_revalidation/results/scheduling_overlap_successor_mining_20260908_161510/fastpp_runs/dense_p2p0_control_v1/b2_alp/measure2_fastpp_official_azure_conv_192.jsonl
dense_p2p0_control_v1:b2_alp:measure3_heterogeneous_bursty,FASTPP,Official PP/DC/ALP/BR independent-restart request-level comparison,2026-09-08T10:18:52.417058+00:00,2026-09-08T10:19:24.535793+00:00,"4,5,6,7",32.11873483657837,0.03568748315175374,measurement,CROSS_CONFIG_CORRECTNESS_PENDING,/home/esjung/MLLM-EP-github/poc_flashvep/deepep_revalidation/results/scheduling_overlap_successor_mining_20260908_161510/fastpp_runs/dense_p2p0_control_v1/b2_alp/measure3_heterogeneous_bursty.jsonl
dense_p2p0_control_v1:b2_pp_only:measure0_short_high_concurrency,FASTPP,Official PP/DC/ALP/BR independent-restart request-level comparison,2026-09-08T10:20:18.977961+00:00,2026-09-08T10:20:30.324828+00:00,"4,5,6,7",11.346867084503174,0.012607630093892415,measurement,CROSS_CONFIG_CORRECTNESS_PENDING,/home/esjung/MLLM-EP-github/poc_flashvep/deepep_revalidation/results/scheduling_overlap_successor_mining_20260908_161510/fastpp_runs/dense_p2p0_control_v1/b2_pp_only/measure0_short_high_concurrency.jsonl
dense_p2p0_control_v1:b2_pp_only:measure1_heterogeneous_steady,FASTPP,Official PP/DC/ALP/BR independent-restart request-level comparison,2026-09-08T10:20:30.983000+00:00,2026-09-08T10:21:03.553153+00:00,"4,5,6,7",32.57015252113342,0.036189058356814914,measurement,CROSS_CONFIG_CORRECTNESS_PENDING,/home/esjung/MLLM-EP-github/poc_flashvep/deepep_revalidation/results/scheduling_overlap_successor_mining_20260908_161510/fastpp_runs/dense_p2p0_control_v1/b2_pp_only/measure1_heterogeneous_steady.jsonl
dense_p2p0_control_v1:b2_pp_only:measure2_fastpp_official_azure_conv_192,FASTPP,Official PP/DC/ALP/BR independent-restart request-level comparison,2026-09-08T10:21:04.252955+00:00,2026-09-08T10:22:27.717087+00:00,"4,5,6,7",83.46413159370422,0.09273792399300469,measurement,CROSS_CONFIG_CORRECTNESS_PENDING,/home/esjung/MLLM-EP-github/poc_flashvep/deepep_revalidation/results/scheduling_overlap_successor_mining_20260908_161510/fastpp_runs/dense_p2p0_control_v1/b2_pp_only/measure2_fastpp_official_azure_conv_192.jsonl
dense_p2p0_control_v1:b2_pp_only:measure3_heterogeneous_bursty,FASTPP,Official PP/DC/ALP/BR independent-restart request-level comparison,2026-09-08T10:22:28.354049+00:00,2026-09-08T10:22:59.692254+00:00,"4,5,6,7",31.338204860687256,0.03482022762298584,measurement,CROSS_CONFIG_CORRECTNESS_PENDING,/home/esjung/MLLM-EP-github/poc_flashvep/deepep_revalidation/results/scheduling_overlap_successor_mining_20260908_161510/fastpp_runs/dense_p2p0_control_v1/b2_pp_only/measure3_heterogeneous_bursty.jsonl
cohort_pilot_v1:b0_b16_c512_graph,NANOFLOW,Native operation-plan regret on actual fixed-cohort request completion,2026-09-08T10:28:12.288315+00:00,2026-09-08T10:28:13.153278+00:00,"4,5,6,7",0.8649630546569824,0.0009610700607299805,measurement,COLLECTED_CORRECTNESS_PENDING,/home/esjung/MLLM-EP-github/poc_flashvep/deepep_revalidation/results/scheduling_overlap_successor_mining_20260908_161510/nanoflow_runs/cohort_pilot_v1/b0_b16_c512_graph.json
cohort_pilot_v1:b0_b16_c512_plan2_graph,NANOFLOW,Native operation-plan regret on actual fixed-cohort request completion,2026-09-08T10:28:36.334908+00:00,2026-09-08T10:28:38.840627+00:00,"4,5,6,7",2.505718469619751,0.0027841316329108344,measurement,COLLECTED_CORRECTNESS_PENDING,/home/esjung/MLLM-EP-github/poc_flashvep/deepep_revalidation/results/scheduling_overlap_successor_mining_20260908_161510/nanoflow_runs/cohort_pilot_v1/b0_b16_c512_plan2_graph.json
cohort_pilot_v1:b0_b4_c128_graph,NANOFLOW,Native operation-plan regret on actual fixed-cohort request completion,2026-09-08T10:28:58.715552+00:00,2026-09-08T10:28:59.447918+00:00,"4,5,6,7",0.7323660850524902,0.0008137400945027669,measurement,COLLECTED_CORRECTNESS_PENDING,/home/esjung/MLLM-EP-github/poc_flashvep/deepep_revalidation/results/scheduling_overlap_successor_mining_20260908_161510/nanoflow_runs/cohort_pilot_v1/b0_b4_c128_graph.json
cohort_pilot_v1:b0_b4_c128_plan2_graph,NANOFLOW,Native operation-plan regret on actual fixed-cohort request completion,2026-09-08T10:29:19.177706+00:00,2026-09-08T10:29:21.412615+00:00,"4,5,6,7",2.23490834236145,0.0024832314915127223,measurement,COLLECTED_CORRECTNESS_PENDING,/home/esjung/MLLM-EP-github/poc_flashvep/deepep_revalidation/results/scheduling_overlap_successor_mining_20260908_161510/nanoflow_runs/cohort_pilot_v1/b0_b4_c128_plan2_graph.json
fastpp_runs:qwen3_mechanism_alp_v2:measure0_heterogeneous_steady,FASTPP,Native Qwen3 PP4 ALP prediction and stage-cost transfer,2026-09-08T10:34:36.502511+00:00,2026-09-08T10:35:14.040133+00:00,"4,5,6,7",37.537622928619385,0.041708469920688204,mechanism_diagnostic,INSTRUMENTED_NOT_CLEAN_PERFORMANCE,poc_flashvep/deepep_revalidation/results/scheduling_overlap_successor_mining_20260908_161510/fastpp_runs/qwen3_mechanism_alp_v2/measure0_heterogeneous_steady.jsonl
fastpp_runs:qwen3_mechanism_alp_v2:measure1_heterogeneous_bursty,FASTPP,Native Qwen3 PP4 ALP prediction and stage-cost transfer,2026-09-08T10:35:14.600574+00:00,2026-09-08T10:35:48.653073+00:00,"4,5,6,7",34.05249857902527,0.0378361095322503,mechanism_diagnostic,INSTRUMENTED_NOT_CLEAN_PERFORMANCE,poc_flashvep/deepep_revalidation/results/scheduling_overlap_successor_mining_20260908_161510/fastpp_runs/qwen3_mechanism_alp_v2/measure1_heterogeneous_bursty.jsonl
clean_grid_v1:r0:long_text_plus_image:b4,COMMON_VL_TRANSFER,Real-image operation cost and observer overhead; same-host request interval union,2026-09-08T10:45:17.740678+00:00,2026-09-08T10:45:21.170991+00:00,"4,5,6,7",3.4303131103515625,0.0038114590115017363,measurement,COHORT_TRANSFER_DIAGNOSTIC_UTC_PLACEMENT_APPROX,poc_flashvep/deepep_revalidation/results/scheduling_overlap_successor_mining_20260908_161510/vl_transfer/clean_grid_v1
clean_grid_v1:r0:text_only_no_image_control:b1,COMMON_VL_TRANSFER,Real-image operation cost and observer overhead; same-host request interval union,2026-09-08T10:45:21.173569+00:00,2026-09-08T10:45:24.300570+00:00,"4,5,6,7",3.127000331878662,0.0034744448131985134,measurement,COHORT_TRANSFER_DIAGNOSTIC_UTC_PLACEMENT_APPROX,poc_flashvep/deepep_revalidation/results/scheduling_overlap_successor_mining_20260908_161510/vl_transfer/clean_grid_v1
clean_grid_v1:r0:long_text_plus_image:b1,COMMON_VL_TRANSFER,Real-image operation cost and observer overhead; same-host request interval union,2026-09-08T10:45:24.302654+00:00,2026-09-08T10:45:27.481339+00:00,"4,5,6,7",3.178685188293457,0.0035318724314371743,measurement,COHORT_TRANSFER_DIAGNOSTIC_UTC_PLACEMENT_APPROX,poc_flashvep/deepep_revalidation/results/scheduling_overlap_successor_mining_20260908_161510/vl_transfer/clean_grid_v1
clean_grid_v1:r0:single_real_image:b4,COMMON_VL_TRANSFER,Real-image operation cost and observer overhead; same-host request interval union,2026-09-08T10:45:27.483588+00:00,2026-09-08T10:45:30.861007+00:00,"4,5,6,7",3.3774192333221436,0.003752688037024604,measurement,COHORT_TRANSFER_DIAGNOSTIC_UTC_PLACEMENT_APPROX,poc_flashvep/deepep_revalidation/results/scheduling_overlap_successor_mining_20260908_161510/vl_transfer/clean_grid_v1
clean_grid_v1:r0:text_only_no_image_control:b8,COMMON_VL_TRANSFER,Real-image operation cost and observer overhead; same-host request interval union,2026-09-08T10:45:30.863600+00:00,2026-09-08T10:45:33.951331+00:00,"4,5,6,7",3.087731122970581,0.0034308123588562014,measurement,COHORT_TRANSFER_DIAGNOSTIC_UTC_PLACEMENT_APPROX,poc_flashvep/deepep_revalidation/results/scheduling_overlap_successor_mining_20260908_161510/vl_transfer/clean_grid_v1
clean_grid_v1:r0:text_only_no_image_control:b4,COMMON_VL_TRANSFER,Real-image operation cost and observer overhead; same-host request interval union,2026-09-08T10:45:33.955313+00:00,2026-09-08T10:45:37.082450+00:00,"4,5,6,7",3.1271374225616455,0.003474597136179606,measurement,COHORT_TRANSFER_DIAGNOSTIC_UTC_PLACEMENT_APPROX,poc_flashvep/deepep_revalidation/results/scheduling_overlap_successor_mining_20260908_161510/vl_transfer/clean_grid_v1
clean_grid_v1:r0:two_real_images:b1,COMMON_VL_TRANSFER,Real-image operation cost and observer overhead; same-host request interval union,2026-09-08T10:45:37.085366+00:00,2026-09-08T10:45:40.369527+00:00,"4,5,6,7",3.284160852432251,0.003649067613813612,measurement,COHORT_TRANSFER_DIAGNOSTIC_UTC_PLACEMENT_APPROX,poc_flashvep/deepep_revalidation/results/scheduling_overlap_successor_mining_20260908_161510/vl_transfer/clean_grid_v1
clean_grid_v1:r0:two_real_images:b4,COMMON_VL_TRANSFER,Real-image operation cost and observer overhead; same-host request interval union,2026-09-08T10:45:40.371506+00:00,2026-09-08T10:45:43.885626+00:00,"4,5,6,7",3.5141193866729736,0.003904577096303304,measurement,COHORT_TRANSFER_DIAGNOSTIC_UTC_PLACEMENT_APPROX,poc_flashvep/deepep_revalidation/results/scheduling_overlap_successor_mining_20260908_161510/vl_transfer/clean_grid_v1
clean_grid_v1:r0:long_text_plus_image:b8,COMMON_VL_TRANSFER,Real-image operation cost and observer overhead; same-host request interval union,2026-09-08T10:45:43.888718+00:00,2026-09-08T10:45:47.348123+00:00,"4,5,6,7",3.459404468536377,0.0038437827428181967,measurement,COHORT_TRANSFER_DIAGNOSTIC_UTC_PLACEMENT_APPROX,poc_flashvep/deepep_revalidation/results/scheduling_overlap_successor_mining_20260908_161510/vl_transfer/clean_grid_v1
clean_grid_v1:r0:single_real_image:b8,COMMON_VL_TRANSFER,Real-image operation cost and observer overhead; same-host request interval union,2026-09-08T10:45:47.352134+00:00,2026-09-08T10:45:50.849682+00:00,"4,5,6,7",3.4975483417510986,0.0038861648241678873,measurement,COHORT_TRANSFER_DIAGNOSTIC_UTC_PLACEMENT_APPROX,poc_flashvep/deepep_revalidation/results/scheduling_overlap_successor_mining_20260908_161510/vl_transfer/clean_grid_v1
clean_grid_v1:r0:two_real_images:b8,COMMON_VL_TRANSFER,Real-image operation cost and observer overhead; same-host request interval union,2026-09-08T10:45:50.854434+00:00,2026-09-08T10:45:54.603968+00:00,"4,5,6,7",3.7495341300964355,0.004166149033440484,measurement,COHORT_TRANSFER_DIAGNOSTIC_UTC_PLACEMENT_APPROX,poc_flashvep/deepep_revalidation/results/scheduling_overlap_successor_mining_20260908_161510/vl_transfer/clean_grid_v1
clean_grid_v1:r0:single_real_image:b1,COMMON_VL_TRANSFER,Real-image operation cost and observer overhead; same-host request interval union,2026-09-08T10:45:54.607059+00:00,2026-09-08T10:45:57.777682+00:00,"4,5,6,7",3.1706230640411377,0.003522914515601264,measurement,COHORT_TRANSFER_DIAGNOSTIC_UTC_PLACEMENT_APPROX,poc_flashvep/deepep_revalidation/results/scheduling_overlap_successor_mining_20260908_161510/vl_transfer/clean_grid_v1
clean_grid_v1:r1:single_real_image:b4,COMMON_VL_TRANSFER,Real-image operation cost and observer overhead; same-host request interval union,2026-09-08T10:45:57.779783+00:00,2026-09-08T10:46:01.157039+00:00,"4,5,6,7",3.377256393432617,0.003752507103814019,measurement,COHORT_TRANSFER_DIAGNOSTIC_UTC_PLACEMENT_APPROX,poc_flashvep/deepep_revalidation/results/scheduling_overlap_successor_mining_20260908_161510/vl_transfer/clean_grid_v1
clean_grid_v1:r1:text_only_no_image_control:b4,COMMON_VL_TRANSFER,Real-image operation cost and observer overhead; same-host request interval union,2026-09-08T10:46:01.159864+00:00,2026-09-08T10:46:04.248543+00:00,"4,5,6,7",3.0886783599853516,0.003431864844428168,measurement,COHORT_TRANSFER_DIAGNOSTIC_UTC_PLACEMENT_APPROX,poc_flashvep/deepep_revalidation/results/scheduling_overlap_successor_mining_20260908_161510/vl_transfer/clean_grid_v1
clean_grid_v1:r1:text_only_no_image_control:b1,COMMON_VL_TRANSFER,Real-image operation cost and observer overhead; same-host request interval union,2026-09-08T10:46:04.251510+00:00,2026-09-08T10:46:07.354326+00:00,"4,5,6,7",3.1028168201446533,0.0034475742446051704,measurement,COHORT_TRANSFER_DIAGNOSTIC_UTC_PLACEMENT_APPROX,poc_flashvep/deepep_revalidation/results/scheduling_overlap_successor_mining_20260908_161510/vl_transfer/clean_grid_v1
clean_grid_v1:r1:single_real_image:b8,COMMON_VL_TRANSFER,Real-image operation cost and observer overhead; same-host request interval union,2026-09-08T10:46:07.356282+00:00,2026-09-08T10:46:10.740607+00:00,"4,5,6,7",3.3843255043029785,0.003760361671447754,measurement,COHORT_TRANSFER_DIAGNOSTIC_UTC_PLACEMENT_APPROX,poc_flashvep/deepep_revalidation/results/scheduling_overlap_successor_mining_20260908_161510/vl_transfer/clean_grid_v1
clean_grid_v1:r1:two_real_images:b1,COMMON_VL_TRANSFER,Real-image operation cost and observer overhead; same-host request interval union,2026-09-08T10:46:10.743537+00:00,2026-09-08T10:46:13.926132+00:00,"4,5,6,7",3.1825952529907227,0.0035362169477674696,measurement,COHORT_TRANSFER_DIAGNOSTIC_UTC_PLACEMENT_APPROX,poc_flashvep/deepep_revalidation/results/scheduling_overlap_successor_mining_20260908_161510/vl_transfer/clean_grid_v1
clean_grid_v1:r1:long_text_plus_image:b1,COMMON_VL_TRANSFER,Real-image operation cost and observer overhead; same-host request interval union,2026-09-08T10:46:13.928032+00:00,2026-09-08T10:46:17.071368+00:00,"4,5,6,7",3.1433353424072266,0.0034925948248969185,measurement,COHORT_TRANSFER_DIAGNOSTIC_UTC_PLACEMENT_APPROX,poc_flashvep/deepep_revalidation/results/scheduling_overlap_successor_mining_20260908_161510/vl_transfer/clean_grid_v1
clean_grid_v1:r1:single_real_image:b1,COMMON_VL_TRANSFER,Real-image operation cost and observer overhead; same-host request interval union,2026-09-08T10:46:17.073249+00:00,2026-09-08T10:46:20.245621+00:00,"4,5,6,7",3.172372817993164,0.0035248586866590713,measurement,COHORT_TRANSFER_DIAGNOSTIC_UTC_PLACEMENT_APPROX,poc_flashvep/deepep_revalidation/results/scheduling_overlap_successor_mining_20260908_161510/vl_transfer/clean_grid_v1
clean_grid_v1:r1:two_real_images:b4,COMMON_VL_TRANSFER,Real-image operation cost and observer overhead; same-host request interval union,2026-09-08T10:46:20.247569+00:00,2026-09-08T10:46:23.787256+00:00,"4,5,6,7",3.539687156677246,0.003932985729641385,measurement,COHORT_TRANSFER_DIAGNOSTIC_UTC_PLACEMENT_APPROX,poc_flashvep/deepep_revalidation/results/scheduling_overlap_successor_mining_20260908_161510/vl_transfer/clean_grid_v1
clean_grid_v1:r1:text_only_no_image_control:b8,COMMON_VL_TRANSFER,Real-image operation cost and observer overhead; same-host request interval union,2026-09-08T10:46:23.789523+00:00,2026-09-08T10:46:26.878895+00:00,"4,5,6,7",3.089371919631958,0.003432635466257731,measurement,COHORT_TRANSFER_DIAGNOSTIC_UTC_PLACEMENT_APPROX,poc_flashvep/deepep_revalidation/results/scheduling_overlap_successor_mining_20260908_161510/vl_transfer/clean_grid_v1
clean_grid_v1:r1:long_text_plus_image:b8,COMMON_VL_TRANSFER,Real-image operation cost and observer overhead; same-host request interval union,2026-09-08T10:46:26.882652+00:00,2026-09-08T10:46:30.359445+00:00,"4,5,6,7",3.4767937660217285,0.003863104184468587,measurement,COHORT_TRANSFER_DIAGNOSTIC_UTC_PLACEMENT_APPROX,poc_flashvep/deepep_revalidation/results/scheduling_overlap_successor_mining_20260908_161510/vl_transfer/clean_grid_v1
clean_grid_v1:r1:two_real_images:b8,COMMON_VL_TRANSFER,Real-image operation cost and observer overhead; same-host request interval union,2026-09-08T10:46:30.362612+00:00,2026-09-08T10:46:33.890931+00:00,"4,5,6,7",3.5283191204071045,0.003920354578230116,measurement,COHORT_TRANSFER_DIAGNOSTIC_UTC_PLACEMENT_APPROX,poc_flashvep/deepep_revalidation/results/scheduling_overlap_successor_mining_20260908_161510/vl_transfer/clean_grid_v1
clean_grid_v1:r1:long_text_plus_image:b4,COMMON_VL_TRANSFER,Real-image operation cost and observer overhead; same-host request interval union,2026-09-08T10:46:33.894501+00:00,2026-09-08T10:46:37.204998+00:00,"4,5,6,7",3.3104965686798096,0.003678329520755344,measurement,COHORT_TRANSFER_DIAGNOSTIC_UTC_PLACEMENT_APPROX,poc_flashvep/deepep_revalidation/results/scheduling_overlap_successor_mining_20260908_161510/vl_transfer/clean_grid_v1
observer_smoke_v1:r0:text_only_no_image_control:b1,COMMON_VL_TRANSFER,Real-image operation cost and observer overhead; same-host request interval union,2026-09-08T10:38:03.766414+00:00,2026-09-08T10:38:05.219497+00:00,"4,5,6,7",1.4530830383300781,0.0016145367092556425,mechanism_diagnostic,COHORT_TRANSFER_DIAGNOSTIC_UTC_PLACEMENT_APPROX,poc_flashvep/deepep_revalidation/results/scheduling_overlap_successor_mining_20260908_161510/vl_transfer/observer_smoke_v1
observer_smoke_v1:r0:two_real_images:b1,COMMON_VL_TRANSFER,Real-image operation cost and observer overhead; same-host request interval union,2026-09-08T10:38:05.221410+00:00,2026-09-08T10:38:06.748919+00:00,"4,5,6,7",1.5275094509124756,0.001697232723236084,mechanism_diagnostic,COHORT_TRANSFER_DIAGNOSTIC_UTC_PLACEMENT_APPROX,poc_flashvep/deepep_revalidation/results/scheduling_overlap_successor_mining_20260908_161510/vl_transfer/observer_smoke_v1
observer_smoke_v1:r0:long_text_plus_image:b1,COMMON_VL_TRANSFER,Real-image operation cost and observer overhead; same-host request interval union,2026-09-08T10:38:06.750834+00:00,2026-09-08T10:38:08.265100+00:00,"4,5,6,7",1.5142664909362793,0.0016825183232625324,mechanism_diagnostic,COHORT_TRANSFER_DIAGNOSTIC_UTC_PLACEMENT_APPROX,poc_flashvep/deepep_revalidation/results/scheduling_overlap_successor_mining_20260908_161510/vl_transfer/observer_smoke_v1
observer_smoke_v1:r0:single_real_image:b1,COMMON_VL_TRANSFER,Real-image operation cost and observer overhead; same-host request interval union,2026-09-08T10:38:08.267036+00:00,2026-09-08T10:38:09.768818+00:00,"4,5,6,7",1.501781940460205,0.001668646600511339,mechanism_diagnostic,COHORT_TRANSFER_DIAGNOSTIC_UTC_PLACEMENT_APPROX,poc_flashvep/deepep_revalidation/results/scheduling_overlap_successor_mining_20260908_161510/vl_transfer/observer_smoke_v1
operation_grid_v1:r0:long_text_plus_image:b4,COMMON_VL_TRANSFER,Real-image operation cost and observer overhead; same-host request interval union,2026-09-08T10:41:13.660883+00:00,2026-09-08T10:41:17.654376+00:00,"4,5,6,7",3.9934933185577393,0.004437214798397488,mechanism_diagnostic,COHORT_TRANSFER_DIAGNOSTIC_UTC_PLACEMENT_APPROX,poc_flashvep/deepep_revalidation/results/scheduling_overlap_successor_mining_20260908_161510/vl_transfer/operation_grid_v1
operation_grid_v1:r0:text_only_no_image_control:b1,COMMON_VL_TRANSFER,Real-image operation cost and observer overhead; same-host request interval union,2026-09-08T10:41:17.656979+00:00,2026-09-08T10:41:21.329946+00:00,"4,5,6,7",3.6729671955108643,0.004081074661678738,mechanism_diagnostic,COHORT_TRANSFER_DIAGNOSTIC_UTC_PLACEMENT_APPROX,poc_flashvep/deepep_revalidation/results/scheduling_overlap_successor_mining_20260908_161510/vl_transfer/operation_grid_v1
operation_grid_v1:r0:long_text_plus_image:b1,COMMON_VL_TRANSFER,Real-image operation cost and observer overhead; same-host request interval union,2026-09-08T10:41:21.332117+00:00,2026-09-08T10:41:25.061630+00:00,"4,5,6,7",3.72951340675354,0.004143903785281711,mechanism_diagnostic,COHORT_TRANSFER_DIAGNOSTIC_UTC_PLACEMENT_APPROX,poc_flashvep/deepep_revalidation/results/scheduling_overlap_successor_mining_20260908_161510/vl_transfer/operation_grid_v1
operation_grid_v1:r0:single_real_image:b4,COMMON_VL_TRANSFER,Real-image operation cost and observer overhead; same-host request interval union,2026-09-08T10:41:25.063525+00:00,2026-09-08T10:41:29.066327+00:00,"4,5,6,7",4.002801179885864,0.0044475568665398495,mechanism_diagnostic,COHORT_TRANSFER_DIAGNOSTIC_UTC_PLACEMENT_APPROX,poc_flashvep/deepep_revalidation/results/scheduling_overlap_successor_mining_20260908_161510/vl_transfer/operation_grid_v1
operation_grid_v1:r0:text_only_no_image_control:b8,COMMON_VL_TRANSFER,Real-image operation cost and observer overhead; same-host request interval union,2026-09-08T10:41:29.068825+00:00,2026-09-08T10:41:32.758366+00:00,"4,5,6,7",3.6895415782928467,0.004099490642547607,mechanism_diagnostic,COHORT_TRANSFER_DIAGNOSTIC_UTC_PLACEMENT_APPROX,poc_flashvep/deepep_revalidation/results/scheduling_overlap_successor_mining_20260908_161510/vl_transfer/operation_grid_v1
operation_grid_v1:r0:text_only_no_image_control:b4,COMMON_VL_TRANSFER,Real-image operation cost and observer overhead; same-host request interval union,2026-09-08T10:41:32.762256+00:00,2026-09-08T10:41:36.478470+00:00,"4,5,6,7",3.716214418411255,0.004129127131568061,mechanism_diagnostic,COHORT_TRANSFER_DIAGNOSTIC_UTC_PLACEMENT_APPROX,poc_flashvep/deepep_revalidation/results/scheduling_overlap_successor_mining_20260908_161510/vl_transfer/operation_grid_v1
operation_grid_v1:r0:two_real_images:b1,COMMON_VL_TRANSFER,Real-image operation cost and observer overhead; same-host request interval union,2026-09-08T10:41:36.481189+00:00,2026-09-08T10:41:40.201216+00:00,"4,5,6,7",3.7200262546539307,0.004133362505171034,mechanism_diagnostic,COHORT_TRANSFER_DIAGNOSTIC_UTC_PLACEMENT_APPROX,poc_flashvep/deepep_revalidation/results/scheduling_overlap_successor_mining_20260908_161510/vl_transfer/operation_grid_v1
operation_grid_v1:r0:two_real_images:b4,COMMON_VL_TRANSFER,Real-image operation cost and observer overhead; same-host request interval union,2026-09-08T10:41:40.203156+00:00,2026-09-08T10:41:44.218433+00:00,"4,5,6,7",4.015277147293091,0.004461419052547879,mechanism_diagnostic,COHORT_TRANSFER_DIAGNOSTIC_UTC_PLACEMENT_APPROX,poc_flashvep/deepep_revalidation/results/scheduling_overlap_successor_mining_20260908_161510/vl_transfer/operation_grid_v1
operation_grid_v1:r0:long_text_plus_image:b8,COMMON_VL_TRANSFER,Real-image operation cost and observer overhead; same-host request interval union,2026-09-08T10:41:44.221097+00:00,2026-09-08T10:41:48.294121+00:00,"4,5,6,7",4.073024034500122,0.004525582260555691,mechanism_diagnostic,COHORT_TRANSFER_DIAGNOSTIC_UTC_PLACEMENT_APPROX,poc_flashvep/deepep_revalidation/results/scheduling_overlap_successor_mining_20260908_161510/vl_transfer/operation_grid_v1
operation_grid_v1:r0:single_real_image:b8,COMMON_VL_TRANSFER,Real-image operation cost and observer overhead; same-host request interval union,2026-09-08T10:41:48.299503+00:00,2026-09-08T10:41:52.226846+00:00,"4,5,6,7",3.927342414855957,0.004363713794284397,mechanism_diagnostic,COHORT_TRANSFER_DIAGNOSTIC_UTC_PLACEMENT_APPROX,poc_flashvep/deepep_revalidation/results/scheduling_overlap_successor_mining_20260908_161510/vl_transfer/operation_grid_v1
operation_grid_v1:r0:two_real_images:b8,COMMON_VL_TRANSFER,Real-image operation cost and observer overhead; same-host request interval union,2026-09-08T10:41:52.230724+00:00,2026-09-08T10:41:56.459871+00:00,"4,5,6,7",4.229146957397461,0.004699052174886068,mechanism_diagnostic,COHORT_TRANSFER_DIAGNOSTIC_UTC_PLACEMENT_APPROX,poc_flashvep/deepep_revalidation/results/scheduling_overlap_successor_mining_20260908_161510/vl_transfer/operation_grid_v1
operation_grid_v1:r0:single_real_image:b1,COMMON_VL_TRANSFER,Real-image operation cost and observer overhead; same-host request interval union,2026-09-08T10:41:56.463337+00:00,2026-09-08T10:42:00.151635+00:00,"4,5,6,7",3.688297748565674,0.004098108609517415,mechanism_diagnostic,COHORT_TRANSFER_DIAGNOSTIC_UTC_PLACEMENT_APPROX,poc_flashvep/deepep_revalidation/results/scheduling_overlap_successor_mining_20260908_161510/vl_transfer/operation_grid_v1
operation_grid_v1:r1:single_real_image:b4,COMMON_VL_TRANSFER,Real-image operation cost and observer overhead; same-host request interval union,2026-09-08T10:42:00.153884+00:00,2026-09-08T10:42:04.164176+00:00,"4,5,6,7",4.010291337966919,0.004455879264407688,mechanism_diagnostic,COHORT_TRANSFER_DIAGNOSTIC_UTC_PLACEMENT_APPROX,poc_flashvep/deepep_revalidation/results/scheduling_overlap_successor_mining_20260908_161510/vl_transfer/operation_grid_v1
operation_grid_v1:r1:text_only_no_image_control:b4,COMMON_VL_TRANSFER,Real-image operation cost and observer overhead; same-host request interval union,2026-09-08T10:42:04.166661+00:00,2026-09-08T10:42:07.865780+00:00,"4,5,6,7",3.6991190910339355,0.00411013232337104,mechanism_diagnostic,COHORT_TRANSFER_DIAGNOSTIC_UTC_PLACEMENT_APPROX,poc_flashvep/deepep_revalidation/results/scheduling_overlap_successor_mining_20260908_161510/vl_transfer/operation_grid_v1
operation_grid_v1:r1:text_only_no_image_control:b1,COMMON_VL_TRANSFER,Real-image operation cost and observer overhead; same-host request interval union,2026-09-08T10:42:07.868595+00:00,2026-09-08T10:42:11.506441+00:00,"4,5,6,7",3.6378462314605713,0.0040420513682895235,mechanism_diagnostic,COHORT_TRANSFER_DIAGNOSTIC_UTC_PLACEMENT_APPROX,poc_flashvep/deepep_revalidation/results/scheduling_overlap_successor_mining_20260908_161510/vl_transfer/operation_grid_v1
operation_grid_v1:r1:single_real_image:b8,COMMON_VL_TRANSFER,Real-image operation cost and observer overhead; same-host request interval union,2026-09-08T10:42:11.508271+00:00,2026-09-08T10:42:15.495754+00:00,"4,5,6,7",3.987483501434326,0.004430537223815918,mechanism_diagnostic,COHORT_TRANSFER_DIAGNOSTIC_UTC_PLACEMENT_APPROX,poc_flashvep/deepep_revalidation/results/scheduling_overlap_successor_mining_20260908_161510/vl_transfer/operation_grid_v1
operation_grid_v1:r1:two_real_images:b1,COMMON_VL_TRANSFER,Real-image operation cost and observer overhead; same-host request interval union,2026-09-08T10:42:15.499491+00:00,2026-09-08T10:42:19.338991+00:00,"4,5,6,7",3.8394999504089355,0.004266111056009928,mechanism_diagnostic,COHORT_TRANSFER_DIAGNOSTIC_UTC_PLACEMENT_APPROX,poc_flashvep/deepep_revalidation/results/scheduling_overlap_successor_mining_20260908_161510/vl_transfer/operation_grid_v1
operation_grid_v1:r1:long_text_plus_image:b1,COMMON_VL_TRANSFER,Real-image operation cost and observer overhead; same-host request interval union,2026-09-08T10:42:19.340911+00:00,2026-09-08T10:42:23.022026+00:00,"4,5,6,7",3.68111515045166,0.0040901279449462894,mechanism_diagnostic,COHORT_TRANSFER_DIAGNOSTIC_UTC_PLACEMENT_APPROX,poc_flashvep/deepep_revalidation/results/scheduling_overlap_successor_mining_20260908_161510/vl_transfer/operation_grid_v1
operation_grid_v1:r1:single_real_image:b1,COMMON_VL_TRANSFER,Real-image operation cost and observer overhead; same-host request interval union,2026-09-08T10:42:23.024030+00:00,2026-09-08T10:42:26.734215+00:00,"4,5,6,7",3.7101855278015137,0.004122428364223904,mechanism_diagnostic,COHORT_TRANSFER_DIAGNOSTIC_UTC_PLACEMENT_APPROX,poc_flashvep/deepep_revalidation/results/scheduling_overlap_successor_mining_20260908_161510/vl_transfer/operation_grid_v1
operation_grid_v1:r1:two_real_images:b4,COMMON_VL_TRANSFER,Real-image operation cost and observer overhead; same-host request interval union,2026-09-08T10:42:26.736140+00:00,2026-09-08T10:42:30.693681+00:00,"4,5,6,7",3.95754075050354,0.004397267500559489,mechanism_diagnostic,COHORT_TRANSFER_DIAGNOSTIC_UTC_PLACEMENT_APPROX,poc_flashvep/deepep_revalidation/results/scheduling_overlap_successor_mining_20260908_161510/vl_transfer/operation_grid_v1
operation_grid_v1:r1:text_only_no_image_control:b8,COMMON_VL_TRANSFER,Real-image operation cost and observer overhead; same-host request interval union,2026-09-08T10:42:30.696359+00:00,2026-09-08T10:42:34.418612+00:00,"4,5,6,7",3.7222535610198975,0.004135837290022109,mechanism_diagnostic,COHORT_TRANSFER_DIAGNOSTIC_UTC_PLACEMENT_APPROX,poc_flashvep/deepep_revalidation/results/scheduling_overlap_successor_mining_20260908_161510/vl_transfer/operation_grid_v1
operation_grid_v1:r1:long_text_plus_image:b8,COMMON_VL_TRANSFER,Real-image operation cost and observer overhead; same-host request interval union,2026-09-08T10:42:34.422239+00:00,2026-09-08T10:42:38.439014+00:00,"4,5,6,7",4.016775608062744,0.004463084008958605,mechanism_diagnostic,COHORT_TRANSFER_DIAGNOSTIC_UTC_PLACEMENT_APPROX,poc_flashvep/deepep_revalidation/results/scheduling_overlap_successor_mining_20260908_161510/vl_transfer/operation_grid_v1
operation_grid_v1:r1:two_real_images:b8,COMMON_VL_TRANSFER,Real-image operation cost and observer overhead; same-host request interval union,2026-09-08T10:42:38.442689+00:00,2026-09-08T10:42:42.563849+00:00,"4,5,6,7",4.12116003036499,0.004579066700405545,mechanism_diagnostic,COHORT_TRANSFER_DIAGNOSTIC_UTC_PLACEMENT_APPROX,poc_flashvep/deepep_revalidation/results/scheduling_overlap_successor_mining_20260908_161510/vl_transfer/operation_grid_v1
operation_grid_v1:r1:long_text_plus_image:b4,COMMON_VL_TRANSFER,Real-image operation cost and observer overhead; same-host request interval union,2026-09-08T10:42:42.567166+00:00,2026-09-08T10:42:46.514004+00:00,"4,5,6,7",3.94683837890625,0.0043853759765625,mechanism_diagnostic,COHORT_TRANSFER_DIAGNOSTIC_UTC_PLACEMENT_APPROX,poc_flashvep/deepep_revalidation/results/scheduling_overlap_successor_mining_20260908_161510/vl_transfer/operation_grid_v1
mechanism_smoke_v1:eager.run_meta:1,NANOFLOW,Native graph/split output correctness,2026-09-08T09:53:51.747677+00:00,2026-09-08T09:53:52.123144+00:00,"4,5,6,7",0.37546753883361816,0.00041718615425957576,correctness_diagnostic,HF_SMOKE_ONLY_NOT_PERFORMANCE,poc_flashvep/deepep_revalidation/results/scheduling_overlap_successor_mining_20260908_161510/nanoflow_runs/mechanism_smoke_v1/eager.run_meta.json
mechanism_smoke_v1:eager.run_meta:2,NANOFLOW,Native graph/split output correctness,2026-09-08T09:53:52.123878+00:00,2026-09-08T09:53:52.269885+00:00,"4,5,6,7",0.14600706100463867,0.00016223006778293185,correctness_diagnostic,HF_SMOKE_ONLY_NOT_PERFORMANCE,poc_flashvep/deepep_revalidation/results/scheduling_overlap_successor_mining_20260908_161510/nanoflow_runs/mechanism_smoke_v1/eager.run_meta.json
mechanism_smoke_v1:eager.run_meta:3,NANOFLOW,Native graph/split output correctness,2026-09-08T09:53:52.270445+00:00,2026-09-08T09:53:52.302438+00:00,"4,5,6,7",0.03199291229248047,3.5547680324978295e-05,correctness_diagnostic,HF_SMOKE_ONLY_NOT_PERFORMANCE,poc_flashvep/deepep_revalidation/results/scheduling_overlap_successor_mining_20260908_161510/nanoflow_runs/mechanism_smoke_v1/eager.run_meta.json
mechanism_smoke_v1:eager.run_meta:4,NANOFLOW,Native graph/split output correctness,2026-09-08T09:53:52.302929+00:00,2026-09-08T09:53:52.336949+00:00,"4,5,6,7",0.03401994705200195,3.779994116889106e-05,correctness_diagnostic,HF_SMOKE_ONLY_NOT_PERFORMANCE,poc_flashvep/deepep_revalidation/results/scheduling_overlap_successor_mining_20260908_161510/nanoflow_runs/mechanism_smoke_v1/eager.run_meta.json
mechanism_smoke_v1:eager.run_meta:5,NANOFLOW,Native graph/split output correctness,2026-09-08T09:53:52.337487+00:00,2026-09-08T09:53:52.369386+00:00,"4,5,6,7",0.03189992904663086,3.5444365607367624e-05,correctness_diagnostic,HF_SMOKE_ONLY_NOT_PERFORMANCE,poc_flashvep/deepep_revalidation/results/scheduling_overlap_successor_mining_20260908_161510/nanoflow_runs/mechanism_smoke_v1/eager.run_meta.json
mechanism_smoke_v1:eager.run_meta:6,NANOFLOW,Native graph/split output correctness,2026-09-08T09:53:52.369896+00:00,2026-09-08T09:53:52.404208+00:00,"4,5,6,7",0.03431200981140137,3.812445534600152e-05,correctness_diagnostic,HF_SMOKE_ONLY_NOT_PERFORMANCE,poc_flashvep/deepep_revalidation/results/scheduling_overlap_successor_mining_20260908_161510/nanoflow_runs/mechanism_smoke_v1/eager.run_meta.json
mechanism_smoke_v1:eager.run_meta:7,NANOFLOW,Native graph/split output correctness,2026-09-08T09:53:52.404624+00:00,2026-09-08T09:53:52.436332+00:00,"4,5,6,7",0.0317072868347168,3.523031870524089e-05,correctness_diagnostic,HF_SMOKE_ONLY_NOT_PERFORMANCE,poc_flashvep/deepep_revalidation/results/scheduling_overlap_successor_mining_20260908_161510/nanoflow_runs/mechanism_smoke_v1/eager.run_meta.json
mechanism_smoke_v1:eager.run_meta:8,NANOFLOW,Native graph/split output correctness,2026-09-08T09:53:52.436839+00:00,2026-09-08T09:53:52.470521+00:00,"4,5,6,7",0.03368234634399414,3.74248292711046e-05,correctness_diagnostic,HF_SMOKE_ONLY_NOT_PERFORMANCE,poc_flashvep/deepep_revalidation/results/scheduling_overlap_successor_mining_20260908_161510/nanoflow_runs/mechanism_smoke_v1/eager.run_meta.json
mechanism_smoke_v1:eager.run_meta:9,NANOFLOW,Native graph/split output correctness,2026-09-08T09:53:52.470995+00:00,2026-09-08T09:53:52.502640+00:00,"4,5,6,7",0.031644582748413086,3.5160647498236765e-05,correctness_diagnostic,HF_SMOKE_ONLY_NOT_PERFORMANCE,poc_flashvep/deepep_revalidation/results/scheduling_overlap_successor_mining_20260908_161510/nanoflow_runs/mechanism_smoke_v1/eager.run_meta.json
mechanism_smoke_v1:eager.run_meta:10,NANOFLOW,Native graph/split output correctness,2026-09-08T09:53:52.503096+00:00,2026-09-08T09:53:52.536577+00:00,"4,5,6,7",0.03348064422607422,3.720071580674913e-05,correctness_diagnostic,HF_SMOKE_ONLY_NOT_PERFORMANCE,poc_flashvep/deepep_revalidation/results/scheduling_overlap_successor_mining_20260908_161510/nanoflow_runs/mechanism_smoke_v1/eager.run_meta.json
mechanism_smoke_v1:eager.run_meta:11,NANOFLOW,Native graph/split output correctness,2026-09-08T09:53:52.537076+00:00,2026-09-08T09:53:52.568727+00:00,"4,5,6,7",0.03165149688720703,3.516832987467448e-05,correctness_diagnostic,HF_SMOKE_ONLY_NOT_PERFORMANCE,poc_flashvep/deepep_revalidation/results/scheduling_overlap_successor_mining_20260908_161510/nanoflow_runs/mechanism_smoke_v1/eager.run_meta.json
mechanism_smoke_v1:eager.run_meta:12,NANOFLOW,Native graph/split output correctness,2026-09-08T09:53:52.569190+00:00,2026-09-08T09:53:52.602426+00:00,"4,5,6,7",0.033235788345336914,3.692865371704101e-05,correctness_diagnostic,HF_SMOKE_ONLY_NOT_PERFORMANCE,poc_flashvep/deepep_revalidation/results/scheduling_overlap_successor_mining_20260908_161510/nanoflow_runs/mechanism_smoke_v1/eager.run_meta.json
mechanism_smoke_v1:eager.run_meta:13,NANOFLOW,Native graph/split output correctness,2026-09-08T09:53:52.602885+00:00,2026-09-08T09:53:52.634422+00:00,"4,5,6,7",0.03153657913208008,3.504064348008897e-05,correctness_diagnostic,HF_SMOKE_ONLY_NOT_PERFORMANCE,poc_flashvep/deepep_revalidation/results/scheduling_overlap_successor_mining_20260908_161510/nanoflow_runs/mechanism_smoke_v1/eager.run_meta.json
mechanism_smoke_v1:eager.run_meta:14,NANOFLOW,Native graph/split output correctness,2026-09-08T09:53:52.634777+00:00,2026-09-08T09:53:52.668600+00:00,"4,5,6,7",0.03382253646850586,3.758059607611762e-05,correctness_diagnostic,HF_SMOKE_ONLY_NOT_PERFORMANCE,poc_flashvep/deepep_revalidation/results/scheduling_overlap_successor_mining_20260908_161510/nanoflow_runs/mechanism_smoke_v1/eager.run_meta.json
mechanism_smoke_v1:eager.run_meta:15,NANOFLOW,Native graph/split output correctness,2026-09-08T09:53:52.668928+00:00,2026-09-08T09:53:52.700638+00:00,"4,5,6,7",0.03171062469482422,3.523402743869358e-05,correctness_diagnostic,HF_SMOKE_ONLY_NOT_PERFORMANCE,poc_flashvep/deepep_revalidation/results/scheduling_overlap_successor_mining_20260908_161510/nanoflow_runs/mechanism_smoke_v1/eager.run_meta.json
mechanism_smoke_v1:eager.run_meta:16,NANOFLOW,Native graph/split output correctness,2026-09-08T09:53:52.700971+00:00,2026-09-08T09:53:52.734377+00:00,"4,5,6,7",0.03340625762939453,3.711806403266059e-05,correctness_diagnostic,HF_SMOKE_ONLY_NOT_PERFORMANCE,poc_flashvep/deepep_revalidation/results/scheduling_overlap_successor_mining_20260908_161510/nanoflow_runs/mechanism_smoke_v1/eager.run_meta.json
mechanism_smoke_v1:eager.run_meta:17,NANOFLOW,Native graph/split output correctness,2026-09-08T09:53:52.734742+00:00,2026-09-08T09:53:52.766460+00:00,"4,5,6,7",0.03171849250793457,3.5242769453260635e-05,correctness_diagnostic,HF_SMOKE_ONLY_NOT_PERFORMANCE,poc_flashvep/deepep_revalidation/results/scheduling_overlap_successor_mining_20260908_161510/nanoflow_runs/mechanism_smoke_v1/eager.run_meta.json
mechanism_smoke_v1:eager.run_meta:18,NANOFLOW,Native graph/split output correctness,2026-09-08T09:53:52.766808+00:00,2026-09-08T09:53:52.800154+00:00,"4,5,6,7",0.033345937728881836,3.705104192097982e-05,correctness_diagnostic,HF_SMOKE_ONLY_NOT_PERFORMANCE,poc_flashvep/deepep_revalidation/results/scheduling_overlap_successor_mining_20260908_161510/nanoflow_runs/mechanism_smoke_v1/eager.run_meta.json
mechanism_smoke_v1:eager.run_meta:19,NANOFLOW,Native graph/split output correctness,2026-09-08T09:53:52.800619+00:00,2026-09-08T09:53:52.831994+00:00,"4,5,6,7",0.031374216079711914,3.486024008856879e-05,correctness_diagnostic,HF_SMOKE_ONLY_NOT_PERFORMANCE,poc_flashvep/deepep_revalidation/results/scheduling_overlap_successor_mining_20260908_161510/nanoflow_runs/mechanism_smoke_v1/eager.run_meta.json
mechanism_smoke_v1:eager.run_meta:20,NANOFLOW,Native graph/split output correctness,2026-09-08T09:53:52.832205+00:00,2026-09-08T09:53:52.865788+00:00,"4,5,6,7",0.03358340263366699,3.7314891815185545e-05,correctness_diagnostic,HF_SMOKE_ONLY_NOT_PERFORMANCE,poc_flashvep/deepep_revalidation/results/scheduling_overlap_successor_mining_20260908_161510/nanoflow_runs/mechanism_smoke_v1/eager.run_meta.json
mechanism_smoke_v1:graph.run_meta:1,NANOFLOW,Native graph/split output correctness,2026-09-08T09:54:14.363730+00:00,2026-09-08T09:54:14.733754+00:00,"4,5,6,7",0.3700239658355713,0.00041113773981730145,correctness_diagnostic,HF_SMOKE_ONLY_NOT_PERFORMANCE,poc_flashvep/deepep_revalidation/results/scheduling_overlap_successor_mining_20260908_161510/nanoflow_runs/mechanism_smoke_v1/graph.run_meta.json
mechanism_smoke_v1:graph.run_meta:2,NANOFLOW,Native graph/split output correctness,2026-09-08T09:54:14.733841+00:00,2026-09-08T09:54:15.079923+00:00,"4,5,6,7",0.3460819721221924,0.00038453552458021377,correctness_diagnostic,HF_SMOKE_ONLY_NOT_PERFORMANCE,poc_flashvep/deepep_revalidation/results/scheduling_overlap_successor_mining_20260908_161510/nanoflow_runs/mechanism_smoke_v1/graph.run_meta.json
mechanism_smoke_v1:graph.run_meta:3,NANOFLOW,Native graph/split output correctness,2026-09-08T09:54:15.080005+00:00,2026-09-08T09:54:15.086412+00:00,"4,5,6,7",0.006407022476196289,7.118913862440321e-06,correctness_diagnostic,HF_SMOKE_ONLY_NOT_PERFORMANCE,poc_flashvep/deepep_revalidation/results/scheduling_overlap_successor_mining_20260908_161510/nanoflow_runs/mechanism_smoke_v1/graph.run_meta.json
mechanism_smoke_v1:graph.run_meta:4,NANOFLOW,Native graph/split output correctness,2026-09-08T09:54:15.086469+00:00,2026-09-08T09:54:15.092424+00:00,"4,5,6,7",0.005954742431640625,6.6163804796006945e-06,correctness_diagnostic,HF_SMOKE_ONLY_NOT_PERFORMANCE,poc_flashvep/deepep_revalidation/results/scheduling_overlap_successor_mining_20260908_161510/nanoflow_runs/mechanism_smoke_v1/graph.run_meta.json
mechanism_smoke_v1:graph.run_meta:5,NANOFLOW,Native graph/split output correctness,2026-09-08T09:54:15.092747+00:00,2026-09-08T09:54:15.098375+00:00,"4,5,6,7",0.005627155303955078,6.252394782172309e-06,correctness_diagnostic,HF_SMOKE_ONLY_NOT_PERFORMANCE,poc_flashvep/deepep_revalidation/results/scheduling_overlap_successor_mining_20260908_161510/nanoflow_runs/mechanism_smoke_v1/graph.run_meta.json
mechanism_smoke_v1:graph.run_meta:6,NANOFLOW,Native graph/split output correctness,2026-09-08T09:54:15.098750+00:00,2026-09-08T09:54:15.104404+00:00,"4,5,6,7",0.00565338134765625,6.281534830729167e-06,correctness_diagnostic,HF_SMOKE_ONLY_NOT_PERFORMANCE,poc_flashvep/deepep_revalidation/results/scheduling_overlap_successor_mining_20260908_161510/nanoflow_runs/mechanism_smoke_v1/graph.run_meta.json
mechanism_smoke_v1:graph.run_meta:7,NANOFLOW,Native graph/split output correctness,2026-09-08T09:54:15.104712+00:00,2026-09-08T09:54:15.110427+00:00,"4,5,6,7",0.00571441650390625,6.349351671006944e-06,correctness_diagnostic,HF_SMOKE_ONLY_NOT_PERFORMANCE,poc_flashvep/deepep_revalidation/results/scheduling_overlap_successor_mining_20260908_161510/nanoflow_runs/mechanism_smoke_v1/graph.run_meta.json
mechanism_smoke_v1:graph.run_meta:8,NANOFLOW,Native graph/split output correctness,2026-09-08T09:54:15.110896+00:00,2026-09-08T09:54:15.116467+00:00,"4,5,6,7",0.005570650100708008,6.189611223008898e-06,correctness_diagnostic,HF_SMOKE_ONLY_NOT_PERFORMANCE,poc_flashvep/deepep_revalidation/results/scheduling_overlap_successor_mining_20260908_161510/nanoflow_runs/mechanism_smoke_v1/graph.run_meta.json
mechanism_smoke_v1:graph.run_meta:9,NANOFLOW,Native graph/split output correctness,2026-09-08T09:54:15.116891+00:00,2026-09-08T09:54:15.122504+00:00,"4,5,6,7",0.005612611770629883,6.23623530069987e-06,correctness_diagnostic,HF_SMOKE_ONLY_NOT_PERFORMANCE,poc_flashvep/deepep_revalidation/results/scheduling_overlap_successor_mining_20260908_161510/nanoflow_runs/mechanism_smoke_v1/graph.run_meta.json
mechanism_smoke_v1:graph.run_meta:10,NANOFLOW,Native graph/split output correctness,2026-09-08T09:54:15.122894+00:00,2026-09-08T09:54:15.128522+00:00,"4,5,6,7",0.005628108978271484,6.253454420301649e-06,correctness_diagnostic,HF_SMOKE_ONLY_NOT_PERFORMANCE,poc_flashvep/deepep_revalidation/results/scheduling_overlap_successor_mining_20260908_161510/nanoflow_runs/mechanism_smoke_v1/graph.run_meta.json
mechanism_smoke_v1:graph.run_meta:11,NANOFLOW,Native graph/split output correctness,2026-09-08T09:54:15.128875+00:00,2026-09-08T09:54:15.134463+00:00,"4,5,6,7",0.0055882930755615234,6.209214528401693e-06,correctness_diagnostic,HF_SMOKE_ONLY_NOT_PERFORMANCE,poc_flashvep/deepep_revalidation/results/scheduling_overlap_successor_mining_20260908_161510/nanoflow_runs/mechanism_smoke_v1/graph.run_meta.json
mechanism_smoke_v1:graph.run_meta:12,NANOFLOW,Native graph/split output correctness,2026-09-08T09:54:15.134847+00:00,2026-09-08T09:54:15.140536+00:00,"4,5,6,7",0.005688190460205078,6.320211622450087e-06,correctness_diagnostic,HF_SMOKE_ONLY_NOT_PERFORMANCE,poc_flashvep/deepep_revalidation/results/scheduling_overlap_successor_mining_20260908_161510/nanoflow_runs/mechanism_smoke_v1/graph.run_meta.json
mechanism_smoke_v1:graph.run_meta:13,NANOFLOW,Native graph/split output correctness,2026-09-08T09:54:15.140730+00:00,2026-09-08T09:54:15.146563+00:00,"4,5,6,7",0.0058324337005615234,6.480481889512804e-06,correctness_diagnostic,HF_SMOKE_ONLY_NOT_PERFORMANCE,poc_flashvep/deepep_revalidation/results/scheduling_overlap_successor_mining_20260908_161510/nanoflow_runs/mechanism_smoke_v1/graph.run_meta.json
mechanism_smoke_v1:graph.run_meta:14,NANOFLOW,Native graph/split output correctness,2026-09-08T09:54:15.146932+00:00,2026-09-08T09:54:15.152611+00:00,"4,5,6,7",0.005679607391357422,6.310674879286024e-06,correctness_diagnostic,HF_SMOKE_ONLY_NOT_PERFORMANCE,poc_flashvep/deepep_revalidation/results/scheduling_overlap_successor_mining_20260908_161510/nanoflow_runs/mechanism_smoke_v1/graph.run_meta.json
mechanism_smoke_v1:graph.run_meta:15,NANOFLOW,Native graph/split output correctness,2026-09-08T09:54:15.152970+00:00,2026-09-08T09:54:15.158484+00:00,"4,5,6,7",0.005513429641723633,6.1260329352484805e-06,correctness_diagnostic,HF_SMOKE_ONLY_NOT_PERFORMANCE,poc_flashvep/deepep_revalidation/results/scheduling_overlap_successor_mining_20260908_161510/nanoflow_runs/mechanism_smoke_v1/graph.run_meta.json
mechanism_smoke_v1:graph.run_meta:16,NANOFLOW,Native graph/split output correctness,2026-09-08T09:54:15.158690+00:00,2026-09-08T09:54:15.164664+00:00,"4,5,6,7",0.005974292755126953,6.63810306125217e-06,correctness_diagnostic,HF_SMOKE_ONLY_NOT_PERFORMANCE,poc_flashvep/deepep_revalidation/results/scheduling_overlap_successor_mining_20260908_161510/nanoflow_runs/mechanism_smoke_v1/graph.run_meta.json
mechanism_smoke_v1:graph.run_meta:17,NANOFLOW,Native graph/split output correctness,2026-09-08T09:54:15.164928+00:00,2026-09-08T09:54:15.170652+00:00,"4,5,6,7",0.005723476409912109,6.359418233235677e-06,correctness_diagnostic,HF_SMOKE_ONLY_NOT_PERFORMANCE,poc_flashvep/deepep_revalidation/results/scheduling_overlap_successor_mining_20260908_161510/nanoflow_runs/mechanism_smoke_v1/graph.run_meta.json
mechanism_smoke_v1:graph.run_meta:18,NANOFLOW,Native graph/split output correctness,2026-09-08T09:54:15.170993+00:00,2026-09-08T09:54:15.176476+00:00,"4,5,6,7",0.0054836273193359375,6.092919243706598e-06,correctness_diagnostic,HF_SMOKE_ONLY_NOT_PERFORMANCE,poc_flashvep/deepep_revalidation/results/scheduling_overlap_successor_mining_20260908_161510/nanoflow_runs/mechanism_smoke_v1/graph.run_meta.json
mechanism_smoke_v1:graph.run_meta:19,NANOFLOW,Native graph/split output correctness,2026-09-08T09:54:15.176716+00:00,2026-09-08T09:54:15.182517+00:00,"4,5,6,7",0.0058002471923828125,6.44471910264757e-06,correctness_diagnostic,HF_SMOKE_ONLY_NOT_PERFORMANCE,poc_flashvep/deepep_revalidation/results/scheduling_overlap_successor_mining_20260908_161510/nanoflow_runs/mechanism_smoke_v1/graph.run_meta.json
mechanism_smoke_v1:graph.run_meta:20,NANOFLOW,Native graph/split output correctness,2026-09-08T09:54:15.182903+00:00,2026-09-08T09:54:15.188556+00:00,"4,5,6,7",0.005652666091918945,6.2807401021321615e-06,correctness_diagnostic,HF_SMOKE_ONLY_NOT_PERFORMANCE,poc_flashvep/deepep_revalidation/results/scheduling_overlap_successor_mining_20260908_161510/nanoflow_runs/mechanism_smoke_v1/graph.run_meta.json
mechanism_smoke_v1:plan1.run_meta:1,NANOFLOW,Native graph/split output correctness,2026-09-08T09:54:35.353996+00:00,2026-09-08T09:54:35.711884+00:00,"4,5,6,7",0.35788774490356445,0.0003976530498928494,correctness_diagnostic,HF_SMOKE_ONLY_NOT_PERFORMANCE,poc_flashvep/deepep_revalidation/results/scheduling_overlap_successor_mining_20260908_161510/nanoflow_runs/mechanism_smoke_v1/plan1.run_meta.json
mechanism_smoke_v1:plan1.run_meta:2,NANOFLOW,Native graph/split output correctness,2026-09-08T09:54:35.712405+00:00,2026-09-08T09:54:35.788028+00:00,"4,5,6,7",0.0756230354309082,8.402559492323133e-05,correctness_diagnostic,HF_SMOKE_ONLY_NOT_PERFORMANCE,poc_flashvep/deepep_revalidation/results/scheduling_overlap_successor_mining_20260908_161510/nanoflow_runs/mechanism_smoke_v1/plan1.run_meta.json
mechanism_smoke_v1:plan1.run_meta:3,NANOFLOW,Native graph/split output correctness,2026-09-08T09:54:35.788466+00:00,2026-09-08T09:54:35.821611+00:00,"4,5,6,7",0.03314471244812012,3.682745827568902e-05,correctness_diagnostic,HF_SMOKE_ONLY_NOT_PERFORMANCE,poc_flashvep/deepep_revalidation/results/scheduling_overlap_successor_mining_20260908_161510/nanoflow_runs/mechanism_smoke_v1/plan1.run_meta.json
mechanism_smoke_v1:plan1.run_meta:4,NANOFLOW,Native graph/split output correctness,2026-09-08T09:54:35.821976+00:00,2026-09-08T09:54:35.855566+00:00,"4,5,6,7",0.03358912467956543,3.732124964396159e-05,correctness_diagnostic,HF_SMOKE_ONLY_NOT_PERFORMANCE,poc_flashvep/deepep_revalidation/results/scheduling_overlap_successor_mining_20260908_161510/nanoflow_runs/mechanism_smoke_v1/plan1.run_meta.json
mechanism_smoke_v1:plan1.run_meta:5,NANOFLOW,Native graph/split output correctness,2026-09-08T09:54:35.856061+00:00,2026-09-08T09:54:35.888586+00:00,"4,5,6,7",0.03252458572387695,3.61384285820855e-05,correctness_diagnostic,HF_SMOKE_ONLY_NOT_PERFORMANCE,poc_flashvep/deepep_revalidation/results/scheduling_overlap_successor_mining_20260908_161510/nanoflow_runs/mechanism_smoke_v1/plan1.run_meta.json
mechanism_smoke_v1:plan1.run_meta:6,NANOFLOW,Native graph/split output correctness,2026-09-08T09:54:35.888933+00:00,2026-09-08T09:54:35.921772+00:00,"4,5,6,7",0.03283882141113281,3.648757934570312e-05,correctness_diagnostic,HF_SMOKE_ONLY_NOT_PERFORMANCE,poc_flashvep/deepep_revalidation/results/scheduling_overlap_successor_mining_20260908_161510/nanoflow_runs/mechanism_smoke_v1/plan1.run_meta.json
mechanism_smoke_v1:plan1.run_meta:7,NANOFLOW,Native graph/split output correctness,2026-09-08T09:54:35.922126+00:00,2026-09-08T09:54:35.954840+00:00,"4,5,6,7",0.0327143669128418,3.634929656982422e-05,correctness_diagnostic,HF_SMOKE_ONLY_NOT_PERFORMANCE,poc_flashvep/deepep_revalidation/results/scheduling_overlap_successor_mining_20260908_161510/nanoflow_runs/mechanism_smoke_v1/plan1.run_meta.json
mechanism_smoke_v1:plan1.run_meta:8,NANOFLOW,Native graph/split output correctness,2026-09-08T09:54:35.955310+00:00,2026-09-08T09:54:35.987938+00:00,"4,5,6,7",0.032628774642944336,3.625419404771593e-05,correctness_diagnostic,HF_SMOKE_ONLY_NOT_PERFORMANCE,poc_flashvep/deepep_revalidation/results/scheduling_overlap_successor_mining_20260908_161510/nanoflow_runs/mechanism_smoke_v1/plan1.run_meta.json
mechanism_smoke_v1:plan1.run_meta:9,NANOFLOW,Native graph/split output correctness,2026-09-08T09:54:35.988328+00:00,2026-09-08T09:54:36.021208+00:00,"4,5,6,7",0.03287982940673828,3.653314378526476e-05,correctness_diagnostic,HF_SMOKE_ONLY_NOT_PERFORMANCE,poc_flashvep/deepep_revalidation/results/scheduling_overlap_successor_mining_20260908_161510/nanoflow_runs/mechanism_smoke_v1/plan1.run_meta.json
mechanism_smoke_v1:plan1.run_meta:10,NANOFLOW,Native graph/split output correctness,2026-09-08T09:54:36.021610+00:00,2026-09-08T09:54:36.054053+00:00,"4,5,6,7",0.03244352340698242,3.604835934109158e-05,correctness_diagnostic,HF_SMOKE_ONLY_NOT_PERFORMANCE,poc_flashvep/deepep_revalidation/results/scheduling_overlap_successor_mining_20260908_161510/nanoflow_runs/mechanism_smoke_v1/plan1.run_meta.json
mechanism_smoke_v1:plan1.run_meta:11,NANOFLOW,Native graph/split output correctness,2026-09-08T09:54:36.054370+00:00,2026-09-08T09:54:36.098316+00:00,"4,5,6,7",0.043946266174316406,4.882918463812934e-05,correctness_diagnostic,HF_SMOKE_ONLY_NOT_PERFORMANCE,poc_flashvep/deepep_revalidation/results/scheduling_overlap_successor_mining_20260908_161510/nanoflow_runs/mechanism_smoke_v1/plan1.run_meta.json
mechanism_smoke_v1:plan1.run_meta:12,NANOFLOW,Native graph/split output correctness,2026-09-08T09:54:36.098693+00:00,2026-09-08T09:54:36.132344+00:00,"4,5,6,7",0.033651113510131836,3.7390126122368706e-05,correctness_diagnostic,HF_SMOKE_ONLY_NOT_PERFORMANCE,poc_flashvep/deepep_revalidation/results/scheduling_overlap_successor_mining_20260908_161510/nanoflow_runs/mechanism_smoke_v1/plan1.run_meta.json
mechanism_smoke_v1:plan1.run_meta:13,NANOFLOW,Native graph/split output correctness,2026-09-08T09:54:36.132732+00:00,2026-09-08T09:54:36.165236+00:00,"4,5,6,7",0.032503366470336914,3.611485163370768e-05,correctness_diagnostic,HF_SMOKE_ONLY_NOT_PERFORMANCE,poc_flashvep/deepep_revalidation/results/scheduling_overlap_successor_mining_20260908_161510/nanoflow_runs/mechanism_smoke_v1/plan1.run_meta.json
mechanism_smoke_v1:plan1.run_meta:14,NANOFLOW,Native graph/split output correctness,2026-09-08T09:54:36.165660+00:00,2026-09-08T09:54:36.198903+00:00,"4,5,6,7",0.033243656158447266,3.6937395731608075e-05,correctness_diagnostic,HF_SMOKE_ONLY_NOT_PERFORMANCE,poc_flashvep/deepep_revalidation/results/scheduling_overlap_successor_mining_20260908_161510/nanoflow_runs/mechanism_smoke_v1/plan1.run_meta.json
mechanism_smoke_v1:plan1.run_meta:15,NANOFLOW,Native graph/split output correctness,2026-09-08T09:54:36.199215+00:00,2026-09-08T09:54:36.232083+00:00,"4,5,6,7",0.0328679084777832,3.6519898308648e-05,correctness_diagnostic,HF_SMOKE_ONLY_NOT_PERFORMANCE,poc_flashvep/deepep_revalidation/results/scheduling_overlap_successor_mining_20260908_161510/nanoflow_runs/mechanism_smoke_v1/plan1.run_meta.json
mechanism_smoke_v1:plan1.run_meta:16,NANOFLOW,Native graph/split output correctness,2026-09-08T09:54:36.232406+00:00,2026-09-08T09:54:36.265972+00:00,"4,5,6,7",0.033565521240234375,3.729502360026042e-05,correctness_diagnostic,HF_SMOKE_ONLY_NOT_PERFORMANCE,poc_flashvep/deepep_revalidation/results/scheduling_overlap_successor_mining_20260908_161510/nanoflow_runs/mechanism_smoke_v1/plan1.run_meta.json
mechanism_smoke_v1:plan1.run_meta:17,NANOFLOW,Native graph/split output correctness,2026-09-08T09:54:36.266144+00:00,2026-09-08T09:54:36.310889+00:00,"4,5,6,7",0.044745445251464844,4.9717161390516496e-05,correctness_diagnostic,HF_SMOKE_ONLY_NOT_PERFORMANCE,poc_flashvep/deepep_revalidation/results/scheduling_overlap_successor_mining_20260908_161510/nanoflow_runs/mechanism_smoke_v1/plan1.run_meta.json
mechanism_smoke_v1:plan1.run_meta:18,NANOFLOW,Native graph/split output correctness,2026-09-08T09:54:36.311253+00:00,2026-09-08T09:54:36.343971+00:00,"4,5,6,7",0.03271818161010742,3.635353512234158e-05,correctness_diagnostic,HF_SMOKE_ONLY_NOT_PERFORMANCE,poc_flashvep/deepep_revalidation/results/scheduling_overlap_successor_mining_20260908_161510/nanoflow_runs/mechanism_smoke_v1/plan1.run_meta.json
mechanism_smoke_v1:plan1.run_meta:19,NANOFLOW,Native graph/split output correctness,2026-09-08T09:54:36.344178+00:00,2026-09-08T09:54:36.376910+00:00,"4,5,6,7",0.03273200988769531,3.6368899875217014e-05,correctness_diagnostic,HF_SMOKE_ONLY_NOT_PERFORMANCE,poc_flashvep/deepep_revalidation/results/scheduling_overlap_successor_mining_20260908_161510/nanoflow_runs/mechanism_smoke_v1/plan1.run_meta.json
mechanism_smoke_v1:plan1.run_meta:20,NANOFLOW,Native graph/split output correctness,2026-09-08T09:54:36.377183+00:00,2026-09-08T09:54:36.409768+00:00,"4,5,6,7",0.03258538246154785,3.6205980512830945e-05,correctness_diagnostic,HF_SMOKE_ONLY_NOT_PERFORMANCE,poc_flashvep/deepep_revalidation/results/scheduling_overlap_successor_mining_20260908_161510/nanoflow_runs/mechanism_smoke_v1/plan1.run_meta.json
mechanism_smoke_v2:plan2_graph.run_meta:1,NANOFLOW,Native graph/split output correctness,2026-09-08T09:57:31.364589+00:00,2026-09-08T09:57:31.746905+00:00,"4,5,6,7",0.38231563568115234,0.00042479515075683594,correctness_diagnostic,HF_SMOKE_ONLY_NOT_PERFORMANCE,poc_flashvep/deepep_revalidation/results/scheduling_overlap_successor_mining_20260908_161510/nanoflow_runs/mechanism_smoke_v2/plan2_graph.run_meta.json
mechanism_smoke_v2:plan2_graph.run_meta:2,NANOFLOW,Native graph/split output correctness,2026-09-08T09:57:31.747296+00:00,2026-09-08T09:57:33.588570+00:00,"4,5,6,7",1.841273546218872,0.002045859495798747,correctness_diagnostic,HF_SMOKE_ONLY_NOT_PERFORMANCE,poc_flashvep/deepep_revalidation/results/scheduling_overlap_successor_mining_20260908_161510/nanoflow_runs/mechanism_smoke_v2/plan2_graph.run_meta.json
mechanism_smoke_v2:plan2_graph.run_meta:3,NANOFLOW,Native graph/split output correctness,2026-09-08T09:57:33.589092+00:00,2026-09-08T09:57:33.597619+00:00,"4,5,6,7",0.008526802062988281,9.474224514431424e-06,correctness_diagnostic,HF_SMOKE_ONLY_NOT_PERFORMANCE,poc_flashvep/deepep_revalidation/results/scheduling_overlap_successor_mining_20260908_161510/nanoflow_runs/mechanism_smoke_v2/plan2_graph.run_meta.json
mechanism_smoke_v2:plan2_graph.run_meta:4,NANOFLOW,Native graph/split output correctness,2026-09-08T09:57:33.598006+00:00,2026-09-08T09:57:33.606070+00:00,"4,5,6,7",0.00806427001953125,8.960300021701389e-06,correctness_diagnostic,HF_SMOKE_ONLY_NOT_PERFORMANCE,poc_flashvep/deepep_revalidation/results/scheduling_overlap_successor_mining_20260908_161510/nanoflow_runs/mechanism_smoke_v2/plan2_graph.run_meta.json
mechanism_smoke_v2:plan2_graph.run_meta:5,NANOFLOW,Native graph/split output correctness,2026-09-08T09:57:33.606486+00:00,2026-09-08T09:57:33.617335+00:00,"4,5,6,7",0.010849237442016602,1.2054708268907335e-05,correctness_diagnostic,HF_SMOKE_ONLY_NOT_PERFORMANCE,poc_flashvep/deepep_revalidation/results/scheduling_overlap_successor_mining_20260908_161510/nanoflow_runs/mechanism_smoke_v2/plan2_graph.run_meta.json
mechanism_smoke_v2:plan2_graph.run_meta:6,NANOFLOW,Native graph/split output correctness,2026-09-08T09:57:33.617607+00:00,2026-09-08T09:57:33.626814+00:00,"4,5,6,7",0.009206533432006836,1.0229481591118707e-05,correctness_diagnostic,HF_SMOKE_ONLY_NOT_PERFORMANCE,poc_flashvep/deepep_revalidation/results/scheduling_overlap_successor_mining_20260908_161510/nanoflow_runs/mechanism_smoke_v2/plan2_graph.run_meta.json
mechanism_smoke_v2:plan2_graph.run_meta:7,NANOFLOW,Native graph/split output correctness,2026-09-08T09:57:33.627044+00:00,2026-09-08T09:57:33.635669+00:00,"4,5,6,7",0.008625030517578125,9.583367241753473e-06,correctness_diagnostic,HF_SMOKE_ONLY_NOT_PERFORMANCE,poc_flashvep/deepep_revalidation/results/scheduling_overlap_successor_mining_20260908_161510/nanoflow_runs/mechanism_smoke_v2/plan2_graph.run_meta.json
mechanism_smoke_v2:plan2_graph.run_meta:8,NANOFLOW,Native graph/split output correctness,2026-09-08T09:57:33.636065+00:00,2026-09-08T09:57:33.643885+00:00,"4,5,6,7",0.00782012939453125,8.689032660590277e-06,correctness_diagnostic,HF_SMOKE_ONLY_NOT_PERFORMANCE,poc_flashvep/deepep_revalidation/results/scheduling_overlap_successor_mining_20260908_161510/nanoflow_runs/mechanism_smoke_v2/plan2_graph.run_meta.json
mechanism_smoke_v2:plan2_graph.run_meta:9,NANOFLOW,Native graph/split output correctness,2026-09-08T09:57:33.644133+00:00,2026-09-08T09:57:33.652294+00:00,"4,5,6,7",0.008160591125488281,9.067323472764756e-06,correctness_diagnostic,HF_SMOKE_ONLY_NOT_PERFORMANCE,poc_flashvep/deepep_revalidation/results/scheduling_overlap_successor_mining_20260908_161510/nanoflow_runs/mechanism_smoke_v2/plan2_graph.run_meta.json
mechanism_smoke_v2:plan2_graph.run_meta:10,NANOFLOW,Native graph/split output correctness,2026-09-08T09:57:33.652602+00:00,2026-09-08T09:57:33.660957+00:00,"4,5,6,7",0.008355140686035156,9.283489651150173e-06,correctness_diagnostic,HF_SMOKE_ONLY_NOT_PERFORMANCE,poc_flashvep/deepep_revalidation/results/scheduling_overlap_successor_mining_20260908_161510/nanoflow_runs/mechanism_smoke_v2/plan2_graph.run_meta.json
mechanism_smoke_v2:plan2_graph.run_meta:11,NANOFLOW,Native graph/split output correctness,2026-09-08T09:57:33.661371+00:00,2026-09-08T09:57:33.669186+00:00,"4,5,6,7",0.007814884185791016,8.683204650878907e-06,correctness_diagnostic,HF_SMOKE_ONLY_NOT_PERFORMANCE,poc_flashvep/deepep_revalidation/results/scheduling_overlap_successor_mining_20260908_161510/nanoflow_runs/mechanism_smoke_v2/plan2_graph.run_meta.json
mechanism_smoke_v2:plan2_graph.run_meta:12,NANOFLOW,Native graph/split output correctness,2026-09-08T09:57:33.669714+00:00,2026-09-08T09:57:33.677494+00:00,"4,5,6,7",0.007780313491821289,8.644792768690322e-06,correctness_diagnostic,HF_SMOKE_ONLY_NOT_PERFORMANCE,poc_flashvep/deepep_revalidation/results/scheduling_overlap_successor_mining_20260908_161510/nanoflow_runs/mechanism_smoke_v2/plan2_graph.run_meta.json
mechanism_smoke_v2:plan2_graph.run_meta:13,NANOFLOW,Native graph/split output correctness,2026-09-08T09:57:33.677814+00:00,2026-09-08T09:57:33.685914+00:00,"4,5,6,7",0.008099079132080078,8.99897681342231e-06,correctness_diagnostic,HF_SMOKE_ONLY_NOT_PERFORMANCE,poc_flashvep/deepep_revalidation/results/scheduling_overlap_successor_mining_20260908_161510/nanoflow_runs/mechanism_smoke_v2/plan2_graph.run_meta.json
mechanism_smoke_v2:plan2_graph.run_meta:14,NANOFLOW,Native graph/split output correctness,2026-09-08T09:57:33.686281+00:00,2026-09-08T09:57:33.694111+00:00,"4,5,6,7",0.007830381393432617,8.700423770480686e-06,correctness_diagnostic,HF_SMOKE_ONLY_NOT_PERFORMANCE,poc_flashvep/deepep_revalidation/results/scheduling_overlap_successor_mining_20260908_161510/nanoflow_runs/mechanism_smoke_v2/plan2_graph.run_meta.json
mechanism_smoke_v2:plan2_graph.run_meta:15,NANOFLOW,Native graph/split output correctness,2026-09-08T09:57:33.694498+00:00,2026-09-08T09:57:33.702344+00:00,"4,5,6,7",0.00784611701965332,8.7179077996148e-06,correctness_diagnostic,HF_SMOKE_ONLY_NOT_PERFORMANCE,poc_flashvep/deepep_revalidation/results/scheduling_overlap_successor_mining_20260908_161510/nanoflow_runs/mechanism_smoke_v2/plan2_graph.run_meta.json
mechanism_smoke_v2:plan2_graph.run_meta:16,NANOFLOW,Native graph/split output correctness,2026-09-08T09:57:33.702691+00:00,2026-09-08T09:57:33.710496+00:00,"4,5,6,7",0.00780487060546875,8.672078450520834e-06,correctness_diagnostic,HF_SMOKE_ONLY_NOT_PERFORMANCE,poc_flashvep/deepep_revalidation/results/scheduling_overlap_successor_mining_20260908_161510/nanoflow_runs/mechanism_smoke_v2/plan2_graph.run_meta.json
mechanism_smoke_v2:plan2_graph.run_meta:17,NANOFLOW,Native graph/split output correctness,2026-09-08T09:57:33.710824+00:00,2026-09-08T09:57:33.718666+00:00,"4,5,6,7",0.007842540740966797,8.713934156629774e-06,correctness_diagnostic,HF_SMOKE_ONLY_NOT_PERFORMANCE,poc_flashvep/deepep_revalidation/results/scheduling_overlap_successor_mining_20260908_161510/nanoflow_runs/mechanism_smoke_v2/plan2_graph.run_meta.json
mechanism_smoke_v2:plan2_graph.run_meta:18,NANOFLOW,Native graph/split output correctness,2026-09-08T09:57:33.719047+00:00,2026-09-08T09:57:33.727361+00:00,"4,5,6,7",0.008313417434692383,9.237130482991536e-06,correctness_diagnostic,HF_SMOKE_ONLY_NOT_PERFORMANCE,poc_flashvep/deepep_revalidation/results/scheduling_overlap_successor_mining_20260908_161510/nanoflow_runs/mechanism_smoke_v2/plan2_graph.run_meta.json
mechanism_smoke_v2:plan2_graph.run_meta:19,NANOFLOW,Native graph/split output correctness,2026-09-08T09:57:33.727666+00:00,2026-09-08T09:57:33.735606+00:00,"4,5,6,7",0.007939338684082031,8.821487426757812e-06,correctness_diagnostic,HF_SMOKE_ONLY_NOT_PERFORMANCE,poc_flashvep/deepep_revalidation/results/scheduling_overlap_successor_mining_20260908_161510/nanoflow_runs/mechanism_smoke_v2/plan2_graph.run_meta.json
mechanism_smoke_v2:plan2_graph.run_meta:20,NANOFLOW,Native graph/split output correctness,2026-09-08T09:57:33.735993+00:00,2026-09-08T09:57:33.743911+00:00,"4,5,6,7",0.007917404174804688,8.797115749782986e-06,correctness_diagnostic,HF_SMOKE_ONLY_NOT_PERFORMANCE,poc_flashvep/deepep_revalidation/results/scheduling_overlap_successor_mining_20260908_161510/nanoflow_runs/mechanism_smoke_v2/plan2_graph.run_meta.json
mechanism_smoke_v2:plan2.run_meta:1,NANOFLOW,Native graph/split output correctness,2026-09-08T09:57:05.717524+00:00,2026-09-08T09:57:06.096914+00:00,"4,5,6,7",0.37938976287841797,0.00042154418097601997,correctness_diagnostic,HF_SMOKE_ONLY_NOT_PERFORMANCE,poc_flashvep/deepep_revalidation/results/scheduling_overlap_successor_mining_20260908_161510/nanoflow_runs/mechanism_smoke_v2/plan2.run_meta.json
mechanism_smoke_v2:plan2.run_meta:2,NANOFLOW,Native graph/split output correctness,2026-09-08T09:57:06.097711+00:00,2026-09-08T09:57:07.820183+00:00,"4,5,6,7",1.7224719524383545,0.001913857724931505,correctness_diagnostic,HF_SMOKE_ONLY_NOT_PERFORMANCE,poc_flashvep/deepep_revalidation/results/scheduling_overlap_successor_mining_20260908_161510/nanoflow_runs/mechanism_smoke_v2/plan2.run_meta.json
mechanism_smoke_v2:plan2.run_meta:3,NANOFLOW,Native graph/split output correctness,2026-09-08T09:57:07.820618+00:00,2026-09-08T09:57:07.872005+00:00,"4,5,6,7",0.05138731002807617,5.709701114230686e-05,correctness_diagnostic,HF_SMOKE_ONLY_NOT_PERFORMANCE,poc_flashvep/deepep_revalidation/results/scheduling_overlap_successor_mining_20260908_161510/nanoflow_runs/mechanism_smoke_v2/plan2.run_meta.json
mechanism_smoke_v2:plan2.run_meta:4,NANOFLOW,Native graph/split output correctness,2026-09-08T09:57:07.872464+00:00,2026-09-08T09:57:07.922963+00:00,"4,5,6,7",0.05049896240234375,5.610995822482639e-05,correctness_diagnostic,HF_SMOKE_ONLY_NOT_PERFORMANCE,poc_flashvep/deepep_revalidation/results/scheduling_overlap_successor_mining_20260908_161510/nanoflow_runs/mechanism_smoke_v2/plan2.run_meta.json
mechanism_smoke_v2:plan2.run_meta:5,NANOFLOW,Native graph/split output correctness,2026-09-08T09:57:07.923144+00:00,2026-09-08T09:57:07.973686+00:00,"4,5,6,7",0.050542593002319336,5.6158436669243706e-05,correctness_diagnostic,HF_SMOKE_ONLY_NOT_PERFORMANCE,poc_flashvep/deepep_revalidation/results/scheduling_overlap_successor_mining_20260908_161510/nanoflow_runs/mechanism_smoke_v2/plan2.run_meta.json
mechanism_smoke_v2:plan2.run_meta:6,NANOFLOW,Native graph/split output correctness,2026-09-08T09:57:07.974239+00:00,2026-09-08T09:57:08.024943+00:00,"4,5,6,7",0.050704240798950195,5.633804533216688e-05,correctness_diagnostic,HF_SMOKE_ONLY_NOT_PERFORMANCE,poc_flashvep/deepep_revalidation/results/scheduling_overlap_successor_mining_20260908_161510/nanoflow_runs/mechanism_smoke_v2/plan2.run_meta.json
mechanism_smoke_v2:plan2.run_meta:7,NANOFLOW,Native graph/split output correctness,2026-09-08T09:57:08.025398+00:00,2026-09-08T09:57:08.076320+00:00,"4,5,6,7",0.05092167854309082,5.657964282565647e-05,correctness_diagnostic,HF_SMOKE_ONLY_NOT_PERFORMANCE,poc_flashvep/deepep_revalidation/results/scheduling_overlap_successor_mining_20260908_161510/nanoflow_runs/mechanism_smoke_v2/plan2.run_meta.json
mechanism_smoke_v2:plan2.run_meta:8,NANOFLOW,Native graph/split output correctness,2026-09-08T09:57:08.077031+00:00,2026-09-08T09:57:08.127624+00:00,"4,5,6,7",0.05059313774108887,5.621459749009874e-05,correctness_diagnostic,HF_SMOKE_ONLY_NOT_PERFORMANCE,poc_flashvep/deepep_revalidation/results/scheduling_overlap_successor_mining_20260908_161510/nanoflow_runs/mechanism_smoke_v2/plan2.run_meta.json
mechanism_smoke_v2:plan2.run_meta:9,NANOFLOW,Native graph/split output correctness,2026-09-08T09:57:08.128195+00:00,2026-09-08T09:57:08.178731+00:00,"4,5,6,7",0.05053591728210449,5.6151019202338326e-05,correctness_diagnostic,HF_SMOKE_ONLY_NOT_PERFORMANCE,poc_flashvep/deepep_revalidation/results/scheduling_overlap_successor_mining_20260908_161510/nanoflow_runs/mechanism_smoke_v2/plan2.run_meta.json
mechanism_smoke_v2:plan2.run_meta:10,NANOFLOW,Native graph/split output correctness,2026-09-08T09:57:08.179297+00:00,2026-09-08T09:57:08.229596+00:00,"4,5,6,7",0.050298452377319336,5.588716930813259e-05,correctness_diagnostic,HF_SMOKE_ONLY_NOT_PERFORMANCE,poc_flashvep/deepep_revalidation/results/scheduling_overlap_successor_mining_20260908_161510/nanoflow_runs/mechanism_smoke_v2/plan2.run_meta.json
mechanism_smoke_v2:plan2.run_meta:11,NANOFLOW,Native graph/split output correctness,2026-09-08T09:57:08.230251+00:00,2026-09-08T09:57:08.280638+00:00,"4,5,6,7",0.05038714408874512,5.5985715654161244e-05,correctness_diagnostic,HF_SMOKE_ONLY_NOT_PERFORMANCE,poc_flashvep/deepep_revalidation/results/scheduling_overlap_successor_mining_20260908_161510/nanoflow_runs/mechanism_smoke_v2/plan2.run_meta.json
mechanism_smoke_v2:plan2.run_meta:12,NANOFLOW,Native graph/split output correctness,2026-09-08T09:57:08.281201+00:00,2026-09-08T09:57:08.331888+00:00,"4,5,6,7",0.05068683624267578,5.631870693630642e-05,correctness_diagnostic,HF_SMOKE_ONLY_NOT_PERFORMANCE,poc_flashvep/deepep_revalidation/results/scheduling_overlap_successor_mining_20260908_161510/nanoflow_runs/mechanism_smoke_v2/plan2.run_meta.json
mechanism_smoke_v2:plan2.run_meta:13,NANOFLOW,Native graph/split output correctness,2026-09-08T09:57:08.332457+00:00,2026-09-08T09:57:08.382822+00:00,"4,5,6,7",0.05036449432373047,5.596054924858941e-05,correctness_diagnostic,HF_SMOKE_ONLY_NOT_PERFORMANCE,poc_flashvep/deepep_revalidation/results/scheduling_overlap_successor_mining_20260908_161510/nanoflow_runs/mechanism_smoke_v2/plan2.run_meta.json
mechanism_smoke_v2:plan2.run_meta:14,NANOFLOW,Native graph/split output correctness,2026-09-08T09:57:08.383422+00:00,2026-09-08T09:57:08.433873+00:00,"4,5,6,7",0.050451040267944336,5.605671140882704e-05,correctness_diagnostic,HF_SMOKE_ONLY_NOT_PERFORMANCE,poc_flashvep/deepep_revalidation/results/scheduling_overlap_successor_mining_20260908_161510/nanoflow_runs/mechanism_smoke_v2/plan2.run_meta.json
mechanism_smoke_v2:plan2.run_meta:15,NANOFLOW,Native graph/split output correctness,2026-09-08T09:57:08.434428+00:00,2026-09-08T09:57:08.485179+00:00,"4,5,6,7",0.0507509708404541,5.638996760050456e-05,correctness_diagnostic,HF_SMOKE_ONLY_NOT_PERFORMANCE,poc_flashvep/deepep_revalidation/results/scheduling_overlap_successor_mining_20260908_161510/nanoflow_runs/mechanism_smoke_v2/plan2.run_meta.json
mechanism_smoke_v2:plan2.run_meta:16,NANOFLOW,Native graph/split output correctness,2026-09-08T09:57:08.485815+00:00,2026-09-08T09:57:08.536058+00:00,"4,5,6,7",0.05024313926696777,5.582571029663086e-05,correctness_diagnostic,HF_SMOKE_ONLY_NOT_PERFORMANCE,poc_flashvep/deepep_revalidation/results/scheduling_overlap_successor_mining_20260908_161510/nanoflow_runs/mechanism_smoke_v2/plan2.run_meta.json
mechanism_smoke_v2:plan2.run_meta:17,NANOFLOW,Native graph/split output correctness,2026-09-08T09:57:08.536697+00:00,2026-09-08T09:57:08.587046+00:00,"4,5,6,7",0.05034923553466797,5.5943595038519966e-05,correctness_diagnostic,HF_SMOKE_ONLY_NOT_PERFORMANCE,poc_flashvep/deepep_revalidation/results/scheduling_overlap_successor_mining_20260908_161510/nanoflow_runs/mechanism_smoke_v2/plan2.run_meta.json
mechanism_smoke_v2:plan2.run_meta:18,NANOFLOW,Native graph/split output correctness,2026-09-08T09:57:08.587605+00:00,2026-09-08T09:57:08.637622+00:00,"4,5,6,7",0.05001688003540039,5.557431115044488e-05,correctness_diagnostic,HF_SMOKE_ONLY_NOT_PERFORMANCE,poc_flashvep/deepep_revalidation/results/scheduling_overlap_successor_mining_20260908_161510/nanoflow_runs/mechanism_smoke_v2/plan2.run_meta.json
mechanism_smoke_v2:plan2.run_meta:19,NANOFLOW,Native graph/split output correctness,2026-09-08T09:57:08.638147+00:00,2026-09-08T09:57:08.687796+00:00,"4,5,6,7",0.04964923858642578,5.51658206515842e-05,correctness_diagnostic,HF_SMOKE_ONLY_NOT_PERFORMANCE,poc_flashvep/deepep_revalidation/results/scheduling_overlap_successor_mining_20260908_161510/nanoflow_runs/mechanism_smoke_v2/plan2.run_meta.json
mechanism_smoke_v2:plan2.run_meta:20,NANOFLOW,Native graph/split output correctness,2026-09-08T09:57:08.688410+00:00,2026-09-08T09:57:08.738822+00:00,"4,5,6,7",0.05041193962097168,5.601326624552409e-05,correctness_diagnostic,HF_SMOKE_ONLY_NOT_PERFORMANCE,poc_flashvep/deepep_revalidation/results/scheduling_overlap_successor_mining_20260908_161510/nanoflow_runs/mechanism_smoke_v2/plan2.run_meta.json
graph_screen_20260909_v1:b0_layered4:measure0_heterogeneous_bursty,LAYERED_PREFILL,Official chunk/group request-level envelope after common warmup,2026-09-09T01:39:58.795567+00:00,2026-09-09T01:40:23.929500+00:00,"4,5",25.13393235206604,0.0139632957511478,measurement,CROSS_CONFIG_CORRECTNESS_PENDING,/home/esjung/MLLM-EP-github/poc_flashvep/deepep_revalidation/results/scheduling_overlap_successor_mining_20260908_161510/layered_runs/graph_screen_20260909_v1/b0_layered4/measure0_heterogeneous_bursty.jsonl
graph_screen_20260909_v1:b0_layered4:measure1_heterogeneous_steady,LAYERED_PREFILL,Official chunk/group request-level envelope after common warmup,2026-09-09T01:40:24.448553+00:00,2026-09-09T01:40:51.420767+00:00,"4,5",26.972214221954346,0.014984563456641304,measurement,CROSS_CONFIG_CORRECTNESS_PENDING,/home/esjung/MLLM-EP-github/poc_flashvep/deepep_revalidation/results/scheduling_overlap_successor_mining_20260908_161510/layered_runs/graph_screen_20260909_v1/b0_layered4/measure1_heterogeneous_steady.jsonl
nano_numerical_20260909:b0_graph.run_meta,NANOFLOW,Native same-prefix split-versus-restart logit correctness; excludes first init/JIT step,2026-09-09T01:29:13.197136+00:00,2026-09-09T01:29:14.225350+00:00,"4,5,6,7",1.028214693069458,0.0011424607700771755,correctness_diagnostic,ARGMAX_EXACT_B4_ONLY_NOT_PERFORMANCE,poc_flashvep/deepep_revalidation/results/scheduling_overlap_successor_mining_20260908_161510/nanoflow_runs/numerical_resume_20260909_b4_retry1/b0_graph.run_meta.json
nano_numerical_20260909:b1_plan2_graph.run_meta,NANOFLOW,Native same-prefix split-versus-restart logit correctness; excludes first init/JIT step,2026-09-09T01:28:47.056301+00:00,2026-09-09T01:28:49.488288+00:00,"4,5,6,7",2.4319865703582764,0.0027022073003980848,correctness_diagnostic,ARGMAX_EXACT_B4_ONLY_NOT_PERFORMANCE,poc_flashvep/deepep_revalidation/results/scheduling_overlap_successor_mining_20260908_161510/nanoflow_runs/numerical_resume_20260909_b4_retry1/b1_plan2_graph.run_meta.json
nano_numerical_20260909:b1_graph.run_meta,NANOFLOW,Native same-prefix split-versus-restart logit correctness; excludes first init/JIT step,2026-09-09T01:28:12.653202+00:00,2026-09-09T01:28:13.623536+00:00,"4,5,6,7",0.9703338146209717,0.0010781486829121907,correctness_diagnostic,ARGMAX_EXACT_B4_ONLY_NOT_PERFORMANCE,poc_flashvep/deepep_revalidation/results/scheduling_overlap_successor_mining_20260908_161510/nanoflow_runs/numerical_resume_20260909_b4_retry1/b1_graph.run_meta.json
nano_numerical_20260909:b0_plan2_graph.run_meta,NANOFLOW,Native same-prefix split-versus-restart logit correctness; excludes first init/JIT step,2026-09-09T01:29:47.469033+00:00,2026-09-09T01:29:49.742807+00:00,"4,5,6,7",2.273773431777954,0.002526414924197727,correctness_diagnostic,ARGMAX_EXACT_B4_ONLY_NOT_PERFORMANCE,poc_flashvep/deepep_revalidation/results/scheduling_overlap_successor_mining_20260908_161510/nanoflow_runs/numerical_resume_20260909_b4_retry1/b0_plan2_graph.run_meta.json
graph_screen_20260909_v1:b0_layered16:measure0_heterogeneous_bursty,LAYERED_PREFILL,Official chunk/group request-level envelope after common warmup,2026-09-09T01:42:16.223113+00:00,2026-09-09T01:42:42.623428+00:00,"4,5",26.400315523147583,0.014666841957304213,measurement,CROSS_CONFIG_CORRECTNESS_PENDING,/home/esjung/MLLM-EP-github/poc_flashvep/deepep_revalidation/results/scheduling_overlap_successor_mining_20260908_161510/layered_runs/graph_screen_20260909_v1/b0_layered16/measure0_heterogeneous_bursty.jsonl
graph_screen_20260909_v1:b0_layered16:measure1_heterogeneous_steady,LAYERED_PREFILL,Official chunk/group request-level envelope after common warmup,2026-09-09T01:42:43.222541+00:00,2026-09-09T01:43:10.395992+00:00,"4,5",27.17345094680786,0.01509636163711548,measurement,CROSS_CONFIG_CORRECTNESS_PENDING,/home/esjung/MLLM-EP-github/poc_flashvep/deepep_revalidation/results/scheduling_overlap_successor_mining_20260908_161510/layered_runs/graph_screen_20260909_v1/b0_layered16/measure1_heterogeneous_steady.jsonl
graph_screen_20260909_v1:b0_chunk512:measure0_heterogeneous_bursty,LAYERED_PREFILL,Official chunk/group request-level envelope after common warmup,2026-09-09T01:44:22.440915+00:00,2026-09-09T01:44:49.385158+00:00,"4,5",26.94424295425415,0.014969023863474528,measurement,CROSS_CONFIG_CORRECTNESS_PENDING,/home/esjung/MLLM-EP-github/poc_flashvep/deepep_revalidation/results/scheduling_overlap_successor_mining_20260908_161510/layered_runs/graph_screen_20260909_v1/b0_chunk512/measure0_heterogeneous_bursty.jsonl
graph_screen_20260909_v1:b0_chunk512:measure1_heterogeneous_steady,LAYERED_PREFILL,Official chunk/group request-level envelope after common warmup,2026-09-09T01:44:49.937410+00:00,2026-09-09T01:45:17.682674+00:00,"4,5",27.745264053344727,0.015414035585191515,measurement,CROSS_CONFIG_CORRECTNESS_PENDING,/home/esjung/MLLM-EP-github/poc_flashvep/deepep_revalidation/results/scheduling_overlap_successor_mining_20260908_161510/layered_runs/graph_screen_20260909_v1/b0_chunk512/measure1_heterogeneous_steady.jsonl
graph_screen_20260909_v1:b1_layered4:measure0_heterogeneous_steady,LAYERED_PREFILL,Official chunk/group request-level envelope after common warmup,2026-09-09T01:46:39.495390+00:00,2026-09-09T01:47:06.416688+00:00,"4,5",26.921298265457153,0.014956276814142863,measurement,CROSS_CONFIG_CORRECTNESS_PENDING,/home/esjung/MLLM-EP-github/poc_flashvep/deepep_revalidation/results/scheduling_overlap_successor_mining_20260908_161510/layered_runs/graph_screen_20260909_v1/b1_layered4/measure0_heterogeneous_steady.jsonl
graph_screen_20260909_v1:b1_layered4:measure1_heterogeneous_bursty,LAYERED_PREFILL,Official chunk/group request-level envelope after common warmup,2026-09-09T01:47:07.008365+00:00,2026-09-09T01:47:31.937508+00:00,"4,5",24.929142951965332,0.013849523862202963,measurement,CROSS_CONFIG_CORRECTNESS_PENDING,/home/esjung/MLLM-EP-github/poc_flashvep/deepep_revalidation/results/scheduling_overlap_successor_mining_20260908_161510/layered_runs/graph_screen_20260909_v1/b1_layered4/measure1_heterogeneous_bursty.jsonl
graph_screen_20260909_v1:b1_chunk512:measure0_heterogeneous_steady,LAYERED_PREFILL,Official chunk/group request-level envelope after common warmup,2026-09-09T01:48:42.144637+00:00,2026-09-09T01:49:09.216784+00:00,"4,5",27.072147130966187,0.01504008173942566,measurement,CROSS_CONFIG_CORRECTNESS_PENDING,/home/esjung/MLLM-EP-github/poc_flashvep/deepep_revalidation/results/scheduling_overlap_successor_mining_20260908_161510/layered_runs/graph_screen_20260909_v1/b1_chunk512/measure0_heterogeneous_steady.jsonl
graph_screen_20260909_v1:b1_chunk512:measure1_heterogeneous_bursty,LAYERED_PREFILL,Official chunk/group request-level envelope after common warmup,2026-09-09T01:49:09.794269+00:00,2026-09-09T01:49:36.007812+00:00,"4,5",26.213543176651,0.014563079542583889,measurement,CROSS_CONFIG_CORRECTNESS_PENDING,/home/esjung/MLLM-EP-github/poc_flashvep/deepep_revalidation/results/scheduling_overlap_successor_mining_20260908_161510/layered_runs/graph_screen_20260909_v1/b1_chunk512/measure1_heterogeneous_bursty.jsonl
graph_screen_20260909_v1:b1_layered16:measure0_heterogeneous_steady,LAYERED_PREFILL,Official chunk/group request-level envelope after common warmup,2026-09-09T01:51:01.247496+00:00,2026-09-09T01:51:28.238565+00:00,"4,5",26.991069555282593,0.014995038641823662,measurement,CROSS_CONFIG_CORRECTNESS_PENDING,/home/esjung/MLLM-EP-github/poc_flashvep/deepep_revalidation/results/scheduling_overlap_successor_mining_20260908_161510/layered_runs/graph_screen_20260909_v1/b1_layered16/measure0_heterogeneous_steady.jsonl
graph_screen_20260909_v1:b1_layered16:measure1_heterogeneous_bursty,LAYERED_PREFILL,Official chunk/group request-level envelope after common warmup,2026-09-09T01:51:28.862719+00:00,2026-09-09T01:51:54.905790+00:00,"4,5",26.043071746826172,0.014468373192681207,measurement,CROSS_CONFIG_CORRECTNESS_PENDING,/home/esjung/MLLM-EP-github/poc_flashvep/deepep_revalidation/results/scheduling_overlap_successor_mining_20260908_161510/layered_runs/graph_screen_20260909_v1/b1_layered16/measure1_heterogeneous_bursty.jsonl
graph_screen_20260909_v1:b2_layered16:measure0_heterogeneous_bursty,LAYERED_PREFILL,Official chunk/group request-level envelope after common warmup,2026-09-09T01:53:18.903213+00:00,2026-09-09T01:53:47.147179+00:00,"4,5",28.24396538734436,0.015691091881857976,measurement,CROSS_CONFIG_CORRECTNESS_PENDING,/home/esjung/MLLM-EP-github/poc_flashvep/deepep_revalidation/results/scheduling_overlap_successor_mining_20260908_161510/layered_runs/graph_screen_20260909_v1/b2_layered16/measure0_heterogeneous_bursty.jsonl
graph_screen_20260909_v1:b2_layered16:measure1_heterogeneous_steady,LAYERED_PREFILL,Official chunk/group request-level envelope after common warmup,2026-09-09T01:53:47.762299+00:00,2026-09-09T01:54:16.202703+00:00,"4,5",28.440404176712036,0.0158002245426178,measurement,CROSS_CONFIG_CORRECTNESS_PENDING,/home/esjung/MLLM-EP-github/poc_flashvep/deepep_revalidation/results/scheduling_overlap_successor_mining_20260908_161510/layered_runs/graph_screen_20260909_v1/b2_layered16/measure1_heterogeneous_steady.jsonl
graph_screen_20260909_v1:b2_layered4:measure0_heterogeneous_bursty,LAYERED_PREFILL,Official chunk/group request-level envelope after common warmup,2026-09-09T01:55:42.871569+00:00,2026-09-09T01:56:07.680098+00:00,"4,5",24.808529376983643,0.013782516320546468,measurement,CROSS_CONFIG_CORRECTNESS_PENDING,/home/esjung/MLLM-EP-github/poc_flashvep/deepep_revalidation/results/scheduling_overlap_successor_mining_20260908_161510/layered_runs/graph_screen_20260909_v1/b2_layered4/measure0_heterogeneous_bursty.jsonl
graph_screen_20260909_v1:b2_layered4:measure1_heterogeneous_steady,LAYERED_PREFILL,Official chunk/group request-level envelope after common warmup,2026-09-09T01:56:08.248790+00:00,2026-09-09T01:56:35.143631+00:00,"4,5",26.89484143257141,0.014941578573650784,measurement,CROSS_CONFIG_CORRECTNESS_PENDING,/home/esjung/MLLM-EP-github/poc_flashvep/deepep_revalidation/results/scheduling_overlap_successor_mining_20260908_161510/layered_runs/graph_screen_20260909_v1/b2_layered4/measure1_heterogeneous_steady.jsonl
graph_screen_20260909_v1:b2_chunk512:measure0_heterogeneous_bursty,LAYERED_PREFILL,Official chunk/group request-level envelope after common warmup,2026-09-09T01:57:45.739878+00:00,2026-09-09T01:58:12.016503+00:00,"4,5",26.27662467956543,0.014598124821980795,measurement,CROSS_CONFIG_CORRECTNESS_PENDING,/home/esjung/MLLM-EP-github/poc_flashvep/deepep_revalidation/results/scheduling_overlap_successor_mining_20260908_161510/layered_runs/graph_screen_20260909_v1/b2_chunk512/measure0_heterogeneous_bursty.jsonl
graph_screen_20260909_v1:b2_chunk512:measure1_heterogeneous_steady,LAYERED_PREFILL,Official chunk/group request-level envelope after common warmup,2026-09-09T01:58:12.621651+00:00,2026-09-09T01:58:39.770662+00:00,"4,5",27.14901113510132,0.015082783963945176,measurement,CROSS_CONFIG_CORRECTNESS_PENDING,/home/esjung/MLLM-EP-github/poc_flashvep/deepep_revalidation/results/scheduling_overlap_successor_mining_20260908_161510/layered_runs/graph_screen_20260909_v1/b2_chunk512/measure1_heterogeneous_steady.jsonl
qwen3_screen_20260909_v1:b0_greedy:measure0_heterogeneous_bursty,FASTPP,Official PP/DC/ALP/BR independent-restart request-level comparison,2026-09-09T02:02:36.008631+00:00,2026-09-09T02:03:08.292387+00:00,"4,5,6,7",32.28375601768494,0.03587084001964993,measurement,CROSS_CONFIG_CORRECTNESS_PENDING,/home/esjung/MLLM-EP-github/poc_flashvep/deepep_revalidation/results/scheduling_overlap_successor_mining_20260908_161510/fastpp_runs/qwen3_screen_20260909_v1/b0_greedy/measure0_heterogeneous_bursty.jsonl
qwen3_screen_20260909_v1:b0_greedy:measure1_fastpp_official_azure_conv_192,FASTPP,Official PP/DC/ALP/BR independent-restart request-level comparison,2026-09-09T02:03:08.842231+00:00,2026-09-09T02:04:35.103978+00:00,"4,5,6,7",86.26174688339233,0.09584638542599148,measurement,CROSS_CONFIG_CORRECTNESS_PENDING,/home/esjung/MLLM-EP-github/poc_flashvep/deepep_revalidation/results/scheduling_overlap_successor_mining_20260908_161510/fastpp_runs/qwen3_screen_20260909_v1/b0_greedy/measure1_fastpp_official_azure_conv_192.jsonl
qwen3_screen_20260909_v1:b0_greedy:measure2_heterogeneous_steady,FASTPP,Official PP/DC/ALP/BR independent-restart request-level comparison,2026-09-09T02:04:35.736799+00:00,2026-09-09T02:05:09.846526+00:00,"4,5,6,7",34.109726905822754,0.037899696562025284,measurement,CROSS_CONFIG_CORRECTNESS_PENDING,/home/esjung/MLLM-EP-github/poc_flashvep/deepep_revalidation/results/scheduling_overlap_successor_mining_20260908_161510/fastpp_runs/qwen3_screen_20260909_v1/b0_greedy/measure2_heterogeneous_steady.jsonl
qwen3_screen_20260909_v1:b0_greedy:measure3_short_high_concurrency,FASTPP,Official PP/DC/ALP/BR independent-restart request-level comparison,2026-09-09T02:05:10.366872+00:00,2026-09-09T02:05:22.532006+00:00,"4,5,6,7",12.16513466835022,0.01351681629816691,measurement,CROSS_CONFIG_CORRECTNESS_PENDING,/home/esjung/MLLM-EP-github/poc_flashvep/deepep_revalidation/results/scheduling_overlap_successor_mining_20260908_161510/fastpp_runs/qwen3_screen_20260909_v1/b0_greedy/measure3_short_high_concurrency.jsonl
qwen3_screen_20260909_v1:b0_alp:measure0_heterogeneous_bursty,FASTPP,Official PP/DC/ALP/BR independent-restart request-level comparison,2026-09-09T02:06:27.785119+00:00,2026-09-09T02:07:02.107941+00:00,"4,5,6,7",34.322821378707886,0.03813646819856432,measurement,CROSS_CONFIG_CORRECTNESS_PENDING,/home/esjung/MLLM-EP-github/poc_flashvep/deepep_revalidation/results/scheduling_overlap_successor_mining_20260908_161510/fastpp_runs/qwen3_screen_20260909_v1/b0_alp/measure0_heterogeneous_bursty.jsonl
qwen3_screen_20260909_v1:b0_alp:measure1_fastpp_official_azure_conv_192,FASTPP,Official PP/DC/ALP/BR independent-restart request-level comparison,2026-09-09T02:07:02.695037+00:00,2026-09-09T02:08:32.138700+00:00,"4,5,6,7",89.44366264343262,0.0993818473815918,measurement,CROSS_CONFIG_CORRECTNESS_PENDING,/home/esjung/MLLM-EP-github/poc_flashvep/deepep_revalidation/results/scheduling_overlap_successor_mining_20260908_161510/fastpp_runs/qwen3_screen_20260909_v1/b0_alp/measure1_fastpp_official_azure_conv_192.jsonl
qwen3_screen_20260909_v1:b0_alp:measure2_heterogeneous_steady,FASTPP,Official PP/DC/ALP/BR independent-restart request-level comparison,2026-09-09T02:08:32.727450+00:00,2026-09-09T02:09:07.899433+00:00,"4,5,6,7",35.171982765197754,0.03907998085021973,measurement,CROSS_CONFIG_CORRECTNESS_PENDING,/home/esjung/MLLM-EP-github/poc_flashvep/deepep_revalidation/results/scheduling_overlap_successor_mining_20260908_161510/fastpp_runs/qwen3_screen_20260909_v1/b0_alp/measure2_heterogeneous_steady.jsonl
qwen3_screen_20260909_v1:b0_alp:measure3_short_high_concurrency,FASTPP,Official PP/DC/ALP/BR independent-restart request-level comparison,2026-09-09T02:09:08.584227+00:00,2026-09-09T02:09:22.346962+00:00,"4,5,6,7",13.762735843658447,0.015291928715176052,measurement,CROSS_CONFIG_CORRECTNESS_PENDING,/home/esjung/MLLM-EP-github/poc_flashvep/deepep_revalidation/results/scheduling_overlap_successor_mining_20260908_161510/fastpp_runs/qwen3_screen_20260909_v1/b0_alp/measure3_short_high_concurrency.jsonl
qwen3_screen_20260909_v1:b0_pp_only:measure0_heterogeneous_bursty,FASTPP,Official PP/DC/ALP/BR independent-restart request-level comparison,2026-09-09T02:10:14.418267+00:00,2026-09-09T02:10:45.740770+00:00,"4,5,6,7",31.322502374649048,0.03480278041627672,measurement,CROSS_CONFIG_CORRECTNESS_PENDING,/home/esjung/MLLM-EP-github/poc_flashvep/deepep_revalidation/results/scheduling_overlap_successor_mining_20260908_161510/fastpp_runs/qwen3_screen_20260909_v1/b0_pp_only/measure0_heterogeneous_bursty.jsonl
qwen3_screen_20260909_v1:b0_pp_only:measure1_fastpp_official_azure_conv_192,FASTPP,Official PP/DC/ALP/BR independent-restart request-level comparison,2026-09-09T02:10:46.314953+00:00,2026-09-09T02:12:12.063154+00:00,"4,5,6,7",85.7482008934021,0.09527577877044678,measurement,CROSS_CONFIG_CORRECTNESS_PENDING,/home/esjung/MLLM-EP-github/poc_flashvep/deepep_revalidation/results/scheduling_overlap_successor_mining_20260908_161510/fastpp_runs/qwen3_screen_20260909_v1/b0_pp_only/measure1_fastpp_official_azure_conv_192.jsonl
qwen3_screen_20260909_v1:b0_pp_only:measure2_heterogeneous_steady,FASTPP,Official PP/DC/ALP/BR independent-restart request-level comparison,2026-09-09T02:12:12.779721+00:00,2026-09-09T02:12:46.299243+00:00,"4,5,6,7",33.51952242851257,0.037243913809458414,measurement,CROSS_CONFIG_CORRECTNESS_PENDING,/home/esjung/MLLM-EP-github/poc_flashvep/deepep_revalidation/results/scheduling_overlap_successor_mining_20260908_161510/fastpp_runs/qwen3_screen_20260909_v1/b0_pp_only/measure2_heterogeneous_steady.jsonl
qwen3_screen_20260909_v1:b0_pp_only:measure3_short_high_concurrency,FASTPP,Official PP/DC/ALP/BR independent-restart request-level comparison,2026-09-09T02:12:46.906462+00:00,2026-09-09T02:12:58.881877+00:00,"4,5,6,7",11.975414752960205,0.013306016392178006,measurement,CROSS_CONFIG_CORRECTNESS_PENDING,/home/esjung/MLLM-EP-github/poc_flashvep/deepep_revalidation/results/scheduling_overlap_successor_mining_20260908_161510/fastpp_runs/qwen3_screen_20260909_v1/b0_pp_only/measure3_short_high_concurrency.jsonl
qwen3_screen_20260909_v1:b1_pp_only:measure0_fastpp_official_azure_conv_192,FASTPP,Official PP/DC/ALP/BR independent-restart request-level comparison,2026-09-09T02:14:00.543957+00:00,2026-09-09T02:15:44.221052+00:00,"4,5,6,7",103.67709493637085,0.11519677215152317,measurement,CROSS_CONFIG_CORRECTNESS_PENDING,/home/esjung/MLLM-EP-github/poc_flashvep/deepep_revalidation/results/scheduling_overlap_successor_mining_20260908_161510/fastpp_runs/qwen3_screen_20260909_v1/b1_pp_only/measure0_fastpp_official_azure_conv_192.jsonl
qwen3_screen_20260909_v1:b1_pp_only:measure1_heterogeneous_steady,FASTPP,Official PP/DC/ALP/BR independent-restart request-level comparison,2026-09-09T02:15:44.795142+00:00,2026-09-09T02:16:25.800931+00:00,"4,5,6,7",41.005789041519165,0.04556198782391018,measurement,CROSS_CONFIG_CORRECTNESS_PENDING,/home/esjung/MLLM-EP-github/poc_flashvep/deepep_revalidation/results/scheduling_overlap_successor_mining_20260908_161510/fastpp_runs/qwen3_screen_20260909_v1/b1_pp_only/measure1_heterogeneous_steady.jsonl
qwen3_screen_20260909_v1:b1_pp_only:measure2_heterogeneous_bursty,FASTPP,Official PP/DC/ALP/BR independent-restart request-level comparison,2026-09-09T02:16:26.404324+00:00,2026-09-09T02:17:03.683543+00:00,"4,5,6,7",37.27921915054321,0.04142135461171468,measurement,CROSS_CONFIG_CORRECTNESS_PENDING,/home/esjung/MLLM-EP-github/poc_flashvep/deepep_revalidation/results/scheduling_overlap_successor_mining_20260908_161510/fastpp_runs/qwen3_screen_20260909_v1/b1_pp_only/measure2_heterogeneous_bursty.jsonl
qwen3_screen_20260909_v1:b1_pp_only:measure3_short_high_concurrency,FASTPP,Official PP/DC/ALP/BR independent-restart request-level comparison,2026-09-09T02:17:04.384518+00:00,2026-09-09T02:17:21.157518+00:00,"4,5,6,7",16.77300000190735,0.018636666668785943,measurement,CROSS_CONFIG_CORRECTNESS_PENDING,/home/esjung/MLLM-EP-github/poc_flashvep/deepep_revalidation/results/scheduling_overlap_successor_mining_20260908_161510/fastpp_runs/qwen3_screen_20260909_v1/b1_pp_only/measure3_short_high_concurrency.jsonl
qwen3_screen_20260909_v1:b1_greedy:measure0_fastpp_official_azure_conv_192,FASTPP,Official PP/DC/ALP/BR independent-restart request-level comparison,2026-09-09T02:18:18.646184+00:00,2026-09-09T02:19:45.243291+00:00,"4,5,6,7",86.59710693359375,0.09621900770399305,measurement,CROSS_CONFIG_CORRECTNESS_PENDING,/home/esjung/MLLM-EP-github/poc_flashvep/deepep_revalidation/results/scheduling_overlap_successor_mining_20260908_161510/fastpp_runs/qwen3_screen_20260909_v1/b1_greedy/measure0_fastpp_official_azure_conv_192.jsonl
qwen3_screen_20260909_v1:b1_greedy:measure1_heterogeneous_steady,FASTPP,Official PP/DC/ALP/BR independent-restart request-level comparison,2026-09-09T02:19:45.839466+00:00,2026-09-09T02:20:20.040103+00:00,"4,5,6,7",34.200637102127075,0.0380007078912523,measurement,CROSS_CONFIG_CORRECTNESS_PENDING,/home/esjung/MLLM-EP-github/poc_flashvep/deepep_revalidation/results/scheduling_overlap_successor_mining_20260908_161510/fastpp_runs/qwen3_screen_20260909_v1/b1_greedy/measure1_heterogeneous_steady.jsonl
qwen3_screen_20260909_v1:b1_greedy:measure2_heterogeneous_bursty,FASTPP,Official PP/DC/ALP/BR independent-restart request-level comparison,2026-09-09T02:20:20.624573+00:00,2026-09-09T02:20:52.250811+00:00,"4,5,6,7",31.626237869262695,0.035140264299180775,measurement,CROSS_CONFIG_CORRECTNESS_PENDING,/home/esjung/MLLM-EP-github/poc_flashvep/deepep_revalidation/results/scheduling_overlap_successor_mining_20260908_161510/fastpp_runs/qwen3_screen_20260909_v1/b1_greedy/measure2_heterogeneous_bursty.jsonl
qwen3_screen_20260909_v1:b1_greedy:measure3_short_high_concurrency,FASTPP,Official PP/DC/ALP/BR independent-restart request-level comparison,2026-09-09T02:20:52.852562+00:00,2026-09-09T02:21:05.196999+00:00,"4,5,6,7",12.344436168670654,0.013716040187411838,measurement,CROSS_CONFIG_CORRECTNESS_PENDING,/home/esjung/MLLM-EP-github/poc_flashvep/deepep_revalidation/results/scheduling_overlap_successor_mining_20260908_161510/fastpp_runs/qwen3_screen_20260909_v1/b1_greedy/measure3_short_high_concurrency.jsonl
qwen3_screen_20260909_v1:b1_alp:measure0_fastpp_official_azure_conv_192,FASTPP,Official PP/DC/ALP/BR independent-restart request-level comparison,2026-09-09T02:22:21.487158+00:00,2026-09-09T02:24:06.176851+00:00,"4,5,6,7",104.68969297409058,0.11632188108232286,measurement,CROSS_CONFIG_CORRECTNESS_PENDING,/home/esjung/MLLM-EP-github/poc_flashvep/deepep_revalidation/results/scheduling_overlap_successor_mining_20260908_161510/fastpp_runs/qwen3_screen_20260909_v1/b1_alp/measure0_fastpp_official_azure_conv_192.jsonl
qwen3_screen_20260909_v1:b1_alp:measure1_heterogeneous_steady,FASTPP,Official PP/DC/ALP/BR independent-restart request-level comparison,2026-09-09T02:24:06.822685+00:00,2026-09-09T02:24:47.093577+00:00,"4,5,6,7",40.27089214324951,0.04474543571472168,measurement,CROSS_CONFIG_CORRECTNESS_PENDING,/home/esjung/MLLM-EP-github/poc_flashvep/deepep_revalidation/results/scheduling_overlap_successor_mining_20260908_161510/fastpp_runs/qwen3_screen_20260909_v1/b1_alp/measure1_heterogeneous_steady.jsonl
qwen3_screen_20260909_v1:b1_alp:measure2_heterogeneous_bursty,FASTPP,Official PP/DC/ALP/BR independent-restart request-level comparison,2026-09-09T02:24:47.690822+00:00,2026-09-09T02:25:22.528147+00:00,"4,5,6,7",34.83732509613037,0.038708138995700414,measurement,CROSS_CONFIG_CORRECTNESS_PENDING,/home/esjung/MLLM-EP-github/poc_flashvep/deepep_revalidation/results/scheduling_overlap_successor_mining_20260908_161510/fastpp_runs/qwen3_screen_20260909_v1/b1_alp/measure2_heterogeneous_bursty.jsonl
qwen3_screen_20260909_v1:b1_alp:measure3_short_high_concurrency,FASTPP,Official PP/DC/ALP/BR independent-restart request-level comparison,2026-09-09T02:25:23.198275+00:00,2026-09-09T02:25:36.762573+00:00,"4,5,6,7",13.564298629760742,0.01507144292195638,measurement,CROSS_CONFIG_CORRECTNESS_PENDING,/home/esjung/MLLM-EP-github/poc_flashvep/deepep_revalidation/results/scheduling_overlap_successor_mining_20260908_161510/fastpp_runs/qwen3_screen_20260909_v1/b1_alp/measure3_short_high_concurrency.jsonl
qwen3_screen_20260909_v1:b2_alp:measure0_heterogeneous_bursty,FASTPP,Official PP/DC/ALP/BR independent-restart request-level comparison,2026-09-09T02:26:42.917110+00:00,2026-09-09T02:27:17.339727+00:00,"4,5,6,7",34.422616720199585,0.03824735191133287,measurement,CROSS_CONFIG_CORRECTNESS_PENDING,/home/esjung/MLLM-EP-github/poc_flashvep/deepep_revalidation/results/scheduling_overlap_successor_mining_20260908_161510/fastpp_runs/qwen3_screen_20260909_v1/b2_alp/measure0_heterogeneous_bursty.jsonl
qwen3_screen_20260909_v1:b2_alp:measure1_fastpp_official_azure_conv_192,FASTPP,Official PP/DC/ALP/BR independent-restart request-level comparison,2026-09-09T02:27:18.043211+00:00,2026-09-09T02:28:47.759710+00:00,"4,5,6,7",89.71649885177612,0.09968499872419569,measurement,CROSS_CONFIG_CORRECTNESS_PENDING,/home/esjung/MLLM-EP-github/poc_flashvep/deepep_revalidation/results/scheduling_overlap_successor_mining_20260908_161510/fastpp_runs/qwen3_screen_20260909_v1/b2_alp/measure1_fastpp_official_azure_conv_192.jsonl
qwen3_screen_20260909_v1:b2_alp:measure2_short_high_concurrency,FASTPP,Official PP/DC/ALP/BR independent-restart request-level comparison,2026-09-09T02:28:48.253827+00:00,2026-09-09T02:29:02.212557+00:00,"4,5,6,7",13.958730459213257,0.015509700510236951,measurement,CROSS_CONFIG_CORRECTNESS_PENDING,/home/esjung/MLLM-EP-github/poc_flashvep/deepep_revalidation/results/scheduling_overlap_successor_mining_20260908_161510/fastpp_runs/qwen3_screen_20260909_v1/b2_alp/measure2_short_high_concurrency.jsonl
qwen3_screen_20260909_v1:b2_alp:measure3_heterogeneous_steady,FASTPP,Official PP/DC/ALP/BR independent-restart request-level comparison,2026-09-09T02:29:02.824866+00:00,2026-09-09T02:29:38.023641+00:00,"4,5,6,7",35.19877529144287,0.03910975032382541,measurement,CROSS_CONFIG_CORRECTNESS_PENDING,/home/esjung/MLLM-EP-github/poc_flashvep/deepep_revalidation/results/scheduling_overlap_successor_mining_20260908_161510/fastpp_runs/qwen3_screen_20260909_v1/b2_alp/measure3_heterogeneous_steady.jsonl
qwen3_screen_20260909_v1:b2_greedy:measure0_heterogeneous_bursty,FASTPP,Official PP/DC/ALP/BR independent-restart request-level comparison,2026-09-09T02:30:34.310248+00:00,2026-09-09T02:31:11.099660+00:00,"4,5,6,7",36.789411306381226,0.04087712367375692,measurement,CROSS_CONFIG_CORRECTNESS_PENDING,/home/esjung/MLLM-EP-github/poc_flashvep/deepep_revalidation/results/scheduling_overlap_successor_mining_20260908_161510/fastpp_runs/qwen3_screen_20260909_v1/b2_greedy/measure0_heterogeneous_bursty.jsonl
qwen3_screen_20260909_v1:b2_greedy:measure1_fastpp_official_azure_conv_192,FASTPP,Official PP/DC/ALP/BR independent-restart request-level comparison,2026-09-09T02:31:11.675551+00:00,2026-09-09T02:32:39.025091+00:00,"4,5,6,7",87.34954023361206,0.0970550447040134,measurement,CROSS_CONFIG_CORRECTNESS_PENDING,/home/esjung/MLLM-EP-github/poc_flashvep/deepep_revalidation/results/scheduling_overlap_successor_mining_20260908_161510/fastpp_runs/qwen3_screen_20260909_v1/b2_greedy/measure1_fastpp_official_azure_conv_192.jsonl
qwen3_screen_20260909_v1:b2_greedy:measure2_short_high_concurrency,FASTPP,Official PP/DC/ALP/BR independent-restart request-level comparison,2026-09-09T02:32:39.618964+00:00,2026-09-09T02:32:51.996896+00:00,"4,5,6,7",12.377931594848633,0.013753257327609592,measurement,CROSS_CONFIG_CORRECTNESS_PENDING,/home/esjung/MLLM-EP-github/poc_flashvep/deepep_revalidation/results/scheduling_overlap_successor_mining_20260908_161510/fastpp_runs/qwen3_screen_20260909_v1/b2_greedy/measure2_short_high_concurrency.jsonl
qwen3_screen_20260909_v1:b2_greedy:measure3_heterogeneous_steady,FASTPP,Official PP/DC/ALP/BR independent-restart request-level comparison,2026-09-09T02:32:52.623553+00:00,2026-09-09T02:33:27.300575+00:00,"4,5,6,7",34.677021741867065,0.03853002415763007,measurement,CROSS_CONFIG_CORRECTNESS_PENDING,/home/esjung/MLLM-EP-github/poc_flashvep/deepep_revalidation/results/scheduling_overlap_successor_mining_20260908_161510/fastpp_runs/qwen3_screen_20260909_v1/b2_greedy/measure3_heterogeneous_steady.jsonl
numerical_resume_20260909_b16:b0_graph.run_meta:1,NANOFLOW,Native graph/split output correctness,2026-09-09T02:00:19.141397+00:00,2026-09-09T02:00:19.237064+00:00,"4,5,6,7",0.09566760063171387,0.00010629733403523762,correctness_diagnostic,NUMERICAL_DIAGNOSTIC_NOT_PERFORMANCE,poc_flashvep/deepep_revalidation/results/scheduling_overlap_successor_mining_20260908_161510/nanoflow_runs/numerical_resume_20260909_b16/b0_graph.run_meta.json
numerical_resume_20260909_b16:b0_graph.run_meta:2,NANOFLOW,Native graph/split output correctness,2026-09-09T02:00:19.237177+00:00,2026-09-09T02:00:19.345327+00:00,"4,5,6,7",0.10815048217773438,0.00012016720241970486,correctness_diagnostic,NUMERICAL_DIAGNOSTIC_NOT_PERFORMANCE,poc_flashvep/deepep_revalidation/results/scheduling_overlap_successor_mining_20260908_161510/nanoflow_runs/numerical_resume_20260909_b16/b0_graph.run_meta.json
numerical_resume_20260909_b16:b0_graph.run_meta:3,NANOFLOW,Native graph/split output correctness,2026-09-09T02:00:19.345456+00:00,2026-09-09T02:00:19.859097+00:00,"4,5,6,7",0.5136408805847168,0.0005707120895385742,correctness_diagnostic,NUMERICAL_DIAGNOSTIC_NOT_PERFORMANCE,poc_flashvep/deepep_revalidation/results/scheduling_overlap_successor_mining_20260908_161510/nanoflow_runs/numerical_resume_20260909_b16/b0_graph.run_meta.json
numerical_resume_20260909_b16:b0_graph.run_meta:4,NANOFLOW,Native graph/split output correctness,2026-09-09T02:00:19.859269+00:00,2026-09-09T02:00:19.878329+00:00,"4,5,6,7",0.019059419631958008,2.1177132924397787e-05,correctness_diagnostic,NUMERICAL_DIAGNOSTIC_NOT_PERFORMANCE,poc_flashvep/deepep_revalidation/results/scheduling_overlap_successor_mining_20260908_161510/nanoflow_runs/numerical_resume_20260909_b16/b0_graph.run_meta.json
numerical_resume_20260909_b16:b0_graph.run_meta:5,NANOFLOW,Native graph/split output correctness,2026-09-09T02:00:19.878532+00:00,2026-09-09T02:00:19.896960+00:00,"4,5,6,7",0.01842808723449707,2.0475652482774522e-05,correctness_diagnostic,NUMERICAL_DIAGNOSTIC_NOT_PERFORMANCE,poc_flashvep/deepep_revalidation/results/scheduling_overlap_successor_mining_20260908_161510/nanoflow_runs/numerical_resume_20260909_b16/b0_graph.run_meta.json
numerical_resume_20260909_b16:b0_graph.run_meta:6,NANOFLOW,Native graph/split output correctness,2026-09-09T02:00:19.897152+00:00,2026-09-09T02:00:19.915697+00:00,"4,5,6,7",0.018544673919677734,2.0605193244086372e-05,correctness_diagnostic,NUMERICAL_DIAGNOSTIC_NOT_PERFORMANCE,poc_flashvep/deepep_revalidation/results/scheduling_overlap_successor_mining_20260908_161510/nanoflow_runs/numerical_resume_20260909_b16/b0_graph.run_meta.json
numerical_resume_20260909_b16:b0_graph.run_meta:7,NANOFLOW,Native graph/split output correctness,2026-09-09T02:00:19.915891+00:00,2026-09-09T02:00:19.934670+00:00,"4,5,6,7",0.01877903938293457,2.0865599314371745e-05,correctness_diagnostic,NUMERICAL_DIAGNOSTIC_NOT_PERFORMANCE,poc_flashvep/deepep_revalidation/results/scheduling_overlap_successor_mining_20260908_161510/nanoflow_runs/numerical_resume_20260909_b16/b0_graph.run_meta.json
numerical_resume_20260909_b16:b0_graph.run_meta:8,NANOFLOW,Native graph/split output correctness,2026-09-09T02:00:19.934851+00:00,2026-09-09T02:00:19.954469+00:00,"4,5,6,7",0.01961827278137207,2.179808086819119e-05,correctness_diagnostic,NUMERICAL_DIAGNOSTIC_NOT_PERFORMANCE,poc_flashvep/deepep_revalidation/results/scheduling_overlap_successor_mining_20260908_161510/nanoflow_runs/numerical_resume_20260909_b16/b0_graph.run_meta.json
numerical_resume_20260909_b16:b0_graph.run_meta:9,NANOFLOW,Native graph/split output correctness,2026-09-09T02:00:19.954654+00:00,2026-09-09T02:00:19.973465+00:00,"4,5,6,7",0.018811702728271484,2.090189192030165e-05,correctness_diagnostic,NUMERICAL_DIAGNOSTIC_NOT_PERFORMANCE,poc_flashvep/deepep_revalidation/results/scheduling_overlap_successor_mining_20260908_161510/nanoflow_runs/numerical_resume_20260909_b16/b0_graph.run_meta.json
numerical_resume_20260909_b16:b0_graph.run_meta:10,NANOFLOW,Native graph/split output correctness,2026-09-09T02:00:19.973644+00:00,2026-09-09T02:00:19.992403+00:00,"4,5,6,7",0.018758535385131836,2.084281709459093e-05,correctness_diagnostic,NUMERICAL_DIAGNOSTIC_NOT_PERFORMANCE,poc_flashvep/deepep_revalidation/results/scheduling_overlap_successor_mining_20260908_161510/nanoflow_runs/numerical_resume_20260909_b16/b0_graph.run_meta.json
numerical_resume_20260909_b16:b0_graph.run_meta:11,NANOFLOW,Native graph/split output correctness,2026-09-09T02:00:19.992599+00:00,2026-09-09T02:00:20.011615+00:00,"4,5,6,7",0.019015789031982422,2.112865447998047e-05,correctness_diagnostic,NUMERICAL_DIAGNOSTIC_NOT_PERFORMANCE,poc_flashvep/deepep_revalidation/results/scheduling_overlap_successor_mining_20260908_161510/nanoflow_runs/numerical_resume_20260909_b16/b0_graph.run_meta.json
numerical_resume_20260909_b16:b0_graph.run_meta:12,NANOFLOW,Native graph/split output correctness,2026-09-09T02:00:20.011794+00:00,2026-09-09T02:00:20.031046+00:00,"4,5,6,7",0.01925182342529297,2.1390914916992187e-05,correctness_diagnostic,NUMERICAL_DIAGNOSTIC_NOT_PERFORMANCE,poc_flashvep/deepep_revalidation/results/scheduling_overlap_successor_mining_20260908_161510/nanoflow_runs/numerical_resume_20260909_b16/b0_graph.run_meta.json
numerical_resume_20260909_b16:b0_graph.run_meta:13,NANOFLOW,Native graph/split output correctness,2026-09-09T02:00:20.031245+00:00,2026-09-09T02:00:20.050568+00:00,"4,5,6,7",0.01932239532470703,2.1469328138563366e-05,correctness_diagnostic,NUMERICAL_DIAGNOSTIC_NOT_PERFORMANCE,poc_flashvep/deepep_revalidation/results/scheduling_overlap_successor_mining_20260908_161510/nanoflow_runs/numerical_resume_20260909_b16/b0_graph.run_meta.json
numerical_resume_20260909_b16:b0_graph.run_meta:14,NANOFLOW,Native graph/split output correctness,2026-09-09T02:00:20.050745+00:00,2026-09-09T02:00:20.070128+00:00,"4,5,6,7",0.019382476806640625,2.1536085340711804e-05,correctness_diagnostic,NUMERICAL_DIAGNOSTIC_NOT_PERFORMANCE,poc_flashvep/deepep_revalidation/results/scheduling_overlap_successor_mining_20260908_161510/nanoflow_runs/numerical_resume_20260909_b16/b0_graph.run_meta.json
numerical_resume_20260909_b16:b0_graph.run_meta:15,NANOFLOW,Native graph/split output correctness,2026-09-09T02:00:20.070323+00:00,2026-09-09T02:00:20.089954+00:00,"4,5,6,7",0.01963067054748535,2.181185616387261e-05,correctness_diagnostic,NUMERICAL_DIAGNOSTIC_NOT_PERFORMANCE,poc_flashvep/deepep_revalidation/results/scheduling_overlap_successor_mining_20260908_161510/nanoflow_runs/numerical_resume_20260909_b16/b0_graph.run_meta.json
numerical_resume_20260909_b16:b0_graph.run_meta:16,NANOFLOW,Native graph/split output correctness,2026-09-09T02:00:20.090129+00:00,2026-09-09T02:00:20.109733+00:00,"4,5,6,7",0.019604206085205078,2.1782451205783422e-05,correctness_diagnostic,NUMERICAL_DIAGNOSTIC_NOT_PERFORMANCE,poc_flashvep/deepep_revalidation/results/scheduling_overlap_successor_mining_20260908_161510/nanoflow_runs/numerical_resume_20260909_b16/b0_graph.run_meta.json
numerical_resume_20260909_b16:b0_graph.run_meta:17,NANOFLOW,Native graph/split output correctness,2026-09-09T02:00:20.109905+00:00,2026-09-09T02:00:20.129580+00:00,"4,5,6,7",0.019674301147460938,2.186033460828993e-05,correctness_diagnostic,NUMERICAL_DIAGNOSTIC_NOT_PERFORMANCE,poc_flashvep/deepep_revalidation/results/scheduling_overlap_successor_mining_20260908_161510/nanoflow_runs/numerical_resume_20260909_b16/b0_graph.run_meta.json
numerical_resume_20260909_b16:b0_graph.run_meta:18,NANOFLOW,Native graph/split output correctness,2026-09-09T02:00:20.129759+00:00,2026-09-09T02:00:20.149100+00:00,"4,5,6,7",0.01934075355529785,2.1489726172553167e-05,correctness_diagnostic,NUMERICAL_DIAGNOSTIC_NOT_PERFORMANCE,poc_flashvep/deepep_revalidation/results/scheduling_overlap_successor_mining_20260908_161510/nanoflow_runs/numerical_resume_20260909_b16/b0_graph.run_meta.json
numerical_resume_20260909_b16:b0_graph.run_meta:19,NANOFLOW,Native graph/split output correctness,2026-09-09T02:00:20.149314+00:00,2026-09-09T02:00:20.169249+00:00,"4,5,6,7",0.019934654235839844,2.2149615817599826e-05,correctness_diagnostic,NUMERICAL_DIAGNOSTIC_NOT_PERFORMANCE,poc_flashvep/deepep_revalidation/results/scheduling_overlap_successor_mining_20260908_161510/nanoflow_runs/numerical_resume_20260909_b16/b0_graph.run_meta.json
numerical_resume_20260909_b16:b0_graph.run_meta:20,NANOFLOW,Native graph/split output correctness,2026-09-09T02:00:20.169461+00:00,2026-09-09T02:00:20.189450+00:00,"4,5,6,7",0.0199892520904541,2.2210280100504557e-05,correctness_diagnostic,NUMERICAL_DIAGNOSTIC_NOT_PERFORMANCE,poc_flashvep/deepep_revalidation/results/scheduling_overlap_successor_mining_20260908_161510/nanoflow_runs/numerical_resume_20260909_b16/b0_graph.run_meta.json
numerical_resume_20260909_b16:b0_graph.run_meta:21,NANOFLOW,Native graph/split output correctness,2026-09-09T02:00:20.189638+00:00,2026-09-09T02:00:20.209895+00:00,"4,5,6,7",0.020256996154785156,2.2507773505316842e-05,correctness_diagnostic,NUMERICAL_DIAGNOSTIC_NOT_PERFORMANCE,poc_flashvep/deepep_revalidation/results/scheduling_overlap_successor_mining_20260908_161510/nanoflow_runs/numerical_resume_20260909_b16/b0_graph.run_meta.json
numerical_resume_20260909_b16:b0_graph.run_meta:22,NANOFLOW,Native graph/split output correctness,2026-09-09T02:00:20.210082+00:00,2026-09-09T02:00:20.230303+00:00,"4,5,6,7",0.020221710205078125,2.246856689453125e-05,correctness_diagnostic,NUMERICAL_DIAGNOSTIC_NOT_PERFORMANCE,poc_flashvep/deepep_revalidation/results/scheduling_overlap_successor_mining_20260908_161510/nanoflow_runs/numerical_resume_20260909_b16/b0_graph.run_meta.json
numerical_resume_20260909_b16:b0_graph.run_meta:23,NANOFLOW,Native graph/split output correctness,2026-09-09T02:00:20.230484+00:00,2026-09-09T02:00:20.250490+00:00,"4,5,6,7",0.020006418228149414,2.2229353586832682e-05,correctness_diagnostic,NUMERICAL_DIAGNOSTIC_NOT_PERFORMANCE,poc_flashvep/deepep_revalidation/results/scheduling_overlap_successor_mining_20260908_161510/nanoflow_runs/numerical_resume_20260909_b16/b0_graph.run_meta.json
numerical_resume_20260909_b16:b0_graph.run_meta:24,NANOFLOW,Native graph/split output correctness,2026-09-09T02:00:20.250667+00:00,2026-09-09T02:00:20.270910+00:00,"4,5,6,7",0.02024245262145996,2.2491614023844403e-05,correctness_diagnostic,NUMERICAL_DIAGNOSTIC_NOT_PERFORMANCE,poc_flashvep/deepep_revalidation/results/scheduling_overlap_successor_mining_20260908_161510/nanoflow_runs/numerical_resume_20260909_b16/b0_graph.run_meta.json
numerical_resume_20260909_b16:b0_graph.run_meta:25,NANOFLOW,Native graph/split output correctness,2026-09-09T02:00:20.271089+00:00,2026-09-09T02:00:20.291327+00:00,"4,5,6,7",0.020238161087036133,2.248684565226237e-05,correctness_diagnostic,NUMERICAL_DIAGNOSTIC_NOT_PERFORMANCE,poc_flashvep/deepep_revalidation/results/scheduling_overlap_successor_mining_20260908_161510/nanoflow_runs/numerical_resume_20260909_b16/b0_graph.run_meta.json
numerical_resume_20260909_b16:b0_graph.run_meta:26,NANOFLOW,Native graph/split output correctness,2026-09-09T02:00:20.291503+00:00,2026-09-09T02:00:20.311786+00:00,"4,5,6,7",0.020283222198486328,2.25369135538737e-05,correctness_diagnostic,NUMERICAL_DIAGNOSTIC_NOT_PERFORMANCE,poc_flashvep/deepep_revalidation/results/scheduling_overlap_successor_mining_20260908_161510/nanoflow_runs/numerical_resume_20260909_b16/b0_graph.run_meta.json
numerical_resume_20260909_b16:b0_graph.run_meta:27,NANOFLOW,Native graph/split output correctness,2026-09-09T02:00:20.312006+00:00,2026-09-09T02:00:20.331880+00:00,"4,5,6,7",0.019873857498168945,2.2082063886854384e-05,correctness_diagnostic,NUMERICAL_DIAGNOSTIC_NOT_PERFORMANCE,poc_flashvep/deepep_revalidation/results/scheduling_overlap_successor_mining_20260908_161510/nanoflow_runs/numerical_resume_20260909_b16/b0_graph.run_meta.json
numerical_resume_20260909_b16:b0_graph.run_meta:28,NANOFLOW,Native graph/split output correctness,2026-09-09T02:00:20.332068+00:00,2026-09-09T02:00:20.352300+00:00,"4,5,6,7",0.020231246948242188,2.2479163275824653e-05,correctness_diagnostic,NUMERICAL_DIAGNOSTIC_NOT_PERFORMANCE,poc_flashvep/deepep_revalidation/results/scheduling_overlap_successor_mining_20260908_161510/nanoflow_runs/numerical_resume_20260909_b16/b0_graph.run_meta.json
numerical_resume_20260909_b16:b0_graph.run_meta:29,NANOFLOW,Native graph/split output correctness,2026-09-09T02:00:20.352475+00:00,2026-09-09T02:00:20.373171+00:00,"4,5,6,7",0.020696401596069336,2.2996001773410372e-05,correctness_diagnostic,NUMERICAL_DIAGNOSTIC_NOT_PERFORMANCE,poc_flashvep/deepep_revalidation/results/scheduling_overlap_successor_mining_20260908_161510/nanoflow_runs/numerical_resume_20260909_b16/b0_graph.run_meta.json
numerical_resume_20260909_b16:b0_graph.run_meta:30,NANOFLOW,Native graph/split output correctness,2026-09-09T02:00:20.373373+00:00,2026-09-09T02:00:20.393370+00:00,"4,5,6,7",0.01999688148498535,2.221875720553928e-05,correctness_diagnostic,NUMERICAL_DIAGNOSTIC_NOT_PERFORMANCE,poc_flashvep/deepep_revalidation/results/scheduling_overlap_successor_mining_20260908_161510/nanoflow_runs/numerical_resume_20260909_b16/b0_graph.run_meta.json
numerical_resume_20260909_b16:b0_graph.run_meta:31,NANOFLOW,Native graph/split output correctness,2026-09-09T02:00:20.393574+00:00,2026-09-09T02:00:20.413858+00:00,"4,5,6,7",0.020284175872802734,2.253797319200304e-05,correctness_diagnostic,NUMERICAL_DIAGNOSTIC_NOT_PERFORMANCE,poc_flashvep/deepep_revalidation/results/scheduling_overlap_successor_mining_20260908_161510/nanoflow_runs/numerical_resume_20260909_b16/b0_graph.run_meta.json
numerical_resume_20260909_b16:b0_graph.run_meta:32,NANOFLOW,Native graph/split output correctness,2026-09-09T02:00:20.414037+00:00,2026-09-09T02:00:20.430839+00:00,"4,5,6,7",0.01680135726928711,1.8668174743652343e-05,correctness_diagnostic,NUMERICAL_DIAGNOSTIC_NOT_PERFORMANCE,poc_flashvep/deepep_revalidation/results/scheduling_overlap_successor_mining_20260908_161510/nanoflow_runs/numerical_resume_20260909_b16/b0_graph.run_meta.json
numerical_resume_20260909_b16:b0_graph.run_meta:33,NANOFLOW,Native graph/split output correctness,2026-09-09T02:00:20.431027+00:00,2026-09-09T02:00:20.467449+00:00,"4,5,6,7",0.036422014236450195,4.046890470716688e-05,correctness_diagnostic,NUMERICAL_DIAGNOSTIC_NOT_PERFORMANCE,poc_flashvep/deepep_revalidation/results/scheduling_overlap_successor_mining_20260908_161510/nanoflow_runs/numerical_resume_20260909_b16/b0_graph.run_meta.json
numerical_resume_20260909_b16:b1_plan2_graph.run_meta:1,NANOFLOW,Native graph/split output correctness,2026-09-09T01:59:51.751639+00:00,2026-09-09T01:59:51.849272+00:00,"4,5,6,7",0.09763264656066895,0.00010848071840074328,correctness_diagnostic,NUMERICAL_DIAGNOSTIC_NOT_PERFORMANCE,poc_flashvep/deepep_revalidation/results/scheduling_overlap_successor_mining_20260908_161510/nanoflow_runs/numerical_resume_20260909_b16/b1_plan2_graph.run_meta.json
numerical_resume_20260909_b16:b1_plan2_graph.run_meta:2,NANOFLOW,Native graph/split output correctness,2026-09-09T01:59:51.849522+00:00,2026-09-09T01:59:51.960727+00:00,"4,5,6,7",0.11120462417602539,0.0001235606935289171,correctness_diagnostic,NUMERICAL_DIAGNOSTIC_NOT_PERFORMANCE,poc_flashvep/deepep_revalidation/results/scheduling_overlap_successor_mining_20260908_161510/nanoflow_runs/numerical_resume_20260909_b16/b1_plan2_graph.run_meta.json
numerical_resume_20260909_b16:b1_plan2_graph.run_meta:3,NANOFLOW,Native graph/split output correctness,2026-09-09T01:59:51.960937+00:00,2026-09-09T01:59:53.939475+00:00,"4,5,6,7",1.9785385131835938,0.0021983761257595488,correctness_diagnostic,NUMERICAL_DIAGNOSTIC_NOT_PERFORMANCE,poc_flashvep/deepep_revalidation/results/scheduling_overlap_successor_mining_20260908_161510/nanoflow_runs/numerical_resume_20260909_b16/b1_plan2_graph.run_meta.json
numerical_resume_20260909_b16:b1_plan2_graph.run_meta:4,NANOFLOW,Native graph/split output correctness,2026-09-09T01:59:53.940132+00:00,2026-09-09T01:59:53.959217+00:00,"4,5,6,7",0.019085168838500977,2.1205743153889973e-05,correctness_diagnostic,NUMERICAL_DIAGNOSTIC_NOT_PERFORMANCE,poc_flashvep/deepep_revalidation/results/scheduling_overlap_successor_mining_20260908_161510/nanoflow_runs/numerical_resume_20260909_b16/b1_plan2_graph.run_meta.json
numerical_resume_20260909_b16:b1_plan2_graph.run_meta:5,NANOFLOW,Native graph/split output correctness,2026-09-09T01:59:53.959422+00:00,2026-09-09T01:59:53.980821+00:00,"4,5,6,7",0.02139902114868164,2.3776690165201825e-05,correctness_diagnostic,NUMERICAL_DIAGNOSTIC_NOT_PERFORMANCE,poc_flashvep/deepep_revalidation/results/scheduling_overlap_successor_mining_20260908_161510/nanoflow_runs/numerical_resume_20260909_b16/b1_plan2_graph.run_meta.json
numerical_resume_20260909_b16:b1_plan2_graph.run_meta:6,NANOFLOW,Native graph/split output correctness,2026-09-09T01:59:53.980983+00:00,2026-09-09T01:59:54.002644+00:00,"4,5,6,7",0.021660327911376953,2.406703101264106e-05,correctness_diagnostic,NUMERICAL_DIAGNOSTIC_NOT_PERFORMANCE,poc_flashvep/deepep_revalidation/results/scheduling_overlap_successor_mining_20260908_161510/nanoflow_runs/numerical_resume_20260909_b16/b1_plan2_graph.run_meta.json
numerical_resume_20260909_b16:b1_plan2_graph.run_meta:7,NANOFLOW,Native graph/split output correctness,2026-09-09T01:59:54.002804+00:00,2026-09-09T01:59:54.020607+00:00,"4,5,6,7",0.017803430557250977,1.978158950805664e-05,correctness_diagnostic,NUMERICAL_DIAGNOSTIC_NOT_PERFORMANCE,poc_flashvep/deepep_revalidation/results/scheduling_overlap_successor_mining_20260908_161510/nanoflow_runs/numerical_resume_20260909_b16/b1_plan2_graph.run_meta.json
numerical_resume_20260909_b16:b1_plan2_graph.run_meta:8,NANOFLOW,Native graph/split output correctness,2026-09-09T01:59:54.020768+00:00,2026-09-09T01:59:54.039259+00:00,"4,5,6,7",0.018491268157958984,2.0545853508843317e-05,correctness_diagnostic,NUMERICAL_DIAGNOSTIC_NOT_PERFORMANCE,poc_flashvep/deepep_revalidation/results/scheduling_overlap_successor_mining_20260908_161510/nanoflow_runs/numerical_resume_20260909_b16/b1_plan2_graph.run_meta.json
numerical_resume_20260909_b16:b1_plan2_graph.run_meta:9,NANOFLOW,Native graph/split output correctness,2026-09-09T01:59:54.039426+00:00,2026-09-09T01:59:54.057405+00:00,"4,5,6,7",0.017978429794311523,1.9976033104790583e-05,correctness_diagnostic,NUMERICAL_DIAGNOSTIC_NOT_PERFORMANCE,poc_flashvep/deepep_revalidation/results/scheduling_overlap_successor_mining_20260908_161510/nanoflow_runs/numerical_resume_20260909_b16/b1_plan2_graph.run_meta.json
numerical_resume_20260909_b16:b1_plan2_graph.run_meta:10,NANOFLOW,Native graph/split output correctness,2026-09-09T01:59:54.057606+00:00,2026-09-09T01:59:54.075538+00:00,"4,5,6,7",0.017931461334228516,1.9923845926920572e-05,correctness_diagnostic,NUMERICAL_DIAGNOSTIC_NOT_PERFORMANCE,poc_flashvep/deepep_revalidation/results/scheduling_overlap_successor_mining_20260908_161510/nanoflow_runs/numerical_resume_20260909_b16/b1_plan2_graph.run_meta.json
numerical_resume_20260909_b16:b1_plan2_graph.run_meta:11,NANOFLOW,Native graph/split output correctness,2026-09-09T01:59:54.075702+00:00,2026-09-09T01:59:54.093784+00:00,"4,5,6,7",0.018082141876220703,2.009126875135634e-05,correctness_diagnostic,NUMERICAL_DIAGNOSTIC_NOT_PERFORMANCE,poc_flashvep/deepep_revalidation/results/scheduling_overlap_successor_mining_20260908_161510/nanoflow_runs/numerical_resume_20260909_b16/b1_plan2_graph.run_meta.json
numerical_resume_20260909_b16:b1_plan2_graph.run_meta:12,NANOFLOW,Native graph/split output correctness,2026-09-09T01:59:54.093940+00:00,2026-09-09T01:59:54.111742+00:00,"4,5,6,7",0.017802000045776367,1.978000005086263e-05,correctness_diagnostic,NUMERICAL_DIAGNOSTIC_NOT_PERFORMANCE,poc_flashvep/deepep_revalidation/results/scheduling_overlap_successor_mining_20260908_161510/nanoflow_runs/numerical_resume_20260909_b16/b1_plan2_graph.run_meta.json
numerical_resume_20260909_b16:b1_plan2_graph.run_meta:13,NANOFLOW,Native graph/split output correctness,2026-09-09T01:59:54.111902+00:00,2026-09-09T01:59:54.129898+00:00,"4,5,6,7",0.017995834350585938,1.999537150065104e-05,correctness_diagnostic,NUMERICAL_DIAGNOSTIC_NOT_PERFORMANCE,poc_flashvep/deepep_revalidation/results/scheduling_overlap_successor_mining_20260908_161510/nanoflow_runs/numerical_resume_20260909_b16/b1_plan2_graph.run_meta.json
numerical_resume_20260909_b16:b1_plan2_graph.run_meta:14,NANOFLOW,Native graph/split output correctness,2026-09-09T01:59:54.130050+00:00,2026-09-09T01:59:54.147812+00:00,"4,5,6,7",0.017762184143066406,1.9735760158962672e-05,correctness_diagnostic,NUMERICAL_DIAGNOSTIC_NOT_PERFORMANCE,poc_flashvep/deepep_revalidation/results/scheduling_overlap_successor_mining_20260908_161510/nanoflow_runs/numerical_resume_20260909_b16/b1_plan2_graph.run_meta.json
numerical_resume_20260909_b16:b1_plan2_graph.run_meta:15,NANOFLOW,Native graph/split output correctness,2026-09-09T01:59:54.147967+00:00,2026-09-09T01:59:54.166234+00:00,"4,5,6,7",0.018267154693603516,2.029683854844835e-05,correctness_diagnostic,NUMERICAL_DIAGNOSTIC_NOT_PERFORMANCE,poc_flashvep/deepep_revalidation/results/scheduling_overlap_successor_mining_20260908_161510/nanoflow_runs/numerical_resume_20260909_b16/b1_plan2_graph.run_meta.json
numerical_resume_20260909_b16:b1_plan2_graph.run_meta:16,NANOFLOW,Native graph/split output correctness,2026-09-09T01:59:54.166401+00:00,2026-09-09T01:59:54.184306+00:00,"4,5,6,7",0.01790475845336914,1.9894176059299046e-05,correctness_diagnostic,NUMERICAL_DIAGNOSTIC_NOT_PERFORMANCE,poc_flashvep/deepep_revalidation/results/scheduling_overlap_successor_mining_20260908_161510/nanoflow_runs/numerical_resume_20260909_b16/b1_plan2_graph.run_meta.json
numerical_resume_20260909_b16:b1_plan2_graph.run_meta:17,NANOFLOW,Native graph/split output correctness,2026-09-09T01:59:54.184477+00:00,2026-09-09T01:59:54.202319+00:00,"4,5,6,7",0.01784229278564453,1.9824769761827256e-05,correctness_diagnostic,NUMERICAL_DIAGNOSTIC_NOT_PERFORMANCE,poc_flashvep/deepep_revalidation/results/scheduling_overlap_successor_mining_20260908_161510/nanoflow_runs/numerical_resume_20260909_b16/b1_plan2_graph.run_meta.json
numerical_resume_20260909_b16:b1_plan2_graph.run_meta:18,NANOFLOW,Native graph/split output correctness,2026-09-09T01:59:54.202489+00:00,2026-09-09T01:59:54.220388+00:00,"4,5,6,7",0.017899036407470703,1.9887818230523004e-05,correctness_diagnostic,NUMERICAL_DIAGNOSTIC_NOT_PERFORMANCE,poc_flashvep/deepep_revalidation/results/scheduling_overlap_successor_mining_20260908_161510/nanoflow_runs/numerical_resume_20260909_b16/b1_plan2_graph.run_meta.json
numerical_resume_20260909_b16:b1_plan2_graph.run_meta:19,NANOFLOW,Native graph/split output correctness,2026-09-09T01:59:54.220560+00:00,2026-09-09T01:59:54.238087+00:00,"4,5,6,7",0.017526626586914062,1.9474029541015627e-05,correctness_diagnostic,NUMERICAL_DIAGNOSTIC_NOT_PERFORMANCE,poc_flashvep/deepep_revalidation/results/scheduling_overlap_successor_mining_20260908_161510/nanoflow_runs/numerical_resume_20260909_b16/b1_plan2_graph.run_meta.json
numerical_resume_20260909_b16:b1_plan2_graph.run_meta:20,NANOFLOW,Native graph/split output correctness,2026-09-09T01:59:54.238240+00:00,2026-09-09T01:59:54.256067+00:00,"4,5,6,7",0.017826318740844727,1.9807020823160808e-05,correctness_diagnostic,NUMERICAL_DIAGNOSTIC_NOT_PERFORMANCE,poc_flashvep/deepep_revalidation/results/scheduling_overlap_successor_mining_20260908_161510/nanoflow_runs/numerical_resume_20260909_b16/b1_plan2_graph.run_meta.json
numerical_resume_20260909_b16:b1_plan2_graph.run_meta:21,NANOFLOW,Native graph/split output correctness,2026-09-09T01:59:54.256223+00:00,2026-09-09T01:59:54.274313+00:00,"4,5,6,7",0.018089771270751953,2.009974585639106e-05,correctness_diagnostic,NUMERICAL_DIAGNOSTIC_NOT_PERFORMANCE,poc_flashvep/deepep_revalidation/results/scheduling_overlap_successor_mining_20260908_161510/nanoflow_runs/numerical_resume_20260909_b16/b1_plan2_graph.run_meta.json
numerical_resume_20260909_b16:b1_plan2_graph.run_meta:22,NANOFLOW,Native graph/split output correctness,2026-09-09T01:59:54.274491+00:00,2026-09-09T01:59:54.292793+00:00,"4,5,6,7",0.018301963806152344,2.033551534016927e-05,correctness_diagnostic,NUMERICAL_DIAGNOSTIC_NOT_PERFORMANCE,poc_flashvep/deepep_revalidation/results/scheduling_overlap_successor_mining_20260908_161510/nanoflow_runs/numerical_resume_20260909_b16/b1_plan2_graph.run_meta.json
numerical_resume_20260909_b16:b1_plan2_graph.run_meta:23,NANOFLOW,Native graph/split output correctness,2026-09-09T01:59:54.292945+00:00,2026-09-09T01:59:54.310817+00:00,"4,5,6,7",0.017872095108032227,1.9857883453369142e-05,correctness_diagnostic,NUMERICAL_DIAGNOSTIC_NOT_PERFORMANCE,poc_flashvep/deepep_revalidation/results/scheduling_overlap_successor_mining_20260908_161510/nanoflow_runs/numerical_resume_20260909_b16/b1_plan2_graph.run_meta.json
numerical_resume_20260909_b16:b1_plan2_graph.run_meta:24,NANOFLOW,Native graph/split output correctness,2026-09-09T01:59:54.310973+00:00,2026-09-09T01:59:54.328568+00:00,"4,5,6,7",0.017594575881958008,1.954952875773112e-05,correctness_diagnostic,NUMERICAL_DIAGNOSTIC_NOT_PERFORMANCE,poc_flashvep/deepep_revalidation/results/scheduling_overlap_successor_mining_20260908_161510/nanoflow_runs/numerical_resume_20260909_b16/b1_plan2_graph.run_meta.json
numerical_resume_20260909_b16:b1_plan2_graph.run_meta:25,NANOFLOW,Native graph/split output correctness,2026-09-09T01:59:54.328730+00:00,2026-09-09T01:59:54.346500+00:00,"4,5,6,7",0.017769575119018555,1.974397235446506e-05,correctness_diagnostic,NUMERICAL_DIAGNOSTIC_NOT_PERFORMANCE,poc_flashvep/deepep_revalidation/results/scheduling_overlap_successor_mining_20260908_161510/nanoflow_runs/numerical_resume_20260909_b16/b1_plan2_graph.run_meta.json
numerical_resume_20260909_b16:b1_plan2_graph.run_meta:26,NANOFLOW,Native graph/split output correctness,2026-09-09T01:59:54.346655+00:00,2026-09-09T01:59:54.364737+00:00,"4,5,6,7",0.018081188201904297,2.0090209113226998e-05,correctness_diagnostic,NUMERICAL_DIAGNOSTIC_NOT_PERFORMANCE,poc_flashvep/deepep_revalidation/results/scheduling_overlap_successor_mining_20260908_161510/nanoflow_runs/numerical_resume_20260909_b16/b1_plan2_graph.run_meta.json
numerical_resume_20260909_b16:b1_plan2_graph.run_meta:27,NANOFLOW,Native graph/split output correctness,2026-09-09T01:59:54.364903+00:00,2026-09-09T01:59:54.382540+00:00,"4,5,6,7",0.017636775970458984,1.9596417744954426e-05,correctness_diagnostic,NUMERICAL_DIAGNOSTIC_NOT_PERFORMANCE,poc_flashvep/deepep_revalidation/results/scheduling_overlap_successor_mining_20260908_161510/nanoflow_runs/numerical_resume_20260909_b16/b1_plan2_graph.run_meta.json
numerical_resume_20260909_b16:b1_plan2_graph.run_meta:28,NANOFLOW,Native graph/split output correctness,2026-09-09T01:59:54.382697+00:00,2026-09-09T01:59:54.400369+00:00,"4,5,6,7",0.01767253875732422,1.9636154174804687e-05,correctness_diagnostic,NUMERICAL_DIAGNOSTIC_NOT_PERFORMANCE,poc_flashvep/deepep_revalidation/results/scheduling_overlap_successor_mining_20260908_161510/nanoflow_runs/numerical_resume_20260909_b16/b1_plan2_graph.run_meta.json
numerical_resume_20260909_b16:b1_plan2_graph.run_meta:29,NANOFLOW,Native graph/split output correctness,2026-09-09T01:59:54.400524+00:00,2026-09-09T01:59:54.418716+00:00,"4,5,6,7",0.018192052841186523,2.0213392045762805e-05,correctness_diagnostic,NUMERICAL_DIAGNOSTIC_NOT_PERFORMANCE,poc_flashvep/deepep_revalidation/results/scheduling_overlap_successor_mining_20260908_161510/nanoflow_runs/numerical_resume_20260909_b16/b1_plan2_graph.run_meta.json
numerical_resume_20260909_b16:b1_plan2_graph.run_meta:30,NANOFLOW,Native graph/split output correctness,2026-09-09T01:59:54.418865+00:00,2026-09-09T01:59:54.436196+00:00,"4,5,6,7",0.017331600189208984,1.9257333543565538e-05,correctness_diagnostic,NUMERICAL_DIAGNOSTIC_NOT_PERFORMANCE,poc_flashvep/deepep_revalidation/results/scheduling_overlap_successor_mining_20260908_161510/nanoflow_runs/numerical_resume_20260909_b16/b1_plan2_graph.run_meta.json
numerical_resume_20260909_b16:b1_plan2_graph.run_meta:31,NANOFLOW,Native graph/split output correctness,2026-09-09T01:59:54.436367+00:00,2026-09-09T01:59:54.463707+00:00,"4,5,6,7",0.027340412139892578,3.0378235710991754e-05,correctness_diagnostic,NUMERICAL_DIAGNOSTIC_NOT_PERFORMANCE,poc_flashvep/deepep_revalidation/results/scheduling_overlap_successor_mining_20260908_161510/nanoflow_runs/numerical_resume_20260909_b16/b1_plan2_graph.run_meta.json
numerical_resume_20260909_b16:b1_plan2_graph.run_meta:32,NANOFLOW,Native graph/split output correctness,2026-09-09T01:59:54.463870+00:00,2026-09-09T01:59:54.480953+00:00,"4,5,6,7",0.017082691192626953,1.8980767991807726e-05,correctness_diagnostic,NUMERICAL_DIAGNOSTIC_NOT_PERFORMANCE,poc_flashvep/deepep_revalidation/results/scheduling_overlap_successor_mining_20260908_161510/nanoflow_runs/numerical_resume_20260909_b16/b1_plan2_graph.run_meta.json
numerical_resume_20260909_b16:b1_plan2_graph.run_meta:33,NANOFLOW,Native graph/split output correctness,2026-09-09T01:59:54.481106+00:00,2026-09-09T01:59:54.500928+00:00,"4,5,6,7",0.019822359085083008,2.202484342787001e-05,correctness_diagnostic,NUMERICAL_DIAGNOSTIC_NOT_PERFORMANCE,poc_flashvep/deepep_revalidation/results/scheduling_overlap_successor_mining_20260908_161510/nanoflow_runs/numerical_resume_20260909_b16/b1_plan2_graph.run_meta.json
numerical_resume_20260909_b16:b1_graph.run_meta:1,NANOFLOW,Native graph/split output correctness,2026-09-09T01:59:26.168679+00:00,2026-09-09T01:59:26.266406+00:00,"4,5,6,7",0.09772706031799316,0.00010858562257554796,correctness_diagnostic,NUMERICAL_DIAGNOSTIC_NOT_PERFORMANCE,poc_flashvep/deepep_revalidation/results/scheduling_overlap_successor_mining_20260908_161510/nanoflow_runs/numerical_resume_20260909_b16/b1_graph.run_meta.json
numerical_resume_20260909_b16:b1_graph.run_meta:2,NANOFLOW,Native graph/split output correctness,2026-09-09T01:59:26.266611+00:00,2026-09-09T01:59:26.376503+00:00,"4,5,6,7",0.10989260673522949,0.0001221028963724772,correctness_diagnostic,NUMERICAL_DIAGNOSTIC_NOT_PERFORMANCE,poc_flashvep/deepep_revalidation/results/scheduling_overlap_successor_mining_20260908_161510/nanoflow_runs/numerical_resume_20260909_b16/b1_graph.run_meta.json
numerical_resume_20260909_b16:b1_graph.run_meta:3,NANOFLOW,Native graph/split output correctness,2026-09-09T01:59:26.376706+00:00,2026-09-09T01:59:26.933749+00:00,"4,5,6,7",0.5570433139801025,0.0006189370155334473,correctness_diagnostic,NUMERICAL_DIAGNOSTIC_NOT_PERFORMANCE,poc_flashvep/deepep_revalidation/results/scheduling_overlap_successor_mining_20260908_161510/nanoflow_runs/numerical_resume_20260909_b16/b1_graph.run_meta.json
numerical_resume_20260909_b16:b1_graph.run_meta:4,NANOFLOW,Native graph/split output correctness,2026-09-09T01:59:26.934003+00:00,2026-09-09T01:59:26.950280+00:00,"4,5,6,7",0.01627659797668457,1.8085108862982855e-05,correctness_diagnostic,NUMERICAL_DIAGNOSTIC_NOT_PERFORMANCE,poc_flashvep/deepep_revalidation/results/scheduling_overlap_successor_mining_20260908_161510/nanoflow_runs/numerical_resume_20260909_b16/b1_graph.run_meta.json
numerical_resume_20260909_b16:b1_graph.run_meta:5,NANOFLOW,Native graph/split output correctness,2026-09-09T01:59:26.950524+00:00,2026-09-09T01:59:26.966428+00:00,"4,5,6,7",0.01590418815612793,1.7671320173475478e-05,correctness_diagnostic,NUMERICAL_DIAGNOSTIC_NOT_PERFORMANCE,poc_flashvep/deepep_revalidation/results/scheduling_overlap_successor_mining_20260908_161510/nanoflow_runs/numerical_resume_20260909_b16/b1_graph.run_meta.json
numerical_resume_20260909_b16:b1_graph.run_meta:6,NANOFLOW,Native graph/split output correctness,2026-09-09T01:59:26.966617+00:00,2026-09-09T01:59:26.982182+00:00,"4,5,6,7",0.015564441680908203,1.7293824089898005e-05,correctness_diagnostic,NUMERICAL_DIAGNOSTIC_NOT_PERFORMANCE,poc_flashvep/deepep_revalidation/results/scheduling_overlap_successor_mining_20260908_161510/nanoflow_runs/numerical_resume_20260909_b16/b1_graph.run_meta.json
numerical_resume_20260909_b16:b1_graph.run_meta:7,NANOFLOW,Native graph/split output correctness,2026-09-09T01:59:26.982366+00:00,2026-09-09T01:59:26.997815+00:00,"4,5,6,7",0.015448570251464844,1.716507805718316e-05,correctness_diagnostic,NUMERICAL_DIAGNOSTIC_NOT_PERFORMANCE,poc_flashvep/deepep_revalidation/results/scheduling_overlap_successor_mining_20260908_161510/nanoflow_runs/numerical_resume_20260909_b16/b1_graph.run_meta.json
numerical_resume_20260909_b16:b1_graph.run_meta:8,NANOFLOW,Native graph/split output correctness,2026-09-09T01:59:26.997987+00:00,2026-09-09T01:59:27.014110+00:00,"4,5,6,7",0.016123533248901367,1.7915036943223742e-05,correctness_diagnostic,NUMERICAL_DIAGNOSTIC_NOT_PERFORMANCE,poc_flashvep/deepep_revalidation/results/scheduling_overlap_successor_mining_20260908_161510/nanoflow_runs/numerical_resume_20260909_b16/b1_graph.run_meta.json
numerical_resume_20260909_b16:b1_graph.run_meta:9,NANOFLOW,Native graph/split output correctness,2026-09-09T01:59:27.014271+00:00,2026-09-09T01:59:27.029714+00:00,"4,5,6,7",0.015443563461303711,1.7159514957004125e-05,correctness_diagnostic,NUMERICAL_DIAGNOSTIC_NOT_PERFORMANCE,poc_flashvep/deepep_revalidation/results/scheduling_overlap_successor_mining_20260908_161510/nanoflow_runs/numerical_resume_20260909_b16/b1_graph.run_meta.json
numerical_resume_20260909_b16:b1_graph.run_meta:10,NANOFLOW,Native graph/split output correctness,2026-09-09T01:59:27.029872+00:00,2026-09-09T01:59:27.045192+00:00,"4,5,6,7",0.015319108963012695,1.7021232181125216e-05,correctness_diagnostic,NUMERICAL_DIAGNOSTIC_NOT_PERFORMANCE,poc_flashvep/deepep_revalidation/results/scheduling_overlap_successor_mining_20260908_161510/nanoflow_runs/numerical_resume_20260909_b16/b1_graph.run_meta.json
numerical_resume_20260909_b16:b1_graph.run_meta:11,NANOFLOW,Native graph/split output correctness,2026-09-09T01:59:27.045366+00:00,2026-09-09T01:59:27.063973+00:00,"4,5,6,7",0.01860666275024414,2.067406972249349e-05,correctness_diagnostic,NUMERICAL_DIAGNOSTIC_NOT_PERFORMANCE,poc_flashvep/deepep_revalidation/results/scheduling_overlap_successor_mining_20260908_161510/nanoflow_runs/numerical_resume_20260909_b16/b1_graph.run_meta.json
numerical_resume_20260909_b16:b1_graph.run_meta:12,NANOFLOW,Native graph/split output correctness,2026-09-09T01:59:27.064131+00:00,2026-09-09T01:59:27.082706+00:00,"4,5,6,7",0.018574953079223633,2.0638836754692927e-05,correctness_diagnostic,NUMERICAL_DIAGNOSTIC_NOT_PERFORMANCE,poc_flashvep/deepep_revalidation/results/scheduling_overlap_successor_mining_20260908_161510/nanoflow_runs/numerical_resume_20260909_b16/b1_graph.run_meta.json
numerical_resume_20260909_b16:b1_graph.run_meta:13,NANOFLOW,Native graph/split output correctness,2026-09-09T01:59:27.082887+00:00,2026-09-09T01:59:27.101105+00:00,"4,5,6,7",0.018217802047729492,2.024200227525499e-05,correctness_diagnostic,NUMERICAL_DIAGNOSTIC_NOT_PERFORMANCE,poc_flashvep/deepep_revalidation/results/scheduling_overlap_successor_mining_20260908_161510/nanoflow_runs/numerical_resume_20260909_b16/b1_graph.run_meta.json
numerical_resume_20260909_b16:b1_graph.run_meta:14,NANOFLOW,Native graph/split output correctness,2026-09-09T01:59:27.101279+00:00,2026-09-09T01:59:27.116231+00:00,"4,5,6,7",0.014951944351196289,1.661327150132921e-05,correctness_diagnostic,NUMERICAL_DIAGNOSTIC_NOT_PERFORMANCE,poc_flashvep/deepep_revalidation/results/scheduling_overlap_successor_mining_20260908_161510/nanoflow_runs/numerical_resume_20260909_b16/b1_graph.run_meta.json
numerical_resume_20260909_b16:b1_graph.run_meta:15,NANOFLOW,Native graph/split output correctness,2026-09-09T01:59:27.116398+00:00,2026-09-09T01:59:27.135511+00:00,"4,5,6,7",0.01911306381225586,2.1236737569173178e-05,correctness_diagnostic,NUMERICAL_DIAGNOSTIC_NOT_PERFORMANCE,poc_flashvep/deepep_revalidation/results/scheduling_overlap_successor_mining_20260908_161510/nanoflow_runs/numerical_resume_20260909_b16/b1_graph.run_meta.json
numerical_resume_20260909_b16:b1_graph.run_meta:16,NANOFLOW,Native graph/split output correctness,2026-09-09T01:59:27.135696+00:00,2026-09-09T01:59:27.150914+00:00,"4,5,6,7",0.01521754264831543,1.6908380720350477e-05,correctness_diagnostic,NUMERICAL_DIAGNOSTIC_NOT_PERFORMANCE,poc_flashvep/deepep_revalidation/results/scheduling_overlap_successor_mining_20260908_161510/nanoflow_runs/numerical_resume_20260909_b16/b1_graph.run_meta.json
numerical_resume_20260909_b16:b1_graph.run_meta:17,NANOFLOW,Native graph/split output correctness,2026-09-09T01:59:27.151094+00:00,2026-09-09T01:59:27.166161+00:00,"4,5,6,7",0.015067577362060547,1.674175262451172e-05,correctness_diagnostic,NUMERICAL_DIAGNOSTIC_NOT_PERFORMANCE,poc_flashvep/deepep_revalidation/results/scheduling_overlap_successor_mining_20260908_161510/nanoflow_runs/numerical_resume_20260909_b16/b1_graph.run_meta.json
numerical_resume_20260909_b16:b1_graph.run_meta:18,NANOFLOW,Native graph/split output correctness,2026-09-09T01:59:27.166351+00:00,2026-09-09T01:59:27.185158+00:00,"4,5,6,7",0.018807649612426758,2.0897388458251954e-05,correctness_diagnostic,NUMERICAL_DIAGNOSTIC_NOT_PERFORMANCE,poc_flashvep/deepep_revalidation/results/scheduling_overlap_successor_mining_20260908_161510/nanoflow_runs/numerical_resume_20260909_b16/b1_graph.run_meta.json
numerical_resume_20260909_b16:b1_graph.run_meta:19,NANOFLOW,Native graph/split output correctness,2026-09-09T01:59:27.185368+00:00,2026-09-09T01:59:27.200995+00:00,"4,5,6,7",0.015627145767211914,1.7363495296902128e-05,correctness_diagnostic,NUMERICAL_DIAGNOSTIC_NOT_PERFORMANCE,poc_flashvep/deepep_revalidation/results/scheduling_overlap_successor_mining_20260908_161510/nanoflow_runs/numerical_resume_20260909_b16/b1_graph.run_meta.json
numerical_resume_20260909_b16:b1_graph.run_meta:20,NANOFLOW,Native graph/split output correctness,2026-09-09T01:59:27.201193+00:00,2026-09-09T01:59:27.219856+00:00,"4,5,6,7",0.01866292953491211,2.0736588372124567e-05,correctness_diagnostic,NUMERICAL_DIAGNOSTIC_NOT_PERFORMANCE,poc_flashvep/deepep_revalidation/results/scheduling_overlap_successor_mining_20260908_161510/nanoflow_runs/numerical_resume_20260909_b16/b1_graph.run_meta.json
numerical_resume_20260909_b16:b1_graph.run_meta:21,NANOFLOW,Native graph/split output correctness,2026-09-09T01:59:27.220046+00:00,2026-09-09T01:59:27.235399+00:00,"4,5,6,7",0.015353679656982422,1.70596440633138e-05,correctness_diagnostic,NUMERICAL_DIAGNOSTIC_NOT_PERFORMANCE,poc_flashvep/deepep_revalidation/results/scheduling_overlap_successor_mining_20260908_161510/nanoflow_runs/numerical_resume_20260909_b16/b1_graph.run_meta.json
numerical_resume_20260909_b16:b1_graph.run_meta:22,NANOFLOW,Native graph/split output correctness,2026-09-09T01:59:27.235604+00:00,2026-09-09T01:59:27.251804+00:00,"4,5,6,7",0.016200780868530273,1.8000867631700305e-05,correctness_diagnostic,NUMERICAL_DIAGNOSTIC_NOT_PERFORMANCE,poc_flashvep/deepep_revalidation/results/scheduling_overlap_successor_mining_20260908_161510/nanoflow_runs/numerical_resume_20260909_b16/b1_graph.run_meta.json
numerical_resume_20260909_b16:b1_graph.run_meta:23,NANOFLOW,Native graph/split output correctness,2026-09-09T01:59:27.252021+00:00,2026-09-09T01:59:27.267887+00:00,"4,5,6,7",0.015865564346313477,1.7628404829237195e-05,correctness_diagnostic,NUMERICAL_DIAGNOSTIC_NOT_PERFORMANCE,poc_flashvep/deepep_revalidation/results/scheduling_overlap_successor_mining_20260908_161510/nanoflow_runs/numerical_resume_20260909_b16/b1_graph.run_meta.json
numerical_resume_20260909_b16:b1_graph.run_meta:24,NANOFLOW,Native graph/split output correctness,2026-09-09T01:59:27.268092+00:00,2026-09-09T01:59:27.287248+00:00,"4,5,6,7",0.019156217575073242,2.1284686194525824e-05,correctness_diagnostic,NUMERICAL_DIAGNOSTIC_NOT_PERFORMANCE,poc_flashvep/deepep_revalidation/results/scheduling_overlap_successor_mining_20260908_161510/nanoflow_runs/numerical_resume_20260909_b16/b1_graph.run_meta.json
numerical_resume_20260909_b16:b1_graph.run_meta:25,NANOFLOW,Native graph/split output correctness,2026-09-09T01:59:27.287468+00:00,2026-09-09T01:59:27.303642+00:00,"4,5,6,7",0.01617431640625,1.797146267361111e-05,correctness_diagnostic,NUMERICAL_DIAGNOSTIC_NOT_PERFORMANCE,poc_flashvep/deepep_revalidation/results/scheduling_overlap_successor_mining_20260908_161510/nanoflow_runs/numerical_resume_20260909_b16/b1_graph.run_meta.json
numerical_resume_20260909_b16:b1_graph.run_meta:26,NANOFLOW,Native graph/split output correctness,2026-09-09T01:59:27.303873+00:00,2026-09-09T01:59:27.320117+00:00,"4,5,6,7",0.016244173049926758,1.8049081166585286e-05,correctness_diagnostic,NUMERICAL_DIAGNOSTIC_NOT_PERFORMANCE,poc_flashvep/deepep_revalidation/results/scheduling_overlap_successor_mining_20260908_161510/nanoflow_runs/numerical_resume_20260909_b16/b1_graph.run_meta.json
numerical_resume_20260909_b16:b1_graph.run_meta:27,NANOFLOW,Native graph/split output correctness,2026-09-09T01:59:27.320358+00:00,2026-09-09T01:59:27.336732+00:00,"4,5,6,7",0.01637411117553711,1.81934568617079e-05,correctness_diagnostic,NUMERICAL_DIAGNOSTIC_NOT_PERFORMANCE,poc_flashvep/deepep_revalidation/results/scheduling_overlap_successor_mining_20260908_161510/nanoflow_runs/numerical_resume_20260909_b16/b1_graph.run_meta.json
numerical_resume_20260909_b16:b1_graph.run_meta:28,NANOFLOW,Native graph/split output correctness,2026-09-09T01:59:27.336959+00:00,2026-09-09T01:59:27.352960+00:00,"4,5,6,7",0.01600050926208496,1.7778343624538845e-05,correctness_diagnostic,NUMERICAL_DIAGNOSTIC_NOT_PERFORMANCE,poc_flashvep/deepep_revalidation/results/scheduling_overlap_successor_mining_20260908_161510/nanoflow_runs/numerical_resume_20260909_b16/b1_graph.run_meta.json
numerical_resume_20260909_b16:b1_graph.run_meta:29,NANOFLOW,Native graph/split output correctness,2026-09-09T01:59:27.353190+00:00,2026-09-09T01:59:27.374683+00:00,"4,5,6,7",0.02149343490600586,2.388159434000651e-05,correctness_diagnostic,NUMERICAL_DIAGNOSTIC_NOT_PERFORMANCE,poc_flashvep/deepep_revalidation/results/scheduling_overlap_successor_mining_20260908_161510/nanoflow_runs/numerical_resume_20260909_b16/b1_graph.run_meta.json
numerical_resume_20260909_b16:b1_graph.run_meta:30,NANOFLOW,Native graph/split output correctness,2026-09-09T01:59:27.374920+00:00,2026-09-09T01:59:27.398216+00:00,"4,5,6,7",0.02329564094543457,2.5884045494927302e-05,correctness_diagnostic,NUMERICAL_DIAGNOSTIC_NOT_PERFORMANCE,poc_flashvep/deepep_revalidation/results/scheduling_overlap_successor_mining_20260908_161510/nanoflow_runs/numerical_resume_20260909_b16/b1_graph.run_meta.json
numerical_resume_20260909_b16:b1_graph.run_meta:31,NANOFLOW,Native graph/split output correctness,2026-09-09T01:59:27.398442+00:00,2026-09-09T01:59:27.418155+00:00,"4,5,6,7",0.01971268653869629,2.1902985042995876e-05,correctness_diagnostic,NUMERICAL_DIAGNOSTIC_NOT_PERFORMANCE,poc_flashvep/deepep_revalidation/results/scheduling_overlap_successor_mining_20260908_161510/nanoflow_runs/numerical_resume_20260909_b16/b1_graph.run_meta.json
numerical_resume_20260909_b16:b1_graph.run_meta:32,NANOFLOW,Native graph/split output correctness,2026-09-09T01:59:27.418416+00:00,2026-09-09T01:59:27.438180+00:00,"4,5,6,7",0.019764423370361328,2.1960470411512586e-05,correctness_diagnostic,NUMERICAL_DIAGNOSTIC_NOT_PERFORMANCE,poc_flashvep/deepep_revalidation/results/scheduling_overlap_successor_mining_20260908_161510/nanoflow_runs/numerical_resume_20260909_b16/b1_graph.run_meta.json
numerical_resume_20260909_b16:b1_graph.run_meta:33,NANOFLOW,Native graph/split output correctness,2026-09-09T01:59:27.438452+00:00,2026-09-09T01:59:27.455616+00:00,"4,5,6,7",0.017163753509521484,1.907083723280165e-05,correctness_diagnostic,NUMERICAL_DIAGNOSTIC_NOT_PERFORMANCE,poc_flashvep/deepep_revalidation/results/scheduling_overlap_successor_mining_20260908_161510/nanoflow_runs/numerical_resume_20260909_b16/b1_graph.run_meta.json
numerical_resume_20260909_b16:b0_plan2_graph.run_meta:1,NANOFLOW,Native graph/split output correctness,2026-09-09T02:00:45.054685+00:00,2026-09-09T02:00:45.151430+00:00,"4,5,6,7",0.09674453735351562,0.00010749393039279514,correctness_diagnostic,NUMERICAL_DIAGNOSTIC_NOT_PERFORMANCE,poc_flashvep/deepep_revalidation/results/scheduling_overlap_successor_mining_20260908_161510/nanoflow_runs/numerical_resume_20260909_b16/b0_plan2_graph.run_meta.json
numerical_resume_20260909_b16:b0_plan2_graph.run_meta:2,NANOFLOW,Native graph/split output correctness,2026-09-09T02:00:45.151558+00:00,2026-09-09T02:00:45.259895+00:00,"4,5,6,7",0.1083371639251709,0.00012037462658352322,correctness_diagnostic,NUMERICAL_DIAGNOSTIC_NOT_PERFORMANCE,poc_flashvep/deepep_revalidation/results/scheduling_overlap_successor_mining_20260908_161510/nanoflow_runs/numerical_resume_20260909_b16/b0_plan2_graph.run_meta.json
numerical_resume_20260909_b16:b0_plan2_graph.run_meta:3,NANOFLOW,Native graph/split output correctness,2026-09-09T02:00:45.260152+00:00,2026-09-09T02:00:47.283657+00:00,"4,5,6,7",2.0235049724578857,0.00224833885828654,correctness_diagnostic,NUMERICAL_DIAGNOSTIC_NOT_PERFORMANCE,poc_flashvep/deepep_revalidation/results/scheduling_overlap_successor_mining_20260908_161510/nanoflow_runs/numerical_resume_20260909_b16/b0_plan2_graph.run_meta.json
numerical_resume_20260909_b16:b0_plan2_graph.run_meta:4,NANOFLOW,Native graph/split output correctness,2026-09-09T02:00:47.284453+00:00,2026-09-09T02:00:47.306904+00:00,"4,5,6,7",0.022450923919677734,2.494547102186415e-05,correctness_diagnostic,NUMERICAL_DIAGNOSTIC_NOT_PERFORMANCE,poc_flashvep/deepep_revalidation/results/scheduling_overlap_successor_mining_20260908_161510/nanoflow_runs/numerical_resume_20260909_b16/b0_plan2_graph.run_meta.json
numerical_resume_20260909_b16:b0_plan2_graph.run_meta:5,NANOFLOW,Native graph/split output correctness,2026-09-09T02:00:47.307150+00:00,2026-09-09T02:00:47.329060+00:00,"4,5,6,7",0.021909713745117188,2.4344126383463542e-05,correctness_diagnostic,NUMERICAL_DIAGNOSTIC_NOT_PERFORMANCE,poc_flashvep/deepep_revalidation/results/scheduling_overlap_successor_mining_20260908_161510/nanoflow_runs/numerical_resume_20260909_b16/b0_plan2_graph.run_meta.json
numerical_resume_20260909_b16:b0_plan2_graph.run_meta:6,NANOFLOW,Native graph/split output correctness,2026-09-09T02:00:47.329273+00:00,2026-09-09T02:00:47.350955+00:00,"4,5,6,7",0.021682262420654297,2.4091402689615885e-05,correctness_diagnostic,NUMERICAL_DIAGNOSTIC_NOT_PERFORMANCE,poc_flashvep/deepep_revalidation/results/scheduling_overlap_successor_mining_20260908_161510/nanoflow_runs/numerical_resume_20260909_b16/b0_plan2_graph.run_meta.json
numerical_resume_20260909_b16:b0_plan2_graph.run_meta:7,NANOFLOW,Native graph/split output correctness,2026-09-09T02:00:47.351174+00:00,2026-09-09T02:00:47.372713+00:00,"4,5,6,7",0.021538972854614258,2.393219206068251e-05,correctness_diagnostic,NUMERICAL_DIAGNOSTIC_NOT_PERFORMANCE,poc_flashvep/deepep_revalidation/results/scheduling_overlap_successor_mining_20260908_161510/nanoflow_runs/numerical_resume_20260909_b16/b0_plan2_graph.run_meta.json
numerical_resume_20260909_b16:b0_plan2_graph.run_meta:8,NANOFLOW,Native graph/split output correctness,2026-09-09T02:00:47.372893+00:00,2026-09-09T02:00:47.395469+00:00,"4,5,6,7",0.02257561683654785,2.508401870727539e-05,correctness_diagnostic,NUMERICAL_DIAGNOSTIC_NOT_PERFORMANCE,poc_flashvep/deepep_revalidation/results/scheduling_overlap_successor_mining_20260908_161510/nanoflow_runs/numerical_resume_20260909_b16/b0_plan2_graph.run_meta.json
numerical_resume_20260909_b16:b0_plan2_graph.run_meta:9,NANOFLOW,Native graph/split output correctness,2026-09-09T02:00:47.395634+00:00,2026-09-09T02:00:47.417626+00:00,"4,5,6,7",0.021991729736328125,2.4435255262586807e-05,correctness_diagnostic,NUMERICAL_DIAGNOSTIC_NOT_PERFORMANCE,poc_flashvep/deepep_revalidation/results/scheduling_overlap_successor_mining_20260908_161510/nanoflow_runs/numerical_resume_20260909_b16/b0_plan2_graph.run_meta.json
numerical_resume_20260909_b16:b0_plan2_graph.run_meta:10,NANOFLOW,Native graph/split output correctness,2026-09-09T02:00:47.417794+00:00,2026-09-09T02:00:47.439896+00:00,"4,5,6,7",0.022101163864135742,2.45568487379286e-05,correctness_diagnostic,NUMERICAL_DIAGNOSTIC_NOT_PERFORMANCE,poc_flashvep/deepep_revalidation/results/scheduling_overlap_successor_mining_20260908_161510/nanoflow_runs/numerical_resume_20260909_b16/b0_plan2_graph.run_meta.json
numerical_resume_20260909_b16:b0_plan2_graph.run_meta:11,NANOFLOW,Native graph/split output correctness,2026-09-09T02:00:47.440113+00:00,2026-09-09T02:00:47.461852+00:00,"4,5,6,7",0.02173924446105957,2.4154716067843966e-05,correctness_diagnostic,NUMERICAL_DIAGNOSTIC_NOT_PERFORMANCE,poc_flashvep/deepep_revalidation/results/scheduling_overlap_successor_mining_20260908_161510/nanoflow_runs/numerical_resume_20260909_b16/b0_plan2_graph.run_meta.json
numerical_resume_20260909_b16:b0_plan2_graph.run_meta:12,NANOFLOW,Native graph/split output correctness,2026-09-09T02:00:47.462027+00:00,2026-09-09T02:00:47.484268+00:00,"4,5,6,7",0.022240877151489258,2.4712085723876954e-05,correctness_diagnostic,NUMERICAL_DIAGNOSTIC_NOT_PERFORMANCE,poc_flashvep/deepep_revalidation/results/scheduling_overlap_successor_mining_20260908_161510/nanoflow_runs/numerical_resume_20260909_b16/b0_plan2_graph.run_meta.json
numerical_resume_20260909_b16:b0_plan2_graph.run_meta:13,NANOFLOW,Native graph/split output correctness,2026-09-09T02:00:47.484437+00:00,2026-09-09T02:00:47.506687+00:00,"4,5,6,7",0.022249937057495117,2.4722152286105687e-05,correctness_diagnostic,NUMERICAL_DIAGNOSTIC_NOT_PERFORMANCE,poc_flashvep/deepep_revalidation/results/scheduling_overlap_successor_mining_20260908_161510/nanoflow_runs/numerical_resume_20260909_b16/b0_plan2_graph.run_meta.json
numerical_resume_20260909_b16:b0_plan2_graph.run_meta:14,NANOFLOW,Native graph/split output correctness,2026-09-09T02:00:47.506844+00:00,2026-09-09T02:00:47.529121+00:00,"4,5,6,7",0.022276639938354492,2.4751822153727213e-05,correctness_diagnostic,NUMERICAL_DIAGNOSTIC_NOT_PERFORMANCE,poc_flashvep/deepep_revalidation/results/scheduling_overlap_successor_mining_20260908_161510/nanoflow_runs/numerical_resume_20260909_b16/b0_plan2_graph.run_meta.json
numerical_resume_20260909_b16:b0_plan2_graph.run_meta:15,NANOFLOW,Native graph/split output correctness,2026-09-09T02:00:47.529280+00:00,2026-09-09T02:00:47.551951+00:00,"4,5,6,7",0.022670269012451172,2.5189187791612412e-05,correctness_diagnostic,NUMERICAL_DIAGNOSTIC_NOT_PERFORMANCE,poc_flashvep/deepep_revalidation/results/scheduling_overlap_successor_mining_20260908_161510/nanoflow_runs/numerical_resume_20260909_b16/b0_plan2_graph.run_meta.json
numerical_resume_20260909_b16:b0_plan2_graph.run_meta:16,NANOFLOW,Native graph/split output correctness,2026-09-09T02:00:47.552125+00:00,2026-09-09T02:00:47.574595+00:00,"4,5,6,7",0.02246999740600586,2.4966663784450956e-05,correctness_diagnostic,NUMERICAL_DIAGNOSTIC_NOT_PERFORMANCE,poc_flashvep/deepep_revalidation/results/scheduling_overlap_successor_mining_20260908_161510/nanoflow_runs/numerical_resume_20260909_b16/b0_plan2_graph.run_meta.json
numerical_resume_20260909_b16:b0_plan2_graph.run_meta:17,NANOFLOW,Native graph/split output correctness,2026-09-09T02:00:47.574753+00:00,2026-09-09T02:00:47.597441+00:00,"4,5,6,7",0.02268815040588379,2.5209056006537545e-05,correctness_diagnostic,NUMERICAL_DIAGNOSTIC_NOT_PERFORMANCE,poc_flashvep/deepep_revalidation/results/scheduling_overlap_successor_mining_20260908_161510/nanoflow_runs/numerical_resume_20260909_b16/b0_plan2_graph.run_meta.json
numerical_resume_20260909_b16:b0_plan2_graph.run_meta:18,NANOFLOW,Native graph/split output correctness,2026-09-09T02:00:47.597600+00:00,2026-09-09T02:00:47.620391+00:00,"4,5,6,7",0.022790193557739258,2.532243728637695e-05,correctness_diagnostic,NUMERICAL_DIAGNOSTIC_NOT_PERFORMANCE,poc_flashvep/deepep_revalidation/results/scheduling_overlap_successor_mining_20260908_161510/nanoflow_runs/numerical_resume_20260909_b16/b0_plan2_graph.run_meta.json
numerical_resume_20260909_b16:b0_plan2_graph.run_meta:19,NANOFLOW,Native graph/split output correctness,2026-09-09T02:00:47.620561+00:00,2026-09-09T02:00:47.643329+00:00,"4,5,6,7",0.022768497467041016,2.529833051893446e-05,correctness_diagnostic,NUMERICAL_DIAGNOSTIC_NOT_PERFORMANCE,poc_flashvep/deepep_revalidation/results/scheduling_overlap_successor_mining_20260908_161510/nanoflow_runs/numerical_resume_20260909_b16/b0_plan2_graph.run_meta.json
numerical_resume_20260909_b16:b0_plan2_graph.run_meta:20,NANOFLOW,Native graph/split output correctness,2026-09-09T02:00:47.643487+00:00,2026-09-09T02:00:47.666765+00:00,"4,5,6,7",0.02327752113342285,2.5863912370469834e-05,correctness_diagnostic,NUMERICAL_DIAGNOSTIC_NOT_PERFORMANCE,poc_flashvep/deepep_revalidation/results/scheduling_overlap_successor_mining_20260908_161510/nanoflow_runs/numerical_resume_20260909_b16/b0_plan2_graph.run_meta.json
numerical_resume_20260909_b16:b0_plan2_graph.run_meta:21,NANOFLOW,Native graph/split output correctness,2026-09-09T02:00:47.666932+00:00,2026-09-09T02:00:47.690162+00:00,"4,5,6,7",0.02323007583618164,2.5811195373535157e-05,correctness_diagnostic,NUMERICAL_DIAGNOSTIC_NOT_PERFORMANCE,poc_flashvep/deepep_revalidation/results/scheduling_overlap_successor_mining_20260908_161510/nanoflow_runs/numerical_resume_20260909_b16/b0_plan2_graph.run_meta.json
numerical_resume_20260909_b16:b0_plan2_graph.run_meta:22,NANOFLOW,Native graph/split output correctness,2026-09-09T02:00:47.690318+00:00,2026-09-09T02:00:47.714451+00:00,"4,5,6,7",0.024132966995239258,2.6814407772488066e-05,correctness_diagnostic,NUMERICAL_DIAGNOSTIC_NOT_PERFORMANCE,poc_flashvep/deepep_revalidation/results/scheduling_overlap_successor_mining_20260908_161510/nanoflow_runs/numerical_resume_20260909_b16/b0_plan2_graph.run_meta.json
numerical_resume_20260909_b16:b0_plan2_graph.run_meta:23,NANOFLOW,Native graph/split output correctness,2026-09-09T02:00:47.714604+00:00,2026-09-09T02:00:47.737850+00:00,"4,5,6,7",0.023245811462402344,2.582867940266927e-05,correctness_diagnostic,NUMERICAL_DIAGNOSTIC_NOT_PERFORMANCE,poc_flashvep/deepep_revalidation/results/scheduling_overlap_successor_mining_20260908_161510/nanoflow_runs/numerical_resume_20260909_b16/b0_plan2_graph.run_meta.json
numerical_resume_20260909_b16:b0_plan2_graph.run_meta:24,NANOFLOW,Native graph/split output correctness,2026-09-09T02:00:47.738006+00:00,2026-09-09T02:00:47.761803+00:00,"4,5,6,7",0.023797035217285156,2.644115024142795e-05,correctness_diagnostic,NUMERICAL_DIAGNOSTIC_NOT_PERFORMANCE,poc_flashvep/deepep_revalidation/results/scheduling_overlap_successor_mining_20260908_161510/nanoflow_runs/numerical_resume_20260909_b16/b0_plan2_graph.run_meta.json
numerical_resume_20260909_b16:b0_plan2_graph.run_meta:25,NANOFLOW,Native graph/split output correctness,2026-09-09T02:00:47.761965+00:00,2026-09-09T02:00:47.785900+00:00,"4,5,6,7",0.023935794830322266,2.659532758924696e-05,correctness_diagnostic,NUMERICAL_DIAGNOSTIC_NOT_PERFORMANCE,poc_flashvep/deepep_revalidation/results/scheduling_overlap_successor_mining_20260908_161510/nanoflow_runs/numerical_resume_20260909_b16/b0_plan2_graph.run_meta.json
numerical_resume_20260909_b16:b0_plan2_graph.run_meta:26,NANOFLOW,Native graph/split output correctness,2026-09-09T02:00:47.786055+00:00,2026-09-09T02:00:47.810330+00:00,"4,5,6,7",0.024274826049804688,2.6972028944227432e-05,correctness_diagnostic,NUMERICAL_DIAGNOSTIC_NOT_PERFORMANCE,poc_flashvep/deepep_revalidation/results/scheduling_overlap_successor_mining_20260908_161510/nanoflow_runs/numerical_resume_20260909_b16/b0_plan2_graph.run_meta.json
numerical_resume_20260909_b16:b0_plan2_graph.run_meta:27,NANOFLOW,Native graph/split output correctness,2026-09-09T02:00:47.810498+00:00,2026-09-09T02:00:47.834510+00:00,"4,5,6,7",0.024012088775634766,2.6680098639594186e-05,correctness_diagnostic,NUMERICAL_DIAGNOSTIC_NOT_PERFORMANCE,poc_flashvep/deepep_revalidation/results/scheduling_overlap_successor_mining_20260908_161510/nanoflow_runs/numerical_resume_20260909_b16/b0_plan2_graph.run_meta.json
numerical_resume_20260909_b16:b0_plan2_graph.run_meta:28,NANOFLOW,Native graph/split output correctness,2026-09-09T02:00:47.834668+00:00,2026-09-09T02:00:47.859084+00:00,"4,5,6,7",0.024416208267211914,2.7129120296902126e-05,correctness_diagnostic,NUMERICAL_DIAGNOSTIC_NOT_PERFORMANCE,poc_flashvep/deepep_revalidation/results/scheduling_overlap_successor_mining_20260908_161510/nanoflow_runs/numerical_resume_20260909_b16/b0_plan2_graph.run_meta.json
numerical_resume_20260909_b16:b0_plan2_graph.run_meta:29,NANOFLOW,Native graph/split output correctness,2026-09-09T02:00:47.859288+00:00,2026-09-09T02:00:47.884182+00:00,"4,5,6,7",0.024893760681152344,2.765973409016927e-05,correctness_diagnostic,NUMERICAL_DIAGNOSTIC_NOT_PERFORMANCE,poc_flashvep/deepep_revalidation/results/scheduling_overlap_successor_mining_20260908_161510/nanoflow_runs/numerical_resume_20260909_b16/b0_plan2_graph.run_meta.json
numerical_resume_20260909_b16:b0_plan2_graph.run_meta:30,NANOFLOW,Native graph/split output correctness,2026-09-09T02:00:47.884346+00:00,2026-09-09T02:00:47.904061+00:00,"4,5,6,7",0.019714832305908203,2.1905369228786893e-05,correctness_diagnostic,NUMERICAL_DIAGNOSTIC_NOT_PERFORMANCE,poc_flashvep/deepep_revalidation/results/scheduling_overlap_successor_mining_20260908_161510/nanoflow_runs/numerical_resume_20260909_b16/b0_plan2_graph.run_meta.json
numerical_resume_20260909_b16:b0_plan2_graph.run_meta:31,NANOFLOW,Native graph/split output correctness,2026-09-09T02:00:47.904236+00:00,2026-09-09T02:00:47.939689+00:00,"4,5,6,7",0.035452842712402344,3.939204745822483e-05,correctness_diagnostic,NUMERICAL_DIAGNOSTIC_NOT_PERFORMANCE,poc_flashvep/deepep_revalidation/results/scheduling_overlap_successor_mining_20260908_161510/nanoflow_runs/numerical_resume_20260909_b16/b0_plan2_graph.run_meta.json
numerical_resume_20260909_b16:b0_plan2_graph.run_meta:32,NANOFLOW,Native graph/split output correctness,2026-09-09T02:00:47.939888+00:00,2026-09-09T02:00:47.964053+00:00,"4,5,6,7",0.024164438247680664,2.6849375830756293e-05,correctness_diagnostic,NUMERICAL_DIAGNOSTIC_NOT_PERFORMANCE,poc_flashvep/deepep_revalidation/results/scheduling_overlap_successor_mining_20260908_161510/nanoflow_runs/numerical_resume_20260909_b16/b0_plan2_graph.run_meta.json
numerical_resume_20260909_b16:b0_plan2_graph.run_meta:33,NANOFLOW,Native graph/split output correctness,2026-09-09T02:00:47.964264+00:00,2026-09-09T02:00:47.988502+00:00,"4,5,6,7",0.024237871170043945,2.6930967966715494e-05,correctness_diagnostic,NUMERICAL_DIAGNOSTIC_NOT_PERFORMANCE,poc_flashvep/deepep_revalidation/results/scheduling_overlap_successor_mining_20260908_161510/nanoflow_runs/numerical_resume_20260909_b16/b0_plan2_graph.run_meta.json
numerical_resume_20260909_b4_retry1:b0_graph.run_meta:1,NANOFLOW,Native graph/split output correctness,2026-09-09T01:29:13.197136+00:00,2026-09-09T01:29:13.255996+00:00,"4,5,6,7",0.058860063552856445,6.540007061428494e-05,correctness_diagnostic,NUMERICAL_DIAGNOSTIC_NOT_PERFORMANCE,poc_flashvep/deepep_revalidation/results/scheduling_overlap_successor_mining_20260908_161510/nanoflow_runs/numerical_resume_20260909_b4_retry1/b0_graph.run_meta.json
numerical_resume_20260909_b4_retry1:b0_graph.run_meta:2,NANOFLOW,Native graph/split output correctness,2026-09-09T01:29:13.256209+00:00,2026-09-09T01:29:13.319787+00:00,"4,5,6,7",0.06357741355895996,7.064157062106662e-05,correctness_diagnostic,NUMERICAL_DIAGNOSTIC_NOT_PERFORMANCE,poc_flashvep/deepep_revalidation/results/scheduling_overlap_successor_mining_20260908_161510/nanoflow_runs/numerical_resume_20260909_b4_retry1/b0_graph.run_meta.json
numerical_resume_20260909_b4_retry1:b0_graph.run_meta:3,NANOFLOW,Native graph/split output correctness,2026-09-09T01:29:13.319989+00:00,2026-09-09T01:29:13.940265+00:00,"4,5,6,7",0.6202762126922607,0.0006891957918802897,correctness_diagnostic,NUMERICAL_DIAGNOSTIC_NOT_PERFORMANCE,poc_flashvep/deepep_revalidation/results/scheduling_overlap_successor_mining_20260908_161510/nanoflow_runs/numerical_resume_20260909_b4_retry1/b0_graph.run_meta.json
numerical_resume_20260909_b4_retry1:b0_graph.run_meta:4,NANOFLOW,Native graph/split output correctness,2026-09-09T01:29:13.940606+00:00,2026-09-09T01:29:13.951173+00:00,"4,5,6,7",0.01056671142578125,1.1740790473090278e-05,correctness_diagnostic,NUMERICAL_DIAGNOSTIC_NOT_PERFORMANCE,poc_flashvep/deepep_revalidation/results/scheduling_overlap_successor_mining_20260908_161510/nanoflow_runs/numerical_resume_20260909_b4_retry1/b0_graph.run_meta.json
numerical_resume_20260909_b4_retry1:b0_graph.run_meta:5,NANOFLOW,Native graph/split output correctness,2026-09-09T01:29:13.951339+00:00,2026-09-09T01:29:13.961394+00:00,"4,5,6,7",0.010054588317871094,1.1171764797634548e-05,correctness_diagnostic,NUMERICAL_DIAGNOSTIC_NOT_PERFORMANCE,poc_flashvep/deepep_revalidation/results/scheduling_overlap_successor_mining_20260908_161510/nanoflow_runs/numerical_resume_20260909_b4_retry1/b0_graph.run_meta.json
numerical_resume_20260909_b4_retry1:b0_graph.run_meta:6,NANOFLOW,Native graph/split output correctness,2026-09-09T01:29:13.961613+00:00,2026-09-09T01:29:13.971419+00:00,"4,5,6,7",0.009805679321289062,1.0895199245876737e-05,correctness_diagnostic,NUMERICAL_DIAGNOSTIC_NOT_PERFORMANCE,poc_flashvep/deepep_revalidation/results/scheduling_overlap_successor_mining_20260908_161510/nanoflow_runs/numerical_resume_20260909_b4_retry1/b0_graph.run_meta.json
numerical_resume_20260909_b4_retry1:b0_graph.run_meta:7,NANOFLOW,Native graph/split output correctness,2026-09-09T01:29:13.971570+00:00,2026-09-09T01:29:13.981531+00:00,"4,5,6,7",0.00996088981628418,1.1067655351426866e-05,correctness_diagnostic,NUMERICAL_DIAGNOSTIC_NOT_PERFORMANCE,poc_flashvep/deepep_revalidation/results/scheduling_overlap_successor_mining_20260908_161510/nanoflow_runs/numerical_resume_20260909_b4_retry1/b0_graph.run_meta.json
numerical_resume_20260909_b4_retry1:b0_graph.run_meta:8,NANOFLOW,Native graph/split output correctness,2026-09-09T01:29:13.981721+00:00,2026-09-09T01:29:13.990621+00:00,"4,5,6,7",0.008900642395019531,9.889602661132812e-06,correctness_diagnostic,NUMERICAL_DIAGNOSTIC_NOT_PERFORMANCE,poc_flashvep/deepep_revalidation/results/scheduling_overlap_successor_mining_20260908_161510/nanoflow_runs/numerical_resume_20260909_b4_retry1/b0_graph.run_meta.json
numerical_resume_20260909_b4_retry1:b0_graph.run_meta:9,NANOFLOW,Native graph/split output correctness,2026-09-09T01:29:13.990800+00:00,2026-09-09T01:29:13.999619+00:00,"4,5,6,7",0.008818626403808594,9.798473782009549e-06,correctness_diagnostic,NUMERICAL_DIAGNOSTIC_NOT_PERFORMANCE,poc_flashvep/deepep_revalidation/results/scheduling_overlap_successor_mining_20260908_161510/nanoflow_runs/numerical_resume_20260909_b4_retry1/b0_graph.run_meta.json
numerical_resume_20260909_b4_retry1:b0_graph.run_meta:10,NANOFLOW,Native graph/split output correctness,2026-09-09T01:29:13.999804+00:00,2026-09-09T01:29:14.009286+00:00,"4,5,6,7",0.009482145309448242,1.0535717010498046e-05,correctness_diagnostic,NUMERICAL_DIAGNOSTIC_NOT_PERFORMANCE,poc_flashvep/deepep_revalidation/results/scheduling_overlap_successor_mining_20260908_161510/nanoflow_runs/numerical_resume_20260909_b4_retry1/b0_graph.run_meta.json
numerical_resume_20260909_b4_retry1:b0_graph.run_meta:11,NANOFLOW,Native graph/split output correctness,2026-09-09T01:29:14.009496+00:00,2026-09-09T01:29:14.019434+00:00,"4,5,6,7",0.009938478469848633,1.104275385538737e-05,correctness_diagnostic,NUMERICAL_DIAGNOSTIC_NOT_PERFORMANCE,poc_flashvep/deepep_revalidation/results/scheduling_overlap_successor_mining_20260908_161510/nanoflow_runs/numerical_resume_20260909_b4_retry1/b0_graph.run_meta.json
numerical_resume_20260909_b4_retry1:b0_graph.run_meta:12,NANOFLOW,Native graph/split output correctness,2026-09-09T01:29:14.019839+00:00,2026-09-09T01:29:14.029585+00:00,"4,5,6,7",0.009746074676513672,1.082897186279297e-05,correctness_diagnostic,NUMERICAL_DIAGNOSTIC_NOT_PERFORMANCE,poc_flashvep/deepep_revalidation/results/scheduling_overlap_successor_mining_20260908_161510/nanoflow_runs/numerical_resume_20260909_b4_retry1/b0_graph.run_meta.json
numerical_resume_20260909_b4_retry1:b0_graph.run_meta:13,NANOFLOW,Native graph/split output correctness,2026-09-09T01:29:14.029778+00:00,2026-09-09T01:29:14.039439+00:00,"4,5,6,7",0.009661436080932617,1.073492897881402e-05,correctness_diagnostic,NUMERICAL_DIAGNOSTIC_NOT_PERFORMANCE,poc_flashvep/deepep_revalidation/results/scheduling_overlap_successor_mining_20260908_161510/nanoflow_runs/numerical_resume_20260909_b4_retry1/b0_graph.run_meta.json
numerical_resume_20260909_b4_retry1:b0_graph.run_meta:14,NANOFLOW,Native graph/split output correctness,2026-09-09T01:29:14.039594+00:00,2026-09-09T01:29:14.049499+00:00,"4,5,6,7",0.009904146194458008,1.100460688273112e-05,correctness_diagnostic,NUMERICAL_DIAGNOSTIC_NOT_PERFORMANCE,poc_flashvep/deepep_revalidation/results/scheduling_overlap_successor_mining_20260908_161510/nanoflow_runs/numerical_resume_20260909_b4_retry1/b0_graph.run_meta.json
numerical_resume_20260909_b4_retry1:b0_graph.run_meta:15,NANOFLOW,Native graph/split output correctness,2026-09-09T01:29:14.049640+00:00,2026-09-09T01:29:14.058496+00:00,"4,5,6,7",0.008855104446411133,9.839004940456815e-06,correctness_diagnostic,NUMERICAL_DIAGNOSTIC_NOT_PERFORMANCE,poc_flashvep/deepep_revalidation/results/scheduling_overlap_successor_mining_20260908_161510/nanoflow_runs/numerical_resume_20260909_b4_retry1/b0_graph.run_meta.json
numerical_resume_20260909_b4_retry1:b0_graph.run_meta:16,NANOFLOW,Native graph/split output correctness,2026-09-09T01:29:14.058633+00:00,2026-09-09T01:29:14.068529+00:00,"4,5,6,7",0.009896039962768555,1.0995599958631728e-05,correctness_diagnostic,NUMERICAL_DIAGNOSTIC_NOT_PERFORMANCE,poc_flashvep/deepep_revalidation/results/scheduling_overlap_successor_mining_20260908_161510/nanoflow_runs/numerical_resume_20260909_b4_retry1/b0_graph.run_meta.json
numerical_resume_20260909_b4_retry1:b0_graph.run_meta:17,NANOFLOW,Native graph/split output correctness,2026-09-09T01:29:14.068692+00:00,2026-09-09T01:29:14.077453+00:00,"4,5,6,7",0.008760929107666016,9.734365675184462e-06,correctness_diagnostic,NUMERICAL_DIAGNOSTIC_NOT_PERFORMANCE,poc_flashvep/deepep_revalidation/results/scheduling_overlap_successor_mining_20260908_161510/nanoflow_runs/numerical_resume_20260909_b4_retry1/b0_graph.run_meta.json
numerical_resume_20260909_b4_retry1:b0_graph.run_meta:18,NANOFLOW,Native graph/split output correctness,2026-09-09T01:29:14.077593+00:00,2026-09-09T01:29:14.087343+00:00,"4,5,6,7",0.009750127792358398,1.0833475324842665e-05,correctness_diagnostic,NUMERICAL_DIAGNOSTIC_NOT_PERFORMANCE,poc_flashvep/deepep_revalidation/results/scheduling_overlap_successor_mining_20260908_161510/nanoflow_runs/numerical_resume_20260909_b4_retry1/b0_graph.run_meta.json
numerical_resume_20260909_b4_retry1:b0_graph.run_meta:19,NANOFLOW,Native graph/split output correctness,2026-09-09T01:29:14.087490+00:00,2026-09-09T01:29:14.096361+00:00,"4,5,6,7",0.008870840072631836,9.856488969590929e-06,correctness_diagnostic,NUMERICAL_DIAGNOSTIC_NOT_PERFORMANCE,poc_flashvep/deepep_revalidation/results/scheduling_overlap_successor_mining_20260908_161510/nanoflow_runs/numerical_resume_20260909_b4_retry1/b0_graph.run_meta.json
numerical_resume_20260909_b4_retry1:b0_graph.run_meta:20,NANOFLOW,Native graph/split output correctness,2026-09-09T01:29:14.096504+00:00,2026-09-09T01:29:14.105261+00:00,"4,5,6,7",0.008756399154663086,9.729332394070096e-06,correctness_diagnostic,NUMERICAL_DIAGNOSTIC_NOT_PERFORMANCE,poc_flashvep/deepep_revalidation/results/scheduling_overlap_successor_mining_20260908_161510/nanoflow_runs/numerical_resume_20260909_b4_retry1/b0_graph.run_meta.json
numerical_resume_20260909_b4_retry1:b0_graph.run_meta:21,NANOFLOW,Native graph/split output correctness,2026-09-09T01:29:14.105408+00:00,2026-09-09T01:29:14.114170+00:00,"4,5,6,7",0.008762359619140625,9.735955132378473e-06,correctness_diagnostic,NUMERICAL_DIAGNOSTIC_NOT_PERFORMANCE,poc_flashvep/deepep_revalidation/results/scheduling_overlap_successor_mining_20260908_161510/nanoflow_runs/numerical_resume_20260909_b4_retry1/b0_graph.run_meta.json
numerical_resume_20260909_b4_retry1:b0_graph.run_meta:22,NANOFLOW,Native graph/split output correctness,2026-09-09T01:29:14.114327+00:00,2026-09-09T01:29:14.124045+00:00,"4,5,6,7",0.009718179702758789,1.0797977447509765e-05,correctness_diagnostic,NUMERICAL_DIAGNOSTIC_NOT_PERFORMANCE,poc_flashvep/deepep_revalidation/results/scheduling_overlap_successor_mining_20260908_161510/nanoflow_runs/numerical_resume_20260909_b4_retry1/b0_graph.run_meta.json
numerical_resume_20260909_b4_retry1:b0_graph.run_meta:23,NANOFLOW,Native graph/split output correctness,2026-09-09T01:29:14.124239+00:00,2026-09-09T01:29:14.133132+00:00,"4,5,6,7",0.008893251419067383,9.881390465630426e-06,correctness_diagnostic,NUMERICAL_DIAGNOSTIC_NOT_PERFORMANCE,poc_flashvep/deepep_revalidation/results/scheduling_overlap_successor_mining_20260908_161510/nanoflow_runs/numerical_resume_20260909_b4_retry1/b0_graph.run_meta.json
numerical_resume_20260909_b4_retry1:b0_graph.run_meta:24,NANOFLOW,Native graph/split output correctness,2026-09-09T01:29:14.133322+00:00,2026-09-09T01:29:14.142811+00:00,"4,5,6,7",0.009489297866821289,1.05436642964681e-05,correctness_diagnostic,NUMERICAL_DIAGNOSTIC_NOT_PERFORMANCE,poc_flashvep/deepep_revalidation/results/scheduling_overlap_successor_mining_20260908_161510/nanoflow_runs/numerical_resume_20260909_b4_retry1/b0_graph.run_meta.json
numerical_resume_20260909_b4_retry1:b0_graph.run_meta:25,NANOFLOW,Native graph/split output correctness,2026-09-09T01:29:14.142994+00:00,2026-09-09T01:29:14.152457+00:00,"4,5,6,7",0.009462833404541016,1.0514259338378907e-05,correctness_diagnostic,NUMERICAL_DIAGNOSTIC_NOT_PERFORMANCE,poc_flashvep/deepep_revalidation/results/scheduling_overlap_successor_mining_20260908_161510/nanoflow_runs/numerical_resume_20260909_b4_retry1/b0_graph.run_meta.json
numerical_resume_20260909_b4_retry1:b0_graph.run_meta:26,NANOFLOW,Native graph/split output correctness,2026-09-09T01:29:14.152634+00:00,2026-09-09T01:29:14.161526+00:00,"4,5,6,7",0.008892059326171875,9.88006591796875e-06,correctness_diagnostic,NUMERICAL_DIAGNOSTIC_NOT_PERFORMANCE,poc_flashvep/deepep_revalidation/results/scheduling_overlap_successor_mining_20260908_161510/nanoflow_runs/numerical_resume_20260909_b4_retry1/b0_graph.run_meta.json
numerical_resume_20260909_b4_retry1:b0_graph.run_meta:27,NANOFLOW,Native graph/split output correctness,2026-09-09T01:29:14.161730+00:00,2026-09-09T01:29:14.170617+00:00,"4,5,6,7",0.008887052536010742,9.874502817789713e-06,correctness_diagnostic,NUMERICAL_DIAGNOSTIC_NOT_PERFORMANCE,poc_flashvep/deepep_revalidation/results/scheduling_overlap_successor_mining_20260908_161510/nanoflow_runs/numerical_resume_20260909_b4_retry1/b0_graph.run_meta.json
numerical_resume_20260909_b4_retry1:b0_graph.run_meta:28,NANOFLOW,Native graph/split output correctness,2026-09-09T01:29:14.170778+00:00,2026-09-09T01:29:14.180475+00:00,"4,5,6,7",0.009696245193481445,1.0773605770534939e-05,correctness_diagnostic,NUMERICAL_DIAGNOSTIC_NOT_PERFORMANCE,poc_flashvep/deepep_revalidation/results/scheduling_overlap_successor_mining_20260908_161510/nanoflow_runs/numerical_resume_20260909_b4_retry1/b0_graph.run_meta.json
numerical_resume_20260909_b4_retry1:b0_graph.run_meta:29,NANOFLOW,Native graph/split output correctness,2026-09-09T01:29:14.180604+00:00,2026-09-09T01:29:14.190219+00:00,"4,5,6,7",0.009615421295166016,1.068380143907335e-05,correctness_diagnostic,NUMERICAL_DIAGNOSTIC_NOT_PERFORMANCE,poc_flashvep/deepep_revalidation/results/scheduling_overlap_successor_mining_20260908_161510/nanoflow_runs/numerical_resume_20260909_b4_retry1/b0_graph.run_meta.json
numerical_resume_20260909_b4_retry1:b0_graph.run_meta:30,NANOFLOW,Native graph/split output correctness,2026-09-09T01:29:14.190323+00:00,2026-09-09T01:29:14.199039+00:00,"4,5,6,7",0.00871586799621582,9.684297773573134e-06,correctness_diagnostic,NUMERICAL_DIAGNOSTIC_NOT_PERFORMANCE,poc_flashvep/deepep_revalidation/results/scheduling_overlap_successor_mining_20260908_161510/nanoflow_runs/numerical_resume_20260909_b4_retry1/b0_graph.run_meta.json
numerical_resume_20260909_b4_retry1:b0_graph.run_meta:31,NANOFLOW,Native graph/split output correctness,2026-09-09T01:29:14.199129+00:00,2026-09-09T01:29:14.207775+00:00,"4,5,6,7",0.008645772933959961,9.606414371066623e-06,correctness_diagnostic,NUMERICAL_DIAGNOSTIC_NOT_PERFORMANCE,poc_flashvep/deepep_revalidation/results/scheduling_overlap_successor_mining_20260908_161510/nanoflow_runs/numerical_resume_20260909_b4_retry1/b0_graph.run_meta.json
numerical_resume_20260909_b4_retry1:b0_graph.run_meta:32,NANOFLOW,Native graph/split output correctness,2026-09-09T01:29:14.207864+00:00,2026-09-09T01:29:14.216533+00:00,"4,5,6,7",0.008668899536132812,9.632110595703125e-06,correctness_diagnostic,NUMERICAL_DIAGNOSTIC_NOT_PERFORMANCE,poc_flashvep/deepep_revalidation/results/scheduling_overlap_successor_mining_20260908_161510/nanoflow_runs/numerical_resume_20260909_b4_retry1/b0_graph.run_meta.json
numerical_resume_20260909_b4_retry1:b0_graph.run_meta:33,NANOFLOW,Native graph/split output correctness,2026-09-09T01:29:14.216614+00:00,2026-09-09T01:29:14.225350+00:00,"4,5,6,7",0.008735895156860352,9.70655017428928e-06,correctness_diagnostic,NUMERICAL_DIAGNOSTIC_NOT_PERFORMANCE,poc_flashvep/deepep_revalidation/results/scheduling_overlap_successor_mining_20260908_161510/nanoflow_runs/numerical_resume_20260909_b4_retry1/b0_graph.run_meta.json
numerical_resume_20260909_b4_retry1:b1_plan2_graph.run_meta:1,NANOFLOW,Native graph/split output correctness,2026-09-09T01:28:47.056301+00:00,2026-09-09T01:28:47.089350+00:00,"4,5,6,7",0.03304934501647949,3.672149446275499e-05,correctness_diagnostic,NUMERICAL_DIAGNOSTIC_NOT_PERFORMANCE,poc_flashvep/deepep_revalidation/results/scheduling_overlap_successor_mining_20260908_161510/nanoflow_runs/numerical_resume_20260909_b4_retry1/b1_plan2_graph.run_meta.json
numerical_resume_20260909_b4_retry1:b1_plan2_graph.run_meta:2,NANOFLOW,Native graph/split output correctness,2026-09-09T01:28:47.089533+00:00,2026-09-09T01:28:47.126664+00:00,"4,5,6,7",0.03713035583496094,4.125595092773437e-05,correctness_diagnostic,NUMERICAL_DIAGNOSTIC_NOT_PERFORMANCE,poc_flashvep/deepep_revalidation/results/scheduling_overlap_successor_mining_20260908_161510/nanoflow_runs/numerical_resume_20260909_b4_retry1/b1_plan2_graph.run_meta.json
numerical_resume_20260909_b4_retry1:b1_plan2_graph.run_meta:3,NANOFLOW,Native graph/split output correctness,2026-09-09T01:28:47.126840+00:00,2026-09-09T01:28:49.124936+00:00,"4,5,6,7",1.998096227645874,0.0022201069196065267,correctness_diagnostic,NUMERICAL_DIAGNOSTIC_NOT_PERFORMANCE,poc_flashvep/deepep_revalidation/results/scheduling_overlap_successor_mining_20260908_161510/nanoflow_runs/numerical_resume_20260909_b4_retry1/b1_plan2_graph.run_meta.json
numerical_resume_20260909_b4_retry1:b1_plan2_graph.run_meta:4,NANOFLOW,Native graph/split output correctness,2026-09-09T01:28:49.125173+00:00,2026-09-09T01:28:49.138373+00:00,"4,5,6,7",0.013200044631958008,1.466671625773112e-05,correctness_diagnostic,NUMERICAL_DIAGNOSTIC_NOT_PERFORMANCE,poc_flashvep/deepep_revalidation/results/scheduling_overlap_successor_mining_20260908_161510/nanoflow_runs/numerical_resume_20260909_b4_retry1/b1_plan2_graph.run_meta.json
numerical_resume_20260909_b4_retry1:b1_plan2_graph.run_meta:5,NANOFLOW,Native graph/split output correctness,2026-09-09T01:28:49.138515+00:00,2026-09-09T01:28:49.150188+00:00,"4,5,6,7",0.011673212051391602,1.2970235612657336e-05,correctness_diagnostic,NUMERICAL_DIAGNOSTIC_NOT_PERFORMANCE,poc_flashvep/deepep_revalidation/results/scheduling_overlap_successor_mining_20260908_161510/nanoflow_runs/numerical_resume_20260909_b4_retry1/b1_plan2_graph.run_meta.json
numerical_resume_20260909_b4_retry1:b1_plan2_graph.run_meta:6,NANOFLOW,Native graph/split output correctness,2026-09-09T01:28:49.150332+00:00,2026-09-09T01:28:49.161614+00:00,"4,5,6,7",0.011282205581665039,1.2535783979627822e-05,correctness_diagnostic,NUMERICAL_DIAGNOSTIC_NOT_PERFORMANCE,poc_flashvep/deepep_revalidation/results/scheduling_overlap_successor_mining_20260908_161510/nanoflow_runs/numerical_resume_20260909_b4_retry1/b1_plan2_graph.run_meta.json
numerical_resume_20260909_b4_retry1:b1_plan2_graph.run_meta:7,NANOFLOW,Native graph/split output correctness,2026-09-09T01:28:49.161772+00:00,2026-09-09T01:28:49.176219+00:00,"4,5,6,7",0.014446735382080078,1.6051928202311198e-05,correctness_diagnostic,NUMERICAL_DIAGNOSTIC_NOT_PERFORMANCE,poc_flashvep/deepep_revalidation/results/scheduling_overlap_successor_mining_20260908_161510/nanoflow_runs/numerical_resume_20260909_b4_retry1/b1_plan2_graph.run_meta.json
numerical_resume_20260909_b4_retry1:b1_plan2_graph.run_meta:8,NANOFLOW,Native graph/split output correctness,2026-09-09T01:28:49.176367+00:00,2026-09-09T01:28:49.190555+00:00,"4,5,6,7",0.014188528060913086,1.5765031178792318e-05,correctness_diagnostic,NUMERICAL_DIAGNOSTIC_NOT_PERFORMANCE,poc_flashvep/deepep_revalidation/results/scheduling_overlap_successor_mining_20260908_161510/nanoflow_runs/numerical_resume_20260909_b4_retry1/b1_plan2_graph.run_meta.json
numerical_resume_20260909_b4_retry1:b1_plan2_graph.run_meta:9,NANOFLOW,Native graph/split output correctness,2026-09-09T01:28:49.190711+00:00,2026-09-09T01:28:49.202244+00:00,"4,5,6,7",0.011532306671142578,1.281367407904731e-05,correctness_diagnostic,NUMERICAL_DIAGNOSTIC_NOT_PERFORMANCE,poc_flashvep/deepep_revalidation/results/scheduling_overlap_successor_mining_20260908_161510/nanoflow_runs/numerical_resume_20260909_b4_retry1/b1_plan2_graph.run_meta.json
numerical_resume_20260909_b4_retry1:b1_plan2_graph.run_meta:10,NANOFLOW,Native graph/split output correctness,2026-09-09T01:28:49.202388+00:00,2026-09-09T01:28:49.213182+00:00,"4,5,6,7",0.01079416275024414,1.1993514166937934e-05,correctness_diagnostic,NUMERICAL_DIAGNOSTIC_NOT_PERFORMANCE,poc_flashvep/deepep_revalidation/results/scheduling_overlap_successor_mining_20260908_161510/nanoflow_runs/numerical_resume_20260909_b4_retry1/b1_plan2_graph.run_meta.json
numerical_resume_20260909_b4_retry1:b1_plan2_graph.run_meta:11,NANOFLOW,Native graph/split output correctness,2026-09-09T01:28:49.213324+00:00,2026-09-09T01:28:49.224184+00:00,"4,5,6,7",0.01085972785949707,1.2066364288330078e-05,correctness_diagnostic,NUMERICAL_DIAGNOSTIC_NOT_PERFORMANCE,poc_flashvep/deepep_revalidation/results/scheduling_overlap_successor_mining_20260908_161510/nanoflow_runs/numerical_resume_20260909_b4_retry1/b1_plan2_graph.run_meta.json
numerical_resume_20260909_b4_retry1:b1_plan2_graph.run_meta:12,NANOFLOW,Native graph/split output correctness,2026-09-09T01:28:49.224318+00:00,2026-09-09T01:28:49.235196+00:00,"4,5,6,7",0.010877847671508789,1.2086497412787543e-05,correctness_diagnostic,NUMERICAL_DIAGNOSTIC_NOT_PERFORMANCE,poc_flashvep/deepep_revalidation/results/scheduling_overlap_successor_mining_20260908_161510/nanoflow_runs/numerical_resume_20260909_b4_retry1/b1_plan2_graph.run_meta.json
numerical_resume_20260909_b4_retry1:b1_plan2_graph.run_meta:13,NANOFLOW,Native graph/split output correctness,2026-09-09T01:28:49.235330+00:00,2026-09-09T01:28:49.246016+00:00,"4,5,6,7",0.010685920715332031,1.1873245239257812e-05,correctness_diagnostic,NUMERICAL_DIAGNOSTIC_NOT_PERFORMANCE,poc_flashvep/deepep_revalidation/results/scheduling_overlap_successor_mining_20260908_161510/nanoflow_runs/numerical_resume_20260909_b4_retry1/b1_plan2_graph.run_meta.json
numerical_resume_20260909_b4_retry1:b1_plan2_graph.run_meta:14,NANOFLOW,Native graph/split output correctness,2026-09-09T01:28:49.246151+00:00,2026-09-09T01:28:49.256924+00:00,"4,5,6,7",0.010772705078125,1.1969672309027779e-05,correctness_diagnostic,NUMERICAL_DIAGNOSTIC_NOT_PERFORMANCE,poc_flashvep/deepep_revalidation/results/scheduling_overlap_successor_mining_20260908_161510/nanoflow_runs/numerical_resume_20260909_b4_retry1/b1_plan2_graph.run_meta.json
numerical_resume_20260909_b4_retry1:b1_plan2_graph.run_meta:15,NANOFLOW,Native graph/split output correctness,2026-09-09T01:28:49.257058+00:00,2026-09-09T01:28:49.267867+00:00,"4,5,6,7",0.010808467864990234,1.2009408738878038e-05,correctness_diagnostic,NUMERICAL_DIAGNOSTIC_NOT_PERFORMANCE,poc_flashvep/deepep_revalidation/results/scheduling_overlap_successor_mining_20260908_161510/nanoflow_runs/numerical_resume_20260909_b4_retry1/b1_plan2_graph.run_meta.json
numerical_resume_20260909_b4_retry1:b1_plan2_graph.run_meta:16,NANOFLOW,Native graph/split output correctness,2026-09-09T01:28:49.268006+00:00,2026-09-09T01:28:49.278769+00:00,"4,5,6,7",0.010763168334960938,1.1959075927734374e-05,correctness_diagnostic,NUMERICAL_DIAGNOSTIC_NOT_PERFORMANCE,poc_flashvep/deepep_revalidation/results/scheduling_overlap_successor_mining_20260908_161510/nanoflow_runs/numerical_resume_20260909_b4_retry1/b1_plan2_graph.run_meta.json
numerical_resume_20260909_b4_retry1:b1_plan2_graph.run_meta:17,NANOFLOW,Native graph/split output correctness,2026-09-09T01:28:49.278903+00:00,2026-09-09T01:28:49.290243+00:00,"4,5,6,7",0.011340141296386719,1.2600156995985243e-05,correctness_diagnostic,NUMERICAL_DIAGNOSTIC_NOT_PERFORMANCE,poc_flashvep/deepep_revalidation/results/scheduling_overlap_successor_mining_20260908_161510/nanoflow_runs/numerical_resume_20260909_b4_retry1/b1_plan2_graph.run_meta.json
numerical_resume_20260909_b4_retry1:b1_plan2_graph.run_meta:18,NANOFLOW,Native graph/split output correctness,2026-09-09T01:28:49.290375+00:00,2026-09-09T01:28:49.302362+00:00,"4,5,6,7",0.011987447738647461,1.3319386376274956e-05,correctness_diagnostic,NUMERICAL_DIAGNOSTIC_NOT_PERFORMANCE,poc_flashvep/deepep_revalidation/results/scheduling_overlap_successor_mining_20260908_161510/nanoflow_runs/numerical_resume_20260909_b4_retry1/b1_plan2_graph.run_meta.json
numerical_resume_20260909_b4_retry1:b1_plan2_graph.run_meta:19,NANOFLOW,Native graph/split output correctness,2026-09-09T01:28:49.302497+00:00,2026-09-09T01:28:49.313551+00:00,"4,5,6,7",0.011054039001464844,1.228226555718316e-05,correctness_diagnostic,NUMERICAL_DIAGNOSTIC_NOT_PERFORMANCE,poc_flashvep/deepep_revalidation/results/scheduling_overlap_successor_mining_20260908_161510/nanoflow_runs/numerical_resume_20260909_b4_retry1/b1_plan2_graph.run_meta.json
numerical_resume_20260909_b4_retry1:b1_plan2_graph.run_meta:20,NANOFLOW,Native graph/split output correctness,2026-09-09T01:28:49.313696+00:00,2026-09-09T01:28:49.324738+00:00,"4,5,6,7",0.011041879653930664,1.226875517103407e-05,correctness_diagnostic,NUMERICAL_DIAGNOSTIC_NOT_PERFORMANCE,poc_flashvep/deepep_revalidation/results/scheduling_overlap_successor_mining_20260908_161510/nanoflow_runs/numerical_resume_20260909_b4_retry1/b1_plan2_graph.run_meta.json
numerical_resume_20260909_b4_retry1:b1_plan2_graph.run_meta:21,NANOFLOW,Native graph/split output correctness,2026-09-09T01:28:49.324879+00:00,2026-09-09T01:28:49.335868+00:00,"4,5,6,7",0.01098942756652832,1.2210475073920356e-05,correctness_diagnostic,NUMERICAL_DIAGNOSTIC_NOT_PERFORMANCE,poc_flashvep/deepep_revalidation/results/scheduling_overlap_successor_mining_20260908_161510/nanoflow_runs/numerical_resume_20260909_b4_retry1/b1_plan2_graph.run_meta.json
numerical_resume_20260909_b4_retry1:b1_plan2_graph.run_meta:22,NANOFLOW,Native graph/split output correctness,2026-09-09T01:28:49.336002+00:00,2026-09-09T01:28:49.346709+00:00,"4,5,6,7",0.010706901550292969,1.1896557278103298e-05,correctness_diagnostic,NUMERICAL_DIAGNOSTIC_NOT_PERFORMANCE,poc_flashvep/deepep_revalidation/results/scheduling_overlap_successor_mining_20260908_161510/nanoflow_runs/numerical_resume_20260909_b4_retry1/b1_plan2_graph.run_meta.json
numerical_resume_20260909_b4_retry1:b1_plan2_graph.run_meta:23,NANOFLOW,Native graph/split output correctness,2026-09-09T01:28:49.346941+00:00,2026-09-09T01:28:49.359362+00:00,"4,5,6,7",0.012421131134033203,1.3801256815592447e-05,correctness_diagnostic,NUMERICAL_DIAGNOSTIC_NOT_PERFORMANCE,poc_flashvep/deepep_revalidation/results/scheduling_overlap_successor_mining_20260908_161510/nanoflow_runs/numerical_resume_20260909_b4_retry1/b1_plan2_graph.run_meta.json
numerical_resume_20260909_b4_retry1:b1_plan2_graph.run_meta:24,NANOFLOW,Native graph/split output correctness,2026-09-09T01:28:49.359441+00:00,2026-09-09T01:28:49.374222+00:00,"4,5,6,7",0.014780521392822266,1.6422801547580296e-05,correctness_diagnostic,NUMERICAL_DIAGNOSTIC_NOT_PERFORMANCE,poc_flashvep/deepep_revalidation/results/scheduling_overlap_successor_mining_20260908_161510/nanoflow_runs/numerical_resume_20260909_b4_retry1/b1_plan2_graph.run_meta.json
numerical_resume_20260909_b4_retry1:b1_plan2_graph.run_meta:25,NANOFLOW,Native graph/split output correctness,2026-09-09T01:28:49.374297+00:00,2026-09-09T01:28:49.387265+00:00,"4,5,6,7",0.012968301773071289,1.4409224192301432e-05,correctness_diagnostic,NUMERICAL_DIAGNOSTIC_NOT_PERFORMANCE,poc_flashvep/deepep_revalidation/results/scheduling_overlap_successor_mining_20260908_161510/nanoflow_runs/numerical_resume_20260909_b4_retry1/b1_plan2_graph.run_meta.json
numerical_resume_20260909_b4_retry1:b1_plan2_graph.run_meta:26,NANOFLOW,Native graph/split output correctness,2026-09-09T01:28:49.387338+00:00,2026-09-09T01:28:49.399304+00:00,"4,5,6,7",0.011965274810791016,1.3294749789767795e-05,correctness_diagnostic,NUMERICAL_DIAGNOSTIC_NOT_PERFORMANCE,poc_flashvep/deepep_revalidation/results/scheduling_overlap_successor_mining_20260908_161510/nanoflow_runs/numerical_resume_20260909_b4_retry1/b1_plan2_graph.run_meta.json
numerical_resume_20260909_b4_retry1:b1_plan2_graph.run_meta:27,NANOFLOW,Native graph/split output correctness,2026-09-09T01:28:49.399391+00:00,2026-09-09T01:28:49.411596+00:00,"4,5,6,7",0.012204885482788086,1.356098386976454e-05,correctness_diagnostic,NUMERICAL_DIAGNOSTIC_NOT_PERFORMANCE,poc_flashvep/deepep_revalidation/results/scheduling_overlap_successor_mining_20260908_161510/nanoflow_runs/numerical_resume_20260909_b4_retry1/b1_plan2_graph.run_meta.json
numerical_resume_20260909_b4_retry1:b1_plan2_graph.run_meta:28,NANOFLOW,Native graph/split output correctness,2026-09-09T01:28:49.411707+00:00,2026-09-09T01:28:49.423541+00:00,"4,5,6,7",0.01183319091796875,1.3147989908854167e-05,correctness_diagnostic,NUMERICAL_DIAGNOSTIC_NOT_PERFORMANCE,poc_flashvep/deepep_revalidation/results/scheduling_overlap_successor_mining_20260908_161510/nanoflow_runs/numerical_resume_20260909_b4_retry1/b1_plan2_graph.run_meta.json
numerical_resume_20260909_b4_retry1:b1_plan2_graph.run_meta:29,NANOFLOW,Native graph/split output correctness,2026-09-09T01:28:49.423681+00:00,2026-09-09T01:28:49.435425+00:00,"4,5,6,7",0.011743783950805664,1.3048648834228515e-05,correctness_diagnostic,NUMERICAL_DIAGNOSTIC_NOT_PERFORMANCE,poc_flashvep/deepep_revalidation/results/scheduling_overlap_successor_mining_20260908_161510/nanoflow_runs/numerical_resume_20260909_b4_retry1/b1_plan2_graph.run_meta.json
numerical_resume_20260909_b4_retry1:b1_plan2_graph.run_meta:30,NANOFLOW,Native graph/split output correctness,2026-09-09T01:28:49.435558+00:00,2026-09-09T01:28:49.447728+00:00,"4,5,6,7",0.012170076370239258,1.352230707804362e-05,correctness_diagnostic,NUMERICAL_DIAGNOSTIC_NOT_PERFORMANCE,poc_flashvep/deepep_revalidation/results/scheduling_overlap_successor_mining_20260908_161510/nanoflow_runs/numerical_resume_20260909_b4_retry1/b1_plan2_graph.run_meta.json
numerical_resume_20260909_b4_retry1:b1_plan2_graph.run_meta:31,NANOFLOW,Native graph/split output correctness,2026-09-09T01:28:49.447875+00:00,2026-09-09T01:28:49.463232+00:00,"4,5,6,7",0.015356779098510742,1.7063087887234158e-05,correctness_diagnostic,NUMERICAL_DIAGNOSTIC_NOT_PERFORMANCE,poc_flashvep/deepep_revalidation/results/scheduling_overlap_successor_mining_20260908_161510/nanoflow_runs/numerical_resume_20260909_b4_retry1/b1_plan2_graph.run_meta.json
numerical_resume_20260909_b4_retry1:b1_plan2_graph.run_meta:32,NANOFLOW,Native graph/split output correctness,2026-09-09T01:28:49.463389+00:00,2026-09-09T01:28:49.476107+00:00,"4,5,6,7",0.012717962265014648,1.413106918334961e-05,correctness_diagnostic,NUMERICAL_DIAGNOSTIC_NOT_PERFORMANCE,poc_flashvep/deepep_revalidation/results/scheduling_overlap_successor_mining_20260908_161510/nanoflow_runs/numerical_resume_20260909_b4_retry1/b1_plan2_graph.run_meta.json
numerical_resume_20260909_b4_retry1:b1_plan2_graph.run_meta:33,NANOFLOW,Native graph/split output correctness,2026-09-09T01:28:49.476265+00:00,2026-09-09T01:28:49.488288+00:00,"4,5,6,7",0.01202249526977539,1.3358328077528211e-05,correctness_diagnostic,NUMERICAL_DIAGNOSTIC_NOT_PERFORMANCE,poc_flashvep/deepep_revalidation/results/scheduling_overlap_successor_mining_20260908_161510/nanoflow_runs/numerical_resume_20260909_b4_retry1/b1_plan2_graph.run_meta.json
numerical_resume_20260909_b4_retry1:b1_graph.run_meta:1,NANOFLOW,Native graph/split output correctness,2026-09-09T01:28:12.653202+00:00,2026-09-09T01:28:12.714070+00:00,"4,5,6,7",0.06086850166320801,6.763166851467556e-05,correctness_diagnostic,NUMERICAL_DIAGNOSTIC_NOT_PERFORMANCE,poc_flashvep/deepep_revalidation/results/scheduling_overlap_successor_mining_20260908_161510/nanoflow_runs/numerical_resume_20260909_b4_retry1/b1_graph.run_meta.json
numerical_resume_20260909_b4_retry1:b1_graph.run_meta:2,NANOFLOW,Native graph/split output correctness,2026-09-09T01:28:12.714155+00:00,2026-09-09T01:28:12.803499+00:00,"4,5,6,7",0.08934330940246582,9.927034378051758e-05,correctness_diagnostic,NUMERICAL_DIAGNOSTIC_NOT_PERFORMANCE,poc_flashvep/deepep_revalidation/results/scheduling_overlap_successor_mining_20260908_161510/nanoflow_runs/numerical_resume_20260909_b4_retry1/b1_graph.run_meta.json
numerical_resume_20260909_b4_retry1:b1_graph.run_meta:3,NANOFLOW,Native graph/split output correctness,2026-09-09T01:28:12.803588+00:00,2026-09-09T01:28:13.333792+00:00,"4,5,6,7",0.5302042961120605,0.0005891158845689561,correctness_diagnostic,NUMERICAL_DIAGNOSTIC_NOT_PERFORMANCE,poc_flashvep/deepep_revalidation/results/scheduling_overlap_successor_mining_20260908_161510/nanoflow_runs/numerical_resume_20260909_b4_retry1/b1_graph.run_meta.json
numerical_resume_20260909_b4_retry1:b1_graph.run_meta:4,NANOFLOW,Native graph/split output correctness,2026-09-09T01:28:13.333936+00:00,2026-09-09T01:28:13.343029+00:00,"4,5,6,7",0.009092330932617188,1.0102589925130209e-05,correctness_diagnostic,NUMERICAL_DIAGNOSTIC_NOT_PERFORMANCE,poc_flashvep/deepep_revalidation/results/scheduling_overlap_successor_mining_20260908_161510/nanoflow_runs/numerical_resume_20260909_b4_retry1/b1_graph.run_meta.json
numerical_resume_20260909_b4_retry1:b1_graph.run_meta:5,NANOFLOW,Native graph/split output correctness,2026-09-09T01:28:13.343132+00:00,2026-09-09T01:28:13.351882+00:00,"4,5,6,7",0.00874948501586914,9.721650017632379e-06,correctness_diagnostic,NUMERICAL_DIAGNOSTIC_NOT_PERFORMANCE,poc_flashvep/deepep_revalidation/results/scheduling_overlap_successor_mining_20260908_161510/nanoflow_runs/numerical_resume_20260909_b4_retry1/b1_graph.run_meta.json
numerical_resume_20260909_b4_retry1:b1_graph.run_meta:6,NANOFLOW,Native graph/split output correctness,2026-09-09T01:28:13.351982+00:00,2026-09-09T01:28:13.360379+00:00,"4,5,6,7",0.008397340774536133,9.330378638373482e-06,correctness_diagnostic,NUMERICAL_DIAGNOSTIC_NOT_PERFORMANCE,poc_flashvep/deepep_revalidation/results/scheduling_overlap_successor_mining_20260908_161510/nanoflow_runs/numerical_resume_20260909_b4_retry1/b1_graph.run_meta.json
numerical_resume_20260909_b4_retry1:b1_graph.run_meta:7,NANOFLOW,Native graph/split output correctness,2026-09-09T01:28:13.360479+00:00,2026-09-09T01:28:13.369174+00:00,"4,5,6,7",0.008695363998413086,9.661515553792318e-06,correctness_diagnostic,NUMERICAL_DIAGNOSTIC_NOT_PERFORMANCE,poc_flashvep/deepep_revalidation/results/scheduling_overlap_successor_mining_20260908_161510/nanoflow_runs/numerical_resume_20260909_b4_retry1/b1_graph.run_meta.json
numerical_resume_20260909_b4_retry1:b1_graph.run_meta:8,NANOFLOW,Native graph/split output correctness,2026-09-09T01:28:13.369328+00:00,2026-09-09T01:28:13.377732+00:00,"4,5,6,7",0.008404016494750977,9.337796105278863e-06,correctness_diagnostic,NUMERICAL_DIAGNOSTIC_NOT_PERFORMANCE,poc_flashvep/deepep_revalidation/results/scheduling_overlap_successor_mining_20260908_161510/nanoflow_runs/numerical_resume_20260909_b4_retry1/b1_graph.run_meta.json
numerical_resume_20260909_b4_retry1:b1_graph.run_meta:9,NANOFLOW,Native graph/split output correctness,2026-09-09T01:28:13.377886+00:00,2026-09-09T01:28:13.386446+00:00,"4,5,6,7",0.008560419082641602,9.511576758490669e-06,correctness_diagnostic,NUMERICAL_DIAGNOSTIC_NOT_PERFORMANCE,poc_flashvep/deepep_revalidation/results/scheduling_overlap_successor_mining_20260908_161510/nanoflow_runs/numerical_resume_20260909_b4_retry1/b1_graph.run_meta.json
numerical_resume_20260909_b4_retry1:b1_graph.run_meta:10,NANOFLOW,Native graph/split output correctness,2026-09-09T01:28:13.386591+00:00,2026-09-09T01:28:13.394913+00:00,"4,5,6,7",0.008322477340698242,9.247197045220269e-06,correctness_diagnostic,NUMERICAL_DIAGNOSTIC_NOT_PERFORMANCE,poc_flashvep/deepep_revalidation/results/scheduling_overlap_successor_mining_20260908_161510/nanoflow_runs/numerical_resume_20260909_b4_retry1/b1_graph.run_meta.json
numerical_resume_20260909_b4_retry1:b1_graph.run_meta:11,NANOFLOW,Native graph/split output correctness,2026-09-09T01:28:13.395055+00:00,2026-09-09T01:28:13.403483+00:00,"4,5,6,7",0.008428812026977539,9.36534669664171e-06,correctness_diagnostic,NUMERICAL_DIAGNOSTIC_NOT_PERFORMANCE,poc_flashvep/deepep_revalidation/results/scheduling_overlap_successor_mining_20260908_161510/nanoflow_runs/numerical_resume_20260909_b4_retry1/b1_graph.run_meta.json
numerical_resume_20260909_b4_retry1:b1_graph.run_meta:12,NANOFLOW,Native graph/split output correctness,2026-09-09T01:28:13.403640+00:00,2026-09-09T01:28:13.411724+00:00,"4,5,6,7",0.008083820343017578,8.982022603352864e-06,correctness_diagnostic,NUMERICAL_DIAGNOSTIC_NOT_PERFORMANCE,poc_flashvep/deepep_revalidation/results/scheduling_overlap_successor_mining_20260908_161510/nanoflow_runs/numerical_resume_20260909_b4_retry1/b1_graph.run_meta.json
numerical_resume_20260909_b4_retry1:b1_graph.run_meta:13,NANOFLOW,Native graph/split output correctness,2026-09-09T01:28:13.411870+00:00,2026-09-09T01:28:13.420125+00:00,"4,5,6,7",0.008255481719970703,9.172757466634115e-06,correctness_diagnostic,NUMERICAL_DIAGNOSTIC_NOT_PERFORMANCE,poc_flashvep/deepep_revalidation/results/scheduling_overlap_successor_mining_20260908_161510/nanoflow_runs/numerical_resume_20260909_b4_retry1/b1_graph.run_meta.json
numerical_resume_20260909_b4_retry1:b1_graph.run_meta:14,NANOFLOW,Native graph/split output correctness,2026-09-09T01:28:13.420282+00:00,2026-09-09T01:28:13.428718+00:00,"4,5,6,7",0.008435487747192383,9.372764163547093e-06,correctness_diagnostic,NUMERICAL_DIAGNOSTIC_NOT_PERFORMANCE,poc_flashvep/deepep_revalidation/results/scheduling_overlap_successor_mining_20260908_161510/nanoflow_runs/numerical_resume_20260909_b4_retry1/b1_graph.run_meta.json
numerical_resume_20260909_b4_retry1:b1_graph.run_meta:15,NANOFLOW,Native graph/split output correctness,2026-09-09T01:28:13.428874+00:00,2026-09-09T01:28:13.437458+00:00,"4,5,6,7",0.00858449935913086,9.53833262125651e-06,correctness_diagnostic,NUMERICAL_DIAGNOSTIC_NOT_PERFORMANCE,poc_flashvep/deepep_revalidation/results/scheduling_overlap_successor_mining_20260908_161510/nanoflow_runs/numerical_resume_20260909_b4_retry1/b1_graph.run_meta.json
numerical_resume_20260909_b4_retry1:b1_graph.run_meta:16,NANOFLOW,Native graph/split output correctness,2026-09-09T01:28:13.437619+00:00,2026-09-09T01:28:13.447843+00:00,"4,5,6,7",0.010224342346191406,1.1360380384657119e-05,correctness_diagnostic,NUMERICAL_DIAGNOSTIC_NOT_PERFORMANCE,poc_flashvep/deepep_revalidation/results/scheduling_overlap_successor_mining_20260908_161510/nanoflow_runs/numerical_resume_20260909_b4_retry1/b1_graph.run_meta.json
numerical_resume_20260909_b4_retry1:b1_graph.run_meta:17,NANOFLOW,Native graph/split output correctness,2026-09-09T01:28:13.447994+00:00,2026-09-09T01:28:13.458215+00:00,"4,5,6,7",0.010221004486083984,1.1356671651204427e-05,correctness_diagnostic,NUMERICAL_DIAGNOSTIC_NOT_PERFORMANCE,poc_flashvep/deepep_revalidation/results/scheduling_overlap_successor_mining_20260908_161510/nanoflow_runs/numerical_resume_20260909_b4_retry1/b1_graph.run_meta.json
numerical_resume_20260909_b4_retry1:b1_graph.run_meta:18,NANOFLOW,Native graph/split output correctness,2026-09-09T01:28:13.458363+00:00,2026-09-09T01:28:13.468866+00:00,"4,5,6,7",0.010502815246582031,1.1669794718424479e-05,correctness_diagnostic,NUMERICAL_DIAGNOSTIC_NOT_PERFORMANCE,poc_flashvep/deepep_revalidation/results/scheduling_overlap_successor_mining_20260908_161510/nanoflow_runs/numerical_resume_20260909_b4_retry1/b1_graph.run_meta.json
numerical_resume_20260909_b4_retry1:b1_graph.run_meta:19,NANOFLOW,Native graph/split output correctness,2026-09-09T01:28:13.469015+00:00,2026-09-09T01:28:13.478816+00:00,"4,5,6,7",0.009800434112548828,1.0889371236165364e-05,correctness_diagnostic,NUMERICAL_DIAGNOSTIC_NOT_PERFORMANCE,poc_flashvep/deepep_revalidation/results/scheduling_overlap_successor_mining_20260908_161510/nanoflow_runs/numerical_resume_20260909_b4_retry1/b1_graph.run_meta.json
numerical_resume_20260909_b4_retry1:b1_graph.run_meta:20,NANOFLOW,Native graph/split output correctness,2026-09-09T01:28:13.478955+00:00,2026-09-09T01:28:13.491876+00:00,"4,5,6,7",0.012920856475830078,1.4356507195366753e-05,correctness_diagnostic,NUMERICAL_DIAGNOSTIC_NOT_PERFORMANCE,poc_flashvep/deepep_revalidation/results/scheduling_overlap_successor_mining_20260908_161510/nanoflow_runs/numerical_resume_20260909_b4_retry1/b1_graph.run_meta.json
numerical_resume_20260909_b4_retry1:b1_graph.run_meta:21,NANOFLOW,Native graph/split output correctness,2026-09-09T01:28:13.492012+00:00,2026-09-09T01:28:13.503401+00:00,"4,5,6,7",0.01138925552368164,1.2654728359646267e-05,correctness_diagnostic,NUMERICAL_DIAGNOSTIC_NOT_PERFORMANCE,poc_flashvep/deepep_revalidation/results/scheduling_overlap_successor_mining_20260908_161510/nanoflow_runs/numerical_resume_20260909_b4_retry1/b1_graph.run_meta.json
numerical_resume_20260909_b4_retry1:b1_graph.run_meta:22,NANOFLOW,Native graph/split output correctness,2026-09-09T01:28:13.503538+00:00,2026-09-09T01:28:13.513417+00:00,"4,5,6,7",0.009878873825073242,1.0976526472303603e-05,correctness_diagnostic,NUMERICAL_DIAGNOSTIC_NOT_PERFORMANCE,poc_flashvep/deepep_revalidation/results/scheduling_overlap_successor_mining_20260908_161510/nanoflow_runs/numerical_resume_20260909_b4_retry1/b1_graph.run_meta.json
numerical_resume_20260909_b4_retry1:b1_graph.run_meta:23,NANOFLOW,Native graph/split output correctness,2026-09-09T01:28:13.513576+00:00,2026-09-09T01:28:13.523529+00:00,"4,5,6,7",0.009952545166015625,1.105838351779514e-05,correctness_diagnostic,NUMERICAL_DIAGNOSTIC_NOT_PERFORMANCE,poc_flashvep/deepep_revalidation/results/scheduling_overlap_successor_mining_20260908_161510/nanoflow_runs/numerical_resume_20260909_b4_retry1/b1_graph.run_meta.json
numerical_resume_20260909_b4_retry1:b1_graph.run_meta:24,NANOFLOW,Native graph/split output correctness,2026-09-09T01:28:13.523695+00:00,2026-09-09T01:28:13.533648+00:00,"4,5,6,7",0.009952306747436523,1.1058118608262804e-05,correctness_diagnostic,NUMERICAL_DIAGNOSTIC_NOT_PERFORMANCE,poc_flashvep/deepep_revalidation/results/scheduling_overlap_successor_mining_20260908_161510/nanoflow_runs/numerical_resume_20260909_b4_retry1/b1_graph.run_meta.json
numerical_resume_20260909_b4_retry1:b1_graph.run_meta:25,NANOFLOW,Native graph/split output correctness,2026-09-09T01:28:13.533791+00:00,2026-09-09T01:28:13.543548+00:00,"4,5,6,7",0.009756803512573242,1.0840892791748047e-05,correctness_diagnostic,NUMERICAL_DIAGNOSTIC_NOT_PERFORMANCE,poc_flashvep/deepep_revalidation/results/scheduling_overlap_successor_mining_20260908_161510/nanoflow_runs/numerical_resume_20260909_b4_retry1/b1_graph.run_meta.json
numerical_resume_20260909_b4_retry1:b1_graph.run_meta:26,NANOFLOW,Native graph/split output correctness,2026-09-09T01:28:13.543710+00:00,2026-09-09T01:28:13.553522+00:00,"4,5,6,7",0.009811639785766602,1.0901821984185114e-05,correctness_diagnostic,NUMERICAL_DIAGNOSTIC_NOT_PERFORMANCE,poc_flashvep/deepep_revalidation/results/scheduling_overlap_successor_mining_20260908_161510/nanoflow_runs/numerical_resume_20260909_b4_retry1/b1_graph.run_meta.json
numerical_resume_20260909_b4_retry1:b1_graph.run_meta:27,NANOFLOW,Native graph/split output correctness,2026-09-09T01:28:13.553686+00:00,2026-09-09T01:28:13.562960+00:00,"4,5,6,7",0.009274005889892578,1.0304450988769531e-05,correctness_diagnostic,NUMERICAL_DIAGNOSTIC_NOT_PERFORMANCE,poc_flashvep/deepep_revalidation/results/scheduling_overlap_successor_mining_20260908_161510/nanoflow_runs/numerical_resume_20260909_b4_retry1/b1_graph.run_meta.json
numerical_resume_20260909_b4_retry1:b1_graph.run_meta:28,NANOFLOW,Native graph/split output correctness,2026-09-09T01:28:13.563112+00:00,2026-09-09T01:28:13.572876+00:00,"4,5,6,7",0.009764432907104492,1.0849369896782768e-05,correctness_diagnostic,NUMERICAL_DIAGNOSTIC_NOT_PERFORMANCE,poc_flashvep/deepep_revalidation/results/scheduling_overlap_successor_mining_20260908_161510/nanoflow_runs/numerical_resume_20260909_b4_retry1/b1_graph.run_meta.json
numerical_resume_20260909_b4_retry1:b1_graph.run_meta:29,NANOFLOW,Native graph/split output correctness,2026-09-09T01:28:13.573024+00:00,2026-09-09T01:28:13.582849+00:00,"4,5,6,7",0.00982522964477539,1.0916921827528212e-05,correctness_diagnostic,NUMERICAL_DIAGNOSTIC_NOT_PERFORMANCE,poc_flashvep/deepep_revalidation/results/scheduling_overlap_successor_mining_20260908_161510/nanoflow_runs/numerical_resume_20260909_b4_retry1/b1_graph.run_meta.json
numerical_resume_20260909_b4_retry1:b1_graph.run_meta:30,NANOFLOW,Native graph/split output correctness,2026-09-09T01:28:13.582990+00:00,2026-09-09T01:28:13.592804+00:00,"4,5,6,7",0.009814262390136719,1.0904735989040799e-05,correctness_diagnostic,NUMERICAL_DIAGNOSTIC_NOT_PERFORMANCE,poc_flashvep/deepep_revalidation/results/scheduling_overlap_successor_mining_20260908_161510/nanoflow_runs/numerical_resume_20260909_b4_retry1/b1_graph.run_meta.json
numerical_resume_20260909_b4_retry1:b1_graph.run_meta:31,NANOFLOW,Native graph/split output correctness,2026-09-09T01:28:13.592946+00:00,2026-09-09T01:28:13.602950+00:00,"4,5,6,7",0.010004043579101562,1.1115603976779513e-05,correctness_diagnostic,NUMERICAL_DIAGNOSTIC_NOT_PERFORMANCE,poc_flashvep/deepep_revalidation/results/scheduling_overlap_successor_mining_20260908_161510/nanoflow_runs/numerical_resume_20260909_b4_retry1/b1_graph.run_meta.json
numerical_resume_20260909_b4_retry1:b1_graph.run_meta:32,NANOFLOW,Native graph/split output correctness,2026-09-09T01:28:13.603104+00:00,2026-09-09T01:28:13.612986+00:00,"4,5,6,7",0.009882211685180664,1.0980235205756293e-05,correctness_diagnostic,NUMERICAL_DIAGNOSTIC_NOT_PERFORMANCE,poc_flashvep/deepep_revalidation/results/scheduling_overlap_successor_mining_20260908_161510/nanoflow_runs/numerical_resume_20260909_b4_retry1/b1_graph.run_meta.json
numerical_resume_20260909_b4_retry1:b1_graph.run_meta:33,NANOFLOW,Native graph/split output correctness,2026-09-09T01:28:13.613129+00:00,2026-09-09T01:28:13.623536+00:00,"4,5,6,7",0.010406494140625,1.1562771267361111e-05,correctness_diagnostic,NUMERICAL_DIAGNOSTIC_NOT_PERFORMANCE,poc_flashvep/deepep_revalidation/results/scheduling_overlap_successor_mining_20260908_161510/nanoflow_runs/numerical_resume_20260909_b4_retry1/b1_graph.run_meta.json
numerical_resume_20260909_b4_retry1:b0_plan2_graph.run_meta:1,NANOFLOW,Native graph/split output correctness,2026-09-09T01:29:47.469033+00:00,2026-09-09T01:29:47.503052+00:00,"4,5,6,7",0.03401827812194824,3.779808680216471e-05,correctness_diagnostic,NUMERICAL_DIAGNOSTIC_NOT_PERFORMANCE,poc_flashvep/deepep_revalidation/results/scheduling_overlap_successor_mining_20260908_161510/nanoflow_runs/numerical_resume_20260909_b4_retry1/b0_plan2_graph.run_meta.json
numerical_resume_20260909_b4_retry1:b0_plan2_graph.run_meta:2,NANOFLOW,Native graph/split output correctness,2026-09-09T01:29:47.503256+00:00,2026-09-09T01:29:47.542244+00:00,"4,5,6,7",0.03898787498474121,4.33198610941569e-05,correctness_diagnostic,NUMERICAL_DIAGNOSTIC_NOT_PERFORMANCE,poc_flashvep/deepep_revalidation/results/scheduling_overlap_successor_mining_20260908_161510/nanoflow_runs/numerical_resume_20260909_b4_retry1/b0_plan2_graph.run_meta.json
numerical_resume_20260909_b4_retry1:b0_plan2_graph.run_meta:3,NANOFLOW,Native graph/split output correctness,2026-09-09T01:29:47.542433+00:00,2026-09-09T01:29:49.388913+00:00,"4,5,6,7",1.846480131149292,0.00205164459016588,correctness_diagnostic,NUMERICAL_DIAGNOSTIC_NOT_PERFORMANCE,poc_flashvep/deepep_revalidation/results/scheduling_overlap_successor_mining_20260908_161510/nanoflow_runs/numerical_resume_20260909_b4_retry1/b0_plan2_graph.run_meta.json
numerical_resume_20260909_b4_retry1:b0_plan2_graph.run_meta:4,NANOFLOW,Native graph/split output correctness,2026-09-09T01:29:49.389119+00:00,2026-09-09T01:29:49.403857+00:00,"4,5,6,7",0.014738082885742188,1.637564765082465e-05,correctness_diagnostic,NUMERICAL_DIAGNOSTIC_NOT_PERFORMANCE,poc_flashvep/deepep_revalidation/results/scheduling_overlap_successor_mining_20260908_161510/nanoflow_runs/numerical_resume_20260909_b4_retry1/b0_plan2_graph.run_meta.json
numerical_resume_20260909_b4_retry1:b0_plan2_graph.run_meta:5,NANOFLOW,Native graph/split output correctness,2026-09-09T01:29:49.403914+00:00,2026-09-09T01:29:49.418080+00:00,"4,5,6,7",0.01416635513305664,1.5740394592285155e-05,correctness_diagnostic,NUMERICAL_DIAGNOSTIC_NOT_PERFORMANCE,poc_flashvep/deepep_revalidation/results/scheduling_overlap_successor_mining_20260908_161510/nanoflow_runs/numerical_resume_20260909_b4_retry1/b0_plan2_graph.run_meta.json
numerical_resume_20260909_b4_retry1:b0_plan2_graph.run_meta:6,NANOFLOW,Native graph/split output correctness,2026-09-09T01:29:49.418133+00:00,2026-09-09T01:29:49.431434+00:00,"4,5,6,7",0.013300418853759766,1.4778243170844183e-05,correctness_diagnostic,NUMERICAL_DIAGNOSTIC_NOT_PERFORMANCE,poc_flashvep/deepep_revalidation/results/scheduling_overlap_successor_mining_20260908_161510/nanoflow_runs/numerical_resume_20260909_b4_retry1/b0_plan2_graph.run_meta.json
numerical_resume_20260909_b4_retry1:b0_plan2_graph.run_meta:7,NANOFLOW,Native graph/split output correctness,2026-09-09T01:29:49.431491+00:00,2026-09-09T01:29:49.444485+00:00,"4,5,6,7",0.012994527816772461,1.443836424085829e-05,correctness_diagnostic,NUMERICAL_DIAGNOSTIC_NOT_PERFORMANCE,poc_flashvep/deepep_revalidation/results/scheduling_overlap_successor_mining_20260908_161510/nanoflow_runs/numerical_resume_20260909_b4_retry1/b0_plan2_graph.run_meta.json
numerical_resume_20260909_b4_retry1:b0_plan2_graph.run_meta:8,NANOFLOW,Native graph/split output correctness,2026-09-09T01:29:49.444537+00:00,2026-09-09T01:29:49.456736+00:00,"4,5,6,7",0.012199163436889648,1.3554626040988499e-05,correctness_diagnostic,NUMERICAL_DIAGNOSTIC_NOT_PERFORMANCE,poc_flashvep/deepep_revalidation/results/scheduling_overlap_successor_mining_20260908_161510/nanoflow_runs/numerical_resume_20260909_b4_retry1/b0_plan2_graph.run_meta.json
numerical_resume_20260909_b4_retry1:b0_plan2_graph.run_meta:9,NANOFLOW,Native graph/split output correctness,2026-09-09T01:29:49.456789+00:00,2026-09-09T01:29:49.468831+00:00,"4,5,6,7",0.012042522430419922,1.3380580478244357e-05,correctness_diagnostic,NUMERICAL_DIAGNOSTIC_NOT_PERFORMANCE,poc_flashvep/deepep_revalidation/results/scheduling_overlap_successor_mining_20260908_161510/nanoflow_runs/numerical_resume_20260909_b4_retry1/b0_plan2_graph.run_meta.json
numerical_resume_20260909_b4_retry1:b0_plan2_graph.run_meta:10,NANOFLOW,Native graph/split output correctness,2026-09-09T01:29:49.468884+00:00,2026-09-09T01:29:49.480957+00:00,"4,5,6,7",0.012072563171386719,1.3413959079318576e-05,correctness_diagnostic,NUMERICAL_DIAGNOSTIC_NOT_PERFORMANCE,poc_flashvep/deepep_revalidation/results/scheduling_overlap_successor_mining_20260908_161510/nanoflow_runs/numerical_resume_20260909_b4_retry1/b0_plan2_graph.run_meta.json
numerical_resume_20260909_b4_retry1:b0_plan2_graph.run_meta:11,NANOFLOW,Native graph/split output correctness,2026-09-09T01:29:49.481010+00:00,2026-09-09T01:29:49.493162+00:00,"4,5,6,7",0.012151241302490234,1.3501379224989149e-05,correctness_diagnostic,NUMERICAL_DIAGNOSTIC_NOT_PERFORMANCE,poc_flashvep/deepep_revalidation/results/scheduling_overlap_successor_mining_20260908_161510/nanoflow_runs/numerical_resume_20260909_b4_retry1/b0_plan2_graph.run_meta.json
numerical_resume_20260909_b4_retry1:b0_plan2_graph.run_meta:12,NANOFLOW,Native graph/split output correctness,2026-09-09T01:29:49.493212+00:00,2026-09-09T01:29:49.505303+00:00,"4,5,6,7",0.012090444564819336,1.3433827294243707e-05,correctness_diagnostic,NUMERICAL_DIAGNOSTIC_NOT_PERFORMANCE,poc_flashvep/deepep_revalidation/results/scheduling_overlap_successor_mining_20260908_161510/nanoflow_runs/numerical_resume_20260909_b4_retry1/b0_plan2_graph.run_meta.json
numerical_resume_20260909_b4_retry1:b0_plan2_graph.run_meta:13,NANOFLOW,Native graph/split output correctness,2026-09-09T01:29:49.505354+00:00,2026-09-09T01:29:49.517020+00:00,"4,5,6,7",0.011665821075439453,1.2962023417154948e-05,correctness_diagnostic,NUMERICAL_DIAGNOSTIC_NOT_PERFORMANCE,poc_flashvep/deepep_revalidation/results/scheduling_overlap_successor_mining_20260908_161510/nanoflow_runs/numerical_resume_20260909_b4_retry1/b0_plan2_graph.run_meta.json
numerical_resume_20260909_b4_retry1:b0_plan2_graph.run_meta:14,NANOFLOW,Native graph/split output correctness,2026-09-09T01:29:49.517070+00:00,2026-09-09T01:29:49.528593+00:00,"4,5,6,7",0.011522293090820312,1.2802547878689237e-05,correctness_diagnostic,NUMERICAL_DIAGNOSTIC_NOT_PERFORMANCE,poc_flashvep/deepep_revalidation/results/scheduling_overlap_successor_mining_20260908_161510/nanoflow_runs/numerical_resume_20260909_b4_retry1/b0_plan2_graph.run_meta.json
numerical_resume_20260909_b4_retry1:b0_plan2_graph.run_meta:15,NANOFLOW,Native graph/split output correctness,2026-09-09T01:29:49.528644+00:00,2026-09-09T01:29:49.540339+00:00,"4,5,6,7",0.011695623397827148,1.2995137108696831e-05,correctness_diagnostic,NUMERICAL_DIAGNOSTIC_NOT_PERFORMANCE,poc_flashvep/deepep_revalidation/results/scheduling_overlap_successor_mining_20260908_161510/nanoflow_runs/numerical_resume_20260909_b4_retry1/b0_plan2_graph.run_meta.json
numerical_resume_20260909_b4_retry1:b0_plan2_graph.run_meta:16,NANOFLOW,Native graph/split output correctness,2026-09-09T01:29:49.540389+00:00,2026-09-09T01:29:49.552033+00:00,"4,5,6,7",0.011644601821899414,1.2938446468777127e-05,correctness_diagnostic,NUMERICAL_DIAGNOSTIC_NOT_PERFORMANCE,poc_flashvep/deepep_revalidation/results/scheduling_overlap_successor_mining_20260908_161510/nanoflow_runs/numerical_resume_20260909_b4_retry1/b0_plan2_graph.run_meta.json
numerical_resume_20260909_b4_retry1:b0_plan2_graph.run_meta:17,NANOFLOW,Native graph/split output correctness,2026-09-09T01:29:49.552099+00:00,2026-09-09T01:29:49.563585+00:00,"4,5,6,7",0.011485815048217773,1.276201672024197e-05,correctness_diagnostic,NUMERICAL_DIAGNOSTIC_NOT_PERFORMANCE,poc_flashvep/deepep_revalidation/results/scheduling_overlap_successor_mining_20260908_161510/nanoflow_runs/numerical_resume_20260909_b4_retry1/b0_plan2_graph.run_meta.json
numerical_resume_20260909_b4_retry1:b0_plan2_graph.run_meta:18,NANOFLOW,Native graph/split output correctness,2026-09-09T01:29:49.563637+00:00,2026-09-09T01:29:49.575139+00:00,"4,5,6,7",0.011501789093017578,1.277976565890842e-05,correctness_diagnostic,NUMERICAL_DIAGNOSTIC_NOT_PERFORMANCE,poc_flashvep/deepep_revalidation/results/scheduling_overlap_successor_mining_20260908_161510/nanoflow_runs/numerical_resume_20260909_b4_retry1/b0_plan2_graph.run_meta.json
numerical_resume_20260909_b4_retry1:b0_plan2_graph.run_meta:19,NANOFLOW,Native graph/split output correctness,2026-09-09T01:29:49.575192+00:00,2026-09-09T01:29:49.586710+00:00,"4,5,6,7",0.011518716812133789,1.2798574235704211e-05,correctness_diagnostic,NUMERICAL_DIAGNOSTIC_NOT_PERFORMANCE,poc_flashvep/deepep_revalidation/results/scheduling_overlap_successor_mining_20260908_161510/nanoflow_runs/numerical_resume_20260909_b4_retry1/b0_plan2_graph.run_meta.json
numerical_resume_20260909_b4_retry1:b0_plan2_graph.run_meta:20,NANOFLOW,Native graph/split output correctness,2026-09-09T01:29:49.586794+00:00,2026-09-09T01:29:49.598335+00:00,"4,5,6,7",0.011540889739990234,1.2823210822211372e-05,correctness_diagnostic,NUMERICAL_DIAGNOSTIC_NOT_PERFORMANCE,poc_flashvep/deepep_revalidation/results/scheduling_overlap_successor_mining_20260908_161510/nanoflow_runs/numerical_resume_20260909_b4_retry1/b0_plan2_graph.run_meta.json
numerical_resume_20260909_b4_retry1:b0_plan2_graph.run_meta:21,NANOFLOW,Native graph/split output correctness,2026-09-09T01:29:49.598455+00:00,2026-09-09T01:29:49.609895+00:00,"4,5,6,7",0.011439800262451172,1.2710889180501302e-05,correctness_diagnostic,NUMERICAL_DIAGNOSTIC_NOT_PERFORMANCE,poc_flashvep/deepep_revalidation/results/scheduling_overlap_successor_mining_20260908_161510/nanoflow_runs/numerical_resume_20260909_b4_retry1/b0_plan2_graph.run_meta.json
numerical_resume_20260909_b4_retry1:b0_plan2_graph.run_meta:22,NANOFLOW,Native graph/split output correctness,2026-09-09T01:29:49.609951+00:00,2026-09-09T01:29:49.621277+00:00,"4,5,6,7",0.011325359344482422,1.2583732604980469e-05,correctness_diagnostic,NUMERICAL_DIAGNOSTIC_NOT_PERFORMANCE,poc_flashvep/deepep_revalidation/results/scheduling_overlap_successor_mining_20260908_161510/nanoflow_runs/numerical_resume_20260909_b4_retry1/b0_plan2_graph.run_meta.json
numerical_resume_20260909_b4_retry1:b0_plan2_graph.run_meta:23,NANOFLOW,Native graph/split output correctness,2026-09-09T01:29:49.621331+00:00,2026-09-09T01:29:49.632523+00:00,"4,5,6,7",0.011191844940185547,1.243538326687283e-05,correctness_diagnostic,NUMERICAL_DIAGNOSTIC_NOT_PERFORMANCE,poc_flashvep/deepep_revalidation/results/scheduling_overlap_successor_mining_20260908_161510/nanoflow_runs/numerical_resume_20260909_b4_retry1/b0_plan2_graph.run_meta.json
numerical_resume_20260909_b4_retry1:b0_plan2_graph.run_meta:24,NANOFLOW,Native graph/split output correctness,2026-09-09T01:29:49.632581+00:00,2026-09-09T01:29:49.643854+00:00,"4,5,6,7",0.011273384094238281,1.2525982326931423e-05,correctness_diagnostic,NUMERICAL_DIAGNOSTIC_NOT_PERFORMANCE,poc_flashvep/deepep_revalidation/results/scheduling_overlap_successor_mining_20260908_161510/nanoflow_runs/numerical_resume_20260909_b4_retry1/b0_plan2_graph.run_meta.json
numerical_resume_20260909_b4_retry1:b0_plan2_graph.run_meta:25,NANOFLOW,Native graph/split output correctness,2026-09-09T01:29:49.643906+00:00,2026-09-09T01:29:49.655016+00:00,"4,5,6,7",0.011110067367553711,1.23445192972819e-05,correctness_diagnostic,NUMERICAL_DIAGNOSTIC_NOT_PERFORMANCE,poc_flashvep/deepep_revalidation/results/scheduling_overlap_successor_mining_20260908_161510/nanoflow_runs/numerical_resume_20260909_b4_retry1/b0_plan2_graph.run_meta.json
numerical_resume_20260909_b4_retry1:b0_plan2_graph.run_meta:26,NANOFLOW,Native graph/split output correctness,2026-09-09T01:29:49.655067+00:00,2026-09-09T01:29:49.666301+00:00,"4,5,6,7",0.011234521865844727,1.2482802073160808e-05,correctness_diagnostic,NUMERICAL_DIAGNOSTIC_NOT_PERFORMANCE,poc_flashvep/deepep_revalidation/results/scheduling_overlap_successor_mining_20260908_161510/nanoflow_runs/numerical_resume_20260909_b4_retry1/b0_plan2_graph.run_meta.json
numerical_resume_20260909_b4_retry1:b0_plan2_graph.run_meta:27,NANOFLOW,Native graph/split output correctness,2026-09-09T01:29:49.666355+00:00,2026-09-09T01:29:49.677644+00:00,"4,5,6,7",0.011289119720458984,1.2543466356065539e-05,correctness_diagnostic,NUMERICAL_DIAGNOSTIC_NOT_PERFORMANCE,poc_flashvep/deepep_revalidation/results/scheduling_overlap_successor_mining_20260908_161510/nanoflow_runs/numerical_resume_20260909_b4_retry1/b0_plan2_graph.run_meta.json
numerical_resume_20260909_b4_retry1:b0_plan2_graph.run_meta:28,NANOFLOW,Native graph/split output correctness,2026-09-09T01:29:49.677704+00:00,2026-09-09T01:29:49.688959+00:00,"4,5,6,7",0.011255025863647461,1.2505584292941624e-05,correctness_diagnostic,NUMERICAL_DIAGNOSTIC_NOT_PERFORMANCE,poc_flashvep/deepep_revalidation/results/scheduling_overlap_successor_mining_20260908_161510/nanoflow_runs/numerical_resume_20260909_b4_retry1/b0_plan2_graph.run_meta.json
numerical_resume_20260909_b4_retry1:b0_plan2_graph.run_meta:29,NANOFLOW,Native graph/split output correctness,2026-09-09T01:29:49.689014+00:00,2026-09-09T01:29:49.700969+00:00,"4,5,6,7",0.011955022811889648,1.3283358679877388e-05,correctness_diagnostic,NUMERICAL_DIAGNOSTIC_NOT_PERFORMANCE,poc_flashvep/deepep_revalidation/results/scheduling_overlap_successor_mining_20260908_161510/nanoflow_runs/numerical_resume_20260909_b4_retry1/b0_plan2_graph.run_meta.json
numerical_resume_20260909_b4_retry1:b0_plan2_graph.run_meta:30,NANOFLOW,Native graph/split output correctness,2026-09-09T01:29:49.701022+00:00,2026-09-09T01:29:49.712028+00:00,"4,5,6,7",0.011005878448486328,1.2228753831651476e-05,correctness_diagnostic,NUMERICAL_DIAGNOSTIC_NOT_PERFORMANCE,poc_flashvep/deepep_revalidation/results/scheduling_overlap_successor_mining_20260908_161510/nanoflow_runs/numerical_resume_20260909_b4_retry1/b0_plan2_graph.run_meta.json
numerical_resume_20260909_b4_retry1:b0_plan2_graph.run_meta:31,NANOFLOW,Native graph/split output correctness,2026-09-09T01:29:49.712123+00:00,2026-09-09T01:29:49.722406+00:00,"4,5,6,7",0.010283231735229492,1.142581303914388e-05,correctness_diagnostic,NUMERICAL_DIAGNOSTIC_NOT_PERFORMANCE,poc_flashvep/deepep_revalidation/results/scheduling_overlap_successor_mining_20260908_161510/nanoflow_runs/numerical_resume_20260909_b4_retry1/b0_plan2_graph.run_meta.json
numerical_resume_20260909_b4_retry1:b0_plan2_graph.run_meta:32,NANOFLOW,Native graph/split output correctness,2026-09-09T01:29:49.722461+00:00,2026-09-09T01:29:49.732631+00:00,"4,5,6,7",0.010169506072998047,1.1299451192220051e-05,correctness_diagnostic,NUMERICAL_DIAGNOSTIC_NOT_PERFORMANCE,poc_flashvep/deepep_revalidation/results/scheduling_overlap_successor_mining_20260908_161510/nanoflow_runs/numerical_resume_20260909_b4_retry1/b0_plan2_graph.run_meta.json
numerical_resume_20260909_b4_retry1:b0_plan2_graph.run_meta:33,NANOFLOW,Native graph/split output correctness,2026-09-09T01:29:49.732703+00:00,2026-09-09T01:29:49.742807+00:00,"4,5,6,7",0.010103225708007812,1.1225806342230903e-05,correctness_diagnostic,NUMERICAL_DIAGNOSTIC_NOT_PERFORMANCE,poc_flashvep/deepep_revalidation/results/scheduling_overlap_successor_mining_20260908_161510/nanoflow_runs/numerical_resume_20260909_b4_retry1/b0_plan2_graph.run_meta.json
qwen3_screen_20260909_v1:b2_pp_only:measure0_heterogeneous_bursty,FASTPP,Official PP/DC/ALP/BR independent-restart request-level comparison,2026-09-09T02:34:27.666464+00:00,2026-09-09T02:35:07.792804+00:00,"4,5,6,7",40.12633967399597,0.04458482185999552,measurement,CROSS_CONFIG_CORRECTNESS_PENDING,/home/esjung/MLLM-EP-github/poc_flashvep/deepep_revalidation/results/scheduling_overlap_successor_mining_20260908_161510/fastpp_runs/qwen3_screen_20260909_v1/b2_pp_only/measure0_heterogeneous_bursty.jsonl
qwen3_screen_20260909_v1:b2_pp_only:measure1_fastpp_official_azure_conv_192,FASTPP,Official PP/DC/ALP/BR independent-restart request-level comparison,2026-09-09T02:35:08.429782+00:00,2026-09-09T02:36:52.643669+00:00,"4,5,6,7",104.21388697624207,0.11579320775138008,measurement,CROSS_CONFIG_CORRECTNESS_PENDING,/home/esjung/MLLM-EP-github/poc_flashvep/deepep_revalidation/results/scheduling_overlap_successor_mining_20260908_161510/fastpp_runs/qwen3_screen_20260909_v1/b2_pp_only/measure1_fastpp_official_azure_conv_192.jsonl
qwen3_screen_20260909_v1:b2_pp_only:measure2_short_high_concurrency,FASTPP,Official PP/DC/ALP/BR independent-restart request-level comparison,2026-09-09T02:36:53.235993+00:00,2026-09-09T02:37:10.165380+00:00,"4,5,6,7",16.929386615753174,0.018810429573059083,measurement,CROSS_CONFIG_CORRECTNESS_PENDING,/home/esjung/MLLM-EP-github/poc_flashvep/deepep_revalidation/results/scheduling_overlap_successor_mining_20260908_161510/fastpp_runs/qwen3_screen_20260909_v1/b2_pp_only/measure2_short_high_concurrency.jsonl
qwen3_screen_20260909_v1:b2_pp_only:measure3_heterogeneous_steady,FASTPP,Official PP/DC/ALP/BR independent-restart request-level comparison,2026-09-09T02:37:10.855199+00:00,2026-09-09T02:37:51.850178+00:00,"4,5,6,7",40.9949791431427,0.045549976825714114,measurement,CROSS_CONFIG_CORRECTNESS_PENDING,/home/esjung/MLLM-EP-github/poc_flashvep/deepep_revalidation/results/scheduling_overlap_successor_mining_20260908_161510/fastpp_runs/qwen3_screen_20260909_v1/b2_pp_only/measure3_heterogeneous_steady.jsonl
nsight_resume_20260909_v1:b0_b16_c512_plan2_graph,NANOFLOW,Native operation-plan regret on actual fixed-cohort request completion,2026-09-09T02:39:28.360999+00:00,2026-09-09T02:39:30.851120+00:00,"4,5,6,7",2.4901206493377686,0.0027668007214864095,mechanism_diagnostic,NSIGHT_DIAGNOSTIC_NOT_PERFORMANCE,/home/esjung/MLLM-EP-github/poc_flashvep/deepep_revalidation/results/scheduling_overlap_successor_mining_20260908_161510/nanoflow_runs/nsight_resume_20260909_v1/b0_b16_c512_plan2_graph.json
nsight_resume_20260909_v1:b0_b16_c512_graph,NANOFLOW,Native operation-plan regret on actual fixed-cohort request completion,2026-09-09T02:40:03.866124+00:00,2026-09-09T02:40:04.805797+00:00,"4,5,6,7",0.9396731853485107,0.0010440813170539008,mechanism_diagnostic,NSIGHT_DIAGNOSTIC_NOT_PERFORMANCE,/home/esjung/MLLM-EP-github/poc_flashvep/deepep_revalidation/results/scheduling_overlap_successor_mining_20260908_161510/nanoflow_runs/nsight_resume_20260909_v1/b0_b16_c512_graph.json
mechanism_resume_20260909_v1:b0_layered4:measure0_heterogeneous_bursty,LAYERED_PREFILL,Official chunk/group request-level envelope after common warmup,2026-09-09T02:42:24.439068+00:00,2026-09-09T02:43:04.531008+00:00,"4,5",40.09193968772888,0.022273299826516046,mechanism_diagnostic,INSTRUMENTED_EAGER_NOT_PERFORMANCE,/home/esjung/MLLM-EP-github/poc_flashvep/deepep_revalidation/results/scheduling_overlap_successor_mining_20260908_161510/layered_runs/mechanism_resume_20260909_v1/b0_layered4/measure0_heterogeneous_bursty.jsonl
mechanism_resume_20260909_v1:b0_layered4:measure1_heterogeneous_steady,LAYERED_PREFILL,Official chunk/group request-level envelope after common warmup,2026-09-09T02:43:05.119787+00:00,2026-09-09T02:43:46.261652+00:00,"4,5",41.141865491867065,0.022856591939926146,mechanism_diagnostic,INSTRUMENTED_EAGER_NOT_PERFORMANCE,/home/esjung/MLLM-EP-github/poc_flashvep/deepep_revalidation/results/scheduling_overlap_successor_mining_20260908_161510/layered_runs/mechanism_resume_20260909_v1/b0_layered4/measure1_heterogeneous_steady.jsonl
mechanism_resume_20260909_v1:b0_layered16:measure0_heterogeneous_bursty,LAYERED_PREFILL,Official chunk/group request-level envelope after common warmup,2026-09-09T02:45:05.340706+00:00,2026-09-09T02:45:54.465768+00:00,"4,5",49.125062227249146,0.027291701237360636,mechanism_diagnostic,INSTRUMENTED_EAGER_NOT_PERFORMANCE,/home/esjung/MLLM-EP-github/poc_flashvep/deepep_revalidation/results/scheduling_overlap_successor_mining_20260908_161510/layered_runs/mechanism_resume_20260909_v1/b0_layered16/measure0_heterogeneous_bursty.jsonl
mechanism_resume_20260909_v1:b0_layered16:measure1_heterogeneous_steady,LAYERED_PREFILL,Official chunk/group request-level envelope after common warmup,2026-09-09T02:45:55.083102+00:00,2026-09-09T02:46:41.799646+00:00,"4,5",46.71654438972473,0.025953635772069297,mechanism_diagnostic,INSTRUMENTED_EAGER_NOT_PERFORMANCE,/home/esjung/MLLM-EP-github/poc_flashvep/deepep_revalidation/results/scheduling_overlap_successor_mining_20260908_161510/layered_runs/mechanism_resume_20260909_v1/b0_layered16/measure1_heterogeneous_steady.jsonl
mechanism_resume_20260909_v1:b0_chunk512:measure0_heterogeneous_bursty,LAYERED_PREFILL,Official chunk/group request-level envelope after common warmup,2026-09-09T02:47:53.192964+00:00,2026-09-09T02:48:41.322923+00:00,"4,5",48.12995934486389,0.026738866302702162,mechanism_diagnostic,INSTRUMENTED_EAGER_NOT_PERFORMANCE,/home/esjung/MLLM-EP-github/poc_flashvep/deepep_revalidation/results/scheduling_overlap_successor_mining_20260908_161510/layered_runs/mechanism_resume_20260909_v1/b0_chunk512/measure0_heterogeneous_bursty.jsonl
mechanism_resume_20260909_v1:b0_chunk512:measure1_heterogeneous_steady,LAYERED_PREFILL,Official chunk/group request-level envelope after common warmup,2026-09-09T02:48:41.852794+00:00,2026-09-09T02:49:29.639561+00:00,"4,5",47.78676629066467,0.026548203494813707,mechanism_diagnostic,INSTRUMENTED_EAGER_NOT_PERFORMANCE,/home/esjung/MLLM-EP-github/poc_flashvep/deepep_revalidation/results/scheduling_overlap_successor_mining_20260908_161510/layered_runs/mechanism_resume_20260909_v1/b0_chunk512/measure1_heterogeneous_steady.jsonl
fastpp_runs:pilot_pp_only_01:measure0_heterogeneous_steady,FASTPP,Native original scheduling and existing static-partition request control,2026-09-08T09:01:20.826782+00:00,2026-09-08T09:01:58.714611+00:00,"4,5,6,7",37.887829542160034,0.04209758838017782,measurement,CROSS_CONFIG_CORRECTNESS_PENDING,poc_flashvep/deepep_revalidation/results/scheduling_overlap_successor_mining_20260908_161510/fastpp_runs/pilot_pp_only_01/measure0_heterogeneous_steady.jsonl
fastpp_runs:pilot_pp_only_01:measure1_short_high_concurrency,FASTPP,Native original scheduling and existing static-partition request control,2026-09-08T09:01:59.443250+00:00,2026-09-08T09:02:11.581342+00:00,"4,5,6,7",12.138092517852783,0.01348676946428087,measurement,CROSS_CONFIG_CORRECTNESS_PENDING,poc_flashvep/deepep_revalidation/results/scheduling_overlap_successor_mining_20260908_161510/fastpp_runs/pilot_pp_only_01/measure1_short_high_concurrency.jsonl
fastpp_runs:pilot_pp_only_01:measure2_fastpp_official_azure_conv_192,FASTPP,Native original scheduling and existing static-partition request control,2026-09-08T09:02:12.222432+00:00,2026-09-08T09:03:37.819231+00:00,"4,5,6,7",85.59679889678955,0.09510755432976617,measurement,CROSS_CONFIG_CORRECTNESS_PENDING,poc_flashvep/deepep_revalidation/results/scheduling_overlap_successor_mining_20260908_161510/fastpp_runs/pilot_pp_only_01/measure2_fastpp_official_azure_conv_192.jsonl
fastpp_runs:qwen3_mechanism_alp_v3:measure0_heterogeneous_bursty,FASTPP,Native Qwen3 PP4 ALP prediction and stage-cost transfer,2026-09-09T02:51:39.225339+00:00,2026-09-09T02:52:17.593327+00:00,"4,5,6,7",38.3679883480072,0.042631098164452444,mechanism_diagnostic,INSTRUMENTED_NOT_CLEAN_PERFORMANCE,poc_flashvep/deepep_revalidation/results/scheduling_overlap_successor_mining_20260908_161510/fastpp_runs/qwen3_mechanism_alp_v3/measure0_heterogeneous_bursty.jsonl
fastpp_runs:qwen3_mechanism_alp_v3:measure1_heterogeneous_steady,FASTPP,Native Qwen3 PP4 ALP prediction and stage-cost transfer,2026-09-09T02:52:18.257713+00:00,2026-09-09T02:52:59.020160+00:00,"4,5,6,7",40.762447357177734,0.04529160817464193,mechanism_diagnostic,INSTRUMENTED_NOT_CLEAN_PERFORMANCE,poc_flashvep/deepep_revalidation/results/scheduling_overlap_successor_mining_20260908_161510/fastpp_runs/qwen3_mechanism_alp_v3/measure1_heterogeneous_steady.jsonl
lite_control_20260909_v1/b0_clean:r0:single_real_image:b4,COMMON_VL_TRANSFER,Real-image operation cost and observer overhead; same-host request interval union,2026-09-09T02:59:02.581327+00:00,2026-09-09T02:59:05.918314+00:00,"4,5,6,7",3.3369874954223633,0.003707763883802626,measurement,COHORT_TRANSFER_DIAGNOSTIC_UTC_PLACEMENT_APPROX,poc_flashvep/deepep_revalidation/results/scheduling_overlap_successor_mining_20260908_161510/vl_transfer/lite_control_20260909_v1/b0_clean
lite_control_20260909_v1/b0_clean:r0:text_only_no_image_control:b4,COMMON_VL_TRANSFER,Real-image operation cost and observer overhead; same-host request interval union,2026-09-09T02:59:05.921016+00:00,2026-09-09T02:59:09.008951+00:00,"4,5,6,7",3.08793568611145,0.0034310396512349448,measurement,COHORT_TRANSFER_DIAGNOSTIC_UTC_PLACEMENT_APPROX,poc_flashvep/deepep_revalidation/results/scheduling_overlap_successor_mining_20260908_161510/vl_transfer/lite_control_20260909_v1/b0_clean
lite_control_20260909_v1/b0_clean:r0:text_only_no_image_control:b1,COMMON_VL_TRANSFER,Real-image operation cost and observer overhead; same-host request interval union,2026-09-09T02:59:09.012859+00:00,2026-09-09T02:59:12.068931+00:00,"4,5,6,7",3.0560712814331055,0.003395634757147895,measurement,COHORT_TRANSFER_DIAGNOSTIC_UTC_PLACEMENT_APPROX,poc_flashvep/deepep_revalidation/results/scheduling_overlap_successor_mining_20260908_161510/vl_transfer/lite_control_20260909_v1/b0_clean
lite_control_20260909_v1/b0_clean:r0:single_real_image:b8,COMMON_VL_TRANSFER,Real-image operation cost and observer overhead; same-host request interval union,2026-09-09T02:59:12.071383+00:00,2026-09-09T02:59:15.586396+00:00,"4,5,6,7",3.5150134563446045,0.0039055705070495605,measurement,COHORT_TRANSFER_DIAGNOSTIC_UTC_PLACEMENT_APPROX,poc_flashvep/deepep_revalidation/results/scheduling_overlap_successor_mining_20260908_161510/vl_transfer/lite_control_20260909_v1/b0_clean
lite_control_20260909_v1/b0_clean:r0:two_real_images:b1,COMMON_VL_TRANSFER,Real-image operation cost and observer overhead; same-host request interval union,2026-09-09T02:59:15.589837+00:00,2026-09-09T02:59:18.712218+00:00,"4,5,6,7",3.1223807334899902,0.0034693119260999893,measurement,COHORT_TRANSFER_DIAGNOSTIC_UTC_PLACEMENT_APPROX,poc_flashvep/deepep_revalidation/results/scheduling_overlap_successor_mining_20260908_161510/vl_transfer/lite_control_20260909_v1/b0_clean
lite_control_20260909_v1/b0_clean:r0:long_text_plus_image:b1,COMMON_VL_TRANSFER,Real-image operation cost and observer overhead; same-host request interval union,2026-09-09T02:59:18.714184+00:00,2026-09-09T02:59:21.869109+00:00,"4,5,6,7",3.154925584793091,0.0035054728719923233,measurement,COHORT_TRANSFER_DIAGNOSTIC_UTC_PLACEMENT_APPROX,poc_flashvep/deepep_revalidation/results/scheduling_overlap_successor_mining_20260908_161510/vl_transfer/lite_control_20260909_v1/b0_clean
lite_control_20260909_v1/b0_clean:r0:single_real_image:b1,COMMON_VL_TRANSFER,Real-image operation cost and observer overhead; same-host request interval union,2026-09-09T02:59:21.870985+00:00,2026-09-09T02:59:25.015232+00:00,"4,5,6,7",3.14424729347229,0.0034936081038581,measurement,COHORT_TRANSFER_DIAGNOSTIC_UTC_PLACEMENT_APPROX,poc_flashvep/deepep_revalidation/results/scheduling_overlap_successor_mining_20260908_161510/vl_transfer/lite_control_20260909_v1/b0_clean
lite_control_20260909_v1/b0_clean:r0:two_real_images:b4,COMMON_VL_TRANSFER,Real-image operation cost and observer overhead; same-host request interval union,2026-09-09T02:59:25.016813+00:00,2026-09-09T02:59:28.594955+00:00,"4,5,6,7",3.578141927719116,0.00397571325302124,measurement,COHORT_TRANSFER_DIAGNOSTIC_UTC_PLACEMENT_APPROX,poc_flashvep/deepep_revalidation/results/scheduling_overlap_successor_mining_20260908_161510/vl_transfer/lite_control_20260909_v1/b0_clean
lite_control_20260909_v1/b0_clean:r0:text_only_no_image_control:b8,COMMON_VL_TRANSFER,Real-image operation cost and observer overhead; same-host request interval union,2026-09-09T02:59:28.600659+00:00,2026-09-09T02:59:31.684633+00:00,"4,5,6,7",3.0839738845825195,0.003426637649536133,measurement,COHORT_TRANSFER_DIAGNOSTIC_UTC_PLACEMENT_APPROX,poc_flashvep/deepep_revalidation/results/scheduling_overlap_successor_mining_20260908_161510/vl_transfer/lite_control_20260909_v1/b0_clean
lite_control_20260909_v1/b0_clean:r0:long_text_plus_image:b8,COMMON_VL_TRANSFER,Real-image operation cost and observer overhead; same-host request interval union,2026-09-09T02:59:31.688334+00:00,2026-09-09T02:59:35.038697+00:00,"4,5,6,7",3.3503634929656982,0.00372262610329522,measurement,COHORT_TRANSFER_DIAGNOSTIC_UTC_PLACEMENT_APPROX,poc_flashvep/deepep_revalidation/results/scheduling_overlap_successor_mining_20260908_161510/vl_transfer/lite_control_20260909_v1/b0_clean
lite_control_20260909_v1/b0_clean:r0:two_real_images:b8,COMMON_VL_TRANSFER,Real-image operation cost and observer overhead; same-host request interval union,2026-09-09T02:59:35.042459+00:00,2026-09-09T02:59:38.619843+00:00,"4,5,6,7",3.577383518218994,0.003974870575798883,measurement,COHORT_TRANSFER_DIAGNOSTIC_UTC_PLACEMENT_APPROX,poc_flashvep/deepep_revalidation/results/scheduling_overlap_successor_mining_20260908_161510/vl_transfer/lite_control_20260909_v1/b0_clean
lite_control_20260909_v1/b0_clean:r0:long_text_plus_image:b4,COMMON_VL_TRANSFER,Real-image operation cost and observer overhead; same-host request interval union,2026-09-09T02:59:38.623476+00:00,2026-09-09T02:59:41.911763+00:00,"4,5,6,7",3.2882869243621826,0.003653652138180203,measurement,COHORT_TRANSFER_DIAGNOSTIC_UTC_PLACEMENT_APPROX,poc_flashvep/deepep_revalidation/results/scheduling_overlap_successor_mining_20260908_161510/vl_transfer/lite_control_20260909_v1/b0_clean
lite_control_20260909_v1/b0_clean:r1:two_real_images:b1,COMMON_VL_TRANSFER,Real-image operation cost and observer overhead; same-host request interval union,2026-09-09T02:59:41.914467+00:00,2026-09-09T02:59:45.031636+00:00,"4,5,6,7",3.117169141769409,0.0034635212686326767,measurement,COHORT_TRANSFER_DIAGNOSTIC_UTC_PLACEMENT_APPROX,poc_flashvep/deepep_revalidation/results/scheduling_overlap_successor_mining_20260908_161510/vl_transfer/lite_control_20260909_v1/b0_clean
lite_control_20260909_v1/b0_clean:r1:single_real_image:b1,COMMON_VL_TRANSFER,Real-image operation cost and observer overhead; same-host request interval union,2026-09-09T02:59:45.033710+00:00,2026-09-09T02:59:48.214580+00:00,"4,5,6,7",3.1808693408966064,0.003534299267662896,measurement,COHORT_TRANSFER_DIAGNOSTIC_UTC_PLACEMENT_APPROX,poc_flashvep/deepep_revalidation/results/scheduling_overlap_successor_mining_20260908_161510/vl_transfer/lite_control_20260909_v1/b0_clean
lite_control_20260909_v1/b0_clean:r1:long_text_plus_image:b1,COMMON_VL_TRANSFER,Real-image operation cost and observer overhead; same-host request interval union,2026-09-09T02:59:48.215820+00:00,2026-09-09T02:59:51.279391+00:00,"4,5,6,7",3.0635714530944824,0.0034039682812160915,measurement,COHORT_TRANSFER_DIAGNOSTIC_UTC_PLACEMENT_APPROX,poc_flashvep/deepep_revalidation/results/scheduling_overlap_successor_mining_20260908_161510/vl_transfer/lite_control_20260909_v1/b0_clean
lite_control_20260909_v1/b0_clean:r1:text_only_no_image_control:b1,COMMON_VL_TRANSFER,Real-image operation cost and observer overhead; same-host request interval union,2026-09-09T02:59:51.281414+00:00,2026-09-09T02:59:54.382327+00:00,"4,5,6,7",3.1009128093719482,0.0034454586770799427,measurement,COHORT_TRANSFER_DIAGNOSTIC_UTC_PLACEMENT_APPROX,poc_flashvep/deepep_revalidation/results/scheduling_overlap_successor_mining_20260908_161510/vl_transfer/lite_control_20260909_v1/b0_clean
lite_control_20260909_v1/b0_clean:r1:two_real_images:b4,COMMON_VL_TRANSFER,Real-image operation cost and observer overhead; same-host request interval union,2026-09-09T02:59:54.383391+00:00,2026-09-09T02:59:57.872446+00:00,"4,5,6,7",3.4890551567077637,0.003876727951897515,measurement,COHORT_TRANSFER_DIAGNOSTIC_UTC_PLACEMENT_APPROX,poc_flashvep/deepep_revalidation/results/scheduling_overlap_successor_mining_20260908_161510/vl_transfer/lite_control_20260909_v1/b0_clean
lite_control_20260909_v1/b0_clean:r1:text_only_no_image_control:b8,COMMON_VL_TRANSFER,Real-image operation cost and observer overhead; same-host request interval union,2026-09-09T02:59:57.875034+00:00,2026-09-09T03:00:01.390527+00:00,"4,5,6,7",3.515493154525757,0.0039061035050286185,measurement,COHORT_TRANSFER_DIAGNOSTIC_UTC_PLACEMENT_APPROX,poc_flashvep/deepep_revalidation/results/scheduling_overlap_successor_mining_20260908_161510/vl_transfer/lite_control_20260909_v1/b0_clean
lite_control_20260909_v1/b0_clean:r1:text_only_no_image_control:b4,COMMON_VL_TRANSFER,Real-image operation cost and observer overhead; same-host request interval union,2026-09-09T03:00:01.394493+00:00,2026-09-09T03:00:04.890777+00:00,"4,5,6,7",3.496283531188965,0.00388475947909885,measurement,COHORT_TRANSFER_DIAGNOSTIC_UTC_PLACEMENT_APPROX,poc_flashvep/deepep_revalidation/results/scheduling_overlap_successor_mining_20260908_161510/vl_transfer/lite_control_20260909_v1/b0_clean
lite_control_20260909_v1/b0_clean:r1:single_real_image:b8,COMMON_VL_TRANSFER,Real-image operation cost and observer overhead; same-host request interval union,2026-09-09T03:00:04.893525+00:00,2026-09-09T03:00:08.297615+00:00,"4,5,6,7",3.40408992767334,0.0037823221418592664,measurement,COHORT_TRANSFER_DIAGNOSTIC_UTC_PLACEMENT_APPROX,poc_flashvep/deepep_revalidation/results/scheduling_overlap_successor_mining_20260908_161510/vl_transfer/lite_control_20260909_v1/b0_clean
lite_control_20260909_v1/b0_clean:r1:long_text_plus_image:b8,COMMON_VL_TRANSFER,Real-image operation cost and observer overhead; same-host request interval union,2026-09-09T03:00:08.301246+00:00,2026-09-09T03:00:11.643044+00:00,"4,5,6,7",3.3417978286743164,0.003713108698527018,measurement,COHORT_TRANSFER_DIAGNOSTIC_UTC_PLACEMENT_APPROX,poc_flashvep/deepep_revalidation/results/scheduling_overlap_successor_mining_20260908_161510/vl_transfer/lite_control_20260909_v1/b0_clean
lite_control_20260909_v1/b0_clean:r1:two_real_images:b8,COMMON_VL_TRANSFER,Real-image operation cost and observer overhead; same-host request interval union,2026-09-09T03:00:11.646803+00:00,2026-09-09T03:00:15.211727+00:00,"4,5,6,7",3.5649242401123047,0.003961026933458117,measurement,COHORT_TRANSFER_DIAGNOSTIC_UTC_PLACEMENT_APPROX,poc_flashvep/deepep_revalidation/results/scheduling_overlap_successor_mining_20260908_161510/vl_transfer/lite_control_20260909_v1/b0_clean
lite_control_20260909_v1/b0_clean:r1:single_real_image:b4,COMMON_VL_TRANSFER,Real-image operation cost and observer overhead; same-host request interval union,2026-09-09T03:00:15.215429+00:00,2026-09-09T03:00:18.554282+00:00,"4,5,6,7",3.3388538360595703,0.0037098375956217448,measurement,COHORT_TRANSFER_DIAGNOSTIC_UTC_PLACEMENT_APPROX,poc_flashvep/deepep_revalidation/results/scheduling_overlap_successor_mining_20260908_161510/vl_transfer/lite_control_20260909_v1/b0_clean
lite_control_20260909_v1/b0_clean:r1:long_text_plus_image:b4,COMMON_VL_TRANSFER,Real-image operation cost and observer overhead; same-host request interval union,2026-09-09T03:00:18.556745+00:00,2026-09-09T03:00:21.835062+00:00,"4,5,6,7",3.278317451477051,0.003642574946085612,measurement,COHORT_TRANSFER_DIAGNOSTIC_UTC_PLACEMENT_APPROX,poc_flashvep/deepep_revalidation/results/scheduling_overlap_successor_mining_20260908_161510/vl_transfer/lite_control_20260909_v1/b0_clean
lite_control_20260909_v1/b0_layer_sampled:r0:single_real_image:b4,COMMON_VL_TRANSFER,Real-image operation cost and observer overhead; same-host request interval union,2026-09-09T02:56:07.372569+00:00,2026-09-09T02:56:10.812892+00:00,"4,5,6,7",3.4403226375579834,0.003822580708397759,mechanism_diagnostic,COHORT_TRANSFER_DIAGNOSTIC_UTC_PLACEMENT_APPROX,poc_flashvep/deepep_revalidation/results/scheduling_overlap_successor_mining_20260908_161510/vl_transfer/lite_control_20260909_v1/b0_layer_sampled
lite_control_20260909_v1/b0_layer_sampled:r0:text_only_no_image_control:b4,COMMON_VL_TRANSFER,Real-image operation cost and observer overhead; same-host request interval union,2026-09-09T02:56:10.816546+00:00,2026-09-09T02:56:14.036842+00:00,"4,5,6,7",3.220296621322632,0.0035781073570251465,mechanism_diagnostic,COHORT_TRANSFER_DIAGNOSTIC_UTC_PLACEMENT_APPROX,poc_flashvep/deepep_revalidation/results/scheduling_overlap_successor_mining_20260908_161510/vl_transfer/lite_control_20260909_v1/b0_layer_sampled
lite_control_20260909_v1/b0_layer_sampled:r0:text_only_no_image_control:b1,COMMON_VL_TRANSFER,Real-image operation cost and observer overhead; same-host request interval union,2026-09-09T02:56:14.039873+00:00,2026-09-09T02:56:17.196880+00:00,"4,5,6,7",3.1570069789886475,0.0035077855322096082,mechanism_diagnostic,COHORT_TRANSFER_DIAGNOSTIC_UTC_PLACEMENT_APPROX,poc_flashvep/deepep_revalidation/results/scheduling_overlap_successor_mining_20260908_161510/vl_transfer/lite_control_20260909_v1/b0_layer_sampled
lite_control_20260909_v1/b0_layer_sampled:r0:single_real_image:b8,COMMON_VL_TRANSFER,Real-image operation cost and observer overhead; same-host request interval union,2026-09-09T02:56:17.198837+00:00,2026-09-09T02:56:20.646574+00:00,"4,5,6,7",3.4477365016937256,0.0038308183352152507,mechanism_diagnostic,COHORT_TRANSFER_DIAGNOSTIC_UTC_PLACEMENT_APPROX,poc_flashvep/deepep_revalidation/results/scheduling_overlap_successor_mining_20260908_161510/vl_transfer/lite_control_20260909_v1/b0_layer_sampled
lite_control_20260909_v1/b0_layer_sampled:r0:two_real_images:b1,COMMON_VL_TRANSFER,Real-image operation cost and observer overhead; same-host request interval union,2026-09-09T02:56:20.650057+00:00,2026-09-09T02:56:23.931690+00:00,"4,5,6,7",3.281633138656616,0.003646259042951796,mechanism_diagnostic,COHORT_TRANSFER_DIAGNOSTIC_UTC_PLACEMENT_APPROX,poc_flashvep/deepep_revalidation/results/scheduling_overlap_successor_mining_20260908_161510/vl_transfer/lite_control_20260909_v1/b0_layer_sampled
lite_control_20260909_v1/b0_layer_sampled:r0:long_text_plus_image:b1,COMMON_VL_TRANSFER,Real-image operation cost and observer overhead; same-host request interval union,2026-09-09T02:56:23.933613+00:00,2026-09-09T02:56:27.088237+00:00,"4,5,6,7",3.1546239852905273,0.003505137761433919,mechanism_diagnostic,COHORT_TRANSFER_DIAGNOSTIC_UTC_PLACEMENT_APPROX,poc_flashvep/deepep_revalidation/results/scheduling_overlap_successor_mining_20260908_161510/vl_transfer/lite_control_20260909_v1/b0_layer_sampled
lite_control_20260909_v1/b0_layer_sampled:r0:single_real_image:b1,COMMON_VL_TRANSFER,Real-image operation cost and observer overhead; same-host request interval union,2026-09-09T02:56:27.090123+00:00,2026-09-09T02:56:30.238993+00:00,"4,5,6,7",3.1488699913024902,0.0034987444347805447,mechanism_diagnostic,COHORT_TRANSFER_DIAGNOSTIC_UTC_PLACEMENT_APPROX,poc_flashvep/deepep_revalidation/results/scheduling_overlap_successor_mining_20260908_161510/vl_transfer/lite_control_20260909_v1/b0_layer_sampled
lite_control_20260909_v1/b0_layer_sampled:r0:two_real_images:b4,COMMON_VL_TRANSFER,Real-image operation cost and observer overhead; same-host request interval union,2026-09-09T02:56:30.240721+00:00,2026-09-09T02:56:33.627621+00:00,"4,5,6,7",3.3869004249572754,0.0037632226943969727,mechanism_diagnostic,COHORT_TRANSFER_DIAGNOSTIC_UTC_PLACEMENT_APPROX,poc_flashvep/deepep_revalidation/results/scheduling_overlap_successor_mining_20260908_161510/vl_transfer/lite_control_20260909_v1/b0_layer_sampled
lite_control_20260909_v1/b0_layer_sampled:r0:text_only_no_image_control:b8,COMMON_VL_TRANSFER,Real-image operation cost and observer overhead; same-host request interval union,2026-09-09T02:56:33.630251+00:00,2026-09-09T02:56:36.714480+00:00,"4,5,6,7",3.084228754043579,0.003426920837826199,mechanism_diagnostic,COHORT_TRANSFER_DIAGNOSTIC_UTC_PLACEMENT_APPROX,poc_flashvep/deepep_revalidation/results/scheduling_overlap_successor_mining_20260908_161510/vl_transfer/lite_control_20260909_v1/b0_layer_sampled
lite_control_20260909_v1/b0_layer_sampled:r0:long_text_plus_image:b8,COMMON_VL_TRANSFER,Real-image operation cost and observer overhead; same-host request interval union,2026-09-09T02:56:36.718148+00:00,2026-09-09T02:56:40.252108+00:00,"4,5,6,7",3.5339601039886475,0.003926622337765164,mechanism_diagnostic,COHORT_TRANSFER_DIAGNOSTIC_UTC_PLACEMENT_APPROX,poc_flashvep/deepep_revalidation/results/scheduling_overlap_successor_mining_20260908_161510/vl_transfer/lite_control_20260909_v1/b0_layer_sampled
lite_control_20260909_v1/b0_layer_sampled:r0:two_real_images:b8,COMMON_VL_TRANSFER,Real-image operation cost and observer overhead; same-host request interval union,2026-09-09T02:56:40.255137+00:00,2026-09-09T02:56:43.839383+00:00,"4,5,6,7",3.5842459201812744,0.003982495466868082,mechanism_diagnostic,COHORT_TRANSFER_DIAGNOSTIC_UTC_PLACEMENT_APPROX,poc_flashvep/deepep_revalidation/results/scheduling_overlap_successor_mining_20260908_161510/vl_transfer/lite_control_20260909_v1/b0_layer_sampled
lite_control_20260909_v1/b0_layer_sampled:r0:long_text_plus_image:b4,COMMON_VL_TRANSFER,Real-image operation cost and observer overhead; same-host request interval union,2026-09-09T02:56:43.842830+00:00,2026-09-09T02:56:47.222369+00:00,"4,5,6,7",3.3795390129089355,0.003755043347676595,mechanism_diagnostic,COHORT_TRANSFER_DIAGNOSTIC_UTC_PLACEMENT_APPROX,poc_flashvep/deepep_revalidation/results/scheduling_overlap_successor_mining_20260908_161510/vl_transfer/lite_control_20260909_v1/b0_layer_sampled
lite_control_20260909_v1/b0_layer_sampled:r1:two_real_images:b1,COMMON_VL_TRANSFER,Real-image operation cost and observer overhead; same-host request interval union,2026-09-09T02:56:47.224849+00:00,2026-09-09T02:56:50.506163+00:00,"4,5,6,7",3.281313896179199,0.003645904329087999,mechanism_diagnostic,COHORT_TRANSFER_DIAGNOSTIC_UTC_PLACEMENT_APPROX,poc_flashvep/deepep_revalidation/results/scheduling_overlap_successor_mining_20260908_161510/vl_transfer/lite_control_20260909_v1/b0_layer_sampled
lite_control_20260909_v1/b0_layer_sampled:r1:single_real_image:b1,COMMON_VL_TRANSFER,Real-image operation cost and observer overhead; same-host request interval union,2026-09-09T02:56:50.508094+00:00,2026-09-09T02:56:53.683895+00:00,"4,5,6,7",3.1758012771606445,0.0035286680857340496,mechanism_diagnostic,COHORT_TRANSFER_DIAGNOSTIC_UTC_PLACEMENT_APPROX,poc_flashvep/deepep_revalidation/results/scheduling_overlap_successor_mining_20260908_161510/vl_transfer/lite_control_20260909_v1/b0_layer_sampled
lite_control_20260909_v1/b0_layer_sampled:r1:long_text_plus_image:b1,COMMON_VL_TRANSFER,Real-image operation cost and observer overhead; same-host request interval union,2026-09-09T02:56:53.685748+00:00,2026-09-09T02:56:56.855776+00:00,"4,5,6,7",3.170027732849121,0.0035222530364990234,mechanism_diagnostic,COHORT_TRANSFER_DIAGNOSTIC_UTC_PLACEMENT_APPROX,poc_flashvep/deepep_revalidation/results/scheduling_overlap_successor_mining_20260908_161510/vl_transfer/lite_control_20260909_v1/b0_layer_sampled
lite_control_20260909_v1/b0_layer_sampled:r1:text_only_no_image_control:b1,COMMON_VL_TRANSFER,Real-image operation cost and observer overhead; same-host request interval union,2026-09-09T02:56:56.857656+00:00,2026-09-09T02:56:59.991614+00:00,"4,5,6,7",3.133958339691162,0.00348217593299018,mechanism_diagnostic,COHORT_TRANSFER_DIAGNOSTIC_UTC_PLACEMENT_APPROX,poc_flashvep/deepep_revalidation/results/scheduling_overlap_successor_mining_20260908_161510/vl_transfer/lite_control_20260909_v1/b0_layer_sampled
lite_control_20260909_v1/b0_layer_sampled:r1:two_real_images:b4,COMMON_VL_TRANSFER,Real-image operation cost and observer overhead; same-host request interval union,2026-09-09T02:56:59.993488+00:00,2026-09-09T02:57:03.510828+00:00,"4,5,6,7",3.5173399448394775,0.003908155494266086,mechanism_diagnostic,COHORT_TRANSFER_DIAGNOSTIC_UTC_PLACEMENT_APPROX,poc_flashvep/deepep_revalidation/results/scheduling_overlap_successor_mining_20260908_161510/vl_transfer/lite_control_20260909_v1/b0_layer_sampled
lite_control_20260909_v1/b0_layer_sampled:r1:text_only_no_image_control:b8,COMMON_VL_TRANSFER,Real-image operation cost and observer overhead; same-host request interval union,2026-09-09T02:57:03.513182+00:00,2026-09-09T02:57:06.631561+00:00,"4,5,6,7",3.1183791160583496,0.0034648656845092775,mechanism_diagnostic,COHORT_TRANSFER_DIAGNOSTIC_UTC_PLACEMENT_APPROX,poc_flashvep/deepep_revalidation/results/scheduling_overlap_successor_mining_20260908_161510/vl_transfer/lite_control_20260909_v1/b0_layer_sampled
lite_control_20260909_v1/b0_layer_sampled:r1:text_only_no_image_control:b4,COMMON_VL_TRANSFER,Real-image operation cost and observer overhead; same-host request interval union,2026-09-09T02:57:06.635119+00:00,2026-09-09T02:57:09.733111+00:00,"4,5,6,7",3.097992181777954,0.003442213535308838,mechanism_diagnostic,COHORT_TRANSFER_DIAGNOSTIC_UTC_PLACEMENT_APPROX,poc_flashvep/deepep_revalidation/results/scheduling_overlap_successor_mining_20260908_161510/vl_transfer/lite_control_20260909_v1/b0_layer_sampled
lite_control_20260909_v1/b0_layer_sampled:r1:single_real_image:b8,COMMON_VL_TRANSFER,Real-image operation cost and observer overhead; same-host request interval union,2026-09-09T02:57:09.735695+00:00,2026-09-09T02:57:13.225591+00:00,"4,5,6,7",3.4898953437805176,0.003877661493089464,mechanism_diagnostic,COHORT_TRANSFER_DIAGNOSTIC_UTC_PLACEMENT_APPROX,poc_flashvep/deepep_revalidation/results/scheduling_overlap_successor_mining_20260908_161510/vl_transfer/lite_control_20260909_v1/b0_layer_sampled
lite_control_20260909_v1/b0_layer_sampled:r1:long_text_plus_image:b8,COMMON_VL_TRANSFER,Real-image operation cost and observer overhead; same-host request interval union,2026-09-09T02:57:13.228449+00:00,2026-09-09T02:57:16.710889+00:00,"4,5,6,7",3.4824397563934326,0.003869377507103814,mechanism_diagnostic,COHORT_TRANSFER_DIAGNOSTIC_UTC_PLACEMENT_APPROX,poc_flashvep/deepep_revalidation/results/scheduling_overlap_successor_mining_20260908_161510/vl_transfer/lite_control_20260909_v1/b0_layer_sampled
lite_control_20260909_v1/b0_layer_sampled:r1:two_real_images:b8,COMMON_VL_TRANSFER,Real-image operation cost and observer overhead; same-host request interval union,2026-09-09T02:57:16.713978+00:00,2026-09-09T02:57:20.288295+00:00,"4,5,6,7",3.57431697845459,0.0039714633093939885,mechanism_diagnostic,COHORT_TRANSFER_DIAGNOSTIC_UTC_PLACEMENT_APPROX,poc_flashvep/deepep_revalidation/results/scheduling_overlap_successor_mining_20260908_161510/vl_transfer/lite_control_20260909_v1/b0_layer_sampled
lite_control_20260909_v1/b0_layer_sampled:r1:single_real_image:b4,COMMON_VL_TRANSFER,Real-image operation cost and observer overhead; same-host request interval union,2026-09-09T02:57:20.291815+00:00,2026-09-09T02:57:23.624789+00:00,"4,5,6,7",3.332974672317505,0.0037033051914638943,mechanism_diagnostic,COHORT_TRANSFER_DIAGNOSTIC_UTC_PLACEMENT_APPROX,poc_flashvep/deepep_revalidation/results/scheduling_overlap_successor_mining_20260908_161510/vl_transfer/lite_control_20260909_v1/b0_layer_sampled
lite_control_20260909_v1/b0_layer_sampled:r1:long_text_plus_image:b4,COMMON_VL_TRANSFER,Real-image operation cost and observer overhead; same-host request interval union,2026-09-09T02:57:23.627195+00:00,2026-09-09T02:57:26.947250+00:00,"4,5,6,7",3.3200554847717285,0.003688950538635254,mechanism_diagnostic,COHORT_TRANSFER_DIAGNOSTIC_UTC_PLACEMENT_APPROX,poc_flashvep/deepep_revalidation/results/scheduling_overlap_successor_mining_20260908_161510/vl_transfer/lite_control_20260909_v1/b0_layer_sampled
lite_control_20260909_v1/b1_clean:r0:two_real_images:b1,COMMON_VL_TRANSFER,Real-image operation cost and observer overhead; same-host request interval union,2026-09-09T03:04:55.696503+00:00,2026-09-09T03:04:58.857234+00:00,"4,5,6,7",3.1607306003570557,0.0035119228892856176,measurement,COHORT_TRANSFER_DIAGNOSTIC_UTC_PLACEMENT_APPROX,poc_flashvep/deepep_revalidation/results/scheduling_overlap_successor_mining_20260908_161510/vl_transfer/lite_control_20260909_v1/b1_clean
lite_control_20260909_v1/b1_clean:r0:single_real_image:b1,COMMON_VL_TRANSFER,Real-image operation cost and observer overhead; same-host request interval union,2026-09-09T03:04:58.859136+00:00,2026-09-09T03:05:01.884631+00:00,"4,5,6,7",3.0254948139190674,0.0033616609043545195,measurement,COHORT_TRANSFER_DIAGNOSTIC_UTC_PLACEMENT_APPROX,poc_flashvep/deepep_revalidation/results/scheduling_overlap_successor_mining_20260908_161510/vl_transfer/lite_control_20260909_v1/b1_clean
lite_control_20260909_v1/b1_clean:r0:long_text_plus_image:b1,COMMON_VL_TRANSFER,Real-image operation cost and observer overhead; same-host request interval union,2026-09-09T03:05:01.886611+00:00,2026-09-09T03:05:04.926273+00:00,"4,5,6,7",3.0396623611450195,0.003377402623494466,measurement,COHORT_TRANSFER_DIAGNOSTIC_UTC_PLACEMENT_APPROX,poc_flashvep/deepep_revalidation/results/scheduling_overlap_successor_mining_20260908_161510/vl_transfer/lite_control_20260909_v1/b1_clean
lite_control_20260909_v1/b1_clean:r0:text_only_no_image_control:b1,COMMON_VL_TRANSFER,Real-image operation cost and observer overhead; same-host request interval union,2026-09-09T03:05:04.928210+00:00,2026-09-09T03:05:07.963179+00:00,"4,5,6,7",3.0349690914154053,0.00337218787935045,measurement,COHORT_TRANSFER_DIAGNOSTIC_UTC_PLACEMENT_APPROX,poc_flashvep/deepep_revalidation/results/scheduling_overlap_successor_mining_20260908_161510/vl_transfer/lite_control_20260909_v1/b1_clean
lite_control_20260909_v1/b1_clean:r0:two_real_images:b4,COMMON_VL_TRANSFER,Real-image operation cost and observer overhead; same-host request interval union,2026-09-09T03:05:07.965180+00:00,2026-09-09T03:05:11.417552+00:00,"4,5,6,7",3.452371835708618,0.003835968706342909,measurement,COHORT_TRANSFER_DIAGNOSTIC_UTC_PLACEMENT_APPROX,poc_flashvep/deepep_revalidation/results/scheduling_overlap_successor_mining_20260908_161510/vl_transfer/lite_control_20260909_v1/b1_clean
lite_control_20260909_v1/b1_clean:r0:text_only_no_image_control:b8,COMMON_VL_TRANSFER,Real-image operation cost and observer overhead; same-host request interval union,2026-09-09T03:05:11.420436+00:00,2026-09-09T03:05:14.378180+00:00,"4,5,6,7",2.9577438831329346,0.0032863820923699273,measurement,COHORT_TRANSFER_DIAGNOSTIC_UTC_PLACEMENT_APPROX,poc_flashvep/deepep_revalidation/results/scheduling_overlap_successor_mining_20260908_161510/vl_transfer/lite_control_20260909_v1/b1_clean
lite_control_20260909_v1/b1_clean:r0:text_only_no_image_control:b4,COMMON_VL_TRANSFER,Real-image operation cost and observer overhead; same-host request interval union,2026-09-09T03:05:14.382040+00:00,2026-09-09T03:05:17.383432+00:00,"4,5,6,7",3.001392364501953,0.00333488040500217,measurement,COHORT_TRANSFER_DIAGNOSTIC_UTC_PLACEMENT_APPROX,poc_flashvep/deepep_revalidation/results/scheduling_overlap_successor_mining_20260908_161510/vl_transfer/lite_control_20260909_v1/b1_clean
lite_control_20260909_v1/b1_clean:r0:single_real_image:b8,COMMON_VL_TRANSFER,Real-image operation cost and observer overhead; same-host request interval union,2026-09-09T03:05:17.386094+00:00,2026-09-09T03:05:20.680488+00:00,"4,5,6,7",3.29439377784729,0.0036604375309414335,measurement,COHORT_TRANSFER_DIAGNOSTIC_UTC_PLACEMENT_APPROX,poc_flashvep/deepep_revalidation/results/scheduling_overlap_successor_mining_20260908_161510/vl_transfer/lite_control_20260909_v1/b1_clean
lite_control_20260909_v1/b1_clean:r0:long_text_plus_image:b8,COMMON_VL_TRANSFER,Real-image operation cost and observer overhead; same-host request interval union,2026-09-09T03:05:20.684199+00:00,2026-09-09T03:05:24.042827+00:00,"4,5,6,7",3.3586277961730957,0.003731808662414551,measurement,COHORT_TRANSFER_DIAGNOSTIC_UTC_PLACEMENT_APPROX,poc_flashvep/deepep_revalidation/results/scheduling_overlap_successor_mining_20260908_161510/vl_transfer/lite_control_20260909_v1/b1_clean
lite_control_20260909_v1/b1_clean:r0:two_real_images:b8,COMMON_VL_TRANSFER,Real-image operation cost and observer overhead; same-host request interval union,2026-09-09T03:05:24.046509+00:00,2026-09-09T03:05:27.529987+00:00,"4,5,6,7",3.48347806930542,0.0038705311881171334,measurement,COHORT_TRANSFER_DIAGNOSTIC_UTC_PLACEMENT_APPROX,poc_flashvep/deepep_revalidation/results/scheduling_overlap_successor_mining_20260908_161510/vl_transfer/lite_control_20260909_v1/b1_clean
lite_control_20260909_v1/b1_clean:r0:single_real_image:b4,COMMON_VL_TRANSFER,Real-image operation cost and observer overhead; same-host request interval union,2026-09-09T03:05:27.533754+00:00,2026-09-09T03:05:30.761238+00:00,"4,5,6,7",3.2274842262268066,0.0035860935846964517,measurement,COHORT_TRANSFER_DIAGNOSTIC_UTC_PLACEMENT_APPROX,poc_flashvep/deepep_revalidation/results/scheduling_overlap_successor_mining_20260908_161510/vl_transfer/lite_control_20260909_v1/b1_clean
lite_control_20260909_v1/b1_clean:r0:long_text_plus_image:b4,COMMON_VL_TRANSFER,Real-image operation cost and observer overhead; same-host request interval union,2026-09-09T03:05:30.763849+00:00,2026-09-09T03:05:33.978731+00:00,"4,5,6,7",3.2148826122283936,0.003572091791364882,measurement,COHORT_TRANSFER_DIAGNOSTIC_UTC_PLACEMENT_APPROX,poc_flashvep/deepep_revalidation/results/scheduling_overlap_successor_mining_20260908_161510/vl_transfer/lite_control_20260909_v1/b1_clean
lite_control_20260909_v1/b1_clean:r1:two_real_images:b8,COMMON_VL_TRANSFER,Real-image operation cost and observer overhead; same-host request interval union,2026-09-09T03:05:33.981704+00:00,2026-09-09T03:05:37.505741+00:00,"4,5,6,7",3.5240371227264404,0.003915596803029379,measurement,COHORT_TRANSFER_DIAGNOSTIC_UTC_PLACEMENT_APPROX,poc_flashvep/deepep_revalidation/results/scheduling_overlap_successor_mining_20260908_161510/vl_transfer/lite_control_20260909_v1/b1_clean
lite_control_20260909_v1/b1_clean:r1:long_text_plus_image:b8,COMMON_VL_TRANSFER,Real-image operation cost and observer overhead; same-host request interval union,2026-09-09T03:05:37.508634+00:00,2026-09-09T03:05:40.789826+00:00,"4,5,6,7",3.2811923027038574,0.003645769225226508,measurement,COHORT_TRANSFER_DIAGNOSTIC_UTC_PLACEMENT_APPROX,poc_flashvep/deepep_revalidation/results/scheduling_overlap_successor_mining_20260908_161510/vl_transfer/lite_control_20260909_v1/b1_clean
lite_control_20260909_v1/b1_clean:r1:text_only_no_image_control:b1,COMMON_VL_TRANSFER,Real-image operation cost and observer overhead; same-host request interval union,2026-09-09T03:05:40.793519+00:00,2026-09-09T03:05:43.794570+00:00,"4,5,6,7",3.001051187515259,0.0033345013194613984,measurement,COHORT_TRANSFER_DIAGNOSTIC_UTC_PLACEMENT_APPROX,poc_flashvep/deepep_revalidation/results/scheduling_overlap_successor_mining_20260908_161510/vl_transfer/lite_control_20260909_v1/b1_clean
lite_control_20260909_v1/b1_clean:r1:single_real_image:b1,COMMON_VL_TRANSFER,Real-image operation cost and observer overhead; same-host request interval union,2026-09-09T03:05:43.796492+00:00,2026-09-09T03:05:46.826234+00:00,"4,5,6,7",3.029742479324341,0.003366380532582601,measurement,COHORT_TRANSFER_DIAGNOSTIC_UTC_PLACEMENT_APPROX,poc_flashvep/deepep_revalidation/results/scheduling_overlap_successor_mining_20260908_161510/vl_transfer/lite_control_20260909_v1/b1_clean
lite_control_20260909_v1/b1_clean:r1:single_real_image:b4,COMMON_VL_TRANSFER,Real-image operation cost and observer overhead; same-host request interval union,2026-09-09T03:05:46.828158+00:00,2026-09-09T03:05:50.090054+00:00,"4,5,6,7",3.2618958950042725,0.0036243287722269694,measurement,COHORT_TRANSFER_DIAGNOSTIC_UTC_PLACEMENT_APPROX,poc_flashvep/deepep_revalidation/results/scheduling_overlap_successor_mining_20260908_161510/vl_transfer/lite_control_20260909_v1/b1_clean
lite_control_20260909_v1/b1_clean:r1:text_only_no_image_control:b8,COMMON_VL_TRANSFER,Real-image operation cost and observer overhead; same-host request interval union,2026-09-09T03:05:50.092492+00:00,2026-09-09T03:05:53.174789+00:00,"4,5,6,7",3.0822973251342773,0.0034247748057047527,measurement,COHORT_TRANSFER_DIAGNOSTIC_UTC_PLACEMENT_APPROX,poc_flashvep/deepep_revalidation/results/scheduling_overlap_successor_mining_20260908_161510/vl_transfer/lite_control_20260909_v1/b1_clean
lite_control_20260909_v1/b1_clean:r1:two_real_images:b4,COMMON_VL_TRANSFER,Real-image operation cost and observer overhead; same-host request interval union,2026-09-09T03:05:53.178567+00:00,2026-09-09T03:05:56.534747+00:00,"4,5,6,7",3.356180191040039,0.0037290891011555988,measurement,COHORT_TRANSFER_DIAGNOSTIC_UTC_PLACEMENT_APPROX,poc_flashvep/deepep_revalidation/results/scheduling_overlap_successor_mining_20260908_161510/vl_transfer/lite_control_20260909_v1/b1_clean
lite_control_20260909_v1/b1_clean:r1:long_text_plus_image:b4,COMMON_VL_TRANSFER,Real-image operation cost and observer overhead; same-host request interval union,2026-09-09T03:05:56.537648+00:00,2026-09-09T03:05:59.854190+00:00,"4,5,6,7",3.316541910171509,0.003685046566857232,measurement,COHORT_TRANSFER_DIAGNOSTIC_UTC_PLACEMENT_APPROX,poc_flashvep/deepep_revalidation/results/scheduling_overlap_successor_mining_20260908_161510/vl_transfer/lite_control_20260909_v1/b1_clean
lite_control_20260909_v1/b1_clean:r1:text_only_no_image_control:b4,COMMON_VL_TRANSFER,Real-image operation cost and observer overhead; same-host request interval union,2026-09-09T03:05:59.856734+00:00,2026-09-09T03:06:02.935091+00:00,"4,5,6,7",3.0783562660217285,0.003420395851135254,measurement,COHORT_TRANSFER_DIAGNOSTIC_UTC_PLACEMENT_APPROX,poc_flashvep/deepep_revalidation/results/scheduling_overlap_successor_mining_20260908_161510/vl_transfer/lite_control_20260909_v1/b1_clean
lite_control_20260909_v1/b1_clean:r1:long_text_plus_image:b1,COMMON_VL_TRANSFER,Real-image operation cost and observer overhead; same-host request interval union,2026-09-09T03:06:02.947212+00:00,2026-09-09T03:06:06.077281+00:00,"4,5,6,7",3.130068063735962,0.003477853404151069,measurement,COHORT_TRANSFER_DIAGNOSTIC_UTC_PLACEMENT_APPROX,poc_flashvep/deepep_revalidation/results/scheduling_overlap_successor_mining_20260908_161510/vl_transfer/lite_control_20260909_v1/b1_clean
lite_control_20260909_v1/b1_clean:r1:single_real_image:b8,COMMON_VL_TRANSFER,Real-image operation cost and observer overhead; same-host request interval union,2026-09-09T03:06:06.079034+00:00,2026-09-09T03:06:09.520415+00:00,"4,5,6,7",3.441380739212036,0.003823756376902262,measurement,COHORT_TRANSFER_DIAGNOSTIC_UTC_PLACEMENT_APPROX,poc_flashvep/deepep_revalidation/results/scheduling_overlap_successor_mining_20260908_161510/vl_transfer/lite_control_20260909_v1/b1_clean
lite_control_20260909_v1/b1_clean:r1:two_real_images:b1,COMMON_VL_TRANSFER,Real-image operation cost and observer overhead; same-host request interval union,2026-09-09T03:06:09.523905+00:00,2026-09-09T03:06:12.660408+00:00,"4,5,6,7",3.1365034580230713,0.003485003842247857,measurement,COHORT_TRANSFER_DIAGNOSTIC_UTC_PLACEMENT_APPROX,poc_flashvep/deepep_revalidation/results/scheduling_overlap_successor_mining_20260908_161510/vl_transfer/lite_control_20260909_v1/b1_clean
lite_control_20260909_v1/b1_layer_sampled:r0:two_real_images:b1,COMMON_VL_TRANSFER,Real-image operation cost and observer overhead; same-host request interval union,2026-09-09T03:01:56.897823+00:00,2026-09-09T03:02:00.263462+00:00,"4,5,6,7",3.3656387329101562,0.003739598592122396,mechanism_diagnostic,COHORT_TRANSFER_DIAGNOSTIC_UTC_PLACEMENT_APPROX,poc_flashvep/deepep_revalidation/results/scheduling_overlap_successor_mining_20260908_161510/vl_transfer/lite_control_20260909_v1/b1_layer_sampled
lite_control_20260909_v1/b1_layer_sampled:r0:single_real_image:b1,COMMON_VL_TRANSFER,Real-image operation cost and observer overhead; same-host request interval union,2026-09-09T03:02:00.265447+00:00,2026-09-09T03:02:03.478596+00:00,"4,5,6,7",3.213149070739746,0.0035701656341552736,mechanism_diagnostic,COHORT_TRANSFER_DIAGNOSTIC_UTC_PLACEMENT_APPROX,poc_flashvep/deepep_revalidation/results/scheduling_overlap_successor_mining_20260908_161510/vl_transfer/lite_control_20260909_v1/b1_layer_sampled
lite_control_20260909_v1/b1_layer_sampled:r0:long_text_plus_image:b1,COMMON_VL_TRANSFER,Real-image operation cost and observer overhead; same-host request interval union,2026-09-09T03:02:03.480610+00:00,2026-09-09T03:02:06.839670+00:00,"4,5,6,7",3.3590595722198486,0.0037322884135776095,mechanism_diagnostic,COHORT_TRANSFER_DIAGNOSTIC_UTC_PLACEMENT_APPROX,poc_flashvep/deepep_revalidation/results/scheduling_overlap_successor_mining_20260908_161510/vl_transfer/lite_control_20260909_v1/b1_layer_sampled
lite_control_20260909_v1/b1_layer_sampled:r0:text_only_no_image_control:b1,COMMON_VL_TRANSFER,Real-image operation cost and observer overhead; same-host request interval union,2026-09-09T03:02:06.841694+00:00,2026-09-09T03:02:10.163558+00:00,"4,5,6,7",3.3218631744384766,0.0036909590827094185,mechanism_diagnostic,COHORT_TRANSFER_DIAGNOSTIC_UTC_PLACEMENT_APPROX,poc_flashvep/deepep_revalidation/results/scheduling_overlap_successor_mining_20260908_161510/vl_transfer/lite_control_20260909_v1/b1_layer_sampled
lite_control_20260909_v1/b1_layer_sampled:r0:two_real_images:b4,COMMON_VL_TRANSFER,Real-image operation cost and observer overhead; same-host request interval union,2026-09-09T03:02:10.165527+00:00,2026-09-09T03:02:13.859887+00:00,"4,5,6,7",3.69435977935791,0.004104844199286567,mechanism_diagnostic,COHORT_TRANSFER_DIAGNOSTIC_UTC_PLACEMENT_APPROX,poc_flashvep/deepep_revalidation/results/scheduling_overlap_successor_mining_20260908_161510/vl_transfer/lite_control_20260909_v1/b1_layer_sampled
lite_control_20260909_v1/b1_layer_sampled:r0:text_only_no_image_control:b8,COMMON_VL_TRANSFER,Real-image operation cost and observer overhead; same-host request interval union,2026-09-09T03:02:13.863687+00:00,2026-09-09T03:02:17.205735+00:00,"4,5,6,7",3.342047691345215,0.0037133863237169052,mechanism_diagnostic,COHORT_TRANSFER_DIAGNOSTIC_UTC_PLACEMENT_APPROX,poc_flashvep/deepep_revalidation/results/scheduling_overlap_successor_mining_20260908_161510/vl_transfer/lite_control_20260909_v1/b1_layer_sampled
lite_control_20260909_v1/b1_layer_sampled:r0:text_only_no_image_control:b4,COMMON_VL_TRANSFER,Real-image operation cost and observer overhead; same-host request interval union,2026-09-09T03:02:17.209375+00:00,2026-09-09T03:02:20.606630+00:00,"4,5,6,7",3.3972549438476562,0.003774727715386285,mechanism_diagnostic,COHORT_TRANSFER_DIAGNOSTIC_UTC_PLACEMENT_APPROX,poc_flashvep/deepep_revalidation/results/scheduling_overlap_successor_mining_20260908_161510/vl_transfer/lite_control_20260909_v1/b1_layer_sampled
lite_control_20260909_v1/b1_layer_sampled:r0:single_real_image:b8,COMMON_VL_TRANSFER,Real-image operation cost and observer overhead; same-host request interval union,2026-09-09T03:02:20.609211+00:00,2026-09-09T03:02:24.289023+00:00,"4,5,6,7",3.67981219291687,0.004088680214352078,mechanism_diagnostic,COHORT_TRANSFER_DIAGNOSTIC_UTC_PLACEMENT_APPROX,poc_flashvep/deepep_revalidation/results/scheduling_overlap_successor_mining_20260908_161510/vl_transfer/lite_control_20260909_v1/b1_layer_sampled
lite_control_20260909_v1/b1_layer_sampled:r0:long_text_plus_image:b8,COMMON_VL_TRANSFER,Real-image operation cost and observer overhead; same-host request interval union,2026-09-09T03:02:24.292754+00:00,2026-09-09T03:02:27.790242+00:00,"4,5,6,7",3.497488498687744,0.0038860983318752713,mechanism_diagnostic,COHORT_TRANSFER_DIAGNOSTIC_UTC_PLACEMENT_APPROX,poc_flashvep/deepep_revalidation/results/scheduling_overlap_successor_mining_20260908_161510/vl_transfer/lite_control_20260909_v1/b1_layer_sampled
lite_control_20260909_v1/b1_layer_sampled:r0:two_real_images:b8,COMMON_VL_TRANSFER,Real-image operation cost and observer overhead; same-host request interval union,2026-09-09T03:02:27.793911+00:00,2026-09-09T03:02:31.436551+00:00,"4,5,6,7",3.642639398574829,0.004047377109527588,mechanism_diagnostic,COHORT_TRANSFER_DIAGNOSTIC_UTC_PLACEMENT_APPROX,poc_flashvep/deepep_revalidation/results/scheduling_overlap_successor_mining_20260908_161510/vl_transfer/lite_control_20260909_v1/b1_layer_sampled
lite_control_20260909_v1/b1_layer_sampled:r0:single_real_image:b4,COMMON_VL_TRANSFER,Real-image operation cost and observer overhead; same-host request interval union,2026-09-09T03:02:31.439701+00:00,2026-09-09T03:02:34.905306+00:00,"4,5,6,7",3.4656054973602295,0.0038506727748446995,mechanism_diagnostic,COHORT_TRANSFER_DIAGNOSTIC_UTC_PLACEMENT_APPROX,poc_flashvep/deepep_revalidation/results/scheduling_overlap_successor_mining_20260908_161510/vl_transfer/lite_control_20260909_v1/b1_layer_sampled
lite_control_20260909_v1/b1_layer_sampled:r0:long_text_plus_image:b4,COMMON_VL_TRANSFER,Real-image operation cost and observer overhead; same-host request interval union,2026-09-09T03:02:34.907936+00:00,2026-09-09T03:02:38.212600+00:00,"4,5,6,7",3.304664134979248,0.003671849038865831,mechanism_diagnostic,COHORT_TRANSFER_DIAGNOSTIC_UTC_PLACEMENT_APPROX,poc_flashvep/deepep_revalidation/results/scheduling_overlap_successor_mining_20260908_161510/vl_transfer/lite_control_20260909_v1/b1_layer_sampled
lite_control_20260909_v1/b1_layer_sampled:r1:two_real_images:b8,COMMON_VL_TRANSFER,Real-image operation cost and observer overhead; same-host request interval union,2026-09-09T03:02:38.215173+00:00,2026-09-09T03:02:41.762501+00:00,"4,5,6,7",3.547327756881714,0.003941475285424127,mechanism_diagnostic,COHORT_TRANSFER_DIAGNOSTIC_UTC_PLACEMENT_APPROX,poc_flashvep/deepep_revalidation/results/scheduling_overlap_successor_mining_20260908_161510/vl_transfer/lite_control_20260909_v1/b1_layer_sampled
lite_control_20260909_v1/b1_layer_sampled:r1:long_text_plus_image:b8,COMMON_VL_TRANSFER,Real-image operation cost and observer overhead; same-host request interval union,2026-09-09T03:02:41.765933+00:00,2026-09-09T03:02:45.073081+00:00,"4,5,6,7",3.3071486949920654,0.003674609661102295,mechanism_diagnostic,COHORT_TRANSFER_DIAGNOSTIC_UTC_PLACEMENT_APPROX,poc_flashvep/deepep_revalidation/results/scheduling_overlap_successor_mining_20260908_161510/vl_transfer/lite_control_20260909_v1/b1_layer_sampled
lite_control_20260909_v1/b1_layer_sampled:r1:text_only_no_image_control:b1,COMMON_VL_TRANSFER,Real-image operation cost and observer overhead; same-host request interval union,2026-09-09T03:02:45.076915+00:00,2026-09-09T03:02:48.231628+00:00,"4,5,6,7",3.1547133922576904,0.003505237102508545,mechanism_diagnostic,COHORT_TRANSFER_DIAGNOSTIC_UTC_PLACEMENT_APPROX,poc_flashvep/deepep_revalidation/results/scheduling_overlap_successor_mining_20260908_161510/vl_transfer/lite_control_20260909_v1/b1_layer_sampled
lite_control_20260909_v1/b1_layer_sampled:r1:single_real_image:b1,COMMON_VL_TRANSFER,Real-image operation cost and observer overhead; same-host request interval union,2026-09-09T03:02:48.233527+00:00,2026-09-09T03:02:51.372635+00:00,"4,5,6,7",3.139108180999756,0.0034878979788886175,mechanism_diagnostic,COHORT_TRANSFER_DIAGNOSTIC_UTC_PLACEMENT_APPROX,poc_flashvep/deepep_revalidation/results/scheduling_overlap_successor_mining_20260908_161510/vl_transfer/lite_control_20260909_v1/b1_layer_sampled
lite_control_20260909_v1/b1_layer_sampled:r1:single_real_image:b4,COMMON_VL_TRANSFER,Real-image operation cost and observer overhead; same-host request interval union,2026-09-09T03:02:51.374410+00:00,2026-09-09T03:02:54.692384+00:00,"4,5,6,7",3.3179736137390137,0.003686637348598904,mechanism_diagnostic,COHORT_TRANSFER_DIAGNOSTIC_UTC_PLACEMENT_APPROX,poc_flashvep/deepep_revalidation/results/scheduling_overlap_successor_mining_20260908_161510/vl_transfer/lite_control_20260909_v1/b1_layer_sampled
lite_control_20260909_v1/b1_layer_sampled:r1:text_only_no_image_control:b8,COMMON_VL_TRANSFER,Real-image operation cost and observer overhead; same-host request interval union,2026-09-09T03:02:54.694867+00:00,2026-09-09T03:02:57.787076+00:00,"4,5,6,7",3.0922091007232666,0.0034357878896925185,mechanism_diagnostic,COHORT_TRANSFER_DIAGNOSTIC_UTC_PLACEMENT_APPROX,poc_flashvep/deepep_revalidation/results/scheduling_overlap_successor_mining_20260908_161510/vl_transfer/lite_control_20260909_v1/b1_layer_sampled
lite_control_20260909_v1/b1_layer_sampled:r1:two_real_images:b4,COMMON_VL_TRANSFER,Real-image operation cost and observer overhead; same-host request interval union,2026-09-09T03:02:57.790408+00:00,2026-09-09T03:03:01.200479+00:00,"4,5,6,7",3.410071611404419,0.003788968457116021,mechanism_diagnostic,COHORT_TRANSFER_DIAGNOSTIC_UTC_PLACEMENT_APPROX,poc_flashvep/deepep_revalidation/results/scheduling_overlap_successor_mining_20260908_161510/vl_transfer/lite_control_20260909_v1/b1_layer_sampled
lite_control_20260909_v1/b1_layer_sampled:r1:long_text_plus_image:b4,COMMON_VL_TRANSFER,Real-image operation cost and observer overhead; same-host request interval union,2026-09-09T03:03:01.203609+00:00,2026-09-09T03:03:04.504612+00:00,"4,5,6,7",3.3010034561157227,0.0036677816179063586,mechanism_diagnostic,COHORT_TRANSFER_DIAGNOSTIC_UTC_PLACEMENT_APPROX,poc_flashvep/deepep_revalidation/results/scheduling_overlap_successor_mining_20260908_161510/vl_transfer/lite_control_20260909_v1/b1_layer_sampled
lite_control_20260909_v1/b1_layer_sampled:r1:text_only_no_image_control:b4,COMMON_VL_TRANSFER,Real-image operation cost and observer overhead; same-host request interval union,2026-09-09T03:03:04.507120+00:00,2026-09-09T03:03:07.578499+00:00,"4,5,6,7",3.071378707885742,0.0034126430087619355,mechanism_diagnostic,COHORT_TRANSFER_DIAGNOSTIC_UTC_PLACEMENT_APPROX,poc_flashvep/deepep_revalidation/results/scheduling_overlap_successor_mining_20260908_161510/vl_transfer/lite_control_20260909_v1/b1_layer_sampled
lite_control_20260909_v1/b1_layer_sampled:r1:long_text_plus_image:b1,COMMON_VL_TRANSFER,Real-image operation cost and observer overhead; same-host request interval union,2026-09-09T03:03:07.581251+00:00,2026-09-09T03:03:10.683573+00:00,"4,5,6,7",3.1023218631744385,0.0034470242924160427,mechanism_diagnostic,COHORT_TRANSFER_DIAGNOSTIC_UTC_PLACEMENT_APPROX,poc_flashvep/deepep_revalidation/results/scheduling_overlap_successor_mining_20260908_161510/vl_transfer/lite_control_20260909_v1/b1_layer_sampled
lite_control_20260909_v1/b1_layer_sampled:r1:single_real_image:b8,COMMON_VL_TRANSFER,Real-image operation cost and observer overhead; same-host request interval union,2026-09-09T03:03:10.685409+00:00,2026-09-09T03:03:14.060021+00:00,"4,5,6,7",3.3746118545532227,0.0037495687272813584,mechanism_diagnostic,COHORT_TRANSFER_DIAGNOSTIC_UTC_PLACEMENT_APPROX,poc_flashvep/deepep_revalidation/results/scheduling_overlap_successor_mining_20260908_161510/vl_transfer/lite_control_20260909_v1/b1_layer_sampled
lite_control_20260909_v1/b1_layer_sampled:r1:two_real_images:b1,COMMON_VL_TRANSFER,Real-image operation cost and observer overhead; same-host request interval union,2026-09-09T03:03:14.063843+00:00,2026-09-09T03:03:17.317974+00:00,"4,5,6,7",3.2541308403015137,0.0036157009336683487,mechanism_diagnostic,COHORT_TRANSFER_DIAGNOSTIC_UTC_PLACEMENT_APPROX,poc_flashvep/deepep_revalidation/results/scheduling_overlap_successor_mining_20260908_161510/vl_transfer/lite_control_20260909_v1/b1_layer_sampled
lite_control_20260909_v1/b2_layer_sampled:r0:two_real_images:b8,COMMON_VL_TRANSFER,Real-image operation cost and observer overhead; same-host request interval union,2026-09-09T03:07:48.415148+00:00,2026-09-09T03:07:52.403507+00:00,"4,5,6,7",3.988358736038208,0.00443150970670912,mechanism_diagnostic,COHORT_TRANSFER_DIAGNOSTIC_UTC_PLACEMENT_APPROX,poc_flashvep/deepep_revalidation/results/scheduling_overlap_successor_mining_20260908_161510/vl_transfer/lite_control_20260909_v1/b2_layer_sampled
lite_control_20260909_v1/b2_layer_sampled:r0:long_text_plus_image:b8,COMMON_VL_TRANSFER,Real-image operation cost and observer overhead; same-host request interval union,2026-09-09T03:07:52.406807+00:00,2026-09-09T03:07:56.179305+00:00,"4,5,6,7",3.772498369216919,0.004191664854685465,mechanism_diagnostic,COHORT_TRANSFER_DIAGNOSTIC_UTC_PLACEMENT_APPROX,poc_flashvep/deepep_revalidation/results/scheduling_overlap_successor_mining_20260908_161510/vl_transfer/lite_control_20260909_v1/b2_layer_sampled
lite_control_20260909_v1/b2_layer_sampled:r0:text_only_no_image_control:b1,COMMON_VL_TRANSFER,Real-image operation cost and observer overhead; same-host request interval union,2026-09-09T03:07:56.182917+00:00,2026-09-09T03:07:59.554816+00:00,"4,5,6,7",3.371898889541626,0.0037465543217129176,mechanism_diagnostic,COHORT_TRANSFER_DIAGNOSTIC_UTC_PLACEMENT_APPROX,poc_flashvep/deepep_revalidation/results/scheduling_overlap_successor_mining_20260908_161510/vl_transfer/lite_control_20260909_v1/b2_layer_sampled
lite_control_20260909_v1/b2_layer_sampled:r0:single_real_image:b1,COMMON_VL_TRANSFER,Real-image operation cost and observer overhead; same-host request interval union,2026-09-09T03:07:59.556800+00:00,2026-09-09T03:08:03.041231+00:00,"4,5,6,7",3.4844305515289307,0.0038715895016988118,mechanism_diagnostic,COHORT_TRANSFER_DIAGNOSTIC_UTC_PLACEMENT_APPROX,poc_flashvep/deepep_revalidation/results/scheduling_overlap_successor_mining_20260908_161510/vl_transfer/lite_control_20260909_v1/b2_layer_sampled
lite_control_20260909_v1/b2_layer_sampled:r0:single_real_image:b4,COMMON_VL_TRANSFER,Real-image operation cost and observer overhead; same-host request interval union,2026-09-09T03:08:03.043210+00:00,2026-09-09T03:08:06.847452+00:00,"4,5,6,7",3.8042423725128174,0.004226935969458686,mechanism_diagnostic,COHORT_TRANSFER_DIAGNOSTIC_UTC_PLACEMENT_APPROX,poc_flashvep/deepep_revalidation/results/scheduling_overlap_successor_mining_20260908_161510/vl_transfer/lite_control_20260909_v1/b2_layer_sampled
lite_control_20260909_v1/b2_layer_sampled:r0:text_only_no_image_control:b8,COMMON_VL_TRANSFER,Real-image operation cost and observer overhead; same-host request interval union,2026-09-09T03:08:06.850229+00:00,2026-09-09T03:08:10.215899+00:00,"4,5,6,7",3.3656704425811768,0.0037396338250901963,mechanism_diagnostic,COHORT_TRANSFER_DIAGNOSTIC_UTC_PLACEMENT_APPROX,poc_flashvep/deepep_revalidation/results/scheduling_overlap_successor_mining_20260908_161510/vl_transfer/lite_control_20260909_v1/b2_layer_sampled
lite_control_20260909_v1/b2_layer_sampled:r0:two_real_images:b4,COMMON_VL_TRANSFER,Real-image operation cost and observer overhead; same-host request interval union,2026-09-09T03:08:10.221586+00:00,2026-09-09T03:08:13.798085+00:00,"4,5,6,7",3.576498508453369,0.003973887231614855,mechanism_diagnostic,COHORT_TRANSFER_DIAGNOSTIC_UTC_PLACEMENT_APPROX,poc_flashvep/deepep_revalidation/results/scheduling_overlap_successor_mining_20260908_161510/vl_transfer/lite_control_20260909_v1/b2_layer_sampled
lite_control_20260909_v1/b2_layer_sampled:r0:long_text_plus_image:b4,COMMON_VL_TRANSFER,Real-image operation cost and observer overhead; same-host request interval union,2026-09-09T03:08:13.800989+00:00,2026-09-09T03:08:17.468123+00:00,"4,5,6,7",3.6671340465545654,0.004074593385060628,mechanism_diagnostic,COHORT_TRANSFER_DIAGNOSTIC_UTC_PLACEMENT_APPROX,poc_flashvep/deepep_revalidation/results/scheduling_overlap_successor_mining_20260908_161510/vl_transfer/lite_control_20260909_v1/b2_layer_sampled
lite_control_20260909_v1/b2_layer_sampled:r0:text_only_no_image_control:b4,COMMON_VL_TRANSFER,Real-image operation cost and observer overhead; same-host request interval union,2026-09-09T03:08:17.470764+00:00,2026-09-09T03:08:20.808390+00:00,"4,5,6,7",3.3376262187957764,0.0037084735764397517,mechanism_diagnostic,COHORT_TRANSFER_DIAGNOSTIC_UTC_PLACEMENT_APPROX,poc_flashvep/deepep_revalidation/results/scheduling_overlap_successor_mining_20260908_161510/vl_transfer/lite_control_20260909_v1/b2_layer_sampled
lite_control_20260909_v1/b2_layer_sampled:r0:long_text_plus_image:b1,COMMON_VL_TRANSFER,Real-image operation cost and observer overhead; same-host request interval union,2026-09-09T03:08:20.811331+00:00,2026-09-09T03:08:24.250554+00:00,"4,5,6,7",3.439223289489746,0.0038213592105441623,mechanism_diagnostic,COHORT_TRANSFER_DIAGNOSTIC_UTC_PLACEMENT_APPROX,poc_flashvep/deepep_revalidation/results/scheduling_overlap_successor_mining_20260908_161510/vl_transfer/lite_control_20260909_v1/b2_layer_sampled
lite_control_20260909_v1/b2_layer_sampled:r0:single_real_image:b8,COMMON_VL_TRANSFER,Real-image operation cost and observer overhead; same-host request interval union,2026-09-09T03:08:24.252446+00:00,2026-09-09T03:08:27.966219+00:00,"4,5,6,7",3.713773250579834,0.004126414722866482,mechanism_diagnostic,COHORT_TRANSFER_DIAGNOSTIC_UTC_PLACEMENT_APPROX,poc_flashvep/deepep_revalidation/results/scheduling_overlap_successor_mining_20260908_161510/vl_transfer/lite_control_20260909_v1/b2_layer_sampled
lite_control_20260909_v1/b2_layer_sampled:r0:two_real_images:b1,COMMON_VL_TRANSFER,Real-image operation cost and observer overhead; same-host request interval union,2026-09-09T03:08:27.970114+00:00,2026-09-09T03:08:31.591132+00:00,"4,5,6,7",3.621018171310425,0.0040233535236782495,mechanism_diagnostic,COHORT_TRANSFER_DIAGNOSTIC_UTC_PLACEMENT_APPROX,poc_flashvep/deepep_revalidation/results/scheduling_overlap_successor_mining_20260908_161510/vl_transfer/lite_control_20260909_v1/b2_layer_sampled
lite_control_20260909_v1/b2_layer_sampled:r1:text_only_no_image_control:b4,COMMON_VL_TRANSFER,Real-image operation cost and observer overhead; same-host request interval union,2026-09-09T03:08:31.593304+00:00,2026-09-09T03:08:34.992565+00:00,"4,5,6,7",3.399260997772217,0.003776956664191352,mechanism_diagnostic,COHORT_TRANSFER_DIAGNOSTIC_UTC_PLACEMENT_APPROX,poc_flashvep/deepep_revalidation/results/scheduling_overlap_successor_mining_20260908_161510/vl_transfer/lite_control_20260909_v1/b2_layer_sampled
lite_control_20260909_v1/b2_layer_sampled:r1:long_text_plus_image:b8,COMMON_VL_TRANSFER,Real-image operation cost and observer overhead; same-host request interval union,2026-09-09T03:08:34.995575+00:00,2026-09-09T03:08:38.662880+00:00,"4,5,6,7",3.6673054695129395,0.004074783855014377,mechanism_diagnostic,COHORT_TRANSFER_DIAGNOSTIC_UTC_PLACEMENT_APPROX,poc_flashvep/deepep_revalidation/results/scheduling_overlap_successor_mining_20260908_161510/vl_transfer/lite_control_20260909_v1/b2_layer_sampled
lite_control_20260909_v1/b2_layer_sampled:r1:two_real_images:b1,COMMON_VL_TRANSFER,Real-image operation cost and observer overhead; same-host request interval union,2026-09-09T03:08:38.666557+00:00,2026-09-09T03:08:42.130737+00:00,"4,5,6,7",3.4641804695129395,0.0038490894105699326,mechanism_diagnostic,COHORT_TRANSFER_DIAGNOSTIC_UTC_PLACEMENT_APPROX,poc_flashvep/deepep_revalidation/results/scheduling_overlap_successor_mining_20260908_161510/vl_transfer/lite_control_20260909_v1/b2_layer_sampled
lite_control_20260909_v1/b2_layer_sampled:r1:text_only_no_image_control:b8,COMMON_VL_TRANSFER,Real-image operation cost and observer overhead; same-host request interval union,2026-09-09T03:08:42.132617+00:00,2026-09-09T03:08:45.488597+00:00,"4,5,6,7",3.3559799194335938,0.0037288665771484375,mechanism_diagnostic,COHORT_TRANSFER_DIAGNOSTIC_UTC_PLACEMENT_APPROX,poc_flashvep/deepep_revalidation/results/scheduling_overlap_successor_mining_20260908_161510/vl_transfer/lite_control_20260909_v1/b2_layer_sampled
lite_control_20260909_v1/b2_layer_sampled:r1:single_real_image:b8,COMMON_VL_TRANSFER,Real-image operation cost and observer overhead; same-host request interval union,2026-09-09T03:08:45.492552+00:00,2026-09-09T03:08:49.080877+00:00,"4,5,6,7",3.588324546813965,0.003987027274237739,mechanism_diagnostic,COHORT_TRANSFER_DIAGNOSTIC_UTC_PLACEMENT_APPROX,poc_flashvep/deepep_revalidation/results/scheduling_overlap_successor_mining_20260908_161510/vl_transfer/lite_control_20260909_v1/b2_layer_sampled
lite_control_20260909_v1/b2_layer_sampled:r1:single_real_image:b4,COMMON_VL_TRANSFER,Real-image operation cost and observer overhead; same-host request interval union,2026-09-09T03:08:49.084047+00:00,2026-09-09T03:08:52.575786+00:00,"4,5,6,7",3.491739273071289,0.0038797103034125435,mechanism_diagnostic,COHORT_TRANSFER_DIAGNOSTIC_UTC_PLACEMENT_APPROX,poc_flashvep/deepep_revalidation/results/scheduling_overlap_successor_mining_20260908_161510/vl_transfer/lite_control_20260909_v1/b2_layer_sampled
lite_control_20260909_v1/b2_layer_sampled:r1:two_real_images:b8,COMMON_VL_TRANSFER,Real-image operation cost and observer overhead; same-host request interval union,2026-09-09T03:08:52.578143+00:00,2026-09-09T03:08:56.260869+00:00,"4,5,6,7",3.6827259063720703,0.004091917673746745,mechanism_diagnostic,COHORT_TRANSFER_DIAGNOSTIC_UTC_PLACEMENT_APPROX,poc_flashvep/deepep_revalidation/results/scheduling_overlap_successor_mining_20260908_161510/vl_transfer/lite_control_20260909_v1/b2_layer_sampled
lite_control_20260909_v1/b2_layer_sampled:r1:long_text_plus_image:b4,COMMON_VL_TRANSFER,Real-image operation cost and observer overhead; same-host request interval union,2026-09-09T03:08:56.264122+00:00,2026-09-09T03:08:59.962357+00:00,"4,5,6,7",3.6982345581054688,0.004109149509006076,mechanism_diagnostic,COHORT_TRANSFER_DIAGNOSTIC_UTC_PLACEMENT_APPROX,poc_flashvep/deepep_revalidation/results/scheduling_overlap_successor_mining_20260908_161510/vl_transfer/lite_control_20260909_v1/b2_layer_sampled
lite_control_20260909_v1/b2_layer_sampled:r1:single_real_image:b1,COMMON_VL_TRANSFER,Real-image operation cost and observer overhead; same-host request interval union,2026-09-09T03:08:59.965079+00:00,2026-09-09T03:09:03.769075+00:00,"4,5,6,7",3.8039963245391846,0.004226662582821316,mechanism_diagnostic,COHORT_TRANSFER_DIAGNOSTIC_UTC_PLACEMENT_APPROX,poc_flashvep/deepep_revalidation/results/scheduling_overlap_successor_mining_20260908_161510/vl_transfer/lite_control_20260909_v1/b2_layer_sampled
lite_control_20260909_v1/b2_layer_sampled:r1:text_only_no_image_control:b1,COMMON_VL_TRANSFER,Real-image operation cost and observer overhead; same-host request interval union,2026-09-09T03:09:03.771096+00:00,2026-09-09T03:09:06.912284+00:00,"4,5,6,7",3.1411874294281006,0.0034902082549201118,mechanism_diagnostic,COHORT_TRANSFER_DIAGNOSTIC_UTC_PLACEMENT_APPROX,poc_flashvep/deepep_revalidation/results/scheduling_overlap_successor_mining_20260908_161510/vl_transfer/lite_control_20260909_v1/b2_layer_sampled
lite_control_20260909_v1/b2_layer_sampled:r1:two_real_images:b4,COMMON_VL_TRANSFER,Real-image operation cost and observer overhead; same-host request interval union,2026-09-09T03:09:06.914266+00:00,2026-09-09T03:09:10.244728+00:00,"4,5,6,7",3.3304624557495117,0.0037005138397216797,mechanism_diagnostic,COHORT_TRANSFER_DIAGNOSTIC_UTC_PLACEMENT_APPROX,poc_flashvep/deepep_revalidation/results/scheduling_overlap_successor_mining_20260908_161510/vl_transfer/lite_control_20260909_v1/b2_layer_sampled
lite_control_20260909_v1/b2_layer_sampled:r1:long_text_plus_image:b1,COMMON_VL_TRANSFER,Real-image operation cost and observer overhead; same-host request interval union,2026-09-09T03:09:10.247468+00:00,2026-09-09T03:09:13.408536+00:00,"4,5,6,7",3.1610682010650635,0.0035122980011834037,mechanism_diagnostic,COHORT_TRANSFER_DIAGNOSTIC_UTC_PLACEMENT_APPROX,poc_flashvep/deepep_revalidation/results/scheduling_overlap_successor_mining_20260908_161510/vl_transfer/lite_control_20260909_v1/b2_layer_sampled
nanoflow_hf_same_prefix:numerical_resume_20260909_b4_retry1,NANOFLOW,Same-prefix HF versus native MoE logits,2026-09-09T02:38:32.664347+00:00,2026-09-09T02:38:33.892067+00:00,4,1.227719783782959,0.00034103327327304414,correctness_diagnostic,INDEPENDENT_HF_REFERENCE_NOT_PERFORMANCE,poc_flashvep/deepep_revalidation/results/scheduling_overlap_successor_mining_20260908_161510/nanoflow_runs/hf_numerical_reference_20260909/manifest.json
nanoflow_hf_same_prefix:numerical_resume_20260909_b16,NANOFLOW,Same-prefix HF versus native MoE logits,2026-09-09T02:38:34.014960+00:00,2026-09-09T02:38:35.564107+00:00,4,1.5491468906402588,0.0004303185807334052,correctness_diagnostic,INDEPENDENT_HF_REFERENCE_NOT_PERFORMANCE,poc_flashvep/deepep_revalidation/results/scheduling_overlap_successor_mining_20260908_161510/nanoflow_runs/hf_numerical_reference_20260909/manifest.json
prefill_screen_20260909_pilot:b0_b4_c2048_plain,NANOFLOW,Native operation-plan regret on actual fixed-cohort request completion,2026-09-09T03:13:42.894391+00:00,2026-09-09T03:13:42.991395+00:00,"4,5,6,7",0.09700393676757812,0.0001077821519639757,measurement,COLLECTED_CORRECTNESS_PENDING,/home/esjung/MLLM-EP-github/poc_flashvep/deepep_revalidation/results/scheduling_overlap_successor_mining_20260908_161510/nanoflow_runs/prefill_screen_20260909_pilot/b0_b4_c2048_plain.json
prefill_screen_20260909_pilot:b0_b4_c1024_plain,NANOFLOW,Native operation-plan regret on actual fixed-cohort request completion,2026-09-09T03:14:05.498608+00:00,2026-09-09T03:14:05.554010+00:00,"4,5,6,7",0.05540180206298828,6.155755784776476e-05,measurement,COLLECTED_CORRECTNESS_PENDING,/home/esjung/MLLM-EP-github/poc_flashvep/deepep_revalidation/results/scheduling_overlap_successor_mining_20260908_161510/nanoflow_runs/prefill_screen_20260909_pilot/b0_b4_c1024_plain.json
static_partition_control_20260909_v2:b0_cost_static:measure0_heterogeneous_steady,FASTPP,Native original scheduling and existing static-partition request control,2026-09-09T03:17:06.970656+00:00,2026-09-09T03:17:42.542441+00:00,"4,5,6,7",35.57178568840027,0.03952420632044474,measurement,CROSS_CONFIG_CORRECTNESS_PENDING,poc_flashvep/deepep_revalidation/results/scheduling_overlap_successor_mining_20260908_161510/fastpp_runs/static_partition_control_20260909_v2/b0_cost_static/measure0_heterogeneous_steady.jsonl
static_partition_control_20260909_v2:b0_cost_static:measure1_heterogeneous_bursty,FASTPP,Native original scheduling and existing static-partition request control,2026-09-09T03:18:16.404665+00:00,2026-09-09T03:18:49.368223+00:00,"4,5,6,7",32.963558197021484,0.03662617577446831,measurement,CROSS_CONFIG_CORRECTNESS_PENDING,poc_flashvep/deepep_revalidation/results/scheduling_overlap_successor_mining_20260908_161510/fastpp_runs/static_partition_control_20260909_v2/b0_cost_static/measure1_heterogeneous_bursty.jsonl
static_partition_control_20260909_v2:b0_equal:measure0_heterogeneous_steady,FASTPP,Native original scheduling and existing static-partition request control,2026-09-09T03:20:20.859380+00:00,2026-09-09T03:20:55.098845+00:00,"4,5,6,7",34.2394654750824,0.03804385052786933,measurement,CROSS_CONFIG_CORRECTNESS_PENDING,poc_flashvep/deepep_revalidation/results/scheduling_overlap_successor_mining_20260908_161510/fastpp_runs/static_partition_control_20260909_v2/b0_equal/measure0_heterogeneous_steady.jsonl
static_partition_control_20260909_v2:b0_equal:measure1_heterogeneous_bursty,FASTPP,Native original scheduling and existing static-partition request control,2026-09-09T03:21:27.472600+00:00,2026-09-09T03:21:59.193101+00:00,"4,5,6,7",31.72050142288208,0.03524500158098009,measurement,CROSS_CONFIG_CORRECTNESS_PENDING,poc_flashvep/deepep_revalidation/results/scheduling_overlap_successor_mining_20260908_161510/fastpp_runs/static_partition_control_20260909_v2/b0_equal/measure1_heterogeneous_bursty.jsonl
static_partition_control_20260909_v2:b1_cost_static:measure0_heterogeneous_bursty,FASTPP,Native original scheduling and existing static-partition request control,2026-09-09T03:23:28.002777+00:00,2026-09-09T03:24:01.210444+00:00,"4,5,6,7",33.2076678276062,0.03689740869734023,measurement,CROSS_CONFIG_CORRECTNESS_PENDING,poc_flashvep/deepep_revalidation/results/scheduling_overlap_successor_mining_20260908_161510/fastpp_runs/static_partition_control_20260909_v2/b1_cost_static/measure0_heterogeneous_bursty.jsonl
static_partition_control_20260909_v2:b1_cost_static:measure1_heterogeneous_steady,FASTPP,Native original scheduling and existing static-partition request control,2026-09-09T03:24:37.723887+00:00,2026-09-09T03:25:13.396662+00:00,"4,5,6,7",35.67277503013611,0.03963641670015123,measurement,CROSS_CONFIG_CORRECTNESS_PENDING,poc_flashvep/deepep_revalidation/results/scheduling_overlap_successor_mining_20260908_161510/fastpp_runs/static_partition_control_20260909_v2/b1_cost_static/measure1_heterogeneous_steady.jsonl
lite_control_20260909_v1/b2_clean:r0:two_real_images:b8,COMMON_VL_TRANSFER,Real-image operation cost and observer overhead; same-host request interval union,2026-09-09T03:10:50.337111+00:00,2026-09-09T03:10:53.903442+00:00,"4,5,6,7",3.566330671310425,0.003962589634789361,measurement,COHORT_TRANSFER_DIAGNOSTIC_UTC_PLACEMENT_APPROX,poc_flashvep/deepep_revalidation/results/scheduling_overlap_successor_mining_20260908_161510/vl_transfer/lite_control_20260909_v1/b2_clean
lite_control_20260909_v1/b2_clean:r0:long_text_plus_image:b8,COMMON_VL_TRANSFER,Real-image operation cost and observer overhead; same-host request interval union,2026-09-09T03:10:53.907561+00:00,2026-09-09T03:10:57.289545+00:00,"4,5,6,7",3.3819847106933594,0.0037577607896592882,measurement,COHORT_TRANSFER_DIAGNOSTIC_UTC_PLACEMENT_APPROX,poc_flashvep/deepep_revalidation/results/scheduling_overlap_successor_mining_20260908_161510/vl_transfer/lite_control_20260909_v1/b2_clean
lite_control_20260909_v1/b2_clean:r0:text_only_no_image_control:b1,COMMON_VL_TRANSFER,Real-image operation cost and observer overhead; same-host request interval union,2026-09-09T03:10:57.293274+00:00,2026-09-09T03:11:00.393150+00:00,"4,5,6,7",3.0998756885528564,0.003444306320614285,measurement,COHORT_TRANSFER_DIAGNOSTIC_UTC_PLACEMENT_APPROX,poc_flashvep/deepep_revalidation/results/scheduling_overlap_successor_mining_20260908_161510/vl_transfer/lite_control_20260909_v1/b2_clean
lite_control_20260909_v1/b2_clean:r0:single_real_image:b1,COMMON_VL_TRANSFER,Real-image operation cost and observer overhead; same-host request interval union,2026-09-09T03:11:00.395058+00:00,2026-09-09T03:11:03.527430+00:00,"4,5,6,7",3.1323723793029785,0.0034804137547810874,measurement,COHORT_TRANSFER_DIAGNOSTIC_UTC_PLACEMENT_APPROX,poc_flashvep/deepep_revalidation/results/scheduling_overlap_successor_mining_20260908_161510/vl_transfer/lite_control_20260909_v1/b2_clean
lite_control_20260909_v1/b2_clean:r0:single_real_image:b4,COMMON_VL_TRANSFER,Real-image operation cost and observer overhead; same-host request interval union,2026-09-09T03:11:03.529276+00:00,2026-09-09T03:11:06.839052+00:00,"4,5,6,7",3.3097763061523438,0.0036775292290581597,measurement,COHORT_TRANSFER_DIAGNOSTIC_UTC_PLACEMENT_APPROX,poc_flashvep/deepep_revalidation/results/scheduling_overlap_successor_mining_20260908_161510/vl_transfer/lite_control_20260909_v1/b2_clean
lite_control_20260909_v1/b2_clean:r0:text_only_no_image_control:b8,COMMON_VL_TRANSFER,Real-image operation cost and observer overhead; same-host request interval union,2026-09-09T03:11:06.841679+00:00,2026-09-09T03:11:09.867374+00:00,"4,5,6,7",3.0256946086883545,0.0033618828985426162,measurement,COHORT_TRANSFER_DIAGNOSTIC_UTC_PLACEMENT_APPROX,poc_flashvep/deepep_revalidation/results/scheduling_overlap_successor_mining_20260908_161510/vl_transfer/lite_control_20260909_v1/b2_clean
lite_control_20260909_v1/b2_clean:r0:two_real_images:b4,COMMON_VL_TRANSFER,Real-image operation cost and observer overhead; same-host request interval union,2026-09-09T03:11:09.871100+00:00,2026-09-09T03:11:13.346515+00:00,"4,5,6,7",3.475414514541626,0.003861571682824029,measurement,COHORT_TRANSFER_DIAGNOSTIC_UTC_PLACEMENT_APPROX,poc_flashvep/deepep_revalidation/results/scheduling_overlap_successor_mining_20260908_161510/vl_transfer/lite_control_20260909_v1/b2_clean
lite_control_20260909_v1/b2_clean:r0:long_text_plus_image:b4,COMMON_VL_TRANSFER,Real-image operation cost and observer overhead; same-host request interval union,2026-09-09T03:11:13.348925+00:00,2026-09-09T03:11:16.622293+00:00,"4,5,6,7",3.2733678817749023,0.003637075424194336,measurement,COHORT_TRANSFER_DIAGNOSTIC_UTC_PLACEMENT_APPROX,poc_flashvep/deepep_revalidation/results/scheduling_overlap_successor_mining_20260908_161510/vl_transfer/lite_control_20260909_v1/b2_clean
lite_control_20260909_v1/b2_clean:r0:text_only_no_image_control:b4,COMMON_VL_TRANSFER,Real-image operation cost and observer overhead; same-host request interval union,2026-09-09T03:11:16.624929+00:00,2026-09-09T03:11:19.688511+00:00,"4,5,6,7",3.063582420349121,0.003403980467054579,measurement,COHORT_TRANSFER_DIAGNOSTIC_UTC_PLACEMENT_APPROX,poc_flashvep/deepep_revalidation/results/scheduling_overlap_successor_mining_20260908_161510/vl_transfer/lite_control_20260909_v1/b2_clean
lite_control_20260909_v1/b2_clean:r0:long_text_plus_image:b1,COMMON_VL_TRANSFER,Real-image operation cost and observer overhead; same-host request interval union,2026-09-09T03:11:19.691222+00:00,2026-09-09T03:11:22.818914+00:00,"4,5,6,7",3.127692699432373,0.0034752141104804147,measurement,COHORT_TRANSFER_DIAGNOSTIC_UTC_PLACEMENT_APPROX,poc_flashvep/deepep_revalidation/results/scheduling_overlap_successor_mining_20260908_161510/vl_transfer/lite_control_20260909_v1/b2_clean
lite_control_20260909_v1/b2_clean:r0:single_real_image:b8,COMMON_VL_TRANSFER,Real-image operation cost and observer overhead; same-host request interval union,2026-09-09T03:11:22.820779+00:00,2026-09-09T03:11:26.266908+00:00,"4,5,6,7",3.4461288452148438,0.003829032050238715,measurement,COHORT_TRANSFER_DIAGNOSTIC_UTC_PLACEMENT_APPROX,poc_flashvep/deepep_revalidation/results/scheduling_overlap_successor_mining_20260908_161510/vl_transfer/lite_control_20260909_v1/b2_clean
lite_control_20260909_v1/b2_clean:r0:two_real_images:b1,COMMON_VL_TRANSFER,Real-image operation cost and observer overhead; same-host request interval union,2026-09-09T03:11:26.270101+00:00,2026-09-09T03:11:29.422876+00:00,"4,5,6,7",3.1527748107910156,0.0035030831231011284,measurement,COHORT_TRANSFER_DIAGNOSTIC_UTC_PLACEMENT_APPROX,poc_flashvep/deepep_revalidation/results/scheduling_overlap_successor_mining_20260908_161510/vl_transfer/lite_control_20260909_v1/b2_clean
lite_control_20260909_v1/b2_clean:r1:text_only_no_image_control:b4,COMMON_VL_TRANSFER,Real-image operation cost and observer overhead; same-host request interval union,2026-09-09T03:11:29.424845+00:00,2026-09-09T03:11:32.445578+00:00,"4,5,6,7",3.0207326412200928,0.0033563696013556585,measurement,COHORT_TRANSFER_DIAGNOSTIC_UTC_PLACEMENT_APPROX,poc_flashvep/deepep_revalidation/results/scheduling_overlap_successor_mining_20260908_161510/vl_transfer/lite_control_20260909_v1/b2_clean
lite_control_20260909_v1/b2_clean:r1:long_text_plus_image:b8,COMMON_VL_TRANSFER,Real-image operation cost and observer overhead; same-host request interval union,2026-09-09T03:11:32.448356+00:00,2026-09-09T03:11:35.752506+00:00,"4,5,6,7",3.3041493892669678,0.0036712770991855197,measurement,COHORT_TRANSFER_DIAGNOSTIC_UTC_PLACEMENT_APPROX,poc_flashvep/deepep_revalidation/results/scheduling_overlap_successor_mining_20260908_161510/vl_transfer/lite_control_20260909_v1/b2_clean
lite_control_20260909_v1/b2_clean:r1:two_real_images:b1,COMMON_VL_TRANSFER,Real-image operation cost and observer overhead; same-host request interval union,2026-09-09T03:11:35.756257+00:00,2026-09-09T03:11:38.999186+00:00,"4,5,6,7",3.242929458618164,0.0036032549540201825,measurement,COHORT_TRANSFER_DIAGNOSTIC_UTC_PLACEMENT_APPROX,poc_flashvep/deepep_revalidation/results/scheduling_overlap_successor_mining_20260908_161510/vl_transfer/lite_control_20260909_v1/b2_clean
lite_control_20260909_v1/b2_clean:r1:text_only_no_image_control:b8,COMMON_VL_TRANSFER,Real-image operation cost and observer overhead; same-host request interval union,2026-09-09T03:11:39.001118+00:00,2026-09-09T03:11:42.049413+00:00,"4,5,6,7",3.04829478263855,0.003386994202931722,measurement,COHORT_TRANSFER_DIAGNOSTIC_UTC_PLACEMENT_APPROX,poc_flashvep/deepep_revalidation/results/scheduling_overlap_successor_mining_20260908_161510/vl_transfer/lite_control_20260909_v1/b2_clean
lite_control_20260909_v1/b2_clean:r1:single_real_image:b8,COMMON_VL_TRANSFER,Real-image operation cost and observer overhead; same-host request interval union,2026-09-09T03:11:42.053232+00:00,2026-09-09T03:11:45.390718+00:00,"4,5,6,7",3.3374857902526855,0.003708317544725206,measurement,COHORT_TRANSFER_DIAGNOSTIC_UTC_PLACEMENT_APPROX,poc_flashvep/deepep_revalidation/results/scheduling_overlap_successor_mining_20260908_161510/vl_transfer/lite_control_20260909_v1/b2_clean
lite_control_20260909_v1/b2_clean:r1:single_real_image:b4,COMMON_VL_TRANSFER,Real-image operation cost and observer overhead; same-host request interval union,2026-09-09T03:11:45.394322+00:00,2026-09-09T03:11:48.689979+00:00,"4,5,6,7",3.295657157897949,0.003661841286553277,measurement,COHORT_TRANSFER_DIAGNOSTIC_UTC_PLACEMENT_APPROX,poc_flashvep/deepep_revalidation/results/scheduling_overlap_successor_mining_20260908_161510/vl_transfer/lite_control_20260909_v1/b2_clean
lite_control_20260909_v1/b2_clean:r1:two_real_images:b8,COMMON_VL_TRANSFER,Real-image operation cost and observer overhead; same-host request interval union,2026-09-09T03:11:48.692461+00:00,2026-09-09T03:11:52.193230+00:00,"4,5,6,7",3.5007691383361816,0.0038897434870402018,measurement,COHORT_TRANSFER_DIAGNOSTIC_UTC_PLACEMENT_APPROX,poc_flashvep/deepep_revalidation/results/scheduling_overlap_successor_mining_20260908_161510/vl_transfer/lite_control_20260909_v1/b2_clean
lite_control_20260909_v1/b2_clean:r1:long_text_plus_image:b4,COMMON_VL_TRANSFER,Real-image operation cost and observer overhead; same-host request interval union,2026-09-09T03:11:52.196787+00:00,2026-09-09T03:11:55.520969+00:00,"4,5,6,7",3.3241822719573975,0.0036935358577304418,measurement,COHORT_TRANSFER_DIAGNOSTIC_UTC_PLACEMENT_APPROX,poc_flashvep/deepep_revalidation/results/scheduling_overlap_successor_mining_20260908_161510/vl_transfer/lite_control_20260909_v1/b2_clean
lite_control_20260909_v1/b2_clean:r1:single_real_image:b1,COMMON_VL_TRANSFER,Real-image operation cost and observer overhead; same-host request interval union,2026-09-09T03:11:55.523438+00:00,2026-09-09T03:11:58.616887+00:00,"4,5,6,7",3.0934486389160156,0.0034371651543511285,measurement,COHORT_TRANSFER_DIAGNOSTIC_UTC_PLACEMENT_APPROX,poc_flashvep/deepep_revalidation/results/scheduling_overlap_successor_mining_20260908_161510/vl_transfer/lite_control_20260909_v1/b2_clean
lite_control_20260909_v1/b2_clean:r1:text_only_no_image_control:b1,COMMON_VL_TRANSFER,Real-image operation cost and observer overhead; same-host request interval union,2026-09-09T03:11:58.618724+00:00,2026-09-09T03:12:01.668002+00:00,"4,5,6,7",3.0492777824401855,0.0033880864249335395,measurement,COHORT_TRANSFER_DIAGNOSTIC_UTC_PLACEMENT_APPROX,poc_flashvep/deepep_revalidation/results/scheduling_overlap_successor_mining_20260908_161510/vl_transfer/lite_control_20260909_v1/b2_clean
lite_control_20260909_v1/b2_clean:r1:two_real_images:b4,COMMON_VL_TRANSFER,Real-image operation cost and observer overhead; same-host request interval union,2026-09-09T03:12:01.670017+00:00,2026-09-09T03:12:04.947212+00:00,"4,5,6,7",3.277195692062378,0.0036413285467359756,measurement,COHORT_TRANSFER_DIAGNOSTIC_UTC_PLACEMENT_APPROX,poc_flashvep/deepep_revalidation/results/scheduling_overlap_successor_mining_20260908_161510/vl_transfer/lite_control_20260909_v1/b2_clean
lite_control_20260909_v1/b2_clean:r1:long_text_plus_image:b1,COMMON_VL_TRANSFER,Real-image operation cost and observer overhead; same-host request interval union,2026-09-09T03:12:04.950202+00:00,2026-09-09T03:12:08.065026+00:00,"4,5,6,7",3.114824056625366,0.003460915618472629,measurement,COHORT_TRANSFER_DIAGNOSTIC_UTC_PLACEMENT_APPROX,poc_flashvep/deepep_revalidation/results/scheduling_overlap_successor_mining_20260908_161510/vl_transfer/lite_control_20260909_v1/b2_clean
prefill_screen_20260909_retry1:b0_b4_c2048_plan2,NANOFLOW,Native operation-plan regret on actual fixed-cohort request completion,2026-09-09T03:35:49.271323+00:00,2026-09-09T03:35:49.369002+00:00,"4,5,6,7",0.09767889976501465,0.00010853211085001627,measurement,COLLECTED_CORRECTNESS_PENDING,/home/esjung/MLLM-EP-github/poc_flashvep/deepep_revalidation/results/scheduling_overlap_successor_mining_20260908_161510/nanoflow_runs/prefill_screen_20260909_retry1/b0_b4_c2048_plan2.json
prefill_screen_20260909_retry1:b0_b4_c2048_plain,NANOFLOW,Native operation-plan regret on actual fixed-cohort request completion,2026-09-09T03:36:13.202674+00:00,2026-09-09T03:36:13.299752+00:00,"4,5,6,7",0.09707760810852051,0.00010786400900946723,measurement,COLLECTED_CORRECTNESS_PENDING,/home/esjung/MLLM-EP-github/poc_flashvep/deepep_revalidation/results/scheduling_overlap_successor_mining_20260908_161510/nanoflow_runs/prefill_screen_20260909_retry1/b0_b4_c2048_plain.json
prefill_screen_20260909_retry1:b0_b4_c1024_plain,NANOFLOW,Native operation-plan regret on actual fixed-cohort request completion,2026-09-09T03:36:35.847692+00:00,2026-09-09T03:36:35.898266+00:00,"4,5,6,7",0.05057382583618164,5.61931398179796e-05,measurement,COLLECTED_CORRECTNESS_PENDING,/home/esjung/MLLM-EP-github/poc_flashvep/deepep_revalidation/results/scheduling_overlap_successor_mining_20260908_161510/nanoflow_runs/prefill_screen_20260909_retry1/b0_b4_c1024_plain.json
prefill_screen_20260909_retry1:b0_b4_c1024_plan2_c112_n16,NANOFLOW,Native operation-plan regret on actual fixed-cohort request completion,2026-09-09T03:36:59.510240+00:00,2026-09-09T03:36:59.578713+00:00,"4,5,6,7",0.06847333908081055,7.608148786756727e-05,measurement,COLLECTED_CORRECTNESS_PENDING,/home/esjung/MLLM-EP-github/poc_flashvep/deepep_revalidation/results/scheduling_overlap_successor_mining_20260908_161510/nanoflow_runs/prefill_screen_20260909_retry1/b0_b4_c1024_plan2_c112_n16.json
prefill_screen_20260909_retry1:b0_b4_c2048_plan2_c112_n16,NANOFLOW,Native operation-plan regret on actual fixed-cohort request completion,2026-09-09T03:37:26.377204+00:00,2026-09-09T03:37:26.502273+00:00,"4,5,6,7",0.12506890296936035,0.00013896544774373373,measurement,COLLECTED_CORRECTNESS_PENDING,/home/esjung/MLLM-EP-github/poc_flashvep/deepep_revalidation/results/scheduling_overlap_successor_mining_20260908_161510/nanoflow_runs/prefill_screen_20260909_retry1/b0_b4_c2048_plan2_c112_n16.json
prefill_screen_20260909_retry1:b0_b4_c1024_plan2,NANOFLOW,Native operation-plan regret on actual fixed-cohort request completion,2026-09-09T03:37:53.168813+00:00,2026-09-09T03:37:53.228193+00:00,"4,5,6,7",0.059380292892456055,6.597810321384006e-05,measurement,COLLECTED_CORRECTNESS_PENDING,/home/esjung/MLLM-EP-github/poc_flashvep/deepep_revalidation/results/scheduling_overlap_successor_mining_20260908_161510/nanoflow_runs/prefill_screen_20260909_retry1/b0_b4_c1024_plan2.json
full_warmup_cap_screen_20260909_v1:b0_layered4:measure0_heterogeneous_bursty,LAYERED_PREFILL,Official chunk/group request-level envelope after common warmup,2026-09-09T03:41:32.385563+00:00,2026-09-09T03:41:57.229829+00:00,"4,5",24.84426522254944,0.013802369568083022,measurement,CROSS_CONFIG_CORRECTNESS_PENDING,/home/esjung/MLLM-EP-github/poc_flashvep/deepep_revalidation/results/scheduling_overlap_successor_mining_20260908_161510/layered_runs/full_warmup_cap_screen_20260909_v1/b0_layered4/measure0_heterogeneous_bursty.jsonl
full_warmup_cap_screen_20260909_v1:b0_layered4:measure1_heterogeneous_steady,LAYERED_PREFILL,Official chunk/group request-level envelope after common warmup,2026-09-09T03:42:25.109594+00:00,2026-09-09T03:42:51.975445+00:00,"4,5",26.865850925445557,0.014925472736358643,measurement,CROSS_CONFIG_CORRECTNESS_PENDING,/home/esjung/MLLM-EP-github/poc_flashvep/deepep_revalidation/results/scheduling_overlap_successor_mining_20260908_161510/layered_runs/full_warmup_cap_screen_20260909_v1/b0_layered4/measure1_heterogeneous_steady.jsonl
full_warmup_cap_screen_20260909_v1:b0_layered12:measure0_heterogeneous_bursty,LAYERED_PREFILL,Official chunk/group request-level envelope after common warmup,2026-09-09T03:44:55.546732+00:00,2026-09-09T03:45:24.202214+00:00,"4,5",28.655481815338135,0.015919712119632296,measurement,CROSS_CONFIG_CORRECTNESS_PENDING,/home/esjung/MLLM-EP-github/poc_flashvep/deepep_revalidation/results/scheduling_overlap_successor_mining_20260908_161510/layered_runs/full_warmup_cap_screen_20260909_v1/b0_layered12/measure0_heterogeneous_bursty.jsonl
full_warmup_cap_screen_20260909_v1:b0_layered12:measure1_heterogeneous_steady,LAYERED_PREFILL,Official chunk/group request-level envelope after common warmup,2026-09-09T03:45:52.639647+00:00,2026-09-09T03:46:19.608053+00:00,"4,5",26.968406438827515,0.014982448021570841,measurement,CROSS_CONFIG_CORRECTNESS_PENDING,/home/esjung/MLLM-EP-github/poc_flashvep/deepep_revalidation/results/scheduling_overlap_successor_mining_20260908_161510/layered_runs/full_warmup_cap_screen_20260909_v1/b0_layered12/measure1_heterogeneous_steady.jsonl
full_warmup_cap_screen_20260909_v1:b0_layered24:measure0_heterogeneous_bursty,LAYERED_PREFILL,Official chunk/group request-level envelope after common warmup,2026-09-09T03:48:12.885856+00:00,2026-09-09T03:48:39.817778+00:00,"4,5",26.93192219734192,0.014962178998523288,measurement,CROSS_CONFIG_CORRECTNESS_PENDING,/home/esjung/MLLM-EP-github/poc_flashvep/deepep_revalidation/results/scheduling_overlap_successor_mining_20260908_161510/layered_runs/full_warmup_cap_screen_20260909_v1/b0_layered24/measure0_heterogeneous_bursty.jsonl
full_warmup_cap_screen_20260909_v1:b0_layered24:measure1_heterogeneous_steady,LAYERED_PREFILL,Official chunk/group request-level envelope after common warmup,2026-09-09T03:49:07.826080+00:00,2026-09-09T03:49:34.895871+00:00,"4,5",27.069791316986084,0.015038772953881157,measurement,CROSS_CONFIG_CORRECTNESS_PENDING,/home/esjung/MLLM-EP-github/poc_flashvep/deepep_revalidation/results/scheduling_overlap_successor_mining_20260908_161510/layered_runs/full_warmup_cap_screen_20260909_v1/b0_layered24/measure1_heterogeneous_steady.jsonl
full_warmup_cap_screen_20260909_v1:b0_chunk2048:measure0_heterogeneous_bursty,LAYERED_PREFILL,Official chunk/group request-level envelope after common warmup,2026-09-09T03:51:11.806493+00:00,2026-09-09T03:51:36.613597+00:00,"4,5",24.807104349136353,0.013781724638409085,measurement,CROSS_CONFIG_CORRECTNESS_PENDING,/home/esjung/MLLM-EP-github/poc_flashvep/deepep_revalidation/results/scheduling_overlap_successor_mining_20260908_161510/layered_runs/full_warmup_cap_screen_20260909_v1/b0_chunk2048/measure0_heterogeneous_bursty.jsonl
full_warmup_cap_screen_20260909_v1:b0_chunk2048:measure1_heterogeneous_steady,LAYERED_PREFILL,Official chunk/group request-level envelope after common warmup,2026-09-09T03:52:04.409952+00:00,2026-09-09T03:52:31.293119+00:00,"4,5",26.883166551589966,0.014935092528661093,measurement,CROSS_CONFIG_CORRECTNESS_PENDING,/home/esjung/MLLM-EP-github/poc_flashvep/deepep_revalidation/results/scheduling_overlap_successor_mining_20260908_161510/layered_runs/full_warmup_cap_screen_20260909_v1/b0_chunk2048/measure1_heterogeneous_steady.jsonl
full_warmup_cap_screen_20260909_v1:b1_layered12:measure0_heterogeneous_bursty,LAYERED_PREFILL,Official chunk/group request-level envelope after common warmup,2026-09-09T03:54:21.361121+00:00,2026-09-09T03:54:47.046087+00:00,"4,5",25.68496584892273,0.014269425471623739,measurement,CROSS_CONFIG_CORRECTNESS_PENDING,/home/esjung/MLLM-EP-github/poc_flashvep/deepep_revalidation/results/scheduling_overlap_successor_mining_20260908_161510/layered_runs/full_warmup_cap_screen_20260909_v1/b1_layered12/measure0_heterogeneous_bursty.jsonl
full_warmup_cap_screen_20260909_v1:b1_layered12:measure1_heterogeneous_steady,LAYERED_PREFILL,Official chunk/group request-level envelope after common warmup,2026-09-09T03:55:15.010880+00:00,2026-09-09T03:55:41.939167+00:00,"4,5",26.928287744522095,0.014960159858067831,measurement,CROSS_CONFIG_CORRECTNESS_PENDING,/home/esjung/MLLM-EP-github/poc_flashvep/deepep_revalidation/results/scheduling_overlap_successor_mining_20260908_161510/layered_runs/full_warmup_cap_screen_20260909_v1/b1_layered12/measure1_heterogeneous_steady.jsonl
full_warmup_cap_screen_20260909_v1:b1_layered4:measure0_heterogeneous_bursty,LAYERED_PREFILL,Official chunk/group request-level envelope after common warmup,2026-09-09T03:57:30.509542+00:00,2026-09-09T03:57:55.549106+00:00,"4,5",25.03956413269043,0.013910868962605794,measurement,CROSS_CONFIG_CORRECTNESS_PENDING,/home/esjung/MLLM-EP-github/poc_flashvep/deepep_revalidation/results/scheduling_overlap_successor_mining_20260908_161510/layered_runs/full_warmup_cap_screen_20260909_v1/b1_layered4/measure0_heterogeneous_bursty.jsonl
full_warmup_cap_screen_20260909_v1:b1_layered4:measure1_heterogeneous_steady,LAYERED_PREFILL,Official chunk/group request-level envelope after common warmup,2026-09-09T03:58:23.367692+00:00,2026-09-09T03:58:50.306959+00:00,"4,5",26.9392671585083,0.01496625953250461,measurement,CROSS_CONFIG_CORRECTNESS_PENDING,/home/esjung/MLLM-EP-github/poc_flashvep/deepep_revalidation/results/scheduling_overlap_successor_mining_20260908_161510/layered_runs/full_warmup_cap_screen_20260909_v1/b1_layered4/measure1_heterogeneous_steady.jsonl
full_warmup_cap_screen_20260909_v1:b1_chunk2048:measure0_heterogeneous_bursty,LAYERED_PREFILL,Official chunk/group request-level envelope after common warmup,2026-09-09T04:00:28.162869+00:00,2026-09-09T04:00:53.343430+00:00,"4,5",25.180561304092407,0.013989200724495781,measurement,CROSS_CONFIG_CORRECTNESS_PENDING,/home/esjung/MLLM-EP-github/poc_flashvep/deepep_revalidation/results/scheduling_overlap_successor_mining_20260908_161510/layered_runs/full_warmup_cap_screen_20260909_v1/b1_chunk2048/measure0_heterogeneous_bursty.jsonl
full_warmup_cap_screen_20260909_v1:b1_chunk2048:measure1_heterogeneous_steady,LAYERED_PREFILL,Official chunk/group request-level envelope after common warmup,2026-09-09T04:01:21.234888+00:00,2026-09-09T04:01:48.101250+00:00,"4,5",26.86636257171631,0.014925756984286838,measurement,CROSS_CONFIG_CORRECTNESS_PENDING,/home/esjung/MLLM-EP-github/poc_flashvep/deepep_revalidation/results/scheduling_overlap_successor_mining_20260908_161510/layered_runs/full_warmup_cap_screen_20260909_v1/b1_chunk2048/measure1_heterogeneous_steady.jsonl
full_warmup_cap_screen_20260909_v1:b1_layered24:measure0_heterogeneous_bursty,LAYERED_PREFILL,Official chunk/group request-level envelope after common warmup,2026-09-09T04:03:50.626085+00:00,2026-09-09T04:04:17.741614+00:00,"4,5",27.11552929878235,0.01506418294376797,measurement,CROSS_CONFIG_CORRECTNESS_PENDING,/home/esjung/MLLM-EP-github/poc_flashvep/deepep_revalidation/results/scheduling_overlap_successor_mining_20260908_161510/layered_runs/full_warmup_cap_screen_20260909_v1/b1_layered24/measure0_heterogeneous_bursty.jsonl
full_warmup_cap_screen_20260909_v1:b1_layered24:measure1_heterogeneous_steady,LAYERED_PREFILL,Official chunk/group request-level envelope after common warmup,2026-09-09T04:04:46.844138+00:00,2026-09-09T04:05:14.155918+00:00,"4,5",27.311779499053955,0.015173210832807753,measurement,CROSS_CONFIG_CORRECTNESS_PENDING,/home/esjung/MLLM-EP-github/poc_flashvep/deepep_revalidation/results/scheduling_overlap_successor_mining_20260908_161510/layered_runs/full_warmup_cap_screen_20260909_v1/b1_layered24/measure1_heterogeneous_steady.jsonl
full_warmup_cap_screen_20260909_v1:b2_chunk2048:measure0_heterogeneous_steady,LAYERED_PREFILL,Official chunk/group request-level envelope after common warmup,2026-09-09T04:06:55.115690+00:00,2026-09-09T04:07:23.841951+00:00,"4,5",28.726261138916016,0.01595903396606445,measurement,CROSS_CONFIG_CORRECTNESS_PENDING,/home/esjung/MLLM-EP-github/poc_flashvep/deepep_revalidation/results/scheduling_overlap_successor_mining_20260908_161510/layered_runs/full_warmup_cap_screen_20260909_v1/b2_chunk2048/measure0_heterogeneous_steady.jsonl
full_warmup_cap_screen_20260909_v1:b2_chunk2048:measure1_heterogeneous_bursty,LAYERED_PREFILL,Official chunk/group request-level envelope after common warmup,2026-09-09T04:07:52.717365+00:00,2026-09-09T04:08:20.674510+00:00,"4,5",27.95714545249939,0.015531747473610772,measurement,CROSS_CONFIG_CORRECTNESS_PENDING,/home/esjung/MLLM-EP-github/poc_flashvep/deepep_revalidation/results/scheduling_overlap_successor_mining_20260908_161510/layered_runs/full_warmup_cap_screen_20260909_v1/b2_chunk2048/measure1_heterogeneous_bursty.jsonl
full_warmup_cap_screen_20260909_v1:b2_layered24:measure0_heterogeneous_steady,LAYERED_PREFILL,Official chunk/group request-level envelope after common warmup,2026-09-09T04:10:12.398453+00:00,2026-09-09T04:10:40.021249+00:00,"4,5",27.622796535491943,0.015345998075273301,measurement,CROSS_CONFIG_CORRECTNESS_PENDING,/home/esjung/MLLM-EP-github/poc_flashvep/deepep_revalidation/results/scheduling_overlap_successor_mining_20260908_161510/layered_runs/full_warmup_cap_screen_20260909_v1/b2_layered24/measure0_heterogeneous_steady.jsonl
full_warmup_cap_screen_20260909_v1:b2_layered24:measure1_heterogeneous_bursty,LAYERED_PREFILL,Official chunk/group request-level envelope after common warmup,2026-09-09T04:11:10.499212+00:00,2026-09-09T04:11:37.739754+00:00,"4,5",27.24054193496704,0.015133634408315022,measurement,CROSS_CONFIG_CORRECTNESS_PENDING,/home/esjung/MLLM-EP-github/poc_flashvep/deepep_revalidation/results/scheduling_overlap_successor_mining_20260908_161510/layered_runs/full_warmup_cap_screen_20260909_v1/b2_layered24/measure1_heterogeneous_bursty.jsonl
full_warmup_cap_screen_20260909_v1:b2_layered12:measure0_heterogeneous_steady,LAYERED_PREFILL,Official chunk/group request-level envelope after common warmup,2026-09-09T04:13:31.299657+00:00,2026-09-09T04:13:58.235264+00:00,"4,5",26.935606956481934,0.014964226086934408,measurement,CROSS_CONFIG_CORRECTNESS_PENDING,/home/esjung/MLLM-EP-github/poc_flashvep/deepep_revalidation/results/scheduling_overlap_successor_mining_20260908_161510/layered_runs/full_warmup_cap_screen_20260909_v1/b2_layered12/measure0_heterogeneous_steady.jsonl
full_warmup_cap_screen_20260909_v1:b2_layered12:measure1_heterogeneous_bursty,LAYERED_PREFILL,Official chunk/group request-level envelope after common warmup,2026-09-09T04:14:25.757782+00:00,2026-09-09T04:14:51.438432+00:00,"4,5",25.680649518966675,0.014267027510537041,measurement,CROSS_CONFIG_CORRECTNESS_PENDING,/home/esjung/MLLM-EP-github/poc_flashvep/deepep_revalidation/results/scheduling_overlap_successor_mining_20260908_161510/layered_runs/full_warmup_cap_screen_20260909_v1/b2_layered12/measure1_heterogeneous_bursty.jsonl
static_partition_control_20260909_v2:b1_equal:measure0_heterogeneous_bursty,FASTPP,Native original scheduling and existing static-partition request control,2026-09-09T03:26:45.825837+00:00,2026-09-09T03:27:17.200200+00:00,"4,5,6,7",31.37436294555664,0.03486040327284071,measurement,CROSS_CONFIG_CORRECTNESS_PENDING,/home/esjung/MLLM-EP-github/poc_flashvep/deepep_revalidation/results/scheduling_overlap_successor_mining_20260908_161510/fastpp_runs/static_partition_control_20260909_v2/b1_equal/measure0_heterogeneous_bursty.jsonl
static_partition_control_20260909_v2:b1_equal:measure1_heterogeneous_steady,FASTPP,Native original scheduling and existing static-partition request control,2026-09-09T03:27:52.179006+00:00,2026-09-09T03:28:26.342640+00:00,"4,5,6,7",34.163633823394775,0.037959593137105306,measurement,CROSS_CONFIG_CORRECTNESS_PENDING,/home/esjung/MLLM-EP-github/poc_flashvep/deepep_revalidation/results/scheduling_overlap_successor_mining_20260908_161510/fastpp_runs/static_partition_control_20260909_v2/b1_equal/measure1_heterogeneous_steady.jsonl
static_partition_control_20260909_v2:b2_cost_static:measure0_heterogeneous_steady,FASTPP,Native original scheduling and existing static-partition request control,2026-09-09T03:33:14.245206+00:00,2026-09-09T03:33:50.082531+00:00,"4,5,6,7",35.83732461929321,0.03981924957699246,measurement,CROSS_CONFIG_CORRECTNESS_PENDING,/home/esjung/MLLM-EP-github/poc_flashvep/deepep_revalidation/results/scheduling_overlap_successor_mining_20260908_161510/fastpp_runs/static_partition_control_20260909_v2/b2_cost_static/measure0_heterogeneous_steady.jsonl
static_partition_control_20260909_v2:b2_cost_static:measure1_heterogeneous_bursty,FASTPP,Native original scheduling and existing static-partition request control,2026-09-09T03:34:31.586282+00:00,2026-09-09T03:35:04.972454+00:00,"4,5,6,7",33.38617205619812,0.03709574672910902,measurement,CROSS_CONFIG_CORRECTNESS_PENDING,/home/esjung/MLLM-EP-github/poc_flashvep/deepep_revalidation/results/scheduling_overlap_successor_mining_20260908_161510/fastpp_runs/static_partition_control_20260909_v2/b2_cost_static/measure1_heterogeneous_bursty.jsonl
static_partition_control_20260909_v2:b2_equal:measure0_heterogeneous_steady,FASTPP,Native original scheduling and existing static-partition request control,2026-09-09T03:30:00.623029+00:00,2026-09-09T03:30:35.628114+00:00,"4,5,6,7",35.0050847530365,0.038894538614485,measurement,CROSS_CONFIG_CORRECTNESS_PENDING,/home/esjung/MLLM-EP-github/poc_flashvep/deepep_revalidation/results/scheduling_overlap_successor_mining_20260908_161510/fastpp_runs/static_partition_control_20260909_v2/b2_equal/measure0_heterogeneous_steady.jsonl
static_partition_control_20260909_v2:b2_equal:measure1_heterogeneous_bursty,FASTPP,Native original scheduling and existing static-partition request control,2026-09-09T03:31:09.237259+00:00,2026-09-09T03:31:40.676378+00:00,"4,5,6,7",31.439119338989258,0.034932354821099174,measurement,CROSS_CONFIG_CORRECTNESS_PENDING,/home/esjung/MLLM-EP-github/poc_flashvep/deepep_revalidation/results/scheduling_overlap_successor_mining_20260908_161510/fastpp_runs/static_partition_control_20260909_v2/b2_equal/measure1_heterogeneous_bursty.jsonl
full_warmup_cap_screen_20260909_v1:b2_layered4:measure0_heterogeneous_steady,LAYERED_PREFILL,Official chunk/group request-level envelope after common warmup,2026-09-09T04:16:42.974145+00:00,2026-09-09T04:17:09.872846+00:00,"4,5",26.898700952529907,0.014943722751405503,measurement,CROSS_CONFIG_CORRECTNESS_PENDING,/home/esjung/MLLM-EP-github/poc_flashvep/deepep_revalidation/results/scheduling_overlap_successor_mining_20260908_161510/layered_runs/full_warmup_cap_screen_20260909_v1/b2_layered4/measure0_heterogeneous_steady.jsonl
full_warmup_cap_screen_20260909_v1:b2_layered4:measure1_heterogeneous_bursty,LAYERED_PREFILL,Official chunk/group request-level envelope after common warmup,2026-09-09T04:17:35.685750+00:00,2026-09-09T04:18:00.547848+00:00,"4,5",24.86209797859192,0.013812276654773288,measurement,CROSS_CONFIG_CORRECTNESS_PENDING,/home/esjung/MLLM-EP-github/poc_flashvep/deepep_revalidation/results/scheduling_overlap_successor_mining_20260908_161510/layered_runs/full_warmup_cap_screen_20260909_v1/b2_layered4/measure1_heterogeneous_bursty.jsonl
prefill_portfolio_20260909_v1:b0_b4_c2048_plan2,NANOFLOW,Native operation-plan regret on actual fixed-cohort request completion,2026-09-09T04:21:17.732303+00:00,2026-09-09T04:21:17.830161+00:00,"4,5,6,7",0.09785842895507812,0.00010873158772786459,measurement,COLLECTED_CORRECTNESS_PENDING,/home/esjung/MLLM-EP-github/poc_flashvep/deepep_revalidation/results/scheduling_overlap_successor_mining_20260908_161510/nanoflow_runs/prefill_portfolio_20260909_v1/b0_b4_c2048_plan2.json
prefill_portfolio_20260909_v1:b0_b4_c2048_plain,NANOFLOW,Native operation-plan regret on actual fixed-cohort request completion,2026-09-09T04:21:43.823891+00:00,2026-09-09T04:21:43.920597+00:00,"4,5,6,7",0.09670543670654297,0.00010745048522949219,measurement,COLLECTED_CORRECTNESS_PENDING,/home/esjung/MLLM-EP-github/poc_flashvep/deepep_revalidation/results/scheduling_overlap_successor_mining_20260908_161510/nanoflow_runs/prefill_portfolio_20260909_v1/b0_b4_c2048_plain.json
prefill_portfolio_20260909_v1:b0_b4_c1024_plain,NANOFLOW,Native operation-plan regret on actual fixed-cohort request completion,2026-09-09T04:22:05.805810+00:00,2026-09-09T04:22:05.856576+00:00,"4,5,6,7",0.0507659912109375,5.640665690104167e-05,measurement,COLLECTED_CORRECTNESS_PENDING,/home/esjung/MLLM-EP-github/poc_flashvep/deepep_revalidation/results/scheduling_overlap_successor_mining_20260908_161510/nanoflow_runs/prefill_portfolio_20260909_v1/b0_b4_c1024_plain.json
prefill_portfolio_20260909_v1:b0_b4_c1024_plan4,NANOFLOW,Native operation-plan regret on actual fixed-cohort request completion,2026-09-09T04:22:30.080557+00:00,2026-09-09T04:22:30.174979+00:00,"4,5,6,7",0.0944223403930664,0.00010491371154785157,measurement,COLLECTED_CORRECTNESS_PENDING,/home/esjung/MLLM-EP-github/poc_flashvep/deepep_revalidation/results/scheduling_overlap_successor_mining_20260908_161510/nanoflow_runs/prefill_portfolio_20260909_v1/b0_b4_c1024_plan4.json
prefill_portfolio_20260909_v1:b0_b4_c2048_plan4,NANOFLOW,Native operation-plan regret on actual fixed-cohort request completion,2026-09-09T04:22:57.791952+00:00,2026-09-09T04:22:57.900258+00:00,"4,5,6,7",0.10830569267272949,0.000120339658525255,measurement,COLLECTED_CORRECTNESS_PENDING,/home/esjung/MLLM-EP-github/poc_flashvep/deepep_revalidation/results/scheduling_overlap_successor_mining_20260908_161510/nanoflow_runs/prefill_portfolio_20260909_v1/b0_b4_c2048_plan4.json
prefill_portfolio_20260909_v1:b0_b4_c1024_plan2,NANOFLOW,Native operation-plan regret on actual fixed-cohort request completion,2026-09-09T04:23:21.867156+00:00,2026-09-09T04:23:21.926083+00:00,"4,5,6,7",0.05892753601074219,6.547504001193576e-05,measurement,COLLECTED_CORRECTNESS_PENDING,/home/esjung/MLLM-EP-github/poc_flashvep/deepep_revalidation/results/scheduling_overlap_successor_mining_20260908_161510/nanoflow_runs/prefill_portfolio_20260909_v1/b0_b4_c1024_plan2.json
prefill_portfolio_20260909_v1:b1_b4_c2048_plan2,NANOFLOW,Native operation-plan regret on actual fixed-cohort request completion,2026-09-09T04:23:46.532449+00:00,2026-09-09T04:23:46.629371+00:00,"4,5,6,7",0.0969228744506836,0.00010769208272298177,measurement,COLLECTED_CORRECTNESS_PENDING,/home/esjung/MLLM-EP-github/poc_flashvep/deepep_revalidation/results/scheduling_overlap_successor_mining_20260908_161510/nanoflow_runs/prefill_portfolio_20260909_v1/b1_b4_c2048_plan2.json
prefill_portfolio_20260909_v1:b1_b4_c1024_plain,NANOFLOW,Native operation-plan regret on actual fixed-cohort request completion,2026-09-09T04:24:09.405457+00:00,2026-09-09T04:24:09.455765+00:00,"4,5,6,7",0.0503079891204834,5.5897765689426e-05,measurement,COLLECTED_CORRECTNESS_PENDING,/home/esjung/MLLM-EP-github/poc_flashvep/deepep_revalidation/results/scheduling_overlap_successor_mining_20260908_161510/nanoflow_runs/prefill_portfolio_20260909_v1/b1_b4_c1024_plain.json
prefill_portfolio_20260909_v1:b1_b4_c1024_plan2,NANOFLOW,Native operation-plan regret on actual fixed-cohort request completion,2026-09-09T04:24:33.306332+00:00,2026-09-09T04:24:33.366986+00:00,"4,5,6,7",0.0606539249420166,6.7393249935574e-05,measurement,COLLECTED_CORRECTNESS_PENDING,/home/esjung/MLLM-EP-github/poc_flashvep/deepep_revalidation/results/scheduling_overlap_successor_mining_20260908_161510/nanoflow_runs/prefill_portfolio_20260909_v1/b1_b4_c1024_plan2.json
prefill_portfolio_20260909_v1:b1_b4_c1024_plan4,NANOFLOW,Native operation-plan regret on actual fixed-cohort request completion,2026-09-09T04:24:59.742619+00:00,2026-09-09T04:24:59.844816+00:00,"4,5,6,7",0.10219693183898926,0.00011355214648776585,measurement,COLLECTED_CORRECTNESS_PENDING,/home/esjung/MLLM-EP-github/poc_flashvep/deepep_revalidation/results/scheduling_overlap_successor_mining_20260908_161510/nanoflow_runs/prefill_portfolio_20260909_v1/b1_b4_c1024_plan4.json
prefill_portfolio_20260909_v1:b1_b4_c2048_plain,NANOFLOW,Native operation-plan regret on actual fixed-cohort request completion,2026-09-09T04:25:23.824730+00:00,2026-09-09T04:25:23.921530+00:00,"4,5,6,7",0.09679961204528809,0.00010755512449476454,measurement,COLLECTED_CORRECTNESS_PENDING,/home/esjung/MLLM-EP-github/poc_flashvep/deepep_revalidation/results/scheduling_overlap_successor_mining_20260908_161510/nanoflow_runs/prefill_portfolio_20260909_v1/b1_b4_c2048_plain.json
prefill_portfolio_20260909_v1:b1_b4_c2048_plan4,NANOFLOW,Native operation-plan regret on actual fixed-cohort request completion,2026-09-09T04:25:50.186489+00:00,2026-09-09T04:25:50.365134+00:00,"4,5,6,7",0.17864418029785156,0.00019849353366427951,measurement,COLLECTED_CORRECTNESS_PENDING,/home/esjung/MLLM-EP-github/poc_flashvep/deepep_revalidation/results/scheduling_overlap_successor_mining_20260908_161510/nanoflow_runs/prefill_portfolio_20260909_v1/b1_b4_c2048_plan4.json
prefill_portfolio_20260909_v1:b2_b4_c2048_plan4,NANOFLOW,Native operation-plan regret on actual fixed-cohort request completion,2026-09-09T04:26:17.578612+00:00,2026-09-09T04:26:17.686907+00:00,"4,5,6,7",0.10829544067382812,0.00012032826741536458,measurement,COLLECTED_CORRECTNESS_PENDING,/home/esjung/MLLM-EP-github/poc_flashvep/deepep_revalidation/results/scheduling_overlap_successor_mining_20260908_161510/nanoflow_runs/prefill_portfolio_20260909_v1/b2_b4_c2048_plan4.json
prefill_portfolio_20260909_v1:b2_b4_c2048_plan2,NANOFLOW,Native operation-plan regret on actual fixed-cohort request completion,2026-09-09T04:26:44.703363+00:00,2026-09-09T04:26:44.800733+00:00,"4,5,6,7",0.09736967086791992,0.0001081885231865777,measurement,COLLECTED_CORRECTNESS_PENDING,/home/esjung/MLLM-EP-github/poc_flashvep/deepep_revalidation/results/scheduling_overlap_successor_mining_20260908_161510/nanoflow_runs/prefill_portfolio_20260909_v1/b2_b4_c2048_plan2.json
prefill_portfolio_20260909_v1:b2_b4_c1024_plan4,NANOFLOW,Native operation-plan regret on actual fixed-cohort request completion,2026-09-09T04:27:11.583085+00:00,2026-09-09T04:27:11.682203+00:00,"4,5,6,7",0.09911823272705078,0.00011013136969672308,measurement,COLLECTED_CORRECTNESS_PENDING,/home/esjung/MLLM-EP-github/poc_flashvep/deepep_revalidation/results/scheduling_overlap_successor_mining_20260908_161510/nanoflow_runs/prefill_portfolio_20260909_v1/b2_b4_c1024_plan4.json
nanoflow_hf_same_prefix:numerical_prefill_resource_20260909_v1,NANOFLOW,Same-prefix HF versus native MoE logits,2026-09-09T04:20:21.078710+00:00,2026-09-09T04:20:22.824832+00:00,4,1.746121883392334,0.00048503385649787057,correctness_diagnostic,INDEPENDENT_HF_REFERENCE_NOT_PERFORMANCE,/home/esjung/MLLM-EP-github/poc_flashvep/deepep_revalidation/results/scheduling_overlap_successor_mining_20260908_161510/nanoflow_runs/hf_prefill_resource_reference_20260909_v1/manifest.json
numerical_prefill_resource_20260909_v1:b0_plan2_c112_n16.run_meta:1,NANOFLOW,Native graph/split output correctness,2026-09-09T04:19:33.254543+00:00,2026-09-09T04:19:33.377393+00:00,"4,5,6,7",0.1228494644165039,0.00013649940490722656,correctness_diagnostic,NUMERICAL_DIAGNOSTIC_NOT_PERFORMANCE,/home/esjung/MLLM-EP-github/poc_flashvep/deepep_revalidation/results/scheduling_overlap_successor_mining_20260908_161510/nanoflow_runs/numerical_prefill_resource_20260909_v1/b0_plan2_c112_n16.run_meta.json
numerical_prefill_resource_20260909_v1:b0_plan2_c112_n16.run_meta:2,NANOFLOW,Native graph/split output correctness,2026-09-09T04:19:33.377798+00:00,2026-09-09T04:19:33.507056+00:00,"4,5,6,7",0.1292572021484375,0.0001436191134982639,correctness_diagnostic,NUMERICAL_DIAGNOSTIC_NOT_PERFORMANCE,/home/esjung/MLLM-EP-github/poc_flashvep/deepep_revalidation/results/scheduling_overlap_successor_mining_20260908_161510/nanoflow_runs/numerical_prefill_resource_20260909_v1/b0_plan2_c112_n16.run_meta.json
numerical_prefill_resource_20260909_v1:b1_plain.run_meta:1,NANOFLOW,Native graph/split output correctness,2026-09-09T04:18:22.590461+00:00,2026-09-09T04:18:22.687042+00:00,"4,5,6,7",0.09658050537109375,0.00010731167263454861,correctness_diagnostic,NUMERICAL_DIAGNOSTIC_NOT_PERFORMANCE,/home/esjung/MLLM-EP-github/poc_flashvep/deepep_revalidation/results/scheduling_overlap_successor_mining_20260908_161510/nanoflow_runs/numerical_prefill_resource_20260909_v1/b1_plain.run_meta.json
numerical_prefill_resource_20260909_v1:b1_plain.run_meta:2,NANOFLOW,Native graph/split output correctness,2026-09-09T04:18:22.687173+00:00,2026-09-09T04:18:22.789866+00:00,"4,5,6,7",0.10269284248352051,0.00011410315831502278,correctness_diagnostic,NUMERICAL_DIAGNOSTIC_NOT_PERFORMANCE,/home/esjung/MLLM-EP-github/poc_flashvep/deepep_revalidation/results/scheduling_overlap_successor_mining_20260908_161510/nanoflow_runs/numerical_prefill_resource_20260909_v1/b1_plain.run_meta.json
numerical_prefill_resource_20260909_v1:b1_plan2_c112_n16.run_meta:1,NANOFLOW,Native graph/split output correctness,2026-09-09T04:18:46.628135+00:00,2026-09-09T04:18:46.750339+00:00,"4,5,6,7",0.12220382690429688,0.00013578202989366318,correctness_diagnostic,NUMERICAL_DIAGNOSTIC_NOT_PERFORMANCE,/home/esjung/MLLM-EP-github/poc_flashvep/deepep_revalidation/results/scheduling_overlap_successor_mining_20260908_161510/nanoflow_runs/numerical_prefill_resource_20260909_v1/b1_plan2_c112_n16.run_meta.json
numerical_prefill_resource_20260909_v1:b1_plan2_c112_n16.run_meta:2,NANOFLOW,Native graph/split output correctness,2026-09-09T04:18:46.750592+00:00,2026-09-09T04:18:46.881210+00:00,"4,5,6,7",0.13061785697937012,0.00014513095219930014,correctness_diagnostic,NUMERICAL_DIAGNOSTIC_NOT_PERFORMANCE,/home/esjung/MLLM-EP-github/poc_flashvep/deepep_revalidation/results/scheduling_overlap_successor_mining_20260908_161510/nanoflow_runs/numerical_prefill_resource_20260909_v1/b1_plan2_c112_n16.run_meta.json
numerical_prefill_resource_20260909_v1:b0_plain.run_meta:1,NANOFLOW,Native graph/split output correctness,2026-09-09T04:19:10.352769+00:00,2026-09-09T04:19:10.449648+00:00,"4,5,6,7",0.0968785285949707,0.00010764280954996745,correctness_diagnostic,NUMERICAL_DIAGNOSTIC_NOT_PERFORMANCE,/home/esjung/MLLM-EP-github/poc_flashvep/deepep_revalidation/results/scheduling_overlap_successor_mining_20260908_161510/nanoflow_runs/numerical_prefill_resource_20260909_v1/b0_plain.run_meta.json
numerical_prefill_resource_20260909_v1:b0_plain.run_meta:2,NANOFLOW,Native graph/split output correctness,2026-09-09T04:19:10.449893+00:00,2026-09-09T04:19:10.552413+00:00,"4,5,6,7",0.10252046585083008,0.00011391162872314452,correctness_diagnostic,NUMERICAL_DIAGNOSTIC_NOT_PERFORMANCE,/home/esjung/MLLM-EP-github/poc_flashvep/deepep_revalidation/results/scheduling_overlap_successor_mining_20260908_161510/nanoflow_runs/numerical_prefill_resource_20260909_v1/b0_plain.run_meta.json
prefill_portfolio_20260909_v1:b2_b4_c1024_plain,NANOFLOW,Native operation-plan regret on actual fixed-cohort request completion,2026-09-09T04:27:35.619788+00:00,2026-09-09T04:27:35.671784+00:00,"4,5,6,7",0.05199575424194336,5.777306026882596e-05,measurement,COLLECTED_CORRECTNESS_PENDING,/home/esjung/MLLM-EP-github/poc_flashvep/deepep_revalidation/results/scheduling_overlap_successor_mining_20260908_161510/nanoflow_runs/prefill_portfolio_20260909_v1/b2_b4_c1024_plain.json
prefill_portfolio_20260909_v1:b2_b4_c2048_plain,NANOFLOW,Native operation-plan regret on actual fixed-cohort request completion,2026-09-09T04:27:58.459459+00:00,2026-09-09T04:27:58.556284+00:00,"4,5,6,7",0.09682464599609375,0.00010758293999565972,measurement,COLLECTED_CORRECTNESS_PENDING,/home/esjung/MLLM-EP-github/poc_flashvep/deepep_revalidation/results/scheduling_overlap_successor_mining_20260908_161510/nanoflow_runs/prefill_portfolio_20260909_v1/b2_b4_c2048_plain.json
prefill_portfolio_20260909_v1:b2_b4_c1024_plan2,NANOFLOW,Native operation-plan regret on actual fixed-cohort request completion,2026-09-09T04:28:20.970187+00:00,2026-09-09T04:28:21.031248+00:00,"4,5,6,7",0.06106138229370117,6.784598032633463e-05,measurement,COLLECTED_CORRECTNESS_PENDING,/home/esjung/MLLM-EP-github/poc_flashvep/deepep_revalidation/results/scheduling_overlap_successor_mining_20260908_161510/nanoflow_runs/prefill_portfolio_20260909_v1/b2_b4_c1024_plan2.json
qwen3_full_warmup_chunks_20260909_v1:b0_pp_chunk512:measure0_heterogeneous_bursty,FASTPP,Official PP/DC/ALP/BR independent-restart request-level comparison,2026-09-09T04:46:30.109875+00:00,2026-09-09T04:47:02.247957+00:00,"4,5,6,7",32.1380820274353,0.03570898003048367,measurement,CROSS_CONFIG_CORRECTNESS_PENDING,/home/esjung/MLLM-EP-github/poc_flashvep/deepep_revalidation/results/scheduling_overlap_successor_mining_20260908_161510/fastpp_runs/qwen3_full_warmup_chunks_20260909_v1/b0_pp_chunk512/measure0_heterogeneous_bursty.jsonl
qwen3_full_warmup_chunks_20260909_v1:b0_pp_chunk512:measure1_heterogeneous_steady,FASTPP,Official PP/DC/ALP/BR independent-restart request-level comparison,2026-09-09T04:47:36.837541+00:00,2026-09-09T04:48:10.435669+00:00,"4,5,6,7",33.59812808036804,0.03733125342263116,measurement,CROSS_CONFIG_CORRECTNESS_PENDING,/home/esjung/MLLM-EP-github/poc_flashvep/deepep_revalidation/results/scheduling_overlap_successor_mining_20260908_161510/fastpp_runs/qwen3_full_warmup_chunks_20260909_v1/b0_pp_chunk512/measure1_heterogeneous_steady.jsonl
qwen3_full_warmup_chunks_20260909_v1:b0_pp_only:measure0_heterogeneous_bursty,FASTPP,Official PP/DC/ALP/BR independent-restart request-level comparison,2026-09-09T04:49:35.179786+00:00,2026-09-09T04:50:06.622042+00:00,"4,5,6,7",31.44225573539734,0.03493583970599704,measurement,CROSS_CONFIG_CORRECTNESS_PENDING,/home/esjung/MLLM-EP-github/poc_flashvep/deepep_revalidation/results/scheduling_overlap_successor_mining_20260908_161510/fastpp_runs/qwen3_full_warmup_chunks_20260909_v1/b0_pp_only/measure0_heterogeneous_bursty.jsonl
qwen3_full_warmup_chunks_20260909_v1:b0_pp_only:measure1_heterogeneous_steady,FASTPP,Official PP/DC/ALP/BR independent-restart request-level comparison,2026-09-09T04:50:41.243850+00:00,2026-09-09T04:51:14.986927+00:00,"4,5,6,7",33.74307703971863,0.037492307821909585,measurement,CROSS_CONFIG_CORRECTNESS_PENDING,/home/esjung/MLLM-EP-github/poc_flashvep/deepep_revalidation/results/scheduling_overlap_successor_mining_20260908_161510/fastpp_runs/qwen3_full_warmup_chunks_20260909_v1/b0_pp_only/measure1_heterogeneous_steady.jsonl
large_matched_control_20260909_v1/b0_clean:r0:four_real_charts_short:b1,COMMON_VL_TRANSFER,Real-image operation cost and observer overhead; same-host request interval union,2026-09-09T04:32:25.893083+00:00,2026-09-09T04:32:35.540191+00:00,"4,5,6,7",9.64710783958435,0.010719008710649278,measurement,COHORT_TRANSFER_DIAGNOSTIC_UTC_PLACEMENT_APPROX,poc_flashvep/deepep_revalidation/results/scheduling_overlap_successor_mining_20260908_161510/vl_transfer/large_matched_control_20260909_v1/b0_clean
large_matched_control_20260909_v1/b0_clean:r0:four_real_charts_short:b4,COMMON_VL_TRANSFER,Real-image operation cost and observer overhead; same-host request interval union,2026-09-09T04:32:35.542887+00:00,2026-09-09T04:32:39.429160+00:00,"4,5,6,7",3.886272668838501,0.00431808074315389,measurement,COHORT_TRANSFER_DIAGNOSTIC_UTC_PLACEMENT_APPROX,poc_flashvep/deepep_revalidation/results/scheduling_overlap_successor_mining_20260908_161510/vl_transfer/large_matched_control_20260909_v1/b0_clean
large_matched_control_20260909_v1/b0_clean:r0:matched_natural_text_long:b4,COMMON_VL_TRANSFER,Real-image operation cost and observer overhead; same-host request interval union,2026-09-09T04:32:39.431571+00:00,2026-09-09T04:32:42.802327+00:00,"4,5,6,7",3.370755195617676,0.0037452835506863063,measurement,COHORT_TRANSFER_DIAGNOSTIC_UTC_PLACEMENT_APPROX,poc_flashvep/deepep_revalidation/results/scheduling_overlap_successor_mining_20260908_161510/vl_transfer/large_matched_control_20260909_v1/b0_clean
large_matched_control_20260909_v1/b0_clean:r0:matched_natural_text_short:b1,COMMON_VL_TRANSFER,Real-image operation cost and observer overhead; same-host request interval union,2026-09-09T04:32:42.805141+00:00,2026-09-09T04:32:45.863432+00:00,"4,5,6,7",3.05829119682312,0.003398101329803467,measurement,COHORT_TRANSFER_DIAGNOSTIC_UTC_PLACEMENT_APPROX,poc_flashvep/deepep_revalidation/results/scheduling_overlap_successor_mining_20260908_161510/vl_transfer/large_matched_control_20260909_v1/b0_clean
large_matched_control_20260909_v1/b0_clean:r0:matched_natural_text_long:b1,COMMON_VL_TRANSFER,Real-image operation cost and observer overhead; same-host request interval union,2026-09-09T04:32:45.865361+00:00,2026-09-09T04:32:48.968942+00:00,"4,5,6,7",3.103580951690674,0.003448423279656304,measurement,COHORT_TRANSFER_DIAGNOSTIC_UTC_PLACEMENT_APPROX,poc_flashvep/deepep_revalidation/results/scheduling_overlap_successor_mining_20260908_161510/vl_transfer/large_matched_control_20260909_v1/b0_clean
large_matched_control_20260909_v1/b0_clean:r0:matched_natural_text_short:b4,COMMON_VL_TRANSFER,Real-image operation cost and observer overhead; same-host request interval union,2026-09-09T04:32:48.970949+00:00,2026-09-09T04:32:52.090060+00:00,"4,5,6,7",3.1191110610961914,0.003465678956773546,measurement,COHORT_TRANSFER_DIAGNOSTIC_UTC_PLACEMENT_APPROX,poc_flashvep/deepep_revalidation/results/scheduling_overlap_successor_mining_20260908_161510/vl_transfer/large_matched_control_20260909_v1/b0_clean
large_matched_control_20260909_v1/b0_clean:r0:four_real_charts_long:b1,COMMON_VL_TRANSFER,Real-image operation cost and observer overhead; same-host request interval union,2026-09-09T04:32:52.092979+00:00,2026-09-09T04:32:55.471260+00:00,"4,5,6,7",3.3782801628112793,0.003753644625345866,measurement,COHORT_TRANSFER_DIAGNOSTIC_UTC_PLACEMENT_APPROX,poc_flashvep/deepep_revalidation/results/scheduling_overlap_successor_mining_20260908_161510/vl_transfer/large_matched_control_20260909_v1/b0_clean
large_matched_control_20260909_v1/b0_clean:r0:four_real_charts_long:b4,COMMON_VL_TRANSFER,Real-image operation cost and observer overhead; same-host request interval union,2026-09-09T04:32:55.473258+00:00,2026-09-09T04:32:59.473209+00:00,"4,5,6,7",3.999950408935547,0.0044443893432617185,measurement,COHORT_TRANSFER_DIAGNOSTIC_UTC_PLACEMENT_APPROX,poc_flashvep/deepep_revalidation/results/scheduling_overlap_successor_mining_20260908_161510/vl_transfer/large_matched_control_20260909_v1/b0_clean
large_matched_control_20260909_v1/b0_clean:r1:matched_natural_text_long:b4,COMMON_VL_TRANSFER,Real-image operation cost and observer overhead; same-host request interval union,2026-09-09T04:32:59.475844+00:00,2026-09-09T04:33:02.745641+00:00,"4,5,6,7",3.2697970867156982,0.0036331078741285534,measurement,COHORT_TRANSFER_DIAGNOSTIC_UTC_PLACEMENT_APPROX,poc_flashvep/deepep_revalidation/results/scheduling_overlap_successor_mining_20260908_161510/vl_transfer/large_matched_control_20260909_v1/b0_clean
large_matched_control_20260909_v1/b0_clean:r1:matched_natural_text_long:b1,COMMON_VL_TRANSFER,Real-image operation cost and observer overhead; same-host request interval union,2026-09-09T04:33:02.748566+00:00,2026-09-09T04:33:05.810140+00:00,"4,5,6,7",3.0615739822387695,0.0034017488691541883,measurement,COHORT_TRANSFER_DIAGNOSTIC_UTC_PLACEMENT_APPROX,poc_flashvep/deepep_revalidation/results/scheduling_overlap_successor_mining_20260908_161510/vl_transfer/large_matched_control_20260909_v1/b0_clean
large_matched_control_20260909_v1/b0_clean:r1:four_real_charts_short:b4,COMMON_VL_TRANSFER,Real-image operation cost and observer overhead; same-host request interval union,2026-09-09T04:33:05.812107+00:00,2026-09-09T04:33:09.808012+00:00,"4,5,6,7",3.995905637741089,0.004439895153045654,measurement,COHORT_TRANSFER_DIAGNOSTIC_UTC_PLACEMENT_APPROX,poc_flashvep/deepep_revalidation/results/scheduling_overlap_successor_mining_20260908_161510/vl_transfer/large_matched_control_20260909_v1/b0_clean
large_matched_control_20260909_v1/b0_clean:r1:matched_natural_text_short:b1,COMMON_VL_TRANSFER,Real-image operation cost and observer overhead; same-host request interval union,2026-09-09T04:33:09.810443+00:00,2026-09-09T04:33:12.879191+00:00,"4,5,6,7",3.0687484741210938,0.0034097205268012153,measurement,COHORT_TRANSFER_DIAGNOSTIC_UTC_PLACEMENT_APPROX,poc_flashvep/deepep_revalidation/results/scheduling_overlap_successor_mining_20260908_161510/vl_transfer/large_matched_control_20260909_v1/b0_clean
large_matched_control_20260909_v1/b0_clean:r1:matched_natural_text_short:b4,COMMON_VL_TRANSFER,Real-image operation cost and observer overhead; same-host request interval union,2026-09-09T04:33:12.881289+00:00,2026-09-09T04:33:15.944908+00:00,"4,5,6,7",3.0636188983917236,0.0034040209982130263,measurement,COHORT_TRANSFER_DIAGNOSTIC_UTC_PLACEMENT_APPROX,poc_flashvep/deepep_revalidation/results/scheduling_overlap_successor_mining_20260908_161510/vl_transfer/large_matched_control_20260909_v1/b0_clean
large_matched_control_20260909_v1/b0_clean:r1:four_real_charts_long:b1,COMMON_VL_TRANSFER,Real-image operation cost and observer overhead; same-host request interval union,2026-09-09T04:33:15.947975+00:00,2026-09-09T04:33:19.194389+00:00,"4,5,6,7",3.2464137077331543,0.003607126341925727,measurement,COHORT_TRANSFER_DIAGNOSTIC_UTC_PLACEMENT_APPROX,poc_flashvep/deepep_revalidation/results/scheduling_overlap_successor_mining_20260908_161510/vl_transfer/large_matched_control_20260909_v1/b0_clean
large_matched_control_20260909_v1/b0_clean:r1:four_real_charts_short:b1,COMMON_VL_TRANSFER,Real-image operation cost and observer overhead; same-host request interval union,2026-09-09T04:33:19.196441+00:00,2026-09-09T04:33:22.406148+00:00,"4,5,6,7",3.2097067832946777,0.00356634087032742,measurement,COHORT_TRANSFER_DIAGNOSTIC_UTC_PLACEMENT_APPROX,poc_flashvep/deepep_revalidation/results/scheduling_overlap_successor_mining_20260908_161510/vl_transfer/large_matched_control_20260909_v1/b0_clean
large_matched_control_20260909_v1/b0_clean:r1:four_real_charts_long:b4,COMMON_VL_TRANSFER,Real-image operation cost and observer overhead; same-host request interval union,2026-09-09T04:33:22.408131+00:00,2026-09-09T04:33:26.239915+00:00,"4,5,6,7",3.8317837715148926,0.004257537523905436,measurement,COHORT_TRANSFER_DIAGNOSTIC_UTC_PLACEMENT_APPROX,poc_flashvep/deepep_revalidation/results/scheduling_overlap_successor_mining_20260908_161510/vl_transfer/large_matched_control_20260909_v1/b0_clean
large_matched_control_20260909_v1/b0_layer_sampled:r0:four_real_charts_short:b1,COMMON_VL_TRANSFER,Real-image operation cost and observer overhead; same-host request interval union,2026-09-09T04:29:52.264948+00:00,2026-09-09T04:29:55.575527+00:00,"4,5,6,7",3.310579538345337,0.0036784217092725967,mechanism_diagnostic,COHORT_TRANSFER_DIAGNOSTIC_UTC_PLACEMENT_APPROX,poc_flashvep/deepep_revalidation/results/scheduling_overlap_successor_mining_20260908_161510/vl_transfer/large_matched_control_20260909_v1/b0_layer_sampled
large_matched_control_20260909_v1/b0_layer_sampled:r0:four_real_charts_short:b4,COMMON_VL_TRANSFER,Real-image operation cost and observer overhead; same-host request interval union,2026-09-09T04:29:55.577407+00:00,2026-09-09T04:29:59.553642+00:00,"4,5,6,7",3.9762349128723145,0.004418038792080349,mechanism_diagnostic,COHORT_TRANSFER_DIAGNOSTIC_UTC_PLACEMENT_APPROX,poc_flashvep/deepep_revalidation/results/scheduling_overlap_successor_mining_20260908_161510/vl_transfer/large_matched_control_20260909_v1/b0_layer_sampled
large_matched_control_20260909_v1/b0_layer_sampled:r0:matched_natural_text_long:b4,COMMON_VL_TRANSFER,Real-image operation cost and observer overhead; same-host request interval union,2026-09-09T04:29:59.558103+00:00,2026-09-09T04:30:03.073251+00:00,"4,5,6,7",3.5151479244232178,0.0039057199160257975,mechanism_diagnostic,COHORT_TRANSFER_DIAGNOSTIC_UTC_PLACEMENT_APPROX,poc_flashvep/deepep_revalidation/results/scheduling_overlap_successor_mining_20260908_161510/vl_transfer/large_matched_control_20260909_v1/b0_layer_sampled
large_matched_control_20260909_v1/b0_layer_sampled:r0:matched_natural_text_short:b1,COMMON_VL_TRANSFER,Real-image operation cost and observer overhead; same-host request interval union,2026-09-09T04:30:03.076048+00:00,2026-09-09T04:30:06.224648+00:00,"4,5,6,7",3.1486005783081055,0.003498445087009006,mechanism_diagnostic,COHORT_TRANSFER_DIAGNOSTIC_UTC_PLACEMENT_APPROX,poc_flashvep/deepep_revalidation/results/scheduling_overlap_successor_mining_20260908_161510/vl_transfer/large_matched_control_20260909_v1/b0_layer_sampled
large_matched_control_20260909_v1/b0_layer_sampled:r0:matched_natural_text_long:b1,COMMON_VL_TRANSFER,Real-image operation cost and observer overhead; same-host request interval union,2026-09-09T04:30:06.226500+00:00,2026-09-09T04:30:09.386974+00:00,"4,5,6,7",3.1604743003845215,0.003511638111538357,mechanism_diagnostic,COHORT_TRANSFER_DIAGNOSTIC_UTC_PLACEMENT_APPROX,poc_flashvep/deepep_revalidation/results/scheduling_overlap_successor_mining_20260908_161510/vl_transfer/large_matched_control_20260909_v1/b0_layer_sampled
large_matched_control_20260909_v1/b0_layer_sampled:r0:matched_natural_text_short:b4,COMMON_VL_TRANSFER,Real-image operation cost and observer overhead; same-host request interval union,2026-09-09T04:30:09.389025+00:00,2026-09-09T04:30:12.511517+00:00,"4,5,6,7",3.1224915981292725,0.003469435109032525,mechanism_diagnostic,COHORT_TRANSFER_DIAGNOSTIC_UTC_PLACEMENT_APPROX,poc_flashvep/deepep_revalidation/results/scheduling_overlap_successor_mining_20260908_161510/vl_transfer/large_matched_control_20260909_v1/b0_layer_sampled
large_matched_control_20260909_v1/b0_layer_sampled:r0:four_real_charts_long:b1,COMMON_VL_TRANSFER,Real-image operation cost and observer overhead; same-host request interval union,2026-09-09T04:30:12.514510+00:00,2026-09-09T04:30:15.879535+00:00,"4,5,6,7",3.3650245666503906,0.0037389161851671005,mechanism_diagnostic,COHORT_TRANSFER_DIAGNOSTIC_UTC_PLACEMENT_APPROX,poc_flashvep/deepep_revalidation/results/scheduling_overlap_successor_mining_20260908_161510/vl_transfer/large_matched_control_20260909_v1/b0_layer_sampled
large_matched_control_20260909_v1/b0_layer_sampled:r0:four_real_charts_long:b4,COMMON_VL_TRANSFER,Real-image operation cost and observer overhead; same-host request interval union,2026-09-09T04:30:15.881303+00:00,2026-09-09T04:30:19.984900+00:00,"4,5,6,7",4.103597402572632,0.004559552669525147,mechanism_diagnostic,COHORT_TRANSFER_DIAGNOSTIC_UTC_PLACEMENT_APPROX,poc_flashvep/deepep_revalidation/results/scheduling_overlap_successor_mining_20260908_161510/vl_transfer/large_matched_control_20260909_v1/b0_layer_sampled
large_matched_control_20260909_v1/b0_layer_sampled:r1:matched_natural_text_long:b4,COMMON_VL_TRANSFER,Real-image operation cost and observer overhead; same-host request interval union,2026-09-09T04:30:19.988611+00:00,2026-09-09T04:30:23.327203+00:00,"4,5,6,7",3.3385918140411377,0.0037095464600457088,mechanism_diagnostic,COHORT_TRANSFER_DIAGNOSTIC_UTC_PLACEMENT_APPROX,poc_flashvep/deepep_revalidation/results/scheduling_overlap_successor_mining_20260908_161510/vl_transfer/large_matched_control_20260909_v1/b0_layer_sampled
large_matched_control_20260909_v1/b0_layer_sampled:r1:matched_natural_text_long:b1,COMMON_VL_TRANSFER,Real-image operation cost and observer overhead; same-host request interval union,2026-09-09T04:30:23.330093+00:00,2026-09-09T04:30:26.450390+00:00,"4,5,6,7",3.1202969551086426,0.0034669966167873807,mechanism_diagnostic,COHORT_TRANSFER_DIAGNOSTIC_UTC_PLACEMENT_APPROX,poc_flashvep/deepep_revalidation/results/scheduling_overlap_successor_mining_20260908_161510/vl_transfer/large_matched_control_20260909_v1/b0_layer_sampled
large_matched_control_20260909_v1/b0_layer_sampled:r1:four_real_charts_short:b4,COMMON_VL_TRANSFER,Real-image operation cost and observer overhead; same-host request interval union,2026-09-09T04:30:26.452380+00:00,2026-09-09T04:30:30.209283+00:00,"4,5,6,7",3.7569031715393066,0.004174336857265896,mechanism_diagnostic,COHORT_TRANSFER_DIAGNOSTIC_UTC_PLACEMENT_APPROX,poc_flashvep/deepep_revalidation/results/scheduling_overlap_successor_mining_20260908_161510/vl_transfer/large_matched_control_20260909_v1/b0_layer_sampled
large_matched_control_20260909_v1/b0_layer_sampled:r1:matched_natural_text_short:b1,COMMON_VL_TRANSFER,Real-image operation cost and observer overhead; same-host request interval union,2026-09-09T04:30:30.211676+00:00,2026-09-09T04:30:33.343986+00:00,"4,5,6,7",3.132310628890991,0.0034803451432122126,mechanism_diagnostic,COHORT_TRANSFER_DIAGNOSTIC_UTC_PLACEMENT_APPROX,poc_flashvep/deepep_revalidation/results/scheduling_overlap_successor_mining_20260908_161510/vl_transfer/large_matched_control_20260909_v1/b0_layer_sampled
large_matched_control_20260909_v1/b0_layer_sampled:r1:matched_natural_text_short:b4,COMMON_VL_TRANSFER,Real-image operation cost and observer overhead; same-host request interval union,2026-09-09T04:30:33.346096+00:00,2026-09-09T04:30:36.488808+00:00,"4,5,6,7",3.142711639404297,0.0034919018215603297,mechanism_diagnostic,COHORT_TRANSFER_DIAGNOSTIC_UTC_PLACEMENT_APPROX,poc_flashvep/deepep_revalidation/results/scheduling_overlap_successor_mining_20260908_161510/vl_transfer/large_matched_control_20260909_v1/b0_layer_sampled
large_matched_control_20260909_v1/b0_layer_sampled:r1:four_real_charts_long:b1,COMMON_VL_TRANSFER,Real-image operation cost and observer overhead; same-host request interval union,2026-09-09T04:30:36.491846+00:00,2026-09-09T04:30:39.791720+00:00,"4,5,6,7",3.2998733520507812,0.0036665259467230905,mechanism_diagnostic,COHORT_TRANSFER_DIAGNOSTIC_UTC_PLACEMENT_APPROX,poc_flashvep/deepep_revalidation/results/scheduling_overlap_successor_mining_20260908_161510/vl_transfer/large_matched_control_20260909_v1/b0_layer_sampled
large_matched_control_20260909_v1/b0_layer_sampled:r1:four_real_charts_short:b1,COMMON_VL_TRANSFER,Real-image operation cost and observer overhead; same-host request interval union,2026-09-09T04:30:39.793690+00:00,2026-09-09T04:30:43.086663+00:00,"4,5,6,7",3.2929725646972656,0.0036588584052191842,mechanism_diagnostic,COHORT_TRANSFER_DIAGNOSTIC_UTC_PLACEMENT_APPROX,poc_flashvep/deepep_revalidation/results/scheduling_overlap_successor_mining_20260908_161510/vl_transfer/large_matched_control_20260909_v1/b0_layer_sampled
large_matched_control_20260909_v1/b0_layer_sampled:r1:four_real_charts_long:b4,COMMON_VL_TRANSFER,Real-image operation cost and observer overhead; same-host request interval union,2026-09-09T04:30:43.088353+00:00,2026-09-09T04:30:46.908178+00:00,"4,5,6,7",3.8198251724243164,0.004244250191582574,mechanism_diagnostic,COHORT_TRANSFER_DIAGNOSTIC_UTC_PLACEMENT_APPROX,poc_flashvep/deepep_revalidation/results/scheduling_overlap_successor_mining_20260908_161510/vl_transfer/large_matched_control_20260909_v1/b0_layer_sampled
large_matched_control_20260909_v1/b1_clean:r0:matched_natural_text_long:b4,COMMON_VL_TRANSFER,Real-image operation cost and observer overhead; same-host request interval union,2026-09-09T04:37:56.543586+00:00,2026-09-09T04:38:01.326103+00:00,"4,5,6,7",4.782517194747925,0.005313907994164361,measurement,COHORT_TRANSFER_DIAGNOSTIC_UTC_PLACEMENT_APPROX,poc_flashvep/deepep_revalidation/results/scheduling_overlap_successor_mining_20260908_161510/vl_transfer/large_matched_control_20260909_v1/b1_clean
large_matched_control_20260909_v1/b1_clean:r0:matched_natural_text_long:b1,COMMON_VL_TRANSFER,Real-image operation cost and observer overhead; same-host request interval union,2026-09-09T04:38:01.330159+00:00,2026-09-09T04:38:05.846044+00:00,"4,5,6,7",4.515884876251221,0.005017649862501357,measurement,COHORT_TRANSFER_DIAGNOSTIC_UTC_PLACEMENT_APPROX,poc_flashvep/deepep_revalidation/results/scheduling_overlap_successor_mining_20260908_161510/vl_transfer/large_matched_control_20260909_v1/b1_clean
large_matched_control_20260909_v1/b1_clean:r0:four_real_charts_short:b4,COMMON_VL_TRANSFER,Real-image operation cost and observer overhead; same-host request interval union,2026-09-09T04:38:05.848378+00:00,2026-09-09T04:38:11.234640+00:00,"4,5,6,7",5.386261940002441,0.005984735488891601,measurement,COHORT_TRANSFER_DIAGNOSTIC_UTC_PLACEMENT_APPROX,poc_flashvep/deepep_revalidation/results/scheduling_overlap_successor_mining_20260908_161510/vl_transfer/large_matched_control_20260909_v1/b1_clean
large_matched_control_20260909_v1/b1_clean:r0:matched_natural_text_short:b1,COMMON_VL_TRANSFER,Real-image operation cost and observer overhead; same-host request interval union,2026-09-09T04:38:11.238013+00:00,2026-09-09T04:38:15.747196+00:00,"4,5,6,7",4.509182453155518,0.0050102027257283525,measurement,COHORT_TRANSFER_DIAGNOSTIC_UTC_PLACEMENT_APPROX,poc_flashvep/deepep_revalidation/results/scheduling_overlap_successor_mining_20260908_161510/vl_transfer/large_matched_control_20260909_v1/b1_clean
large_matched_control_20260909_v1/b1_clean:r0:matched_natural_text_short:b4,COMMON_VL_TRANSFER,Real-image operation cost and observer overhead; same-host request interval union,2026-09-09T04:38:15.750006+00:00,2026-09-09T04:38:20.209061+00:00,"4,5,6,7",4.459055423736572,0.004954506026373969,measurement,COHORT_TRANSFER_DIAGNOSTIC_UTC_PLACEMENT_APPROX,poc_flashvep/deepep_revalidation/results/scheduling_overlap_successor_mining_20260908_161510/vl_transfer/large_matched_control_20260909_v1/b1_clean
large_matched_control_20260909_v1/b1_clean:r0:four_real_charts_long:b1,COMMON_VL_TRANSFER,Real-image operation cost and observer overhead; same-host request interval union,2026-09-09T04:38:20.211990+00:00,2026-09-09T04:38:24.939976+00:00,"4,5,6,7",4.727986097335815,0.005253317885928684,measurement,COHORT_TRANSFER_DIAGNOSTIC_UTC_PLACEMENT_APPROX,poc_flashvep/deepep_revalidation/results/scheduling_overlap_successor_mining_20260908_161510/vl_transfer/large_matched_control_20260909_v1/b1_clean
large_matched_control_20260909_v1/b1_clean:r0:four_real_charts_short:b1,COMMON_VL_TRANSFER,Real-image operation cost and observer overhead; same-host request interval union,2026-09-09T04:38:24.942089+00:00,2026-09-09T04:38:29.643942+00:00,"4,5,6,7",4.701853036880493,0.005224281152089436,measurement,COHORT_TRANSFER_DIAGNOSTIC_UTC_PLACEMENT_APPROX,poc_flashvep/deepep_revalidation/results/scheduling_overlap_successor_mining_20260908_161510/vl_transfer/large_matched_control_20260909_v1/b1_clean
large_matched_control_20260909_v1/b1_clean:r0:four_real_charts_long:b4,COMMON_VL_TRANSFER,Real-image operation cost and observer overhead; same-host request interval union,2026-09-09T04:38:29.645871+00:00,2026-09-09T04:38:35.124388+00:00,"4,5,6,7",5.478517532348633,0.006087241702609592,measurement,COHORT_TRANSFER_DIAGNOSTIC_UTC_PLACEMENT_APPROX,poc_flashvep/deepep_revalidation/results/scheduling_overlap_successor_mining_20260908_161510/vl_transfer/large_matched_control_20260909_v1/b1_clean
large_matched_control_20260909_v1/b1_clean:r1:matched_natural_text_long:b1,COMMON_VL_TRANSFER,Real-image operation cost and observer overhead; same-host request interval union,2026-09-09T04:38:35.127189+00:00,2026-09-09T04:38:39.663304+00:00,"4,5,6,7",4.5361151695251465,0.005040127966139052,measurement,COHORT_TRANSFER_DIAGNOSTIC_UTC_PLACEMENT_APPROX,poc_flashvep/deepep_revalidation/results/scheduling_overlap_successor_mining_20260908_161510/vl_transfer/large_matched_control_20260909_v1/b1_clean
large_matched_control_20260909_v1/b1_clean:r1:matched_natural_text_short:b4,COMMON_VL_TRANSFER,Real-image operation cost and observer overhead; same-host request interval union,2026-09-09T04:38:39.665138+00:00,2026-09-09T04:38:44.127420+00:00,"4,5,6,7",4.462282657623291,0.004958091841803657,measurement,COHORT_TRANSFER_DIAGNOSTIC_UTC_PLACEMENT_APPROX,poc_flashvep/deepep_revalidation/results/scheduling_overlap_successor_mining_20260908_161510/vl_transfer/large_matched_control_20260909_v1/b1_clean
large_matched_control_20260909_v1/b1_clean:r1:four_real_charts_short:b1,COMMON_VL_TRANSFER,Real-image operation cost and observer overhead; same-host request interval union,2026-09-09T04:38:44.130423+00:00,2026-09-09T04:38:48.830556+00:00,"4,5,6,7",4.700133323669434,0.005222370359632704,measurement,COHORT_TRANSFER_DIAGNOSTIC_UTC_PLACEMENT_APPROX,poc_flashvep/deepep_revalidation/results/scheduling_overlap_successor_mining_20260908_161510/vl_transfer/large_matched_control_20260909_v1/b1_clean
large_matched_control_20260909_v1/b1_clean:r1:four_real_charts_long:b4,COMMON_VL_TRANSFER,Real-image operation cost and observer overhead; same-host request interval union,2026-09-09T04:38:48.833045+00:00,2026-09-09T04:38:54.208259+00:00,"4,5,6,7",5.375213861465454,0.005972459846072727,measurement,COHORT_TRANSFER_DIAGNOSTIC_UTC_PLACEMENT_APPROX,poc_flashvep/deepep_revalidation/results/scheduling_overlap_successor_mining_20260908_161510/vl_transfer/large_matched_control_20260909_v1/b1_clean
large_matched_control_20260909_v1/b1_clean:r1:matched_natural_text_short:b1,COMMON_VL_TRANSFER,Real-image operation cost and observer overhead; same-host request interval union,2026-09-09T04:38:54.211712+00:00,2026-09-09T04:38:58.741084+00:00,"4,5,6,7",4.529372692108154,0.005032636324564616,measurement,COHORT_TRANSFER_DIAGNOSTIC_UTC_PLACEMENT_APPROX,poc_flashvep/deepep_revalidation/results/scheduling_overlap_successor_mining_20260908_161510/vl_transfer/large_matched_control_20260909_v1/b1_clean
large_matched_control_20260909_v1/b1_clean:r1:four_real_charts_short:b4,COMMON_VL_TRANSFER,Real-image operation cost and observer overhead; same-host request interval union,2026-09-09T04:38:58.743072+00:00,2026-09-09T04:39:04.102924+00:00,"4,5,6,7",5.359852313995361,0.005955391459994846,measurement,COHORT_TRANSFER_DIAGNOSTIC_UTC_PLACEMENT_APPROX,poc_flashvep/deepep_revalidation/results/scheduling_overlap_successor_mining_20260908_161510/vl_transfer/large_matched_control_20260909_v1/b1_clean
large_matched_control_20260909_v1/b1_clean:r1:four_real_charts_long:b1,COMMON_VL_TRANSFER,Real-image operation cost and observer overhead; same-host request interval union,2026-09-09T04:39:04.105593+00:00,2026-09-09T04:39:08.824962+00:00,"4,5,6,7",4.7193684577941895,0.005243742730882433,measurement,COHORT_TRANSFER_DIAGNOSTIC_UTC_PLACEMENT_APPROX,poc_flashvep/deepep_revalidation/results/scheduling_overlap_successor_mining_20260908_161510/vl_transfer/large_matched_control_20260909_v1/b1_clean
large_matched_control_20260909_v1/b1_clean:r1:matched_natural_text_long:b4,COMMON_VL_TRANSFER,Real-image operation cost and observer overhead; same-host request interval union,2026-09-09T04:39:08.826859+00:00,2026-09-09T04:39:13.456007+00:00,"4,5,6,7",4.62914776802063,0.005143497520022922,measurement,COHORT_TRANSFER_DIAGNOSTIC_UTC_PLACEMENT_APPROX,poc_flashvep/deepep_revalidation/results/scheduling_overlap_successor_mining_20260908_161510/vl_transfer/large_matched_control_20260909_v1/b1_clean
large_matched_control_20260909_v1/b1_layer_sampled:r0:matched_natural_text_long:b4,COMMON_VL_TRANSFER,Real-image operation cost and observer overhead; same-host request interval union,2026-09-09T04:35:04.362428+00:00,2026-09-09T04:35:08.829832+00:00,"4,5,6,7",4.467403888702393,0.004963782098558214,mechanism_diagnostic,COHORT_TRANSFER_DIAGNOSTIC_UTC_PLACEMENT_APPROX,poc_flashvep/deepep_revalidation/results/scheduling_overlap_successor_mining_20260908_161510/vl_transfer/large_matched_control_20260909_v1/b1_layer_sampled
large_matched_control_20260909_v1/b1_layer_sampled:r0:matched_natural_text_long:b1,COMMON_VL_TRANSFER,Real-image operation cost and observer overhead; same-host request interval union,2026-09-09T04:35:08.832626+00:00,2026-09-09T04:35:13.019773+00:00,"4,5,6,7",4.187146902084351,0.004652385446760389,mechanism_diagnostic,COHORT_TRANSFER_DIAGNOSTIC_UTC_PLACEMENT_APPROX,poc_flashvep/deepep_revalidation/results/scheduling_overlap_successor_mining_20260908_161510/vl_transfer/large_matched_control_20260909_v1/b1_layer_sampled
large_matched_control_20260909_v1/b1_layer_sampled:r0:four_real_charts_short:b4,COMMON_VL_TRANSFER,Real-image operation cost and observer overhead; same-host request interval union,2026-09-09T04:35:13.021823+00:00,2026-09-09T04:35:17.883950+00:00,"4,5,6,7",4.862126350402832,0.005402362611558702,mechanism_diagnostic,COHORT_TRANSFER_DIAGNOSTIC_UTC_PLACEMENT_APPROX,poc_flashvep/deepep_revalidation/results/scheduling_overlap_successor_mining_20260908_161510/vl_transfer/large_matched_control_20260909_v1/b1_layer_sampled
large_matched_control_20260909_v1/b1_layer_sampled:r0:matched_natural_text_short:b1,COMMON_VL_TRANSFER,Real-image operation cost and observer overhead; same-host request interval union,2026-09-09T04:35:17.886665+00:00,2026-09-09T04:35:22.043883+00:00,"4,5,6,7",4.157217979431152,0.004619131088256836,mechanism_diagnostic,COHORT_TRANSFER_DIAGNOSTIC_UTC_PLACEMENT_APPROX,poc_flashvep/deepep_revalidation/results/scheduling_overlap_successor_mining_20260908_161510/vl_transfer/large_matched_control_20260909_v1/b1_layer_sampled
large_matched_control_20260909_v1/b1_layer_sampled:r0:matched_natural_text_short:b4,COMMON_VL_TRANSFER,Real-image operation cost and observer overhead; same-host request interval union,2026-09-09T04:35:22.045736+00:00,2026-09-09T04:35:26.180625+00:00,"4,5,6,7",4.134888410568237,0.00459432045618693,mechanism_diagnostic,COHORT_TRANSFER_DIAGNOSTIC_UTC_PLACEMENT_APPROX,poc_flashvep/deepep_revalidation/results/scheduling_overlap_successor_mining_20260908_161510/vl_transfer/large_matched_control_20260909_v1/b1_layer_sampled
large_matched_control_20260909_v1/b1_layer_sampled:r0:four_real_charts_long:b1,COMMON_VL_TRANSFER,Real-image operation cost and observer overhead; same-host request interval union,2026-09-09T04:35:26.183482+00:00,2026-09-09T04:35:30.512967+00:00,"4,5,6,7",4.3294854164123535,0.0048105393515692815,mechanism_diagnostic,COHORT_TRANSFER_DIAGNOSTIC_UTC_PLACEMENT_APPROX,poc_flashvep/deepep_revalidation/results/scheduling_overlap_successor_mining_20260908_161510/vl_transfer/large_matched_control_20260909_v1/b1_layer_sampled
large_matched_control_20260909_v1/b1_layer_sampled:r0:four_real_charts_short:b1,COMMON_VL_TRANSFER,Real-image operation cost and observer overhead; same-host request interval union,2026-09-09T04:35:30.514938+00:00,2026-09-09T04:35:34.801737+00:00,"4,5,6,7",4.286798715591431,0.004763109683990479,mechanism_diagnostic,COHORT_TRANSFER_DIAGNOSTIC_UTC_PLACEMENT_APPROX,poc_flashvep/deepep_revalidation/results/scheduling_overlap_successor_mining_20260908_161510/vl_transfer/large_matched_control_20260909_v1/b1_layer_sampled
large_matched_control_20260909_v1/b1_layer_sampled:r0:four_real_charts_long:b4,COMMON_VL_TRANSFER,Real-image operation cost and observer overhead; same-host request interval union,2026-09-09T04:35:34.804011+00:00,2026-09-09T04:35:39.838020+00:00,"4,5,6,7",5.034008979797363,0.005593343310885959,mechanism_diagnostic,COHORT_TRANSFER_DIAGNOSTIC_UTC_PLACEMENT_APPROX,poc_flashvep/deepep_revalidation/results/scheduling_overlap_successor_mining_20260908_161510/vl_transfer/large_matched_control_20260909_v1/b1_layer_sampled
large_matched_control_20260909_v1/b1_layer_sampled:r1:matched_natural_text_long:b1,COMMON_VL_TRANSFER,Real-image operation cost and observer overhead; same-host request interval union,2026-09-09T04:35:39.840795+00:00,2026-09-09T04:35:43.986842+00:00,"4,5,6,7",4.146047353744507,0.004606719281938341,mechanism_diagnostic,COHORT_TRANSFER_DIAGNOSTIC_UTC_PLACEMENT_APPROX,poc_flashvep/deepep_revalidation/results/scheduling_overlap_successor_mining_20260908_161510/vl_transfer/large_matched_control_20260909_v1/b1_layer_sampled
large_matched_control_20260909_v1/b1_layer_sampled:r1:matched_natural_text_short:b4,COMMON_VL_TRANSFER,Real-image operation cost and observer overhead; same-host request interval union,2026-09-09T04:35:43.988741+00:00,2026-09-09T04:35:48.114676+00:00,"4,5,6,7",4.125935316085815,0.004584372573428684,mechanism_diagnostic,COHORT_TRANSFER_DIAGNOSTIC_UTC_PLACEMENT_APPROX,poc_flashvep/deepep_revalidation/results/scheduling_overlap_successor_mining_20260908_161510/vl_transfer/large_matched_control_20260909_v1/b1_layer_sampled
large_matched_control_20260909_v1/b1_layer_sampled:r1:four_real_charts_short:b1,COMMON_VL_TRANSFER,Real-image operation cost and observer overhead; same-host request interval union,2026-09-09T04:35:48.118799+00:00,2026-09-09T04:35:52.377678+00:00,"4,5,6,7",4.2588791847229,0.004732087983025445,mechanism_diagnostic,COHORT_TRANSFER_DIAGNOSTIC_UTC_PLACEMENT_APPROX,poc_flashvep/deepep_revalidation/results/scheduling_overlap_successor_mining_20260908_161510/vl_transfer/large_matched_control_20260909_v1/b1_layer_sampled
large_matched_control_20260909_v1/b1_layer_sampled:r1:four_real_charts_long:b4,COMMON_VL_TRANSFER,Real-image operation cost and observer overhead; same-host request interval union,2026-09-09T04:35:52.379668+00:00,2026-09-09T04:35:57.403717+00:00,"4,5,6,7",5.024049520492554,0.005582277244991727,mechanism_diagnostic,COHORT_TRANSFER_DIAGNOSTIC_UTC_PLACEMENT_APPROX,poc_flashvep/deepep_revalidation/results/scheduling_overlap_successor_mining_20260908_161510/vl_transfer/large_matched_control_20260909_v1/b1_layer_sampled
large_matched_control_20260909_v1/b1_layer_sampled:r1:matched_natural_text_short:b1,COMMON_VL_TRANSFER,Real-image operation cost and observer overhead; same-host request interval union,2026-09-09T04:35:57.406406+00:00,2026-09-09T04:36:01.576529+00:00,"4,5,6,7",4.170122146606445,0.0046334690517849395,mechanism_diagnostic,COHORT_TRANSFER_DIAGNOSTIC_UTC_PLACEMENT_APPROX,poc_flashvep/deepep_revalidation/results/scheduling_overlap_successor_mining_20260908_161510/vl_transfer/large_matched_control_20260909_v1/b1_layer_sampled
large_matched_control_20260909_v1/b1_layer_sampled:r1:four_real_charts_short:b4,COMMON_VL_TRANSFER,Real-image operation cost and observer overhead; same-host request interval union,2026-09-09T04:36:01.578454+00:00,2026-09-09T04:36:06.328001+00:00,"4,5,6,7",4.749547481536865,0.005277274979485406,mechanism_diagnostic,COHORT_TRANSFER_DIAGNOSTIC_UTC_PLACEMENT_APPROX,poc_flashvep/deepep_revalidation/results/scheduling_overlap_successor_mining_20260908_161510/vl_transfer/large_matched_control_20260909_v1/b1_layer_sampled
large_matched_control_20260909_v1/b1_layer_sampled:r1:four_real_charts_long:b1,COMMON_VL_TRANSFER,Real-image operation cost and observer overhead; same-host request interval union,2026-09-09T04:36:06.330624+00:00,2026-09-09T04:36:10.700275+00:00,"4,5,6,7",4.369650363922119,0.0048551670710245765,mechanism_diagnostic,COHORT_TRANSFER_DIAGNOSTIC_UTC_PLACEMENT_APPROX,poc_flashvep/deepep_revalidation/results/scheduling_overlap_successor_mining_20260908_161510/vl_transfer/large_matched_control_20260909_v1/b1_layer_sampled
large_matched_control_20260909_v1/b1_layer_sampled:r1:matched_natural_text_long:b4,COMMON_VL_TRANSFER,Real-image operation cost and observer overhead; same-host request interval union,2026-09-09T04:36:10.702168+00:00,2026-09-09T04:36:14.967870+00:00,"4,5,6,7",4.265702247619629,0.00473966916402181,mechanism_diagnostic,COHORT_TRANSFER_DIAGNOSTIC_UTC_PLACEMENT_APPROX,poc_flashvep/deepep_revalidation/results/scheduling_overlap_successor_mining_20260908_161510/vl_transfer/large_matched_control_20260909_v1/b1_layer_sampled
large_matched_control_20260909_v1/b2_clean:r0:matched_natural_text_long:b1,COMMON_VL_TRANSFER,Real-image operation cost and observer overhead; same-host request interval union,2026-09-09T04:43:56.190243+00:00,2026-09-09T04:43:59.250312+00:00,"4,5,6,7",3.060068368911743,0.0034000759654574924,measurement,COHORT_TRANSFER_DIAGNOSTIC_UTC_PLACEMENT_APPROX,poc_flashvep/deepep_revalidation/results/scheduling_overlap_successor_mining_20260908_161510/vl_transfer/large_matched_control_20260909_v1/b2_clean
large_matched_control_20260909_v1/b2_clean:r0:matched_natural_text_short:b4,COMMON_VL_TRANSFER,Real-image operation cost and observer overhead; same-host request interval union,2026-09-09T04:43:59.252785+00:00,2026-09-09T04:44:02.364943+00:00,"4,5,6,7",3.1121575832366943,0.003457952870262994,measurement,COHORT_TRANSFER_DIAGNOSTIC_UTC_PLACEMENT_APPROX,poc_flashvep/deepep_revalidation/results/scheduling_overlap_successor_mining_20260908_161510/vl_transfer/large_matched_control_20260909_v1/b2_clean
large_matched_control_20260909_v1/b2_clean:r0:four_real_charts_short:b1,COMMON_VL_TRANSFER,Real-image operation cost and observer overhead; same-host request interval union,2026-09-09T04:44:02.369482+00:00,2026-09-09T04:44:05.632195+00:00,"4,5,6,7",3.262713670730591,0.0036252374119228785,measurement,COHORT_TRANSFER_DIAGNOSTIC_UTC_PLACEMENT_APPROX,poc_flashvep/deepep_revalidation/results/scheduling_overlap_successor_mining_20260908_161510/vl_transfer/large_matched_control_20260909_v1/b2_clean
large_matched_control_20260909_v1/b2_clean:r0:four_real_charts_long:b4,COMMON_VL_TRANSFER,Real-image operation cost and observer overhead; same-host request interval union,2026-09-09T04:44:05.634699+00:00,2026-09-09T04:44:09.438026+00:00,"4,5,6,7",3.8033273220062256,0.004225919246673584,measurement,COHORT_TRANSFER_DIAGNOSTIC_UTC_PLACEMENT_APPROX,poc_flashvep/deepep_revalidation/results/scheduling_overlap_successor_mining_20260908_161510/vl_transfer/large_matched_control_20260909_v1/b2_clean
large_matched_control_20260909_v1/b2_clean:r0:matched_natural_text_short:b1,COMMON_VL_TRANSFER,Real-image operation cost and observer overhead; same-host request interval union,2026-09-09T04:44:09.441512+00:00,2026-09-09T04:44:12.469121+00:00,"4,5,6,7",3.02760910987854,0.0033640101220872667,measurement,COHORT_TRANSFER_DIAGNOSTIC_UTC_PLACEMENT_APPROX,poc_flashvep/deepep_revalidation/results/scheduling_overlap_successor_mining_20260908_161510/vl_transfer/large_matched_control_20260909_v1/b2_clean
large_matched_control_20260909_v1/b2_clean:r0:four_real_charts_short:b4,COMMON_VL_TRANSFER,Real-image operation cost and observer overhead; same-host request interval union,2026-09-09T04:44:12.472272+00:00,2026-09-09T04:44:16.233253+00:00,"4,5,6,7",3.7609801292419434,0.004178866810268826,measurement,COHORT_TRANSFER_DIAGNOSTIC_UTC_PLACEMENT_APPROX,poc_flashvep/deepep_revalidation/results/scheduling_overlap_successor_mining_20260908_161510/vl_transfer/large_matched_control_20260909_v1/b2_clean
large_matched_control_20260909_v1/b2_clean:r0:four_real_charts_long:b1,COMMON_VL_TRANSFER,Real-image operation cost and observer overhead; same-host request interval union,2026-09-09T04:44:16.236540+00:00,2026-09-09T04:44:19.498328+00:00,"4,5,6,7",3.2617878913879395,0.0036242087682088215,measurement,COHORT_TRANSFER_DIAGNOSTIC_UTC_PLACEMENT_APPROX,poc_flashvep/deepep_revalidation/results/scheduling_overlap_successor_mining_20260908_161510/vl_transfer/large_matched_control_20260909_v1/b2_clean
large_matched_control_20260909_v1/b2_clean:r0:matched_natural_text_long:b4,COMMON_VL_TRANSFER,Real-image operation cost and observer overhead; same-host request interval union,2026-09-09T04:44:19.500792+00:00,2026-09-09T04:44:22.871836+00:00,"4,5,6,7",3.3710439205169678,0.003745604356129964,measurement,COHORT_TRANSFER_DIAGNOSTIC_UTC_PLACEMENT_APPROX,poc_flashvep/deepep_revalidation/results/scheduling_overlap_successor_mining_20260908_161510/vl_transfer/large_matched_control_20260909_v1/b2_clean
large_matched_control_20260909_v1/b2_clean:r1:four_real_charts_short:b1,COMMON_VL_TRANSFER,Real-image operation cost and observer overhead; same-host request interval union,2026-09-09T04:44:22.875902+00:00,2026-09-09T04:44:26.143866+00:00,"4,5,6,7",3.267963171005249,0.0036310701900058324,measurement,COHORT_TRANSFER_DIAGNOSTIC_UTC_PLACEMENT_APPROX,poc_flashvep/deepep_revalidation/results/scheduling_overlap_successor_mining_20260908_161510/vl_transfer/large_matched_control_20260909_v1/b2_clean
large_matched_control_20260909_v1/b2_clean:r1:matched_natural_text_long:b1,COMMON_VL_TRANSFER,Real-image operation cost and observer overhead; same-host request interval union,2026-09-09T04:44:26.146506+00:00,2026-09-09T04:44:29.156575+00:00,"4,5,6,7",3.0100693702697754,0.0033445215225219728,measurement,COHORT_TRANSFER_DIAGNOSTIC_UTC_PLACEMENT_APPROX,poc_flashvep/deepep_revalidation/results/scheduling_overlap_successor_mining_20260908_161510/vl_transfer/large_matched_control_20260909_v1/b2_clean
large_matched_control_20260909_v1/b2_clean:r1:matched_natural_text_short:b1,COMMON_VL_TRANSFER,Real-image operation cost and observer overhead; same-host request interval union,2026-09-09T04:44:29.159250+00:00,2026-09-09T04:44:32.154205+00:00,"4,5,6,7",2.994955062866211,0.003327727847629123,measurement,COHORT_TRANSFER_DIAGNOSTIC_UTC_PLACEMENT_APPROX,poc_flashvep/deepep_revalidation/results/scheduling_overlap_successor_mining_20260908_161510/vl_transfer/large_matched_control_20260909_v1/b2_clean
large_matched_control_20260909_v1/b2_clean:r1:matched_natural_text_short:b4,COMMON_VL_TRANSFER,Real-image operation cost and observer overhead; same-host request interval union,2026-09-09T04:44:32.156785+00:00,2026-09-09T04:44:35.165882+00:00,"4,5,6,7",3.0090978145599365,0.003343442016177707,measurement,COHORT_TRANSFER_DIAGNOSTIC_UTC_PLACEMENT_APPROX,poc_flashvep/deepep_revalidation/results/scheduling_overlap_successor_mining_20260908_161510/vl_transfer/large_matched_control_20260909_v1/b2_clean
large_matched_control_20260909_v1/b2_clean:r1:four_real_charts_long:b4,COMMON_VL_TRANSFER,Real-image operation cost and observer overhead; same-host request interval union,2026-09-09T04:44:35.170364+00:00,2026-09-09T04:44:38.948583+00:00,"4,5,6,7",3.7782187461853027,0.004198020829094781,measurement,COHORT_TRANSFER_DIAGNOSTIC_UTC_PLACEMENT_APPROX,poc_flashvep/deepep_revalidation/results/scheduling_overlap_successor_mining_20260908_161510/vl_transfer/large_matched_control_20260909_v1/b2_clean
large_matched_control_20260909_v1/b2_clean:r1:four_real_charts_short:b4,COMMON_VL_TRANSFER,Real-image operation cost and observer overhead; same-host request interval union,2026-09-09T04:44:38.951432+00:00,2026-09-09T04:44:42.588766+00:00,"4,5,6,7",3.637334108352661,0.004041482342614068,measurement,COHORT_TRANSFER_DIAGNOSTIC_UTC_PLACEMENT_APPROX,poc_flashvep/deepep_revalidation/results/scheduling_overlap_successor_mining_20260908_161510/vl_transfer/large_matched_control_20260909_v1/b2_clean
large_matched_control_20260909_v1/b2_clean:r1:matched_natural_text_long:b4,COMMON_VL_TRANSFER,Real-image operation cost and observer overhead; same-host request interval union,2026-09-09T04:44:42.591350+00:00,2026-09-09T04:44:45.835562+00:00,"4,5,6,7",3.2442126274108887,0.0036046806971232097,measurement,COHORT_TRANSFER_DIAGNOSTIC_UTC_PLACEMENT_APPROX,poc_flashvep/deepep_revalidation/results/scheduling_overlap_successor_mining_20260908_161510/vl_transfer/large_matched_control_20260909_v1/b2_clean
large_matched_control_20260909_v1/b2_clean:r1:four_real_charts_long:b1,COMMON_VL_TRANSFER,Real-image operation cost and observer overhead; same-host request interval union,2026-09-09T04:44:45.838560+00:00,2026-09-09T04:44:49.192213+00:00,"4,5,6,7",3.3536534309387207,0.003726281589931912,measurement,COHORT_TRANSFER_DIAGNOSTIC_UTC_PLACEMENT_APPROX,poc_flashvep/deepep_revalidation/results/scheduling_overlap_successor_mining_20260908_161510/vl_transfer/large_matched_control_20260909_v1/b2_clean
large_matched_control_20260909_v1/b2_layer_sampled:r0:matched_natural_text_long:b1,COMMON_VL_TRANSFER,Real-image operation cost and observer overhead; same-host request interval union,2026-09-09T04:40:57.682893+00:00,2026-09-09T04:41:02.611051+00:00,"4,5,6,7",4.928158283233643,0.0054757314258151585,mechanism_diagnostic,COHORT_TRANSFER_DIAGNOSTIC_UTC_PLACEMENT_APPROX,poc_flashvep/deepep_revalidation/results/scheduling_overlap_successor_mining_20260908_161510/vl_transfer/large_matched_control_20260909_v1/b2_layer_sampled
large_matched_control_20260909_v1/b2_layer_sampled:r0:matched_natural_text_short:b4,COMMON_VL_TRANSFER,Real-image operation cost and observer overhead; same-host request interval union,2026-09-09T04:41:02.613055+00:00,2026-09-09T04:41:07.522582+00:00,"4,5,6,7",4.909526824951172,0.005455029805501302,mechanism_diagnostic,COHORT_TRANSFER_DIAGNOSTIC_UTC_PLACEMENT_APPROX,poc_flashvep/deepep_revalidation/results/scheduling_overlap_successor_mining_20260908_161510/vl_transfer/large_matched_control_20260909_v1/b2_layer_sampled
large_matched_control_20260909_v1/b2_layer_sampled:r0:four_real_charts_short:b1,COMMON_VL_TRANSFER,Real-image operation cost and observer overhead; same-host request interval union,2026-09-09T04:41:07.525668+00:00,2026-09-09T04:41:12.522681+00:00,"4,5,6,7",4.9970128536224365,0.00555223650402493,mechanism_diagnostic,COHORT_TRANSFER_DIAGNOSTIC_UTC_PLACEMENT_APPROX,poc_flashvep/deepep_revalidation/results/scheduling_overlap_successor_mining_20260908_161510/vl_transfer/large_matched_control_20260909_v1/b2_layer_sampled
large_matched_control_20260909_v1/b2_layer_sampled:r0:four_real_charts_long:b4,COMMON_VL_TRANSFER,Real-image operation cost and observer overhead; same-host request interval union,2026-09-09T04:41:12.524683+00:00,2026-09-09T04:41:18.306373+00:00,"4,5,6,7",5.781690359115601,0.006424100399017334,mechanism_diagnostic,COHORT_TRANSFER_DIAGNOSTIC_UTC_PLACEMENT_APPROX,poc_flashvep/deepep_revalidation/results/scheduling_overlap_successor_mining_20260908_161510/vl_transfer/large_matched_control_20260909_v1/b2_layer_sampled
large_matched_control_20260909_v1/b2_layer_sampled:r0:matched_natural_text_short:b1,COMMON_VL_TRANSFER,Real-image operation cost and observer overhead; same-host request interval union,2026-09-09T04:41:18.308976+00:00,2026-09-09T04:41:23.092279+00:00,"4,5,6,7",4.7833027839660645,0.005314780871073405,mechanism_diagnostic,COHORT_TRANSFER_DIAGNOSTIC_UTC_PLACEMENT_APPROX,poc_flashvep/deepep_revalidation/results/scheduling_overlap_successor_mining_20260908_161510/vl_transfer/large_matched_control_20260909_v1/b2_layer_sampled
large_matched_control_20260909_v1/b2_layer_sampled:r0:four_real_charts_short:b4,COMMON_VL_TRANSFER,Real-image operation cost and observer overhead; same-host request interval union,2026-09-09T04:41:23.094354+00:00,2026-09-09T04:41:28.676967+00:00,"4,5,6,7",5.582613229751587,0.006202903588612875,mechanism_diagnostic,COHORT_TRANSFER_DIAGNOSTIC_UTC_PLACEMENT_APPROX,poc_flashvep/deepep_revalidation/results/scheduling_overlap_successor_mining_20260908_161510/vl_transfer/large_matched_control_20260909_v1/b2_layer_sampled
large_matched_control_20260909_v1/b2_layer_sampled:r0:four_real_charts_long:b1,COMMON_VL_TRANSFER,Real-image operation cost and observer overhead; same-host request interval union,2026-09-09T04:41:28.679903+00:00,2026-09-09T04:41:33.699833+00:00,"4,5,6,7",5.019930362701416,0.005577700403001574,mechanism_diagnostic,COHORT_TRANSFER_DIAGNOSTIC_UTC_PLACEMENT_APPROX,poc_flashvep/deepep_revalidation/results/scheduling_overlap_successor_mining_20260908_161510/vl_transfer/large_matched_control_20260909_v1/b2_layer_sampled
large_matched_control_20260909_v1/b2_layer_sampled:r0:matched_natural_text_long:b4,COMMON_VL_TRANSFER,Real-image operation cost and observer overhead; same-host request interval union,2026-09-09T04:41:33.701989+00:00,2026-09-09T04:41:38.669456+00:00,"4,5,6,7",4.967467308044434,0.005519408120049371,mechanism_diagnostic,COHORT_TRANSFER_DIAGNOSTIC_UTC_PLACEMENT_APPROX,poc_flashvep/deepep_revalidation/results/scheduling_overlap_successor_mining_20260908_161510/vl_transfer/large_matched_control_20260909_v1/b2_layer_sampled
large_matched_control_20260909_v1/b2_layer_sampled:r1:four_real_charts_short:b1,COMMON_VL_TRANSFER,Real-image operation cost and observer overhead; same-host request interval union,2026-09-09T04:41:38.672514+00:00,2026-09-09T04:41:43.638300+00:00,"4,5,6,7",4.9657862186431885,0.005517540242936876,mechanism_diagnostic,COHORT_TRANSFER_DIAGNOSTIC_UTC_PLACEMENT_APPROX,poc_flashvep/deepep_revalidation/results/scheduling_overlap_successor_mining_20260908_161510/vl_transfer/large_matched_control_20260909_v1/b2_layer_sampled
large_matched_control_20260909_v1/b2_layer_sampled:r1:matched_natural_text_long:b1,COMMON_VL_TRANSFER,Real-image operation cost and observer overhead; same-host request interval union,2026-09-09T04:41:43.642185+00:00,2026-09-09T04:41:48.301446+00:00,"4,5,6,7",4.6592607498168945,0.005176956388685439,mechanism_diagnostic,COHORT_TRANSFER_DIAGNOSTIC_UTC_PLACEMENT_APPROX,poc_flashvep/deepep_revalidation/results/scheduling_overlap_successor_mining_20260908_161510/vl_transfer/large_matched_control_20260909_v1/b2_layer_sampled
large_matched_control_20260909_v1/b2_layer_sampled:r1:matched_natural_text_short:b1,COMMON_VL_TRANSFER,Real-image operation cost and observer overhead; same-host request interval union,2026-09-09T04:41:48.303361+00:00,2026-09-09T04:41:53.100281+00:00,"4,5,6,7",4.79692006111145,0.005329911179012723,mechanism_diagnostic,COHORT_TRANSFER_DIAGNOSTIC_UTC_PLACEMENT_APPROX,poc_flashvep/deepep_revalidation/results/scheduling_overlap_successor_mining_20260908_161510/vl_transfer/large_matched_control_20260909_v1/b2_layer_sampled
large_matched_control_20260909_v1/b2_layer_sampled:r1:matched_natural_text_short:b4,COMMON_VL_TRANSFER,Real-image operation cost and observer overhead; same-host request interval union,2026-09-09T04:41:53.102277+00:00,2026-09-09T04:41:57.760335+00:00,"4,5,6,7",4.658057451248169,0.005175619390275743,mechanism_diagnostic,COHORT_TRANSFER_DIAGNOSTIC_UTC_PLACEMENT_APPROX,poc_flashvep/deepep_revalidation/results/scheduling_overlap_successor_mining_20260908_161510/vl_transfer/large_matched_control_20260909_v1/b2_layer_sampled
large_matched_control_20260909_v1/b2_layer_sampled:r1:four_real_charts_long:b4,COMMON_VL_TRANSFER,Real-image operation cost and observer overhead; same-host request interval union,2026-09-09T04:41:57.763369+00:00,2026-09-09T04:42:03.324321+00:00,"4,5,6,7",5.560952186584473,0.006178835762871636,mechanism_diagnostic,COHORT_TRANSFER_DIAGNOSTIC_UTC_PLACEMENT_APPROX,poc_flashvep/deepep_revalidation/results/scheduling_overlap_successor_mining_20260908_161510/vl_transfer/large_matched_control_20260909_v1/b2_layer_sampled
large_matched_control_20260909_v1/b2_layer_sampled:r1:four_real_charts_short:b4,COMMON_VL_TRANSFER,Real-image operation cost and observer overhead; same-host request interval union,2026-09-09T04:42:03.327911+00:00,2026-09-09T04:42:08.903981+00:00,"4,5,6,7",5.576070308685303,0.006195633676317003,mechanism_diagnostic,COHORT_TRANSFER_DIAGNOSTIC_UTC_PLACEMENT_APPROX,poc_flashvep/deepep_revalidation/results/scheduling_overlap_successor_mining_20260908_161510/vl_transfer/large_matched_control_20260909_v1/b2_layer_sampled
large_matched_control_20260909_v1/b2_layer_sampled:r1:matched_natural_text_long:b4,COMMON_VL_TRANSFER,Real-image operation cost and observer overhead; same-host request interval union,2026-09-09T04:42:08.906657+00:00,2026-09-09T04:42:13.774655+00:00,"4,5,6,7",4.8679986000061035,0.005408887333340115,mechanism_diagnostic,COHORT_TRANSFER_DIAGNOSTIC_UTC_PLACEMENT_APPROX,poc_flashvep/deepep_revalidation/results/scheduling_overlap_successor_mining_20260908_161510/vl_transfer/large_matched_control_20260909_v1/b2_layer_sampled
large_matched_control_20260909_v1/b2_layer_sampled:r1:four_real_charts_long:b1,COMMON_VL_TRANSFER,Real-image operation cost and observer overhead; same-host request interval union,2026-09-09T04:42:13.777645+00:00,2026-09-09T04:42:18.855878+00:00,"4,5,6,7",5.078233480453491,0.0056424816449483235,mechanism_diagnostic,COHORT_TRANSFER_DIAGNOSTIC_UTC_PLACEMENT_APPROX,poc_flashvep/deepep_revalidation/results/scheduling_overlap_successor_mining_20260908_161510/vl_transfer/large_matched_control_20260909_v1/b2_layer_sampled
qwen3_full_warmup_chunks_20260909_v1:b0_greedy:measure0_heterogeneous_bursty,FASTPP,Official PP/DC/ALP/BR independent-restart request-level comparison,2026-09-09T04:52:43.499458+00:00,2026-09-09T04:53:15.118032+00:00,"4,5,6,7",31.618573427200317,0.0351317482524448,measurement,CROSS_CONFIG_CORRECTNESS_PENDING,/home/esjung/MLLM-EP-github/poc_flashvep/deepep_revalidation/results/scheduling_overlap_successor_mining_20260908_161510/fastpp_runs/qwen3_full_warmup_chunks_20260909_v1/b0_greedy/measure0_heterogeneous_bursty.jsonl
qwen3_full_warmup_chunks_20260909_v1:b0_greedy:measure1_heterogeneous_steady,FASTPP,Official PP/DC/ALP/BR independent-restart request-level comparison,2026-09-09T04:53:50.606994+00:00,2026-09-09T04:54:27.152636+00:00,"4,5,6,7",36.545642137527466,0.04060626904169718,measurement,CROSS_CONFIG_CORRECTNESS_PENDING,/home/esjung/MLLM-EP-github/poc_flashvep/deepep_revalidation/results/scheduling_overlap_successor_mining_20260908_161510/fastpp_runs/qwen3_full_warmup_chunks_20260909_v1/b0_greedy/measure1_heterogeneous_steady.jsonl
qwen3_full_warmup_chunks_20260909_v1:b0_alp:measure0_heterogeneous_bursty,FASTPP,Official PP/DC/ALP/BR independent-restart request-level comparison,2026-09-09T04:56:08.762396+00:00,2026-09-09T04:56:42.217390+00:00,"4,5,6,7",33.454994201660156,0.037172215779622396,measurement,CROSS_CONFIG_CORRECTNESS_PENDING,/home/esjung/MLLM-EP-github/poc_flashvep/deepep_revalidation/results/scheduling_overlap_successor_mining_20260908_161510/fastpp_runs/qwen3_full_warmup_chunks_20260909_v1/b0_alp/measure0_heterogeneous_bursty.jsonl
qwen3_full_warmup_chunks_20260909_v1:b0_alp:measure1_heterogeneous_steady,FASTPP,Official PP/DC/ALP/BR independent-restart request-level comparison,2026-09-09T04:57:18.727536+00:00,2026-09-09T04:57:53.929800+00:00,"4,5,6,7",35.202263593673706,0.03911362621519301,measurement,CROSS_CONFIG_CORRECTNESS_PENDING,/home/esjung/MLLM-EP-github/poc_flashvep/deepep_revalidation/results/scheduling_overlap_successor_mining_20260908_161510/fastpp_runs/qwen3_full_warmup_chunks_20260909_v1/b0_alp/measure1_heterogeneous_steady.jsonl
qwen3_full_warmup_chunks_20260909_v1:b0_pp_chunk128:measure0_heterogeneous_bursty,FASTPP,Official PP/DC/ALP/BR independent-restart request-level comparison,2026-09-09T04:59:33.558949+00:00,2026-09-09T05:00:10.383859+00:00,"4,5,6,7",36.82491064071655,0.04091656737857395,measurement,CROSS_CONFIG_CORRECTNESS_PENDING,/home/esjung/MLLM-EP-github/poc_flashvep/deepep_revalidation/results/scheduling_overlap_successor_mining_20260908_161510/fastpp_runs/qwen3_full_warmup_chunks_20260909_v1/b0_pp_chunk128/measure0_heterogeneous_bursty.jsonl
qwen3_full_warmup_chunks_20260909_v1:b0_pp_chunk128:measure1_heterogeneous_steady,FASTPP,Official PP/DC/ALP/BR independent-restart request-level comparison,2026-09-09T05:00:45.759041+00:00,2026-09-09T05:01:20.244308+00:00,"4,5,6,7",34.485267162323,0.03831696351369222,measurement,CROSS_CONFIG_CORRECTNESS_PENDING,/home/esjung/MLLM-EP-github/poc_flashvep/deepep_revalidation/results/scheduling_overlap_successor_mining_20260908_161510/fastpp_runs/qwen3_full_warmup_chunks_20260909_v1/b0_pp_chunk128/measure1_heterogeneous_steady.jsonl
qwen3_full_warmup_chunks_20260909_v1:b1_alp:measure0_heterogeneous_bursty,FASTPP,Official PP/DC/ALP/BR independent-restart request-level comparison,2026-09-09T05:03:02.811224+00:00,2026-09-09T05:03:36.046757+00:00,"4,5,6,7",33.235533475875854,0.03692837052875095,measurement,CROSS_CONFIG_CORRECTNESS_PENDING,/home/esjung/MLLM-EP-github/poc_flashvep/deepep_revalidation/results/scheduling_overlap_successor_mining_20260908_161510/fastpp_runs/qwen3_full_warmup_chunks_20260909_v1/b1_alp/measure0_heterogeneous_bursty.jsonl
qwen3_full_warmup_chunks_20260909_v1:b1_alp:measure1_heterogeneous_steady,FASTPP,Official PP/DC/ALP/BR independent-restart request-level comparison,2026-09-09T05:04:12.162031+00:00,2026-09-09T05:04:47.382869+00:00,"4,5,6,7",35.22083830833435,0.039134264787038166,measurement,CROSS_CONFIG_CORRECTNESS_PENDING,/home/esjung/MLLM-EP-github/poc_flashvep/deepep_revalidation/results/scheduling_overlap_successor_mining_20260908_161510/fastpp_runs/qwen3_full_warmup_chunks_20260909_v1/b1_alp/measure1_heterogeneous_steady.jsonl
qwen3_full_warmup_chunks_20260909_v1:b1_pp_only:measure0_heterogeneous_bursty,FASTPP,Official PP/DC/ALP/BR independent-restart request-level comparison,2026-09-09T05:06:20.760787+00:00,2026-09-09T05:06:51.940578+00:00,"4,5,6,7",31.17979145050049,0.03464421272277832,measurement,CROSS_CONFIG_CORRECTNESS_PENDING,/home/esjung/MLLM-EP-github/poc_flashvep/deepep_revalidation/results/scheduling_overlap_successor_mining_20260908_161510/fastpp_runs/qwen3_full_warmup_chunks_20260909_v1/b1_pp_only/measure0_heterogeneous_bursty.jsonl
qwen3_full_warmup_chunks_20260909_v1:b1_pp_only:measure1_heterogeneous_steady,FASTPP,Official PP/DC/ALP/BR independent-restart request-level comparison,2026-09-09T05:07:26.682041+00:00,2026-09-09T05:08:00.397621+00:00,"4,5,6,7",33.71557974815369,0.037461755275726316,measurement,CROSS_CONFIG_CORRECTNESS_PENDING,/home/esjung/MLLM-EP-github/poc_flashvep/deepep_revalidation/results/scheduling_overlap_successor_mining_20260908_161510/fastpp_runs/qwen3_full_warmup_chunks_20260909_v1/b1_pp_only/measure1_heterogeneous_steady.jsonl
qwen3_full_warmup_chunks_20260909_v1:b1_pp_chunk128:measure0_heterogeneous_bursty,FASTPP,Official PP/DC/ALP/BR independent-restart request-level comparison,2026-09-09T05:09:32.033854+00:00,2026-09-09T05:10:09.895826+00:00,"4,5,6,7",37.86197257041931,0.042068858411577016,measurement,CROSS_CONFIG_CORRECTNESS_PENDING,/home/esjung/MLLM-EP-github/poc_flashvep/deepep_revalidation/results/scheduling_overlap_successor_mining_20260908_161510/fastpp_runs/qwen3_full_warmup_chunks_20260909_v1/b1_pp_chunk128/measure0_heterogeneous_bursty.jsonl
qwen3_full_warmup_chunks_20260909_v1:b1_pp_chunk128:measure1_heterogeneous_steady,FASTPP,Official PP/DC/ALP/BR independent-restart request-level comparison,2026-09-09T05:10:45.640218+00:00,2026-09-09T05:11:20.427872+00:00,"4,5,6,7",34.787654399871826,0.03865294933319092,measurement,CROSS_CONFIG_CORRECTNESS_PENDING,/home/esjung/MLLM-EP-github/poc_flashvep/deepep_revalidation/results/scheduling_overlap_successor_mining_20260908_161510/fastpp_runs/qwen3_full_warmup_chunks_20260909_v1/b1_pp_chunk128/measure1_heterogeneous_steady.jsonl
qwen3_full_warmup_chunks_20260909_v1:b1_pp_chunk512:measure0_heterogeneous_bursty,FASTPP,Official PP/DC/ALP/BR independent-restart request-level comparison,2026-09-09T05:12:51.324062+00:00,2026-09-09T05:13:26.159965+00:00,"4,5,6,7",34.83590316772461,0.038706559075249565,measurement,CROSS_CONFIG_CORRECTNESS_PENDING,/home/esjung/MLLM-EP-github/poc_flashvep/deepep_revalidation/results/scheduling_overlap_successor_mining_20260908_161510/fastpp_runs/qwen3_full_warmup_chunks_20260909_v1/b1_pp_chunk512/measure0_heterogeneous_bursty.jsonl
qwen3_full_warmup_chunks_20260909_v1:b1_pp_chunk512:measure1_heterogeneous_steady,FASTPP,Official PP/DC/ALP/BR independent-restart request-level comparison,2026-09-09T05:14:02.411747+00:00,2026-09-09T05:14:37.458216+00:00,"4,5,6,7",35.04646897315979,0.038940521081288655,measurement,CROSS_CONFIG_CORRECTNESS_PENDING,/home/esjung/MLLM-EP-github/poc_flashvep/deepep_revalidation/results/scheduling_overlap_successor_mining_20260908_161510/fastpp_runs/qwen3_full_warmup_chunks_20260909_v1/b1_pp_chunk512/measure1_heterogeneous_steady.jsonl
qwen3_full_warmup_chunks_20260909_v1:b1_greedy:measure0_heterogeneous_bursty,FASTPP,Official PP/DC/ALP/BR independent-restart request-level comparison,2026-09-09T05:16:08.864125+00:00,2026-09-09T05:16:41.683073+00:00,"4,5,6,7",32.818947315216064,0.03646549701690674,measurement,CROSS_CONFIG_CORRECTNESS_PENDING,/home/esjung/MLLM-EP-github/poc_flashvep/deepep_revalidation/results/scheduling_overlap_successor_mining_20260908_161510/fastpp_runs/qwen3_full_warmup_chunks_20260909_v1/b1_greedy/measure0_heterogeneous_bursty.jsonl
qwen3_full_warmup_chunks_20260909_v1:b1_greedy:measure1_heterogeneous_steady,FASTPP,Official PP/DC/ALP/BR independent-restart request-level comparison,2026-09-09T05:17:23.621039+00:00,2026-09-09T05:18:05.191268+00:00,"4,5,6,7",41.570228576660156,0.04618914286295573,measurement,CROSS_CONFIG_CORRECTNESS_PENDING,/home/esjung/MLLM-EP-github/poc_flashvep/deepep_revalidation/results/scheduling_overlap_successor_mining_20260908_161510/fastpp_runs/qwen3_full_warmup_chunks_20260909_v1/b1_greedy/measure1_heterogeneous_steady.jsonl
qwen3_full_warmup_chunks_20260909_v1:b2_pp_chunk128:measure0_heterogeneous_steady,FASTPP,Official PP/DC/ALP/BR independent-restart request-level comparison,2026-09-09T05:19:36.488664+00:00,2026-09-09T05:20:11.163098+00:00,"4,5,6,7",34.674434185028076,0.03852714909447564,measurement,CROSS_CONFIG_CORRECTNESS_PENDING,/home/esjung/MLLM-EP-github/poc_flashvep/deepep_revalidation/results/scheduling_overlap_successor_mining_20260908_161510/fastpp_runs/qwen3_full_warmup_chunks_20260909_v1/b2_pp_chunk128/measure0_heterogeneous_steady.jsonl
qwen3_full_warmup_chunks_20260909_v1:b2_pp_chunk128:measure1_heterogeneous_bursty,FASTPP,Official PP/DC/ALP/BR independent-restart request-level comparison,2026-09-09T05:20:49.310926+00:00,2026-09-09T05:21:26.388783+00:00,"4,5,6,7",37.07785677909851,0.04119761864344279,measurement,CROSS_CONFIG_CORRECTNESS_PENDING,/home/esjung/MLLM-EP-github/poc_flashvep/deepep_revalidation/results/scheduling_overlap_successor_mining_20260908_161510/fastpp_runs/qwen3_full_warmup_chunks_20260909_v1/b2_pp_chunk128/measure1_heterogeneous_bursty.jsonl
qwen3_full_warmup_chunks_20260909_v1:b2_alp:measure0_heterogeneous_steady,FASTPP,Official PP/DC/ALP/BR independent-restart request-level comparison,2026-09-09T05:23:09.518092+00:00,2026-09-09T05:23:44.923994+00:00,"4,5,6,7",35.40590238571167,0.039339891539679636,measurement,CROSS_CONFIG_CORRECTNESS_PENDING,/home/esjung/MLLM-EP-github/poc_flashvep/deepep_revalidation/results/scheduling_overlap_successor_mining_20260908_161510/fastpp_runs/qwen3_full_warmup_chunks_20260909_v1/b2_alp/measure0_heterogeneous_steady.jsonl
qwen3_full_warmup_chunks_20260909_v1:b2_alp:measure1_heterogeneous_bursty,FASTPP,Official PP/DC/ALP/BR independent-restart request-level comparison,2026-09-09T05:24:25.588665+00:00,2026-09-09T05:25:04.389546+00:00,"4,5,6,7",38.80088138580322,0.04311209042867025,measurement,CROSS_CONFIG_CORRECTNESS_PENDING,/home/esjung/MLLM-EP-github/poc_flashvep/deepep_revalidation/results/scheduling_overlap_successor_mining_20260908_161510/fastpp_runs/qwen3_full_warmup_chunks_20260909_v1/b2_alp/measure1_heterogeneous_bursty.jsonl
qwen3_full_warmup_chunks_20260909_v1:b2_pp_chunk512:measure0_heterogeneous_steady,FASTPP,Official PP/DC/ALP/BR independent-restart request-level comparison,2026-09-09T05:26:43.936301+00:00,2026-09-09T05:27:22.628683+00:00,"4,5,6,7",38.69238209724426,0.04299153566360474,measurement,CROSS_CONFIG_CORRECTNESS_PENDING,/home/esjung/MLLM-EP-github/poc_flashvep/deepep_revalidation/results/scheduling_overlap_successor_mining_20260908_161510/fastpp_runs/qwen3_full_warmup_chunks_20260909_v1/b2_pp_chunk512/measure0_heterogeneous_steady.jsonl
qwen3_full_warmup_chunks_20260909_v1:b2_pp_chunk512:measure1_heterogeneous_bursty,FASTPP,Official PP/DC/ALP/BR independent-restart request-level comparison,2026-09-09T05:28:04.771904+00:00,2026-09-09T05:28:46.008415+00:00,"4,5,6,7",41.23651099205017,0.045818345546722414,measurement,CROSS_CONFIG_CORRECTNESS_PENDING,/home/esjung/MLLM-EP-github/poc_flashvep/deepep_revalidation/results/scheduling_overlap_successor_mining_20260908_161510/fastpp_runs/qwen3_full_warmup_chunks_20260909_v1/b2_pp_chunk512/measure1_heterogeneous_bursty.jsonl
qwen3_full_warmup_chunks_20260909_v1:b2_pp_only:measure0_heterogeneous_steady,FASTPP,Official PP/DC/ALP/BR independent-restart request-level comparison,2026-09-09T05:30:21.731370+00:00,2026-09-09T05:30:55.440179+00:00,"4,5,6,7",33.70880889892578,0.03745423210991754,measurement,CROSS_CONFIG_CORRECTNESS_PENDING,/home/esjung/MLLM-EP-github/poc_flashvep/deepep_revalidation/results/scheduling_overlap_successor_mining_20260908_161510/fastpp_runs/qwen3_full_warmup_chunks_20260909_v1/b2_pp_only/measure0_heterogeneous_steady.jsonl
qwen3_full_warmup_chunks_20260909_v1:b2_pp_only:measure1_heterogeneous_bursty,FASTPP,Official PP/DC/ALP/BR independent-restart request-level comparison,2026-09-09T05:31:27.637583+00:00,2026-09-09T05:31:58.955967+00:00,"4,5,6,7",31.318384170532227,0.0347982046339247,measurement,CROSS_CONFIG_CORRECTNESS_PENDING,/home/esjung/MLLM-EP-github/poc_flashvep/deepep_revalidation/results/scheduling_overlap_successor_mining_20260908_161510/fastpp_runs/qwen3_full_warmup_chunks_20260909_v1/b2_pp_only/measure1_heterogeneous_bursty.jsonl
qwen3_full_warmup_chunks_20260909_v1:b2_greedy:measure0_heterogeneous_steady,FASTPP,Official PP/DC/ALP/BR independent-restart request-level comparison,2026-09-09T05:33:38.279616+00:00,2026-09-09T05:34:12.317014+00:00,"4,5,6,7",34.037397384643555,0.037819330427381725,measurement,CROSS_CONFIG_CORRECTNESS_PENDING,/home/esjung/MLLM-EP-github/poc_flashvep/deepep_revalidation/results/scheduling_overlap_successor_mining_20260908_161510/fastpp_runs/qwen3_full_warmup_chunks_20260909_v1/b2_greedy/measure0_heterogeneous_steady.jsonl
qwen3_full_warmup_chunks_20260909_v1:b2_greedy:measure1_heterogeneous_bursty,FASTPP,Official PP/DC/ALP/BR independent-restart request-level comparison,2026-09-09T05:34:45.288808+00:00,2026-09-09T05:35:18.436187+00:00,"4,5,6,7",33.14737892150879,0.036830421023898656,measurement,CROSS_CONFIG_CORRECTNESS_PENDING,/home/esjung/MLLM-EP-github/poc_flashvep/deepep_revalidation/results/scheduling_overlap_successor_mining_20260908_161510/fastpp_runs/qwen3_full_warmup_chunks_20260909_v1/b2_greedy/measure1_heterogeneous_bursty.jsonl
decode_volume_portfolio_20260909_v1:b0_b4_c128_plan1_graph,NANOFLOW,Native operation-plan regret on actual fixed-cohort request completion,2026-09-09T05:35:43.985467+00:00,2026-09-09T05:35:44.554009+00:00,"4,5,6,7",0.5685427188873291,0.0006317141320970323,measurement,COLLECTED_CORRECTNESS_PENDING,/home/esjung/MLLM-EP-github/poc_flashvep/deepep_revalidation/results/scheduling_overlap_successor_mining_20260908_161510/nanoflow_runs/decode_volume_portfolio_20260909_v1/b0_b4_c128_plan1_graph.json
decode_volume_portfolio_20260909_v1:b0_b64_c128_plan2_graph,NANOFLOW,Native operation-plan regret on actual fixed-cohort request completion,2026-09-09T05:36:06.582463+00:00,2026-09-09T05:36:09.147565+00:00,"4,5,6,7",2.5651028156280518,0.002850114239586724,measurement,COLLECTED_CORRECTNESS_PENDING,/home/esjung/MLLM-EP-github/poc_flashvep/deepep_revalidation/results/scheduling_overlap_successor_mining_20260908_161510/nanoflow_runs/decode_volume_portfolio_20260909_v1/b0_b64_c128_plan2_graph.json
decode_volume_portfolio_20260909_v1:b0_b4_c128_graph,NANOFLOW,Native operation-plan regret on actual fixed-cohort request completion,2026-09-09T05:36:33.947143+00:00,2026-09-09T05:36:34.624942+00:00,"4,5,6,7",0.6777985095977783,0.0007531094551086426,measurement,COLLECTED_CORRECTNESS_PENDING,/home/esjung/MLLM-EP-github/poc_flashvep/deepep_revalidation/results/scheduling_overlap_successor_mining_20260908_161510/nanoflow_runs/decode_volume_portfolio_20260909_v1/b0_b4_c128_graph.json
decode_volume_portfolio_20260909_v1:b0_b64_c128_graph,NANOFLOW,Native operation-plan regret on actual fixed-cohort request completion,2026-09-09T05:36:56.798096+00:00,2026-09-09T05:36:57.580783+00:00,"4,5,6,7",0.7826869487762451,0.000869652165306939,measurement,COLLECTED_CORRECTNESS_PENDING,/home/esjung/MLLM-EP-github/poc_flashvep/deepep_revalidation/results/scheduling_overlap_successor_mining_20260908_161510/nanoflow_runs/decode_volume_portfolio_20260909_v1/b0_b64_c128_graph.json
decode_volume_portfolio_20260909_v1:b0_b256_c32_graph,NANOFLOW,Native operation-plan regret on actual fixed-cohort request completion,2026-09-09T05:37:20.637385+00:00,2026-09-09T05:37:21.599662+00:00,"4,5,6,7",0.9622769355773926,0.0010691965950859917,measurement,COLLECTED_CORRECTNESS_PENDING,/home/esjung/MLLM-EP-github/poc_flashvep/deepep_revalidation/results/scheduling_overlap_successor_mining_20260908_161510/nanoflow_runs/decode_volume_portfolio_20260909_v1/b0_b256_c32_graph.json
decode_volume_portfolio_20260909_v1:b0_b64_c128_plan4_graph,NANOFLOW,Native operation-plan regret on actual fixed-cohort request completion,2026-09-09T05:37:46.749323+00:00,2026-09-09T05:37:50.978267+00:00,"4,5,6,7",4.228944540023804,0.0046988272666931155,measurement,COLLECTED_CORRECTNESS_PENDING,/home/esjung/MLLM-EP-github/poc_flashvep/deepep_revalidation/results/scheduling_overlap_successor_mining_20260908_161510/nanoflow_runs/decode_volume_portfolio_20260909_v1/b0_b64_c128_plan4_graph.json
decode_volume_portfolio_20260909_v1:b0_b256_c32_plan1_graph,NANOFLOW,Native operation-plan regret on actual fixed-cohort request completion,2026-09-09T05:38:14.961121+00:00,2026-09-09T05:38:15.786259+00:00,"4,5,6,7",0.8251380920410156,0.0009168201022677952,measurement,COLLECTED_CORRECTNESS_PENDING,/home/esjung/MLLM-EP-github/poc_flashvep/deepep_revalidation/results/scheduling_overlap_successor_mining_20260908_161510/nanoflow_runs/decode_volume_portfolio_20260909_v1/b0_b256_c32_plan1_graph.json
decode_volume_portfolio_20260909_v1:b0_b256_c32_plan2_graph,NANOFLOW,Native operation-plan regret on actual fixed-cohort request completion,2026-09-09T05:38:37.299217+00:00,2026-09-09T05:38:39.802997+00:00,"4,5,6,7",2.503779888153076,0.0027819776535034178,measurement,COLLECTED_CORRECTNESS_PENDING,/home/esjung/MLLM-EP-github/poc_flashvep/deepep_revalidation/results/scheduling_overlap_successor_mining_20260908_161510/nanoflow_runs/decode_volume_portfolio_20260909_v1/b0_b256_c32_plan2_graph.json
decode_volume_portfolio_20260909_v1:b0_b4_c128_plan2_graph,NANOFLOW,Native operation-plan regret on actual fixed-cohort request completion,2026-09-09T05:39:04.054565+00:00,2026-09-09T05:39:06.154613+00:00,"4,5,6,7",2.1000473499298096,0.002333385944366455,measurement,COLLECTED_CORRECTNESS_PENDING,/home/esjung/MLLM-EP-github/poc_flashvep/deepep_revalidation/results/scheduling_overlap_successor_mining_20260908_161510/nanoflow_runs/decode_volume_portfolio_20260909_v1/b0_b4_c128_plan2_graph.json
decode_volume_portfolio_20260909_v1:b0_b64_c128_plan1_graph,NANOFLOW,Native operation-plan regret on actual fixed-cohort request completion,2026-09-09T05:39:30.524462+00:00,2026-09-09T05:39:31.234064+00:00,"4,5,6,7",0.7096021175384521,0.0007884467972649468,measurement,COLLECTED_CORRECTNESS_PENDING,/home/esjung/MLLM-EP-github/poc_flashvep/deepep_revalidation/results/scheduling_overlap_successor_mining_20260908_161510/nanoflow_runs/decode_volume_portfolio_20260909_v1/b0_b64_c128_plan1_graph.json
decode_volume_portfolio_20260909_v1:b0_b256_c32_plan4_graph,NANOFLOW,Native operation-plan regret on actual fixed-cohort request completion,2026-09-09T05:39:55.867844+00:00,2026-09-09T05:40:00.498315+00:00,"4,5,6,7",4.630471467971802,0.005144968297746446,measurement,COLLECTED_CORRECTNESS_PENDING,/home/esjung/MLLM-EP-github/poc_flashvep/deepep_revalidation/results/scheduling_overlap_successor_mining_20260908_161510/nanoflow_runs/decode_volume_portfolio_20260909_v1/b0_b256_c32_plan4_graph.json
decode_volume_portfolio_20260909_v1:b0_b4_c128_plan4_graph,NANOFLOW,Native operation-plan regret on actual fixed-cohort request completion,2026-09-09T05:40:23.688614+00:00,2026-09-09T05:40:27.566223+00:00,"4,5,6,7",3.8776090145111084,0.004308454460567898,measurement,COLLECTED_CORRECTNESS_PENDING,/home/esjung/MLLM-EP-github/poc_flashvep/deepep_revalidation/results/scheduling_overlap_successor_mining_20260908_161510/nanoflow_runs/decode_volume_portfolio_20260909_v1/b0_b4_c128_plan4_graph.json
decode_volume_portfolio_20260909_v1:b1_b4_c128_graph,NANOFLOW,Native operation-plan regret on actual fixed-cohort request completion,2026-09-09T05:40:51.619390+00:00,2026-09-09T05:40:52.255347+00:00,"4,5,6,7",0.6359579563140869,0.0007066199514600966,measurement,COLLECTED_CORRECTNESS_PENDING,/home/esjung/MLLM-EP-github/poc_flashvep/deepep_revalidation/results/scheduling_overlap_successor_mining_20260908_161510/nanoflow_runs/decode_volume_portfolio_20260909_v1/b1_b4_c128_graph.json
decode_volume_portfolio_20260909_v1:b1_b4_c128_plan2_graph,NANOFLOW,Native operation-plan regret on actual fixed-cohort request completion,2026-09-09T05:41:15.555537+00:00,2026-09-09T05:41:17.861804+00:00,"4,5,6,7",2.306267738342285,0.0025625197092692055,measurement,COLLECTED_CORRECTNESS_PENDING,/home/esjung/MLLM-EP-github/poc_flashvep/deepep_revalidation/results/scheduling_overlap_successor_mining_20260908_161510/nanoflow_runs/decode_volume_portfolio_20260909_v1/b1_b4_c128_plan2_graph.json
decode_volume_portfolio_20260909_v1:b1_b256_c32_plan4_graph,NANOFLOW,Native operation-plan regret on actual fixed-cohort request completion,2026-09-09T05:41:43.052351+00:00,2026-09-09T05:41:47.884603+00:00,"4,5,6,7",4.832251310348511,0.005369168122609456,measurement,COLLECTED_CORRECTNESS_PENDING,/home/esjung/MLLM-EP-github/poc_flashvep/deepep_revalidation/results/scheduling_overlap_successor_mining_20260908_161510/nanoflow_runs/decode_volume_portfolio_20260909_v1/b1_b256_c32_plan4_graph.json
decode_volume_portfolio_20260909_v1:b1_b64_c128_plan1_graph,NANOFLOW,Native operation-plan regret on actual fixed-cohort request completion,2026-09-09T05:42:14.130913+00:00,2026-09-09T05:42:14.812901+00:00,"4,5,6,7",0.681988000869751,0.0007577644454108344,measurement,COLLECTED_CORRECTNESS_PENDING,/home/esjung/MLLM-EP-github/poc_flashvep/deepep_revalidation/results/scheduling_overlap_successor_mining_20260908_161510/nanoflow_runs/decode_volume_portfolio_20260909_v1/b1_b64_c128_plan1_graph.json
decode_volume_portfolio_20260909_v1:b1_b256_c32_plan2_graph,NANOFLOW,Native operation-plan regret on actual fixed-cohort request completion,2026-09-09T05:42:39.068953+00:00,2026-09-09T05:42:41.522423+00:00,"4,5,6,7",2.45346999168396,0.0027260777685377334,measurement,COLLECTED_CORRECTNESS_PENDING,/home/esjung/MLLM-EP-github/poc_flashvep/deepep_revalidation/results/scheduling_overlap_successor_mining_20260908_161510/nanoflow_runs/decode_volume_portfolio_20260909_v1/b1_b256_c32_plan2_graph.json
decode_volume_portfolio_20260909_v1:b1_b64_c128_graph,NANOFLOW,Native operation-plan regret on actual fixed-cohort request completion,2026-09-09T05:43:04.667313+00:00,2026-09-09T05:43:05.479793+00:00,"4,5,6,7",0.8124799728393555,0.0009027555253770616,measurement,COLLECTED_CORRECTNESS_PENDING,/home/esjung/MLLM-EP-github/poc_flashvep/deepep_revalidation/results/scheduling_overlap_successor_mining_20260908_161510/nanoflow_runs/decode_volume_portfolio_20260909_v1/b1_b64_c128_graph.json
decode_volume_portfolio_20260909_v1:b1_b256_c32_plan1_graph,NANOFLOW,Native operation-plan regret on actual fixed-cohort request completion,2026-09-09T05:43:28.356258+00:00,2026-09-09T05:43:29.197455+00:00,"4,5,6,7",0.8411967754364014,0.0009346630838182237,measurement,COLLECTED_CORRECTNESS_PENDING,/home/esjung/MLLM-EP-github/poc_flashvep/deepep_revalidation/results/scheduling_overlap_successor_mining_20260908_161510/nanoflow_runs/decode_volume_portfolio_20260909_v1/b1_b256_c32_plan1_graph.json
decode_volume_portfolio_20260909_v1:b1_b64_c128_plan2_graph,NANOFLOW,Native operation-plan regret on actual fixed-cohort request completion,2026-09-09T05:43:52.463750+00:00,2026-09-09T05:43:54.694860+00:00,"4,5,6,7",2.2311105728149414,0.002479011747572157,measurement,COLLECTED_CORRECTNESS_PENDING,/home/esjung/MLLM-EP-github/poc_flashvep/deepep_revalidation/results/scheduling_overlap_successor_mining_20260908_161510/nanoflow_runs/decode_volume_portfolio_20260909_v1/b1_b64_c128_plan2_graph.json
decode_volume_portfolio_20260909_v1:b1_b4_c128_plan4_graph,NANOFLOW,Native operation-plan regret on actual fixed-cohort request completion,2026-09-09T05:44:17.329284+00:00,2026-09-09T05:44:21.388973+00:00,"4,5,6,7",4.0596888065338135,0.004510765340593126,measurement,COLLECTED_CORRECTNESS_PENDING,/home/esjung/MLLM-EP-github/poc_flashvep/deepep_revalidation/results/scheduling_overlap_successor_mining_20260908_161510/nanoflow_runs/decode_volume_portfolio_20260909_v1/b1_b4_c128_plan4_graph.json
decode_volume_portfolio_20260909_v1:b1_b256_c32_graph,NANOFLOW,Native operation-plan regret on actual fixed-cohort request completion,2026-09-09T05:44:44.460812+00:00,2026-09-09T05:44:45.401237+00:00,"4,5,6,7",0.9404246807098389,0.001044916311899821,measurement,COLLECTED_CORRECTNESS_PENDING,/home/esjung/MLLM-EP-github/poc_flashvep/deepep_revalidation/results/scheduling_overlap_successor_mining_20260908_161510/nanoflow_runs/decode_volume_portfolio_20260909_v1/b1_b256_c32_graph.json
decode_volume_portfolio_20260909_v1:b1_b4_c128_plan1_graph,NANOFLOW,Native operation-plan regret on actual fixed-cohort request completion,2026-09-09T05:45:07.479212+00:00,2026-09-09T05:45:08.039845+00:00,"4,5,6,7",0.5606334209442139,0.0006229260232713487,measurement,COLLECTED_CORRECTNESS_PENDING,/home/esjung/MLLM-EP-github/poc_flashvep/deepep_revalidation/results/scheduling_overlap_successor_mining_20260908_161510/nanoflow_runs/decode_volume_portfolio_20260909_v1/b1_b4_c128_plan1_graph.json
decode_volume_portfolio_20260909_v1:b1_b64_c128_plan4_graph,NANOFLOW,Native operation-plan regret on actual fixed-cohort request completion,2026-09-09T05:45:29.306515+00:00,2026-09-09T05:45:33.244325+00:00,"4,5,6,7",3.937809467315674,0.004375343852572971,measurement,COLLECTED_CORRECTNESS_PENDING,/home/esjung/MLLM-EP-github/poc_flashvep/deepep_revalidation/results/scheduling_overlap_successor_mining_20260908_161510/nanoflow_runs/decode_volume_portfolio_20260909_v1/b1_b64_c128_plan4_graph.json
decode_volume_portfolio_20260909_v1:b2_b256_c32_plan4_graph,NANOFLOW,Native operation-plan regret on actual fixed-cohort request completion,2026-09-09T05:45:57.917608+00:00,2026-09-09T05:46:02.160299+00:00,"4,5,6,7",4.242690324783325,0.004714100360870361,measurement,COLLECTED_CORRECTNESS_PENDING,/home/esjung/MLLM-EP-github/poc_flashvep/deepep_revalidation/results/scheduling_overlap_successor_mining_20260908_161510/nanoflow_runs/decode_volume_portfolio_20260909_v1/b2_b256_c32_plan4_graph.json
decode_volume_portfolio_20260909_v1:b2_b256_c32_plan1_graph,NANOFLOW,Native operation-plan regret on actual fixed-cohort request completion,2026-09-09T05:46:26.086838+00:00,2026-09-09T05:46:26.915381+00:00,"4,5,6,7",0.828542947769165,0.0009206032752990723,measurement,COLLECTED_CORRECTNESS_PENDING,/home/esjung/MLLM-EP-github/poc_flashvep/deepep_revalidation/results/scheduling_overlap_successor_mining_20260908_161510/nanoflow_runs/decode_volume_portfolio_20260909_v1/b2_b256_c32_plan1_graph.json
decode_volume_portfolio_20260909_v1:b2_b64_c128_plan4_graph,NANOFLOW,Native operation-plan regret on actual fixed-cohort request completion,2026-09-09T05:46:50.211551+00:00,2026-09-09T05:46:54.253991+00:00,"4,5,6,7",4.042439699172974,0.004491599665747748,measurement,COLLECTED_CORRECTNESS_PENDING,/home/esjung/MLLM-EP-github/poc_flashvep/deepep_revalidation/results/scheduling_overlap_successor_mining_20260908_161510/nanoflow_runs/decode_volume_portfolio_20260909_v1/b2_b64_c128_plan4_graph.json
decode_volume_portfolio_20260909_v1:b2_b4_c128_plan4_graph,NANOFLOW,Native operation-plan regret on actual fixed-cohort request completion,2026-09-09T05:47:16.219024+00:00,2026-09-09T05:47:20.191568+00:00,"4,5,6,7",3.9725444316864014,0.004413938257429335,measurement,COLLECTED_CORRECTNESS_PENDING,/home/esjung/MLLM-EP-github/poc_flashvep/deepep_revalidation/results/scheduling_overlap_successor_mining_20260908_161510/nanoflow_runs/decode_volume_portfolio_20260909_v1/b2_b4_c128_plan4_graph.json
decode_volume_portfolio_20260909_v1:b2_b4_c128_plan2_graph,NANOFLOW,Native operation-plan regret on actual fixed-cohort request completion,2026-09-09T05:47:43.893747+00:00,2026-09-09T05:47:45.993376+00:00,"4,5,6,7",2.099628448486328,0.0023329204983181424,measurement,COLLECTED_CORRECTNESS_PENDING,/home/esjung/MLLM-EP-github/poc_flashvep/deepep_revalidation/results/scheduling_overlap_successor_mining_20260908_161510/nanoflow_runs/decode_volume_portfolio_20260909_v1/b2_b4_c128_plan2_graph.json
decode_volume_portfolio_20260909_v1:b2_b256_c32_graph,NANOFLOW,Native operation-plan regret on actual fixed-cohort request completion,2026-09-09T05:48:09.700566+00:00,2026-09-09T05:48:10.632152+00:00,"4,5,6,7",0.9315857887268066,0.001035095320807563,measurement,COLLECTED_CORRECTNESS_PENDING,/home/esjung/MLLM-EP-github/poc_flashvep/deepep_revalidation/results/scheduling_overlap_successor_mining_20260908_161510/nanoflow_runs/decode_volume_portfolio_20260909_v1/b2_b256_c32_graph.json
decode_volume_portfolio_20260909_v1:b2_b64_c128_plan1_graph,NANOFLOW,Native operation-plan regret on actual fixed-cohort request completion,2026-09-09T05:48:33.972785+00:00,2026-09-09T05:48:34.667197+00:00,"4,5,6,7",0.6944117546081543,0.0007715686162312825,measurement,COLLECTED_CORRECTNESS_PENDING,/home/esjung/MLLM-EP-github/poc_flashvep/deepep_revalidation/results/scheduling_overlap_successor_mining_20260908_161510/nanoflow_runs/decode_volume_portfolio_20260909_v1/b2_b64_c128_plan1_graph.json
decode_volume_portfolio_20260909_v1:b2_b256_c32_plan2_graph,NANOFLOW,Native operation-plan regret on actual fixed-cohort request completion,2026-09-09T05:48:57.577003+00:00,2026-09-09T05:49:00.798132+00:00,"4,5,6,7",3.2211289405822754,0.003579032156202528,measurement,COLLECTED_CORRECTNESS_PENDING,/home/esjung/MLLM-EP-github/poc_flashvep/deepep_revalidation/results/scheduling_overlap_successor_mining_20260908_161510/nanoflow_runs/decode_volume_portfolio_20260909_v1/b2_b256_c32_plan2_graph.json
decode_volume_portfolio_20260909_v1:b2_b4_c128_graph,NANOFLOW,Native operation-plan regret on actual fixed-cohort request completion,2026-09-09T05:49:23.721683+00:00,2026-09-09T05:49:24.385983+00:00,"4,5,6,7",0.6643006801605225,0.000738111866845025,measurement,COLLECTED_CORRECTNESS_PENDING,/home/esjung/MLLM-EP-github/poc_flashvep/deepep_revalidation/results/scheduling_overlap_successor_mining_20260908_161510/nanoflow_runs/decode_volume_portfolio_20260909_v1/b2_b4_c128_graph.json
decode_volume_portfolio_20260909_v1:b2_b4_c128_plan1_graph,NANOFLOW,Native operation-plan regret on actual fixed-cohort request completion,2026-09-09T05:49:47.776073+00:00,2026-09-09T05:49:48.314408+00:00,"4,5,6,7",0.5383355617523193,0.0005981506241692437,measurement,COLLECTED_CORRECTNESS_PENDING,/home/esjung/MLLM-EP-github/poc_flashvep/deepep_revalidation/results/scheduling_overlap_successor_mining_20260908_161510/nanoflow_runs/decode_volume_portfolio_20260909_v1/b2_b4_c128_plan1_graph.json
decode_volume_portfolio_20260909_v1:b2_b64_c128_plan2_graph,NANOFLOW,Native operation-plan regret on actual fixed-cohort request completion,2026-09-09T05:50:10.310545+00:00,2026-09-09T05:50:12.562827+00:00,"4,5,6,7",2.25228214263916,0.002502535714043511,measurement,COLLECTED_CORRECTNESS_PENDING,/home/esjung/MLLM-EP-github/poc_flashvep/deepep_revalidation/results/scheduling_overlap_successor_mining_20260908_161510/nanoflow_runs/decode_volume_portfolio_20260909_v1/b2_b64_c128_plan2_graph.json
decode_volume_portfolio_20260909_v1:b2_b64_c128_graph,NANOFLOW,Native operation-plan regret on actual fixed-cohort request completion,2026-09-09T05:50:34.502240+00:00,2026-09-09T05:50:35.278161+00:00,"4,5,6,7",0.7759206295013428,0.0008621340327792697,measurement,COLLECTED_CORRECTNESS_PENDING,/home/esjung/MLLM-EP-github/poc_flashvep/deepep_revalidation/results/scheduling_overlap_successor_mining_20260908_161510/nanoflow_runs/decode_volume_portfolio_20260909_v1/b2_b64_c128_graph.json
long_decode_amortization_20260909_v1:b0_b64_c128_plan1_graph,NANOFLOW,Native operation-plan regret on actual fixed-cohort request completion,2026-09-09T05:50:57.701288+00:00,2026-09-09T05:50:59.212514+00:00,"4,5,6,7",1.511225938796997,0.0016791399319966635,measurement,COLLECTED_CORRECTNESS_PENDING,/home/esjung/MLLM-EP-github/poc_flashvep/deepep_revalidation/results/scheduling_overlap_successor_mining_20260908_161510/nanoflow_runs/long_decode_amortization_20260909_v1/b0_b64_c128_plan1_graph.json
long_decode_amortization_20260909_v1:b0_b64_c128_graph,NANOFLOW,Native operation-plan regret on actual fixed-cohort request completion,2026-09-09T05:51:22.496602+00:00,2026-09-09T05:51:24.128385+00:00,"4,5,6,7",1.6317830085754395,0.0018130922317504882,measurement,COLLECTED_CORRECTNESS_PENDING,/home/esjung/MLLM-EP-github/poc_flashvep/deepep_revalidation/results/scheduling_overlap_successor_mining_20260908_161510/nanoflow_runs/long_decode_amortization_20260909_v1/b0_b64_c128_graph.json
long_decode_amortization_20260909_v1:b0_b4_c128_graph,NANOFLOW,Native operation-plan regret on actual fixed-cohort request completion,2026-09-09T05:51:44.953561+00:00,2026-09-09T05:51:46.107272+00:00,"4,5,6,7",1.1537106037139893,0.0012819006707933214,measurement,COLLECTED_CORRECTNESS_PENDING,/home/esjung/MLLM-EP-github/poc_flashvep/deepep_revalidation/results/scheduling_overlap_successor_mining_20260908_161510/nanoflow_runs/long_decode_amortization_20260909_v1/b0_b4_c128_graph.json
long_decode_amortization_20260909_v1:b0_b4_c128_plan2_graph,NANOFLOW,Native operation-plan regret on actual fixed-cohort request completion,2026-09-09T05:52:07.330774+00:00,2026-09-09T05:52:10.320836+00:00,"4,5,6,7",2.9900619983673096,0.0033222911092970105,measurement,COLLECTED_CORRECTNESS_PENDING,/home/esjung/MLLM-EP-github/poc_flashvep/deepep_revalidation/results/scheduling_overlap_successor_mining_20260908_161510/nanoflow_runs/long_decode_amortization_20260909_v1/b0_b4_c128_plan2_graph.json
long_decode_amortization_20260909_v1:b0_b64_c128_plan2_graph,NANOFLOW,Native operation-plan regret on actual fixed-cohort request completion,2026-09-09T05:52:34.621115+00:00,2026-09-09T05:52:38.209617+00:00,"4,5,6,7",3.5885016918182373,0.003987224102020264,measurement,COLLECTED_CORRECTNESS_PENDING,/home/esjung/MLLM-EP-github/poc_flashvep/deepep_revalidation/results/scheduling_overlap_successor_mining_20260908_161510/nanoflow_runs/long_decode_amortization_20260909_v1/b0_b64_c128_plan2_graph.json
long_decode_amortization_20260909_v1:b0_b4_c128_plan1_graph,NANOFLOW,Native operation-plan regret on actual fixed-cohort request completion,2026-09-09T05:53:00.816447+00:00,2026-09-09T05:53:01.869612+00:00,"4,5,6,7",1.0531659126281738,0.0011701843473646376,measurement,COLLECTED_CORRECTNESS_PENDING,/home/esjung/MLLM-EP-github/poc_flashvep/deepep_revalidation/results/scheduling_overlap_successor_mining_20260908_161510/nanoflow_runs/long_decode_amortization_20260909_v1/b0_b4_c128_plan1_graph.json
long_decode_amortization_20260909_v1:b1_b64_c128_plan1_graph,NANOFLOW,Native operation-plan regret on actual fixed-cohort request completion,2026-09-09T05:53:24.989720+00:00,2026-09-09T05:53:26.538204+00:00,"4,5,6,7",1.5484843254089355,0.0017205381393432617,measurement,COLLECTED_CORRECTNESS_PENDING,/home/esjung/MLLM-EP-github/poc_flashvep/deepep_revalidation/results/scheduling_overlap_successor_mining_20260908_161510/nanoflow_runs/long_decode_amortization_20260909_v1/b1_b64_c128_plan1_graph.json
long_decode_amortization_20260909_v1:b1_b4_c128_graph,NANOFLOW,Native operation-plan regret on actual fixed-cohort request completion,2026-09-09T05:53:48.442417+00:00,2026-09-09T05:53:49.629814+00:00,"4,5,6,7",1.1873970031738281,0.0013193300035264756,measurement,COLLECTED_CORRECTNESS_PENDING,/home/esjung/MLLM-EP-github/poc_flashvep/deepep_revalidation/results/scheduling_overlap_successor_mining_20260908_161510/nanoflow_runs/long_decode_amortization_20260909_v1/b1_b4_c128_graph.json
long_decode_amortization_20260909_v1:b1_b4_c128_plan1_graph,NANOFLOW,Native operation-plan regret on actual fixed-cohort request completion,2026-09-09T05:54:09.869374+00:00,2026-09-09T05:54:10.929149+00:00,"4,5,6,7",1.0597748756408691,0.0011775276396009658,measurement,COLLECTED_CORRECTNESS_PENDING,/home/esjung/MLLM-EP-github/poc_flashvep/deepep_revalidation/results/scheduling_overlap_successor_mining_20260908_161510/nanoflow_runs/long_decode_amortization_20260909_v1/b1_b4_c128_plan1_graph.json
long_decode_amortization_20260909_v1:b1_b4_c128_plan2_graph,NANOFLOW,Native operation-plan regret on actual fixed-cohort request completion,2026-09-09T05:54:31.604251+00:00,2026-09-09T05:54:34.507055+00:00,"4,5,6,7",2.902804136276245,0.003225337929195828,measurement,COLLECTED_CORRECTNESS_PENDING,/home/esjung/MLLM-EP-github/poc_flashvep/deepep_revalidation/results/scheduling_overlap_successor_mining_20260908_161510/nanoflow_runs/long_decode_amortization_20260909_v1/b1_b4_c128_plan2_graph.json
long_decode_amortization_20260909_v1:b1_b64_c128_graph,NANOFLOW,Native operation-plan regret on actual fixed-cohort request completion,2026-09-09T05:54:58.293391+00:00,2026-09-09T05:54:59.907191+00:00,"4,5,6,7",1.6138005256652832,0.001793111695183648,measurement,COLLECTED_CORRECTNESS_PENDING,/home/esjung/MLLM-EP-github/poc_flashvep/deepep_revalidation/results/scheduling_overlap_successor_mining_20260908_161510/nanoflow_runs/long_decode_amortization_20260909_v1/b1_b64_c128_graph.json
long_decode_amortization_20260909_v1:b1_b64_c128_plan2_graph,NANOFLOW,Native operation-plan regret on actual fixed-cohort request completion,2026-09-09T05:55:22.545093+00:00,2026-09-09T05:55:26.285753+00:00,"4,5,6,7",3.7406599521636963,0.00415628883573744,measurement,COLLECTED_CORRECTNESS_PENDING,/home/esjung/MLLM-EP-github/poc_flashvep/deepep_revalidation/results/scheduling_overlap_successor_mining_20260908_161510/nanoflow_runs/long_decode_amortization_20260909_v1/b1_b64_c128_plan2_graph.json
long_decode_amortization_20260909_v1:b2_b64_c128_plan2_graph,NANOFLOW,Native operation-plan regret on actual fixed-cohort request completion,2026-09-09T05:55:49.982851+00:00,2026-09-09T05:55:53.434515+00:00,"4,5,6,7",3.4516642093658447,0.0038351824548509385,measurement,COLLECTED_CORRECTNESS_PENDING,/home/esjung/MLLM-EP-github/poc_flashvep/deepep_revalidation/results/scheduling_overlap_successor_mining_20260908_161510/nanoflow_runs/long_decode_amortization_20260909_v1/b2_b64_c128_plan2_graph.json
long_decode_amortization_20260909_v1:b2_b64_c128_plan1_graph,NANOFLOW,Native operation-plan regret on actual fixed-cohort request completion,2026-09-09T05:56:17.345115+00:00,2026-09-09T05:56:18.887265+00:00,"4,5,6,7",1.5421504974365234,0.0017135005527072482,measurement,COLLECTED_CORRECTNESS_PENDING,/home/esjung/MLLM-EP-github/poc_flashvep/deepep_revalidation/results/scheduling_overlap_successor_mining_20260908_161510/nanoflow_runs/long_decode_amortization_20260909_v1/b2_b64_c128_plan1_graph.json
long_decode_amortization_20260909_v1:b2_b4_c128_plan2_graph,NANOFLOW,Native operation-plan regret on actual fixed-cohort request completion,2026-09-09T05:56:39.445516+00:00,2026-09-09T05:56:42.377868+00:00,"4,5,6,7",2.9323525428771973,0.003258169492085775,measurement,COLLECTED_CORRECTNESS_PENDING,/home/esjung/MLLM-EP-github/poc_flashvep/deepep_revalidation/results/scheduling_overlap_successor_mining_20260908_161510/nanoflow_runs/long_decode_amortization_20260909_v1/b2_b4_c128_plan2_graph.json
long_decode_amortization_20260909_v1:b2_b4_c128_graph,NANOFLOW,Native operation-plan regret on actual fixed-cohort request completion,2026-09-09T05:57:04.903002+00:00,2026-09-09T05:57:06.048428+00:00,"4,5,6,7",1.1454262733459473,0.0012726958592732748,measurement,COLLECTED_CORRECTNESS_PENDING,/home/esjung/MLLM-EP-github/poc_flashvep/deepep_revalidation/results/scheduling_overlap_successor_mining_20260908_161510/nanoflow_runs/long_decode_amortization_20260909_v1/b2_b4_c128_graph.json
long_decode_amortization_20260909_v1:b2_b64_c128_graph,NANOFLOW,Native operation-plan regret on actual fixed-cohort request completion,2026-09-09T05:57:29.915016+00:00,2026-09-09T05:57:31.504318+00:00,"4,5,6,7",1.5893025398254395,0.001765891710917155,measurement,COLLECTED_CORRECTNESS_PENDING,/home/esjung/MLLM-EP-github/poc_flashvep/deepep_revalidation/results/scheduling_overlap_successor_mining_20260908_161510/nanoflow_runs/long_decode_amortization_20260909_v1/b2_b64_c128_graph.json
long_decode_amortization_20260909_v1:b2_b4_c128_plan1_graph,NANOFLOW,Native operation-plan regret on actual fixed-cohort request completion,2026-09-09T05:57:53.163368+00:00,2026-09-09T05:57:54.220030+00:00,"4,5,6,7",1.05666184425354,0.0011740687158372667,measurement,COLLECTED_CORRECTNESS_PENDING,/home/esjung/MLLM-EP-github/poc_flashvep/deepep_revalidation/results/scheduling_overlap_successor_mining_20260908_161510/nanoflow_runs/long_decode_amortization_20260909_v1/b2_b4_c128_plan1_graph.json
