case_id,task,phase,scope,total_rows,active_experts,inactive_experts,geometry,mean_m_e,min_m_e,max_m_e,m_e_cv,operation,repetition,latency_ms
case_000_real,gsm8k,early,real_route_replay,1606,50,14,real,32.12,1,145,1.0628919014118656,gate_up_full64_prebuilt,0,0.34646400809288025
case_000_real,gsm8k,early,real_route_replay,1606,50,14,real,32.12,1,145,1.0628919014118656,gate_up_full64_prebuilt,1,0.34703999757766724
case_000_real,gsm8k,early,real_route_replay,1606,50,14,real,32.12,1,145,1.0628919014118656,gate_up_full64_prebuilt,2,0.34038400650024414
case_000_real,gsm8k,early,real_route_replay,1606,50,14,real,32.12,1,145,1.0628919014118656,gate_up_full64_prebuilt,3,0.3383359909057617
case_000_real,gsm8k,early,real_route_replay,1606,50,14,real,32.12,1,145,1.0628919014118656,gate_up_full64_prebuilt,4,0.3401600122451782
case_000_real,gsm8k,early,real_route_replay,1606,50,14,real,32.12,1,145,1.0628919014118656,gate_up_full64_prebuilt,5,0.33590400218963623
case_000_real,gsm8k,early,real_route_replay,1606,50,14,real,32.12,1,145,1.0628919014118656,gate_up_full64_prebuilt,6,0.3380799889564514
case_000_real,gsm8k,early,real_route_replay,1606,50,14,real,32.12,1,145,1.0628919014118656,gate_up_full64_prebuilt,7,0.34963199496269226
case_000_real,gsm8k,early,real_route_replay,1606,50,14,real,32.12,1,145,1.0628919014118656,gate_up_full64_prebuilt,8,0.3429119884967804
case_000_real,gsm8k,early,real_route_replay,1606,50,14,real,32.12,1,145,1.0628919014118656,gate_up_full64_prebuilt,9,0.343968003988266
case_000_real,gsm8k,early,real_route_replay,1606,50,14,real,32.12,1,145,1.0628919014118656,gate_up_full64_prebuilt,10,0.3505280017852783
case_000_real,gsm8k,early,real_route_replay,1606,50,14,real,32.12,1,145,1.0628919014118656,gate_up_full64_prebuilt,11,0.34825599193573
case_000_real,gsm8k,early,real_route_replay,1606,50,14,real,32.12,1,145,1.0628919014118656,gate_up_full64_prebuilt,12,0.3375680148601532
case_000_real,gsm8k,early,real_route_replay,1606,50,14,real,32.12,1,145,1.0628919014118656,gate_up_full64_prebuilt,13,0.34038400650024414
case_000_real,gsm8k,early,real_route_replay,1606,50,14,real,32.12,1,145,1.0628919014118656,gate_up_full64_prebuilt,14,0.3352639973163605
case_000_real,gsm8k,early,real_route_replay,1606,50,14,real,32.12,1,145,1.0628919014118656,gate_up_full64_prebuilt,15,0.33792001008987427
case_000_real,gsm8k,early,real_route_replay,1606,50,14,real,32.12,1,145,1.0628919014118656,gate_up_full64_prebuilt,16,0.33606401085853577
case_000_real,gsm8k,early,real_route_replay,1606,50,14,real,32.12,1,145,1.0628919014118656,gate_up_full64_prebuilt,17,0.33692800998687744
case_000_real,gsm8k,early,real_route_replay,1606,50,14,real,32.12,1,145,1.0628919014118656,gate_up_full64_prebuilt,18,0.33952000737190247
case_000_real,gsm8k,early,real_route_replay,1606,50,14,real,32.12,1,145,1.0628919014118656,gate_up_full64_prebuilt,19,0.3370560109615326
case_000_real,gsm8k,early,real_route_replay,1606,50,14,real,32.12,1,145,1.0628919014118656,gate_up_full64_prebuilt,20,0.33401599526405334
case_000_real,gsm8k,early,real_route_replay,1606,50,14,real,32.12,1,145,1.0628919014118656,gate_up_full64_prebuilt,21,0.3368319869041443
case_000_real,gsm8k,early,real_route_replay,1606,50,14,real,32.12,1,145,1.0628919014118656,gate_up_full64_prebuilt,22,0.33532801270484924
case_000_real,gsm8k,early,real_route_replay,1606,50,14,real,32.12,1,145,1.0628919014118656,gate_up_full64_prebuilt,23,0.3401919901371002
case_000_real,gsm8k,early,real_route_replay,1606,50,14,real,32.12,1,145,1.0628919014118656,gate_up_full64_prebuilt,24,0.33776000142097473
case_000_real,gsm8k,early,real_route_replay,1606,50,14,real,32.12,1,145,1.0628919014118656,gate_up_full64_prebuilt,25,0.3413119912147522
case_000_real,gsm8k,early,real_route_replay,1606,50,14,real,32.12,1,145,1.0628919014118656,gate_up_full64_prebuilt,26,0.3407360017299652
case_000_real,gsm8k,early,real_route_replay,1606,50,14,real,32.12,1,145,1.0628919014118656,gate_up_full64_prebuilt,27,0.34703999757766724
case_000_real,gsm8k,early,real_route_replay,1606,50,14,real,32.12,1,145,1.0628919014118656,gate_up_full64_prebuilt,28,0.3394240140914917
case_000_real,gsm8k,early,real_route_replay,1606,50,14,real,32.12,1,145,1.0628919014118656,gate_up_full64_prebuilt,29,0.3394559919834137
case_000_real,gsm8k,early,real_route_replay,1606,50,14,real,32.12,1,145,1.0628919014118656,gate_up_full64_prebuilt,30,0.33750399947166443
case_000_real,gsm8k,early,real_route_replay,1606,50,14,real,32.12,1,145,1.0628919014118656,gate_up_full64_prebuilt,31,0.33980798721313477
case_000_real,gsm8k,early,real_route_replay,1606,50,14,real,32.12,1,145,1.0628919014118656,gate_up_full64_prebuilt,32,0.3378880023956299
case_000_real,gsm8k,early,real_route_replay,1606,50,14,real,32.12,1,145,1.0628919014118656,gate_up_full64_prebuilt,33,0.3343360126018524
case_000_real,gsm8k,early,real_route_replay,1606,50,14,real,32.12,1,145,1.0628919014118656,gate_up_full64_prebuilt,34,0.3369919955730438
case_000_real,gsm8k,early,real_route_replay,1606,50,14,real,32.12,1,145,1.0628919014118656,gate_up_full64_prebuilt,35,0.3441599905490875
case_000_real,gsm8k,early,real_route_replay,1606,50,14,real,32.12,1,145,1.0628919014118656,gate_up_full64_prebuilt,36,0.33977600932121277
case_000_real,gsm8k,early,real_route_replay,1606,50,14,real,32.12,1,145,1.0628919014118656,gate_up_full64_prebuilt,37,0.33977600932121277
case_000_real,gsm8k,early,real_route_replay,1606,50,14,real,32.12,1,145,1.0628919014118656,gate_up_full64_prebuilt,38,0.3356480002403259
case_000_real,gsm8k,early,real_route_replay,1606,50,14,real,32.12,1,145,1.0628919014118656,gate_up_full64_prebuilt,39,0.33529600501060486
case_000_real,gsm8k,early,real_route_replay,1606,50,14,real,32.12,1,145,1.0628919014118656,gate_up_active_prebuilt,0,0.33638399839401245
case_000_real,gsm8k,early,real_route_replay,1606,50,14,real,32.12,1,145,1.0628919014118656,gate_up_active_prebuilt,1,0.33616000413894653
case_000_real,gsm8k,early,real_route_replay,1606,50,14,real,32.12,1,145,1.0628919014118656,gate_up_active_prebuilt,2,0.3360320031642914
case_000_real,gsm8k,early,real_route_replay,1606,50,14,real,32.12,1,145,1.0628919014118656,gate_up_active_prebuilt,3,0.33846399188041687
case_000_real,gsm8k,early,real_route_replay,1606,50,14,real,32.12,1,145,1.0628919014118656,gate_up_active_prebuilt,4,0.3370240032672882
case_000_real,gsm8k,early,real_route_replay,1606,50,14,real,32.12,1,145,1.0628919014118656,gate_up_active_prebuilt,5,0.33670398592948914
case_000_real,gsm8k,early,real_route_replay,1606,50,14,real,32.12,1,145,1.0628919014118656,gate_up_active_prebuilt,6,0.3415040075778961
case_000_real,gsm8k,early,real_route_replay,1606,50,14,real,32.12,1,145,1.0628919014118656,gate_up_active_prebuilt,7,0.3455680012702942
case_000_real,gsm8k,early,real_route_replay,1606,50,14,real,32.12,1,145,1.0628919014118656,gate_up_active_prebuilt,8,0.3452480137348175
case_000_real,gsm8k,early,real_route_replay,1606,50,14,real,32.12,1,145,1.0628919014118656,gate_up_active_prebuilt,9,0.34617599844932556
case_000_real,gsm8k,early,real_route_replay,1606,50,14,real,32.12,1,145,1.0628919014118656,gate_up_active_prebuilt,10,0.34780800342559814
case_000_real,gsm8k,early,real_route_replay,1606,50,14,real,32.12,1,145,1.0628919014118656,gate_up_active_prebuilt,11,0.35174399614334106
case_000_real,gsm8k,early,real_route_replay,1606,50,14,real,32.12,1,145,1.0628919014118656,gate_up_active_prebuilt,12,0.34540799260139465
case_000_real,gsm8k,early,real_route_replay,1606,50,14,real,32.12,1,145,1.0628919014118656,gate_up_active_prebuilt,13,0.34908801317214966
case_000_real,gsm8k,early,real_route_replay,1606,50,14,real,32.12,1,145,1.0628919014118656,gate_up_active_prebuilt,14,0.35660800337791443
case_000_real,gsm8k,early,real_route_replay,1606,50,14,real,32.12,1,145,1.0628919014118656,gate_up_active_prebuilt,15,0.33904001116752625
case_000_real,gsm8k,early,real_route_replay,1606,50,14,real,32.12,1,145,1.0628919014118656,gate_up_active_prebuilt,16,0.3434560000896454
case_000_real,gsm8k,early,real_route_replay,1606,50,14,real,32.12,1,145,1.0628919014118656,gate_up_active_prebuilt,17,0.34755200147628784
case_000_real,gsm8k,early,real_route_replay,1606,50,14,real,32.12,1,145,1.0628919014118656,gate_up_active_prebuilt,18,0.342272013425827
case_000_real,gsm8k,early,real_route_replay,1606,50,14,real,32.12,1,145,1.0628919014118656,gate_up_active_prebuilt,19,0.3465920090675354
case_000_real,gsm8k,early,real_route_replay,1606,50,14,real,32.12,1,145,1.0628919014118656,gate_up_active_prebuilt,20,0.3521920144557953
case_000_real,gsm8k,early,real_route_replay,1606,50,14,real,32.12,1,145,1.0628919014118656,gate_up_active_prebuilt,21,0.34668800234794617
case_000_real,gsm8k,early,real_route_replay,1606,50,14,real,32.12,1,145,1.0628919014118656,gate_up_active_prebuilt,22,0.3450559973716736
case_000_real,gsm8k,early,real_route_replay,1606,50,14,real,32.12,1,145,1.0628919014118656,gate_up_active_prebuilt,23,0.3421440124511719
case_000_real,gsm8k,early,real_route_replay,1606,50,14,real,32.12,1,145,1.0628919014118656,gate_up_active_prebuilt,24,0.3493120074272156
case_000_real,gsm8k,early,real_route_replay,1606,50,14,real,32.12,1,145,1.0628919014118656,gate_up_active_prebuilt,25,0.33980798721313477
case_000_real,gsm8k,early,real_route_replay,1606,50,14,real,32.12,1,145,1.0628919014118656,gate_up_active_prebuilt,26,0.34809601306915283
case_000_real,gsm8k,early,real_route_replay,1606,50,14,real,32.12,1,145,1.0628919014118656,gate_up_active_prebuilt,27,0.34591999650001526
case_000_real,gsm8k,early,real_route_replay,1606,50,14,real,32.12,1,145,1.0628919014118656,gate_up_active_prebuilt,28,0.3463999927043915
case_000_real,gsm8k,early,real_route_replay,1606,50,14,real,32.12,1,145,1.0628919014118656,gate_up_active_prebuilt,29,0.34803199768066406
case_000_real,gsm8k,early,real_route_replay,1606,50,14,real,32.12,1,145,1.0628919014118656,gate_up_active_prebuilt,30,0.3580799996852875
case_000_real,gsm8k,early,real_route_replay,1606,50,14,real,32.12,1,145,1.0628919014118656,gate_up_active_prebuilt,31,0.34297600388526917
case_000_real,gsm8k,early,real_route_replay,1606,50,14,real,32.12,1,145,1.0628919014118656,gate_up_active_prebuilt,32,0.3425920009613037
case_000_real,gsm8k,early,real_route_replay,1606,50,14,real,32.12,1,145,1.0628919014118656,gate_up_active_prebuilt,33,0.3389759957790375
case_000_real,gsm8k,early,real_route_replay,1606,50,14,real,32.12,1,145,1.0628919014118656,gate_up_active_prebuilt,34,0.33616000413894653
case_000_real,gsm8k,early,real_route_replay,1606,50,14,real,32.12,1,145,1.0628919014118656,gate_up_active_prebuilt,35,0.3378559947013855
case_000_real,gsm8k,early,real_route_replay,1606,50,14,real,32.12,1,145,1.0628919014118656,gate_up_active_prebuilt,36,0.33555200695991516
case_000_real,gsm8k,early,real_route_replay,1606,50,14,real,32.12,1,145,1.0628919014118656,gate_up_active_prebuilt,37,0.3393920063972473
case_000_real,gsm8k,early,real_route_replay,1606,50,14,real,32.12,1,145,1.0628919014118656,gate_up_active_prebuilt,38,0.33660799264907837
case_000_real,gsm8k,early,real_route_replay,1606,50,14,real,32.12,1,145,1.0628919014118656,gate_up_active_prebuilt,39,0.3372800052165985
case_000_real,gsm8k,early,real_route_replay,1606,50,14,real,32.12,1,145,1.0628919014118656,swiglu,0,0.0360959991812706
case_000_real,gsm8k,early,real_route_replay,1606,50,14,real,32.12,1,145,1.0628919014118656,swiglu,1,0.02409599907696247
case_000_real,gsm8k,early,real_route_replay,1606,50,14,real,32.12,1,145,1.0628919014118656,swiglu,2,0.02287999913096428
case_000_real,gsm8k,early,real_route_replay,1606,50,14,real,32.12,1,145,1.0628919014118656,swiglu,3,0.023296000435948372
case_000_real,gsm8k,early,real_route_replay,1606,50,14,real,32.12,1,145,1.0628919014118656,swiglu,4,0.023455999791622162
case_000_real,gsm8k,early,real_route_replay,1606,50,14,real,32.12,1,145,1.0628919014118656,swiglu,5,0.023455999791622162
case_000_real,gsm8k,early,real_route_replay,1606,50,14,real,32.12,1,145,1.0628919014118656,swiglu,6,0.022752000018954277
case_000_real,gsm8k,early,real_route_replay,1606,50,14,real,32.12,1,145,1.0628919014118656,swiglu,7,0.02844800055027008
case_000_real,gsm8k,early,real_route_replay,1606,50,14,real,32.12,1,145,1.0628919014118656,swiglu,8,0.025472000241279602
case_000_real,gsm8k,early,real_route_replay,1606,50,14,real,32.12,1,145,1.0628919014118656,swiglu,9,0.021247999742627144
case_000_real,gsm8k,early,real_route_replay,1606,50,14,real,32.12,1,145,1.0628919014118656,swiglu,10,0.0208320003002882
case_000_real,gsm8k,early,real_route_replay,1606,50,14,real,32.12,1,145,1.0628919014118656,swiglu,11,0.021344000473618507
case_000_real,gsm8k,early,real_route_replay,1606,50,14,real,32.12,1,145,1.0628919014118656,swiglu,12,0.023520000278949738
case_000_real,gsm8k,early,real_route_replay,1606,50,14,real,32.12,1,145,1.0628919014118656,swiglu,13,0.023072000592947006
case_000_real,gsm8k,early,real_route_replay,1606,50,14,real,32.12,1,145,1.0628919014118656,swiglu,14,0.023423999547958374
case_000_real,gsm8k,early,real_route_replay,1606,50,14,real,32.12,1,145,1.0628919014118656,swiglu,15,0.02035200037062168
case_000_real,gsm8k,early,real_route_replay,1606,50,14,real,32.12,1,145,1.0628919014118656,swiglu,16,0.020864000543951988
case_000_real,gsm8k,early,real_route_replay,1606,50,14,real,32.12,1,145,1.0628919014118656,swiglu,17,0.020191999152302742
case_000_real,gsm8k,early,real_route_replay,1606,50,14,real,32.12,1,145,1.0628919014118656,swiglu,18,0.022752000018954277
case_000_real,gsm8k,early,real_route_replay,1606,50,14,real,32.12,1,145,1.0628919014118656,swiglu,19,0.0272000003606081
case_000_real,gsm8k,early,real_route_replay,1606,50,14,real,32.12,1,145,1.0628919014118656,swiglu,20,0.023455999791622162
case_000_real,gsm8k,early,real_route_replay,1606,50,14,real,32.12,1,145,1.0628919014118656,swiglu,21,0.020320000126957893
case_000_real,gsm8k,early,real_route_replay,1606,50,14,real,32.12,1,145,1.0628919014118656,swiglu,22,0.021663999184966087
case_000_real,gsm8k,early,real_route_replay,1606,50,14,real,32.12,1,145,1.0628919014118656,swiglu,23,0.020864000543951988
case_000_real,gsm8k,early,real_route_replay,1606,50,14,real,32.12,1,145,1.0628919014118656,swiglu,24,0.02022399939596653
case_000_real,gsm8k,early,real_route_replay,1606,50,14,real,32.12,1,145,1.0628919014118656,swiglu,25,0.020800000056624413
case_000_real,gsm8k,early,real_route_replay,1606,50,14,real,32.12,1,145,1.0628919014118656,swiglu,26,0.02163200080394745
case_000_real,gsm8k,early,real_route_replay,1606,50,14,real,32.12,1,145,1.0628919014118656,swiglu,27,0.02239999920129776
case_000_real,gsm8k,early,real_route_replay,1606,50,14,real,32.12,1,145,1.0628919014118656,swiglu,28,0.021824000403285027
case_000_real,gsm8k,early,real_route_replay,1606,50,14,real,32.12,1,145,1.0628919014118656,swiglu,29,0.023615999147295952
case_000_real,gsm8k,early,real_route_replay,1606,50,14,real,32.12,1,145,1.0628919014118656,swiglu,30,0.023520000278949738
case_000_real,gsm8k,early,real_route_replay,1606,50,14,real,32.12,1,145,1.0628919014118656,swiglu,31,0.02300800010561943
case_000_real,gsm8k,early,real_route_replay,1606,50,14,real,32.12,1,145,1.0628919014118656,swiglu,32,0.021824000403285027
case_000_real,gsm8k,early,real_route_replay,1606,50,14,real,32.12,1,145,1.0628919014118656,swiglu,33,0.02070399932563305
case_000_real,gsm8k,early,real_route_replay,1606,50,14,real,32.12,1,145,1.0628919014118656,swiglu,34,0.021247999742627144
case_000_real,gsm8k,early,real_route_replay,1606,50,14,real,32.12,1,145,1.0628919014118656,swiglu,35,0.020191999152302742
case_000_real,gsm8k,early,real_route_replay,1606,50,14,real,32.12,1,145,1.0628919014118656,swiglu,36,0.021215999498963356
case_000_real,gsm8k,early,real_route_replay,1606,50,14,real,32.12,1,145,1.0628919014118656,swiglu,37,0.020959999412298203
case_000_real,gsm8k,early,real_route_replay,1606,50,14,real,32.12,1,145,1.0628919014118656,swiglu,38,0.023231999948620796
case_000_real,gsm8k,early,real_route_replay,1606,50,14,real,32.12,1,145,1.0628919014118656,swiglu,39,0.02304000034928322
case_000_real,gsm8k,early,real_route_replay,1606,50,14,real,32.12,1,145,1.0628919014118656,down_full64_prebuilt,0,0.2162880003452301
case_000_real,gsm8k,early,real_route_replay,1606,50,14,real,32.12,1,145,1.0628919014118656,down_full64_prebuilt,1,0.21619200706481934
case_000_real,gsm8k,early,real_route_replay,1606,50,14,real,32.12,1,145,1.0628919014118656,down_full64_prebuilt,2,0.21216000616550446
case_000_real,gsm8k,early,real_route_replay,1606,50,14,real,32.12,1,145,1.0628919014118656,down_full64_prebuilt,3,0.20774400234222412
case_000_real,gsm8k,early,real_route_replay,1606,50,14,real,32.12,1,145,1.0628919014118656,down_full64_prebuilt,4,0.20524799823760986
case_000_real,gsm8k,early,real_route_replay,1606,50,14,real,32.12,1,145,1.0628919014118656,down_full64_prebuilt,5,0.2040639966726303
case_000_real,gsm8k,early,real_route_replay,1606,50,14,real,32.12,1,145,1.0628919014118656,down_full64_prebuilt,6,0.204352006316185
case_000_real,gsm8k,early,real_route_replay,1606,50,14,real,32.12,1,145,1.0628919014118656,down_full64_prebuilt,7,0.20668800175189972
case_000_real,gsm8k,early,real_route_replay,1606,50,14,real,32.12,1,145,1.0628919014118656,down_full64_prebuilt,8,0.2051199972629547
case_000_real,gsm8k,early,real_route_replay,1606,50,14,real,32.12,1,145,1.0628919014118656,down_full64_prebuilt,9,0.20873600244522095
case_000_real,gsm8k,early,real_route_replay,1606,50,14,real,32.12,1,145,1.0628919014118656,down_full64_prebuilt,10,0.22444799542427063
case_000_real,gsm8k,early,real_route_replay,1606,50,14,real,32.12,1,145,1.0628919014118656,down_full64_prebuilt,11,0.20691199600696564
case_000_real,gsm8k,early,real_route_replay,1606,50,14,real,32.12,1,145,1.0628919014118656,down_full64_prebuilt,12,0.20425599813461304
case_000_real,gsm8k,early,real_route_replay,1606,50,14,real,32.12,1,145,1.0628919014118656,down_full64_prebuilt,13,0.20739200711250305
case_000_real,gsm8k,early,real_route_replay,1606,50,14,real,32.12,1,145,1.0628919014118656,down_full64_prebuilt,14,0.2067199945449829
case_000_real,gsm8k,early,real_route_replay,1606,50,14,real,32.12,1,145,1.0628919014118656,down_full64_prebuilt,15,0.2083200067281723
case_000_real,gsm8k,early,real_route_replay,1606,50,14,real,32.12,1,145,1.0628919014118656,down_full64_prebuilt,16,0.2070080041885376
case_000_real,gsm8k,early,real_route_replay,1606,50,14,real,32.12,1,145,1.0628919014118656,down_full64_prebuilt,17,0.20947200059890747
case_000_real,gsm8k,early,real_route_replay,1606,50,14,real,32.12,1,145,1.0628919014118656,down_full64_prebuilt,18,0.20534400641918182
case_000_real,gsm8k,early,real_route_replay,1606,50,14,real,32.12,1,145,1.0628919014118656,down_full64_prebuilt,19,0.20633600652217865
case_000_real,gsm8k,early,real_route_replay,1606,50,14,real,32.12,1,145,1.0628919014118656,down_full64_prebuilt,20,0.20851199328899384
case_000_real,gsm8k,early,real_route_replay,1606,50,14,real,32.12,1,145,1.0628919014118656,down_full64_prebuilt,21,0.20448000729084015
case_000_real,gsm8k,early,real_route_replay,1606,50,14,real,32.12,1,145,1.0628919014118656,down_full64_prebuilt,22,0.2038400024175644
case_000_real,gsm8k,early,real_route_replay,1606,50,14,real,32.12,1,145,1.0628919014118656,down_full64_prebuilt,23,0.20441600680351257
case_000_real,gsm8k,early,real_route_replay,1606,50,14,real,32.12,1,145,1.0628919014118656,down_full64_prebuilt,24,0.20735999941825867
case_000_real,gsm8k,early,real_route_replay,1606,50,14,real,32.12,1,145,1.0628919014118656,down_full64_prebuilt,25,0.20848000049591064
case_000_real,gsm8k,early,real_route_replay,1606,50,14,real,32.12,1,145,1.0628919014118656,down_full64_prebuilt,26,0.20953600108623505
case_000_real,gsm8k,early,real_route_replay,1606,50,14,real,32.12,1,145,1.0628919014118656,down_full64_prebuilt,27,0.20559999346733093
case_000_real,gsm8k,early,real_route_replay,1606,50,14,real,32.12,1,145,1.0628919014118656,down_full64_prebuilt,28,0.20588800311088562
case_000_real,gsm8k,early,real_route_replay,1606,50,14,real,32.12,1,145,1.0628919014118656,down_full64_prebuilt,29,0.20643199980258942
case_000_real,gsm8k,early,real_route_replay,1606,50,14,real,32.12,1,145,1.0628919014118656,down_full64_prebuilt,30,0.2070080041885376
case_000_real,gsm8k,early,real_route_replay,1606,50,14,real,32.12,1,145,1.0628919014118656,down_full64_prebuilt,31,0.20892800390720367
case_000_real,gsm8k,early,real_route_replay,1606,50,14,real,32.12,1,145,1.0628919014118656,down_full64_prebuilt,32,0.20892800390720367
case_000_real,gsm8k,early,real_route_replay,1606,50,14,real,32.12,1,145,1.0628919014118656,down_full64_prebuilt,33,0.21062399446964264
case_000_real,gsm8k,early,real_route_replay,1606,50,14,real,32.12,1,145,1.0628919014118656,down_full64_prebuilt,34,0.20815999805927277
case_000_real,gsm8k,early,real_route_replay,1606,50,14,real,32.12,1,145,1.0628919014118656,down_full64_prebuilt,35,0.20895999670028687
case_000_real,gsm8k,early,real_route_replay,1606,50,14,real,32.12,1,145,1.0628919014118656,down_full64_prebuilt,36,0.20502400398254395
case_000_real,gsm8k,early,real_route_replay,1606,50,14,real,32.12,1,145,1.0628919014118656,down_full64_prebuilt,37,0.20374399423599243
case_000_real,gsm8k,early,real_route_replay,1606,50,14,real,32.12,1,145,1.0628919014118656,down_full64_prebuilt,38,0.2078080028295517
case_000_real,gsm8k,early,real_route_replay,1606,50,14,real,32.12,1,145,1.0628919014118656,down_full64_prebuilt,39,0.20985600352287292
case_000_real,gsm8k,early,real_route_replay,1606,50,14,real,32.12,1,145,1.0628919014118656,down_active_prebuilt,0,0.22275200486183167
case_000_real,gsm8k,early,real_route_replay,1606,50,14,real,32.12,1,145,1.0628919014118656,down_active_prebuilt,1,0.21174399554729462
case_000_real,gsm8k,early,real_route_replay,1606,50,14,real,32.12,1,145,1.0628919014118656,down_active_prebuilt,2,0.2070399969816208
case_000_real,gsm8k,early,real_route_replay,1606,50,14,real,32.12,1,145,1.0628919014118656,down_active_prebuilt,3,0.20707200467586517
case_000_real,gsm8k,early,real_route_replay,1606,50,14,real,32.12,1,145,1.0628919014118656,down_active_prebuilt,4,0.20880000293254852
case_000_real,gsm8k,early,real_route_replay,1606,50,14,real,32.12,1,145,1.0628919014118656,down_active_prebuilt,5,0.20659199357032776
case_000_real,gsm8k,early,real_route_replay,1606,50,14,real,32.12,1,145,1.0628919014118656,down_active_prebuilt,6,0.2099200040102005
case_000_real,gsm8k,early,real_route_replay,1606,50,14,real,32.12,1,145,1.0628919014118656,down_active_prebuilt,7,0.21241599321365356
case_000_real,gsm8k,early,real_route_replay,1606,50,14,real,32.12,1,145,1.0628919014118656,down_active_prebuilt,8,0.2083519995212555
case_000_real,gsm8k,early,real_route_replay,1606,50,14,real,32.12,1,145,1.0628919014118656,down_active_prebuilt,9,0.20793600380420685
case_000_real,gsm8k,early,real_route_replay,1606,50,14,real,32.12,1,145,1.0628919014118656,down_active_prebuilt,10,0.20643199980258942
case_000_real,gsm8k,early,real_route_replay,1606,50,14,real,32.12,1,145,1.0628919014118656,down_active_prebuilt,11,0.20867200195789337
case_000_real,gsm8k,early,real_route_replay,1606,50,14,real,32.12,1,145,1.0628919014118656,down_active_prebuilt,12,0.20867200195789337
case_000_real,gsm8k,early,real_route_replay,1606,50,14,real,32.12,1,145,1.0628919014118656,down_active_prebuilt,13,0.20815999805927277
case_000_real,gsm8k,early,real_route_replay,1606,50,14,real,32.12,1,145,1.0628919014118656,down_active_prebuilt,14,0.2083519995212555
case_000_real,gsm8k,early,real_route_replay,1606,50,14,real,32.12,1,145,1.0628919014118656,down_active_prebuilt,15,0.2088319957256317
case_000_real,gsm8k,early,real_route_replay,1606,50,14,real,32.12,1,145,1.0628919014118656,down_active_prebuilt,16,0.21087999641895294
case_000_real,gsm8k,early,real_route_replay,1606,50,14,real,32.12,1,145,1.0628919014118656,down_active_prebuilt,17,0.21116800606250763
case_000_real,gsm8k,early,real_route_replay,1606,50,14,real,32.12,1,145,1.0628919014118656,down_active_prebuilt,18,0.20975999534130096
case_000_real,gsm8k,early,real_route_replay,1606,50,14,real,32.12,1,145,1.0628919014118656,down_active_prebuilt,19,0.20828799903392792
case_000_real,gsm8k,early,real_route_replay,1606,50,14,real,32.12,1,145,1.0628919014118656,down_active_prebuilt,20,0.20953600108623505
case_000_real,gsm8k,early,real_route_replay,1606,50,14,real,32.12,1,145,1.0628919014118656,down_active_prebuilt,21,0.2141440063714981
case_000_real,gsm8k,early,real_route_replay,1606,50,14,real,32.12,1,145,1.0628919014118656,down_active_prebuilt,22,0.217056006193161
case_000_real,gsm8k,early,real_route_replay,1606,50,14,real,32.12,1,145,1.0628919014118656,down_active_prebuilt,23,0.21423999965190887
case_000_real,gsm8k,early,real_route_replay,1606,50,14,real,32.12,1,145,1.0628919014118656,down_active_prebuilt,24,0.21676799654960632
case_000_real,gsm8k,early,real_route_replay,1606,50,14,real,32.12,1,145,1.0628919014118656,down_active_prebuilt,25,0.21987199783325195
case_000_real,gsm8k,early,real_route_replay,1606,50,14,real,32.12,1,145,1.0628919014118656,down_active_prebuilt,26,0.22009600698947906
case_000_real,gsm8k,early,real_route_replay,1606,50,14,real,32.12,1,145,1.0628919014118656,down_active_prebuilt,27,0.21027199923992157
case_000_real,gsm8k,early,real_route_replay,1606,50,14,real,32.12,1,145,1.0628919014118656,down_active_prebuilt,28,0.2070399969816208
case_000_real,gsm8k,early,real_route_replay,1606,50,14,real,32.12,1,145,1.0628919014118656,down_active_prebuilt,29,0.20803199708461761
case_000_real,gsm8k,early,real_route_replay,1606,50,14,real,32.12,1,145,1.0628919014118656,down_active_prebuilt,30,0.20739200711250305
case_000_real,gsm8k,early,real_route_replay,1606,50,14,real,32.12,1,145,1.0628919014118656,down_active_prebuilt,31,0.20876799523830414
case_000_real,gsm8k,early,real_route_replay,1606,50,14,real,32.12,1,145,1.0628919014118656,down_active_prebuilt,32,0.20652799308300018
case_000_real,gsm8k,early,real_route_replay,1606,50,14,real,32.12,1,145,1.0628919014118656,down_active_prebuilt,33,0.20662400126457214
case_000_real,gsm8k,early,real_route_replay,1606,50,14,real,32.12,1,145,1.0628919014118656,down_active_prebuilt,34,0.2061759978532791
case_000_real,gsm8k,early,real_route_replay,1606,50,14,real,32.12,1,145,1.0628919014118656,down_active_prebuilt,35,0.20793600380420685
case_000_real,gsm8k,early,real_route_replay,1606,50,14,real,32.12,1,145,1.0628919014118656,down_active_prebuilt,36,0.208639994263649
case_000_real,gsm8k,early,real_route_replay,1606,50,14,real,32.12,1,145,1.0628919014118656,down_active_prebuilt,37,0.20796799659729004
case_000_real,gsm8k,early,real_route_replay,1606,50,14,real,32.12,1,145,1.0628919014118656,down_active_prebuilt,38,0.20908799767494202
case_000_real,gsm8k,early,real_route_replay,1606,50,14,real,32.12,1,145,1.0628919014118656,down_active_prebuilt,39,0.20688000321388245
case_000_real,gsm8k,early,real_route_replay,1606,50,14,real,32.12,1,145,1.0628919014118656,route_weight,0,0.03215999901294708
case_000_real,gsm8k,early,real_route_replay,1606,50,14,real,32.12,1,145,1.0628919014118656,route_weight,1,0.024607999250292778
case_000_real,gsm8k,early,real_route_replay,1606,50,14,real,32.12,1,145,1.0628919014118656,route_weight,2,0.02627200074493885
case_000_real,gsm8k,early,real_route_replay,1606,50,14,real,32.12,1,145,1.0628919014118656,route_weight,3,0.02630399912595749
case_000_real,gsm8k,early,real_route_replay,1606,50,14,real,32.12,1,145,1.0628919014118656,route_weight,4,0.02707199938595295
case_000_real,gsm8k,early,real_route_replay,1606,50,14,real,32.12,1,145,1.0628919014118656,route_weight,5,0.0261439997702837
case_000_real,gsm8k,early,real_route_replay,1606,50,14,real,32.12,1,145,1.0628919014118656,route_weight,6,0.025407999753952026
case_000_real,gsm8k,early,real_route_replay,1606,50,14,real,32.12,1,145,1.0628919014118656,route_weight,7,0.024671999737620354
case_000_real,gsm8k,early,real_route_replay,1606,50,14,real,32.12,1,145,1.0628919014118656,route_weight,8,0.02579200081527233
case_000_real,gsm8k,early,real_route_replay,1606,50,14,real,32.12,1,145,1.0628919014118656,route_weight,9,0.02489599958062172
case_000_real,gsm8k,early,real_route_replay,1606,50,14,real,32.12,1,145,1.0628919014118656,route_weight,10,0.025536000728607178
case_000_real,gsm8k,early,real_route_replay,1606,50,14,real,32.12,1,145,1.0628919014118656,route_weight,11,0.025248000398278236
case_000_real,gsm8k,early,real_route_replay,1606,50,14,real,32.12,1,145,1.0628919014118656,route_weight,12,0.025567999109625816
case_000_real,gsm8k,early,real_route_replay,1606,50,14,real,32.12,1,145,1.0628919014118656,route_weight,13,0.024927999824285507
case_000_real,gsm8k,early,real_route_replay,1606,50,14,real,32.12,1,145,1.0628919014118656,route_weight,14,0.025280000641942024
case_000_real,gsm8k,early,real_route_replay,1606,50,14,real,32.12,1,145,1.0628919014118656,route_weight,15,0.02454400062561035
case_000_real,gsm8k,early,real_route_replay,1606,50,14,real,32.12,1,145,1.0628919014118656,route_weight,16,0.02521600015461445
case_000_real,gsm8k,early,real_route_replay,1606,50,14,real,32.12,1,145,1.0628919014118656,route_weight,17,0.027135999873280525
case_000_real,gsm8k,early,real_route_replay,1606,50,14,real,32.12,1,145,1.0628919014118656,route_weight,18,0.026496000587940216
case_000_real,gsm8k,early,real_route_replay,1606,50,14,real,32.12,1,145,1.0628919014118656,route_weight,19,0.025439999997615814
case_000_real,gsm8k,early,real_route_replay,1606,50,14,real,32.12,1,145,1.0628919014118656,route_weight,20,0.027424000203609467
case_000_real,gsm8k,early,real_route_replay,1606,50,14,real,32.12,1,145,1.0628919014118656,route_weight,21,0.027807999402284622
case_000_real,gsm8k,early,real_route_replay,1606,50,14,real,32.12,1,145,1.0628919014118656,route_weight,22,0.027424000203609467
case_000_real,gsm8k,early,real_route_replay,1606,50,14,real,32.12,1,145,1.0628919014118656,route_weight,23,0.02611199952661991
case_000_real,gsm8k,early,real_route_replay,1606,50,14,real,32.12,1,145,1.0628919014118656,route_weight,24,0.026464000344276428
case_000_real,gsm8k,early,real_route_replay,1606,50,14,real,32.12,1,145,1.0628919014118656,route_weight,25,0.025631999596953392
case_000_real,gsm8k,early,real_route_replay,1606,50,14,real,32.12,1,145,1.0628919014118656,route_weight,26,0.026016000658273697
case_000_real,gsm8k,early,real_route_replay,1606,50,14,real,32.12,1,145,1.0628919014118656,route_weight,27,0.026335999369621277
case_000_real,gsm8k,early,real_route_replay,1606,50,14,real,32.12,1,145,1.0628919014118656,route_weight,28,0.02800000086426735
case_000_real,gsm8k,early,real_route_replay,1606,50,14,real,32.12,1,145,1.0628919014118656,route_weight,29,0.02521600015461445
case_000_real,gsm8k,early,real_route_replay,1606,50,14,real,32.12,1,145,1.0628919014118656,route_weight,30,0.024927999824285507
case_000_real,gsm8k,early,real_route_replay,1606,50,14,real,32.12,1,145,1.0628919014118656,route_weight,31,0.024927999824285507
case_000_real,gsm8k,early,real_route_replay,1606,50,14,real,32.12,1,145,1.0628919014118656,route_weight,32,0.026496000587940216
case_000_real,gsm8k,early,real_route_replay,1606,50,14,real,32.12,1,145,1.0628919014118656,route_weight,33,0.026367999613285065
case_000_real,gsm8k,early,real_route_replay,1606,50,14,real,32.12,1,145,1.0628919014118656,route_weight,34,0.025696000084280968
case_000_real,gsm8k,early,real_route_replay,1606,50,14,real,32.12,1,145,1.0628919014118656,route_weight,35,0.025599999353289604
case_000_real,gsm8k,early,real_route_replay,1606,50,14,real,32.12,1,145,1.0628919014118656,route_weight,36,0.026655999943614006
case_000_real,gsm8k,early,real_route_replay,1606,50,14,real,32.12,1,145,1.0628919014118656,route_weight,37,0.02521600015461445
case_000_real,gsm8k,early,real_route_replay,1606,50,14,real,32.12,1,145,1.0628919014118656,route_weight,38,0.02505600079894066
case_000_real,gsm8k,early,real_route_replay,1606,50,14,real,32.12,1,145,1.0628919014118656,route_weight,39,0.024960000067949295
case_001_real,gsm8k,early,real_route_replay,781,47,17,real,16.617021276595743,1,131,1.5198727786045299,down_full64_prebuilt,0,0.21833600103855133
case_001_real,gsm8k,early,real_route_replay,781,47,17,real,16.617021276595743,1,131,1.5198727786045299,down_full64_prebuilt,1,0.20572799444198608
case_001_real,gsm8k,early,real_route_replay,781,47,17,real,16.617021276595743,1,131,1.5198727786045299,down_full64_prebuilt,2,0.20537599921226501
case_001_real,gsm8k,early,real_route_replay,781,47,17,real,16.617021276595743,1,131,1.5198727786045299,down_full64_prebuilt,3,0.19868800044059753
case_001_real,gsm8k,early,real_route_replay,781,47,17,real,16.617021276595743,1,131,1.5198727786045299,down_full64_prebuilt,4,0.1982399970293045
case_001_real,gsm8k,early,real_route_replay,781,47,17,real,16.617021276595743,1,131,1.5198727786045299,down_full64_prebuilt,5,0.20367999374866486
case_001_real,gsm8k,early,real_route_replay,781,47,17,real,16.617021276595743,1,131,1.5198727786045299,down_full64_prebuilt,6,0.20022399723529816
case_001_real,gsm8k,early,real_route_replay,781,47,17,real,16.617021276595743,1,131,1.5198727786045299,down_full64_prebuilt,7,0.19964799284934998
case_001_real,gsm8k,early,real_route_replay,781,47,17,real,16.617021276595743,1,131,1.5198727786045299,down_full64_prebuilt,8,0.19939200580120087
case_001_real,gsm8k,early,real_route_replay,781,47,17,real,16.617021276595743,1,131,1.5198727786045299,down_full64_prebuilt,9,0.1992959976196289
case_001_real,gsm8k,early,real_route_replay,781,47,17,real,16.617021276595743,1,131,1.5198727786045299,down_full64_prebuilt,10,0.19968000054359436
case_001_real,gsm8k,early,real_route_replay,781,47,17,real,16.617021276595743,1,131,1.5198727786045299,down_full64_prebuilt,11,0.2008640021085739
case_001_real,gsm8k,early,real_route_replay,781,47,17,real,16.617021276595743,1,131,1.5198727786045299,down_full64_prebuilt,12,0.20496000349521637
case_001_real,gsm8k,early,real_route_replay,781,47,17,real,16.617021276595743,1,131,1.5198727786045299,down_full64_prebuilt,13,0.2001280039548874
case_001_real,gsm8k,early,real_route_replay,781,47,17,real,16.617021276595743,1,131,1.5198727786045299,down_full64_prebuilt,14,0.20025600492954254
case_001_real,gsm8k,early,real_route_replay,781,47,17,real,16.617021276595743,1,131,1.5198727786045299,down_full64_prebuilt,15,0.20006400346755981
case_001_real,gsm8k,early,real_route_replay,781,47,17,real,16.617021276595743,1,131,1.5198727786045299,down_full64_prebuilt,16,0.2027519941329956
case_001_real,gsm8k,early,real_route_replay,781,47,17,real,16.617021276595743,1,131,1.5198727786045299,down_full64_prebuilt,17,0.20374399423599243
case_001_real,gsm8k,early,real_route_replay,781,47,17,real,16.617021276595743,1,131,1.5198727786045299,down_full64_prebuilt,18,0.20470400154590607
case_001_real,gsm8k,early,real_route_replay,781,47,17,real,16.617021276595743,1,131,1.5198727786045299,down_full64_prebuilt,19,0.19971199333667755
case_001_real,gsm8k,early,real_route_replay,781,47,17,real,16.617021276595743,1,131,1.5198727786045299,down_full64_prebuilt,20,0.19961600005626678
case_001_real,gsm8k,early,real_route_replay,781,47,17,real,16.617021276595743,1,131,1.5198727786045299,down_full64_prebuilt,21,0.19913600385189056
case_001_real,gsm8k,early,real_route_replay,781,47,17,real,16.617021276595743,1,131,1.5198727786045299,down_full64_prebuilt,22,0.1985280066728592
case_001_real,gsm8k,early,real_route_replay,781,47,17,real,16.617021276595743,1,131,1.5198727786045299,down_full64_prebuilt,23,0.2008640021085739
case_001_real,gsm8k,early,real_route_replay,781,47,17,real,16.617021276595743,1,131,1.5198727786045299,down_full64_prebuilt,24,0.1998720020055771
case_001_real,gsm8k,early,real_route_replay,781,47,17,real,16.617021276595743,1,131,1.5198727786045299,down_full64_prebuilt,25,0.19961600005626678
case_001_real,gsm8k,early,real_route_replay,781,47,17,real,16.617021276595743,1,131,1.5198727786045299,down_full64_prebuilt,26,0.19660800695419312
case_001_real,gsm8k,early,real_route_replay,781,47,17,real,16.617021276595743,1,131,1.5198727786045299,down_full64_prebuilt,27,0.2027519941329956
case_001_real,gsm8k,early,real_route_replay,781,47,17,real,16.617021276595743,1,131,1.5198727786045299,down_full64_prebuilt,28,0.20070399343967438
case_001_real,gsm8k,early,real_route_replay,781,47,17,real,16.617021276595743,1,131,1.5198727786045299,down_full64_prebuilt,29,0.20742399990558624
case_001_real,gsm8k,early,real_route_replay,781,47,17,real,16.617021276595743,1,131,1.5198727786045299,down_full64_prebuilt,30,0.2025279998779297
case_001_real,gsm8k,early,real_route_replay,781,47,17,real,16.617021276595743,1,131,1.5198727786045299,down_full64_prebuilt,31,0.20284800231456757
case_001_real,gsm8k,early,real_route_replay,781,47,17,real,16.617021276595743,1,131,1.5198727786045299,down_full64_prebuilt,32,0.2083200067281723
case_001_real,gsm8k,early,real_route_replay,781,47,17,real,16.617021276595743,1,131,1.5198727786045299,down_full64_prebuilt,33,0.20691199600696564
case_001_real,gsm8k,early,real_route_replay,781,47,17,real,16.617021276595743,1,131,1.5198727786045299,down_full64_prebuilt,34,0.20943999290466309
case_001_real,gsm8k,early,real_route_replay,781,47,17,real,16.617021276595743,1,131,1.5198727786045299,down_full64_prebuilt,35,0.20748800039291382
case_001_real,gsm8k,early,real_route_replay,781,47,17,real,16.617021276595743,1,131,1.5198727786045299,down_full64_prebuilt,36,0.21219199895858765
case_001_real,gsm8k,early,real_route_replay,781,47,17,real,16.617021276595743,1,131,1.5198727786045299,down_full64_prebuilt,37,0.22067199647426605
case_001_real,gsm8k,early,real_route_replay,781,47,17,real,16.617021276595743,1,131,1.5198727786045299,down_full64_prebuilt,38,0.21052800118923187
case_001_real,gsm8k,early,real_route_replay,781,47,17,real,16.617021276595743,1,131,1.5198727786045299,down_full64_prebuilt,39,0.20748800039291382
case_001_real,gsm8k,early,real_route_replay,781,47,17,real,16.617021276595743,1,131,1.5198727786045299,swiglu,0,0.05299200117588043
case_001_real,gsm8k,early,real_route_replay,781,47,17,real,16.617021276595743,1,131,1.5198727786045299,swiglu,1,0.040832001715898514
case_001_real,gsm8k,early,real_route_replay,781,47,17,real,16.617021276595743,1,131,1.5198727786045299,swiglu,2,0.04447999969124794
case_001_real,gsm8k,early,real_route_replay,781,47,17,real,16.617021276595743,1,131,1.5198727786045299,swiglu,3,0.042367998510599136
case_001_real,gsm8k,early,real_route_replay,781,47,17,real,16.617021276595743,1,131,1.5198727786045299,swiglu,4,0.04032000154256821
case_001_real,gsm8k,early,real_route_replay,781,47,17,real,16.617021276595743,1,131,1.5198727786045299,swiglu,5,0.025407999753952026
case_001_real,gsm8k,early,real_route_replay,781,47,17,real,16.617021276595743,1,131,1.5198727786045299,swiglu,6,0.022207999601960182
case_001_real,gsm8k,early,real_route_replay,781,47,17,real,16.617021276595743,1,131,1.5198727786045299,swiglu,7,0.0244159996509552
case_001_real,gsm8k,early,real_route_replay,781,47,17,real,16.617021276595743,1,131,1.5198727786045299,swiglu,8,0.024960000067949295
case_001_real,gsm8k,early,real_route_replay,781,47,17,real,16.617021276595743,1,131,1.5198727786045299,swiglu,9,0.02502400055527687
case_001_real,gsm8k,early,real_route_replay,781,47,17,real,16.617021276595743,1,131,1.5198727786045299,swiglu,10,0.02454400062561035
case_001_real,gsm8k,early,real_route_replay,781,47,17,real,16.617021276595743,1,131,1.5198727786045299,swiglu,11,0.023871999233961105
case_001_real,gsm8k,early,real_route_replay,781,47,17,real,16.617021276595743,1,131,1.5198727786045299,swiglu,12,0.022592000663280487
case_001_real,gsm8k,early,real_route_replay,781,47,17,real,16.617021276595743,1,131,1.5198727786045299,swiglu,13,0.023423999547958374
case_001_real,gsm8k,early,real_route_replay,781,47,17,real,16.617021276595743,1,131,1.5198727786045299,swiglu,14,0.021247999742627144
case_001_real,gsm8k,early,real_route_replay,781,47,17,real,16.617021276595743,1,131,1.5198727786045299,swiglu,15,0.02099199965596199
case_001_real,gsm8k,early,real_route_replay,781,47,17,real,16.617021276595743,1,131,1.5198727786045299,swiglu,16,0.02099199965596199
case_001_real,gsm8k,early,real_route_replay,781,47,17,real,16.617021276595743,1,131,1.5198727786045299,swiglu,17,0.020031999796628952
case_001_real,gsm8k,early,real_route_replay,781,47,17,real,16.617021276595743,1,131,1.5198727786045299,swiglu,18,0.025887999683618546
case_001_real,gsm8k,early,real_route_replay,781,47,17,real,16.617021276595743,1,131,1.5198727786045299,swiglu,19,0.025631999596953392
case_001_real,gsm8k,early,real_route_replay,781,47,17,real,16.617021276595743,1,131,1.5198727786045299,swiglu,20,0.022112000733613968
case_001_real,gsm8k,early,real_route_replay,781,47,17,real,16.617021276595743,1,131,1.5198727786045299,swiglu,21,0.0244159996509552
case_001_real,gsm8k,early,real_route_replay,781,47,17,real,16.617021276595743,1,131,1.5198727786045299,swiglu,22,0.02236800082027912
case_001_real,gsm8k,early,real_route_replay,781,47,17,real,16.617021276595743,1,131,1.5198727786045299,swiglu,23,0.02195199951529503
case_001_real,gsm8k,early,real_route_replay,781,47,17,real,16.617021276595743,1,131,1.5198727786045299,swiglu,24,0.021215999498963356
case_001_real,gsm8k,early,real_route_replay,781,47,17,real,16.617021276595743,1,131,1.5198727786045299,swiglu,25,0.023296000435948372
case_001_real,gsm8k,early,real_route_replay,781,47,17,real,16.617021276595743,1,131,1.5198727786045299,swiglu,26,0.022495999932289124
case_001_real,gsm8k,early,real_route_replay,781,47,17,real,16.617021276595743,1,131,1.5198727786045299,swiglu,27,0.020640000700950623
case_001_real,gsm8k,early,real_route_replay,781,47,17,real,16.617021276595743,1,131,1.5198727786045299,swiglu,28,0.02131200022995472
case_001_real,gsm8k,early,real_route_replay,781,47,17,real,16.617021276595743,1,131,1.5198727786045299,swiglu,29,0.02751999907195568
case_001_real,gsm8k,early,real_route_replay,781,47,17,real,16.617021276595743,1,131,1.5198727786045299,swiglu,30,0.021856000646948814
case_001_real,gsm8k,early,real_route_replay,781,47,17,real,16.617021276595743,1,131,1.5198727786045299,swiglu,31,0.022048000246286392
case_001_real,gsm8k,early,real_route_replay,781,47,17,real,16.617021276595743,1,131,1.5198727786045299,swiglu,32,0.021376000717282295
case_001_real,gsm8k,early,real_route_replay,781,47,17,real,16.617021276595743,1,131,1.5198727786045299,swiglu,33,0.026655999943614006
case_001_real,gsm8k,early,real_route_replay,781,47,17,real,16.617021276595743,1,131,1.5198727786045299,swiglu,34,0.023871999233961105
case_001_real,gsm8k,early,real_route_replay,781,47,17,real,16.617021276595743,1,131,1.5198727786045299,swiglu,35,0.02195199951529503
case_001_real,gsm8k,early,real_route_replay,781,47,17,real,16.617021276595743,1,131,1.5198727786045299,swiglu,36,0.021695999428629875
case_001_real,gsm8k,early,real_route_replay,781,47,17,real,16.617021276595743,1,131,1.5198727786045299,swiglu,37,0.021663999184966087
case_001_real,gsm8k,early,real_route_replay,781,47,17,real,16.617021276595743,1,131,1.5198727786045299,swiglu,38,0.022495999932289124
case_001_real,gsm8k,early,real_route_replay,781,47,17,real,16.617021276595743,1,131,1.5198727786045299,swiglu,39,0.020255999639630318
case_001_real,gsm8k,early,real_route_replay,781,47,17,real,16.617021276595743,1,131,1.5198727786045299,gate_up_full64_prebuilt,0,0.33926400542259216
case_001_real,gsm8k,early,real_route_replay,781,47,17,real,16.617021276595743,1,131,1.5198727786045299,gate_up_full64_prebuilt,1,0.31721600890159607
case_001_real,gsm8k,early,real_route_replay,781,47,17,real,16.617021276595743,1,131,1.5198727786045299,gate_up_full64_prebuilt,2,0.31561601161956787
case_001_real,gsm8k,early,real_route_replay,781,47,17,real,16.617021276595743,1,131,1.5198727786045299,gate_up_full64_prebuilt,3,0.3200640082359314
case_001_real,gsm8k,early,real_route_replay,781,47,17,real,16.617021276595743,1,131,1.5198727786045299,gate_up_full64_prebuilt,4,0.31676799058914185
case_001_real,gsm8k,early,real_route_replay,781,47,17,real,16.617021276595743,1,131,1.5198727786045299,gate_up_full64_prebuilt,5,0.3173440098762512
case_001_real,gsm8k,early,real_route_replay,781,47,17,real,16.617021276595743,1,131,1.5198727786045299,gate_up_full64_prebuilt,6,0.3160319924354553
case_001_real,gsm8k,early,real_route_replay,781,47,17,real,16.617021276595743,1,131,1.5198727786045299,gate_up_full64_prebuilt,7,0.3211840093135834
case_001_real,gsm8k,early,real_route_replay,781,47,17,real,16.617021276595743,1,131,1.5198727786045299,gate_up_full64_prebuilt,8,0.3182080090045929
case_001_real,gsm8k,early,real_route_replay,781,47,17,real,16.617021276595743,1,131,1.5198727786045299,gate_up_full64_prebuilt,9,0.3176000118255615
case_001_real,gsm8k,early,real_route_replay,781,47,17,real,16.617021276595743,1,131,1.5198727786045299,gate_up_full64_prebuilt,10,0.3132160007953644
case_001_real,gsm8k,early,real_route_replay,781,47,17,real,16.617021276595743,1,131,1.5198727786045299,gate_up_full64_prebuilt,11,0.31881600618362427
case_001_real,gsm8k,early,real_route_replay,781,47,17,real,16.617021276595743,1,131,1.5198727786045299,gate_up_full64_prebuilt,12,0.31747201085090637
case_001_real,gsm8k,early,real_route_replay,781,47,17,real,16.617021276595743,1,131,1.5198727786045299,gate_up_full64_prebuilt,13,0.3195199966430664
case_001_real,gsm8k,early,real_route_replay,781,47,17,real,16.617021276595743,1,131,1.5198727786045299,gate_up_full64_prebuilt,14,0.3185279965400696
case_001_real,gsm8k,early,real_route_replay,781,47,17,real,16.617021276595743,1,131,1.5198727786045299,gate_up_full64_prebuilt,15,0.3189440071582794
case_001_real,gsm8k,early,real_route_replay,781,47,17,real,16.617021276595743,1,131,1.5198727786045299,gate_up_full64_prebuilt,16,0.3248960077762604
case_001_real,gsm8k,early,real_route_replay,781,47,17,real,16.617021276595743,1,131,1.5198727786045299,gate_up_full64_prebuilt,17,0.3179199993610382
case_001_real,gsm8k,early,real_route_replay,781,47,17,real,16.617021276595743,1,131,1.5198727786045299,gate_up_full64_prebuilt,18,0.3171519935131073
case_001_real,gsm8k,early,real_route_replay,781,47,17,real,16.617021276595743,1,131,1.5198727786045299,gate_up_full64_prebuilt,19,0.321727991104126
case_001_real,gsm8k,early,real_route_replay,781,47,17,real,16.617021276595743,1,131,1.5198727786045299,gate_up_full64_prebuilt,20,0.3158720135688782
case_001_real,gsm8k,early,real_route_replay,781,47,17,real,16.617021276595743,1,131,1.5198727786045299,gate_up_full64_prebuilt,21,0.32604798674583435
case_001_real,gsm8k,early,real_route_replay,781,47,17,real,16.617021276595743,1,131,1.5198727786045299,gate_up_full64_prebuilt,22,0.3247680068016052
case_001_real,gsm8k,early,real_route_replay,781,47,17,real,16.617021276595743,1,131,1.5198727786045299,gate_up_full64_prebuilt,23,0.3253119885921478
case_001_real,gsm8k,early,real_route_replay,781,47,17,real,16.617021276595743,1,131,1.5198727786045299,gate_up_full64_prebuilt,24,0.3272320032119751
case_001_real,gsm8k,early,real_route_replay,781,47,17,real,16.617021276595743,1,131,1.5198727786045299,gate_up_full64_prebuilt,25,0.3256320059299469
case_001_real,gsm8k,early,real_route_replay,781,47,17,real,16.617021276595743,1,131,1.5198727786045299,gate_up_full64_prebuilt,26,0.31942400336265564
case_001_real,gsm8k,early,real_route_replay,781,47,17,real,16.617021276595743,1,131,1.5198727786045299,gate_up_full64_prebuilt,27,0.3173440098762512
case_001_real,gsm8k,early,real_route_replay,781,47,17,real,16.617021276595743,1,131,1.5198727786045299,gate_up_full64_prebuilt,28,0.31596800684928894
case_001_real,gsm8k,early,real_route_replay,781,47,17,real,16.617021276595743,1,131,1.5198727786045299,gate_up_full64_prebuilt,29,0.319487988948822
case_001_real,gsm8k,early,real_route_replay,781,47,17,real,16.617021276595743,1,131,1.5198727786045299,gate_up_full64_prebuilt,30,0.31830400228500366
case_001_real,gsm8k,early,real_route_replay,781,47,17,real,16.617021276595743,1,131,1.5198727786045299,gate_up_full64_prebuilt,31,0.3162879943847656
case_001_real,gsm8k,early,real_route_replay,781,47,17,real,16.617021276595743,1,131,1.5198727786045299,gate_up_full64_prebuilt,32,0.3146879971027374
case_001_real,gsm8k,early,real_route_replay,781,47,17,real,16.617021276595743,1,131,1.5198727786045299,gate_up_full64_prebuilt,33,0.3161599934101105
case_001_real,gsm8k,early,real_route_replay,781,47,17,real,16.617021276595743,1,131,1.5198727786045299,gate_up_full64_prebuilt,34,0.31273600459098816
case_001_real,gsm8k,early,real_route_replay,781,47,17,real,16.617021276595743,1,131,1.5198727786045299,gate_up_full64_prebuilt,35,0.3142400085926056
case_001_real,gsm8k,early,real_route_replay,781,47,17,real,16.617021276595743,1,131,1.5198727786045299,gate_up_full64_prebuilt,36,0.31545600295066833
case_001_real,gsm8k,early,real_route_replay,781,47,17,real,16.617021276595743,1,131,1.5198727786045299,gate_up_full64_prebuilt,37,0.3155519962310791
case_001_real,gsm8k,early,real_route_replay,781,47,17,real,16.617021276595743,1,131,1.5198727786045299,gate_up_full64_prebuilt,38,0.31404799222946167
case_001_real,gsm8k,early,real_route_replay,781,47,17,real,16.617021276595743,1,131,1.5198727786045299,gate_up_full64_prebuilt,39,0.314303994178772
case_001_real,gsm8k,early,real_route_replay,781,47,17,real,16.617021276595743,1,131,1.5198727786045299,route_weight,0,0.035360001027584076
case_001_real,gsm8k,early,real_route_replay,781,47,17,real,16.617021276595743,1,131,1.5198727786045299,route_weight,1,0.018464000895619392
case_001_real,gsm8k,early,real_route_replay,781,47,17,real,16.617021276595743,1,131,1.5198727786045299,route_weight,2,0.017632000148296356
case_001_real,gsm8k,early,real_route_replay,781,47,17,real,16.617021276595743,1,131,1.5198727786045299,route_weight,3,0.017920000478625298
case_001_real,gsm8k,early,real_route_replay,781,47,17,real,16.617021276595743,1,131,1.5198727786045299,route_weight,4,0.02319999970495701
case_001_real,gsm8k,early,real_route_replay,781,47,17,real,16.617021276595743,1,131,1.5198727786045299,route_weight,5,0.023360000923275948
case_001_real,gsm8k,early,real_route_replay,781,47,17,real,16.617021276595743,1,131,1.5198727786045299,route_weight,6,0.021983999758958817
case_001_real,gsm8k,early,real_route_replay,781,47,17,real,16.617021276595743,1,131,1.5198727786045299,route_weight,7,0.022272000089287758
case_001_real,gsm8k,early,real_route_replay,781,47,17,real,16.617021276595743,1,131,1.5198727786045299,route_weight,8,0.023903999477624893
case_001_real,gsm8k,early,real_route_replay,781,47,17,real,16.617021276595743,1,131,1.5198727786045299,route_weight,9,0.02271999977529049
case_001_real,gsm8k,early,real_route_replay,781,47,17,real,16.617021276595743,1,131,1.5198727786045299,route_weight,10,0.024159999564290047
case_001_real,gsm8k,early,real_route_replay,781,47,17,real,16.617021276595743,1,131,1.5198727786045299,route_weight,11,0.02252800017595291
case_001_real,gsm8k,early,real_route_replay,781,47,17,real,16.617021276595743,1,131,1.5198727786045299,route_weight,12,0.02239999920129776
case_001_real,gsm8k,early,real_route_replay,781,47,17,real,16.617021276595743,1,131,1.5198727786045299,route_weight,13,0.023744000121951103
case_001_real,gsm8k,early,real_route_replay,781,47,17,real,16.617021276595743,1,131,1.5198727786045299,route_weight,14,0.023231999948620796
case_001_real,gsm8k,early,real_route_replay,781,47,17,real,16.617021276595743,1,131,1.5198727786045299,route_weight,15,0.02319999970495701
case_001_real,gsm8k,early,real_route_replay,781,47,17,real,16.617021276595743,1,131,1.5198727786045299,route_weight,16,0.023104000836610794
case_001_real,gsm8k,early,real_route_replay,781,47,17,real,16.617021276595743,1,131,1.5198727786045299,route_weight,17,0.025472000241279602
case_001_real,gsm8k,early,real_route_replay,781,47,17,real,16.617021276595743,1,131,1.5198727786045299,route_weight,18,0.03977600112557411
case_001_real,gsm8k,early,real_route_replay,781,47,17,real,16.617021276595743,1,131,1.5198727786045299,route_weight,19,0.02550400048494339
case_001_real,gsm8k,early,real_route_replay,781,47,17,real,16.617021276595743,1,131,1.5198727786045299,route_weight,20,0.04320000112056732
case_001_real,gsm8k,early,real_route_replay,781,47,17,real,16.617021276595743,1,131,1.5198727786045299,route_weight,21,0.023423999547958374
case_001_real,gsm8k,early,real_route_replay,781,47,17,real,16.617021276595743,1,131,1.5198727786045299,route_weight,22,0.018303999677300453
case_001_real,gsm8k,early,real_route_replay,781,47,17,real,16.617021276595743,1,131,1.5198727786045299,route_weight,23,0.018751999363303185
case_001_real,gsm8k,early,real_route_replay,781,47,17,real,16.617021276595743,1,131,1.5198727786045299,route_weight,24,0.01635199971497059
case_001_real,gsm8k,early,real_route_replay,781,47,17,real,16.617021276595743,1,131,1.5198727786045299,route_weight,25,0.016287999227643013
case_001_real,gsm8k,early,real_route_replay,781,47,17,real,16.617021276595743,1,131,1.5198727786045299,route_weight,26,0.016224000602960587
case_001_real,gsm8k,early,real_route_replay,781,47,17,real,16.617021276595743,1,131,1.5198727786045299,route_weight,27,0.016224000602960587
case_001_real,gsm8k,early,real_route_replay,781,47,17,real,16.617021276595743,1,131,1.5198727786045299,route_weight,28,0.022975999861955643
case_001_real,gsm8k,early,real_route_replay,781,47,17,real,16.617021276595743,1,131,1.5198727786045299,route_weight,29,0.018271999433636665
case_001_real,gsm8k,early,real_route_replay,781,47,17,real,16.617021276595743,1,131,1.5198727786045299,route_weight,30,0.018719999119639397
case_001_real,gsm8k,early,real_route_replay,781,47,17,real,16.617021276595743,1,131,1.5198727786045299,route_weight,31,0.01775999926030636
case_001_real,gsm8k,early,real_route_replay,781,47,17,real,16.617021276595743,1,131,1.5198727786045299,route_weight,32,0.016992000862956047
case_001_real,gsm8k,early,real_route_replay,781,47,17,real,16.617021276595743,1,131,1.5198727786045299,route_weight,33,0.015968000516295433
case_001_real,gsm8k,early,real_route_replay,781,47,17,real,16.617021276595743,1,131,1.5198727786045299,route_weight,34,0.01711999997496605
case_001_real,gsm8k,early,real_route_replay,781,47,17,real,16.617021276595743,1,131,1.5198727786045299,route_weight,35,0.01635199971497059
case_001_real,gsm8k,early,real_route_replay,781,47,17,real,16.617021276595743,1,131,1.5198727786045299,route_weight,36,0.01635199971497059
case_001_real,gsm8k,early,real_route_replay,781,47,17,real,16.617021276595743,1,131,1.5198727786045299,route_weight,37,0.01603199914097786
case_001_real,gsm8k,early,real_route_replay,781,47,17,real,16.617021276595743,1,131,1.5198727786045299,route_weight,38,0.01648000068962574
case_001_real,gsm8k,early,real_route_replay,781,47,17,real,16.617021276595743,1,131,1.5198727786045299,route_weight,39,0.015904000028967857
case_001_real,gsm8k,early,real_route_replay,781,47,17,real,16.617021276595743,1,131,1.5198727786045299,gate_up_active_prebuilt,0,0.3418560028076172
case_001_real,gsm8k,early,real_route_replay,781,47,17,real,16.617021276595743,1,131,1.5198727786045299,gate_up_active_prebuilt,1,0.3165760040283203
case_001_real,gsm8k,early,real_route_replay,781,47,17,real,16.617021276595743,1,131,1.5198727786045299,gate_up_active_prebuilt,2,0.3140160143375397
case_001_real,gsm8k,early,real_route_replay,781,47,17,real,16.617021276595743,1,131,1.5198727786045299,gate_up_active_prebuilt,3,0.31811198592185974
case_001_real,gsm8k,early,real_route_replay,781,47,17,real,16.617021276595743,1,131,1.5198727786045299,gate_up_active_prebuilt,4,0.3149760067462921
case_001_real,gsm8k,early,real_route_replay,781,47,17,real,16.617021276595743,1,131,1.5198727786045299,gate_up_active_prebuilt,5,0.3165760040283203
case_001_real,gsm8k,early,real_route_replay,781,47,17,real,16.617021276595743,1,131,1.5198727786045299,gate_up_active_prebuilt,6,0.3136639893054962
case_001_real,gsm8k,early,real_route_replay,781,47,17,real,16.617021276595743,1,131,1.5198727786045299,gate_up_active_prebuilt,7,0.31308799982070923
case_001_real,gsm8k,early,real_route_replay,781,47,17,real,16.617021276595743,1,131,1.5198727786045299,gate_up_active_prebuilt,8,0.31593599915504456
case_001_real,gsm8k,early,real_route_replay,781,47,17,real,16.617021276595743,1,131,1.5198727786045299,gate_up_active_prebuilt,9,0.3187200129032135
case_001_real,gsm8k,early,real_route_replay,781,47,17,real,16.617021276595743,1,131,1.5198727786045299,gate_up_active_prebuilt,10,0.3161279857158661
case_001_real,gsm8k,early,real_route_replay,781,47,17,real,16.617021276595743,1,131,1.5198727786045299,gate_up_active_prebuilt,11,0.3163839876651764
case_001_real,gsm8k,early,real_route_replay,781,47,17,real,16.617021276595743,1,131,1.5198727786045299,gate_up_active_prebuilt,12,0.31331199407577515
case_001_real,gsm8k,early,real_route_replay,781,47,17,real,16.617021276595743,1,131,1.5198727786045299,gate_up_active_prebuilt,13,0.3158400058746338
case_001_real,gsm8k,early,real_route_replay,781,47,17,real,16.617021276595743,1,131,1.5198727786045299,gate_up_active_prebuilt,14,0.31145599484443665
case_001_real,gsm8k,early,real_route_replay,781,47,17,real,16.617021276595743,1,131,1.5198727786045299,gate_up_active_prebuilt,15,0.3121280074119568
case_001_real,gsm8k,early,real_route_replay,781,47,17,real,16.617021276595743,1,131,1.5198727786045299,gate_up_active_prebuilt,16,0.31119999289512634
case_001_real,gsm8k,early,real_route_replay,781,47,17,real,16.617021276595743,1,131,1.5198727786045299,gate_up_active_prebuilt,17,0.3139199912548065
case_001_real,gsm8k,early,real_route_replay,781,47,17,real,16.617021276595743,1,131,1.5198727786045299,gate_up_active_prebuilt,18,0.31164801120758057
case_001_real,gsm8k,early,real_route_replay,781,47,17,real,16.617021276595743,1,131,1.5198727786045299,gate_up_active_prebuilt,19,0.3139519989490509
case_001_real,gsm8k,early,real_route_replay,781,47,17,real,16.617021276595743,1,131,1.5198727786045299,gate_up_active_prebuilt,20,0.3139199912548065
case_001_real,gsm8k,early,real_route_replay,781,47,17,real,16.617021276595743,1,131,1.5198727786045299,gate_up_active_prebuilt,21,0.31833600997924805
case_001_real,gsm8k,early,real_route_replay,781,47,17,real,16.617021276595743,1,131,1.5198727786045299,gate_up_active_prebuilt,22,0.31596800684928894
case_001_real,gsm8k,early,real_route_replay,781,47,17,real,16.617021276595743,1,131,1.5198727786045299,gate_up_active_prebuilt,23,0.31593599915504456
case_001_real,gsm8k,early,real_route_replay,781,47,17,real,16.617021276595743,1,131,1.5198727786045299,gate_up_active_prebuilt,24,0.32227200269699097
case_001_real,gsm8k,early,real_route_replay,781,47,17,real,16.617021276595743,1,131,1.5198727786045299,gate_up_active_prebuilt,25,0.32441601157188416
case_001_real,gsm8k,early,real_route_replay,781,47,17,real,16.617021276595743,1,131,1.5198727786045299,gate_up_active_prebuilt,26,0.3222399950027466
case_001_real,gsm8k,early,real_route_replay,781,47,17,real,16.617021276595743,1,131,1.5198727786045299,gate_up_active_prebuilt,27,0.3215999901294708
case_001_real,gsm8k,early,real_route_replay,781,47,17,real,16.617021276595743,1,131,1.5198727786045299,gate_up_active_prebuilt,28,0.3333120048046112
case_001_real,gsm8k,early,real_route_replay,781,47,17,real,16.617021276595743,1,131,1.5198727786045299,gate_up_active_prebuilt,29,0.3287999927997589
case_001_real,gsm8k,early,real_route_replay,781,47,17,real,16.617021276595743,1,131,1.5198727786045299,gate_up_active_prebuilt,30,0.3214080035686493
case_001_real,gsm8k,early,real_route_replay,781,47,17,real,16.617021276595743,1,131,1.5198727786045299,gate_up_active_prebuilt,31,0.3203200101852417
case_001_real,gsm8k,early,real_route_replay,781,47,17,real,16.617021276595743,1,131,1.5198727786045299,gate_up_active_prebuilt,32,0.32943999767303467
case_001_real,gsm8k,early,real_route_replay,781,47,17,real,16.617021276595743,1,131,1.5198727786045299,gate_up_active_prebuilt,33,0.32601600885391235
case_001_real,gsm8k,early,real_route_replay,781,47,17,real,16.617021276595743,1,131,1.5198727786045299,gate_up_active_prebuilt,34,0.3176960051059723
case_001_real,gsm8k,early,real_route_replay,781,47,17,real,16.617021276595743,1,131,1.5198727786045299,gate_up_active_prebuilt,35,0.3179520070552826
case_001_real,gsm8k,early,real_route_replay,781,47,17,real,16.617021276595743,1,131,1.5198727786045299,gate_up_active_prebuilt,36,0.31775999069213867
case_001_real,gsm8k,early,real_route_replay,781,47,17,real,16.617021276595743,1,131,1.5198727786045299,gate_up_active_prebuilt,37,0.31436800956726074
case_001_real,gsm8k,early,real_route_replay,781,47,17,real,16.617021276595743,1,131,1.5198727786045299,gate_up_active_prebuilt,38,0.3160960078239441
case_001_real,gsm8k,early,real_route_replay,781,47,17,real,16.617021276595743,1,131,1.5198727786045299,gate_up_active_prebuilt,39,0.3142400085926056
case_001_real,gsm8k,early,real_route_replay,781,47,17,real,16.617021276595743,1,131,1.5198727786045299,down_active_prebuilt,0,0.20147199928760529
case_001_real,gsm8k,early,real_route_replay,781,47,17,real,16.617021276595743,1,131,1.5198727786045299,down_active_prebuilt,1,0.20556800067424774
case_001_real,gsm8k,early,real_route_replay,781,47,17,real,16.617021276595743,1,131,1.5198727786045299,down_active_prebuilt,2,0.20297600328922272
case_001_real,gsm8k,early,real_route_replay,781,47,17,real,16.617021276595743,1,131,1.5198727786045299,down_active_prebuilt,3,0.201664000749588
case_001_real,gsm8k,early,real_route_replay,781,47,17,real,16.617021276595743,1,131,1.5198727786045299,down_active_prebuilt,4,0.20179200172424316
case_001_real,gsm8k,early,real_route_replay,781,47,17,real,16.617021276595743,1,131,1.5198727786045299,down_active_prebuilt,5,0.20364800095558167
case_001_real,gsm8k,early,real_route_replay,781,47,17,real,16.617021276595743,1,131,1.5198727786045299,down_active_prebuilt,6,0.2035840004682541
case_001_real,gsm8k,early,real_route_replay,781,47,17,real,16.617021276595743,1,131,1.5198727786045299,down_active_prebuilt,7,0.201664000749588
case_001_real,gsm8k,early,real_route_replay,781,47,17,real,16.617021276595743,1,131,1.5198727786045299,down_active_prebuilt,8,0.20160000026226044
case_001_real,gsm8k,early,real_route_replay,781,47,17,real,16.617021276595743,1,131,1.5198727786045299,down_active_prebuilt,9,0.20006400346755981
case_001_real,gsm8k,early,real_route_replay,781,47,17,real,16.617021276595743,1,131,1.5198727786045299,down_active_prebuilt,10,0.20630399882793427
case_001_real,gsm8k,early,real_route_replay,781,47,17,real,16.617021276595743,1,131,1.5198727786045299,down_active_prebuilt,11,0.2008959949016571
case_001_real,gsm8k,early,real_route_replay,781,47,17,real,16.617021276595743,1,131,1.5198727786045299,down_active_prebuilt,12,0.2003840059041977
case_001_real,gsm8k,early,real_route_replay,781,47,17,real,16.617021276595743,1,131,1.5198727786045299,down_active_prebuilt,13,0.20367999374866486
case_001_real,gsm8k,early,real_route_replay,781,47,17,real,16.617021276595743,1,131,1.5198727786045299,down_active_prebuilt,14,0.20025600492954254
case_001_real,gsm8k,early,real_route_replay,781,47,17,real,16.617021276595743,1,131,1.5198727786045299,down_active_prebuilt,15,0.19868800044059753
case_001_real,gsm8k,early,real_route_replay,781,47,17,real,16.617021276595743,1,131,1.5198727786045299,down_active_prebuilt,16,0.208639994263649
case_001_real,gsm8k,early,real_route_replay,781,47,17,real,16.617021276595743,1,131,1.5198727786045299,down_active_prebuilt,17,0.20492799580097198
case_001_real,gsm8k,early,real_route_replay,781,47,17,real,16.617021276595743,1,131,1.5198727786045299,down_active_prebuilt,18,0.20652799308300018
case_001_real,gsm8k,early,real_route_replay,781,47,17,real,16.617021276595743,1,131,1.5198727786045299,down_active_prebuilt,19,0.20080000162124634
case_001_real,gsm8k,early,real_route_replay,781,47,17,real,16.617021276595743,1,131,1.5198727786045299,down_active_prebuilt,20,0.20217600464820862
case_001_real,gsm8k,early,real_route_replay,781,47,17,real,16.617021276595743,1,131,1.5198727786045299,down_active_prebuilt,21,0.20611199736595154
case_001_real,gsm8k,early,real_route_replay,781,47,17,real,16.617021276595743,1,131,1.5198727786045299,down_active_prebuilt,22,0.20771199464797974
case_001_real,gsm8k,early,real_route_replay,781,47,17,real,16.617021276595743,1,131,1.5198727786045299,down_active_prebuilt,23,0.2014079988002777
case_001_real,gsm8k,early,real_route_replay,781,47,17,real,16.617021276595743,1,131,1.5198727786045299,down_active_prebuilt,24,0.2019840031862259
case_001_real,gsm8k,early,real_route_replay,781,47,17,real,16.617021276595743,1,131,1.5198727786045299,down_active_prebuilt,25,0.2016959935426712
case_001_real,gsm8k,early,real_route_replay,781,47,17,real,16.617021276595743,1,131,1.5198727786045299,down_active_prebuilt,26,0.2054399996995926
case_001_real,gsm8k,early,real_route_replay,781,47,17,real,16.617021276595743,1,131,1.5198727786045299,down_active_prebuilt,27,0.2061759978532791
case_001_real,gsm8k,early,real_route_replay,781,47,17,real,16.617021276595743,1,131,1.5198727786045299,down_active_prebuilt,28,0.2014079988002777
case_001_real,gsm8k,early,real_route_replay,781,47,17,real,16.617021276595743,1,131,1.5198727786045299,down_active_prebuilt,29,0.20307199656963348
case_001_real,gsm8k,early,real_route_replay,781,47,17,real,16.617021276595743,1,131,1.5198727786045299,down_active_prebuilt,30,0.19948799908161163
case_001_real,gsm8k,early,real_route_replay,781,47,17,real,16.617021276595743,1,131,1.5198727786045299,down_active_prebuilt,31,0.19894400238990784
case_001_real,gsm8k,early,real_route_replay,781,47,17,real,16.617021276595743,1,131,1.5198727786045299,down_active_prebuilt,32,0.20095999538898468
case_001_real,gsm8k,early,real_route_replay,781,47,17,real,16.617021276595743,1,131,1.5198727786045299,down_active_prebuilt,33,0.20319999754428864
case_001_real,gsm8k,early,real_route_replay,781,47,17,real,16.617021276595743,1,131,1.5198727786045299,down_active_prebuilt,34,0.20336000621318817
case_001_real,gsm8k,early,real_route_replay,781,47,17,real,16.617021276595743,1,131,1.5198727786045299,down_active_prebuilt,35,0.19977599382400513
case_001_real,gsm8k,early,real_route_replay,781,47,17,real,16.617021276595743,1,131,1.5198727786045299,down_active_prebuilt,36,0.197952002286911
case_001_real,gsm8k,early,real_route_replay,781,47,17,real,16.617021276595743,1,131,1.5198727786045299,down_active_prebuilt,37,0.1995840072631836
case_001_real,gsm8k,early,real_route_replay,781,47,17,real,16.617021276595743,1,131,1.5198727786045299,down_active_prebuilt,38,0.20255999267101288
case_001_real,gsm8k,early,real_route_replay,781,47,17,real,16.617021276595743,1,131,1.5198727786045299,down_active_prebuilt,39,0.20022399723529816
case_002_real,gsm8k,early,real_route_replay,114,15,49,real,7.6,1,21,0.8658921178423205,gate_up_active_prebuilt,0,0.11875200271606445
case_002_real,gsm8k,early,real_route_replay,114,15,49,real,7.6,1,21,0.8658921178423205,gate_up_active_prebuilt,1,0.1143999993801117
case_002_real,gsm8k,early,real_route_replay,114,15,49,real,7.6,1,21,0.8658921178423205,gate_up_active_prebuilt,2,0.13017599284648895
case_002_real,gsm8k,early,real_route_replay,114,15,49,real,7.6,1,21,0.8658921178423205,gate_up_active_prebuilt,3,0.12115199863910675
case_002_real,gsm8k,early,real_route_replay,114,15,49,real,7.6,1,21,0.8658921178423205,gate_up_active_prebuilt,4,0.12185599654912949
case_002_real,gsm8k,early,real_route_replay,114,15,49,real,7.6,1,21,0.8658921178423205,gate_up_active_prebuilt,5,0.12064000219106674
case_002_real,gsm8k,early,real_route_replay,114,15,49,real,7.6,1,21,0.8658921178423205,gate_up_active_prebuilt,6,0.12163200229406357
case_002_real,gsm8k,early,real_route_replay,114,15,49,real,7.6,1,21,0.8658921178423205,gate_up_active_prebuilt,7,0.1234240010380745
case_002_real,gsm8k,early,real_route_replay,114,15,49,real,7.6,1,21,0.8658921178423205,gate_up_active_prebuilt,8,0.12489599734544754
case_002_real,gsm8k,early,real_route_replay,114,15,49,real,7.6,1,21,0.8658921178423205,gate_up_active_prebuilt,9,0.12511999905109406
case_002_real,gsm8k,early,real_route_replay,114,15,49,real,7.6,1,21,0.8658921178423205,gate_up_active_prebuilt,10,0.125791996717453
case_002_real,gsm8k,early,real_route_replay,114,15,49,real,7.6,1,21,0.8658921178423205,gate_up_active_prebuilt,11,0.13340799510478973
case_002_real,gsm8k,early,real_route_replay,114,15,49,real,7.6,1,21,0.8658921178423205,gate_up_active_prebuilt,12,0.12336000055074692
case_002_real,gsm8k,early,real_route_replay,114,15,49,real,7.6,1,21,0.8658921178423205,gate_up_active_prebuilt,13,0.11615999788045883
case_002_real,gsm8k,early,real_route_replay,114,15,49,real,7.6,1,21,0.8658921178423205,gate_up_active_prebuilt,14,0.11423999816179276
case_002_real,gsm8k,early,real_route_replay,114,15,49,real,7.6,1,21,0.8658921178423205,gate_up_active_prebuilt,15,0.11468800157308578
case_002_real,gsm8k,early,real_route_replay,114,15,49,real,7.6,1,21,0.8658921178423205,gate_up_active_prebuilt,16,0.11795199662446976
case_002_real,gsm8k,early,real_route_replay,114,15,49,real,7.6,1,21,0.8658921178423205,gate_up_active_prebuilt,17,0.11468800157308578
case_002_real,gsm8k,early,real_route_replay,114,15,49,real,7.6,1,21,0.8658921178423205,gate_up_active_prebuilt,18,0.11766400188207626
case_002_real,gsm8k,early,real_route_replay,114,15,49,real,7.6,1,21,0.8658921178423205,gate_up_active_prebuilt,19,0.11635199934244156
case_002_real,gsm8k,early,real_route_replay,114,15,49,real,7.6,1,21,0.8658921178423205,gate_up_active_prebuilt,20,0.11635199934244156
case_002_real,gsm8k,early,real_route_replay,114,15,49,real,7.6,1,21,0.8658921178423205,gate_up_active_prebuilt,21,0.11721599847078323
case_002_real,gsm8k,early,real_route_replay,114,15,49,real,7.6,1,21,0.8658921178423205,gate_up_active_prebuilt,22,0.12774400413036346
case_002_real,gsm8k,early,real_route_replay,114,15,49,real,7.6,1,21,0.8658921178423205,gate_up_active_prebuilt,23,0.1173119992017746
case_002_real,gsm8k,early,real_route_replay,114,15,49,real,7.6,1,21,0.8658921178423205,gate_up_active_prebuilt,24,0.11772800236940384
case_002_real,gsm8k,early,real_route_replay,114,15,49,real,7.6,1,21,0.8658921178423205,gate_up_active_prebuilt,25,0.11523199826478958
case_002_real,gsm8k,early,real_route_replay,114,15,49,real,7.6,1,21,0.8658921178423205,gate_up_active_prebuilt,26,0.11462400108575821
case_002_real,gsm8k,early,real_route_replay,114,15,49,real,7.6,1,21,0.8658921178423205,gate_up_active_prebuilt,27,0.11760000139474869
case_002_real,gsm8k,early,real_route_replay,114,15,49,real,7.6,1,21,0.8658921178423205,gate_up_active_prebuilt,28,0.12025599926710129
case_002_real,gsm8k,early,real_route_replay,114,15,49,real,7.6,1,21,0.8658921178423205,gate_up_active_prebuilt,29,0.1175680011510849
case_002_real,gsm8k,early,real_route_replay,114,15,49,real,7.6,1,21,0.8658921178423205,gate_up_active_prebuilt,30,0.11619199812412262
case_002_real,gsm8k,early,real_route_replay,114,15,49,real,7.6,1,21,0.8658921178423205,gate_up_active_prebuilt,31,0.11615999788045883
case_002_real,gsm8k,early,real_route_replay,114,15,49,real,7.6,1,21,0.8658921178423205,gate_up_active_prebuilt,32,0.11910399794578552
case_002_real,gsm8k,early,real_route_replay,114,15,49,real,7.6,1,21,0.8658921178423205,gate_up_active_prebuilt,33,0.11638399958610535
case_002_real,gsm8k,early,real_route_replay,114,15,49,real,7.6,1,21,0.8658921178423205,gate_up_active_prebuilt,34,0.11443199962377548
case_002_real,gsm8k,early,real_route_replay,114,15,49,real,7.6,1,21,0.8658921178423205,gate_up_active_prebuilt,35,0.11369600147008896
case_002_real,gsm8k,early,real_route_replay,114,15,49,real,7.6,1,21,0.8658921178423205,gate_up_active_prebuilt,36,0.11503999680280685
case_002_real,gsm8k,early,real_route_replay,114,15,49,real,7.6,1,21,0.8658921178423205,gate_up_active_prebuilt,37,0.11350400000810623
case_002_real,gsm8k,early,real_route_replay,114,15,49,real,7.6,1,21,0.8658921178423205,gate_up_active_prebuilt,38,0.1154559999704361
case_002_real,gsm8k,early,real_route_replay,114,15,49,real,7.6,1,21,0.8658921178423205,gate_up_active_prebuilt,39,0.11699199676513672
case_002_real,gsm8k,early,real_route_replay,114,15,49,real,7.6,1,21,0.8658921178423205,gate_up_full64_prebuilt,0,0.11727999895811081
case_002_real,gsm8k,early,real_route_replay,114,15,49,real,7.6,1,21,0.8658921178423205,gate_up_full64_prebuilt,1,0.115167997777462
case_002_real,gsm8k,early,real_route_replay,114,15,49,real,7.6,1,21,0.8658921178423205,gate_up_full64_prebuilt,2,0.11961600184440613
case_002_real,gsm8k,early,real_route_replay,114,15,49,real,7.6,1,21,0.8658921178423205,gate_up_full64_prebuilt,3,0.11558400094509125
case_002_real,gsm8k,early,real_route_replay,114,15,49,real,7.6,1,21,0.8658921178423205,gate_up_full64_prebuilt,4,0.12403199821710587
case_002_real,gsm8k,early,real_route_replay,114,15,49,real,7.6,1,21,0.8658921178423205,gate_up_full64_prebuilt,5,0.12070400267839432
case_002_real,gsm8k,early,real_route_replay,114,15,49,real,7.6,1,21,0.8658921178423205,gate_up_full64_prebuilt,6,0.11919999867677689
case_002_real,gsm8k,early,real_route_replay,114,15,49,real,7.6,1,21,0.8658921178423205,gate_up_full64_prebuilt,7,0.1207360029220581
case_002_real,gsm8k,early,real_route_replay,114,15,49,real,7.6,1,21,0.8658921178423205,gate_up_full64_prebuilt,8,0.1239359974861145
case_002_real,gsm8k,early,real_route_replay,114,15,49,real,7.6,1,21,0.8658921178423205,gate_up_full64_prebuilt,9,0.12303999811410904
case_002_real,gsm8k,early,real_route_replay,114,15,49,real,7.6,1,21,0.8658921178423205,gate_up_full64_prebuilt,10,0.1215360015630722
case_002_real,gsm8k,early,real_route_replay,114,15,49,real,7.6,1,21,0.8658921178423205,gate_up_full64_prebuilt,11,0.12457600235939026
case_002_real,gsm8k,early,real_route_replay,114,15,49,real,7.6,1,21,0.8658921178423205,gate_up_full64_prebuilt,12,0.12697599828243256
case_002_real,gsm8k,early,real_route_replay,114,15,49,real,7.6,1,21,0.8658921178423205,gate_up_full64_prebuilt,13,0.12217599898576736
case_002_real,gsm8k,early,real_route_replay,114,15,49,real,7.6,1,21,0.8658921178423205,gate_up_full64_prebuilt,14,0.12147200107574463
case_002_real,gsm8k,early,real_route_replay,114,15,49,real,7.6,1,21,0.8658921178423205,gate_up_full64_prebuilt,15,0.12230399996042252
case_002_real,gsm8k,early,real_route_replay,114,15,49,real,7.6,1,21,0.8658921178423205,gate_up_full64_prebuilt,16,0.13900800049304962
case_002_real,gsm8k,early,real_route_replay,114,15,49,real,7.6,1,21,0.8658921178423205,gate_up_full64_prebuilt,17,0.12892800569534302
case_002_real,gsm8k,early,real_route_replay,114,15,49,real,7.6,1,21,0.8658921178423205,gate_up_full64_prebuilt,18,0.12854400277137756
case_002_real,gsm8k,early,real_route_replay,114,15,49,real,7.6,1,21,0.8658921178423205,gate_up_full64_prebuilt,19,0.12374400347471237
case_002_real,gsm8k,early,real_route_replay,114,15,49,real,7.6,1,21,0.8658921178423205,gate_up_full64_prebuilt,20,0.12211199849843979
case_002_real,gsm8k,early,real_route_replay,114,15,49,real,7.6,1,21,0.8658921178423205,gate_up_full64_prebuilt,21,0.12454400211572647
case_002_real,gsm8k,early,real_route_replay,114,15,49,real,7.6,1,21,0.8658921178423205,gate_up_full64_prebuilt,22,0.12787200510501862
case_002_real,gsm8k,early,real_route_replay,114,15,49,real,7.6,1,21,0.8658921178423205,gate_up_full64_prebuilt,23,0.12617599964141846
case_002_real,gsm8k,early,real_route_replay,114,15,49,real,7.6,1,21,0.8658921178423205,gate_up_full64_prebuilt,24,0.12947200238704681
case_002_real,gsm8k,early,real_route_replay,114,15,49,real,7.6,1,21,0.8658921178423205,gate_up_full64_prebuilt,25,0.11990399658679962
case_002_real,gsm8k,early,real_route_replay,114,15,49,real,7.6,1,21,0.8658921178423205,gate_up_full64_prebuilt,26,0.12860800325870514
case_002_real,gsm8k,early,real_route_replay,114,15,49,real,7.6,1,21,0.8658921178423205,gate_up_full64_prebuilt,27,0.12336000055074692
case_002_real,gsm8k,early,real_route_replay,114,15,49,real,7.6,1,21,0.8658921178423205,gate_up_full64_prebuilt,28,0.12265600264072418
case_002_real,gsm8k,early,real_route_replay,114,15,49,real,7.6,1,21,0.8658921178423205,gate_up_full64_prebuilt,29,0.13046400249004364
case_002_real,gsm8k,early,real_route_replay,114,15,49,real,7.6,1,21,0.8658921178423205,gate_up_full64_prebuilt,30,0.12265600264072418
case_002_real,gsm8k,early,real_route_replay,114,15,49,real,7.6,1,21,0.8658921178423205,gate_up_full64_prebuilt,31,0.1249919980764389
case_002_real,gsm8k,early,real_route_replay,114,15,49,real,7.6,1,21,0.8658921178423205,gate_up_full64_prebuilt,32,0.12425599992275238
case_002_real,gsm8k,early,real_route_replay,114,15,49,real,7.6,1,21,0.8658921178423205,gate_up_full64_prebuilt,33,0.13526399433612823
case_002_real,gsm8k,early,real_route_replay,114,15,49,real,7.6,1,21,0.8658921178423205,gate_up_full64_prebuilt,34,0.12422399967908859
case_002_real,gsm8k,early,real_route_replay,114,15,49,real,7.6,1,21,0.8658921178423205,gate_up_full64_prebuilt,35,0.11548800021409988
case_002_real,gsm8k,early,real_route_replay,114,15,49,real,7.6,1,21,0.8658921178423205,gate_up_full64_prebuilt,36,0.1239359974861145
case_002_real,gsm8k,early,real_route_replay,114,15,49,real,7.6,1,21,0.8658921178423205,gate_up_full64_prebuilt,37,0.12563200294971466
case_002_real,gsm8k,early,real_route_replay,114,15,49,real,7.6,1,21,0.8658921178423205,gate_up_full64_prebuilt,38,0.12534399330615997
case_002_real,gsm8k,early,real_route_replay,114,15,49,real,7.6,1,21,0.8658921178423205,gate_up_full64_prebuilt,39,0.12652799487113953
case_002_real,gsm8k,early,real_route_replay,114,15,49,real,7.6,1,21,0.8658921178423205,down_active_prebuilt,0,0.0859839990735054
case_002_real,gsm8k,early,real_route_replay,114,15,49,real,7.6,1,21,0.8658921178423205,down_active_prebuilt,1,0.08569599688053131
case_002_real,gsm8k,early,real_route_replay,114,15,49,real,7.6,1,21,0.8658921178423205,down_active_prebuilt,2,0.08435200154781342
case_002_real,gsm8k,early,real_route_replay,114,15,49,real,7.6,1,21,0.8658921178423205,down_active_prebuilt,3,0.08115199953317642
case_002_real,gsm8k,early,real_route_replay,114,15,49,real,7.6,1,21,0.8658921178423205,down_active_prebuilt,4,0.08191999793052673
case_002_real,gsm8k,early,real_route_replay,114,15,49,real,7.6,1,21,0.8658921178423205,down_active_prebuilt,5,0.07900799810886383
case_002_real,gsm8k,early,real_route_replay,114,15,49,real,7.6,1,21,0.8658921178423205,down_active_prebuilt,6,0.08204799890518188
case_002_real,gsm8k,early,real_route_replay,114,15,49,real,7.6,1,21,0.8658921178423205,down_active_prebuilt,7,0.0820159986615181
case_002_real,gsm8k,early,real_route_replay,114,15,49,real,7.6,1,21,0.8658921178423205,down_active_prebuilt,8,0.08352000266313553
case_002_real,gsm8k,early,real_route_replay,114,15,49,real,7.6,1,21,0.8658921178423205,down_active_prebuilt,9,0.07849600166082382
case_002_real,gsm8k,early,real_route_replay,114,15,49,real,7.6,1,21,0.8658921178423205,down_active_prebuilt,10,0.0791039988398552
case_002_real,gsm8k,early,real_route_replay,114,15,49,real,7.6,1,21,0.8658921178423205,down_active_prebuilt,11,0.07846400141716003
case_002_real,gsm8k,early,real_route_replay,114,15,49,real,7.6,1,21,0.8658921178423205,down_active_prebuilt,12,0.07913599908351898
case_002_real,gsm8k,early,real_route_replay,114,15,49,real,7.6,1,21,0.8658921178423205,down_active_prebuilt,13,0.07897599786520004
case_002_real,gsm8k,early,real_route_replay,114,15,49,real,7.6,1,21,0.8658921178423205,down_active_prebuilt,14,0.08035200089216232
case_002_real,gsm8k,early,real_route_replay,114,15,49,real,7.6,1,21,0.8658921178423205,down_active_prebuilt,15,0.07926400005817413
case_002_real,gsm8k,early,real_route_replay,114,15,49,real,7.6,1,21,0.8658921178423205,down_active_prebuilt,16,0.08048000186681747
case_002_real,gsm8k,early,real_route_replay,114,15,49,real,7.6,1,21,0.8658921178423205,down_active_prebuilt,17,0.07849600166082382
case_002_real,gsm8k,early,real_route_replay,114,15,49,real,7.6,1,21,0.8658921178423205,down_active_prebuilt,18,0.08051200211048126
case_002_real,gsm8k,early,real_route_replay,114,15,49,real,7.6,1,21,0.8658921178423205,down_active_prebuilt,19,0.07820799946784973
case_002_real,gsm8k,early,real_route_replay,114,15,49,real,7.6,1,21,0.8658921178423205,down_active_prebuilt,20,0.07875200361013412
case_002_real,gsm8k,early,real_route_replay,114,15,49,real,7.6,1,21,0.8658921178423205,down_active_prebuilt,21,0.0785600021481514
case_002_real,gsm8k,early,real_route_replay,114,15,49,real,7.6,1,21,0.8658921178423205,down_active_prebuilt,22,0.0801599994301796
case_002_real,gsm8k,early,real_route_replay,114,15,49,real,7.6,1,21,0.8658921178423205,down_active_prebuilt,23,0.07913599908351898
case_002_real,gsm8k,early,real_route_replay,114,15,49,real,7.6,1,21,0.8658921178423205,down_active_prebuilt,24,0.0806720033288002
case_002_real,gsm8k,early,real_route_replay,114,15,49,real,7.6,1,21,0.8658921178423205,down_active_prebuilt,25,0.07865600287914276
case_002_real,gsm8k,early,real_route_replay,114,15,49,real,7.6,1,21,0.8658921178423205,down_active_prebuilt,26,0.07833600044250488
case_002_real,gsm8k,early,real_route_replay,114,15,49,real,7.6,1,21,0.8658921178423205,down_active_prebuilt,27,0.07952000200748444
case_002_real,gsm8k,early,real_route_replay,114,15,49,real,7.6,1,21,0.8658921178423205,down_active_prebuilt,28,0.07846400141716003
case_002_real,gsm8k,early,real_route_replay,114,15,49,real,7.6,1,21,0.8658921178423205,down_active_prebuilt,29,0.07913599908351898
case_002_real,gsm8k,early,real_route_replay,114,15,49,real,7.6,1,21,0.8658921178423205,down_active_prebuilt,30,0.08236800134181976
case_002_real,gsm8k,early,real_route_replay,114,15,49,real,7.6,1,21,0.8658921178423205,down_active_prebuilt,31,0.08153600245714188
case_002_real,gsm8k,early,real_route_replay,114,15,49,real,7.6,1,21,0.8658921178423205,down_active_prebuilt,32,0.08019199967384338
case_002_real,gsm8k,early,real_route_replay,114,15,49,real,7.6,1,21,0.8658921178423205,down_active_prebuilt,33,0.08070400357246399
case_002_real,gsm8k,early,real_route_replay,114,15,49,real,7.6,1,21,0.8658921178423205,down_active_prebuilt,34,0.07884799689054489
case_002_real,gsm8k,early,real_route_replay,114,15,49,real,7.6,1,21,0.8658921178423205,down_active_prebuilt,35,0.077504001557827
case_002_real,gsm8k,early,real_route_replay,114,15,49,real,7.6,1,21,0.8658921178423205,down_active_prebuilt,36,0.08383999764919281
case_002_real,gsm8k,early,real_route_replay,114,15,49,real,7.6,1,21,0.8658921178423205,down_active_prebuilt,37,0.08204799890518188
case_002_real,gsm8k,early,real_route_replay,114,15,49,real,7.6,1,21,0.8658921178423205,down_active_prebuilt,38,0.08224000036716461
case_002_real,gsm8k,early,real_route_replay,114,15,49,real,7.6,1,21,0.8658921178423205,down_active_prebuilt,39,0.07919999957084656
case_002_real,gsm8k,early,real_route_replay,114,15,49,real,7.6,1,21,0.8658921178423205,route_weight,0,0.017216000705957413
case_002_real,gsm8k,early,real_route_replay,114,15,49,real,7.6,1,21,0.8658921178423205,route_weight,1,0.015231999568641186
case_002_real,gsm8k,early,real_route_replay,114,15,49,real,7.6,1,21,0.8658921178423205,route_weight,2,0.013824000023305416
case_002_real,gsm8k,early,real_route_replay,114,15,49,real,7.6,1,21,0.8658921178423205,route_weight,3,0.014592000283300877
case_002_real,gsm8k,early,real_route_replay,114,15,49,real,7.6,1,21,0.8658921178423205,route_weight,4,0.01369599997997284
case_002_real,gsm8k,early,real_route_replay,114,15,49,real,7.6,1,21,0.8658921178423205,route_weight,5,0.014911999925971031
case_002_real,gsm8k,early,real_route_replay,114,15,49,real,7.6,1,21,0.8658921178423205,route_weight,6,0.013791999779641628
case_002_real,gsm8k,early,real_route_replay,114,15,49,real,7.6,1,21,0.8658921178423205,route_weight,7,0.013535999692976475
case_002_real,gsm8k,early,real_route_replay,114,15,49,real,7.6,1,21,0.8658921178423205,route_weight,8,0.01414399966597557
case_002_real,gsm8k,early,real_route_replay,114,15,49,real,7.6,1,21,0.8658921178423205,route_weight,9,0.012896000407636166
case_002_real,gsm8k,early,real_route_replay,114,15,49,real,7.6,1,21,0.8658921178423205,route_weight,10,0.014783999882638454
case_002_real,gsm8k,early,real_route_replay,114,15,49,real,7.6,1,21,0.8658921178423205,route_weight,11,0.01369599997997284
case_002_real,gsm8k,early,real_route_replay,114,15,49,real,7.6,1,21,0.8658921178423205,route_weight,12,0.014688000082969666
case_002_real,gsm8k,early,real_route_replay,114,15,49,real,7.6,1,21,0.8658921178423205,route_weight,13,0.014976000413298607
case_002_real,gsm8k,early,real_route_replay,114,15,49,real,7.6,1,21,0.8658921178423205,route_weight,14,0.012799999676644802
case_002_real,gsm8k,early,real_route_replay,114,15,49,real,7.6,1,21,0.8658921178423205,route_weight,15,0.013663999736309052
case_002_real,gsm8k,early,real_route_replay,114,15,49,real,7.6,1,21,0.8658921178423205,route_weight,16,0.013439999893307686
case_002_real,gsm8k,early,real_route_replay,114,15,49,real,7.6,1,21,0.8658921178423205,route_weight,17,0.013632000423967838
case_002_real,gsm8k,early,real_route_replay,114,15,49,real,7.6,1,21,0.8658921178423205,route_weight,18,0.017472000792622566
case_002_real,gsm8k,early,real_route_replay,114,15,49,real,7.6,1,21,0.8658921178423205,route_weight,19,0.015296000055968761
case_002_real,gsm8k,early,real_route_replay,114,15,49,real,7.6,1,21,0.8658921178423205,route_weight,20,0.01571200042963028
case_002_real,gsm8k,early,real_route_replay,114,15,49,real,7.6,1,21,0.8658921178423205,route_weight,21,0.018464000895619392
case_002_real,gsm8k,early,real_route_replay,114,15,49,real,7.6,1,21,0.8658921178423205,route_weight,22,0.014240000396966934
case_002_real,gsm8k,early,real_route_replay,114,15,49,real,7.6,1,21,0.8658921178423205,route_weight,23,0.014112000353634357
case_002_real,gsm8k,early,real_route_replay,114,15,49,real,7.6,1,21,0.8658921178423205,route_weight,24,0.01321600005030632
case_002_real,gsm8k,early,real_route_replay,114,15,49,real,7.6,1,21,0.8658921178423205,route_weight,25,0.013632000423967838
case_002_real,gsm8k,early,real_route_replay,114,15,49,real,7.6,1,21,0.8658921178423205,route_weight,26,0.01375999953597784
case_002_real,gsm8k,early,real_route_replay,114,15,49,real,7.6,1,21,0.8658921178423205,route_weight,27,0.013535999692976475
case_002_real,gsm8k,early,real_route_replay,114,15,49,real,7.6,1,21,0.8658921178423205,route_weight,28,0.013567999936640263
case_002_real,gsm8k,early,real_route_replay,114,15,49,real,7.6,1,21,0.8658921178423205,route_weight,29,0.014720000326633453
case_002_real,gsm8k,early,real_route_replay,114,15,49,real,7.6,1,21,0.8658921178423205,route_weight,30,0.014879999682307243
case_002_real,gsm8k,early,real_route_replay,114,15,49,real,7.6,1,21,0.8658921178423205,route_weight,31,0.017311999574303627
case_002_real,gsm8k,early,real_route_replay,114,15,49,real,7.6,1,21,0.8658921178423205,route_weight,32,0.015135999768972397
case_002_real,gsm8k,early,real_route_replay,114,15,49,real,7.6,1,21,0.8658921178423205,route_weight,33,0.01500799972563982
case_002_real,gsm8k,early,real_route_replay,114,15,49,real,7.6,1,21,0.8658921178423205,route_weight,34,0.014976000413298607
case_002_real,gsm8k,early,real_route_replay,114,15,49,real,7.6,1,21,0.8658921178423205,route_weight,35,0.01583999954164028
case_002_real,gsm8k,early,real_route_replay,114,15,49,real,7.6,1,21,0.8658921178423205,route_weight,36,0.015135999768972397
case_002_real,gsm8k,early,real_route_replay,114,15,49,real,7.6,1,21,0.8658921178423205,route_weight,37,0.01462399959564209
case_002_real,gsm8k,early,real_route_replay,114,15,49,real,7.6,1,21,0.8658921178423205,route_weight,38,0.015231999568641186
case_002_real,gsm8k,early,real_route_replay,114,15,49,real,7.6,1,21,0.8658921178423205,route_weight,39,0.014112000353634357
case_002_real,gsm8k,early,real_route_replay,114,15,49,real,7.6,1,21,0.8658921178423205,down_full64_prebuilt,0,0.09136000275611877
case_002_real,gsm8k,early,real_route_replay,114,15,49,real,7.6,1,21,0.8658921178423205,down_full64_prebuilt,1,0.09180799871683121
case_002_real,gsm8k,early,real_route_replay,114,15,49,real,7.6,1,21,0.8658921178423205,down_full64_prebuilt,2,0.08505599945783615
case_002_real,gsm8k,early,real_route_replay,114,15,49,real,7.6,1,21,0.8658921178423205,down_full64_prebuilt,3,0.0883840024471283
case_002_real,gsm8k,early,real_route_replay,114,15,49,real,7.6,1,21,0.8658921178423205,down_full64_prebuilt,4,0.08560000360012054
case_002_real,gsm8k,early,real_route_replay,114,15,49,real,7.6,1,21,0.8658921178423205,down_full64_prebuilt,5,0.088128000497818
case_002_real,gsm8k,early,real_route_replay,114,15,49,real,7.6,1,21,0.8658921178423205,down_full64_prebuilt,6,0.0835840031504631
case_002_real,gsm8k,early,real_route_replay,114,15,49,real,7.6,1,21,0.8658921178423205,down_full64_prebuilt,7,0.08534400165081024
case_002_real,gsm8k,early,real_route_replay,114,15,49,real,7.6,1,21,0.8658921178423205,down_full64_prebuilt,8,0.08879999816417694
case_002_real,gsm8k,early,real_route_replay,114,15,49,real,7.6,1,21,0.8658921178423205,down_full64_prebuilt,9,0.08649600297212601
case_002_real,gsm8k,early,real_route_replay,114,15,49,real,7.6,1,21,0.8658921178423205,down_full64_prebuilt,10,0.0899519994854927
case_002_real,gsm8k,early,real_route_replay,114,15,49,real,7.6,1,21,0.8658921178423205,down_full64_prebuilt,11,0.08982399851083755
case_002_real,gsm8k,early,real_route_replay,114,15,49,real,7.6,1,21,0.8658921178423205,down_full64_prebuilt,12,0.08873599767684937
case_002_real,gsm8k,early,real_route_replay,114,15,49,real,7.6,1,21,0.8658921178423205,down_full64_prebuilt,13,0.09228800237178802
case_002_real,gsm8k,early,real_route_replay,114,15,49,real,7.6,1,21,0.8658921178423205,down_full64_prebuilt,14,0.09286399930715561
case_002_real,gsm8k,early,real_route_replay,114,15,49,real,7.6,1,21,0.8658921178423205,down_full64_prebuilt,15,0.09177599847316742
case_002_real,gsm8k,early,real_route_replay,114,15,49,real,7.6,1,21,0.8658921178423205,down_full64_prebuilt,16,0.08979199826717377
case_002_real,gsm8k,early,real_route_replay,114,15,49,real,7.6,1,21,0.8658921178423205,down_full64_prebuilt,17,0.08627200126647949
case_002_real,gsm8k,early,real_route_replay,114,15,49,real,7.6,1,21,0.8658921178423205,down_full64_prebuilt,18,0.09017600119113922
case_002_real,gsm8k,early,real_route_replay,114,15,49,real,7.6,1,21,0.8658921178423205,down_full64_prebuilt,19,0.08985599875450134
case_002_real,gsm8k,early,real_route_replay,114,15,49,real,7.6,1,21,0.8658921178423205,down_full64_prebuilt,20,0.08832000195980072
case_002_real,gsm8k,early,real_route_replay,114,15,49,real,7.6,1,21,0.8658921178423205,down_full64_prebuilt,21,0.08985599875450134
case_002_real,gsm8k,early,real_route_replay,114,15,49,real,7.6,1,21,0.8658921178423205,down_full64_prebuilt,22,0.08979199826717377
case_002_real,gsm8k,early,real_route_replay,114,15,49,real,7.6,1,21,0.8658921178423205,down_full64_prebuilt,23,0.09446399658918381
case_002_real,gsm8k,early,real_route_replay,114,15,49,real,7.6,1,21,0.8658921178423205,down_full64_prebuilt,24,0.09145600348711014
case_002_real,gsm8k,early,real_route_replay,114,15,49,real,7.6,1,21,0.8658921178423205,down_full64_prebuilt,25,0.0910400003194809
case_002_real,gsm8k,early,real_route_replay,114,15,49,real,7.6,1,21,0.8658921178423205,down_full64_prebuilt,26,0.09164799749851227
case_002_real,gsm8k,early,real_route_replay,114,15,49,real,7.6,1,21,0.8658921178423205,down_full64_prebuilt,27,0.09161599725484848
case_002_real,gsm8k,early,real_route_replay,114,15,49,real,7.6,1,21,0.8658921178423205,down_full64_prebuilt,28,0.09084799885749817
case_002_real,gsm8k,early,real_route_replay,114,15,49,real,7.6,1,21,0.8658921178423205,down_full64_prebuilt,29,0.08947200328111649
case_002_real,gsm8k,early,real_route_replay,114,15,49,real,7.6,1,21,0.8658921178423205,down_full64_prebuilt,30,0.08771199733018875
case_002_real,gsm8k,early,real_route_replay,114,15,49,real,7.6,1,21,0.8658921178423205,down_full64_prebuilt,31,0.0888959988951683
case_002_real,gsm8k,early,real_route_replay,114,15,49,real,7.6,1,21,0.8658921178423205,down_full64_prebuilt,32,0.09257599711418152
case_002_real,gsm8k,early,real_route_replay,114,15,49,real,7.6,1,21,0.8658921178423205,down_full64_prebuilt,33,0.08799999952316284
case_002_real,gsm8k,early,real_route_replay,114,15,49,real,7.6,1,21,0.8658921178423205,down_full64_prebuilt,34,0.08403199911117554
case_002_real,gsm8k,early,real_route_replay,114,15,49,real,7.6,1,21,0.8658921178423205,down_full64_prebuilt,35,0.09139200299978256
case_002_real,gsm8k,early,real_route_replay,114,15,49,real,7.6,1,21,0.8658921178423205,down_full64_prebuilt,36,0.08982399851083755
case_002_real,gsm8k,early,real_route_replay,114,15,49,real,7.6,1,21,0.8658921178423205,down_full64_prebuilt,37,0.08816000074148178
case_002_real,gsm8k,early,real_route_replay,114,15,49,real,7.6,1,21,0.8658921178423205,down_full64_prebuilt,38,0.10185600072145462
case_002_real,gsm8k,early,real_route_replay,114,15,49,real,7.6,1,21,0.8658921178423205,down_full64_prebuilt,39,0.09081599861383438
case_002_real,gsm8k,early,real_route_replay,114,15,49,real,7.6,1,21,0.8658921178423205,swiglu,0,0.03683200106024742
case_002_real,gsm8k,early,real_route_replay,114,15,49,real,7.6,1,21,0.8658921178423205,swiglu,1,0.02579200081527233
case_002_real,gsm8k,early,real_route_replay,114,15,49,real,7.6,1,21,0.8658921178423205,swiglu,2,0.025119999423623085
case_002_real,gsm8k,early,real_route_replay,114,15,49,real,7.6,1,21,0.8658921178423205,swiglu,3,0.022336000576615334
case_002_real,gsm8k,early,real_route_replay,114,15,49,real,7.6,1,21,0.8658921178423205,swiglu,4,0.022816000506281853
case_002_real,gsm8k,early,real_route_replay,114,15,49,real,7.6,1,21,0.8658921178423205,swiglu,5,0.023296000435948372
case_002_real,gsm8k,early,real_route_replay,114,15,49,real,7.6,1,21,0.8658921178423205,swiglu,6,0.021856000646948814
case_002_real,gsm8k,early,real_route_replay,114,15,49,real,7.6,1,21,0.8658921178423205,swiglu,7,0.021536000072956085
case_002_real,gsm8k,early,real_route_replay,114,15,49,real,7.6,1,21,0.8658921178423205,swiglu,8,0.02550400048494339
case_002_real,gsm8k,early,real_route_replay,114,15,49,real,7.6,1,21,0.8658921178423205,swiglu,9,0.022943999618291855
case_002_real,gsm8k,early,real_route_replay,114,15,49,real,7.6,1,21,0.8658921178423205,swiglu,10,0.02179200015962124
case_002_real,gsm8k,early,real_route_replay,114,15,49,real,7.6,1,21,0.8658921178423205,swiglu,11,0.02304000034928322
case_002_real,gsm8k,early,real_route_replay,114,15,49,real,7.6,1,21,0.8658921178423205,swiglu,12,0.022624000906944275
case_002_real,gsm8k,early,real_route_replay,114,15,49,real,7.6,1,21,0.8658921178423205,swiglu,13,0.022048000246286392
case_002_real,gsm8k,early,real_route_replay,114,15,49,real,7.6,1,21,0.8658921178423205,swiglu,14,0.02175999991595745
case_002_real,gsm8k,early,real_route_replay,114,15,49,real,7.6,1,21,0.8658921178423205,swiglu,15,0.02223999984562397
case_002_real,gsm8k,early,real_route_replay,114,15,49,real,7.6,1,21,0.8658921178423205,swiglu,16,0.021056000143289566
case_002_real,gsm8k,early,real_route_replay,114,15,49,real,7.6,1,21,0.8658921178423205,swiglu,17,0.02163200080394745
case_002_real,gsm8k,early,real_route_replay,114,15,49,real,7.6,1,21,0.8658921178423205,swiglu,18,0.02175999991595745
case_002_real,gsm8k,early,real_route_replay,114,15,49,real,7.6,1,21,0.8658921178423205,swiglu,19,0.027295999228954315
case_002_real,gsm8k,early,real_route_replay,114,15,49,real,7.6,1,21,0.8658921178423205,swiglu,20,0.023104000836610794
case_002_real,gsm8k,early,real_route_replay,114,15,49,real,7.6,1,21,0.8658921178423205,swiglu,21,0.0226879995316267
case_002_real,gsm8k,early,real_route_replay,114,15,49,real,7.6,1,21,0.8658921178423205,swiglu,22,0.02505600079894066
case_002_real,gsm8k,early,real_route_replay,114,15,49,real,7.6,1,21,0.8658921178423205,swiglu,23,0.024159999564290047
case_002_real,gsm8k,early,real_route_replay,114,15,49,real,7.6,1,21,0.8658921178423205,swiglu,24,0.022911999374628067
case_002_real,gsm8k,early,real_route_replay,114,15,49,real,7.6,1,21,0.8658921178423205,swiglu,25,0.02271999977529049
case_002_real,gsm8k,early,real_route_replay,114,15,49,real,7.6,1,21,0.8658921178423205,swiglu,26,0.0226879995316267
case_002_real,gsm8k,early,real_route_replay,114,15,49,real,7.6,1,21,0.8658921178423205,swiglu,27,0.022624000906944275
case_002_real,gsm8k,early,real_route_replay,114,15,49,real,7.6,1,21,0.8658921178423205,swiglu,28,0.021536000072956085
case_002_real,gsm8k,early,real_route_replay,114,15,49,real,7.6,1,21,0.8658921178423205,swiglu,29,0.021344000473618507
case_002_real,gsm8k,early,real_route_replay,114,15,49,real,7.6,1,21,0.8658921178423205,swiglu,30,0.023679999634623528
case_002_real,gsm8k,early,real_route_replay,114,15,49,real,7.6,1,21,0.8658921178423205,swiglu,31,0.020896000787615776
case_002_real,gsm8k,early,real_route_replay,114,15,49,real,7.6,1,21,0.8658921178423205,swiglu,32,0.01958400011062622
case_002_real,gsm8k,early,real_route_replay,114,15,49,real,7.6,1,21,0.8658921178423205,swiglu,33,0.021183999255299568
case_002_real,gsm8k,early,real_route_replay,114,15,49,real,7.6,1,21,0.8658921178423205,swiglu,34,0.027264000847935677
case_002_real,gsm8k,early,real_route_replay,114,15,49,real,7.6,1,21,0.8658921178423205,swiglu,35,0.02287999913096428
case_002_real,gsm8k,early,real_route_replay,114,15,49,real,7.6,1,21,0.8658921178423205,swiglu,36,0.01990400068461895
case_002_real,gsm8k,early,real_route_replay,114,15,49,real,7.6,1,21,0.8658921178423205,swiglu,37,0.020800000056624413
case_002_real,gsm8k,early,real_route_replay,114,15,49,real,7.6,1,21,0.8658921178423205,swiglu,38,0.02022399939596653
case_002_real,gsm8k,early,real_route_replay,114,15,49,real,7.6,1,21,0.8658921178423205,swiglu,39,0.0208320003002882
case_003_real,gsm8k,early,real_route_replay,922,35,29,real,26.34285714285714,1,237,1.57649172405167,down_active_prebuilt,0,0.17603200674057007
case_003_real,gsm8k,early,real_route_replay,922,35,29,real,26.34285714285714,1,237,1.57649172405167,down_active_prebuilt,1,0.16064000129699707
case_003_real,gsm8k,early,real_route_replay,922,35,29,real,26.34285714285714,1,237,1.57649172405167,down_active_prebuilt,2,0.1552319973707199
case_003_real,gsm8k,early,real_route_replay,922,35,29,real,26.34285714285714,1,237,1.57649172405167,down_active_prebuilt,3,0.15225599706172943
case_003_real,gsm8k,early,real_route_replay,922,35,29,real,26.34285714285714,1,237,1.57649172405167,down_active_prebuilt,4,0.1536960005760193
case_003_real,gsm8k,early,real_route_replay,922,35,29,real,26.34285714285714,1,237,1.57649172405167,down_active_prebuilt,5,0.15276800096035004
case_003_real,gsm8k,early,real_route_replay,922,35,29,real,26.34285714285714,1,237,1.57649172405167,down_active_prebuilt,6,0.15222400426864624
case_003_real,gsm8k,early,real_route_replay,922,35,29,real,26.34285714285714,1,237,1.57649172405167,down_active_prebuilt,7,0.15222400426864624
case_003_real,gsm8k,early,real_route_replay,922,35,29,real,26.34285714285714,1,237,1.57649172405167,down_active_prebuilt,8,0.15651200711727142
case_003_real,gsm8k,early,real_route_replay,922,35,29,real,26.34285714285714,1,237,1.57649172405167,down_active_prebuilt,9,0.15529599785804749
case_003_real,gsm8k,early,real_route_replay,922,35,29,real,26.34285714285714,1,237,1.57649172405167,down_active_prebuilt,10,0.15545600652694702
case_003_real,gsm8k,early,real_route_replay,922,35,29,real,26.34285714285714,1,237,1.57649172405167,down_active_prebuilt,11,0.15612800419330597
case_003_real,gsm8k,early,real_route_replay,922,35,29,real,26.34285714285714,1,237,1.57649172405167,down_active_prebuilt,12,0.15347200632095337
case_003_real,gsm8k,early,real_route_replay,922,35,29,real,26.34285714285714,1,237,1.57649172405167,down_active_prebuilt,13,0.15615999698638916
case_003_real,gsm8k,early,real_route_replay,922,35,29,real,26.34285714285714,1,237,1.57649172405167,down_active_prebuilt,14,0.15430399775505066
case_003_real,gsm8k,early,real_route_replay,922,35,29,real,26.34285714285714,1,237,1.57649172405167,down_active_prebuilt,15,0.1539199948310852
case_003_real,gsm8k,early,real_route_replay,922,35,29,real,26.34285714285714,1,237,1.57649172405167,down_active_prebuilt,16,0.15427200496196747
case_003_real,gsm8k,early,real_route_replay,922,35,29,real,26.34285714285714,1,237,1.57649172405167,down_active_prebuilt,17,0.15520000457763672
case_003_real,gsm8k,early,real_route_replay,922,35,29,real,26.34285714285714,1,237,1.57649172405167,down_active_prebuilt,18,0.1533759981393814
case_003_real,gsm8k,early,real_route_replay,922,35,29,real,26.34285714285714,1,237,1.57649172405167,down_active_prebuilt,19,0.15459200739860535
case_003_real,gsm8k,early,real_route_replay,922,35,29,real,26.34285714285714,1,237,1.57649172405167,down_active_prebuilt,20,0.15455999970436096
case_003_real,gsm8k,early,real_route_replay,922,35,29,real,26.34285714285714,1,237,1.57649172405167,down_active_prebuilt,21,0.1520639955997467
case_003_real,gsm8k,early,real_route_replay,922,35,29,real,26.34285714285714,1,237,1.57649172405167,down_active_prebuilt,22,0.15187199413776398
case_003_real,gsm8k,early,real_route_replay,922,35,29,real,26.34285714285714,1,237,1.57649172405167,down_active_prebuilt,23,0.15212799608707428
case_003_real,gsm8k,early,real_route_replay,922,35,29,real,26.34285714285714,1,237,1.57649172405167,down_active_prebuilt,24,0.15663999319076538
case_003_real,gsm8k,early,real_route_replay,922,35,29,real,26.34285714285714,1,237,1.57649172405167,down_active_prebuilt,25,0.15702399611473083
case_003_real,gsm8k,early,real_route_replay,922,35,29,real,26.34285714285714,1,237,1.57649172405167,down_active_prebuilt,26,0.156031996011734
case_003_real,gsm8k,early,real_route_replay,922,35,29,real,26.34285714285714,1,237,1.57649172405167,down_active_prebuilt,27,0.1547199934720993
case_003_real,gsm8k,early,real_route_replay,922,35,29,real,26.34285714285714,1,237,1.57649172405167,down_active_prebuilt,28,0.15328000485897064
case_003_real,gsm8k,early,real_route_replay,922,35,29,real,26.34285714285714,1,237,1.57649172405167,down_active_prebuilt,29,0.15564799308776855
case_003_real,gsm8k,early,real_route_replay,922,35,29,real,26.34285714285714,1,237,1.57649172405167,down_active_prebuilt,30,0.15036800503730774
case_003_real,gsm8k,early,real_route_replay,922,35,29,real,26.34285714285714,1,237,1.57649172405167,down_active_prebuilt,31,0.15343999862670898
case_003_real,gsm8k,early,real_route_replay,922,35,29,real,26.34285714285714,1,237,1.57649172405167,down_active_prebuilt,32,0.15158399939537048
case_003_real,gsm8k,early,real_route_replay,922,35,29,real,26.34285714285714,1,237,1.57649172405167,down_active_prebuilt,33,0.15481600165367126
case_003_real,gsm8k,early,real_route_replay,922,35,29,real,26.34285714285714,1,237,1.57649172405167,down_active_prebuilt,34,0.15932799875736237
case_003_real,gsm8k,early,real_route_replay,922,35,29,real,26.34285714285714,1,237,1.57649172405167,down_active_prebuilt,35,0.16313600540161133
case_003_real,gsm8k,early,real_route_replay,922,35,29,real,26.34285714285714,1,237,1.57649172405167,down_active_prebuilt,36,0.16124799847602844
case_003_real,gsm8k,early,real_route_replay,922,35,29,real,26.34285714285714,1,237,1.57649172405167,down_active_prebuilt,37,0.16099199652671814
case_003_real,gsm8k,early,real_route_replay,922,35,29,real,26.34285714285714,1,237,1.57649172405167,down_active_prebuilt,38,0.1627199947834015
case_003_real,gsm8k,early,real_route_replay,922,35,29,real,26.34285714285714,1,237,1.57649172405167,down_active_prebuilt,39,0.1645440012216568
case_003_real,gsm8k,early,real_route_replay,922,35,29,real,26.34285714285714,1,237,1.57649172405167,gate_up_full64_prebuilt,0,0.2535359859466553
case_003_real,gsm8k,early,real_route_replay,922,35,29,real,26.34285714285714,1,237,1.57649172405167,gate_up_full64_prebuilt,1,0.2600319981575012
case_003_real,gsm8k,early,real_route_replay,922,35,29,real,26.34285714285714,1,237,1.57649172405167,gate_up_full64_prebuilt,2,0.24617600440979004
case_003_real,gsm8k,early,real_route_replay,922,35,29,real,26.34285714285714,1,237,1.57649172405167,gate_up_full64_prebuilt,3,0.24160000681877136
case_003_real,gsm8k,early,real_route_replay,922,35,29,real,26.34285714285714,1,237,1.57649172405167,gate_up_full64_prebuilt,4,0.23974399268627167
case_003_real,gsm8k,early,real_route_replay,922,35,29,real,26.34285714285714,1,237,1.57649172405167,gate_up_full64_prebuilt,5,0.24323199689388275
case_003_real,gsm8k,early,real_route_replay,922,35,29,real,26.34285714285714,1,237,1.57649172405167,gate_up_full64_prebuilt,6,0.2415360063314438
case_003_real,gsm8k,early,real_route_replay,922,35,29,real,26.34285714285714,1,237,1.57649172405167,gate_up_full64_prebuilt,7,0.24451200664043427
case_003_real,gsm8k,early,real_route_replay,922,35,29,real,26.34285714285714,1,237,1.57649172405167,gate_up_full64_prebuilt,8,0.2422720044851303
case_003_real,gsm8k,early,real_route_replay,922,35,29,real,26.34285714285714,1,237,1.57649172405167,gate_up_full64_prebuilt,9,0.2399359941482544
case_003_real,gsm8k,early,real_route_replay,922,35,29,real,26.34285714285714,1,237,1.57649172405167,gate_up_full64_prebuilt,10,0.23987199366092682
case_003_real,gsm8k,early,real_route_replay,922,35,29,real,26.34285714285714,1,237,1.57649172405167,gate_up_full64_prebuilt,11,0.24105599522590637
case_003_real,gsm8k,early,real_route_replay,922,35,29,real,26.34285714285714,1,237,1.57649172405167,gate_up_full64_prebuilt,12,0.24729600548744202
case_003_real,gsm8k,early,real_route_replay,922,35,29,real,26.34285714285714,1,237,1.57649172405167,gate_up_full64_prebuilt,13,0.24249599874019623
case_003_real,gsm8k,early,real_route_replay,922,35,29,real,26.34285714285714,1,237,1.57649172405167,gate_up_full64_prebuilt,14,0.23958399891853333
case_003_real,gsm8k,early,real_route_replay,922,35,29,real,26.34285714285714,1,237,1.57649172405167,gate_up_full64_prebuilt,15,0.24054400622844696
case_003_real,gsm8k,early,real_route_replay,922,35,29,real,26.34285714285714,1,237,1.57649172405167,gate_up_full64_prebuilt,16,0.2393919974565506
case_003_real,gsm8k,early,real_route_replay,922,35,29,real,26.34285714285714,1,237,1.57649172405167,gate_up_full64_prebuilt,17,0.24457600712776184
case_003_real,gsm8k,early,real_route_replay,922,35,29,real,26.34285714285714,1,237,1.57649172405167,gate_up_full64_prebuilt,18,0.24211199581623077
case_003_real,gsm8k,early,real_route_replay,922,35,29,real,26.34285714285714,1,237,1.57649172405167,gate_up_full64_prebuilt,19,0.24409599602222443
case_003_real,gsm8k,early,real_route_replay,922,35,29,real,26.34285714285714,1,237,1.57649172405167,gate_up_full64_prebuilt,20,0.23996800184249878
case_003_real,gsm8k,early,real_route_replay,922,35,29,real,26.34285714285714,1,237,1.57649172405167,gate_up_full64_prebuilt,21,0.24060800671577454
case_003_real,gsm8k,early,real_route_replay,922,35,29,real,26.34285714285714,1,237,1.57649172405167,gate_up_full64_prebuilt,22,0.24003200232982635
case_003_real,gsm8k,early,real_route_replay,922,35,29,real,26.34285714285714,1,237,1.57649172405167,gate_up_full64_prebuilt,23,0.24953599274158478
case_003_real,gsm8k,early,real_route_replay,922,35,29,real,26.34285714285714,1,237,1.57649172405167,gate_up_full64_prebuilt,24,0.252128005027771
case_003_real,gsm8k,early,real_route_replay,922,35,29,real,26.34285714285714,1,237,1.57649172405167,gate_up_full64_prebuilt,25,0.25091201066970825
case_003_real,gsm8k,early,real_route_replay,922,35,29,real,26.34285714285714,1,237,1.57649172405167,gate_up_full64_prebuilt,26,0.2487040013074875
case_003_real,gsm8k,early,real_route_replay,922,35,29,real,26.34285714285714,1,237,1.57649172405167,gate_up_full64_prebuilt,27,0.2479040026664734
case_003_real,gsm8k,early,real_route_replay,922,35,29,real,26.34285714285714,1,237,1.57649172405167,gate_up_full64_prebuilt,28,0.2516160011291504
case_003_real,gsm8k,early,real_route_replay,922,35,29,real,26.34285714285714,1,237,1.57649172405167,gate_up_full64_prebuilt,29,0.24432000517845154
case_003_real,gsm8k,early,real_route_replay,922,35,29,real,26.34285714285714,1,237,1.57649172405167,gate_up_full64_prebuilt,30,0.2401600033044815
case_003_real,gsm8k,early,real_route_replay,922,35,29,real,26.34285714285714,1,237,1.57649172405167,gate_up_full64_prebuilt,31,0.23996800184249878
case_003_real,gsm8k,early,real_route_replay,922,35,29,real,26.34285714285714,1,237,1.57649172405167,gate_up_full64_prebuilt,32,0.24355199933052063
case_003_real,gsm8k,early,real_route_replay,922,35,29,real,26.34285714285714,1,237,1.57649172405167,gate_up_full64_prebuilt,33,0.2444159984588623
case_003_real,gsm8k,early,real_route_replay,922,35,29,real,26.34285714285714,1,237,1.57649172405167,gate_up_full64_prebuilt,34,0.24271999299526215
case_003_real,gsm8k,early,real_route_replay,922,35,29,real,26.34285714285714,1,237,1.57649172405167,gate_up_full64_prebuilt,35,0.24527999758720398
case_003_real,gsm8k,early,real_route_replay,922,35,29,real,26.34285714285714,1,237,1.57649172405167,gate_up_full64_prebuilt,36,0.24166400730609894
case_003_real,gsm8k,early,real_route_replay,922,35,29,real,26.34285714285714,1,237,1.57649172405167,gate_up_full64_prebuilt,37,0.2409600019454956
case_003_real,gsm8k,early,real_route_replay,922,35,29,real,26.34285714285714,1,237,1.57649172405167,gate_up_full64_prebuilt,38,0.2417919933795929
case_003_real,gsm8k,early,real_route_replay,922,35,29,real,26.34285714285714,1,237,1.57649172405167,gate_up_full64_prebuilt,39,0.24262399971485138
case_003_real,gsm8k,early,real_route_replay,922,35,29,real,26.34285714285714,1,237,1.57649172405167,gate_up_active_prebuilt,0,0.24297599494457245
case_003_real,gsm8k,early,real_route_replay,922,35,29,real,26.34285714285714,1,237,1.57649172405167,gate_up_active_prebuilt,1,0.2441920042037964
case_003_real,gsm8k,early,real_route_replay,922,35,29,real,26.34285714285714,1,237,1.57649172405167,gate_up_active_prebuilt,2,0.24115200340747833
case_003_real,gsm8k,early,real_route_replay,922,35,29,real,26.34285714285714,1,237,1.57649172405167,gate_up_active_prebuilt,3,0.24182400107383728
case_003_real,gsm8k,early,real_route_replay,922,35,29,real,26.34285714285714,1,237,1.57649172405167,gate_up_active_prebuilt,4,0.24208000302314758
case_003_real,gsm8k,early,real_route_replay,922,35,29,real,26.34285714285714,1,237,1.57649172405167,gate_up_active_prebuilt,5,0.2391040027141571
case_003_real,gsm8k,early,real_route_replay,922,35,29,real,26.34285714285714,1,237,1.57649172405167,gate_up_active_prebuilt,6,0.23926399648189545
case_003_real,gsm8k,early,real_route_replay,922,35,29,real,26.34285714285714,1,237,1.57649172405167,gate_up_active_prebuilt,7,0.23871999979019165
case_003_real,gsm8k,early,real_route_replay,922,35,29,real,26.34285714285714,1,237,1.57649172405167,gate_up_active_prebuilt,8,0.2399359941482544
case_003_real,gsm8k,early,real_route_replay,922,35,29,real,26.34285714285714,1,237,1.57649172405167,gate_up_active_prebuilt,9,0.24076800048351288
case_003_real,gsm8k,early,real_route_replay,922,35,29,real,26.34285714285714,1,237,1.57649172405167,gate_up_active_prebuilt,10,0.23734399676322937
case_003_real,gsm8k,early,real_route_replay,922,35,29,real,26.34285714285714,1,237,1.57649172405167,gate_up_active_prebuilt,11,0.24156799912452698
case_003_real,gsm8k,early,real_route_replay,922,35,29,real,26.34285714285714,1,237,1.57649172405167,gate_up_active_prebuilt,12,0.23945599794387817
case_003_real,gsm8k,early,real_route_replay,922,35,29,real,26.34285714285714,1,237,1.57649172405167,gate_up_active_prebuilt,13,0.2420479953289032
case_003_real,gsm8k,early,real_route_replay,922,35,29,real,26.34285714285714,1,237,1.57649172405167,gate_up_active_prebuilt,14,0.24383999407291412
case_003_real,gsm8k,early,real_route_replay,922,35,29,real,26.34285714285714,1,237,1.57649172405167,gate_up_active_prebuilt,15,0.24233600497245789
case_003_real,gsm8k,early,real_route_replay,922,35,29,real,26.34285714285714,1,237,1.57649172405167,gate_up_active_prebuilt,16,0.23868800699710846
case_003_real,gsm8k,early,real_route_replay,922,35,29,real,26.34285714285714,1,237,1.57649172405167,gate_up_active_prebuilt,17,0.24115200340747833
case_003_real,gsm8k,early,real_route_replay,922,35,29,real,26.34285714285714,1,237,1.57649172405167,gate_up_active_prebuilt,18,0.24131199717521667
case_003_real,gsm8k,early,real_route_replay,922,35,29,real,26.34285714285714,1,237,1.57649172405167,gate_up_active_prebuilt,19,0.2407039999961853
case_003_real,gsm8k,early,real_route_replay,922,35,29,real,26.34285714285714,1,237,1.57649172405167,gate_up_active_prebuilt,20,0.2407359927892685
case_003_real,gsm8k,early,real_route_replay,922,35,29,real,26.34285714285714,1,237,1.57649172405167,gate_up_active_prebuilt,21,0.24214400351047516
case_003_real,gsm8k,early,real_route_replay,922,35,29,real,26.34285714285714,1,237,1.57649172405167,gate_up_active_prebuilt,22,0.2364480048418045
case_003_real,gsm8k,early,real_route_replay,922,35,29,real,26.34285714285714,1,237,1.57649172405167,gate_up_active_prebuilt,23,0.23974399268627167
case_003_real,gsm8k,early,real_route_replay,922,35,29,real,26.34285714285714,1,237,1.57649172405167,gate_up_active_prebuilt,24,0.2412160038948059
case_003_real,gsm8k,early,real_route_replay,922,35,29,real,26.34285714285714,1,237,1.57649172405167,gate_up_active_prebuilt,25,0.23887999355793
case_003_real,gsm8k,early,real_route_replay,922,35,29,real,26.34285714285714,1,237,1.57649172405167,gate_up_active_prebuilt,26,0.23817600309848785
case_003_real,gsm8k,early,real_route_replay,922,35,29,real,26.34285714285714,1,237,1.57649172405167,gate_up_active_prebuilt,27,0.2425280064344406
case_003_real,gsm8k,early,real_route_replay,922,35,29,real,26.34285714285714,1,237,1.57649172405167,gate_up_active_prebuilt,28,0.2391040027141571
case_003_real,gsm8k,early,real_route_replay,922,35,29,real,26.34285714285714,1,237,1.57649172405167,gate_up_active_prebuilt,29,0.24588799476623535
case_003_real,gsm8k,early,real_route_replay,922,35,29,real,26.34285714285714,1,237,1.57649172405167,gate_up_active_prebuilt,30,0.24624000489711761
case_003_real,gsm8k,early,real_route_replay,922,35,29,real,26.34285714285714,1,237,1.57649172405167,gate_up_active_prebuilt,31,0.25062400102615356
case_003_real,gsm8k,early,real_route_replay,922,35,29,real,26.34285714285714,1,237,1.57649172405167,gate_up_active_prebuilt,32,0.24793599545955658
case_003_real,gsm8k,early,real_route_replay,922,35,29,real,26.34285714285714,1,237,1.57649172405167,gate_up_active_prebuilt,33,0.25014400482177734
case_003_real,gsm8k,early,real_route_replay,922,35,29,real,26.34285714285714,1,237,1.57649172405167,gate_up_active_prebuilt,34,0.25088000297546387
case_003_real,gsm8k,early,real_route_replay,922,35,29,real,26.34285714285714,1,237,1.57649172405167,gate_up_active_prebuilt,35,0.254720002412796
case_003_real,gsm8k,early,real_route_replay,922,35,29,real,26.34285714285714,1,237,1.57649172405167,gate_up_active_prebuilt,36,0.2563520073890686
case_003_real,gsm8k,early,real_route_replay,922,35,29,real,26.34285714285714,1,237,1.57649172405167,gate_up_active_prebuilt,37,0.2532159984111786
case_003_real,gsm8k,early,real_route_replay,922,35,29,real,26.34285714285714,1,237,1.57649172405167,gate_up_active_prebuilt,38,0.2503359913825989
case_003_real,gsm8k,early,real_route_replay,922,35,29,real,26.34285714285714,1,237,1.57649172405167,gate_up_active_prebuilt,39,0.25519999861717224
case_003_real,gsm8k,early,real_route_replay,922,35,29,real,26.34285714285714,1,237,1.57649172405167,route_weight,0,0.026079999282956123
case_003_real,gsm8k,early,real_route_replay,922,35,29,real,26.34285714285714,1,237,1.57649172405167,route_weight,1,0.02284800074994564
case_003_real,gsm8k,early,real_route_replay,922,35,29,real,26.34285714285714,1,237,1.57649172405167,route_weight,2,0.026079999282956123
case_003_real,gsm8k,early,real_route_replay,922,35,29,real,26.34285714285714,1,237,1.57649172405167,route_weight,3,0.025119999423623085
case_003_real,gsm8k,early,real_route_replay,922,35,29,real,26.34285714285714,1,237,1.57649172405167,route_weight,4,0.030592000111937523
case_003_real,gsm8k,early,real_route_replay,922,35,29,real,26.34285714285714,1,237,1.57649172405167,route_weight,5,0.023455999791622162
case_003_real,gsm8k,early,real_route_replay,922,35,29,real,26.34285714285714,1,237,1.57649172405167,route_weight,6,0.023264000192284584
case_003_real,gsm8k,early,real_route_replay,922,35,29,real,26.34285714285714,1,237,1.57649172405167,route_weight,7,0.022463999688625336
case_003_real,gsm8k,early,real_route_replay,922,35,29,real,26.34285714285714,1,237,1.57649172405167,route_weight,8,0.02319999970495701
case_003_real,gsm8k,early,real_route_replay,922,35,29,real,26.34285714285714,1,237,1.57649172405167,route_weight,9,0.022143999114632607
case_003_real,gsm8k,early,real_route_replay,922,35,29,real,26.34285714285714,1,237,1.57649172405167,route_weight,10,0.02800000086426735
case_003_real,gsm8k,early,real_route_replay,922,35,29,real,26.34285714285714,1,237,1.57649172405167,route_weight,11,0.024288000538945198
case_003_real,gsm8k,early,real_route_replay,922,35,29,real,26.34285714285714,1,237,1.57649172405167,route_weight,12,0.02412799932062626
case_003_real,gsm8k,early,real_route_replay,922,35,29,real,26.34285714285714,1,237,1.57649172405167,route_weight,13,0.02364799939095974
case_003_real,gsm8k,early,real_route_replay,922,35,29,real,26.34285714285714,1,237,1.57649172405167,route_weight,14,0.022463999688625336
case_003_real,gsm8k,early,real_route_replay,922,35,29,real,26.34285714285714,1,237,1.57649172405167,route_weight,15,0.02300800010561943
case_003_real,gsm8k,early,real_route_replay,922,35,29,real,26.34285714285714,1,237,1.57649172405167,route_weight,16,0.02284800074994564
case_003_real,gsm8k,early,real_route_replay,922,35,29,real,26.34285714285714,1,237,1.57649172405167,route_weight,17,0.02486399933695793
case_003_real,gsm8k,early,real_route_replay,922,35,29,real,26.34285714285714,1,237,1.57649172405167,route_weight,18,0.02191999927163124
case_003_real,gsm8k,early,real_route_replay,922,35,29,real,26.34285714285714,1,237,1.57649172405167,route_weight,19,0.02454400062561035
case_003_real,gsm8k,early,real_route_replay,922,35,29,real,26.34285714285714,1,237,1.57649172405167,route_weight,20,0.02473600022494793
case_003_real,gsm8k,early,real_route_replay,922,35,29,real,26.34285714285714,1,237,1.57649172405167,route_weight,21,0.02454400062561035
case_003_real,gsm8k,early,real_route_replay,922,35,29,real,26.34285714285714,1,237,1.57649172405167,route_weight,22,0.02300800010561943
case_003_real,gsm8k,early,real_route_replay,922,35,29,real,26.34285714285714,1,237,1.57649172405167,route_weight,23,0.024064000695943832
case_003_real,gsm8k,early,real_route_replay,922,35,29,real,26.34285714285714,1,237,1.57649172405167,route_weight,24,0.025599999353289604
case_003_real,gsm8k,early,real_route_replay,922,35,29,real,26.34285714285714,1,237,1.57649172405167,route_weight,25,0.023679999634623528
case_003_real,gsm8k,early,real_route_replay,922,35,29,real,26.34285714285714,1,237,1.57649172405167,route_weight,26,0.022943999618291855
case_003_real,gsm8k,early,real_route_replay,922,35,29,real,26.34285714285714,1,237,1.57649172405167,route_weight,27,0.02800000086426735
case_003_real,gsm8k,early,real_route_replay,922,35,29,real,26.34285714285714,1,237,1.57649172405167,route_weight,28,0.02319999970495701
case_003_real,gsm8k,early,real_route_replay,922,35,29,real,26.34285714285714,1,237,1.57649172405167,route_weight,29,0.02239999920129776
case_003_real,gsm8k,early,real_route_replay,922,35,29,real,26.34285714285714,1,237,1.57649172405167,route_weight,30,0.022592000663280487
case_003_real,gsm8k,early,real_route_replay,922,35,29,real,26.34285714285714,1,237,1.57649172405167,route_weight,31,0.023840000852942467
case_003_real,gsm8k,early,real_route_replay,922,35,29,real,26.34285714285714,1,237,1.57649172405167,route_weight,32,0.022784000262618065
case_003_real,gsm8k,early,real_route_replay,922,35,29,real,26.34285714285714,1,237,1.57649172405167,route_weight,33,0.025887999683618546
case_003_real,gsm8k,early,real_route_replay,922,35,29,real,26.34285714285714,1,237,1.57649172405167,route_weight,34,0.023391999304294586
case_003_real,gsm8k,early,real_route_replay,922,35,29,real,26.34285714285714,1,237,1.57649172405167,route_weight,35,0.022752000018954277
case_003_real,gsm8k,early,real_route_replay,922,35,29,real,26.34285714285714,1,237,1.57649172405167,route_weight,36,0.019039999693632126
case_003_real,gsm8k,early,real_route_replay,922,35,29,real,26.34285714285714,1,237,1.57649172405167,route_weight,37,0.018303999677300453
case_003_real,gsm8k,early,real_route_replay,922,35,29,real,26.34285714285714,1,237,1.57649172405167,route_weight,38,0.01897599920630455
case_003_real,gsm8k,early,real_route_replay,922,35,29,real,26.34285714285714,1,237,1.57649172405167,route_weight,39,0.025280000641942024
case_003_real,gsm8k,early,real_route_replay,922,35,29,real,26.34285714285714,1,237,1.57649172405167,swiglu,0,0.04412800073623657
case_003_real,gsm8k,early,real_route_replay,922,35,29,real,26.34285714285714,1,237,1.57649172405167,swiglu,1,0.025599999353289604
case_003_real,gsm8k,early,real_route_replay,922,35,29,real,26.34285714285714,1,237,1.57649172405167,swiglu,2,0.023231999948620796
case_003_real,gsm8k,early,real_route_replay,922,35,29,real,26.34285714285714,1,237,1.57649172405167,swiglu,3,0.02304000034928322
case_003_real,gsm8k,early,real_route_replay,922,35,29,real,26.34285714285714,1,237,1.57649172405167,swiglu,4,0.022495999932289124
case_003_real,gsm8k,early,real_route_replay,922,35,29,real,26.34285714285714,1,237,1.57649172405167,swiglu,5,0.02598400041460991
case_003_real,gsm8k,early,real_route_replay,922,35,29,real,26.34285714285714,1,237,1.57649172405167,swiglu,6,0.02131200022995472
case_003_real,gsm8k,early,real_route_replay,922,35,29,real,26.34285714285714,1,237,1.57649172405167,swiglu,7,0.020735999569296837
case_003_real,gsm8k,early,real_route_replay,922,35,29,real,26.34285714285714,1,237,1.57649172405167,swiglu,8,0.02425600029528141
case_003_real,gsm8k,early,real_route_replay,922,35,29,real,26.34285714285714,1,237,1.57649172405167,swiglu,9,0.02319999970495701
case_003_real,gsm8k,early,real_route_replay,922,35,29,real,26.34285714285714,1,237,1.57649172405167,swiglu,10,0.020576000213623047
case_003_real,gsm8k,early,real_route_replay,922,35,29,real,26.34285714285714,1,237,1.57649172405167,swiglu,11,0.020864000543951988
case_003_real,gsm8k,early,real_route_replay,922,35,29,real,26.34285714285714,1,237,1.57649172405167,swiglu,12,0.02147199958562851
case_003_real,gsm8k,early,real_route_replay,922,35,29,real,26.34285714285714,1,237,1.57649172405167,swiglu,13,0.020576000213623047
case_003_real,gsm8k,early,real_route_replay,922,35,29,real,26.34285714285714,1,237,1.57649172405167,swiglu,14,0.020416000857949257
case_003_real,gsm8k,early,real_route_replay,922,35,29,real,26.34285714285714,1,237,1.57649172405167,swiglu,15,0.0208320003002882
case_003_real,gsm8k,early,real_route_replay,922,35,29,real,26.34285714285714,1,237,1.57649172405167,swiglu,16,0.023552000522613525
case_003_real,gsm8k,early,real_route_replay,922,35,29,real,26.34285714285714,1,237,1.57649172405167,swiglu,17,0.02751999907195568
case_003_real,gsm8k,early,real_route_replay,922,35,29,real,26.34285714285714,1,237,1.57649172405167,swiglu,18,0.023231999948620796
case_003_real,gsm8k,early,real_route_replay,922,35,29,real,26.34285714285714,1,237,1.57649172405167,swiglu,19,0.02300800010561943
case_003_real,gsm8k,early,real_route_replay,922,35,29,real,26.34285714285714,1,237,1.57649172405167,swiglu,20,0.022655999287962914
case_003_real,gsm8k,early,real_route_replay,922,35,29,real,26.34285714285714,1,237,1.57649172405167,swiglu,21,0.023423999547958374
case_003_real,gsm8k,early,real_route_replay,922,35,29,real,26.34285714285714,1,237,1.57649172405167,swiglu,22,0.02115200087428093
case_003_real,gsm8k,early,real_route_replay,922,35,29,real,26.34285714285714,1,237,1.57649172405167,swiglu,23,0.020191999152302742
case_003_real,gsm8k,early,real_route_replay,922,35,29,real,26.34285714285714,1,237,1.57649172405167,swiglu,24,0.019840000197291374
case_003_real,gsm8k,early,real_route_replay,922,35,29,real,26.34285714285714,1,237,1.57649172405167,swiglu,25,0.02131200022995472
case_003_real,gsm8k,early,real_route_replay,922,35,29,real,26.34285714285714,1,237,1.57649172405167,swiglu,26,0.02284800074994564
case_003_real,gsm8k,early,real_route_replay,922,35,29,real,26.34285714285714,1,237,1.57649172405167,swiglu,27,0.021663999184966087
case_003_real,gsm8k,early,real_route_replay,922,35,29,real,26.34285714285714,1,237,1.57649172405167,swiglu,28,0.022336000576615334
case_003_real,gsm8k,early,real_route_replay,922,35,29,real,26.34285714285714,1,237,1.57649172405167,swiglu,29,0.026528000831604004
case_003_real,gsm8k,early,real_route_replay,922,35,29,real,26.34285714285714,1,237,1.57649172405167,swiglu,30,0.024480000138282776
case_003_real,gsm8k,early,real_route_replay,922,35,29,real,26.34285714285714,1,237,1.57649172405167,swiglu,31,0.024288000538945198
case_003_real,gsm8k,early,real_route_replay,922,35,29,real,26.34285714285714,1,237,1.57649172405167,swiglu,32,0.023871999233961105
case_003_real,gsm8k,early,real_route_replay,922,35,29,real,26.34285714285714,1,237,1.57649172405167,swiglu,33,0.02208000048995018
case_003_real,gsm8k,early,real_route_replay,922,35,29,real,26.34285714285714,1,237,1.57649172405167,swiglu,34,0.021503999829292297
case_003_real,gsm8k,early,real_route_replay,922,35,29,real,26.34285714285714,1,237,1.57649172405167,swiglu,35,0.02147199958562851
case_003_real,gsm8k,early,real_route_replay,922,35,29,real,26.34285714285714,1,237,1.57649172405167,swiglu,36,0.02271999977529049
case_003_real,gsm8k,early,real_route_replay,922,35,29,real,26.34285714285714,1,237,1.57649172405167,swiglu,37,0.022463999688625336
case_003_real,gsm8k,early,real_route_replay,922,35,29,real,26.34285714285714,1,237,1.57649172405167,swiglu,38,0.023072000592947006
case_003_real,gsm8k,early,real_route_replay,922,35,29,real,26.34285714285714,1,237,1.57649172405167,swiglu,39,0.023423999547958374
case_003_real,gsm8k,early,real_route_replay,922,35,29,real,26.34285714285714,1,237,1.57649172405167,down_full64_prebuilt,0,0.16915200650691986
case_003_real,gsm8k,early,real_route_replay,922,35,29,real,26.34285714285714,1,237,1.57649172405167,down_full64_prebuilt,1,0.1619199961423874
case_003_real,gsm8k,early,real_route_replay,922,35,29,real,26.34285714285714,1,237,1.57649172405167,down_full64_prebuilt,2,0.17161600291728973
case_003_real,gsm8k,early,real_route_replay,922,35,29,real,26.34285714285714,1,237,1.57649172405167,down_full64_prebuilt,3,0.15887999534606934
case_003_real,gsm8k,early,real_route_replay,922,35,29,real,26.34285714285714,1,237,1.57649172405167,down_full64_prebuilt,4,0.15919999778270721
case_003_real,gsm8k,early,real_route_replay,922,35,29,real,26.34285714285714,1,237,1.57649172405167,down_full64_prebuilt,5,0.158720001578331
case_003_real,gsm8k,early,real_route_replay,922,35,29,real,26.34285714285714,1,237,1.57649172405167,down_full64_prebuilt,6,0.16179199516773224
case_003_real,gsm8k,early,real_route_replay,922,35,29,real,26.34285714285714,1,237,1.57649172405167,down_full64_prebuilt,7,0.16275200247764587
case_003_real,gsm8k,early,real_route_replay,922,35,29,real,26.34285714285714,1,237,1.57649172405167,down_full64_prebuilt,8,0.15907199680805206
case_003_real,gsm8k,early,real_route_replay,922,35,29,real,26.34285714285714,1,237,1.57649172405167,down_full64_prebuilt,9,0.15833599865436554
case_003_real,gsm8k,early,real_route_replay,922,35,29,real,26.34285714285714,1,237,1.57649172405167,down_full64_prebuilt,10,0.16540800034999847
case_003_real,gsm8k,early,real_route_replay,922,35,29,real,26.34285714285714,1,237,1.57649172405167,down_full64_prebuilt,11,0.15433600544929504
case_003_real,gsm8k,early,real_route_replay,922,35,29,real,26.34285714285714,1,237,1.57649172405167,down_full64_prebuilt,12,0.1536960005760193
case_003_real,gsm8k,early,real_route_replay,922,35,29,real,26.34285714285714,1,237,1.57649172405167,down_full64_prebuilt,13,0.1544640064239502
case_003_real,gsm8k,early,real_route_replay,922,35,29,real,26.34285714285714,1,237,1.57649172405167,down_full64_prebuilt,14,0.15772800147533417
case_003_real,gsm8k,early,real_route_replay,922,35,29,real,26.34285714285714,1,237,1.57649172405167,down_full64_prebuilt,15,0.15615999698638916
case_003_real,gsm8k,early,real_route_replay,922,35,29,real,26.34285714285714,1,237,1.57649172405167,down_full64_prebuilt,16,0.15571199357509613
case_003_real,gsm8k,early,real_route_replay,922,35,29,real,26.34285714285714,1,237,1.57649172405167,down_full64_prebuilt,17,0.1547199934720993
case_003_real,gsm8k,early,real_route_replay,922,35,29,real,26.34285714285714,1,237,1.57649172405167,down_full64_prebuilt,18,0.1578879952430725
case_003_real,gsm8k,early,real_route_replay,922,35,29,real,26.34285714285714,1,237,1.57649172405167,down_full64_prebuilt,19,0.14953599870204926
case_003_real,gsm8k,early,real_route_replay,922,35,29,real,26.34285714285714,1,237,1.57649172405167,down_full64_prebuilt,20,0.15084800124168396
case_003_real,gsm8k,early,real_route_replay,922,35,29,real,26.34285714285714,1,237,1.57649172405167,down_full64_prebuilt,21,0.15408000349998474
case_003_real,gsm8k,early,real_route_replay,922,35,29,real,26.34285714285714,1,237,1.57649172405167,down_full64_prebuilt,22,0.15347200632095337
case_003_real,gsm8k,early,real_route_replay,922,35,29,real,26.34285714285714,1,237,1.57649172405167,down_full64_prebuilt,23,0.15379199385643005
case_003_real,gsm8k,early,real_route_replay,922,35,29,real,26.34285714285714,1,237,1.57649172405167,down_full64_prebuilt,24,0.15199999511241913
case_003_real,gsm8k,early,real_route_replay,922,35,29,real,26.34285714285714,1,237,1.57649172405167,down_full64_prebuilt,25,0.15039999783039093
case_003_real,gsm8k,early,real_route_replay,922,35,29,real,26.34285714285714,1,237,1.57649172405167,down_full64_prebuilt,26,0.15056000649929047
case_003_real,gsm8k,early,real_route_replay,922,35,29,real,26.34285714285714,1,237,1.57649172405167,down_full64_prebuilt,27,0.15347200632095337
case_003_real,gsm8k,early,real_route_replay,922,35,29,real,26.34285714285714,1,237,1.57649172405167,down_full64_prebuilt,28,0.1547520011663437
case_003_real,gsm8k,early,real_route_replay,922,35,29,real,26.34285714285714,1,237,1.57649172405167,down_full64_prebuilt,29,0.1547199934720993
case_003_real,gsm8k,early,real_route_replay,922,35,29,real,26.34285714285714,1,237,1.57649172405167,down_full64_prebuilt,30,0.1523520052433014
case_003_real,gsm8k,early,real_route_replay,922,35,29,real,26.34285714285714,1,237,1.57649172405167,down_full64_prebuilt,31,0.15142400562763214
case_003_real,gsm8k,early,real_route_replay,922,35,29,real,26.34285714285714,1,237,1.57649172405167,down_full64_prebuilt,32,0.15411199629306793
case_003_real,gsm8k,early,real_route_replay,922,35,29,real,26.34285714285714,1,237,1.57649172405167,down_full64_prebuilt,33,0.1719679981470108
case_003_real,gsm8k,early,real_route_replay,922,35,29,real,26.34285714285714,1,237,1.57649172405167,down_full64_prebuilt,34,0.15299199521541595
case_003_real,gsm8k,early,real_route_replay,922,35,29,real,26.34285714285714,1,237,1.57649172405167,down_full64_prebuilt,35,0.151296004652977
case_003_real,gsm8k,early,real_route_replay,922,35,29,real,26.34285714285714,1,237,1.57649172405167,down_full64_prebuilt,36,0.15478399395942688
case_003_real,gsm8k,early,real_route_replay,922,35,29,real,26.34285714285714,1,237,1.57649172405167,down_full64_prebuilt,37,0.15680000185966492
case_003_real,gsm8k,early,real_route_replay,922,35,29,real,26.34285714285714,1,237,1.57649172405167,down_full64_prebuilt,38,0.15411199629306793
case_003_real,gsm8k,early,real_route_replay,922,35,29,real,26.34285714285714,1,237,1.57649172405167,down_full64_prebuilt,39,0.15014399588108063
case_004_real,gsm8k,early,real_route_replay,2099,39,25,real,53.82051282051282,1,825,3.3006229871897332,gate_up_active_prebuilt,0,0.3267520070075989
case_004_real,gsm8k,early,real_route_replay,2099,39,25,real,53.82051282051282,1,825,3.3006229871897332,gate_up_active_prebuilt,1,0.32416000962257385
case_004_real,gsm8k,early,real_route_replay,2099,39,25,real,53.82051282051282,1,825,3.3006229871897332,gate_up_active_prebuilt,2,0.3240959942340851
case_004_real,gsm8k,early,real_route_replay,2099,39,25,real,53.82051282051282,1,825,3.3006229871897332,gate_up_active_prebuilt,3,0.32390400767326355
case_004_real,gsm8k,early,real_route_replay,2099,39,25,real,53.82051282051282,1,825,3.3006229871897332,gate_up_active_prebuilt,4,0.3230400085449219
case_004_real,gsm8k,early,real_route_replay,2099,39,25,real,53.82051282051282,1,825,3.3006229871897332,gate_up_active_prebuilt,5,0.3245120048522949
case_004_real,gsm8k,early,real_route_replay,2099,39,25,real,53.82051282051282,1,825,3.3006229871897332,gate_up_active_prebuilt,6,0.32281601428985596
case_004_real,gsm8k,early,real_route_replay,2099,39,25,real,53.82051282051282,1,825,3.3006229871897332,gate_up_active_prebuilt,7,0.33078399300575256
case_004_real,gsm8k,early,real_route_replay,2099,39,25,real,53.82051282051282,1,825,3.3006229871897332,gate_up_active_prebuilt,8,0.33542400598526
case_004_real,gsm8k,early,real_route_replay,2099,39,25,real,53.82051282051282,1,825,3.3006229871897332,gate_up_active_prebuilt,9,0.33103999495506287
case_004_real,gsm8k,early,real_route_replay,2099,39,25,real,53.82051282051282,1,825,3.3006229871897332,gate_up_active_prebuilt,10,0.3341760039329529
case_004_real,gsm8k,early,real_route_replay,2099,39,25,real,53.82051282051282,1,825,3.3006229871897332,gate_up_active_prebuilt,11,0.33667200803756714
case_004_real,gsm8k,early,real_route_replay,2099,39,25,real,53.82051282051282,1,825,3.3006229871897332,gate_up_active_prebuilt,12,0.3352000117301941
case_004_real,gsm8k,early,real_route_replay,2099,39,25,real,53.82051282051282,1,825,3.3006229871897332,gate_up_active_prebuilt,13,0.3319999873638153
case_004_real,gsm8k,early,real_route_replay,2099,39,25,real,53.82051282051282,1,825,3.3006229871897332,gate_up_active_prebuilt,14,0.3345920145511627
case_004_real,gsm8k,early,real_route_replay,2099,39,25,real,53.82051282051282,1,825,3.3006229871897332,gate_up_active_prebuilt,15,0.3356800079345703
case_004_real,gsm8k,early,real_route_replay,2099,39,25,real,53.82051282051282,1,825,3.3006229871897332,gate_up_active_prebuilt,16,0.33583998680114746
case_004_real,gsm8k,early,real_route_replay,2099,39,25,real,53.82051282051282,1,825,3.3006229871897332,gate_up_active_prebuilt,17,0.32864001393318176
case_004_real,gsm8k,early,real_route_replay,2099,39,25,real,53.82051282051282,1,825,3.3006229871897332,gate_up_active_prebuilt,18,0.3377920091152191
case_004_real,gsm8k,early,real_route_replay,2099,39,25,real,53.82051282051282,1,825,3.3006229871897332,gate_up_active_prebuilt,19,0.32556799054145813
case_004_real,gsm8k,early,real_route_replay,2099,39,25,real,53.82051282051282,1,825,3.3006229871897332,gate_up_active_prebuilt,20,0.33449599146842957
case_004_real,gsm8k,early,real_route_replay,2099,39,25,real,53.82051282051282,1,825,3.3006229871897332,gate_up_active_prebuilt,21,0.33423998951911926
case_004_real,gsm8k,early,real_route_replay,2099,39,25,real,53.82051282051282,1,825,3.3006229871897332,gate_up_active_prebuilt,22,0.33484798669815063
case_004_real,gsm8k,early,real_route_replay,2099,39,25,real,53.82051282051282,1,825,3.3006229871897332,gate_up_active_prebuilt,23,0.3319360017776489
case_004_real,gsm8k,early,real_route_replay,2099,39,25,real,53.82051282051282,1,825,3.3006229871897332,gate_up_active_prebuilt,24,0.3255999982357025
case_004_real,gsm8k,early,real_route_replay,2099,39,25,real,53.82051282051282,1,825,3.3006229871897332,gate_up_active_prebuilt,25,0.3349759876728058
case_004_real,gsm8k,early,real_route_replay,2099,39,25,real,53.82051282051282,1,825,3.3006229871897332,gate_up_active_prebuilt,26,0.32896000146865845
case_004_real,gsm8k,early,real_route_replay,2099,39,25,real,53.82051282051282,1,825,3.3006229871897332,gate_up_active_prebuilt,27,0.3270399868488312
case_004_real,gsm8k,early,real_route_replay,2099,39,25,real,53.82051282051282,1,825,3.3006229871897332,gate_up_active_prebuilt,28,0.3272959887981415
case_004_real,gsm8k,early,real_route_replay,2099,39,25,real,53.82051282051282,1,825,3.3006229871897332,gate_up_active_prebuilt,29,0.33292800188064575
case_004_real,gsm8k,early,real_route_replay,2099,39,25,real,53.82051282051282,1,825,3.3006229871897332,gate_up_active_prebuilt,30,0.32419198751449585
case_004_real,gsm8k,early,real_route_replay,2099,39,25,real,53.82051282051282,1,825,3.3006229871897332,gate_up_active_prebuilt,31,0.3232319951057434
case_004_real,gsm8k,early,real_route_replay,2099,39,25,real,53.82051282051282,1,825,3.3006229871897332,gate_up_active_prebuilt,32,0.324319988489151
case_004_real,gsm8k,early,real_route_replay,2099,39,25,real,53.82051282051282,1,825,3.3006229871897332,gate_up_active_prebuilt,33,0.3240959942340851
case_004_real,gsm8k,early,real_route_replay,2099,39,25,real,53.82051282051282,1,825,3.3006229871897332,gate_up_active_prebuilt,34,0.32207998633384705
case_004_real,gsm8k,early,real_route_replay,2099,39,25,real,53.82051282051282,1,825,3.3006229871897332,gate_up_active_prebuilt,35,0.32633599638938904
case_004_real,gsm8k,early,real_route_replay,2099,39,25,real,53.82051282051282,1,825,3.3006229871897332,gate_up_active_prebuilt,36,0.3235200047492981
case_004_real,gsm8k,early,real_route_replay,2099,39,25,real,53.82051282051282,1,825,3.3006229871897332,gate_up_active_prebuilt,37,0.3253760039806366
case_004_real,gsm8k,early,real_route_replay,2099,39,25,real,53.82051282051282,1,825,3.3006229871897332,gate_up_active_prebuilt,38,0.324319988489151
case_004_real,gsm8k,early,real_route_replay,2099,39,25,real,53.82051282051282,1,825,3.3006229871897332,gate_up_active_prebuilt,39,0.3227199912071228
case_004_real,gsm8k,early,real_route_replay,2099,39,25,real,53.82051282051282,1,825,3.3006229871897332,down_full64_prebuilt,0,0.20873600244522095
case_004_real,gsm8k,early,real_route_replay,2099,39,25,real,53.82051282051282,1,825,3.3006229871897332,down_full64_prebuilt,1,0.2043199986219406
case_004_real,gsm8k,early,real_route_replay,2099,39,25,real,53.82051282051282,1,825,3.3006229871897332,down_full64_prebuilt,2,0.2054080069065094
case_004_real,gsm8k,early,real_route_replay,2099,39,25,real,53.82051282051282,1,825,3.3006229871897332,down_full64_prebuilt,3,0.20908799767494202
case_004_real,gsm8k,early,real_route_replay,2099,39,25,real,53.82051282051282,1,825,3.3006229871897332,down_full64_prebuilt,4,0.2086080014705658
case_004_real,gsm8k,early,real_route_replay,2099,39,25,real,53.82051282051282,1,825,3.3006229871897332,down_full64_prebuilt,5,0.2112639993429184
case_004_real,gsm8k,early,real_route_replay,2099,39,25,real,53.82051282051282,1,825,3.3006229871897332,down_full64_prebuilt,6,0.21612800657749176
case_004_real,gsm8k,early,real_route_replay,2099,39,25,real,53.82051282051282,1,825,3.3006229871897332,down_full64_prebuilt,7,0.21052800118923187
case_004_real,gsm8k,early,real_route_replay,2099,39,25,real,53.82051282051282,1,825,3.3006229871897332,down_full64_prebuilt,8,0.21167999505996704
case_004_real,gsm8k,early,real_route_replay,2099,39,25,real,53.82051282051282,1,825,3.3006229871897332,down_full64_prebuilt,9,0.21379199624061584
case_004_real,gsm8k,early,real_route_replay,2099,39,25,real,53.82051282051282,1,825,3.3006229871897332,down_full64_prebuilt,10,0.21807999908924103
case_004_real,gsm8k,early,real_route_replay,2099,39,25,real,53.82051282051282,1,825,3.3006229871897332,down_full64_prebuilt,11,0.21926400065422058
case_004_real,gsm8k,early,real_route_replay,2099,39,25,real,53.82051282051282,1,825,3.3006229871897332,down_full64_prebuilt,12,0.21091200411319733
case_004_real,gsm8k,early,real_route_replay,2099,39,25,real,53.82051282051282,1,825,3.3006229871897332,down_full64_prebuilt,13,0.20822399854660034
case_004_real,gsm8k,early,real_route_replay,2099,39,25,real,53.82051282051282,1,825,3.3006229871897332,down_full64_prebuilt,14,0.20393599569797516
case_004_real,gsm8k,early,real_route_replay,2099,39,25,real,53.82051282051282,1,825,3.3006229871897332,down_full64_prebuilt,15,0.20982399582862854
case_004_real,gsm8k,early,real_route_replay,2099,39,25,real,53.82051282051282,1,825,3.3006229871897332,down_full64_prebuilt,16,0.20492799580097198
case_004_real,gsm8k,early,real_route_replay,2099,39,25,real,53.82051282051282,1,825,3.3006229871897332,down_full64_prebuilt,17,0.20441600680351257
case_004_real,gsm8k,early,real_route_replay,2099,39,25,real,53.82051282051282,1,825,3.3006229871897332,down_full64_prebuilt,18,0.20758399367332458
case_004_real,gsm8k,early,real_route_replay,2099,39,25,real,53.82051282051282,1,825,3.3006229871897332,down_full64_prebuilt,19,0.2059199959039688
case_004_real,gsm8k,early,real_route_replay,2099,39,25,real,53.82051282051282,1,825,3.3006229871897332,down_full64_prebuilt,20,0.20601600408554077
case_004_real,gsm8k,early,real_route_replay,2099,39,25,real,53.82051282051282,1,825,3.3006229871897332,down_full64_prebuilt,21,0.20310400426387787
case_004_real,gsm8k,early,real_route_replay,2099,39,25,real,53.82051282051282,1,825,3.3006229871897332,down_full64_prebuilt,22,0.2078080028295517
case_004_real,gsm8k,early,real_route_replay,2099,39,25,real,53.82051282051282,1,825,3.3006229871897332,down_full64_prebuilt,23,0.207519993185997
case_004_real,gsm8k,early,real_route_replay,2099,39,25,real,53.82051282051282,1,825,3.3006229871897332,down_full64_prebuilt,24,0.2078080028295517
case_004_real,gsm8k,early,real_route_replay,2099,39,25,real,53.82051282051282,1,825,3.3006229871897332,down_full64_prebuilt,25,0.20479999482631683
case_004_real,gsm8k,early,real_route_replay,2099,39,25,real,53.82051282051282,1,825,3.3006229871897332,down_full64_prebuilt,26,0.20716799795627594
case_004_real,gsm8k,early,real_route_replay,2099,39,25,real,53.82051282051282,1,825,3.3006229871897332,down_full64_prebuilt,27,0.20803199708461761
case_004_real,gsm8k,early,real_route_replay,2099,39,25,real,53.82051282051282,1,825,3.3006229871897332,down_full64_prebuilt,28,0.20521600544452667
case_004_real,gsm8k,early,real_route_replay,2099,39,25,real,53.82051282051282,1,825,3.3006229871897332,down_full64_prebuilt,29,0.20204800367355347
case_004_real,gsm8k,early,real_route_replay,2099,39,25,real,53.82051282051282,1,825,3.3006229871897332,down_full64_prebuilt,30,0.2091519981622696
case_004_real,gsm8k,early,real_route_replay,2099,39,25,real,53.82051282051282,1,825,3.3006229871897332,down_full64_prebuilt,31,0.20255999267101288
case_004_real,gsm8k,early,real_route_replay,2099,39,25,real,53.82051282051282,1,825,3.3006229871897332,down_full64_prebuilt,32,0.20585599541664124
case_004_real,gsm8k,early,real_route_replay,2099,39,25,real,53.82051282051282,1,825,3.3006229871897332,down_full64_prebuilt,33,0.20147199928760529
case_004_real,gsm8k,early,real_route_replay,2099,39,25,real,53.82051282051282,1,825,3.3006229871897332,down_full64_prebuilt,34,0.20476800203323364
case_004_real,gsm8k,early,real_route_replay,2099,39,25,real,53.82051282051282,1,825,3.3006229871897332,down_full64_prebuilt,35,0.20467199385166168
case_004_real,gsm8k,early,real_route_replay,2099,39,25,real,53.82051282051282,1,825,3.3006229871897332,down_full64_prebuilt,36,0.20496000349521637
case_004_real,gsm8k,early,real_route_replay,2099,39,25,real,53.82051282051282,1,825,3.3006229871897332,down_full64_prebuilt,37,0.20652799308300018
case_004_real,gsm8k,early,real_route_replay,2099,39,25,real,53.82051282051282,1,825,3.3006229871897332,down_full64_prebuilt,38,0.2096640020608902
case_004_real,gsm8k,early,real_route_replay,2099,39,25,real,53.82051282051282,1,825,3.3006229871897332,down_full64_prebuilt,39,0.20556800067424774
case_004_real,gsm8k,early,real_route_replay,2099,39,25,real,53.82051282051282,1,825,3.3006229871897332,gate_up_full64_prebuilt,0,0.33267199993133545
case_004_real,gsm8k,early,real_route_replay,2099,39,25,real,53.82051282051282,1,825,3.3006229871897332,gate_up_full64_prebuilt,1,0.324864000082016
case_004_real,gsm8k,early,real_route_replay,2099,39,25,real,53.82051282051282,1,825,3.3006229871897332,gate_up_full64_prebuilt,2,0.32227200269699097
case_004_real,gsm8k,early,real_route_replay,2099,39,25,real,53.82051282051282,1,825,3.3006229871897332,gate_up_full64_prebuilt,3,0.3259519934654236
case_004_real,gsm8k,early,real_route_replay,2099,39,25,real,53.82051282051282,1,825,3.3006229871897332,gate_up_full64_prebuilt,4,0.32528001070022583
case_004_real,gsm8k,early,real_route_replay,2099,39,25,real,53.82051282051282,1,825,3.3006229871897332,gate_up_full64_prebuilt,5,0.3266240060329437
case_004_real,gsm8k,early,real_route_replay,2099,39,25,real,53.82051282051282,1,825,3.3006229871897332,gate_up_full64_prebuilt,6,0.3230400085449219
case_004_real,gsm8k,early,real_route_replay,2099,39,25,real,53.82051282051282,1,825,3.3006229871897332,gate_up_full64_prebuilt,7,0.3245759904384613
case_004_real,gsm8k,early,real_route_replay,2099,39,25,real,53.82051282051282,1,825,3.3006229871897332,gate_up_full64_prebuilt,8,0.32419198751449585
case_004_real,gsm8k,early,real_route_replay,2099,39,25,real,53.82051282051282,1,825,3.3006229871897332,gate_up_full64_prebuilt,9,0.3251200020313263
case_004_real,gsm8k,early,real_route_replay,2099,39,25,real,53.82051282051282,1,825,3.3006229871897332,gate_up_full64_prebuilt,10,0.32950401306152344
case_004_real,gsm8k,early,real_route_replay,2099,39,25,real,53.82051282051282,1,825,3.3006229871897332,gate_up_full64_prebuilt,11,0.3250879943370819
case_004_real,gsm8k,early,real_route_replay,2099,39,25,real,53.82051282051282,1,825,3.3006229871897332,gate_up_full64_prebuilt,12,0.32287999987602234
case_004_real,gsm8k,early,real_route_replay,2099,39,25,real,53.82051282051282,1,825,3.3006229871897332,gate_up_full64_prebuilt,13,0.32547199726104736
case_004_real,gsm8k,early,real_route_replay,2099,39,25,real,53.82051282051282,1,825,3.3006229871897332,gate_up_full64_prebuilt,14,0.32185599207878113
case_004_real,gsm8k,early,real_route_replay,2099,39,25,real,53.82051282051282,1,825,3.3006229871897332,gate_up_full64_prebuilt,15,0.32371199131011963
case_004_real,gsm8k,early,real_route_replay,2099,39,25,real,53.82051282051282,1,825,3.3006229871897332,gate_up_full64_prebuilt,16,0.3255999982357025
case_004_real,gsm8k,early,real_route_replay,2099,39,25,real,53.82051282051282,1,825,3.3006229871897332,gate_up_full64_prebuilt,17,0.32576000690460205
case_004_real,gsm8k,early,real_route_replay,2099,39,25,real,53.82051282051282,1,825,3.3006229871897332,gate_up_full64_prebuilt,18,0.32630398869514465
case_004_real,gsm8k,early,real_route_replay,2099,39,25,real,53.82051282051282,1,825,3.3006229871897332,gate_up_full64_prebuilt,19,0.3282879889011383
case_004_real,gsm8k,early,real_route_replay,2099,39,25,real,53.82051282051282,1,825,3.3006229871897332,gate_up_full64_prebuilt,20,0.32528001070022583
case_004_real,gsm8k,early,real_route_replay,2099,39,25,real,53.82051282051282,1,825,3.3006229871897332,gate_up_full64_prebuilt,21,0.3253439962863922
case_004_real,gsm8k,early,real_route_replay,2099,39,25,real,53.82051282051282,1,825,3.3006229871897332,gate_up_full64_prebuilt,22,0.32281601428985596
case_004_real,gsm8k,early,real_route_replay,2099,39,25,real,53.82051282051282,1,825,3.3006229871897332,gate_up_full64_prebuilt,23,0.32652801275253296
case_004_real,gsm8k,early,real_route_replay,2099,39,25,real,53.82051282051282,1,825,3.3006229871897332,gate_up_full64_prebuilt,24,0.32467201352119446
case_004_real,gsm8k,early,real_route_replay,2099,39,25,real,53.82051282051282,1,825,3.3006229871897332,gate_up_full64_prebuilt,25,0.3211840093135834
case_004_real,gsm8k,early,real_route_replay,2099,39,25,real,53.82051282051282,1,825,3.3006229871897332,gate_up_full64_prebuilt,26,0.3288640081882477
case_004_real,gsm8k,early,real_route_replay,2099,39,25,real,53.82051282051282,1,825,3.3006229871897332,gate_up_full64_prebuilt,27,0.33510398864746094
case_004_real,gsm8k,early,real_route_replay,2099,39,25,real,53.82051282051282,1,825,3.3006229871897332,gate_up_full64_prebuilt,28,0.3341119885444641
case_004_real,gsm8k,early,real_route_replay,2099,39,25,real,53.82051282051282,1,825,3.3006229871897332,gate_up_full64_prebuilt,29,0.3383679986000061
case_004_real,gsm8k,early,real_route_replay,2099,39,25,real,53.82051282051282,1,825,3.3006229871897332,gate_up_full64_prebuilt,30,0.3396799862384796
case_004_real,gsm8k,early,real_route_replay,2099,39,25,real,53.82051282051282,1,825,3.3006229871897332,gate_up_full64_prebuilt,31,0.3319680094718933
case_004_real,gsm8k,early,real_route_replay,2099,39,25,real,53.82051282051282,1,825,3.3006229871897332,gate_up_full64_prebuilt,32,0.3341119885444641
case_004_real,gsm8k,early,real_route_replay,2099,39,25,real,53.82051282051282,1,825,3.3006229871897332,gate_up_full64_prebuilt,33,0.3338559865951538
case_004_real,gsm8k,early,real_route_replay,2099,39,25,real,53.82051282051282,1,825,3.3006229871897332,gate_up_full64_prebuilt,34,0.35392001271247864
case_004_real,gsm8k,early,real_route_replay,2099,39,25,real,53.82051282051282,1,825,3.3006229871897332,gate_up_full64_prebuilt,35,0.3284800052642822
case_004_real,gsm8k,early,real_route_replay,2099,39,25,real,53.82051282051282,1,825,3.3006229871897332,gate_up_full64_prebuilt,36,0.33616000413894653
case_004_real,gsm8k,early,real_route_replay,2099,39,25,real,53.82051282051282,1,825,3.3006229871897332,gate_up_full64_prebuilt,37,0.3351359963417053
case_004_real,gsm8k,early,real_route_replay,2099,39,25,real,53.82051282051282,1,825,3.3006229871897332,gate_up_full64_prebuilt,38,0.3316799998283386
case_004_real,gsm8k,early,real_route_replay,2099,39,25,real,53.82051282051282,1,825,3.3006229871897332,gate_up_full64_prebuilt,39,0.3317759931087494
case_004_real,gsm8k,early,real_route_replay,2099,39,25,real,53.82051282051282,1,825,3.3006229871897332,swiglu,0,0.03846399858593941
case_004_real,gsm8k,early,real_route_replay,2099,39,25,real,53.82051282051282,1,825,3.3006229871897332,swiglu,1,0.024032000452280045
case_004_real,gsm8k,early,real_route_replay,2099,39,25,real,53.82051282051282,1,825,3.3006229871897332,swiglu,2,0.02502400055527687
case_004_real,gsm8k,early,real_route_replay,2099,39,25,real,53.82051282051282,1,825,3.3006229871897332,swiglu,3,0.03558399900794029
case_004_real,gsm8k,early,real_route_replay,2099,39,25,real,53.82051282051282,1,825,3.3006229871897332,swiglu,4,0.03667199984192848
case_004_real,gsm8k,early,real_route_replay,2099,39,25,real,53.82051282051282,1,825,3.3006229871897332,swiglu,5,0.034912001341581345
case_004_real,gsm8k,early,real_route_replay,2099,39,25,real,53.82051282051282,1,825,3.3006229871897332,swiglu,6,0.03235200047492981
case_004_real,gsm8k,early,real_route_replay,2099,39,25,real,53.82051282051282,1,825,3.3006229871897332,swiglu,7,0.024768000468611717
case_004_real,gsm8k,early,real_route_replay,2099,39,25,real,53.82051282051282,1,825,3.3006229871897332,swiglu,8,0.025312000885605812
case_004_real,gsm8k,early,real_route_replay,2099,39,25,real,53.82051282051282,1,825,3.3006229871897332,swiglu,9,0.024800000712275505
case_004_real,gsm8k,early,real_route_replay,2099,39,25,real,53.82051282051282,1,825,3.3006229871897332,swiglu,10,0.02486399933695793
case_004_real,gsm8k,early,real_route_replay,2099,39,25,real,53.82051282051282,1,825,3.3006229871897332,swiglu,11,0.022495999932289124
case_004_real,gsm8k,early,real_route_replay,2099,39,25,real,53.82051282051282,1,825,3.3006229871897332,swiglu,12,0.025439999997615814
case_004_real,gsm8k,early,real_route_replay,2099,39,25,real,53.82051282051282,1,825,3.3006229871897332,swiglu,13,0.022816000506281853
case_004_real,gsm8k,early,real_route_replay,2099,39,25,real,53.82051282051282,1,825,3.3006229871897332,swiglu,14,0.02393599972128868
case_004_real,gsm8k,early,real_route_replay,2099,39,25,real,53.82051282051282,1,825,3.3006229871897332,swiglu,15,0.022463999688625336
case_004_real,gsm8k,early,real_route_replay,2099,39,25,real,53.82051282051282,1,825,3.3006229871897332,swiglu,16,0.0226879995316267
case_004_real,gsm8k,early,real_route_replay,2099,39,25,real,53.82051282051282,1,825,3.3006229871897332,swiglu,17,0.024351999163627625
case_004_real,gsm8k,early,real_route_replay,2099,39,25,real,53.82051282051282,1,825,3.3006229871897332,swiglu,18,0.024800000712275505
case_004_real,gsm8k,early,real_route_replay,2099,39,25,real,53.82051282051282,1,825,3.3006229871897332,swiglu,19,0.024607999250292778
case_004_real,gsm8k,early,real_route_replay,2099,39,25,real,53.82051282051282,1,825,3.3006229871897332,swiglu,20,0.022495999932289124
case_004_real,gsm8k,early,real_route_replay,2099,39,25,real,53.82051282051282,1,825,3.3006229871897332,swiglu,21,0.022592000663280487
case_004_real,gsm8k,early,real_route_replay,2099,39,25,real,53.82051282051282,1,825,3.3006229871897332,swiglu,22,0.02252800017595291
case_004_real,gsm8k,early,real_route_replay,2099,39,25,real,53.82051282051282,1,825,3.3006229871897332,swiglu,23,0.02271999977529049
case_004_real,gsm8k,early,real_route_replay,2099,39,25,real,53.82051282051282,1,825,3.3006229871897332,swiglu,24,0.02319999970495701
case_004_real,gsm8k,early,real_route_replay,2099,39,25,real,53.82051282051282,1,825,3.3006229871897332,swiglu,25,0.022592000663280487
case_004_real,gsm8k,early,real_route_replay,2099,39,25,real,53.82051282051282,1,825,3.3006229871897332,swiglu,26,0.023584000766277313
case_004_real,gsm8k,early,real_route_replay,2099,39,25,real,53.82051282051282,1,825,3.3006229871897332,swiglu,27,0.024960000067949295
case_004_real,gsm8k,early,real_route_replay,2099,39,25,real,53.82051282051282,1,825,3.3006229871897332,swiglu,28,0.024639999493956566
case_004_real,gsm8k,early,real_route_replay,2099,39,25,real,53.82051282051282,1,825,3.3006229871897332,swiglu,29,0.023903999477624893
case_004_real,gsm8k,early,real_route_replay,2099,39,25,real,53.82051282051282,1,825,3.3006229871897332,swiglu,30,0.022975999861955643
case_004_real,gsm8k,early,real_route_replay,2099,39,25,real,53.82051282051282,1,825,3.3006229871897332,swiglu,31,0.0225600004196167
case_004_real,gsm8k,early,real_route_replay,2099,39,25,real,53.82051282051282,1,825,3.3006229871897332,swiglu,32,0.022784000262618065
case_004_real,gsm8k,early,real_route_replay,2099,39,25,real,53.82051282051282,1,825,3.3006229871897332,swiglu,33,0.022336000576615334
case_004_real,gsm8k,early,real_route_replay,2099,39,25,real,53.82051282051282,1,825,3.3006229871897332,swiglu,34,0.022272000089287758
case_004_real,gsm8k,early,real_route_replay,2099,39,25,real,53.82051282051282,1,825,3.3006229871897332,swiglu,35,0.028704000636935234
case_004_real,gsm8k,early,real_route_replay,2099,39,25,real,53.82051282051282,1,825,3.3006229871897332,swiglu,36,0.024800000712275505
case_004_real,gsm8k,early,real_route_replay,2099,39,25,real,53.82051282051282,1,825,3.3006229871897332,swiglu,37,0.024191999807953835
case_004_real,gsm8k,early,real_route_replay,2099,39,25,real,53.82051282051282,1,825,3.3006229871897332,swiglu,38,0.023520000278949738
case_004_real,gsm8k,early,real_route_replay,2099,39,25,real,53.82051282051282,1,825,3.3006229871897332,swiglu,39,0.024512000381946564
case_004_real,gsm8k,early,real_route_replay,2099,39,25,real,53.82051282051282,1,825,3.3006229871897332,route_weight,0,0.038015998899936676
case_004_real,gsm8k,early,real_route_replay,2099,39,25,real,53.82051282051282,1,825,3.3006229871897332,route_weight,1,0.029920000582933426
case_004_real,gsm8k,early,real_route_replay,2099,39,25,real,53.82051282051282,1,825,3.3006229871897332,route_weight,2,0.03033600002527237
case_004_real,gsm8k,early,real_route_replay,2099,39,25,real,53.82051282051282,1,825,3.3006229871897332,route_weight,3,0.02940800040960312
case_004_real,gsm8k,early,real_route_replay,2099,39,25,real,53.82051282051282,1,825,3.3006229871897332,route_weight,4,0.030239999294281006
case_004_real,gsm8k,early,real_route_replay,2099,39,25,real,53.82051282051282,1,825,3.3006229871897332,route_weight,5,0.029759999364614487
case_004_real,gsm8k,early,real_route_replay,2099,39,25,real,53.82051282051282,1,825,3.3006229871897332,route_weight,6,0.029664000496268272
case_004_real,gsm8k,early,real_route_replay,2099,39,25,real,53.82051282051282,1,825,3.3006229871897332,route_weight,7,0.029823999851942062
case_004_real,gsm8k,early,real_route_replay,2099,39,25,real,53.82051282051282,1,825,3.3006229871897332,route_weight,8,0.030239999294281006
case_004_real,gsm8k,early,real_route_replay,2099,39,25,real,53.82051282051282,1,825,3.3006229871897332,route_weight,9,0.0297279991209507
case_004_real,gsm8k,early,real_route_replay,2099,39,25,real,53.82051282051282,1,825,3.3006229871897332,route_weight,10,0.03209599852561951
case_004_real,gsm8k,early,real_route_replay,2099,39,25,real,53.82051282051282,1,825,3.3006229871897332,route_weight,11,0.03139200061559677
case_004_real,gsm8k,early,real_route_replay,2099,39,25,real,53.82051282051282,1,825,3.3006229871897332,route_weight,12,0.03622400015592575
case_004_real,gsm8k,early,real_route_replay,2099,39,25,real,53.82051282051282,1,825,3.3006229871897332,route_weight,13,0.03129599988460541
case_004_real,gsm8k,early,real_route_replay,2099,39,25,real,53.82051282051282,1,825,3.3006229871897332,route_weight,14,0.029983999207615852
case_004_real,gsm8k,early,real_route_replay,2099,39,25,real,53.82051282051282,1,825,3.3006229871897332,route_weight,15,0.03340800106525421
case_004_real,gsm8k,early,real_route_replay,2099,39,25,real,53.82051282051282,1,825,3.3006229871897332,route_weight,16,0.032735999673604965
case_004_real,gsm8k,early,real_route_replay,2099,39,25,real,53.82051282051282,1,825,3.3006229871897332,route_weight,17,0.03215999901294708
case_004_real,gsm8k,early,real_route_replay,2099,39,25,real,53.82051282051282,1,825,3.3006229871897332,route_weight,18,0.033984001725912094
case_004_real,gsm8k,early,real_route_replay,2099,39,25,real,53.82051282051282,1,825,3.3006229871897332,route_weight,19,0.031936001032590866
case_004_real,gsm8k,early,real_route_replay,2099,39,25,real,53.82051282051282,1,825,3.3006229871897332,route_weight,20,0.03206399828195572
case_004_real,gsm8k,early,real_route_replay,2099,39,25,real,53.82051282051282,1,825,3.3006229871897332,route_weight,21,0.037728000432252884
case_004_real,gsm8k,early,real_route_replay,2099,39,25,real,53.82051282051282,1,825,3.3006229871897332,route_weight,22,0.03302399814128876
case_004_real,gsm8k,early,real_route_replay,2099,39,25,real,53.82051282051282,1,825,3.3006229871897332,route_weight,23,0.03299200162291527
case_004_real,gsm8k,early,real_route_replay,2099,39,25,real,53.82051282051282,1,825,3.3006229871897332,route_weight,24,0.03254399821162224
case_004_real,gsm8k,early,real_route_replay,2099,39,25,real,53.82051282051282,1,825,3.3006229871897332,route_weight,25,0.032416000962257385
case_004_real,gsm8k,early,real_route_replay,2099,39,25,real,53.82051282051282,1,825,3.3006229871897332,route_weight,26,0.03545600175857544
case_004_real,gsm8k,early,real_route_replay,2099,39,25,real,53.82051282051282,1,825,3.3006229871897332,route_weight,27,0.031968001276254654
case_004_real,gsm8k,early,real_route_replay,2099,39,25,real,53.82051282051282,1,825,3.3006229871897332,route_weight,28,0.03190400078892708
case_004_real,gsm8k,early,real_route_replay,2099,39,25,real,53.82051282051282,1,825,3.3006229871897332,route_weight,29,0.033952001482248306
case_004_real,gsm8k,early,real_route_replay,2099,39,25,real,53.82051282051282,1,825,3.3006229871897332,route_weight,30,0.034143999218940735
case_004_real,gsm8k,early,real_route_replay,2099,39,25,real,53.82051282051282,1,825,3.3006229871897332,route_weight,31,0.03356799855828285
case_004_real,gsm8k,early,real_route_replay,2099,39,25,real,53.82051282051282,1,825,3.3006229871897332,route_weight,32,0.030719999223947525
case_004_real,gsm8k,early,real_route_replay,2099,39,25,real,53.82051282051282,1,825,3.3006229871897332,route_weight,33,0.029311999678611755
case_004_real,gsm8k,early,real_route_replay,2099,39,25,real,53.82051282051282,1,825,3.3006229871897332,route_weight,34,0.030047999694943428
case_004_real,gsm8k,early,real_route_replay,2099,39,25,real,53.82051282051282,1,825,3.3006229871897332,route_weight,35,0.029472000896930695
case_004_real,gsm8k,early,real_route_replay,2099,39,25,real,53.82051282051282,1,825,3.3006229871897332,route_weight,36,0.02985600009560585
case_004_real,gsm8k,early,real_route_replay,2099,39,25,real,53.82051282051282,1,825,3.3006229871897332,route_weight,37,0.029440000653266907
case_004_real,gsm8k,early,real_route_replay,2099,39,25,real,53.82051282051282,1,825,3.3006229871897332,route_weight,38,0.030112000182271004
case_004_real,gsm8k,early,real_route_replay,2099,39,25,real,53.82051282051282,1,825,3.3006229871897332,route_weight,39,0.029632000252604485
case_004_real,gsm8k,early,real_route_replay,2099,39,25,real,53.82051282051282,1,825,3.3006229871897332,down_active_prebuilt,0,0.22012799978256226
case_004_real,gsm8k,early,real_route_replay,2099,39,25,real,53.82051282051282,1,825,3.3006229871897332,down_active_prebuilt,1,0.20803199708461761
case_004_real,gsm8k,early,real_route_replay,2099,39,25,real,53.82051282051282,1,825,3.3006229871897332,down_active_prebuilt,2,0.20505599677562714
case_004_real,gsm8k,early,real_route_replay,2099,39,25,real,53.82051282051282,1,825,3.3006229871897332,down_active_prebuilt,3,0.20787200331687927
case_004_real,gsm8k,early,real_route_replay,2099,39,25,real,53.82051282051282,1,825,3.3006229871897332,down_active_prebuilt,4,0.20361599326133728
case_004_real,gsm8k,early,real_route_replay,2099,39,25,real,53.82051282051282,1,825,3.3006229871897332,down_active_prebuilt,5,0.2017280012369156
case_004_real,gsm8k,early,real_route_replay,2099,39,25,real,53.82051282051282,1,825,3.3006229871897332,down_active_prebuilt,6,0.20399999618530273
case_004_real,gsm8k,early,real_route_replay,2099,39,25,real,53.82051282051282,1,825,3.3006229871897332,down_active_prebuilt,7,0.2072640061378479
case_004_real,gsm8k,early,real_route_replay,2099,39,25,real,53.82051282051282,1,825,3.3006229871897332,down_active_prebuilt,8,0.20508800446987152
case_004_real,gsm8k,early,real_route_replay,2099,39,25,real,53.82051282051282,1,825,3.3006229871897332,down_active_prebuilt,9,0.20412799715995789
case_004_real,gsm8k,early,real_route_replay,2099,39,25,real,53.82051282051282,1,825,3.3006229871897332,down_active_prebuilt,10,0.20441600680351257
case_004_real,gsm8k,early,real_route_replay,2099,39,25,real,53.82051282051282,1,825,3.3006229871897332,down_active_prebuilt,11,0.20390400290489197
case_004_real,gsm8k,early,real_route_replay,2099,39,25,real,53.82051282051282,1,825,3.3006229871897332,down_active_prebuilt,12,0.20265600085258484
case_004_real,gsm8k,early,real_route_replay,2099,39,25,real,53.82051282051282,1,825,3.3006229871897332,down_active_prebuilt,13,0.19926400482654572
case_004_real,gsm8k,early,real_route_replay,2099,39,25,real,53.82051282051282,1,825,3.3006229871897332,down_active_prebuilt,14,0.2051520049571991
case_004_real,gsm8k,early,real_route_replay,2099,39,25,real,53.82051282051282,1,825,3.3006229871897332,down_active_prebuilt,15,0.20403200387954712
case_004_real,gsm8k,early,real_route_replay,2099,39,25,real,53.82051282051282,1,825,3.3006229871897332,down_active_prebuilt,16,0.20473599433898926
case_004_real,gsm8k,early,real_route_replay,2099,39,25,real,53.82051282051282,1,825,3.3006229871897332,down_active_prebuilt,17,0.2006720006465912
case_004_real,gsm8k,early,real_route_replay,2099,39,25,real,53.82051282051282,1,825,3.3006229871897332,down_active_prebuilt,18,0.20572799444198608
case_004_real,gsm8k,early,real_route_replay,2099,39,25,real,53.82051282051282,1,825,3.3006229871897332,down_active_prebuilt,19,0.2048639953136444
case_004_real,gsm8k,early,real_route_replay,2099,39,25,real,53.82051282051282,1,825,3.3006229871897332,down_active_prebuilt,20,0.2051520049571991
case_004_real,gsm8k,early,real_route_replay,2099,39,25,real,53.82051282051282,1,825,3.3006229871897332,down_active_prebuilt,21,0.20761600136756897
case_004_real,gsm8k,early,real_route_replay,2099,39,25,real,53.82051282051282,1,825,3.3006229871897332,down_active_prebuilt,22,0.20476800203323364
case_004_real,gsm8k,early,real_route_replay,2099,39,25,real,53.82051282051282,1,825,3.3006229871897332,down_active_prebuilt,23,0.20476800203323364
case_004_real,gsm8k,early,real_route_replay,2099,39,25,real,53.82051282051282,1,825,3.3006229871897332,down_active_prebuilt,24,0.20502400398254395
case_004_real,gsm8k,early,real_route_replay,2099,39,25,real,53.82051282051282,1,825,3.3006229871897332,down_active_prebuilt,25,0.2070080041885376
case_004_real,gsm8k,early,real_route_replay,2099,39,25,real,53.82051282051282,1,825,3.3006229871897332,down_active_prebuilt,26,0.20483200252056122
case_004_real,gsm8k,early,real_route_replay,2099,39,25,real,53.82051282051282,1,825,3.3006229871897332,down_active_prebuilt,27,0.20720000565052032
case_004_real,gsm8k,early,real_route_replay,2099,39,25,real,53.82051282051282,1,825,3.3006229871897332,down_active_prebuilt,28,0.2056960016489029
case_004_real,gsm8k,early,real_route_replay,2099,39,25,real,53.82051282051282,1,825,3.3006229871897332,down_active_prebuilt,29,0.20588800311088562
case_004_real,gsm8k,early,real_route_replay,2099,39,25,real,53.82051282051282,1,825,3.3006229871897332,down_active_prebuilt,30,0.20236800611019135
case_004_real,gsm8k,early,real_route_replay,2099,39,25,real,53.82051282051282,1,825,3.3006229871897332,down_active_prebuilt,31,0.2008640021085739
case_004_real,gsm8k,early,real_route_replay,2099,39,25,real,53.82051282051282,1,825,3.3006229871897332,down_active_prebuilt,32,0.2025279998779297
case_004_real,gsm8k,early,real_route_replay,2099,39,25,real,53.82051282051282,1,825,3.3006229871897332,down_active_prebuilt,33,0.20150400698184967
case_004_real,gsm8k,early,real_route_replay,2099,39,25,real,53.82051282051282,1,825,3.3006229871897332,down_active_prebuilt,34,0.20147199928760529
case_004_real,gsm8k,early,real_route_replay,2099,39,25,real,53.82051282051282,1,825,3.3006229871897332,down_active_prebuilt,35,0.20313599705696106
case_004_real,gsm8k,early,real_route_replay,2099,39,25,real,53.82051282051282,1,825,3.3006229871897332,down_active_prebuilt,36,0.20812800526618958
case_004_real,gsm8k,early,real_route_replay,2099,39,25,real,53.82051282051282,1,825,3.3006229871897332,down_active_prebuilt,37,0.2056960016489029
case_004_real,gsm8k,early,real_route_replay,2099,39,25,real,53.82051282051282,1,825,3.3006229871897332,down_active_prebuilt,38,0.20150400698184967
case_004_real,gsm8k,early,real_route_replay,2099,39,25,real,53.82051282051282,1,825,3.3006229871897332,down_active_prebuilt,39,0.20239999890327454
case_006_real,gsm8k,late,real_route_replay,3,3,61,real,1.0,1,1,0.0,down_active_prebuilt,0,0.04787199944257736
case_006_real,gsm8k,late,real_route_replay,3,3,61,real,1.0,1,1,0.0,down_active_prebuilt,1,0.04102399945259094
case_006_real,gsm8k,late,real_route_replay,3,3,61,real,1.0,1,1,0.0,down_active_prebuilt,2,0.037728000432252884
case_006_real,gsm8k,late,real_route_replay,3,3,61,real,1.0,1,1,0.0,down_active_prebuilt,3,0.03532800078392029
case_006_real,gsm8k,late,real_route_replay,3,3,61,real,1.0,1,1,0.0,down_active_prebuilt,4,0.03359999880194664
case_006_real,gsm8k,late,real_route_replay,3,3,61,real,1.0,1,1,0.0,down_active_prebuilt,5,0.034912001341581345
case_006_real,gsm8k,late,real_route_replay,3,3,61,real,1.0,1,1,0.0,down_active_prebuilt,6,0.03654399886727333
case_006_real,gsm8k,late,real_route_replay,3,3,61,real,1.0,1,1,0.0,down_active_prebuilt,7,0.03814399987459183
case_006_real,gsm8k,late,real_route_replay,3,3,61,real,1.0,1,1,0.0,down_active_prebuilt,8,0.03619199991226196
case_006_real,gsm8k,late,real_route_replay,3,3,61,real,1.0,1,1,0.0,down_active_prebuilt,9,0.03436800092458725
case_006_real,gsm8k,late,real_route_replay,3,3,61,real,1.0,1,1,0.0,down_active_prebuilt,10,0.03388800099492073
case_006_real,gsm8k,late,real_route_replay,3,3,61,real,1.0,1,1,0.0,down_active_prebuilt,11,0.035999998450279236
case_006_real,gsm8k,late,real_route_replay,3,3,61,real,1.0,1,1,0.0,down_active_prebuilt,12,0.034432001411914825
case_006_real,gsm8k,late,real_route_replay,3,3,61,real,1.0,1,1,0.0,down_active_prebuilt,13,0.034015998244285583
case_006_real,gsm8k,late,real_route_replay,3,3,61,real,1.0,1,1,0.0,down_active_prebuilt,14,0.03324799984693527
case_006_real,gsm8k,late,real_route_replay,3,3,61,real,1.0,1,1,0.0,down_active_prebuilt,15,0.03440000116825104
case_006_real,gsm8k,late,real_route_replay,3,3,61,real,1.0,1,1,0.0,down_active_prebuilt,16,0.033663999289274216
case_006_real,gsm8k,late,real_route_replay,3,3,61,real,1.0,1,1,0.0,down_active_prebuilt,17,0.03417599946260452
case_006_real,gsm8k,late,real_route_replay,3,3,61,real,1.0,1,1,0.0,down_active_prebuilt,18,0.036479998379945755
case_006_real,gsm8k,late,real_route_replay,3,3,61,real,1.0,1,1,0.0,down_active_prebuilt,19,0.03686400130391121
case_006_real,gsm8k,late,real_route_replay,3,3,61,real,1.0,1,1,0.0,down_active_prebuilt,20,0.03545600175857544
case_006_real,gsm8k,late,real_route_replay,3,3,61,real,1.0,1,1,0.0,down_active_prebuilt,21,0.03481600061058998
case_006_real,gsm8k,late,real_route_replay,3,3,61,real,1.0,1,1,0.0,down_active_prebuilt,22,0.0352960005402565
case_006_real,gsm8k,late,real_route_replay,3,3,61,real,1.0,1,1,0.0,down_active_prebuilt,23,0.035071998834609985
case_006_real,gsm8k,late,real_route_replay,3,3,61,real,1.0,1,1,0.0,down_active_prebuilt,24,0.03993599861860275
case_006_real,gsm8k,late,real_route_replay,3,3,61,real,1.0,1,1,0.0,down_active_prebuilt,25,0.038336001336574554
case_006_real,gsm8k,late,real_route_replay,3,3,61,real,1.0,1,1,0.0,down_active_prebuilt,26,0.03574400022625923
case_006_real,gsm8k,late,real_route_replay,3,3,61,real,1.0,1,1,0.0,down_active_prebuilt,27,0.035071998834609985
case_006_real,gsm8k,late,real_route_replay,3,3,61,real,1.0,1,1,0.0,down_active_prebuilt,28,0.0344959981739521
case_006_real,gsm8k,late,real_route_replay,3,3,61,real,1.0,1,1,0.0,down_active_prebuilt,29,0.03516799956560135
case_006_real,gsm8k,late,real_route_replay,3,3,61,real,1.0,1,1,0.0,down_active_prebuilt,30,0.03340800106525421
case_006_real,gsm8k,late,real_route_replay,3,3,61,real,1.0,1,1,0.0,down_active_prebuilt,31,0.03996799886226654
case_006_real,gsm8k,late,real_route_replay,3,3,61,real,1.0,1,1,0.0,down_active_prebuilt,32,0.03551999852061272
case_006_real,gsm8k,late,real_route_replay,3,3,61,real,1.0,1,1,0.0,down_active_prebuilt,33,0.03452799841761589
case_006_real,gsm8k,late,real_route_replay,3,3,61,real,1.0,1,1,0.0,down_active_prebuilt,34,0.03436800092458725
case_006_real,gsm8k,late,real_route_replay,3,3,61,real,1.0,1,1,0.0,down_active_prebuilt,35,0.03516799956560135
case_006_real,gsm8k,late,real_route_replay,3,3,61,real,1.0,1,1,0.0,down_active_prebuilt,36,0.035999998450279236
case_006_real,gsm8k,late,real_route_replay,3,3,61,real,1.0,1,1,0.0,down_active_prebuilt,37,0.03814399987459183
case_006_real,gsm8k,late,real_route_replay,3,3,61,real,1.0,1,1,0.0,down_active_prebuilt,38,0.03638400137424469
case_006_real,gsm8k,late,real_route_replay,3,3,61,real,1.0,1,1,0.0,down_active_prebuilt,39,0.036639999598264694
case_006_real,gsm8k,late,real_route_replay,3,3,61,real,1.0,1,1,0.0,gate_up_full64_prebuilt,0,0.0498879998922348
case_006_real,gsm8k,late,real_route_replay,3,3,61,real,1.0,1,1,0.0,gate_up_full64_prebuilt,1,0.05011200159788132
case_006_real,gsm8k,late,real_route_replay,3,3,61,real,1.0,1,1,0.0,gate_up_full64_prebuilt,2,0.05008000135421753
case_006_real,gsm8k,late,real_route_replay,3,3,61,real,1.0,1,1,0.0,gate_up_full64_prebuilt,3,0.051552001386880875
case_006_real,gsm8k,late,real_route_replay,3,3,61,real,1.0,1,1,0.0,gate_up_full64_prebuilt,4,0.050303999334573746
case_006_real,gsm8k,late,real_route_replay,3,3,61,real,1.0,1,1,0.0,gate_up_full64_prebuilt,5,0.04742399975657463
case_006_real,gsm8k,late,real_route_replay,3,3,61,real,1.0,1,1,0.0,gate_up_full64_prebuilt,6,0.04975999891757965
case_006_real,gsm8k,late,real_route_replay,3,3,61,real,1.0,1,1,0.0,gate_up_full64_prebuilt,7,0.048287998884916306
case_006_real,gsm8k,late,real_route_replay,3,3,61,real,1.0,1,1,0.0,gate_up_full64_prebuilt,8,0.05152000114321709
case_006_real,gsm8k,late,real_route_replay,3,3,61,real,1.0,1,1,0.0,gate_up_full64_prebuilt,9,0.05395200103521347
case_006_real,gsm8k,late,real_route_replay,3,3,61,real,1.0,1,1,0.0,gate_up_full64_prebuilt,10,0.04633599892258644
case_006_real,gsm8k,late,real_route_replay,3,3,61,real,1.0,1,1,0.0,gate_up_full64_prebuilt,11,0.041152000427246094
case_006_real,gsm8k,late,real_route_replay,3,3,61,real,1.0,1,1,0.0,gate_up_full64_prebuilt,12,0.04089599847793579
case_006_real,gsm8k,late,real_route_replay,3,3,61,real,1.0,1,1,0.0,gate_up_full64_prebuilt,13,0.04179200157523155
case_006_real,gsm8k,late,real_route_replay,3,3,61,real,1.0,1,1,0.0,gate_up_full64_prebuilt,14,0.04255999997258186
case_006_real,gsm8k,late,real_route_replay,3,3,61,real,1.0,1,1,0.0,gate_up_full64_prebuilt,15,0.04118400067090988
case_006_real,gsm8k,late,real_route_replay,3,3,61,real,1.0,1,1,0.0,gate_up_full64_prebuilt,16,0.04095999896526337
case_006_real,gsm8k,late,real_route_replay,3,3,61,real,1.0,1,1,0.0,gate_up_full64_prebuilt,17,0.04399999976158142
case_006_real,gsm8k,late,real_route_replay,3,3,61,real,1.0,1,1,0.0,gate_up_full64_prebuilt,18,0.04265600070357323
case_006_real,gsm8k,late,real_route_replay,3,3,61,real,1.0,1,1,0.0,gate_up_full64_prebuilt,19,0.04396799951791763
case_006_real,gsm8k,late,real_route_replay,3,3,61,real,1.0,1,1,0.0,gate_up_full64_prebuilt,20,0.040031999349594116
case_006_real,gsm8k,late,real_route_replay,3,3,61,real,1.0,1,1,0.0,gate_up_full64_prebuilt,21,0.040991999208927155
case_006_real,gsm8k,late,real_route_replay,3,3,61,real,1.0,1,1,0.0,gate_up_full64_prebuilt,22,0.040031999349594116
case_006_real,gsm8k,late,real_route_replay,3,3,61,real,1.0,1,1,0.0,gate_up_full64_prebuilt,23,0.043136000633239746
case_006_real,gsm8k,late,real_route_replay,3,3,61,real,1.0,1,1,0.0,gate_up_full64_prebuilt,24,0.04076800122857094
case_006_real,gsm8k,late,real_route_replay,3,3,61,real,1.0,1,1,0.0,gate_up_full64_prebuilt,25,0.041760001331567764
case_006_real,gsm8k,late,real_route_replay,3,3,61,real,1.0,1,1,0.0,gate_up_full64_prebuilt,26,0.043168000876903534
case_006_real,gsm8k,late,real_route_replay,3,3,61,real,1.0,1,1,0.0,gate_up_full64_prebuilt,27,0.04320000112056732
case_006_real,gsm8k,late,real_route_replay,3,3,61,real,1.0,1,1,0.0,gate_up_full64_prebuilt,28,0.0424639992415905
case_006_real,gsm8k,late,real_route_replay,3,3,61,real,1.0,1,1,0.0,gate_up_full64_prebuilt,29,0.04387199878692627
case_006_real,gsm8k,late,real_route_replay,3,3,61,real,1.0,1,1,0.0,gate_up_full64_prebuilt,30,0.04137599840760231
case_006_real,gsm8k,late,real_route_replay,3,3,61,real,1.0,1,1,0.0,gate_up_full64_prebuilt,31,0.04323200136423111
case_006_real,gsm8k,late,real_route_replay,3,3,61,real,1.0,1,1,0.0,gate_up_full64_prebuilt,32,0.043455999344587326
case_006_real,gsm8k,late,real_route_replay,3,3,61,real,1.0,1,1,0.0,gate_up_full64_prebuilt,33,0.04195199906826019
case_006_real,gsm8k,late,real_route_replay,3,3,61,real,1.0,1,1,0.0,gate_up_full64_prebuilt,34,0.043168000876903534
case_006_real,gsm8k,late,real_route_replay,3,3,61,real,1.0,1,1,0.0,gate_up_full64_prebuilt,35,0.04483199864625931
case_006_real,gsm8k,late,real_route_replay,3,3,61,real,1.0,1,1,0.0,gate_up_full64_prebuilt,36,0.04064000025391579
case_006_real,gsm8k,late,real_route_replay,3,3,61,real,1.0,1,1,0.0,gate_up_full64_prebuilt,37,0.040063999593257904
case_006_real,gsm8k,late,real_route_replay,3,3,61,real,1.0,1,1,0.0,gate_up_full64_prebuilt,38,0.04070400074124336
case_006_real,gsm8k,late,real_route_replay,3,3,61,real,1.0,1,1,0.0,gate_up_full64_prebuilt,39,0.04012800008058548
case_006_real,gsm8k,late,real_route_replay,3,3,61,real,1.0,1,1,0.0,gate_up_active_prebuilt,0,0.0416640006005764
case_006_real,gsm8k,late,real_route_replay,3,3,61,real,1.0,1,1,0.0,gate_up_active_prebuilt,1,0.04566400125622749
case_006_real,gsm8k,late,real_route_replay,3,3,61,real,1.0,1,1,0.0,gate_up_active_prebuilt,2,0.044064000248909
case_006_real,gsm8k,late,real_route_replay,3,3,61,real,1.0,1,1,0.0,gate_up_active_prebuilt,3,0.04265600070357323
case_006_real,gsm8k,late,real_route_replay,3,3,61,real,1.0,1,1,0.0,gate_up_active_prebuilt,4,0.04399999976158142
case_006_real,gsm8k,late,real_route_replay,3,3,61,real,1.0,1,1,0.0,gate_up_active_prebuilt,5,0.0435199998319149
case_006_real,gsm8k,late,real_route_replay,3,3,61,real,1.0,1,1,0.0,gate_up_active_prebuilt,6,0.04294399917125702
case_006_real,gsm8k,late,real_route_replay,3,3,61,real,1.0,1,1,0.0,gate_up_active_prebuilt,7,0.04195199906826019
case_006_real,gsm8k,late,real_route_replay,3,3,61,real,1.0,1,1,0.0,gate_up_active_prebuilt,8,0.039872001856565475
case_006_real,gsm8k,late,real_route_replay,3,3,61,real,1.0,1,1,0.0,gate_up_active_prebuilt,9,0.0395519994199276
case_006_real,gsm8k,late,real_route_replay,3,3,61,real,1.0,1,1,0.0,gate_up_active_prebuilt,10,0.04217600077390671
case_006_real,gsm8k,late,real_route_replay,3,3,61,real,1.0,1,1,0.0,gate_up_active_prebuilt,11,0.04524800181388855
case_006_real,gsm8k,late,real_route_replay,3,3,61,real,1.0,1,1,0.0,gate_up_active_prebuilt,12,0.04278400167822838
case_006_real,gsm8k,late,real_route_replay,3,3,61,real,1.0,1,1,0.0,gate_up_active_prebuilt,13,0.043136000633239746
case_006_real,gsm8k,late,real_route_replay,3,3,61,real,1.0,1,1,0.0,gate_up_active_prebuilt,14,0.041471999138593674
case_006_real,gsm8k,late,real_route_replay,3,3,61,real,1.0,1,1,0.0,gate_up_active_prebuilt,15,0.04134399816393852
case_006_real,gsm8k,late,real_route_replay,3,3,61,real,1.0,1,1,0.0,gate_up_active_prebuilt,16,0.0432640016078949
case_006_real,gsm8k,late,real_route_replay,3,3,61,real,1.0,1,1,0.0,gate_up_active_prebuilt,17,0.04185599833726883
case_006_real,gsm8k,late,real_route_replay,3,3,61,real,1.0,1,1,0.0,gate_up_active_prebuilt,18,0.043296001851558685
case_006_real,gsm8k,late,real_route_replay,3,3,61,real,1.0,1,1,0.0,gate_up_active_prebuilt,19,0.04262400045990944
case_006_real,gsm8k,late,real_route_replay,3,3,61,real,1.0,1,1,0.0,gate_up_active_prebuilt,20,0.045632001012563705
case_006_real,gsm8k,late,real_route_replay,3,3,61,real,1.0,1,1,0.0,gate_up_active_prebuilt,21,0.04230400174856186
case_006_real,gsm8k,late,real_route_replay,3,3,61,real,1.0,1,1,0.0,gate_up_active_prebuilt,22,0.04131200164556503
case_006_real,gsm8k,late,real_route_replay,3,3,61,real,1.0,1,1,0.0,gate_up_active_prebuilt,23,0.04278400167822838
case_006_real,gsm8k,late,real_route_replay,3,3,61,real,1.0,1,1,0.0,gate_up_active_prebuilt,24,0.043487999588251114
case_006_real,gsm8k,late,real_route_replay,3,3,61,real,1.0,1,1,0.0,gate_up_active_prebuilt,25,0.042208001017570496
case_006_real,gsm8k,late,real_route_replay,3,3,61,real,1.0,1,1,0.0,gate_up_active_prebuilt,26,0.04156799986958504
case_006_real,gsm8k,late,real_route_replay,3,3,61,real,1.0,1,1,0.0,gate_up_active_prebuilt,27,0.043136000633239746
case_006_real,gsm8k,late,real_route_replay,3,3,61,real,1.0,1,1,0.0,gate_up_active_prebuilt,28,0.04105599969625473
case_006_real,gsm8k,late,real_route_replay,3,3,61,real,1.0,1,1,0.0,gate_up_active_prebuilt,29,0.04633599892258644
case_006_real,gsm8k,late,real_route_replay,3,3,61,real,1.0,1,1,0.0,gate_up_active_prebuilt,30,0.043136000633239746
case_006_real,gsm8k,late,real_route_replay,3,3,61,real,1.0,1,1,0.0,gate_up_active_prebuilt,31,0.0461760014295578
case_006_real,gsm8k,late,real_route_replay,3,3,61,real,1.0,1,1,0.0,gate_up_active_prebuilt,32,0.04342399910092354
case_006_real,gsm8k,late,real_route_replay,3,3,61,real,1.0,1,1,0.0,gate_up_active_prebuilt,33,0.0435199998319149
case_006_real,gsm8k,late,real_route_replay,3,3,61,real,1.0,1,1,0.0,gate_up_active_prebuilt,34,0.041760001331567764
case_006_real,gsm8k,late,real_route_replay,3,3,61,real,1.0,1,1,0.0,gate_up_active_prebuilt,35,0.04188799858093262
case_006_real,gsm8k,late,real_route_replay,3,3,61,real,1.0,1,1,0.0,gate_up_active_prebuilt,36,0.0427200011909008
case_006_real,gsm8k,late,real_route_replay,3,3,61,real,1.0,1,1,0.0,gate_up_active_prebuilt,37,0.04342399910092354
case_006_real,gsm8k,late,real_route_replay,3,3,61,real,1.0,1,1,0.0,gate_up_active_prebuilt,38,0.044064000248909
case_006_real,gsm8k,late,real_route_replay,3,3,61,real,1.0,1,1,0.0,gate_up_active_prebuilt,39,0.043776001781225204
case_006_real,gsm8k,late,real_route_replay,3,3,61,real,1.0,1,1,0.0,route_weight,0,0.0163199994713068
case_006_real,gsm8k,late,real_route_replay,3,3,61,real,1.0,1,1,0.0,route_weight,1,0.017376000061631203
case_006_real,gsm8k,late,real_route_replay,3,3,61,real,1.0,1,1,0.0,route_weight,2,0.014879999682307243
case_006_real,gsm8k,late,real_route_replay,3,3,61,real,1.0,1,1,0.0,route_weight,3,0.01398400031030178
case_006_real,gsm8k,late,real_route_replay,3,3,61,real,1.0,1,1,0.0,route_weight,4,0.015647999942302704
case_006_real,gsm8k,late,real_route_replay,3,3,61,real,1.0,1,1,0.0,route_weight,5,0.014368000440299511
case_006_real,gsm8k,late,real_route_replay,3,3,61,real,1.0,1,1,0.0,route_weight,6,0.01500799972563982
case_006_real,gsm8k,late,real_route_replay,3,3,61,real,1.0,1,1,0.0,route_weight,7,0.015231999568641186
case_006_real,gsm8k,late,real_route_replay,3,3,61,real,1.0,1,1,0.0,route_weight,8,0.015104000456631184
case_006_real,gsm8k,late,real_route_replay,3,3,61,real,1.0,1,1,0.0,route_weight,9,0.055615998804569244
case_006_real,gsm8k,late,real_route_replay,3,3,61,real,1.0,1,1,0.0,route_weight,10,0.015744000673294067
case_006_real,gsm8k,late,real_route_replay,3,3,61,real,1.0,1,1,0.0,route_weight,11,0.01360000018030405
case_006_real,gsm8k,late,real_route_replay,3,3,61,real,1.0,1,1,0.0,route_weight,12,0.01408000010997057
case_006_real,gsm8k,late,real_route_replay,3,3,61,real,1.0,1,1,0.0,route_weight,13,0.013311999849975109
case_006_real,gsm8k,late,real_route_replay,3,3,61,real,1.0,1,1,0.0,route_weight,14,0.012575999833643436
case_006_real,gsm8k,late,real_route_replay,3,3,61,real,1.0,1,1,0.0,route_weight,15,0.013824000023305416
case_006_real,gsm8k,late,real_route_replay,3,3,61,real,1.0,1,1,0.0,route_weight,16,0.013151999562978745
case_006_real,gsm8k,late,real_route_replay,3,3,61,real,1.0,1,1,0.0,route_weight,17,0.013567999936640263
case_006_real,gsm8k,late,real_route_replay,3,3,61,real,1.0,1,1,0.0,route_weight,18,0.014976000413298607
case_006_real,gsm8k,late,real_route_replay,3,3,61,real,1.0,1,1,0.0,route_weight,19,0.014112000353634357
case_006_real,gsm8k,late,real_route_replay,3,3,61,real,1.0,1,1,0.0,route_weight,20,0.014688000082969666
case_006_real,gsm8k,late,real_route_replay,3,3,61,real,1.0,1,1,0.0,route_weight,21,0.015456000342965126
case_006_real,gsm8k,late,real_route_replay,3,3,61,real,1.0,1,1,0.0,route_weight,22,0.019392000511288643
case_006_real,gsm8k,late,real_route_replay,3,3,61,real,1.0,1,1,0.0,route_weight,23,0.0161920003592968
case_006_real,gsm8k,late,real_route_replay,3,3,61,real,1.0,1,1,0.0,route_weight,24,0.015359999611973763
case_006_real,gsm8k,late,real_route_replay,3,3,61,real,1.0,1,1,0.0,route_weight,25,0.014720000326633453
case_006_real,gsm8k,late,real_route_replay,3,3,61,real,1.0,1,1,0.0,route_weight,26,0.014399999752640724
case_006_real,gsm8k,late,real_route_replay,3,3,61,real,1.0,1,1,0.0,route_weight,27,0.014431999996304512
case_006_real,gsm8k,late,real_route_replay,3,3,61,real,1.0,1,1,0.0,route_weight,28,0.014112000353634357
case_006_real,gsm8k,late,real_route_replay,3,3,61,real,1.0,1,1,0.0,route_weight,29,0.014336000196635723
case_006_real,gsm8k,late,real_route_replay,3,3,61,real,1.0,1,1,0.0,route_weight,30,0.012864000163972378
case_006_real,gsm8k,late,real_route_replay,3,3,61,real,1.0,1,1,0.0,route_weight,31,0.013248000293970108
case_006_real,gsm8k,late,real_route_replay,3,3,61,real,1.0,1,1,0.0,route_weight,32,0.013632000423967838
case_006_real,gsm8k,late,real_route_replay,3,3,61,real,1.0,1,1,0.0,route_weight,33,0.013279999606311321
case_006_real,gsm8k,late,real_route_replay,3,3,61,real,1.0,1,1,0.0,route_weight,34,0.012703999876976013
case_006_real,gsm8k,late,real_route_replay,3,3,61,real,1.0,1,1,0.0,route_weight,35,0.01759999990463257
case_006_real,gsm8k,late,real_route_replay,3,3,61,real,1.0,1,1,0.0,route_weight,36,0.017343999817967415
case_006_real,gsm8k,late,real_route_replay,3,3,61,real,1.0,1,1,0.0,route_weight,37,0.013856000266969204
case_006_real,gsm8k,late,real_route_replay,3,3,61,real,1.0,1,1,0.0,route_weight,38,0.01398400031030178
case_006_real,gsm8k,late,real_route_replay,3,3,61,real,1.0,1,1,0.0,route_weight,39,0.01408000010997057
case_006_real,gsm8k,late,real_route_replay,3,3,61,real,1.0,1,1,0.0,down_full64_prebuilt,0,0.041471999138593674
case_006_real,gsm8k,late,real_route_replay,3,3,61,real,1.0,1,1,0.0,down_full64_prebuilt,1,0.03702399879693985
case_006_real,gsm8k,late,real_route_replay,3,3,61,real,1.0,1,1,0.0,down_full64_prebuilt,2,0.03551999852061272
case_006_real,gsm8k,late,real_route_replay,3,3,61,real,1.0,1,1,0.0,down_full64_prebuilt,3,0.03471999987959862
case_006_real,gsm8k,late,real_route_replay,3,3,61,real,1.0,1,1,0.0,down_full64_prebuilt,4,0.03465599939227104
case_006_real,gsm8k,late,real_route_replay,3,3,61,real,1.0,1,1,0.0,down_full64_prebuilt,5,0.03484800085425377
case_006_real,gsm8k,late,real_route_replay,3,3,61,real,1.0,1,1,0.0,down_full64_prebuilt,6,0.036928001791238785
case_006_real,gsm8k,late,real_route_replay,3,3,61,real,1.0,1,1,0.0,down_full64_prebuilt,7,0.034272000193595886
case_006_real,gsm8k,late,real_route_replay,3,3,61,real,1.0,1,1,0.0,down_full64_prebuilt,8,0.03420799970626831
case_006_real,gsm8k,late,real_route_replay,3,3,61,real,1.0,1,1,0.0,down_full64_prebuilt,9,0.035551998764276505
case_006_real,gsm8k,late,real_route_replay,3,3,61,real,1.0,1,1,0.0,down_full64_prebuilt,10,0.03465599939227104
case_006_real,gsm8k,late,real_route_replay,3,3,61,real,1.0,1,1,0.0,down_full64_prebuilt,11,0.03510399907827377
case_006_real,gsm8k,late,real_route_replay,3,3,61,real,1.0,1,1,0.0,down_full64_prebuilt,12,0.033440001308918
case_006_real,gsm8k,late,real_route_replay,3,3,61,real,1.0,1,1,0.0,down_full64_prebuilt,13,0.03814399987459183
case_006_real,gsm8k,late,real_route_replay,3,3,61,real,1.0,1,1,0.0,down_full64_prebuilt,14,0.036479998379945755
case_006_real,gsm8k,late,real_route_replay,3,3,61,real,1.0,1,1,0.0,down_full64_prebuilt,15,0.03638400137424469
case_006_real,gsm8k,late,real_route_replay,3,3,61,real,1.0,1,1,0.0,down_full64_prebuilt,16,0.03641600161790848
case_006_real,gsm8k,late,real_route_replay,3,3,61,real,1.0,1,1,0.0,down_full64_prebuilt,17,0.035711999982595444
case_006_real,gsm8k,late,real_route_replay,3,3,61,real,1.0,1,1,0.0,down_full64_prebuilt,18,0.034432001411914825
case_006_real,gsm8k,late,real_route_replay,3,3,61,real,1.0,1,1,0.0,down_full64_prebuilt,19,0.04076800122857094
case_006_real,gsm8k,late,real_route_replay,3,3,61,real,1.0,1,1,0.0,down_full64_prebuilt,20,0.03670400008559227
case_006_real,gsm8k,late,real_route_replay,3,3,61,real,1.0,1,1,0.0,down_full64_prebuilt,21,0.03667199984192848
case_006_real,gsm8k,late,real_route_replay,3,3,61,real,1.0,1,1,0.0,down_full64_prebuilt,22,0.03372799977660179
case_006_real,gsm8k,late,real_route_replay,3,3,61,real,1.0,1,1,0.0,down_full64_prebuilt,23,0.03455999866127968
case_006_real,gsm8k,late,real_route_replay,3,3,61,real,1.0,1,1,0.0,down_full64_prebuilt,24,0.03872000053524971
case_006_real,gsm8k,late,real_route_replay,3,3,61,real,1.0,1,1,0.0,down_full64_prebuilt,25,0.03497600182890892
case_006_real,gsm8k,late,real_route_replay,3,3,61,real,1.0,1,1,0.0,down_full64_prebuilt,26,0.035999998450279236
case_006_real,gsm8k,late,real_route_replay,3,3,61,real,1.0,1,1,0.0,down_full64_prebuilt,27,0.0344959981739521
case_006_real,gsm8k,late,real_route_replay,3,3,61,real,1.0,1,1,0.0,down_full64_prebuilt,28,0.03497600182890892
case_006_real,gsm8k,late,real_route_replay,3,3,61,real,1.0,1,1,0.0,down_full64_prebuilt,29,0.03385600075125694
case_006_real,gsm8k,late,real_route_replay,3,3,61,real,1.0,1,1,0.0,down_full64_prebuilt,30,0.033952001482248306
case_006_real,gsm8k,late,real_route_replay,3,3,61,real,1.0,1,1,0.0,down_full64_prebuilt,31,0.038015998899936676
case_006_real,gsm8k,late,real_route_replay,3,3,61,real,1.0,1,1,0.0,down_full64_prebuilt,32,0.03705599904060364
case_006_real,gsm8k,late,real_route_replay,3,3,61,real,1.0,1,1,0.0,down_full64_prebuilt,33,0.036928001791238785
case_006_real,gsm8k,late,real_route_replay,3,3,61,real,1.0,1,1,0.0,down_full64_prebuilt,34,0.032896000891923904
case_006_real,gsm8k,late,real_route_replay,3,3,61,real,1.0,1,1,0.0,down_full64_prebuilt,35,0.034272000193595886
case_006_real,gsm8k,late,real_route_replay,3,3,61,real,1.0,1,1,0.0,down_full64_prebuilt,36,0.03407999873161316
case_006_real,gsm8k,late,real_route_replay,3,3,61,real,1.0,1,1,0.0,down_full64_prebuilt,37,0.03964800015091896
case_006_real,gsm8k,late,real_route_replay,3,3,61,real,1.0,1,1,0.0,down_full64_prebuilt,38,0.03657599911093712
case_006_real,gsm8k,late,real_route_replay,3,3,61,real,1.0,1,1,0.0,down_full64_prebuilt,39,0.03683200106024742
case_006_real,gsm8k,late,real_route_replay,3,3,61,real,1.0,1,1,0.0,swiglu,0,0.027103999629616737
case_006_real,gsm8k,late,real_route_replay,3,3,61,real,1.0,1,1,0.0,swiglu,1,0.02236800082027912
case_006_real,gsm8k,late,real_route_replay,3,3,61,real,1.0,1,1,0.0,swiglu,2,0.022304000332951546
case_006_real,gsm8k,late,real_route_replay,3,3,61,real,1.0,1,1,0.0,swiglu,3,0.020959999412298203
case_006_real,gsm8k,late,real_route_replay,3,3,61,real,1.0,1,1,0.0,swiglu,4,0.020896000787615776
case_006_real,gsm8k,late,real_route_replay,3,3,61,real,1.0,1,1,0.0,swiglu,5,0.021056000143289566
case_006_real,gsm8k,late,real_route_replay,3,3,61,real,1.0,1,1,0.0,swiglu,6,0.024960000067949295
case_006_real,gsm8k,late,real_route_replay,3,3,61,real,1.0,1,1,0.0,swiglu,7,0.04224000126123428
case_006_real,gsm8k,late,real_route_replay,3,3,61,real,1.0,1,1,0.0,swiglu,8,0.025599999353289604
case_006_real,gsm8k,late,real_route_replay,3,3,61,real,1.0,1,1,0.0,swiglu,9,0.02409599907696247
case_006_real,gsm8k,late,real_route_replay,3,3,61,real,1.0,1,1,0.0,swiglu,10,0.02879999950528145
case_006_real,gsm8k,late,real_route_replay,3,3,61,real,1.0,1,1,0.0,swiglu,11,0.0244159996509552
case_006_real,gsm8k,late,real_route_replay,3,3,61,real,1.0,1,1,0.0,swiglu,12,0.024831999093294144
case_006_real,gsm8k,late,real_route_replay,3,3,61,real,1.0,1,1,0.0,swiglu,13,0.02287999913096428
case_006_real,gsm8k,late,real_route_replay,3,3,61,real,1.0,1,1,0.0,swiglu,14,0.022592000663280487
case_006_real,gsm8k,late,real_route_replay,3,3,61,real,1.0,1,1,0.0,swiglu,15,0.021983999758958817
case_006_real,gsm8k,late,real_route_replay,3,3,61,real,1.0,1,1,0.0,swiglu,16,0.02252800017595291
case_006_real,gsm8k,late,real_route_replay,3,3,61,real,1.0,1,1,0.0,swiglu,17,0.022784000262618065
case_006_real,gsm8k,late,real_route_replay,3,3,61,real,1.0,1,1,0.0,swiglu,18,0.028416000306606293
case_006_real,gsm8k,late,real_route_replay,3,3,61,real,1.0,1,1,0.0,swiglu,19,0.02163200080394745
case_006_real,gsm8k,late,real_route_replay,3,3,61,real,1.0,1,1,0.0,swiglu,20,0.021503999829292297
case_006_real,gsm8k,late,real_route_replay,3,3,61,real,1.0,1,1,0.0,swiglu,21,0.021536000072956085
case_006_real,gsm8k,late,real_route_replay,3,3,61,real,1.0,1,1,0.0,swiglu,22,0.021407999098300934
case_006_real,gsm8k,late,real_route_replay,3,3,61,real,1.0,1,1,0.0,swiglu,23,0.02035200037062168
case_006_real,gsm8k,late,real_route_replay,3,3,61,real,1.0,1,1,0.0,swiglu,24,0.020447999238967896
case_006_real,gsm8k,late,real_route_replay,3,3,61,real,1.0,1,1,0.0,swiglu,25,0.02348800003528595
case_006_real,gsm8k,late,real_route_replay,3,3,61,real,1.0,1,1,0.0,swiglu,26,0.0226879995316267
case_006_real,gsm8k,late,real_route_replay,3,3,61,real,1.0,1,1,0.0,swiglu,27,0.022816000506281853
case_006_real,gsm8k,late,real_route_replay,3,3,61,real,1.0,1,1,0.0,swiglu,28,0.023391999304294586
case_006_real,gsm8k,late,real_route_replay,3,3,61,real,1.0,1,1,0.0,swiglu,29,0.023423999547958374
case_006_real,gsm8k,late,real_route_replay,3,3,61,real,1.0,1,1,0.0,swiglu,30,0.026367999613285065
case_006_real,gsm8k,late,real_route_replay,3,3,61,real,1.0,1,1,0.0,swiglu,31,0.022112000733613968
case_006_real,gsm8k,late,real_route_replay,3,3,61,real,1.0,1,1,0.0,swiglu,32,0.02115200087428093
case_006_real,gsm8k,late,real_route_replay,3,3,61,real,1.0,1,1,0.0,swiglu,33,0.02115200087428093
case_006_real,gsm8k,late,real_route_replay,3,3,61,real,1.0,1,1,0.0,swiglu,34,0.023391999304294586
case_006_real,gsm8k,late,real_route_replay,3,3,61,real,1.0,1,1,0.0,swiglu,35,0.03187200054526329
case_006_real,gsm8k,late,real_route_replay,3,3,61,real,1.0,1,1,0.0,swiglu,36,0.033824000507593155
case_006_real,gsm8k,late,real_route_replay,3,3,61,real,1.0,1,1,0.0,swiglu,37,0.03315199911594391
case_006_real,gsm8k,late,real_route_replay,3,3,61,real,1.0,1,1,0.0,swiglu,38,0.033344000577926636
case_006_real,gsm8k,late,real_route_replay,3,3,61,real,1.0,1,1,0.0,swiglu,39,0.030880000442266464
case_007_real,gsm8k,late,real_route_replay,67,17,47,real,3.9411764705882355,1,8,0.421625280353001,swiglu,0,0.026367999613285065
case_007_real,gsm8k,late,real_route_replay,67,17,47,real,3.9411764705882355,1,8,0.421625280353001,swiglu,1,0.04041599854826927
case_007_real,gsm8k,late,real_route_replay,67,17,47,real,3.9411764705882355,1,8,0.421625280353001,swiglu,2,0.02252800017595291
case_007_real,gsm8k,late,real_route_replay,67,17,47,real,3.9411764705882355,1,8,0.421625280353001,swiglu,3,0.02179200015962124
case_007_real,gsm8k,late,real_route_replay,67,17,47,real,3.9411764705882355,1,8,0.421625280353001,swiglu,4,0.021247999742627144
case_007_real,gsm8k,late,real_route_replay,67,17,47,real,3.9411764705882355,1,8,0.421625280353001,swiglu,5,0.021056000143289566
case_007_real,gsm8k,late,real_route_replay,67,17,47,real,3.9411764705882355,1,8,0.421625280353001,swiglu,6,0.02038400061428547
case_007_real,gsm8k,late,real_route_replay,67,17,47,real,3.9411764705882355,1,8,0.421625280353001,swiglu,7,0.02112000063061714
case_007_real,gsm8k,late,real_route_replay,67,17,47,real,3.9411764705882355,1,8,0.421625280353001,swiglu,8,0.020800000056624413
case_007_real,gsm8k,late,real_route_replay,67,17,47,real,3.9411764705882355,1,8,0.421625280353001,swiglu,9,0.020287999883294106
case_007_real,gsm8k,late,real_route_replay,67,17,47,real,3.9411764705882355,1,8,0.421625280353001,swiglu,10,0.027871999889612198
case_007_real,gsm8k,late,real_route_replay,67,17,47,real,3.9411764705882355,1,8,0.421625280353001,swiglu,11,0.024191999807953835
case_007_real,gsm8k,late,real_route_replay,67,17,47,real,3.9411764705882355,1,8,0.421625280353001,swiglu,12,0.024320000782608986
case_007_real,gsm8k,late,real_route_replay,67,17,47,real,3.9411764705882355,1,8,0.421625280353001,swiglu,13,0.02300800010561943
case_007_real,gsm8k,late,real_route_replay,67,17,47,real,3.9411764705882355,1,8,0.421625280353001,swiglu,14,0.02316799946129322
case_007_real,gsm8k,late,real_route_replay,67,17,47,real,3.9411764705882355,1,8,0.421625280353001,swiglu,15,0.02409599907696247
case_007_real,gsm8k,late,real_route_replay,67,17,47,real,3.9411764705882355,1,8,0.421625280353001,swiglu,16,0.023360000923275948
case_007_real,gsm8k,late,real_route_replay,67,17,47,real,3.9411764705882355,1,8,0.421625280353001,swiglu,17,0.028063999488949776
case_007_real,gsm8k,late,real_route_replay,67,17,47,real,3.9411764705882355,1,8,0.421625280353001,swiglu,18,0.033952001482248306
case_007_real,gsm8k,late,real_route_replay,67,17,47,real,3.9411764705882355,1,8,0.421625280353001,swiglu,19,0.03324799984693527
case_007_real,gsm8k,late,real_route_replay,67,17,47,real,3.9411764705882355,1,8,0.421625280353001,swiglu,20,0.03750399872660637
case_007_real,gsm8k,late,real_route_replay,67,17,47,real,3.9411764705882355,1,8,0.421625280353001,swiglu,21,0.03561599925160408
case_007_real,gsm8k,late,real_route_replay,67,17,47,real,3.9411764705882355,1,8,0.421625280353001,swiglu,22,0.03254399821162224
case_007_real,gsm8k,late,real_route_replay,67,17,47,real,3.9411764705882355,1,8,0.421625280353001,swiglu,23,0.03270399942994118
case_007_real,gsm8k,late,real_route_replay,67,17,47,real,3.9411764705882355,1,8,0.421625280353001,swiglu,24,0.03187200054526329
case_007_real,gsm8k,late,real_route_replay,67,17,47,real,3.9411764705882355,1,8,0.421625280353001,swiglu,25,0.0315839983522892
case_007_real,gsm8k,late,real_route_replay,67,17,47,real,3.9411764705882355,1,8,0.421625280353001,swiglu,26,0.030208000913262367
case_007_real,gsm8k,late,real_route_replay,67,17,47,real,3.9411764705882355,1,8,0.421625280353001,swiglu,27,0.03209599852561951
case_007_real,gsm8k,late,real_route_replay,67,17,47,real,3.9411764705882355,1,8,0.421625280353001,swiglu,28,0.039264000952243805
case_007_real,gsm8k,late,real_route_replay,67,17,47,real,3.9411764705882355,1,8,0.421625280353001,swiglu,29,0.036320000886917114
case_007_real,gsm8k,late,real_route_replay,67,17,47,real,3.9411764705882355,1,8,0.421625280353001,swiglu,30,0.03296000137925148
case_007_real,gsm8k,late,real_route_replay,67,17,47,real,3.9411764705882355,1,8,0.421625280353001,swiglu,31,0.03407999873161316
case_007_real,gsm8k,late,real_route_replay,67,17,47,real,3.9411764705882355,1,8,0.421625280353001,swiglu,32,0.03968000039458275
case_007_real,gsm8k,late,real_route_replay,67,17,47,real,3.9411764705882355,1,8,0.421625280353001,swiglu,33,0.039903998374938965
case_007_real,gsm8k,late,real_route_replay,67,17,47,real,3.9411764705882355,1,8,0.421625280353001,swiglu,34,0.038336001336574554
case_007_real,gsm8k,late,real_route_replay,67,17,47,real,3.9411764705882355,1,8,0.421625280353001,swiglu,35,0.0414079986512661
case_007_real,gsm8k,late,real_route_replay,67,17,47,real,3.9411764705882355,1,8,0.421625280353001,swiglu,36,0.025887999683618546
case_007_real,gsm8k,late,real_route_replay,67,17,47,real,3.9411764705882355,1,8,0.421625280353001,swiglu,37,0.02550400048494339
case_007_real,gsm8k,late,real_route_replay,67,17,47,real,3.9411764705882355,1,8,0.421625280353001,swiglu,38,0.02505600079894066
case_007_real,gsm8k,late,real_route_replay,67,17,47,real,3.9411764705882355,1,8,0.421625280353001,swiglu,39,0.021888000890612602
case_007_real,gsm8k,late,real_route_replay,67,17,47,real,3.9411764705882355,1,8,0.421625280353001,down_full64_prebuilt,0,0.10025600343942642
case_007_real,gsm8k,late,real_route_replay,67,17,47,real,3.9411764705882355,1,8,0.421625280353001,down_full64_prebuilt,1,0.08825600147247314
case_007_real,gsm8k,late,real_route_replay,67,17,47,real,3.9411764705882355,1,8,0.421625280353001,down_full64_prebuilt,2,0.0865280032157898
case_007_real,gsm8k,late,real_route_replay,67,17,47,real,3.9411764705882355,1,8,0.421625280353001,down_full64_prebuilt,3,0.0870399996638298
case_007_real,gsm8k,late,real_route_replay,67,17,47,real,3.9411764705882355,1,8,0.421625280353001,down_full64_prebuilt,4,0.08700799942016602
case_007_real,gsm8k,late,real_route_replay,67,17,47,real,3.9411764705882355,1,8,0.421625280353001,down_full64_prebuilt,5,0.08582399785518646
case_007_real,gsm8k,late,real_route_replay,67,17,47,real,3.9411764705882355,1,8,0.421625280353001,down_full64_prebuilt,6,0.08668799698352814
case_007_real,gsm8k,late,real_route_replay,67,17,47,real,3.9411764705882355,1,8,0.421625280353001,down_full64_prebuilt,7,0.08569599688053131
case_007_real,gsm8k,late,real_route_replay,67,17,47,real,3.9411764705882355,1,8,0.421625280353001,down_full64_prebuilt,8,0.08643200248479843
case_007_real,gsm8k,late,real_route_replay,67,17,47,real,3.9411764705882355,1,8,0.421625280353001,down_full64_prebuilt,9,0.08585599809885025
case_007_real,gsm8k,late,real_route_replay,67,17,47,real,3.9411764705882355,1,8,0.421625280353001,down_full64_prebuilt,10,0.08895999938249588
case_007_real,gsm8k,late,real_route_replay,67,17,47,real,3.9411764705882355,1,8,0.421625280353001,down_full64_prebuilt,11,0.08633600175380707
case_007_real,gsm8k,late,real_route_replay,67,17,47,real,3.9411764705882355,1,8,0.421625280353001,down_full64_prebuilt,12,0.08777599781751633
case_007_real,gsm8k,late,real_route_replay,67,17,47,real,3.9411764705882355,1,8,0.421625280353001,down_full64_prebuilt,13,0.08643200248479843
case_007_real,gsm8k,late,real_route_replay,67,17,47,real,3.9411764705882355,1,8,0.421625280353001,down_full64_prebuilt,14,0.08681599795818329
case_007_real,gsm8k,late,real_route_replay,67,17,47,real,3.9411764705882355,1,8,0.421625280353001,down_full64_prebuilt,15,0.08582399785518646
case_007_real,gsm8k,late,real_route_replay,67,17,47,real,3.9411764705882355,1,8,0.421625280353001,down_full64_prebuilt,16,0.08694399893283844
case_007_real,gsm8k,late,real_route_replay,67,17,47,real,3.9411764705882355,1,8,0.421625280353001,down_full64_prebuilt,17,0.08707199990749359
case_007_real,gsm8k,late,real_route_replay,67,17,47,real,3.9411764705882355,1,8,0.421625280353001,down_full64_prebuilt,18,0.08691199868917465
case_007_real,gsm8k,late,real_route_replay,67,17,47,real,3.9411764705882355,1,8,0.421625280353001,down_full64_prebuilt,19,0.08828800171613693
case_007_real,gsm8k,late,real_route_replay,67,17,47,real,3.9411764705882355,1,8,0.421625280353001,down_full64_prebuilt,20,0.0899839997291565
case_007_real,gsm8k,late,real_route_replay,67,17,47,real,3.9411764705882355,1,8,0.421625280353001,down_full64_prebuilt,21,0.0875839963555336
case_007_real,gsm8k,late,real_route_replay,67,17,47,real,3.9411764705882355,1,8,0.421625280353001,down_full64_prebuilt,22,0.08528000116348267
case_007_real,gsm8k,late,real_route_replay,67,17,47,real,3.9411764705882355,1,8,0.421625280353001,down_full64_prebuilt,23,0.08515200018882751
case_007_real,gsm8k,late,real_route_replay,67,17,47,real,3.9411764705882355,1,8,0.421625280353001,down_full64_prebuilt,24,0.08937600255012512
case_007_real,gsm8k,late,real_route_replay,67,17,47,real,3.9411764705882355,1,8,0.421625280353001,down_full64_prebuilt,25,0.09132800251245499
case_007_real,gsm8k,late,real_route_replay,67,17,47,real,3.9411764705882355,1,8,0.421625280353001,down_full64_prebuilt,26,0.0891840010881424
case_007_real,gsm8k,late,real_route_replay,67,17,47,real,3.9411764705882355,1,8,0.421625280353001,down_full64_prebuilt,27,0.08799999952316284
case_007_real,gsm8k,late,real_route_replay,67,17,47,real,3.9411764705882355,1,8,0.421625280353001,down_full64_prebuilt,28,0.08617600053548813
case_007_real,gsm8k,late,real_route_replay,67,17,47,real,3.9411764705882355,1,8,0.421625280353001,down_full64_prebuilt,29,0.08752000331878662
case_007_real,gsm8k,late,real_route_replay,67,17,47,real,3.9411764705882355,1,8,0.421625280353001,down_full64_prebuilt,30,0.08710400015115738
case_007_real,gsm8k,late,real_route_replay,67,17,47,real,3.9411764705882355,1,8,0.421625280353001,down_full64_prebuilt,31,0.08470399677753448
case_007_real,gsm8k,late,real_route_replay,67,17,47,real,3.9411764705882355,1,8,0.421625280353001,down_full64_prebuilt,32,0.08457600325345993
case_007_real,gsm8k,late,real_route_replay,67,17,47,real,3.9411764705882355,1,8,0.421625280353001,down_full64_prebuilt,33,0.08451200276613235
case_007_real,gsm8k,late,real_route_replay,67,17,47,real,3.9411764705882355,1,8,0.421625280353001,down_full64_prebuilt,34,0.08524800091981888
case_007_real,gsm8k,late,real_route_replay,67,17,47,real,3.9411764705882355,1,8,0.421625280353001,down_full64_prebuilt,35,0.08742400258779526
case_007_real,gsm8k,late,real_route_replay,67,17,47,real,3.9411764705882355,1,8,0.421625280353001,down_full64_prebuilt,36,0.08646400272846222
case_007_real,gsm8k,late,real_route_replay,67,17,47,real,3.9411764705882355,1,8,0.421625280353001,down_full64_prebuilt,37,0.0912960022687912
case_007_real,gsm8k,late,real_route_replay,67,17,47,real,3.9411764705882355,1,8,0.421625280353001,down_full64_prebuilt,38,0.09004800021648407
case_007_real,gsm8k,late,real_route_replay,67,17,47,real,3.9411764705882355,1,8,0.421625280353001,down_full64_prebuilt,39,0.08764799684286118
case_007_real,gsm8k,late,real_route_replay,67,17,47,real,3.9411764705882355,1,8,0.421625280353001,route_weight,0,0.01651199907064438
case_007_real,gsm8k,late,real_route_replay,67,17,47,real,3.9411764705882355,1,8,0.421625280353001,route_weight,1,0.01408000010997057
case_007_real,gsm8k,late,real_route_replay,67,17,47,real,3.9411764705882355,1,8,0.421625280353001,route_weight,2,0.014112000353634357
case_007_real,gsm8k,late,real_route_replay,67,17,47,real,3.9411764705882355,1,8,0.421625280353001,route_weight,3,0.015296000055968761
case_007_real,gsm8k,late,real_route_replay,67,17,47,real,3.9411764705882355,1,8,0.421625280353001,route_weight,4,0.014560000039637089
case_007_real,gsm8k,late,real_route_replay,67,17,47,real,3.9411764705882355,1,8,0.421625280353001,route_weight,5,0.018271999433636665
case_007_real,gsm8k,late,real_route_replay,67,17,47,real,3.9411764705882355,1,8,0.421625280353001,route_weight,6,0.014303999952971935
case_007_real,gsm8k,late,real_route_replay,67,17,47,real,3.9411764705882355,1,8,0.421625280353001,route_weight,7,0.013824000023305416
case_007_real,gsm8k,late,real_route_replay,67,17,47,real,3.9411764705882355,1,8,0.421625280353001,route_weight,8,0.01360000018030405
case_007_real,gsm8k,late,real_route_replay,67,17,47,real,3.9411764705882355,1,8,0.421625280353001,route_weight,9,0.01360000018030405
case_007_real,gsm8k,late,real_route_replay,67,17,47,real,3.9411764705882355,1,8,0.421625280353001,route_weight,10,0.013344000093638897
case_007_real,gsm8k,late,real_route_replay,67,17,47,real,3.9411764705882355,1,8,0.421625280353001,route_weight,11,0.01369599997997284
case_007_real,gsm8k,late,real_route_replay,67,17,47,real,3.9411764705882355,1,8,0.421625280353001,route_weight,12,0.01360000018030405
case_007_real,gsm8k,late,real_route_replay,67,17,47,real,3.9411764705882355,1,8,0.421625280353001,route_weight,13,0.013344000093638897
case_007_real,gsm8k,late,real_route_replay,67,17,47,real,3.9411764705882355,1,8,0.421625280353001,route_weight,14,0.014495999552309513
case_007_real,gsm8k,late,real_route_replay,67,17,47,real,3.9411764705882355,1,8,0.421625280353001,route_weight,15,0.014431999996304512
case_007_real,gsm8k,late,real_route_replay,67,17,47,real,3.9411764705882355,1,8,0.421625280353001,route_weight,16,0.01548799965530634
case_007_real,gsm8k,late,real_route_replay,67,17,47,real,3.9411764705882355,1,8,0.421625280353001,route_weight,17,0.014271999709308147
case_007_real,gsm8k,late,real_route_replay,67,17,47,real,3.9411764705882355,1,8,0.421625280353001,route_weight,18,0.02486399933695793
case_007_real,gsm8k,late,real_route_replay,67,17,47,real,3.9411764705882355,1,8,0.421625280353001,route_weight,19,0.016127999871969223
case_007_real,gsm8k,late,real_route_replay,67,17,47,real,3.9411764705882355,1,8,0.421625280353001,route_weight,20,0.01484800036996603
case_007_real,gsm8k,late,real_route_replay,67,17,47,real,3.9411764705882355,1,8,0.421625280353001,route_weight,21,0.015168000012636185
case_007_real,gsm8k,late,real_route_replay,67,17,47,real,3.9411764705882355,1,8,0.421625280353001,route_weight,22,0.015584000386297703
case_007_real,gsm8k,late,real_route_replay,67,17,47,real,3.9411764705882355,1,8,0.421625280353001,route_weight,23,0.014688000082969666
case_007_real,gsm8k,late,real_route_replay,67,17,47,real,3.9411764705882355,1,8,0.421625280353001,route_weight,24,0.014592000283300877
case_007_real,gsm8k,late,real_route_replay,67,17,47,real,3.9411764705882355,1,8,0.421625280353001,route_weight,25,0.014720000326633453
case_007_real,gsm8k,late,real_route_replay,67,17,47,real,3.9411764705882355,1,8,0.421625280353001,route_weight,26,0.015039999969303608
case_007_real,gsm8k,late,real_route_replay,67,17,47,real,3.9411764705882355,1,8,0.421625280353001,route_weight,27,0.01484800036996603
case_007_real,gsm8k,late,real_route_replay,67,17,47,real,3.9411764705882355,1,8,0.421625280353001,route_weight,28,0.014015999622642994
case_007_real,gsm8k,late,real_route_replay,67,17,47,real,3.9411764705882355,1,8,0.421625280353001,route_weight,29,0.013567999936640263
case_007_real,gsm8k,late,real_route_replay,67,17,47,real,3.9411764705882355,1,8,0.421625280353001,route_weight,30,0.019360000267624855
case_007_real,gsm8k,late,real_route_replay,67,17,47,real,3.9411764705882355,1,8,0.421625280353001,route_weight,31,0.01484800036996603
case_007_real,gsm8k,late,real_route_replay,67,17,47,real,3.9411764705882355,1,8,0.421625280353001,route_weight,32,0.014560000039637089
case_007_real,gsm8k,late,real_route_replay,67,17,47,real,3.9411764705882355,1,8,0.421625280353001,route_weight,33,0.013439999893307686
case_007_real,gsm8k,late,real_route_replay,67,17,47,real,3.9411764705882355,1,8,0.421625280353001,route_weight,34,0.01548799965530634
case_007_real,gsm8k,late,real_route_replay,67,17,47,real,3.9411764705882355,1,8,0.421625280353001,route_weight,35,0.013791999779641628
case_007_real,gsm8k,late,real_route_replay,67,17,47,real,3.9411764705882355,1,8,0.421625280353001,route_weight,36,0.015168000012636185
case_007_real,gsm8k,late,real_route_replay,67,17,47,real,3.9411764705882355,1,8,0.421625280353001,route_weight,37,0.014368000440299511
case_007_real,gsm8k,late,real_route_replay,67,17,47,real,3.9411764705882355,1,8,0.421625280353001,route_weight,38,0.014495999552309513
case_007_real,gsm8k,late,real_route_replay,67,17,47,real,3.9411764705882355,1,8,0.421625280353001,route_weight,39,0.014720000326633453
case_007_real,gsm8k,late,real_route_replay,67,17,47,real,3.9411764705882355,1,8,0.421625280353001,gate_up_active_prebuilt,0,0.13939200341701508
case_007_real,gsm8k,late,real_route_replay,67,17,47,real,3.9411764705882355,1,8,0.421625280353001,gate_up_active_prebuilt,1,0.1356479972600937
case_007_real,gsm8k,late,real_route_replay,67,17,47,real,3.9411764705882355,1,8,0.421625280353001,gate_up_active_prebuilt,2,0.1364479959011078
case_007_real,gsm8k,late,real_route_replay,67,17,47,real,3.9411764705882355,1,8,0.421625280353001,gate_up_active_prebuilt,3,0.1340479999780655
case_007_real,gsm8k,late,real_route_replay,67,17,47,real,3.9411764705882355,1,8,0.421625280353001,gate_up_active_prebuilt,4,0.13494400680065155
case_007_real,gsm8k,late,real_route_replay,67,17,47,real,3.9411764705882355,1,8,0.421625280353001,gate_up_active_prebuilt,5,0.13977600634098053
case_007_real,gsm8k,late,real_route_replay,67,17,47,real,3.9411764705882355,1,8,0.421625280353001,gate_up_active_prebuilt,6,0.1387840062379837
case_007_real,gsm8k,late,real_route_replay,67,17,47,real,3.9411764705882355,1,8,0.421625280353001,gate_up_active_prebuilt,7,0.13471999764442444
case_007_real,gsm8k,late,real_route_replay,67,17,47,real,3.9411764705882355,1,8,0.421625280353001,gate_up_active_prebuilt,8,0.1343040019273758
case_007_real,gsm8k,late,real_route_replay,67,17,47,real,3.9411764705882355,1,8,0.421625280353001,gate_up_active_prebuilt,9,0.1329279989004135
case_007_real,gsm8k,late,real_route_replay,67,17,47,real,3.9411764705882355,1,8,0.421625280353001,gate_up_active_prebuilt,10,0.14655999839305878
case_007_real,gsm8k,late,real_route_replay,67,17,47,real,3.9411764705882355,1,8,0.421625280353001,gate_up_active_prebuilt,11,0.13225600123405457
case_007_real,gsm8k,late,real_route_replay,67,17,47,real,3.9411764705882355,1,8,0.421625280353001,gate_up_active_prebuilt,12,0.13212800025939941
case_007_real,gsm8k,late,real_route_replay,67,17,47,real,3.9411764705882355,1,8,0.421625280353001,gate_up_active_prebuilt,13,0.13411200046539307
case_007_real,gsm8k,late,real_route_replay,67,17,47,real,3.9411764705882355,1,8,0.421625280353001,gate_up_active_prebuilt,14,0.13254399597644806
case_007_real,gsm8k,late,real_route_replay,67,17,47,real,3.9411764705882355,1,8,0.421625280353001,gate_up_active_prebuilt,15,0.13449600338935852
case_007_real,gsm8k,late,real_route_replay,67,17,47,real,3.9411764705882355,1,8,0.421625280353001,gate_up_active_prebuilt,16,0.13663999736309052
case_007_real,gsm8k,late,real_route_replay,67,17,47,real,3.9411764705882355,1,8,0.421625280353001,gate_up_active_prebuilt,17,0.1372479945421219
case_007_real,gsm8k,late,real_route_replay,67,17,47,real,3.9411764705882355,1,8,0.421625280353001,gate_up_active_prebuilt,18,0.1363839954137802
case_007_real,gsm8k,late,real_route_replay,67,17,47,real,3.9411764705882355,1,8,0.421625280353001,gate_up_active_prebuilt,19,0.1361600011587143
case_007_real,gsm8k,late,real_route_replay,67,17,47,real,3.9411764705882355,1,8,0.421625280353001,gate_up_active_prebuilt,20,0.13769599795341492
case_007_real,gsm8k,late,real_route_replay,67,17,47,real,3.9411764705882355,1,8,0.421625280353001,gate_up_active_prebuilt,21,0.13516800105571747
case_007_real,gsm8k,late,real_route_replay,67,17,47,real,3.9411764705882355,1,8,0.421625280353001,gate_up_active_prebuilt,22,0.13705599308013916
case_007_real,gsm8k,late,real_route_replay,67,17,47,real,3.9411764705882355,1,8,0.421625280353001,gate_up_active_prebuilt,23,0.1372479945421219
case_007_real,gsm8k,late,real_route_replay,67,17,47,real,3.9411764705882355,1,8,0.421625280353001,gate_up_active_prebuilt,24,0.13753600418567657
case_007_real,gsm8k,late,real_route_replay,67,17,47,real,3.9411764705882355,1,8,0.421625280353001,gate_up_active_prebuilt,25,0.13769599795341492
case_007_real,gsm8k,late,real_route_replay,67,17,47,real,3.9411764705882355,1,8,0.421625280353001,gate_up_active_prebuilt,26,0.1340479999780655
case_007_real,gsm8k,late,real_route_replay,67,17,47,real,3.9411764705882355,1,8,0.421625280353001,gate_up_active_prebuilt,27,0.13391999900341034
case_007_real,gsm8k,late,real_route_replay,67,17,47,real,3.9411764705882355,1,8,0.421625280353001,gate_up_active_prebuilt,28,0.1337919980287552
case_007_real,gsm8k,late,real_route_replay,67,17,47,real,3.9411764705882355,1,8,0.421625280353001,gate_up_active_prebuilt,29,0.1342719942331314
case_007_real,gsm8k,late,real_route_replay,67,17,47,real,3.9411764705882355,1,8,0.421625280353001,gate_up_active_prebuilt,30,0.13756799697875977
case_007_real,gsm8k,late,real_route_replay,67,17,47,real,3.9411764705882355,1,8,0.421625280353001,gate_up_active_prebuilt,31,0.13519999384880066
case_007_real,gsm8k,late,real_route_replay,67,17,47,real,3.9411764705882355,1,8,0.421625280353001,gate_up_active_prebuilt,32,0.13407999277114868
case_007_real,gsm8k,late,real_route_replay,67,17,47,real,3.9411764705882355,1,8,0.421625280353001,gate_up_active_prebuilt,33,0.13279999792575836
case_007_real,gsm8k,late,real_route_replay,67,17,47,real,3.9411764705882355,1,8,0.421625280353001,gate_up_active_prebuilt,34,0.13254399597644806
case_007_real,gsm8k,late,real_route_replay,67,17,47,real,3.9411764705882355,1,8,0.421625280353001,gate_up_active_prebuilt,35,0.1385280042886734
case_007_real,gsm8k,late,real_route_replay,67,17,47,real,3.9411764705882355,1,8,0.421625280353001,gate_up_active_prebuilt,36,0.14905600249767303
case_007_real,gsm8k,late,real_route_replay,67,17,47,real,3.9411764705882355,1,8,0.421625280353001,gate_up_active_prebuilt,37,0.1345279961824417
case_007_real,gsm8k,late,real_route_replay,67,17,47,real,3.9411764705882355,1,8,0.421625280353001,gate_up_active_prebuilt,38,0.1340479999780655
case_007_real,gsm8k,late,real_route_replay,67,17,47,real,3.9411764705882355,1,8,0.421625280353001,gate_up_active_prebuilt,39,0.13424000144004822
case_007_real,gsm8k,late,real_route_replay,67,17,47,real,3.9411764705882355,1,8,0.421625280353001,gate_up_full64_prebuilt,0,0.15305599570274353
case_007_real,gsm8k,late,real_route_replay,67,17,47,real,3.9411764705882355,1,8,0.421625280353001,gate_up_full64_prebuilt,1,0.14697599411010742
case_007_real,gsm8k,late,real_route_replay,67,17,47,real,3.9411764705882355,1,8,0.421625280353001,gate_up_full64_prebuilt,2,0.14236800372600555
case_007_real,gsm8k,late,real_route_replay,67,17,47,real,3.9411764705882355,1,8,0.421625280353001,gate_up_full64_prebuilt,3,0.14537599682807922
case_007_real,gsm8k,late,real_route_replay,67,17,47,real,3.9411764705882355,1,8,0.421625280353001,gate_up_full64_prebuilt,4,0.14723199605941772
case_007_real,gsm8k,late,real_route_replay,67,17,47,real,3.9411764705882355,1,8,0.421625280353001,gate_up_full64_prebuilt,5,0.14963200688362122
case_007_real,gsm8k,late,real_route_replay,67,17,47,real,3.9411764705882355,1,8,0.421625280353001,gate_up_full64_prebuilt,6,0.14076800644397736
case_007_real,gsm8k,late,real_route_replay,67,17,47,real,3.9411764705882355,1,8,0.421625280353001,gate_up_full64_prebuilt,7,0.14006400108337402
case_007_real,gsm8k,late,real_route_replay,67,17,47,real,3.9411764705882355,1,8,0.421625280353001,gate_up_full64_prebuilt,8,0.14422400295734406
case_007_real,gsm8k,late,real_route_replay,67,17,47,real,3.9411764705882355,1,8,0.421625280353001,gate_up_full64_prebuilt,9,0.14444799721240997
case_007_real,gsm8k,late,real_route_replay,67,17,47,real,3.9411764705882355,1,8,0.421625280353001,gate_up_full64_prebuilt,10,0.1353279948234558
case_007_real,gsm8k,late,real_route_replay,67,17,47,real,3.9411764705882355,1,8,0.421625280353001,gate_up_full64_prebuilt,11,0.13680000603199005
case_007_real,gsm8k,late,real_route_replay,67,17,47,real,3.9411764705882355,1,8,0.421625280353001,gate_up_full64_prebuilt,12,0.13897599279880524
case_007_real,gsm8k,late,real_route_replay,67,17,47,real,3.9411764705882355,1,8,0.421625280353001,gate_up_full64_prebuilt,13,0.13769599795341492
case_007_real,gsm8k,late,real_route_replay,67,17,47,real,3.9411764705882355,1,8,0.421625280353001,gate_up_full64_prebuilt,14,0.13782399892807007
case_007_real,gsm8k,late,real_route_replay,67,17,47,real,3.9411764705882355,1,8,0.421625280353001,gate_up_full64_prebuilt,15,0.13683199882507324
case_007_real,gsm8k,late,real_route_replay,67,17,47,real,3.9411764705882355,1,8,0.421625280353001,gate_up_full64_prebuilt,16,0.14287999272346497
case_007_real,gsm8k,late,real_route_replay,67,17,47,real,3.9411764705882355,1,8,0.421625280353001,gate_up_full64_prebuilt,17,0.13603200018405914
case_007_real,gsm8k,late,real_route_replay,67,17,47,real,3.9411764705882355,1,8,0.421625280353001,gate_up_full64_prebuilt,18,0.13523200154304504
case_007_real,gsm8k,late,real_route_replay,67,17,47,real,3.9411764705882355,1,8,0.421625280353001,gate_up_full64_prebuilt,19,0.13478399813175201
case_007_real,gsm8k,late,real_route_replay,67,17,47,real,3.9411764705882355,1,8,0.421625280353001,gate_up_full64_prebuilt,20,0.13833600282669067
case_007_real,gsm8k,late,real_route_replay,67,17,47,real,3.9411764705882355,1,8,0.421625280353001,gate_up_full64_prebuilt,21,0.13708800077438354
case_007_real,gsm8k,late,real_route_replay,67,17,47,real,3.9411764705882355,1,8,0.421625280353001,gate_up_full64_prebuilt,22,0.1393599957227707
case_007_real,gsm8k,late,real_route_replay,67,17,47,real,3.9411764705882355,1,8,0.421625280353001,gate_up_full64_prebuilt,23,0.1353600025177002
case_007_real,gsm8k,late,real_route_replay,67,17,47,real,3.9411764705882355,1,8,0.421625280353001,gate_up_full64_prebuilt,24,0.1345279961824417
case_007_real,gsm8k,late,real_route_replay,67,17,47,real,3.9411764705882355,1,8,0.421625280353001,gate_up_full64_prebuilt,25,0.1348479986190796
case_007_real,gsm8k,late,real_route_replay,67,17,47,real,3.9411764705882355,1,8,0.421625280353001,gate_up_full64_prebuilt,26,0.14025600254535675
case_007_real,gsm8k,late,real_route_replay,67,17,47,real,3.9411764705882355,1,8,0.421625280353001,gate_up_full64_prebuilt,27,0.13974399864673615
case_007_real,gsm8k,late,real_route_replay,67,17,47,real,3.9411764705882355,1,8,0.421625280353001,gate_up_full64_prebuilt,28,0.13836799561977386
case_007_real,gsm8k,late,real_route_replay,67,17,47,real,3.9411764705882355,1,8,0.421625280353001,gate_up_full64_prebuilt,29,0.13468800485134125
case_007_real,gsm8k,late,real_route_replay,67,17,47,real,3.9411764705882355,1,8,0.421625280353001,gate_up_full64_prebuilt,30,0.13497599959373474
case_007_real,gsm8k,late,real_route_replay,67,17,47,real,3.9411764705882355,1,8,0.421625280353001,gate_up_full64_prebuilt,31,0.13583999872207642
case_007_real,gsm8k,late,real_route_replay,67,17,47,real,3.9411764705882355,1,8,0.421625280353001,gate_up_full64_prebuilt,32,0.13424000144004822
case_007_real,gsm8k,late,real_route_replay,67,17,47,real,3.9411764705882355,1,8,0.421625280353001,gate_up_full64_prebuilt,33,0.13516800105571747
case_007_real,gsm8k,late,real_route_replay,67,17,47,real,3.9411764705882355,1,8,0.421625280353001,gate_up_full64_prebuilt,34,0.13340799510478973
case_007_real,gsm8k,late,real_route_replay,67,17,47,real,3.9411764705882355,1,8,0.421625280353001,gate_up_full64_prebuilt,35,0.1377599984407425
case_007_real,gsm8k,late,real_route_replay,67,17,47,real,3.9411764705882355,1,8,0.421625280353001,gate_up_full64_prebuilt,36,0.13862399756908417
case_007_real,gsm8k,late,real_route_replay,67,17,47,real,3.9411764705882355,1,8,0.421625280353001,gate_up_full64_prebuilt,37,0.13891200721263885
case_007_real,gsm8k,late,real_route_replay,67,17,47,real,3.9411764705882355,1,8,0.421625280353001,gate_up_full64_prebuilt,38,0.1345600038766861
case_007_real,gsm8k,late,real_route_replay,67,17,47,real,3.9411764705882355,1,8,0.421625280353001,gate_up_full64_prebuilt,39,0.13993600010871887
case_007_real,gsm8k,late,real_route_replay,67,17,47,real,3.9411764705882355,1,8,0.421625280353001,down_active_prebuilt,0,0.09759999811649323
case_007_real,gsm8k,late,real_route_replay,67,17,47,real,3.9411764705882355,1,8,0.421625280353001,down_active_prebuilt,1,0.09404800087213516
case_007_real,gsm8k,late,real_route_replay,67,17,47,real,3.9411764705882355,1,8,0.421625280353001,down_active_prebuilt,2,0.09340800344944
case_007_real,gsm8k,late,real_route_replay,67,17,47,real,3.9411764705882355,1,8,0.421625280353001,down_active_prebuilt,3,0.09337600320577621
case_007_real,gsm8k,late,real_route_replay,67,17,47,real,3.9411764705882355,1,8,0.421625280353001,down_active_prebuilt,4,0.09696000069379807
case_007_real,gsm8k,late,real_route_replay,67,17,47,real,3.9411764705882355,1,8,0.421625280353001,down_active_prebuilt,5,0.1016639992594719
case_007_real,gsm8k,late,real_route_replay,67,17,47,real,3.9411764705882355,1,8,0.421625280353001,down_active_prebuilt,6,0.11247999966144562
case_007_real,gsm8k,late,real_route_replay,67,17,47,real,3.9411764705882355,1,8,0.421625280353001,down_active_prebuilt,7,0.09302400052547455
case_007_real,gsm8k,late,real_route_replay,67,17,47,real,3.9411764705882355,1,8,0.421625280353001,down_active_prebuilt,8,0.09536000341176987
case_007_real,gsm8k,late,real_route_replay,67,17,47,real,3.9411764705882355,1,8,0.421625280353001,down_active_prebuilt,9,0.09398400038480759
case_007_real,gsm8k,late,real_route_replay,67,17,47,real,3.9411764705882355,1,8,0.421625280353001,down_active_prebuilt,10,0.09587199985980988
case_007_real,gsm8k,late,real_route_replay,67,17,47,real,3.9411764705882355,1,8,0.421625280353001,down_active_prebuilt,11,0.08748800307512283
case_007_real,gsm8k,late,real_route_replay,67,17,47,real,3.9411764705882355,1,8,0.421625280353001,down_active_prebuilt,12,0.08975999802350998
case_007_real,gsm8k,late,real_route_replay,67,17,47,real,3.9411764705882355,1,8,0.421625280353001,down_active_prebuilt,13,0.09046400338411331
case_007_real,gsm8k,late,real_route_replay,67,17,47,real,3.9411764705882355,1,8,0.421625280353001,down_active_prebuilt,14,0.09030400216579437
case_007_real,gsm8k,late,real_route_replay,67,17,47,real,3.9411764705882355,1,8,0.421625280353001,down_active_prebuilt,15,0.08934400230646133
case_007_real,gsm8k,late,real_route_replay,67,17,47,real,3.9411764705882355,1,8,0.421625280353001,down_active_prebuilt,16,0.09100800007581711
case_007_real,gsm8k,late,real_route_replay,67,17,47,real,3.9411764705882355,1,8,0.421625280353001,down_active_prebuilt,17,0.09011200070381165
case_007_real,gsm8k,late,real_route_replay,67,17,47,real,3.9411764705882355,1,8,0.421625280353001,down_active_prebuilt,18,0.08566399663686752
case_007_real,gsm8k,late,real_route_replay,67,17,47,real,3.9411764705882355,1,8,0.421625280353001,down_active_prebuilt,19,0.08656000345945358
case_007_real,gsm8k,late,real_route_replay,67,17,47,real,3.9411764705882355,1,8,0.421625280353001,down_active_prebuilt,20,0.08633600175380707
case_007_real,gsm8k,late,real_route_replay,67,17,47,real,3.9411764705882355,1,8,0.421625280353001,down_active_prebuilt,21,0.08912000060081482
case_007_real,gsm8k,late,real_route_replay,67,17,47,real,3.9411764705882355,1,8,0.421625280353001,down_active_prebuilt,22,0.09596800059080124
case_007_real,gsm8k,late,real_route_replay,67,17,47,real,3.9411764705882355,1,8,0.421625280353001,down_active_prebuilt,23,0.08860799670219421
case_007_real,gsm8k,late,real_route_replay,67,17,47,real,3.9411764705882355,1,8,0.421625280353001,down_active_prebuilt,24,0.09040000289678574
case_007_real,gsm8k,late,real_route_replay,67,17,47,real,3.9411764705882355,1,8,0.421625280353001,down_active_prebuilt,25,0.08982399851083755
case_007_real,gsm8k,late,real_route_replay,67,17,47,real,3.9411764705882355,1,8,0.421625280353001,down_active_prebuilt,26,0.08915200084447861
case_007_real,gsm8k,late,real_route_replay,67,17,47,real,3.9411764705882355,1,8,0.421625280353001,down_active_prebuilt,27,0.08966399729251862
case_007_real,gsm8k,late,real_route_replay,67,17,47,real,3.9411764705882355,1,8,0.421625280353001,down_active_prebuilt,28,0.08886399865150452
case_007_real,gsm8k,late,real_route_replay,67,17,47,real,3.9411764705882355,1,8,0.421625280353001,down_active_prebuilt,29,0.08819200098514557
case_007_real,gsm8k,late,real_route_replay,67,17,47,real,3.9411764705882355,1,8,0.421625280353001,down_active_prebuilt,30,0.10172799974679947
case_007_real,gsm8k,late,real_route_replay,67,17,47,real,3.9411764705882355,1,8,0.421625280353001,down_active_prebuilt,31,0.08947200328111649
case_007_real,gsm8k,late,real_route_replay,67,17,47,real,3.9411764705882355,1,8,0.421625280353001,down_active_prebuilt,32,0.08816000074148178
case_007_real,gsm8k,late,real_route_replay,67,17,47,real,3.9411764705882355,1,8,0.421625280353001,down_active_prebuilt,33,0.08959999680519104
case_007_real,gsm8k,late,real_route_replay,67,17,47,real,3.9411764705882355,1,8,0.421625280353001,down_active_prebuilt,34,0.08921600133180618
case_007_real,gsm8k,late,real_route_replay,67,17,47,real,3.9411764705882355,1,8,0.421625280353001,down_active_prebuilt,35,0.09171199798583984
case_007_real,gsm8k,late,real_route_replay,67,17,47,real,3.9411764705882355,1,8,0.421625280353001,down_active_prebuilt,36,0.09052799642086029
case_007_real,gsm8k,late,real_route_replay,67,17,47,real,3.9411764705882355,1,8,0.421625280353001,down_active_prebuilt,37,0.08799999952316284
case_007_real,gsm8k,late,real_route_replay,67,17,47,real,3.9411764705882355,1,8,0.421625280353001,down_active_prebuilt,38,0.09046400338411331
case_007_real,gsm8k,late,real_route_replay,67,17,47,real,3.9411764705882355,1,8,0.421625280353001,down_active_prebuilt,39,0.09001599997282028
case_008_real,gsm8k,late,real_route_replay,185,19,45,real,9.736842105263158,1,79,2.0494115387649186,route_weight,0,0.028511999174952507
case_008_real,gsm8k,late,real_route_replay,185,19,45,real,9.736842105263158,1,79,2.0494115387649186,route_weight,1,0.01711999997496605
case_008_real,gsm8k,late,real_route_replay,185,19,45,real,9.736842105263158,1,79,2.0494115387649186,route_weight,2,0.014879999682307243
case_008_real,gsm8k,late,real_route_replay,185,19,45,real,9.736842105263158,1,79,2.0494115387649186,route_weight,3,0.014751999638974667
case_008_real,gsm8k,late,real_route_replay,185,19,45,real,9.736842105263158,1,79,2.0494115387649186,route_weight,4,0.015200000256299973
case_008_real,gsm8k,late,real_route_replay,185,19,45,real,9.736842105263158,1,79,2.0494115387649186,route_weight,5,0.01408000010997057
case_008_real,gsm8k,late,real_route_replay,185,19,45,real,9.736842105263158,1,79,2.0494115387649186,route_weight,6,0.013535999692976475
case_008_real,gsm8k,late,real_route_replay,185,19,45,real,9.736842105263158,1,79,2.0494115387649186,route_weight,7,0.013919999822974205
case_008_real,gsm8k,late,real_route_replay,185,19,45,real,9.736842105263158,1,79,2.0494115387649186,route_weight,8,0.013728000223636627
case_008_real,gsm8k,late,real_route_replay,185,19,45,real,9.736842105263158,1,79,2.0494115387649186,route_weight,9,0.014688000082969666
case_008_real,gsm8k,late,real_route_replay,185,19,45,real,9.736842105263158,1,79,2.0494115387649186,route_weight,10,0.015647999942302704
case_008_real,gsm8k,late,real_route_replay,185,19,45,real,9.736842105263158,1,79,2.0494115387649186,route_weight,11,0.01484800036996603
case_008_real,gsm8k,late,real_route_replay,185,19,45,real,9.736842105263158,1,79,2.0494115387649186,route_weight,12,0.018400000408291817
case_008_real,gsm8k,late,real_route_replay,185,19,45,real,9.736842105263158,1,79,2.0494115387649186,route_weight,13,0.015296000055968761
case_008_real,gsm8k,late,real_route_replay,185,19,45,real,9.736842105263158,1,79,2.0494115387649186,route_weight,14,0.014976000413298607
case_008_real,gsm8k,late,real_route_replay,185,19,45,real,9.736842105263158,1,79,2.0494115387649186,route_weight,15,0.015263999812304974
case_008_real,gsm8k,late,real_route_replay,185,19,45,real,9.736842105263158,1,79,2.0494115387649186,route_weight,16,0.015231999568641186
case_008_real,gsm8k,late,real_route_replay,185,19,45,real,9.736842105263158,1,79,2.0494115387649186,route_weight,17,0.015359999611973763
case_008_real,gsm8k,late,real_route_replay,185,19,45,real,9.736842105263158,1,79,2.0494115387649186,route_weight,18,0.014560000039637089
case_008_real,gsm8k,late,real_route_replay,185,19,45,real,9.736842105263158,1,79,2.0494115387649186,route_weight,19,0.014688000082969666
case_008_real,gsm8k,late,real_route_replay,185,19,45,real,9.736842105263158,1,79,2.0494115387649186,route_weight,20,0.014751999638974667
case_008_real,gsm8k,late,real_route_replay,185,19,45,real,9.736842105263158,1,79,2.0494115387649186,route_weight,21,0.016672000288963318
case_008_real,gsm8k,late,real_route_replay,185,19,45,real,9.736842105263158,1,79,2.0494115387649186,route_weight,22,0.01587199978530407
case_008_real,gsm8k,late,real_route_replay,185,19,45,real,9.736842105263158,1,79,2.0494115387649186,route_weight,23,0.014944000169634819
case_008_real,gsm8k,late,real_route_replay,185,19,45,real,9.736842105263158,1,79,2.0494115387649186,route_weight,24,0.014816000126302242
case_008_real,gsm8k,late,real_route_replay,185,19,45,real,9.736842105263158,1,79,2.0494115387649186,route_weight,25,0.013344000093638897
case_008_real,gsm8k,late,real_route_replay,185,19,45,real,9.736842105263158,1,79,2.0494115387649186,route_weight,26,0.013887999579310417
case_008_real,gsm8k,late,real_route_replay,185,19,45,real,9.736842105263158,1,79,2.0494115387649186,route_weight,27,0.013728000223636627
case_008_real,gsm8k,late,real_route_replay,185,19,45,real,9.736842105263158,1,79,2.0494115387649186,route_weight,28,0.01398400031030178
case_008_real,gsm8k,late,real_route_replay,185,19,45,real,9.736842105263158,1,79,2.0494115387649186,route_weight,29,0.014271999709308147
case_008_real,gsm8k,late,real_route_replay,185,19,45,real,9.736842105263158,1,79,2.0494115387649186,route_weight,30,0.01360000018030405
case_008_real,gsm8k,late,real_route_replay,185,19,45,real,9.736842105263158,1,79,2.0494115387649186,route_weight,31,0.013248000293970108
case_008_real,gsm8k,late,real_route_replay,185,19,45,real,9.736842105263158,1,79,2.0494115387649186,route_weight,32,0.013919999822974205
case_008_real,gsm8k,late,real_route_replay,185,19,45,real,9.736842105263158,1,79,2.0494115387649186,route_weight,33,0.014655999839305878
case_008_real,gsm8k,late,real_route_replay,185,19,45,real,9.736842105263158,1,79,2.0494115387649186,route_weight,34,0.017696000635623932
case_008_real,gsm8k,late,real_route_replay,185,19,45,real,9.736842105263158,1,79,2.0494115387649186,route_weight,35,0.01484800036996603
case_008_real,gsm8k,late,real_route_replay,185,19,45,real,9.736842105263158,1,79,2.0494115387649186,route_weight,36,0.01651199907064438
case_008_real,gsm8k,late,real_route_replay,185,19,45,real,9.736842105263158,1,79,2.0494115387649186,route_weight,37,0.014751999638974667
case_008_real,gsm8k,late,real_route_replay,185,19,45,real,9.736842105263158,1,79,2.0494115387649186,route_weight,38,0.015263999812304974
case_008_real,gsm8k,late,real_route_replay,185,19,45,real,9.736842105263158,1,79,2.0494115387649186,route_weight,39,0.015263999812304974
case_008_real,gsm8k,late,real_route_replay,185,19,45,real,9.736842105263158,1,79,2.0494115387649186,down_full64_prebuilt,0,0.1093439981341362
case_008_real,gsm8k,late,real_route_replay,185,19,45,real,9.736842105263158,1,79,2.0494115387649186,down_full64_prebuilt,1,0.0979200005531311
case_008_real,gsm8k,late,real_route_replay,185,19,45,real,9.736842105263158,1,79,2.0494115387649186,down_full64_prebuilt,2,0.09814400225877762
case_008_real,gsm8k,late,real_route_replay,185,19,45,real,9.736842105263158,1,79,2.0494115387649186,down_full64_prebuilt,3,0.09881599992513657
case_008_real,gsm8k,late,real_route_replay,185,19,45,real,9.736842105263158,1,79,2.0494115387649186,down_full64_prebuilt,4,0.0947519987821579
case_008_real,gsm8k,late,real_route_replay,185,19,45,real,9.736842105263158,1,79,2.0494115387649186,down_full64_prebuilt,5,0.09667199850082397
case_008_real,gsm8k,late,real_route_replay,185,19,45,real,9.736842105263158,1,79,2.0494115387649186,down_full64_prebuilt,6,0.09484799951314926
case_008_real,gsm8k,late,real_route_replay,185,19,45,real,9.736842105263158,1,79,2.0494115387649186,down_full64_prebuilt,7,0.09516800194978714
case_008_real,gsm8k,late,real_route_replay,185,19,45,real,9.736842105263158,1,79,2.0494115387649186,down_full64_prebuilt,8,0.09532800316810608
case_008_real,gsm8k,late,real_route_replay,185,19,45,real,9.736842105263158,1,79,2.0494115387649186,down_full64_prebuilt,9,0.09804800152778625
case_008_real,gsm8k,late,real_route_replay,185,19,45,real,9.736842105263158,1,79,2.0494115387649186,down_full64_prebuilt,10,0.09551999717950821
case_008_real,gsm8k,late,real_route_replay,185,19,45,real,9.736842105263158,1,79,2.0494115387649186,down_full64_prebuilt,11,0.09839999675750732
case_008_real,gsm8k,late,real_route_replay,185,19,45,real,9.736842105263158,1,79,2.0494115387649186,down_full64_prebuilt,12,0.09536000341176987
case_008_real,gsm8k,late,real_route_replay,185,19,45,real,9.736842105263158,1,79,2.0494115387649186,down_full64_prebuilt,13,0.09865599870681763
case_008_real,gsm8k,late,real_route_replay,185,19,45,real,9.736842105263158,1,79,2.0494115387649186,down_full64_prebuilt,14,0.09494400024414062
case_008_real,gsm8k,late,real_route_replay,185,19,45,real,9.736842105263158,1,79,2.0494115387649186,down_full64_prebuilt,15,0.09932799637317657
case_008_real,gsm8k,late,real_route_replay,185,19,45,real,9.736842105263158,1,79,2.0494115387649186,down_full64_prebuilt,16,0.09542399644851685
case_008_real,gsm8k,late,real_route_replay,185,19,45,real,9.736842105263158,1,79,2.0494115387649186,down_full64_prebuilt,17,0.09638399630784988
case_008_real,gsm8k,late,real_route_replay,185,19,45,real,9.736842105263158,1,79,2.0494115387649186,down_full64_prebuilt,18,0.09462399780750275
case_008_real,gsm8k,late,real_route_replay,185,19,45,real,9.736842105263158,1,79,2.0494115387649186,down_full64_prebuilt,19,0.09583999961614609
case_008_real,gsm8k,late,real_route_replay,185,19,45,real,9.736842105263158,1,79,2.0494115387649186,down_full64_prebuilt,20,0.09481599926948547
case_008_real,gsm8k,late,real_route_replay,185,19,45,real,9.736842105263158,1,79,2.0494115387649186,down_full64_prebuilt,21,0.1016639992594719
case_008_real,gsm8k,late,real_route_replay,185,19,45,real,9.736842105263158,1,79,2.0494115387649186,down_full64_prebuilt,22,0.09628800302743912
case_008_real,gsm8k,late,real_route_replay,185,19,45,real,9.736842105263158,1,79,2.0494115387649186,down_full64_prebuilt,23,0.0963200032711029
case_008_real,gsm8k,late,real_route_replay,185,19,45,real,9.736842105263158,1,79,2.0494115387649186,down_full64_prebuilt,24,0.09878399968147278
case_008_real,gsm8k,late,real_route_replay,185,19,45,real,9.736842105263158,1,79,2.0494115387649186,down_full64_prebuilt,25,0.09884800016880035
case_008_real,gsm8k,late,real_route_replay,185,19,45,real,9.736842105263158,1,79,2.0494115387649186,down_full64_prebuilt,26,0.09663999825716019
case_008_real,gsm8k,late,real_route_replay,185,19,45,real,9.736842105263158,1,79,2.0494115387649186,down_full64_prebuilt,27,0.09993600100278854
case_008_real,gsm8k,late,real_route_replay,185,19,45,real,9.736842105263158,1,79,2.0494115387649186,down_full64_prebuilt,28,0.09769599884748459
case_008_real,gsm8k,late,real_route_replay,185,19,45,real,9.736842105263158,1,79,2.0494115387649186,down_full64_prebuilt,29,0.09600000083446503
case_008_real,gsm8k,late,real_route_replay,185,19,45,real,9.736842105263158,1,79,2.0494115387649186,down_full64_prebuilt,30,0.0981760025024414
case_008_real,gsm8k,late,real_route_replay,185,19,45,real,9.736842105263158,1,79,2.0494115387649186,down_full64_prebuilt,31,0.09679999947547913
case_008_real,gsm8k,late,real_route_replay,185,19,45,real,9.736842105263158,1,79,2.0494115387649186,down_full64_prebuilt,32,0.09759999811649323
case_008_real,gsm8k,late,real_route_replay,185,19,45,real,9.736842105263158,1,79,2.0494115387649186,down_full64_prebuilt,33,0.0968639999628067
case_008_real,gsm8k,late,real_route_replay,185,19,45,real,9.736842105263158,1,79,2.0494115387649186,down_full64_prebuilt,34,0.09654399752616882
case_008_real,gsm8k,late,real_route_replay,185,19,45,real,9.736842105263158,1,79,2.0494115387649186,down_full64_prebuilt,35,0.10089600086212158
case_008_real,gsm8k,late,real_route_replay,185,19,45,real,9.736842105263158,1,79,2.0494115387649186,down_full64_prebuilt,36,0.09465599805116653
case_008_real,gsm8k,late,real_route_replay,185,19,45,real,9.736842105263158,1,79,2.0494115387649186,down_full64_prebuilt,37,0.0963200032711029
case_008_real,gsm8k,late,real_route_replay,185,19,45,real,9.736842105263158,1,79,2.0494115387649186,down_full64_prebuilt,38,0.09510400146245956
case_008_real,gsm8k,late,real_route_replay,185,19,45,real,9.736842105263158,1,79,2.0494115387649186,down_full64_prebuilt,39,0.09542399644851685
case_008_real,gsm8k,late,real_route_replay,185,19,45,real,9.736842105263158,1,79,2.0494115387649186,swiglu,0,0.031231999397277832
case_008_real,gsm8k,late,real_route_replay,185,19,45,real,9.736842105263158,1,79,2.0494115387649186,swiglu,1,0.02860799990594387
case_008_real,gsm8k,late,real_route_replay,185,19,45,real,9.736842105263158,1,79,2.0494115387649186,swiglu,2,0.024320000782608986
case_008_real,gsm8k,late,real_route_replay,185,19,45,real,9.736842105263158,1,79,2.0494115387649186,swiglu,3,0.023903999477624893
case_008_real,gsm8k,late,real_route_replay,185,19,45,real,9.736842105263158,1,79,2.0494115387649186,swiglu,4,0.025119999423623085
case_008_real,gsm8k,late,real_route_replay,185,19,45,real,9.736842105263158,1,79,2.0494115387649186,swiglu,5,0.02112000063061714
case_008_real,gsm8k,late,real_route_replay,185,19,45,real,9.736842105263158,1,79,2.0494115387649186,swiglu,6,0.021023999899625778
case_008_real,gsm8k,late,real_route_replay,185,19,45,real,9.736842105263158,1,79,2.0494115387649186,swiglu,7,0.021568000316619873
case_008_real,gsm8k,late,real_route_replay,185,19,45,real,9.736842105263158,1,79,2.0494115387649186,swiglu,8,0.02675200067460537
case_008_real,gsm8k,late,real_route_replay,185,19,45,real,9.736842105263158,1,79,2.0494115387649186,swiglu,9,0.023072000592947006
case_008_real,gsm8k,late,real_route_replay,185,19,45,real,9.736842105263158,1,79,2.0494115387649186,swiglu,10,0.030047999694943428
case_008_real,gsm8k,late,real_route_replay,185,19,45,real,9.736842105263158,1,79,2.0494115387649186,swiglu,11,0.02163200080394745
case_008_real,gsm8k,late,real_route_replay,185,19,45,real,9.736842105263158,1,79,2.0494115387649186,swiglu,12,0.020767999812960625
case_008_real,gsm8k,late,real_route_replay,185,19,45,real,9.736842105263158,1,79,2.0494115387649186,swiglu,13,0.02038400061428547
case_008_real,gsm8k,late,real_route_replay,185,19,45,real,9.736842105263158,1,79,2.0494115387649186,swiglu,14,0.020927999168634415
case_008_real,gsm8k,late,real_route_replay,185,19,45,real,9.736842105263158,1,79,2.0494115387649186,swiglu,15,0.020416000857949257
case_008_real,gsm8k,late,real_route_replay,185,19,45,real,9.736842105263158,1,79,2.0494115387649186,swiglu,16,0.020479999482631683
case_008_real,gsm8k,late,real_route_replay,185,19,45,real,9.736842105263158,1,79,2.0494115387649186,swiglu,17,0.02143999934196472
case_008_real,gsm8k,late,real_route_replay,185,19,45,real,9.736842105263158,1,79,2.0494115387649186,swiglu,18,0.02454400062561035
case_008_real,gsm8k,late,real_route_replay,185,19,45,real,9.736842105263158,1,79,2.0494115387649186,swiglu,19,0.02473600022494793
case_008_real,gsm8k,late,real_route_replay,185,19,45,real,9.736842105263158,1,79,2.0494115387649186,swiglu,20,0.020927999168634415
case_008_real,gsm8k,late,real_route_replay,185,19,45,real,9.736842105263158,1,79,2.0494115387649186,swiglu,21,0.019999999552965164
case_008_real,gsm8k,late,real_route_replay,185,19,45,real,9.736842105263158,1,79,2.0494115387649186,swiglu,22,0.02054399996995926
case_008_real,gsm8k,late,real_route_replay,185,19,45,real,9.736842105263158,1,79,2.0494115387649186,swiglu,23,0.0226879995316267
case_008_real,gsm8k,late,real_route_replay,185,19,45,real,9.736842105263158,1,79,2.0494115387649186,swiglu,24,0.023552000522613525
case_008_real,gsm8k,late,real_route_replay,185,19,45,real,9.736842105263158,1,79,2.0494115387649186,swiglu,25,0.02191999927163124
case_008_real,gsm8k,late,real_route_replay,185,19,45,real,9.736842105263158,1,79,2.0494115387649186,swiglu,26,0.024000000208616257
case_008_real,gsm8k,late,real_route_replay,185,19,45,real,9.736842105263158,1,79,2.0494115387649186,swiglu,27,0.022943999618291855
case_008_real,gsm8k,late,real_route_replay,185,19,45,real,9.736842105263158,1,79,2.0494115387649186,swiglu,28,0.021695999428629875
case_008_real,gsm8k,late,real_route_replay,185,19,45,real,9.736842105263158,1,79,2.0494115387649186,swiglu,29,0.02239999920129776
case_008_real,gsm8k,late,real_route_replay,185,19,45,real,9.736842105263158,1,79,2.0494115387649186,swiglu,30,0.021983999758958817
case_008_real,gsm8k,late,real_route_replay,185,19,45,real,9.736842105263158,1,79,2.0494115387649186,swiglu,31,0.022016000002622604
case_008_real,gsm8k,late,real_route_replay,185,19,45,real,9.736842105263158,1,79,2.0494115387649186,swiglu,32,0.02131200022995472
case_008_real,gsm8k,late,real_route_replay,185,19,45,real,9.736842105263158,1,79,2.0494115387649186,swiglu,33,0.020128000527620316
case_008_real,gsm8k,late,real_route_replay,185,19,45,real,9.736842105263158,1,79,2.0494115387649186,swiglu,34,0.03404799848794937
case_008_real,gsm8k,late,real_route_replay,185,19,45,real,9.736842105263158,1,79,2.0494115387649186,swiglu,35,0.02271999977529049
case_008_real,gsm8k,late,real_route_replay,185,19,45,real,9.736842105263158,1,79,2.0494115387649186,swiglu,36,0.024800000712275505
case_008_real,gsm8k,late,real_route_replay,185,19,45,real,9.736842105263158,1,79,2.0494115387649186,swiglu,37,0.030271999537944794
case_008_real,gsm8k,late,real_route_replay,185,19,45,real,9.736842105263158,1,79,2.0494115387649186,swiglu,38,0.02566399984061718
case_008_real,gsm8k,late,real_route_replay,185,19,45,real,9.736842105263158,1,79,2.0494115387649186,swiglu,39,0.024992000311613083
case_008_real,gsm8k,late,real_route_replay,185,19,45,real,9.736842105263158,1,79,2.0494115387649186,down_active_prebuilt,0,0.10080000013113022
case_008_real,gsm8k,late,real_route_replay,185,19,45,real,9.736842105263158,1,79,2.0494115387649186,down_active_prebuilt,1,0.10070399940013885
case_008_real,gsm8k,late,real_route_replay,185,19,45,real,9.736842105263158,1,79,2.0494115387649186,down_active_prebuilt,2,0.09904000163078308
case_008_real,gsm8k,late,real_route_replay,185,19,45,real,9.736842105263158,1,79,2.0494115387649186,down_active_prebuilt,3,0.10099200159311295
case_008_real,gsm8k,late,real_route_replay,185,19,45,real,9.736842105263158,1,79,2.0494115387649186,down_active_prebuilt,4,0.09670399874448776
case_008_real,gsm8k,late,real_route_replay,185,19,45,real,9.736842105263158,1,79,2.0494115387649186,down_active_prebuilt,5,0.0966079980134964
case_008_real,gsm8k,late,real_route_replay,185,19,45,real,9.736842105263158,1,79,2.0494115387649186,down_active_prebuilt,6,0.09775999933481216
case_008_real,gsm8k,late,real_route_replay,185,19,45,real,9.736842105263158,1,79,2.0494115387649186,down_active_prebuilt,7,0.09894400089979172
case_008_real,gsm8k,late,real_route_replay,185,19,45,real,9.736842105263158,1,79,2.0494115387649186,down_active_prebuilt,8,0.09804800152778625
case_008_real,gsm8k,late,real_route_replay,185,19,45,real,9.736842105263158,1,79,2.0494115387649186,down_active_prebuilt,9,0.10063999891281128
case_008_real,gsm8k,late,real_route_replay,185,19,45,real,9.736842105263158,1,79,2.0494115387649186,down_active_prebuilt,10,0.09891200065612793
case_008_real,gsm8k,late,real_route_replay,185,19,45,real,9.736842105263158,1,79,2.0494115387649186,down_active_prebuilt,11,0.09888000041246414
case_008_real,gsm8k,late,real_route_replay,185,19,45,real,9.736842105263158,1,79,2.0494115387649186,down_active_prebuilt,12,0.09916800260543823
case_008_real,gsm8k,late,real_route_replay,185,19,45,real,9.736842105263158,1,79,2.0494115387649186,down_active_prebuilt,13,0.09772799909114838
case_008_real,gsm8k,late,real_route_replay,185,19,45,real,9.736842105263158,1,79,2.0494115387649186,down_active_prebuilt,14,0.0974079966545105
case_008_real,gsm8k,late,real_route_replay,185,19,45,real,9.736842105263158,1,79,2.0494115387649186,down_active_prebuilt,15,0.10281600058078766
case_008_real,gsm8k,late,real_route_replay,185,19,45,real,9.736842105263158,1,79,2.0494115387649186,down_active_prebuilt,16,0.10099200159311295
case_008_real,gsm8k,late,real_route_replay,185,19,45,real,9.736842105263158,1,79,2.0494115387649186,down_active_prebuilt,17,0.09785600006580353
case_008_real,gsm8k,late,real_route_replay,185,19,45,real,9.736842105263158,1,79,2.0494115387649186,down_active_prebuilt,18,0.09718400239944458
case_008_real,gsm8k,late,real_route_replay,185,19,45,real,9.736842105263158,1,79,2.0494115387649186,down_active_prebuilt,19,0.10124800354242325
case_008_real,gsm8k,late,real_route_replay,185,19,45,real,9.736842105263158,1,79,2.0494115387649186,down_active_prebuilt,20,0.0992640033364296
case_008_real,gsm8k,late,real_route_replay,185,19,45,real,9.736842105263158,1,79,2.0494115387649186,down_active_prebuilt,21,0.10060799866914749
case_008_real,gsm8k,late,real_route_replay,185,19,45,real,9.736842105263158,1,79,2.0494115387649186,down_active_prebuilt,22,0.09728000313043594
case_008_real,gsm8k,late,real_route_replay,185,19,45,real,9.736842105263158,1,79,2.0494115387649186,down_active_prebuilt,23,0.09814400225877762
case_008_real,gsm8k,late,real_route_replay,185,19,45,real,9.736842105263158,1,79,2.0494115387649186,down_active_prebuilt,24,0.09878399968147278
case_008_real,gsm8k,late,real_route_replay,185,19,45,real,9.736842105263158,1,79,2.0494115387649186,down_active_prebuilt,25,0.09961599856615067
case_008_real,gsm8k,late,real_route_replay,185,19,45,real,9.736842105263158,1,79,2.0494115387649186,down_active_prebuilt,26,0.09689600020647049
case_008_real,gsm8k,late,real_route_replay,185,19,45,real,9.736842105263158,1,79,2.0494115387649186,down_active_prebuilt,27,0.09638399630784988
case_008_real,gsm8k,late,real_route_replay,185,19,45,real,9.736842105263158,1,79,2.0494115387649186,down_active_prebuilt,28,0.09564799815416336
case_008_real,gsm8k,late,real_route_replay,185,19,45,real,9.736842105263158,1,79,2.0494115387649186,down_active_prebuilt,29,0.09468799829483032
case_008_real,gsm8k,late,real_route_replay,185,19,45,real,9.736842105263158,1,79,2.0494115387649186,down_active_prebuilt,30,0.09747199714183807
case_008_real,gsm8k,late,real_route_replay,185,19,45,real,9.736842105263158,1,79,2.0494115387649186,down_active_prebuilt,31,0.09894400089979172
case_008_real,gsm8k,late,real_route_replay,185,19,45,real,9.736842105263158,1,79,2.0494115387649186,down_active_prebuilt,32,0.0995199978351593
case_008_real,gsm8k,late,real_route_replay,185,19,45,real,9.736842105263158,1,79,2.0494115387649186,down_active_prebuilt,33,0.09734400361776352
case_008_real,gsm8k,late,real_route_replay,185,19,45,real,9.736842105263158,1,79,2.0494115387649186,down_active_prebuilt,34,0.0950080007314682
case_008_real,gsm8k,late,real_route_replay,185,19,45,real,9.736842105263158,1,79,2.0494115387649186,down_active_prebuilt,35,0.09539200365543365
case_008_real,gsm8k,late,real_route_replay,185,19,45,real,9.736842105263158,1,79,2.0494115387649186,down_active_prebuilt,36,0.09433600306510925
case_008_real,gsm8k,late,real_route_replay,185,19,45,real,9.736842105263158,1,79,2.0494115387649186,down_active_prebuilt,37,0.09836799651384354
case_008_real,gsm8k,late,real_route_replay,185,19,45,real,9.736842105263158,1,79,2.0494115387649186,down_active_prebuilt,38,0.09971199929714203
case_008_real,gsm8k,late,real_route_replay,185,19,45,real,9.736842105263158,1,79,2.0494115387649186,down_active_prebuilt,39,0.09795200079679489
case_008_real,gsm8k,late,real_route_replay,185,19,45,real,9.736842105263158,1,79,2.0494115387649186,gate_up_active_prebuilt,0,0.15062400698661804
case_008_real,gsm8k,late,real_route_replay,185,19,45,real,9.736842105263158,1,79,2.0494115387649186,gate_up_active_prebuilt,1,0.14998400211334229
case_008_real,gsm8k,late,real_route_replay,185,19,45,real,9.736842105263158,1,79,2.0494115387649186,gate_up_active_prebuilt,2,0.15123200416564941
case_008_real,gsm8k,late,real_route_replay,185,19,45,real,9.736842105263158,1,79,2.0494115387649186,gate_up_active_prebuilt,3,0.15065599977970123
case_008_real,gsm8k,late,real_route_replay,185,19,45,real,9.736842105263158,1,79,2.0494115387649186,gate_up_active_prebuilt,4,0.1491200029850006
case_008_real,gsm8k,late,real_route_replay,185,19,45,real,9.736842105263158,1,79,2.0494115387649186,gate_up_active_prebuilt,5,0.14895999431610107
case_008_real,gsm8k,late,real_route_replay,185,19,45,real,9.736842105263158,1,79,2.0494115387649186,gate_up_active_prebuilt,6,0.147039994597435
case_008_real,gsm8k,late,real_route_replay,185,19,45,real,9.736842105263158,1,79,2.0494115387649186,gate_up_active_prebuilt,7,0.14771200716495514
case_008_real,gsm8k,late,real_route_replay,185,19,45,real,9.736842105263158,1,79,2.0494115387649186,gate_up_active_prebuilt,8,0.14774399995803833
case_008_real,gsm8k,late,real_route_replay,185,19,45,real,9.736842105263158,1,79,2.0494115387649186,gate_up_active_prebuilt,9,0.1472640037536621
case_008_real,gsm8k,late,real_route_replay,185,19,45,real,9.736842105263158,1,79,2.0494115387649186,gate_up_active_prebuilt,10,0.14563199877738953
case_008_real,gsm8k,late,real_route_replay,185,19,45,real,9.736842105263158,1,79,2.0494115387649186,gate_up_active_prebuilt,11,0.14787200093269348
case_008_real,gsm8k,late,real_route_replay,185,19,45,real,9.736842105263158,1,79,2.0494115387649186,gate_up_active_prebuilt,12,0.14694400131702423
case_008_real,gsm8k,late,real_route_replay,185,19,45,real,9.736842105263158,1,79,2.0494115387649186,gate_up_active_prebuilt,13,0.14953599870204926
case_008_real,gsm8k,late,real_route_replay,185,19,45,real,9.736842105263158,1,79,2.0494115387649186,gate_up_active_prebuilt,14,0.14771200716495514
case_008_real,gsm8k,late,real_route_replay,185,19,45,real,9.736842105263158,1,79,2.0494115387649186,gate_up_active_prebuilt,15,0.14819200336933136
case_008_real,gsm8k,late,real_route_replay,185,19,45,real,9.736842105263158,1,79,2.0494115387649186,gate_up_active_prebuilt,16,0.15158399939537048
case_008_real,gsm8k,late,real_route_replay,185,19,45,real,9.736842105263158,1,79,2.0494115387649186,gate_up_active_prebuilt,17,0.14614400267601013
case_008_real,gsm8k,late,real_route_replay,185,19,45,real,9.736842105263158,1,79,2.0494115387649186,gate_up_active_prebuilt,18,0.1462080031633377
case_008_real,gsm8k,late,real_route_replay,185,19,45,real,9.736842105263158,1,79,2.0494115387649186,gate_up_active_prebuilt,19,0.14575999975204468
case_008_real,gsm8k,late,real_route_replay,185,19,45,real,9.736842105263158,1,79,2.0494115387649186,gate_up_active_prebuilt,20,0.15296000242233276
case_008_real,gsm8k,late,real_route_replay,185,19,45,real,9.736842105263158,1,79,2.0494115387649186,gate_up_active_prebuilt,21,0.14528000354766846
case_008_real,gsm8k,late,real_route_replay,185,19,45,real,9.736842105263158,1,79,2.0494115387649186,gate_up_active_prebuilt,22,0.14707200229167938
case_008_real,gsm8k,late,real_route_replay,185,19,45,real,9.736842105263158,1,79,2.0494115387649186,gate_up_active_prebuilt,23,0.15030400454998016
case_008_real,gsm8k,late,real_route_replay,185,19,45,real,9.736842105263158,1,79,2.0494115387649186,gate_up_active_prebuilt,24,0.1499519944190979
case_008_real,gsm8k,late,real_route_replay,185,19,45,real,9.736842105263158,1,79,2.0494115387649186,gate_up_active_prebuilt,25,0.15113599598407745
case_008_real,gsm8k,late,real_route_replay,185,19,45,real,9.736842105263158,1,79,2.0494115387649186,gate_up_active_prebuilt,26,0.1462399959564209
case_008_real,gsm8k,late,real_route_replay,185,19,45,real,9.736842105263158,1,79,2.0494115387649186,gate_up_active_prebuilt,27,0.14748799800872803
case_008_real,gsm8k,late,real_route_replay,185,19,45,real,9.736842105263158,1,79,2.0494115387649186,gate_up_active_prebuilt,28,0.15084800124168396
case_008_real,gsm8k,late,real_route_replay,185,19,45,real,9.736842105263158,1,79,2.0494115387649186,gate_up_active_prebuilt,29,0.14774399995803833
case_008_real,gsm8k,late,real_route_replay,185,19,45,real,9.736842105263158,1,79,2.0494115387649186,gate_up_active_prebuilt,30,0.14643199741840363
case_008_real,gsm8k,late,real_route_replay,185,19,45,real,9.736842105263158,1,79,2.0494115387649186,gate_up_active_prebuilt,31,0.14560000598430634
case_008_real,gsm8k,late,real_route_replay,185,19,45,real,9.736842105263158,1,79,2.0494115387649186,gate_up_active_prebuilt,32,0.15440000593662262
case_008_real,gsm8k,late,real_route_replay,185,19,45,real,9.736842105263158,1,79,2.0494115387649186,gate_up_active_prebuilt,33,0.15411199629306793
case_008_real,gsm8k,late,real_route_replay,185,19,45,real,9.736842105263158,1,79,2.0494115387649186,gate_up_active_prebuilt,34,0.15910400450229645
case_008_real,gsm8k,late,real_route_replay,185,19,45,real,9.736842105263158,1,79,2.0494115387649186,gate_up_active_prebuilt,35,0.1539520025253296
case_008_real,gsm8k,late,real_route_replay,185,19,45,real,9.736842105263158,1,79,2.0494115387649186,gate_up_active_prebuilt,36,0.15622399747371674
case_008_real,gsm8k,late,real_route_replay,185,19,45,real,9.736842105263158,1,79,2.0494115387649186,gate_up_active_prebuilt,37,0.15619200468063354
case_008_real,gsm8k,late,real_route_replay,185,19,45,real,9.736842105263158,1,79,2.0494115387649186,gate_up_active_prebuilt,38,0.16009600460529327
case_008_real,gsm8k,late,real_route_replay,185,19,45,real,9.736842105263158,1,79,2.0494115387649186,gate_up_active_prebuilt,39,0.1613759994506836
case_008_real,gsm8k,late,real_route_replay,185,19,45,real,9.736842105263158,1,79,2.0494115387649186,gate_up_full64_prebuilt,0,0.15516799688339233
case_008_real,gsm8k,late,real_route_replay,185,19,45,real,9.736842105263158,1,79,2.0494115387649186,gate_up_full64_prebuilt,1,0.15545600652694702
case_008_real,gsm8k,late,real_route_replay,185,19,45,real,9.736842105263158,1,79,2.0494115387649186,gate_up_full64_prebuilt,2,0.15347200632095337
case_008_real,gsm8k,late,real_route_replay,185,19,45,real,9.736842105263158,1,79,2.0494115387649186,gate_up_full64_prebuilt,3,0.15328000485897064
case_008_real,gsm8k,late,real_route_replay,185,19,45,real,9.736842105263158,1,79,2.0494115387649186,gate_up_full64_prebuilt,4,0.15795199573040009
case_008_real,gsm8k,late,real_route_replay,185,19,45,real,9.736842105263158,1,79,2.0494115387649186,gate_up_full64_prebuilt,5,0.1592639982700348
case_008_real,gsm8k,late,real_route_replay,185,19,45,real,9.736842105263158,1,79,2.0494115387649186,gate_up_full64_prebuilt,6,0.15273599326610565
case_008_real,gsm8k,late,real_route_replay,185,19,45,real,9.736842105263158,1,79,2.0494115387649186,gate_up_full64_prebuilt,7,0.1547520011663437
case_008_real,gsm8k,late,real_route_replay,185,19,45,real,9.736842105263158,1,79,2.0494115387649186,gate_up_full64_prebuilt,8,0.15324799716472626
case_008_real,gsm8k,late,real_route_replay,185,19,45,real,9.736842105263158,1,79,2.0494115387649186,gate_up_full64_prebuilt,9,0.15702399611473083
case_008_real,gsm8k,late,real_route_replay,185,19,45,real,9.736842105263158,1,79,2.0494115387649186,gate_up_full64_prebuilt,10,0.15388800203800201
case_008_real,gsm8k,late,real_route_replay,185,19,45,real,9.736842105263158,1,79,2.0494115387649186,gate_up_full64_prebuilt,11,0.15939199924468994
case_008_real,gsm8k,late,real_route_replay,185,19,45,real,9.736842105263158,1,79,2.0494115387649186,gate_up_full64_prebuilt,12,0.1599999964237213
case_008_real,gsm8k,late,real_route_replay,185,19,45,real,9.736842105263158,1,79,2.0494115387649186,gate_up_full64_prebuilt,13,0.1584639996290207
case_008_real,gsm8k,late,real_route_replay,185,19,45,real,9.736842105263158,1,79,2.0494115387649186,gate_up_full64_prebuilt,14,0.15408000349998474
case_008_real,gsm8k,late,real_route_replay,185,19,45,real,9.736842105263158,1,79,2.0494115387649186,gate_up_full64_prebuilt,15,0.15568000078201294
case_008_real,gsm8k,late,real_route_replay,185,19,45,real,9.736842105263158,1,79,2.0494115387649186,gate_up_full64_prebuilt,16,0.15305599570274353
case_008_real,gsm8k,late,real_route_replay,185,19,45,real,9.736842105263158,1,79,2.0494115387649186,gate_up_full64_prebuilt,17,0.15622399747371674
case_008_real,gsm8k,late,real_route_replay,185,19,45,real,9.736842105263158,1,79,2.0494115387649186,gate_up_full64_prebuilt,18,0.15676799416542053
case_008_real,gsm8k,late,real_route_replay,185,19,45,real,9.736842105263158,1,79,2.0494115387649186,gate_up_full64_prebuilt,19,0.15404799580574036
case_008_real,gsm8k,late,real_route_replay,185,19,45,real,9.736842105263158,1,79,2.0494115387649186,gate_up_full64_prebuilt,20,0.1560640037059784
case_008_real,gsm8k,late,real_route_replay,185,19,45,real,9.736842105263158,1,79,2.0494115387649186,gate_up_full64_prebuilt,21,0.1558080017566681
case_008_real,gsm8k,late,real_route_replay,185,19,45,real,9.736842105263158,1,79,2.0494115387649186,gate_up_full64_prebuilt,22,0.14934399724006653
case_008_real,gsm8k,late,real_route_replay,185,19,45,real,9.736842105263158,1,79,2.0494115387649186,gate_up_full64_prebuilt,23,0.1558080017566681
case_008_real,gsm8k,late,real_route_replay,185,19,45,real,9.736842105263158,1,79,2.0494115387649186,gate_up_full64_prebuilt,24,0.15411199629306793
case_008_real,gsm8k,late,real_route_replay,185,19,45,real,9.736842105263158,1,79,2.0494115387649186,gate_up_full64_prebuilt,25,0.1517760008573532
case_008_real,gsm8k,late,real_route_replay,185,19,45,real,9.736842105263158,1,79,2.0494115387649186,gate_up_full64_prebuilt,26,0.1430719941854477
case_008_real,gsm8k,late,real_route_replay,185,19,45,real,9.736842105263158,1,79,2.0494115387649186,gate_up_full64_prebuilt,27,0.14428800344467163
case_008_real,gsm8k,late,real_route_replay,185,19,45,real,9.736842105263158,1,79,2.0494115387649186,gate_up_full64_prebuilt,28,0.14419199526309967
case_008_real,gsm8k,late,real_route_replay,185,19,45,real,9.736842105263158,1,79,2.0494115387649186,gate_up_full64_prebuilt,29,0.14668799936771393
case_008_real,gsm8k,late,real_route_replay,185,19,45,real,9.736842105263158,1,79,2.0494115387649186,gate_up_full64_prebuilt,30,0.14470399916172028
case_008_real,gsm8k,late,real_route_replay,185,19,45,real,9.736842105263158,1,79,2.0494115387649186,gate_up_full64_prebuilt,31,0.14399999380111694
case_008_real,gsm8k,late,real_route_replay,185,19,45,real,9.736842105263158,1,79,2.0494115387649186,gate_up_full64_prebuilt,32,0.14822399616241455
case_008_real,gsm8k,late,real_route_replay,185,19,45,real,9.736842105263158,1,79,2.0494115387649186,gate_up_full64_prebuilt,33,0.14633600413799286
case_008_real,gsm8k,late,real_route_replay,185,19,45,real,9.736842105263158,1,79,2.0494115387649186,gate_up_full64_prebuilt,34,0.1462080031633377
case_008_real,gsm8k,late,real_route_replay,185,19,45,real,9.736842105263158,1,79,2.0494115387649186,gate_up_full64_prebuilt,35,0.1475200057029724
case_008_real,gsm8k,late,real_route_replay,185,19,45,real,9.736842105263158,1,79,2.0494115387649186,gate_up_full64_prebuilt,36,0.14720000326633453
case_008_real,gsm8k,late,real_route_replay,185,19,45,real,9.736842105263158,1,79,2.0494115387649186,gate_up_full64_prebuilt,37,0.14601600170135498
case_008_real,gsm8k,late,real_route_replay,185,19,45,real,9.736842105263158,1,79,2.0494115387649186,gate_up_full64_prebuilt,38,0.14396800100803375
case_008_real,gsm8k,late,real_route_replay,185,19,45,real,9.736842105263158,1,79,2.0494115387649186,gate_up_full64_prebuilt,39,0.1435839980840683
case_009_real,gsm8k,late,real_route_replay,620,42,22,real,14.761904761904763,1,180,2.5643193269992834,gate_up_full64_prebuilt,0,0.30502399802207947
case_009_real,gsm8k,late,real_route_replay,620,42,22,real,14.761904761904763,1,180,2.5643193269992834,gate_up_full64_prebuilt,1,0.30054399371147156
case_009_real,gsm8k,late,real_route_replay,620,42,22,real,14.761904761904763,1,180,2.5643193269992834,gate_up_full64_prebuilt,2,0.2906560003757477
case_009_real,gsm8k,late,real_route_replay,620,42,22,real,14.761904761904763,1,180,2.5643193269992834,gate_up_full64_prebuilt,3,0.285535991191864
case_009_real,gsm8k,late,real_route_replay,620,42,22,real,14.761904761904763,1,180,2.5643193269992834,gate_up_full64_prebuilt,4,0.28835201263427734
case_009_real,gsm8k,late,real_route_replay,620,42,22,real,14.761904761904763,1,180,2.5643193269992834,gate_up_full64_prebuilt,5,0.2879680097103119
case_009_real,gsm8k,late,real_route_replay,620,42,22,real,14.761904761904763,1,180,2.5643193269992834,gate_up_full64_prebuilt,6,0.2871359884738922
case_009_real,gsm8k,late,real_route_replay,620,42,22,real,14.761904761904763,1,180,2.5643193269992834,gate_up_full64_prebuilt,7,0.2861439883708954
case_009_real,gsm8k,late,real_route_replay,620,42,22,real,14.761904761904763,1,180,2.5643193269992834,gate_up_full64_prebuilt,8,0.2882240116596222
case_009_real,gsm8k,late,real_route_replay,620,42,22,real,14.761904761904763,1,180,2.5643193269992834,gate_up_full64_prebuilt,9,0.28617599606513977
case_009_real,gsm8k,late,real_route_replay,620,42,22,real,14.761904761904763,1,180,2.5643193269992834,gate_up_full64_prebuilt,10,0.29446399211883545
case_009_real,gsm8k,late,real_route_replay,620,42,22,real,14.761904761904763,1,180,2.5643193269992834,gate_up_full64_prebuilt,11,0.2921920120716095
case_009_real,gsm8k,late,real_route_replay,620,42,22,real,14.761904761904763,1,180,2.5643193269992834,gate_up_full64_prebuilt,12,0.2863680124282837
case_009_real,gsm8k,late,real_route_replay,620,42,22,real,14.761904761904763,1,180,2.5643193269992834,gate_up_full64_prebuilt,13,0.2879039943218231
case_009_real,gsm8k,late,real_route_replay,620,42,22,real,14.761904761904763,1,180,2.5643193269992834,gate_up_full64_prebuilt,14,0.28678399324417114
case_009_real,gsm8k,late,real_route_replay,620,42,22,real,14.761904761904763,1,180,2.5643193269992834,gate_up_full64_prebuilt,15,0.286624014377594
case_009_real,gsm8k,late,real_route_replay,620,42,22,real,14.761904761904763,1,180,2.5643193269992834,gate_up_full64_prebuilt,16,0.29075199365615845
case_009_real,gsm8k,late,real_route_replay,620,42,22,real,14.761904761904763,1,180,2.5643193269992834,gate_up_full64_prebuilt,17,0.290912002325058
case_009_real,gsm8k,late,real_route_replay,620,42,22,real,14.761904761904763,1,180,2.5643193269992834,gate_up_full64_prebuilt,18,0.29097598791122437
case_009_real,gsm8k,late,real_route_replay,620,42,22,real,14.761904761904763,1,180,2.5643193269992834,gate_up_full64_prebuilt,19,0.2879039943218231
case_009_real,gsm8k,late,real_route_replay,620,42,22,real,14.761904761904763,1,180,2.5643193269992834,gate_up_full64_prebuilt,20,0.2871040105819702
case_009_real,gsm8k,late,real_route_replay,620,42,22,real,14.761904761904763,1,180,2.5643193269992834,gate_up_full64_prebuilt,21,0.2885119915008545
case_009_real,gsm8k,late,real_route_replay,620,42,22,real,14.761904761904763,1,180,2.5643193269992834,gate_up_full64_prebuilt,22,0.28707200288772583
case_009_real,gsm8k,late,real_route_replay,620,42,22,real,14.761904761904763,1,180,2.5643193269992834,gate_up_full64_prebuilt,23,0.2876479923725128
case_009_real,gsm8k,late,real_route_replay,620,42,22,real,14.761904761904763,1,180,2.5643193269992834,gate_up_full64_prebuilt,24,0.2877120077610016
case_009_real,gsm8k,late,real_route_replay,620,42,22,real,14.761904761904763,1,180,2.5643193269992834,gate_up_full64_prebuilt,25,0.28918400406837463
case_009_real,gsm8k,late,real_route_replay,620,42,22,real,14.761904761904763,1,180,2.5643193269992834,gate_up_full64_prebuilt,26,0.2849920094013214
case_009_real,gsm8k,late,real_route_replay,620,42,22,real,14.761904761904763,1,180,2.5643193269992834,gate_up_full64_prebuilt,27,0.2917119860649109
case_009_real,gsm8k,late,real_route_replay,620,42,22,real,14.761904761904763,1,180,2.5643193269992834,gate_up_full64_prebuilt,28,0.289247989654541
case_009_real,gsm8k,late,real_route_replay,620,42,22,real,14.761904761904763,1,180,2.5643193269992834,gate_up_full64_prebuilt,29,0.289247989654541
case_009_real,gsm8k,late,real_route_replay,620,42,22,real,14.761904761904763,1,180,2.5643193269992834,gate_up_full64_prebuilt,30,0.2917439937591553
case_009_real,gsm8k,late,real_route_replay,620,42,22,real,14.761904761904763,1,180,2.5643193269992834,gate_up_full64_prebuilt,31,0.2887359857559204
case_009_real,gsm8k,late,real_route_replay,620,42,22,real,14.761904761904763,1,180,2.5643193269992834,gate_up_full64_prebuilt,32,0.2905600070953369
case_009_real,gsm8k,late,real_route_replay,620,42,22,real,14.761904761904763,1,180,2.5643193269992834,gate_up_full64_prebuilt,33,0.2924480140209198
case_009_real,gsm8k,late,real_route_replay,620,42,22,real,14.761904761904763,1,180,2.5643193269992834,gate_up_full64_prebuilt,34,0.2887359857559204
case_009_real,gsm8k,late,real_route_replay,620,42,22,real,14.761904761904763,1,180,2.5643193269992834,gate_up_full64_prebuilt,35,0.2955839931964874
case_009_real,gsm8k,late,real_route_replay,620,42,22,real,14.761904761904763,1,180,2.5643193269992834,gate_up_full64_prebuilt,36,0.29923200607299805
case_009_real,gsm8k,late,real_route_replay,620,42,22,real,14.761904761904763,1,180,2.5643193269992834,gate_up_full64_prebuilt,37,0.2926720082759857
case_009_real,gsm8k,late,real_route_replay,620,42,22,real,14.761904761904763,1,180,2.5643193269992834,gate_up_full64_prebuilt,38,0.29414400458335876
case_009_real,gsm8k,late,real_route_replay,620,42,22,real,14.761904761904763,1,180,2.5643193269992834,gate_up_full64_prebuilt,39,0.3049919903278351
case_009_real,gsm8k,late,real_route_replay,620,42,22,real,14.761904761904763,1,180,2.5643193269992834,down_full64_prebuilt,0,0.18755200505256653
case_009_real,gsm8k,late,real_route_replay,620,42,22,real,14.761904761904763,1,180,2.5643193269992834,down_full64_prebuilt,1,0.1844480037689209
case_009_real,gsm8k,late,real_route_replay,620,42,22,real,14.761904761904763,1,180,2.5643193269992834,down_full64_prebuilt,2,0.1839040070772171
case_009_real,gsm8k,late,real_route_replay,620,42,22,real,14.761904761904763,1,180,2.5643193269992834,down_full64_prebuilt,3,0.1855359971523285
case_009_real,gsm8k,late,real_route_replay,620,42,22,real,14.761904761904763,1,180,2.5643193269992834,down_full64_prebuilt,4,0.18822400271892548
case_009_real,gsm8k,late,real_route_replay,620,42,22,real,14.761904761904763,1,180,2.5643193269992834,down_full64_prebuilt,5,0.1852159947156906
case_009_real,gsm8k,late,real_route_replay,620,42,22,real,14.761904761904763,1,180,2.5643193269992834,down_full64_prebuilt,6,0.18316799402236938
case_009_real,gsm8k,late,real_route_replay,620,42,22,real,14.761904761904763,1,180,2.5643193269992834,down_full64_prebuilt,7,0.18086400628089905
case_009_real,gsm8k,late,real_route_replay,620,42,22,real,14.761904761904763,1,180,2.5643193269992834,down_full64_prebuilt,8,0.18492799997329712
case_009_real,gsm8k,late,real_route_replay,620,42,22,real,14.761904761904763,1,180,2.5643193269992834,down_full64_prebuilt,9,0.18508799374103546
case_009_real,gsm8k,late,real_route_replay,620,42,22,real,14.761904761904763,1,180,2.5643193269992834,down_full64_prebuilt,10,0.1873600035905838
case_009_real,gsm8k,late,real_route_replay,620,42,22,real,14.761904761904763,1,180,2.5643193269992834,down_full64_prebuilt,11,0.19011199474334717
case_009_real,gsm8k,late,real_route_replay,620,42,22,real,14.761904761904763,1,180,2.5643193269992834,down_full64_prebuilt,12,0.18979200720787048
case_009_real,gsm8k,late,real_route_replay,620,42,22,real,14.761904761904763,1,180,2.5643193269992834,down_full64_prebuilt,13,0.18928000330924988
case_009_real,gsm8k,late,real_route_replay,620,42,22,real,14.761904761904763,1,180,2.5643193269992834,down_full64_prebuilt,14,0.1915840059518814
case_009_real,gsm8k,late,real_route_replay,620,42,22,real,14.761904761904763,1,180,2.5643193269992834,down_full64_prebuilt,15,0.19334399700164795
case_009_real,gsm8k,late,real_route_replay,620,42,22,real,14.761904761904763,1,180,2.5643193269992834,down_full64_prebuilt,16,0.1950400024652481
case_009_real,gsm8k,late,real_route_replay,620,42,22,real,14.761904761904763,1,180,2.5643193269992834,down_full64_prebuilt,17,0.1966399997472763
case_009_real,gsm8k,late,real_route_replay,620,42,22,real,14.761904761904763,1,180,2.5643193269992834,down_full64_prebuilt,18,0.1995840072631836
case_009_real,gsm8k,late,real_route_replay,620,42,22,real,14.761904761904763,1,180,2.5643193269992834,down_full64_prebuilt,19,0.19385600090026855
case_009_real,gsm8k,late,real_route_replay,620,42,22,real,14.761904761904763,1,180,2.5643193269992834,down_full64_prebuilt,20,0.19337600469589233
case_009_real,gsm8k,late,real_route_replay,620,42,22,real,14.761904761904763,1,180,2.5643193269992834,down_full64_prebuilt,21,0.19289599359035492
case_009_real,gsm8k,late,real_route_replay,620,42,22,real,14.761904761904763,1,180,2.5643193269992834,down_full64_prebuilt,22,0.20153599977493286
case_009_real,gsm8k,late,real_route_replay,620,42,22,real,14.761904761904763,1,180,2.5643193269992834,down_full64_prebuilt,23,0.19683200120925903
case_009_real,gsm8k,late,real_route_replay,620,42,22,real,14.761904761904763,1,180,2.5643193269992834,down_full64_prebuilt,24,0.19100800156593323
case_009_real,gsm8k,late,real_route_replay,620,42,22,real,14.761904761904763,1,180,2.5643193269992834,down_full64_prebuilt,25,0.19011199474334717
case_009_real,gsm8k,late,real_route_replay,620,42,22,real,14.761904761904763,1,180,2.5643193269992834,down_full64_prebuilt,26,0.1860480010509491
case_009_real,gsm8k,late,real_route_replay,620,42,22,real,14.761904761904763,1,180,2.5643193269992834,down_full64_prebuilt,27,0.18387199938297272
case_009_real,gsm8k,late,real_route_replay,620,42,22,real,14.761904761904763,1,180,2.5643193269992834,down_full64_prebuilt,28,0.18412800133228302
case_009_real,gsm8k,late,real_route_replay,620,42,22,real,14.761904761904763,1,180,2.5643193269992834,down_full64_prebuilt,29,0.18857599794864655
case_009_real,gsm8k,late,real_route_replay,620,42,22,real,14.761904761904763,1,180,2.5643193269992834,down_full64_prebuilt,30,0.187391996383667
case_009_real,gsm8k,late,real_route_replay,620,42,22,real,14.761904761904763,1,180,2.5643193269992834,down_full64_prebuilt,31,0.18380799889564514
case_009_real,gsm8k,late,real_route_replay,620,42,22,real,14.761904761904763,1,180,2.5643193269992834,down_full64_prebuilt,32,0.18326400220394135
case_009_real,gsm8k,late,real_route_replay,620,42,22,real,14.761904761904763,1,180,2.5643193269992834,down_full64_prebuilt,33,0.18675200641155243
case_009_real,gsm8k,late,real_route_replay,620,42,22,real,14.761904761904763,1,180,2.5643193269992834,down_full64_prebuilt,34,0.18588800728321075
case_009_real,gsm8k,late,real_route_replay,620,42,22,real,14.761904761904763,1,180,2.5643193269992834,down_full64_prebuilt,35,0.1871359944343567
case_009_real,gsm8k,late,real_route_replay,620,42,22,real,14.761904761904763,1,180,2.5643193269992834,down_full64_prebuilt,36,0.18559999763965607
case_009_real,gsm8k,late,real_route_replay,620,42,22,real,14.761904761904763,1,180,2.5643193269992834,down_full64_prebuilt,37,0.1886720061302185
case_009_real,gsm8k,late,real_route_replay,620,42,22,real,14.761904761904763,1,180,2.5643193269992834,down_full64_prebuilt,38,0.18384000658988953
case_009_real,gsm8k,late,real_route_replay,620,42,22,real,14.761904761904763,1,180,2.5643193269992834,down_full64_prebuilt,39,0.18220800161361694
case_009_real,gsm8k,late,real_route_replay,620,42,22,real,14.761904761904763,1,180,2.5643193269992834,swiglu,0,0.03846399858593941
case_009_real,gsm8k,late,real_route_replay,620,42,22,real,14.761904761904763,1,180,2.5643193269992834,swiglu,1,0.02300800010561943
case_009_real,gsm8k,late,real_route_replay,620,42,22,real,14.761904761904763,1,180,2.5643193269992834,swiglu,2,0.021983999758958817
case_009_real,gsm8k,late,real_route_replay,620,42,22,real,14.761904761904763,1,180,2.5643193269992834,swiglu,3,0.02160000056028366
case_009_real,gsm8k,late,real_route_replay,620,42,22,real,14.761904761904763,1,180,2.5643193269992834,swiglu,4,0.022016000002622604
case_009_real,gsm8k,late,real_route_replay,620,42,22,real,14.761904761904763,1,180,2.5643193269992834,swiglu,5,0.02271999977529049
case_009_real,gsm8k,late,real_route_replay,620,42,22,real,14.761904761904763,1,180,2.5643193269992834,swiglu,6,0.023584000766277313
case_009_real,gsm8k,late,real_route_replay,620,42,22,real,14.761904761904763,1,180,2.5643193269992834,swiglu,7,0.0226879995316267
case_009_real,gsm8k,late,real_route_replay,620,42,22,real,14.761904761904763,1,180,2.5643193269992834,swiglu,8,0.02160000056028366
case_009_real,gsm8k,late,real_route_replay,620,42,22,real,14.761904761904763,1,180,2.5643193269992834,swiglu,9,0.019936000928282738
case_009_real,gsm8k,late,real_route_replay,620,42,22,real,14.761904761904763,1,180,2.5643193269992834,swiglu,10,0.0197759997099638
case_009_real,gsm8k,late,real_route_replay,620,42,22,real,14.761904761904763,1,180,2.5643193269992834,swiglu,11,0.020735999569296837
case_009_real,gsm8k,late,real_route_replay,620,42,22,real,14.761904761904763,1,180,2.5643193269992834,swiglu,12,0.023615999147295952
case_009_real,gsm8k,late,real_route_replay,620,42,22,real,14.761904761904763,1,180,2.5643193269992834,swiglu,13,0.02112000063061714
case_009_real,gsm8k,late,real_route_replay,620,42,22,real,14.761904761904763,1,180,2.5643193269992834,swiglu,14,0.0208320003002882
case_009_real,gsm8k,late,real_route_replay,620,42,22,real,14.761904761904763,1,180,2.5643193269992834,swiglu,15,0.026016000658273697
case_009_real,gsm8k,late,real_route_replay,620,42,22,real,14.761904761904763,1,180,2.5643193269992834,swiglu,16,0.02470399998128414
case_009_real,gsm8k,late,real_route_replay,620,42,22,real,14.761904761904763,1,180,2.5643193269992834,swiglu,17,0.02300800010561943
case_009_real,gsm8k,late,real_route_replay,620,42,22,real,14.761904761904763,1,180,2.5643193269992834,swiglu,18,0.023679999634623528
case_009_real,gsm8k,late,real_route_replay,620,42,22,real,14.761904761904763,1,180,2.5643193269992834,swiglu,19,0.022112000733613968
case_009_real,gsm8k,late,real_route_replay,620,42,22,real,14.761904761904763,1,180,2.5643193269992834,swiglu,20,0.02236800082027912
case_009_real,gsm8k,late,real_route_replay,620,42,22,real,14.761904761904763,1,180,2.5643193269992834,swiglu,21,0.02038400061428547
case_009_real,gsm8k,late,real_route_replay,620,42,22,real,14.761904761904763,1,180,2.5643193269992834,swiglu,22,0.02067199908196926
case_009_real,gsm8k,late,real_route_replay,620,42,22,real,14.761904761904763,1,180,2.5643193269992834,swiglu,23,0.025312000885605812
case_009_real,gsm8k,late,real_route_replay,620,42,22,real,14.761904761904763,1,180,2.5643193269992834,swiglu,24,0.025248000398278236
case_009_real,gsm8k,late,real_route_replay,620,42,22,real,14.761904761904763,1,180,2.5643193269992834,swiglu,25,0.023520000278949738
case_009_real,gsm8k,late,real_route_replay,620,42,22,real,14.761904761904763,1,180,2.5643193269992834,swiglu,26,0.023072000592947006
case_009_real,gsm8k,late,real_route_replay,620,42,22,real,14.761904761904763,1,180,2.5643193269992834,swiglu,27,0.023296000435948372
case_009_real,gsm8k,late,real_route_replay,620,42,22,real,14.761904761904763,1,180,2.5643193269992834,swiglu,28,0.023104000836610794
case_009_real,gsm8k,late,real_route_replay,620,42,22,real,14.761904761904763,1,180,2.5643193269992834,swiglu,29,0.023360000923275948
case_009_real,gsm8k,late,real_route_replay,620,42,22,real,14.761904761904763,1,180,2.5643193269992834,swiglu,30,0.02284800074994564
case_009_real,gsm8k,late,real_route_replay,620,42,22,real,14.761904761904763,1,180,2.5643193269992834,swiglu,31,0.02348800003528595
case_009_real,gsm8k,late,real_route_replay,620,42,22,real,14.761904761904763,1,180,2.5643193269992834,swiglu,32,0.022495999932289124
case_009_real,gsm8k,late,real_route_replay,620,42,22,real,14.761904761904763,1,180,2.5643193269992834,swiglu,33,0.022943999618291855
case_009_real,gsm8k,late,real_route_replay,620,42,22,real,14.761904761904763,1,180,2.5643193269992834,swiglu,34,0.04105599969625473
case_009_real,gsm8k,late,real_route_replay,620,42,22,real,14.761904761904763,1,180,2.5643193269992834,swiglu,35,0.024671999737620354
case_009_real,gsm8k,late,real_route_replay,620,42,22,real,14.761904761904763,1,180,2.5643193269992834,swiglu,36,0.032416000962257385
case_009_real,gsm8k,late,real_route_replay,620,42,22,real,14.761904761904763,1,180,2.5643193269992834,swiglu,37,0.03392000123858452
case_009_real,gsm8k,late,real_route_replay,620,42,22,real,14.761904761904763,1,180,2.5643193269992834,swiglu,38,0.031808000057935715
case_009_real,gsm8k,late,real_route_replay,620,42,22,real,14.761904761904763,1,180,2.5643193269992834,swiglu,39,0.03356799855828285
case_009_real,gsm8k,late,real_route_replay,620,42,22,real,14.761904761904763,1,180,2.5643193269992834,gate_up_active_prebuilt,0,0.30662399530410767
case_009_real,gsm8k,late,real_route_replay,620,42,22,real,14.761904761904763,1,180,2.5643193269992834,gate_up_active_prebuilt,1,0.3005119860172272
case_009_real,gsm8k,late,real_route_replay,620,42,22,real,14.761904761904763,1,180,2.5643193269992834,gate_up_active_prebuilt,2,0.29846400022506714
case_009_real,gsm8k,late,real_route_replay,620,42,22,real,14.761904761904763,1,180,2.5643193269992834,gate_up_active_prebuilt,3,0.31356799602508545
case_009_real,gsm8k,late,real_route_replay,620,42,22,real,14.761904761904763,1,180,2.5643193269992834,gate_up_active_prebuilt,4,0.2943679988384247
case_009_real,gsm8k,late,real_route_replay,620,42,22,real,14.761904761904763,1,180,2.5643193269992834,gate_up_active_prebuilt,5,0.2933120131492615
case_009_real,gsm8k,late,real_route_replay,620,42,22,real,14.761904761904763,1,180,2.5643193269992834,gate_up_active_prebuilt,6,0.2898240089416504
case_009_real,gsm8k,late,real_route_replay,620,42,22,real,14.761904761904763,1,180,2.5643193269992834,gate_up_active_prebuilt,7,0.2905600070953369
case_009_real,gsm8k,late,real_route_replay,620,42,22,real,14.761904761904763,1,180,2.5643193269992834,gate_up_active_prebuilt,8,0.2911039888858795
case_009_real,gsm8k,late,real_route_replay,620,42,22,real,14.761904761904763,1,180,2.5643193269992834,gate_up_active_prebuilt,9,0.293503999710083
case_009_real,gsm8k,late,real_route_replay,620,42,22,real,14.761904761904763,1,180,2.5643193269992834,gate_up_active_prebuilt,10,0.28934401273727417
case_009_real,gsm8k,late,real_route_replay,620,42,22,real,14.761904761904763,1,180,2.5643193269992834,gate_up_active_prebuilt,11,0.2908799946308136
case_009_real,gsm8k,late,real_route_replay,620,42,22,real,14.761904761904763,1,180,2.5643193269992834,gate_up_active_prebuilt,12,0.29148799180984497
case_009_real,gsm8k,late,real_route_replay,620,42,22,real,14.761904761904763,1,180,2.5643193269992834,gate_up_active_prebuilt,13,0.28758400678634644
case_009_real,gsm8k,late,real_route_replay,620,42,22,real,14.761904761904763,1,180,2.5643193269992834,gate_up_active_prebuilt,14,0.2877120077610016
case_009_real,gsm8k,late,real_route_replay,620,42,22,real,14.761904761904763,1,180,2.5643193269992834,gate_up_active_prebuilt,15,0.28809601068496704
case_009_real,gsm8k,late,real_route_replay,620,42,22,real,14.761904761904763,1,180,2.5643193269992834,gate_up_active_prebuilt,16,0.28652799129486084
case_009_real,gsm8k,late,real_route_replay,620,42,22,real,14.761904761904763,1,180,2.5643193269992834,gate_up_active_prebuilt,17,0.2900800108909607
case_009_real,gsm8k,late,real_route_replay,620,42,22,real,14.761904761904763,1,180,2.5643193269992834,gate_up_active_prebuilt,18,0.2869440019130707
case_009_real,gsm8k,late,real_route_replay,620,42,22,real,14.761904761904763,1,180,2.5643193269992834,gate_up_active_prebuilt,19,0.2863039970397949
case_009_real,gsm8k,late,real_route_replay,620,42,22,real,14.761904761904763,1,180,2.5643193269992834,gate_up_active_prebuilt,20,0.28755199909210205
case_009_real,gsm8k,late,real_route_replay,620,42,22,real,14.761904761904763,1,180,2.5643193269992834,gate_up_active_prebuilt,21,0.28703999519348145
case_009_real,gsm8k,late,real_route_replay,620,42,22,real,14.761904761904763,1,180,2.5643193269992834,gate_up_active_prebuilt,22,0.2871359884738922
case_009_real,gsm8k,late,real_route_replay,620,42,22,real,14.761904761904763,1,180,2.5643193269992834,gate_up_active_prebuilt,23,0.286080002784729
case_009_real,gsm8k,late,real_route_replay,620,42,22,real,14.761904761904763,1,180,2.5643193269992834,gate_up_active_prebuilt,24,0.2881599962711334
case_009_real,gsm8k,late,real_route_replay,620,42,22,real,14.761904761904763,1,180,2.5643193269992834,gate_up_active_prebuilt,25,0.2895039916038513
case_009_real,gsm8k,late,real_route_replay,620,42,22,real,14.761904761904763,1,180,2.5643193269992834,gate_up_active_prebuilt,26,0.29471999406814575
case_009_real,gsm8k,late,real_route_replay,620,42,22,real,14.761904761904763,1,180,2.5643193269992834,gate_up_active_prebuilt,27,0.2917119860649109
case_009_real,gsm8k,late,real_route_replay,620,42,22,real,14.761904761904763,1,180,2.5643193269992834,gate_up_active_prebuilt,28,0.2933120131492615
case_009_real,gsm8k,late,real_route_replay,620,42,22,real,14.761904761904763,1,180,2.5643193269992834,gate_up_active_prebuilt,29,0.2889919877052307
case_009_real,gsm8k,late,real_route_replay,620,42,22,real,14.761904761904763,1,180,2.5643193269992834,gate_up_active_prebuilt,30,0.289216011762619
case_009_real,gsm8k,late,real_route_replay,620,42,22,real,14.761904761904763,1,180,2.5643193269992834,gate_up_active_prebuilt,31,0.28732800483703613
case_009_real,gsm8k,late,real_route_replay,620,42,22,real,14.761904761904763,1,180,2.5643193269992834,gate_up_active_prebuilt,32,0.2887679934501648
case_009_real,gsm8k,late,real_route_replay,620,42,22,real,14.761904761904763,1,180,2.5643193269992834,gate_up_active_prebuilt,33,0.2884159982204437
case_009_real,gsm8k,late,real_route_replay,620,42,22,real,14.761904761904763,1,180,2.5643193269992834,gate_up_active_prebuilt,34,0.2924799919128418
case_009_real,gsm8k,late,real_route_replay,620,42,22,real,14.761904761904763,1,180,2.5643193269992834,gate_up_active_prebuilt,35,0.2906560003757477
case_009_real,gsm8k,late,real_route_replay,620,42,22,real,14.761904761904763,1,180,2.5643193269992834,gate_up_active_prebuilt,36,0.2970240116119385
case_009_real,gsm8k,late,real_route_replay,620,42,22,real,14.761904761904763,1,180,2.5643193269992834,gate_up_active_prebuilt,37,0.2984960079193115
case_009_real,gsm8k,late,real_route_replay,620,42,22,real,14.761904761904763,1,180,2.5643193269992834,gate_up_active_prebuilt,38,0.29574400186538696
case_009_real,gsm8k,late,real_route_replay,620,42,22,real,14.761904761904763,1,180,2.5643193269992834,gate_up_active_prebuilt,39,0.2999039888381958
case_009_real,gsm8k,late,real_route_replay,620,42,22,real,14.761904761904763,1,180,2.5643193269992834,route_weight,0,0.03347200155258179
case_009_real,gsm8k,late,real_route_replay,620,42,22,real,14.761904761904763,1,180,2.5643193269992834,route_weight,1,0.026655999943614006
case_009_real,gsm8k,late,real_route_replay,620,42,22,real,14.761904761904763,1,180,2.5643193269992834,route_weight,2,0.02393599972128868
case_009_real,gsm8k,late,real_route_replay,620,42,22,real,14.761904761904763,1,180,2.5643193269992834,route_weight,3,0.02454400062561035
case_009_real,gsm8k,late,real_route_replay,620,42,22,real,14.761904761904763,1,180,2.5643193269992834,route_weight,4,0.02099199965596199
case_009_real,gsm8k,late,real_route_replay,620,42,22,real,14.761904761904763,1,180,2.5643193269992834,route_weight,5,0.02579200081527233
case_009_real,gsm8k,late,real_route_replay,620,42,22,real,14.761904761904763,1,180,2.5643193269992834,route_weight,6,0.0225600004196167
case_009_real,gsm8k,late,real_route_replay,620,42,22,real,14.761904761904763,1,180,2.5643193269992834,route_weight,7,0.023135999217629433
case_009_real,gsm8k,late,real_route_replay,620,42,22,real,14.761904761904763,1,180,2.5643193269992834,route_weight,8,0.022911999374628067
case_009_real,gsm8k,late,real_route_replay,620,42,22,real,14.761904761904763,1,180,2.5643193269992834,route_weight,9,0.02143999934196472
case_009_real,gsm8k,late,real_route_replay,620,42,22,real,14.761904761904763,1,180,2.5643193269992834,route_weight,10,0.02160000056028366
case_009_real,gsm8k,late,real_route_replay,620,42,22,real,14.761904761904763,1,180,2.5643193269992834,route_weight,11,0.0469760000705719
case_009_real,gsm8k,late,real_route_replay,620,42,22,real,14.761904761904763,1,180,2.5643193269992834,route_weight,12,0.024351999163627625
case_009_real,gsm8k,late,real_route_replay,620,42,22,real,14.761904761904763,1,180,2.5643193269992834,route_weight,13,0.023135999217629433
case_009_real,gsm8k,late,real_route_replay,620,42,22,real,14.761904761904763,1,180,2.5643193269992834,route_weight,14,0.023296000435948372
case_009_real,gsm8k,late,real_route_replay,620,42,22,real,14.761904761904763,1,180,2.5643193269992834,route_weight,15,0.02316799946129322
case_009_real,gsm8k,late,real_route_replay,620,42,22,real,14.761904761904763,1,180,2.5643193269992834,route_weight,16,0.016672000288963318
case_009_real,gsm8k,late,real_route_replay,620,42,22,real,14.761904761904763,1,180,2.5643193269992834,route_weight,17,0.016607999801635742
case_009_real,gsm8k,late,real_route_replay,620,42,22,real,14.761904761904763,1,180,2.5643193269992834,route_weight,18,0.023679999634623528
case_009_real,gsm8k,late,real_route_replay,620,42,22,real,14.761904761904763,1,180,2.5643193269992834,route_weight,19,0.022784000262618065
case_009_real,gsm8k,late,real_route_replay,620,42,22,real,14.761904761904763,1,180,2.5643193269992834,route_weight,20,0.03577600046992302
case_009_real,gsm8k,late,real_route_replay,620,42,22,real,14.761904761904763,1,180,2.5643193269992834,route_weight,21,0.01679999940097332
case_009_real,gsm8k,late,real_route_replay,620,42,22,real,14.761904761904763,1,180,2.5643193269992834,route_weight,22,0.016704000532627106
case_009_real,gsm8k,late,real_route_replay,620,42,22,real,14.761904761904763,1,180,2.5643193269992834,route_weight,23,0.019487999379634857
case_009_real,gsm8k,late,real_route_replay,620,42,22,real,14.761904761904763,1,180,2.5643193269992834,route_weight,24,0.016575999557971954
case_009_real,gsm8k,late,real_route_replay,620,42,22,real,14.761904761904763,1,180,2.5643193269992834,route_weight,25,0.015072000212967396
case_009_real,gsm8k,late,real_route_replay,620,42,22,real,14.761904761904763,1,180,2.5643193269992834,route_weight,26,0.01539199985563755
case_009_real,gsm8k,late,real_route_replay,620,42,22,real,14.761904761904763,1,180,2.5643193269992834,route_weight,27,0.014783999882638454
case_009_real,gsm8k,late,real_route_replay,620,42,22,real,14.761904761904763,1,180,2.5643193269992834,route_weight,28,0.016063999384641647
case_009_real,gsm8k,late,real_route_replay,620,42,22,real,14.761904761904763,1,180,2.5643193269992834,route_weight,29,0.01679999940097332
case_009_real,gsm8k,late,real_route_replay,620,42,22,real,14.761904761904763,1,180,2.5643193269992834,route_weight,30,0.016127999871969223
case_009_real,gsm8k,late,real_route_replay,620,42,22,real,14.761904761904763,1,180,2.5643193269992834,route_weight,31,0.016287999227643013
case_009_real,gsm8k,late,real_route_replay,620,42,22,real,14.761904761904763,1,180,2.5643193269992834,route_weight,32,0.024800000712275505
case_009_real,gsm8k,late,real_route_replay,620,42,22,real,14.761904761904763,1,180,2.5643193269992834,route_weight,33,0.016256000846624374
case_009_real,gsm8k,late,real_route_replay,620,42,22,real,14.761904761904763,1,180,2.5643193269992834,route_weight,34,0.015456000342965126
case_009_real,gsm8k,late,real_route_replay,620,42,22,real,14.761904761904763,1,180,2.5643193269992834,route_weight,35,0.015359999611973763
case_009_real,gsm8k,late,real_route_replay,620,42,22,real,14.761904761904763,1,180,2.5643193269992834,route_weight,36,0.01532800029963255
case_009_real,gsm8k,late,real_route_replay,620,42,22,real,14.761904761904763,1,180,2.5643193269992834,route_weight,37,0.015424000099301338
case_009_real,gsm8k,late,real_route_replay,620,42,22,real,14.761904761904763,1,180,2.5643193269992834,route_weight,38,0.01539199985563755
case_009_real,gsm8k,late,real_route_replay,620,42,22,real,14.761904761904763,1,180,2.5643193269992834,route_weight,39,0.014688000082969666
case_009_real,gsm8k,late,real_route_replay,620,42,22,real,14.761904761904763,1,180,2.5643193269992834,down_active_prebuilt,0,0.2003519982099533
case_009_real,gsm8k,late,real_route_replay,620,42,22,real,14.761904761904763,1,180,2.5643193269992834,down_active_prebuilt,1,0.1831039935350418
case_009_real,gsm8k,late,real_route_replay,620,42,22,real,14.761904761904763,1,180,2.5643193269992834,down_active_prebuilt,2,0.18483200669288635
case_009_real,gsm8k,late,real_route_replay,620,42,22,real,14.761904761904763,1,180,2.5643193269992834,down_active_prebuilt,3,0.18556800484657288
case_009_real,gsm8k,late,real_route_replay,620,42,22,real,14.761904761904763,1,180,2.5643193269992834,down_active_prebuilt,4,0.18297599256038666
case_009_real,gsm8k,late,real_route_replay,620,42,22,real,14.761904761904763,1,180,2.5643193269992834,down_active_prebuilt,5,0.18291200697422028
case_009_real,gsm8k,late,real_route_replay,620,42,22,real,14.761904761904763,1,180,2.5643193269992834,down_active_prebuilt,6,0.1826239973306656
case_009_real,gsm8k,late,real_route_replay,620,42,22,real,14.761904761904763,1,180,2.5643193269992834,down_active_prebuilt,7,0.18361599743366241
case_009_real,gsm8k,late,real_route_replay,620,42,22,real,14.761904761904763,1,180,2.5643193269992834,down_active_prebuilt,8,0.18243199586868286
case_009_real,gsm8k,late,real_route_replay,620,42,22,real,14.761904761904763,1,180,2.5643193269992834,down_active_prebuilt,9,0.18505600094795227
case_009_real,gsm8k,late,real_route_replay,620,42,22,real,14.761904761904763,1,180,2.5643193269992834,down_active_prebuilt,10,0.18435199558734894
case_009_real,gsm8k,late,real_route_replay,620,42,22,real,14.761904761904763,1,180,2.5643193269992834,down_active_prebuilt,11,0.18636800348758698
case_009_real,gsm8k,late,real_route_replay,620,42,22,real,14.761904761904763,1,180,2.5643193269992834,down_active_prebuilt,12,0.1817599982023239
case_009_real,gsm8k,late,real_route_replay,620,42,22,real,14.761904761904763,1,180,2.5643193269992834,down_active_prebuilt,13,0.1807679980993271
case_009_real,gsm8k,late,real_route_replay,620,42,22,real,14.761904761904763,1,180,2.5643193269992834,down_active_prebuilt,14,0.18384000658988953
case_009_real,gsm8k,late,real_route_replay,620,42,22,real,14.761904761904763,1,180,2.5643193269992834,down_active_prebuilt,15,0.18361599743366241
case_009_real,gsm8k,late,real_route_replay,620,42,22,real,14.761904761904763,1,180,2.5643193269992834,down_active_prebuilt,16,0.18380799889564514
case_009_real,gsm8k,late,real_route_replay,620,42,22,real,14.761904761904763,1,180,2.5643193269992834,down_active_prebuilt,17,0.18502399325370789
case_009_real,gsm8k,late,real_route_replay,620,42,22,real,14.761904761904763,1,180,2.5643193269992834,down_active_prebuilt,18,0.18278400599956512
case_009_real,gsm8k,late,real_route_replay,620,42,22,real,14.761904761904763,1,180,2.5643193269992834,down_active_prebuilt,19,0.18915200233459473
case_009_real,gsm8k,late,real_route_replay,620,42,22,real,14.761904761904763,1,180,2.5643193269992834,down_active_prebuilt,20,0.18620799481868744
case_009_real,gsm8k,late,real_route_replay,620,42,22,real,14.761904761904763,1,180,2.5643193269992834,down_active_prebuilt,21,0.19385600090026855
case_009_real,gsm8k,late,real_route_replay,620,42,22,real,14.761904761904763,1,180,2.5643193269992834,down_active_prebuilt,22,0.19126400351524353
case_009_real,gsm8k,late,real_route_replay,620,42,22,real,14.761904761904763,1,180,2.5643193269992834,down_active_prebuilt,23,0.18860800564289093
case_009_real,gsm8k,late,real_route_replay,620,42,22,real,14.761904761904763,1,180,2.5643193269992834,down_active_prebuilt,24,0.19734400510787964
case_009_real,gsm8k,late,real_route_replay,620,42,22,real,14.761904761904763,1,180,2.5643193269992834,down_active_prebuilt,25,0.20899200439453125
case_009_real,gsm8k,late,real_route_replay,620,42,22,real,14.761904761904763,1,180,2.5643193269992834,down_active_prebuilt,26,0.19174399971961975
case_009_real,gsm8k,late,real_route_replay,620,42,22,real,14.761904761904763,1,180,2.5643193269992834,down_active_prebuilt,27,0.18169599771499634
case_009_real,gsm8k,late,real_route_replay,620,42,22,real,14.761904761904763,1,180,2.5643193269992834,down_active_prebuilt,28,0.1836480051279068
case_009_real,gsm8k,late,real_route_replay,620,42,22,real,14.761904761904763,1,180,2.5643193269992834,down_active_prebuilt,29,0.18185600638389587
case_009_real,gsm8k,late,real_route_replay,620,42,22,real,14.761904761904763,1,180,2.5643193269992834,down_active_prebuilt,30,0.18348799645900726
case_009_real,gsm8k,late,real_route_replay,620,42,22,real,14.761904761904763,1,180,2.5643193269992834,down_active_prebuilt,31,0.18518400192260742
case_009_real,gsm8k,late,real_route_replay,620,42,22,real,14.761904761904763,1,180,2.5643193269992834,down_active_prebuilt,32,0.1847040057182312
case_009_real,gsm8k,late,real_route_replay,620,42,22,real,14.761904761904763,1,180,2.5643193269992834,down_active_prebuilt,33,0.18131199479103088
case_009_real,gsm8k,late,real_route_replay,620,42,22,real,14.761904761904763,1,180,2.5643193269992834,down_active_prebuilt,34,0.18358400464057922
case_009_real,gsm8k,late,real_route_replay,620,42,22,real,14.761904761904763,1,180,2.5643193269992834,down_active_prebuilt,35,0.17987200617790222
case_009_real,gsm8k,late,real_route_replay,620,42,22,real,14.761904761904763,1,180,2.5643193269992834,down_active_prebuilt,36,0.1833920031785965
case_009_real,gsm8k,late,real_route_replay,620,42,22,real,14.761904761904763,1,180,2.5643193269992834,down_active_prebuilt,37,0.18569600582122803
case_009_real,gsm8k,late,real_route_replay,620,42,22,real,14.761904761904763,1,180,2.5643193269992834,down_active_prebuilt,38,0.1834239959716797
case_009_real,gsm8k,late,real_route_replay,620,42,22,real,14.761904761904763,1,180,2.5643193269992834,down_active_prebuilt,39,0.18272000551223755
case_010_real,gsm8k,middle,real_route_replay,532,44,20,real,12.090909090909092,1,40,0.8467247089649499,swiglu,0,0.04835199937224388
case_010_real,gsm8k,middle,real_route_replay,532,44,20,real,12.090909090909092,1,40,0.8467247089649499,swiglu,1,0.04076800122857094
case_010_real,gsm8k,middle,real_route_replay,532,44,20,real,12.090909090909092,1,40,0.8467247089649499,swiglu,2,0.039423998445272446
case_010_real,gsm8k,middle,real_route_replay,532,44,20,real,12.090909090909092,1,40,0.8467247089649499,swiglu,3,0.03452799841761589
case_010_real,gsm8k,middle,real_route_replay,532,44,20,real,12.090909090909092,1,40,0.8467247089649499,swiglu,4,0.03673600032925606
case_010_real,gsm8k,middle,real_route_replay,532,44,20,real,12.090909090909092,1,40,0.8467247089649499,swiglu,5,0.05251200124621391
case_010_real,gsm8k,middle,real_route_replay,532,44,20,real,12.090909090909092,1,40,0.8467247089649499,swiglu,6,0.03376000002026558
case_010_real,gsm8k,middle,real_route_replay,532,44,20,real,12.090909090909092,1,40,0.8467247089649499,swiglu,7,0.05056000128388405
case_010_real,gsm8k,middle,real_route_replay,532,44,20,real,12.090909090909092,1,40,0.8467247089649499,swiglu,8,0.033344000577926636
case_010_real,gsm8k,middle,real_route_replay,532,44,20,real,12.090909090909092,1,40,0.8467247089649499,swiglu,9,0.032287999987602234
case_010_real,gsm8k,middle,real_route_replay,532,44,20,real,12.090909090909092,1,40,0.8467247089649499,swiglu,10,0.0326399989426136
case_010_real,gsm8k,middle,real_route_replay,532,44,20,real,12.090909090909092,1,40,0.8467247089649499,swiglu,11,0.0323840007185936
case_010_real,gsm8k,middle,real_route_replay,532,44,20,real,12.090909090909092,1,40,0.8467247089649499,swiglu,12,0.036288000643253326
case_010_real,gsm8k,middle,real_route_replay,532,44,20,real,12.090909090909092,1,40,0.8467247089649499,swiglu,13,0.04287999868392944
case_010_real,gsm8k,middle,real_route_replay,532,44,20,real,12.090909090909092,1,40,0.8467247089649499,swiglu,14,0.027744000777602196
case_010_real,gsm8k,middle,real_route_replay,532,44,20,real,12.090909090909092,1,40,0.8467247089649499,swiglu,15,0.024480000138282776
case_010_real,gsm8k,middle,real_route_replay,532,44,20,real,12.090909090909092,1,40,0.8467247089649499,swiglu,16,0.03884800150990486
case_010_real,gsm8k,middle,real_route_replay,532,44,20,real,12.090909090909092,1,40,0.8467247089649499,swiglu,17,0.03574400022625923
case_010_real,gsm8k,middle,real_route_replay,532,44,20,real,12.090909090909092,1,40,0.8467247089649499,swiglu,18,0.03129599988460541
case_010_real,gsm8k,middle,real_route_replay,532,44,20,real,12.090909090909092,1,40,0.8467247089649499,swiglu,19,0.021663999184966087
case_010_real,gsm8k,middle,real_route_replay,532,44,20,real,12.090909090909092,1,40,0.8467247089649499,swiglu,20,0.021888000890612602
case_010_real,gsm8k,middle,real_route_replay,532,44,20,real,12.090909090909092,1,40,0.8467247089649499,swiglu,21,0.022495999932289124
case_010_real,gsm8k,middle,real_route_replay,532,44,20,real,12.090909090909092,1,40,0.8467247089649499,swiglu,22,0.02812799997627735
case_010_real,gsm8k,middle,real_route_replay,532,44,20,real,12.090909090909092,1,40,0.8467247089649499,swiglu,23,0.024032000452280045
case_010_real,gsm8k,middle,real_route_replay,532,44,20,real,12.090909090909092,1,40,0.8467247089649499,swiglu,24,0.02505600079894066
case_010_real,gsm8k,middle,real_route_replay,532,44,20,real,12.090909090909092,1,40,0.8467247089649499,swiglu,25,0.024768000468611717
case_010_real,gsm8k,middle,real_route_replay,532,44,20,real,12.090909090909092,1,40,0.8467247089649499,swiglu,26,0.023391999304294586
case_010_real,gsm8k,middle,real_route_replay,532,44,20,real,12.090909090909092,1,40,0.8467247089649499,swiglu,27,0.02380800060927868
case_010_real,gsm8k,middle,real_route_replay,532,44,20,real,12.090909090909092,1,40,0.8467247089649499,swiglu,28,0.022463999688625336
case_010_real,gsm8k,middle,real_route_replay,532,44,20,real,12.090909090909092,1,40,0.8467247089649499,swiglu,29,0.022112000733613968
case_010_real,gsm8k,middle,real_route_replay,532,44,20,real,12.090909090909092,1,40,0.8467247089649499,swiglu,30,0.02175999991595745
case_010_real,gsm8k,middle,real_route_replay,532,44,20,real,12.090909090909092,1,40,0.8467247089649499,swiglu,31,0.022016000002622604
case_010_real,gsm8k,middle,real_route_replay,532,44,20,real,12.090909090909092,1,40,0.8467247089649499,swiglu,32,0.021983999758958817
case_010_real,gsm8k,middle,real_route_replay,532,44,20,real,12.090909090909092,1,40,0.8467247089649499,swiglu,33,0.033376000821590424
case_010_real,gsm8k,middle,real_route_replay,532,44,20,real,12.090909090909092,1,40,0.8467247089649499,swiglu,34,0.023231999948620796
case_010_real,gsm8k,middle,real_route_replay,532,44,20,real,12.090909090909092,1,40,0.8467247089649499,swiglu,35,0.02236800082027912
case_010_real,gsm8k,middle,real_route_replay,532,44,20,real,12.090909090909092,1,40,0.8467247089649499,swiglu,36,0.022112000733613968
case_010_real,gsm8k,middle,real_route_replay,532,44,20,real,12.090909090909092,1,40,0.8467247089649499,swiglu,37,0.021856000646948814
case_010_real,gsm8k,middle,real_route_replay,532,44,20,real,12.090909090909092,1,40,0.8467247089649499,swiglu,38,0.02163200080394745
case_010_real,gsm8k,middle,real_route_replay,532,44,20,real,12.090909090909092,1,40,0.8467247089649499,swiglu,39,0.02236800082027912
case_010_real,gsm8k,middle,real_route_replay,532,44,20,real,12.090909090909092,1,40,0.8467247089649499,gate_up_active_prebuilt,0,0.2991679906845093
case_010_real,gsm8k,middle,real_route_replay,532,44,20,real,12.090909090909092,1,40,0.8467247089649499,gate_up_active_prebuilt,1,0.296640008687973
case_010_real,gsm8k,middle,real_route_replay,532,44,20,real,12.090909090909092,1,40,0.8467247089649499,gate_up_active_prebuilt,2,0.2951039969921112
case_010_real,gsm8k,middle,real_route_replay,532,44,20,real,12.090909090909092,1,40,0.8467247089649499,gate_up_active_prebuilt,3,0.2957119941711426
case_010_real,gsm8k,middle,real_route_replay,532,44,20,real,12.090909090909092,1,40,0.8467247089649499,gate_up_active_prebuilt,4,0.2957119941711426
case_010_real,gsm8k,middle,real_route_replay,532,44,20,real,12.090909090909092,1,40,0.8467247089649499,gate_up_active_prebuilt,5,0.29846400022506714
case_010_real,gsm8k,middle,real_route_replay,532,44,20,real,12.090909090909092,1,40,0.8467247089649499,gate_up_active_prebuilt,6,0.29712000489234924
case_010_real,gsm8k,middle,real_route_replay,532,44,20,real,12.090909090909092,1,40,0.8467247089649499,gate_up_active_prebuilt,7,0.298880010843277
case_010_real,gsm8k,middle,real_route_replay,532,44,20,real,12.090909090909092,1,40,0.8467247089649499,gate_up_active_prebuilt,8,0.29497599601745605
case_010_real,gsm8k,middle,real_route_replay,532,44,20,real,12.090909090909092,1,40,0.8467247089649499,gate_up_active_prebuilt,9,0.29417601227760315
case_010_real,gsm8k,middle,real_route_replay,532,44,20,real,12.090909090909092,1,40,0.8467247089649499,gate_up_active_prebuilt,10,0.29555198550224304
case_010_real,gsm8k,middle,real_route_replay,532,44,20,real,12.090909090909092,1,40,0.8467247089649499,gate_up_active_prebuilt,11,0.29311999678611755
case_010_real,gsm8k,middle,real_route_replay,532,44,20,real,12.090909090909092,1,40,0.8467247089649499,gate_up_active_prebuilt,12,0.2913280129432678
case_010_real,gsm8k,middle,real_route_replay,532,44,20,real,12.090909090909092,1,40,0.8467247089649499,gate_up_active_prebuilt,13,0.29760000109672546
case_010_real,gsm8k,middle,real_route_replay,532,44,20,real,12.090909090909092,1,40,0.8467247089649499,gate_up_active_prebuilt,14,0.2943679988384247
case_010_real,gsm8k,middle,real_route_replay,532,44,20,real,12.090909090909092,1,40,0.8467247089649499,gate_up_active_prebuilt,15,0.29583999514579773
case_010_real,gsm8k,middle,real_route_replay,532,44,20,real,12.090909090909092,1,40,0.8467247089649499,gate_up_active_prebuilt,16,0.29574400186538696
case_010_real,gsm8k,middle,real_route_replay,532,44,20,real,12.090909090909092,1,40,0.8467247089649499,gate_up_active_prebuilt,17,0.2967039942741394
case_010_real,gsm8k,middle,real_route_replay,532,44,20,real,12.090909090909092,1,40,0.8467247089649499,gate_up_active_prebuilt,18,0.2950719892978668
case_010_real,gsm8k,middle,real_route_replay,532,44,20,real,12.090909090909092,1,40,0.8467247089649499,gate_up_active_prebuilt,19,0.3032959997653961
case_010_real,gsm8k,middle,real_route_replay,532,44,20,real,12.090909090909092,1,40,0.8467247089649499,gate_up_active_prebuilt,20,0.3001919984817505
case_010_real,gsm8k,middle,real_route_replay,532,44,20,real,12.090909090909092,1,40,0.8467247089649499,gate_up_active_prebuilt,21,0.3022719919681549
case_010_real,gsm8k,middle,real_route_replay,532,44,20,real,12.090909090909092,1,40,0.8467247089649499,gate_up_active_prebuilt,22,0.3007040023803711
case_010_real,gsm8k,middle,real_route_replay,532,44,20,real,12.090909090909092,1,40,0.8467247089649499,gate_up_active_prebuilt,23,0.3081600069999695
case_010_real,gsm8k,middle,real_route_replay,532,44,20,real,12.090909090909092,1,40,0.8467247089649499,gate_up_active_prebuilt,24,0.30140799283981323
case_010_real,gsm8k,middle,real_route_replay,532,44,20,real,12.090909090909092,1,40,0.8467247089649499,gate_up_active_prebuilt,25,0.29443201422691345
case_010_real,gsm8k,middle,real_route_replay,532,44,20,real,12.090909090909092,1,40,0.8467247089649499,gate_up_active_prebuilt,26,0.29340800642967224
case_010_real,gsm8k,middle,real_route_replay,532,44,20,real,12.090909090909092,1,40,0.8467247089649499,gate_up_active_prebuilt,27,0.2911039888858795
case_010_real,gsm8k,middle,real_route_replay,532,44,20,real,12.090909090909092,1,40,0.8467247089649499,gate_up_active_prebuilt,28,0.2919360101222992
case_010_real,gsm8k,middle,real_route_replay,532,44,20,real,12.090909090909092,1,40,0.8467247089649499,gate_up_active_prebuilt,29,0.2938239872455597
case_010_real,gsm8k,middle,real_route_replay,532,44,20,real,12.090909090909092,1,40,0.8467247089649499,gate_up_active_prebuilt,30,0.29471999406814575
case_010_real,gsm8k,middle,real_route_replay,532,44,20,real,12.090909090909092,1,40,0.8467247089649499,gate_up_active_prebuilt,31,0.2943040132522583
case_010_real,gsm8k,middle,real_route_replay,532,44,20,real,12.090909090909092,1,40,0.8467247089649499,gate_up_active_prebuilt,32,0.2949120104312897
case_010_real,gsm8k,middle,real_route_replay,532,44,20,real,12.090909090909092,1,40,0.8467247089649499,gate_up_active_prebuilt,33,0.2924799919128418
case_010_real,gsm8k,middle,real_route_replay,532,44,20,real,12.090909090909092,1,40,0.8467247089649499,gate_up_active_prebuilt,34,0.29497599601745605
case_010_real,gsm8k,middle,real_route_replay,532,44,20,real,12.090909090909092,1,40,0.8467247089649499,gate_up_active_prebuilt,35,0.2940160036087036
case_010_real,gsm8k,middle,real_route_replay,532,44,20,real,12.090909090909092,1,40,0.8467247089649499,gate_up_active_prebuilt,36,0.2911039888858795
case_010_real,gsm8k,middle,real_route_replay,532,44,20,real,12.090909090909092,1,40,0.8467247089649499,gate_up_active_prebuilt,37,0.2921279966831207
case_010_real,gsm8k,middle,real_route_replay,532,44,20,real,12.090909090909092,1,40,0.8467247089649499,gate_up_active_prebuilt,38,0.29414400458335876
case_010_real,gsm8k,middle,real_route_replay,532,44,20,real,12.090909090909092,1,40,0.8467247089649499,gate_up_active_prebuilt,39,0.29289600253105164
case_010_real,gsm8k,middle,real_route_replay,532,44,20,real,12.090909090909092,1,40,0.8467247089649499,down_full64_prebuilt,0,0.20297600328922272
case_010_real,gsm8k,middle,real_route_replay,532,44,20,real,12.090909090909092,1,40,0.8467247089649499,down_full64_prebuilt,1,0.1892479956150055
case_010_real,gsm8k,middle,real_route_replay,532,44,20,real,12.090909090909092,1,40,0.8467247089649499,down_full64_prebuilt,2,0.19088000059127808
case_010_real,gsm8k,middle,real_route_replay,532,44,20,real,12.090909090909092,1,40,0.8467247089649499,down_full64_prebuilt,3,0.18780800700187683
case_010_real,gsm8k,middle,real_route_replay,532,44,20,real,12.090909090909092,1,40,0.8467247089649499,down_full64_prebuilt,4,0.1881919950246811
case_010_real,gsm8k,middle,real_route_replay,532,44,20,real,12.090909090909092,1,40,0.8467247089649499,down_full64_prebuilt,5,0.1876160055398941
case_010_real,gsm8k,middle,real_route_replay,532,44,20,real,12.090909090909092,1,40,0.8467247089649499,down_full64_prebuilt,6,0.18809600174427032
case_010_real,gsm8k,middle,real_route_replay,532,44,20,real,12.090909090909092,1,40,0.8467247089649499,down_full64_prebuilt,7,0.18492799997329712
case_010_real,gsm8k,middle,real_route_replay,532,44,20,real,12.090909090909092,1,40,0.8467247089649499,down_full64_prebuilt,8,0.18617600202560425
case_010_real,gsm8k,middle,real_route_replay,532,44,20,real,12.090909090909092,1,40,0.8467247089649499,down_full64_prebuilt,9,0.1849599927663803
case_010_real,gsm8k,middle,real_route_replay,532,44,20,real,12.090909090909092,1,40,0.8467247089649499,down_full64_prebuilt,10,0.18636800348758698
case_010_real,gsm8k,middle,real_route_replay,532,44,20,real,12.090909090909092,1,40,0.8467247089649499,down_full64_prebuilt,11,0.18697600066661835
case_010_real,gsm8k,middle,real_route_replay,532,44,20,real,12.090909090909092,1,40,0.8467247089649499,down_full64_prebuilt,12,0.18671999871730804
case_010_real,gsm8k,middle,real_route_replay,532,44,20,real,12.090909090909092,1,40,0.8467247089649499,down_full64_prebuilt,13,0.18719999492168427
case_010_real,gsm8k,middle,real_route_replay,532,44,20,real,12.090909090909092,1,40,0.8467247089649499,down_full64_prebuilt,14,0.18515199422836304
case_010_real,gsm8k,middle,real_route_replay,532,44,20,real,12.090909090909092,1,40,0.8467247089649499,down_full64_prebuilt,15,0.18518400192260742
case_010_real,gsm8k,middle,real_route_replay,532,44,20,real,12.090909090909092,1,40,0.8467247089649499,down_full64_prebuilt,16,0.188960000872612
case_010_real,gsm8k,middle,real_route_replay,532,44,20,real,12.090909090909092,1,40,0.8467247089649499,down_full64_prebuilt,17,0.18627199530601501
case_010_real,gsm8k,middle,real_route_replay,532,44,20,real,12.090909090909092,1,40,0.8467247089649499,down_full64_prebuilt,18,0.18668800592422485
case_010_real,gsm8k,middle,real_route_replay,532,44,20,real,12.090909090909092,1,40,0.8467247089649499,down_full64_prebuilt,19,0.19008000195026398
case_010_real,gsm8k,middle,real_route_replay,532,44,20,real,12.090909090909092,1,40,0.8467247089649499,down_full64_prebuilt,20,0.18880000710487366
case_010_real,gsm8k,middle,real_route_replay,532,44,20,real,12.090909090909092,1,40,0.8467247089649499,down_full64_prebuilt,21,0.18681600689888
case_010_real,gsm8k,middle,real_route_replay,532,44,20,real,12.090909090909092,1,40,0.8467247089649499,down_full64_prebuilt,22,0.18675200641155243
case_010_real,gsm8k,middle,real_route_replay,532,44,20,real,12.090909090909092,1,40,0.8467247089649499,down_full64_prebuilt,23,0.18873600661754608
case_010_real,gsm8k,middle,real_route_replay,532,44,20,real,12.090909090909092,1,40,0.8467247089649499,down_full64_prebuilt,24,0.18822400271892548
case_010_real,gsm8k,middle,real_route_replay,532,44,20,real,12.090909090909092,1,40,0.8467247089649499,down_full64_prebuilt,25,0.18492799997329712
case_010_real,gsm8k,middle,real_route_replay,532,44,20,real,12.090909090909092,1,40,0.8467247089649499,down_full64_prebuilt,26,0.18831999599933624
case_010_real,gsm8k,middle,real_route_replay,532,44,20,real,12.090909090909092,1,40,0.8467247089649499,down_full64_prebuilt,27,0.19235199689865112
case_010_real,gsm8k,middle,real_route_replay,532,44,20,real,12.090909090909092,1,40,0.8467247089649499,down_full64_prebuilt,28,0.1857919991016388
case_010_real,gsm8k,middle,real_route_replay,532,44,20,real,12.090909090909092,1,40,0.8467247089649499,down_full64_prebuilt,29,0.18822400271892548
case_010_real,gsm8k,middle,real_route_replay,532,44,20,real,12.090909090909092,1,40,0.8467247089649499,down_full64_prebuilt,30,0.1942719966173172
case_010_real,gsm8k,middle,real_route_replay,532,44,20,real,12.090909090909092,1,40,0.8467247089649499,down_full64_prebuilt,31,0.19283199310302734
case_010_real,gsm8k,middle,real_route_replay,532,44,20,real,12.090909090909092,1,40,0.8467247089649499,down_full64_prebuilt,32,0.18639999628067017
case_010_real,gsm8k,middle,real_route_replay,532,44,20,real,12.090909090909092,1,40,0.8467247089649499,down_full64_prebuilt,33,0.18489600718021393
case_010_real,gsm8k,middle,real_route_replay,532,44,20,real,12.090909090909092,1,40,0.8467247089649499,down_full64_prebuilt,34,0.18985599279403687
case_010_real,gsm8k,middle,real_route_replay,532,44,20,real,12.090909090909092,1,40,0.8467247089649499,down_full64_prebuilt,35,0.18425600230693817
case_010_real,gsm8k,middle,real_route_replay,532,44,20,real,12.090909090909092,1,40,0.8467247089649499,down_full64_prebuilt,36,0.18617600202560425
case_010_real,gsm8k,middle,real_route_replay,532,44,20,real,12.090909090909092,1,40,0.8467247089649499,down_full64_prebuilt,37,0.18758399784564972
case_010_real,gsm8k,middle,real_route_replay,532,44,20,real,12.090909090909092,1,40,0.8467247089649499,down_full64_prebuilt,38,0.18697600066661835
case_010_real,gsm8k,middle,real_route_replay,532,44,20,real,12.090909090909092,1,40,0.8467247089649499,down_full64_prebuilt,39,0.18406400084495544
case_010_real,gsm8k,middle,real_route_replay,532,44,20,real,12.090909090909092,1,40,0.8467247089649499,route_weight,0,0.022784000262618065
case_010_real,gsm8k,middle,real_route_replay,532,44,20,real,12.090909090909092,1,40,0.8467247089649499,route_weight,1,0.01616000011563301
case_010_real,gsm8k,middle,real_route_replay,532,44,20,real,12.090909090909092,1,40,0.8467247089649499,route_weight,2,0.016416000202298164
case_010_real,gsm8k,middle,real_route_replay,532,44,20,real,12.090909090909092,1,40,0.8467247089649499,route_weight,3,0.015359999611973763
case_010_real,gsm8k,middle,real_route_replay,532,44,20,real,12.090909090909092,1,40,0.8467247089649499,route_weight,4,0.01568000018596649
case_010_real,gsm8k,middle,real_route_replay,532,44,20,real,12.090909090909092,1,40,0.8467247089649499,route_weight,5,0.023104000836610794
case_010_real,gsm8k,middle,real_route_replay,532,44,20,real,12.090909090909092,1,40,0.8467247089649499,route_weight,6,0.015519999898970127
case_010_real,gsm8k,middle,real_route_replay,532,44,20,real,12.090909090909092,1,40,0.8467247089649499,route_weight,7,0.01548799965530634
case_010_real,gsm8k,middle,real_route_replay,532,44,20,real,12.090909090909092,1,40,0.8467247089649499,route_weight,8,0.015519999898970127
case_010_real,gsm8k,middle,real_route_replay,532,44,20,real,12.090909090909092,1,40,0.8467247089649499,route_weight,9,0.015168000012636185
case_010_real,gsm8k,middle,real_route_replay,532,44,20,real,12.090909090909092,1,40,0.8467247089649499,route_weight,10,0.014495999552309513
case_010_real,gsm8k,middle,real_route_replay,532,44,20,real,12.090909090909092,1,40,0.8467247089649499,route_weight,11,0.014560000039637089
case_010_real,gsm8k,middle,real_route_replay,532,44,20,real,12.090909090909092,1,40,0.8467247089649499,route_weight,12,0.014592000283300877
case_010_real,gsm8k,middle,real_route_replay,532,44,20,real,12.090909090909092,1,40,0.8467247089649499,route_weight,13,0.014368000440299511
case_010_real,gsm8k,middle,real_route_replay,532,44,20,real,12.090909090909092,1,40,0.8467247089649499,route_weight,14,0.016224000602960587
case_010_real,gsm8k,middle,real_route_replay,532,44,20,real,12.090909090909092,1,40,0.8467247089649499,route_weight,15,0.015968000516295433
case_010_real,gsm8k,middle,real_route_replay,532,44,20,real,12.090909090909092,1,40,0.8467247089649499,route_weight,16,0.015584000386297703
case_010_real,gsm8k,middle,real_route_replay,532,44,20,real,12.090909090909092,1,40,0.8467247089649499,route_weight,17,0.014911999925971031
case_010_real,gsm8k,middle,real_route_replay,532,44,20,real,12.090909090909092,1,40,0.8467247089649499,route_weight,18,0.020128000527620316
case_010_real,gsm8k,middle,real_route_replay,532,44,20,real,12.090909090909092,1,40,0.8467247089649499,route_weight,19,0.015615999698638916
case_010_real,gsm8k,middle,real_route_replay,532,44,20,real,12.090909090909092,1,40,0.8467247089649499,route_weight,20,0.01484800036996603
case_010_real,gsm8k,middle,real_route_replay,532,44,20,real,12.090909090909092,1,40,0.8467247089649499,route_weight,21,0.014527999795973301
case_010_real,gsm8k,middle,real_route_replay,532,44,20,real,12.090909090909092,1,40,0.8467247089649499,route_weight,22,0.017632000148296356
case_010_real,gsm8k,middle,real_route_replay,532,44,20,real,12.090909090909092,1,40,0.8467247089649499,route_weight,23,0.016672000288963318
case_010_real,gsm8k,middle,real_route_replay,532,44,20,real,12.090909090909092,1,40,0.8467247089649499,route_weight,24,0.016831999644637108
case_010_real,gsm8k,middle,real_route_replay,532,44,20,real,12.090909090909092,1,40,0.8467247089649499,route_weight,25,0.016256000846624374
case_010_real,gsm8k,middle,real_route_replay,532,44,20,real,12.090909090909092,1,40,0.8467247089649499,route_weight,26,0.015456000342965126
case_010_real,gsm8k,middle,real_route_replay,532,44,20,real,12.090909090909092,1,40,0.8467247089649499,route_weight,27,0.016543999314308167
case_010_real,gsm8k,middle,real_route_replay,532,44,20,real,12.090909090909092,1,40,0.8467247089649499,route_weight,28,0.015519999898970127
case_010_real,gsm8k,middle,real_route_replay,532,44,20,real,12.090909090909092,1,40,0.8467247089649499,route_weight,29,0.016224000602960587
case_010_real,gsm8k,middle,real_route_replay,532,44,20,real,12.090909090909092,1,40,0.8467247089649499,route_weight,30,0.015552000142633915
case_010_real,gsm8k,middle,real_route_replay,532,44,20,real,12.090909090909092,1,40,0.8467247089649499,route_weight,31,0.017216000705957413
case_010_real,gsm8k,middle,real_route_replay,532,44,20,real,12.090909090909092,1,40,0.8467247089649499,route_weight,32,0.01600000075995922
case_010_real,gsm8k,middle,real_route_replay,532,44,20,real,12.090909090909092,1,40,0.8467247089649499,route_weight,33,0.015231999568641186
case_010_real,gsm8k,middle,real_route_replay,532,44,20,real,12.090909090909092,1,40,0.8467247089649499,route_weight,34,0.014783999882638454
case_010_real,gsm8k,middle,real_route_replay,532,44,20,real,12.090909090909092,1,40,0.8467247089649499,route_weight,35,0.015039999969303608
case_010_real,gsm8k,middle,real_route_replay,532,44,20,real,12.090909090909092,1,40,0.8467247089649499,route_weight,36,0.01500799972563982
case_010_real,gsm8k,middle,real_route_replay,532,44,20,real,12.090909090909092,1,40,0.8467247089649499,route_weight,37,0.015807999297976494
case_010_real,gsm8k,middle,real_route_replay,532,44,20,real,12.090909090909092,1,40,0.8467247089649499,route_weight,38,0.015072000212967396
case_010_real,gsm8k,middle,real_route_replay,532,44,20,real,12.090909090909092,1,40,0.8467247089649499,route_weight,39,0.016543999314308167
case_010_real,gsm8k,middle,real_route_replay,532,44,20,real,12.090909090909092,1,40,0.8467247089649499,gate_up_full64_prebuilt,0,0.3016960024833679
case_010_real,gsm8k,middle,real_route_replay,532,44,20,real,12.090909090909092,1,40,0.8467247089649499,gate_up_full64_prebuilt,1,0.298911988735199
case_010_real,gsm8k,middle,real_route_replay,532,44,20,real,12.090909090909092,1,40,0.8467247089649499,gate_up_full64_prebuilt,2,0.2950719892978668
case_010_real,gsm8k,middle,real_route_replay,532,44,20,real,12.090909090909092,1,40,0.8467247089649499,gate_up_full64_prebuilt,3,0.2972800135612488
case_010_real,gsm8k,middle,real_route_replay,532,44,20,real,12.090909090909092,1,40,0.8467247089649499,gate_up_full64_prebuilt,4,0.29337599873542786
case_010_real,gsm8k,middle,real_route_replay,532,44,20,real,12.090909090909092,1,40,0.8467247089649499,gate_up_full64_prebuilt,5,0.3004480004310608
case_010_real,gsm8k,middle,real_route_replay,532,44,20,real,12.090909090909092,1,40,0.8467247089649499,gate_up_full64_prebuilt,6,0.30160000920295715
case_010_real,gsm8k,middle,real_route_replay,532,44,20,real,12.090909090909092,1,40,0.8467247089649499,gate_up_full64_prebuilt,7,0.2980799973011017
case_010_real,gsm8k,middle,real_route_replay,532,44,20,real,12.090909090909092,1,40,0.8467247089649499,gate_up_full64_prebuilt,8,0.2994239926338196
case_010_real,gsm8k,middle,real_route_replay,532,44,20,real,12.090909090909092,1,40,0.8467247089649499,gate_up_full64_prebuilt,9,0.3097600042819977
case_010_real,gsm8k,middle,real_route_replay,532,44,20,real,12.090909090909092,1,40,0.8467247089649499,gate_up_full64_prebuilt,10,0.31327998638153076
case_010_real,gsm8k,middle,real_route_replay,532,44,20,real,12.090909090909092,1,40,0.8467247089649499,gate_up_full64_prebuilt,11,0.3022719919681549
case_010_real,gsm8k,middle,real_route_replay,532,44,20,real,12.090909090909092,1,40,0.8467247089649499,gate_up_full64_prebuilt,12,0.2998400032520294
case_010_real,gsm8k,middle,real_route_replay,532,44,20,real,12.090909090909092,1,40,0.8467247089649499,gate_up_full64_prebuilt,13,0.3112959861755371
case_010_real,gsm8k,middle,real_route_replay,532,44,20,real,12.090909090909092,1,40,0.8467247089649499,gate_up_full64_prebuilt,14,0.30345600843429565
case_010_real,gsm8k,middle,real_route_replay,532,44,20,real,12.090909090909092,1,40,0.8467247089649499,gate_up_full64_prebuilt,15,0.3067840039730072
case_010_real,gsm8k,middle,real_route_replay,532,44,20,real,12.090909090909092,1,40,0.8467247089649499,gate_up_full64_prebuilt,16,0.30272001028060913
case_010_real,gsm8k,middle,real_route_replay,532,44,20,real,12.090909090909092,1,40,0.8467247089649499,gate_up_full64_prebuilt,17,0.3073920011520386
case_010_real,gsm8k,middle,real_route_replay,532,44,20,real,12.090909090909092,1,40,0.8467247089649499,gate_up_full64_prebuilt,18,0.30614399909973145
case_010_real,gsm8k,middle,real_route_replay,532,44,20,real,12.090909090909092,1,40,0.8467247089649499,gate_up_full64_prebuilt,19,0.29926401376724243
case_010_real,gsm8k,middle,real_route_replay,532,44,20,real,12.090909090909092,1,40,0.8467247089649499,gate_up_full64_prebuilt,20,0.2959040105342865
case_010_real,gsm8k,middle,real_route_replay,532,44,20,real,12.090909090909092,1,40,0.8467247089649499,gate_up_full64_prebuilt,21,0.2930240035057068
case_010_real,gsm8k,middle,real_route_replay,532,44,20,real,12.090909090909092,1,40,0.8467247089649499,gate_up_full64_prebuilt,22,0.30268800258636475
case_010_real,gsm8k,middle,real_route_replay,532,44,20,real,12.090909090909092,1,40,0.8467247089649499,gate_up_full64_prebuilt,23,0.2916800081729889
case_010_real,gsm8k,middle,real_route_replay,532,44,20,real,12.090909090909092,1,40,0.8467247089649499,gate_up_full64_prebuilt,24,0.2913599908351898
case_010_real,gsm8k,middle,real_route_replay,532,44,20,real,12.090909090909092,1,40,0.8467247089649499,gate_up_full64_prebuilt,25,0.29398399591445923
case_010_real,gsm8k,middle,real_route_replay,532,44,20,real,12.090909090909092,1,40,0.8467247089649499,gate_up_full64_prebuilt,26,0.2942720055580139
case_010_real,gsm8k,middle,real_route_replay,532,44,20,real,12.090909090909092,1,40,0.8467247089649499,gate_up_full64_prebuilt,27,0.2940160036087036
case_010_real,gsm8k,middle,real_route_replay,532,44,20,real,12.090909090909092,1,40,0.8467247089649499,gate_up_full64_prebuilt,28,0.29500800371170044
case_010_real,gsm8k,middle,real_route_replay,532,44,20,real,12.090909090909092,1,40,0.8467247089649499,gate_up_full64_prebuilt,29,0.29235199093818665
case_010_real,gsm8k,middle,real_route_replay,532,44,20,real,12.090909090909092,1,40,0.8467247089649499,gate_up_full64_prebuilt,30,0.2945280075073242
case_010_real,gsm8k,middle,real_route_replay,532,44,20,real,12.090909090909092,1,40,0.8467247089649499,gate_up_full64_prebuilt,31,0.2969279885292053
case_010_real,gsm8k,middle,real_route_replay,532,44,20,real,12.090909090909092,1,40,0.8467247089649499,gate_up_full64_prebuilt,32,0.2914240062236786
case_010_real,gsm8k,middle,real_route_replay,532,44,20,real,12.090909090909092,1,40,0.8467247089649499,gate_up_full64_prebuilt,33,0.2931840121746063
case_010_real,gsm8k,middle,real_route_replay,532,44,20,real,12.090909090909092,1,40,0.8467247089649499,gate_up_full64_prebuilt,34,0.292928010225296
case_010_real,gsm8k,middle,real_route_replay,532,44,20,real,12.090909090909092,1,40,0.8467247089649499,gate_up_full64_prebuilt,35,0.29443201422691345
case_010_real,gsm8k,middle,real_route_replay,532,44,20,real,12.090909090909092,1,40,0.8467247089649499,gate_up_full64_prebuilt,36,0.29398399591445923
case_010_real,gsm8k,middle,real_route_replay,532,44,20,real,12.090909090909092,1,40,0.8467247089649499,gate_up_full64_prebuilt,37,0.2913919985294342
case_010_real,gsm8k,middle,real_route_replay,532,44,20,real,12.090909090909092,1,40,0.8467247089649499,gate_up_full64_prebuilt,38,0.30160000920295715
case_010_real,gsm8k,middle,real_route_replay,532,44,20,real,12.090909090909092,1,40,0.8467247089649499,gate_up_full64_prebuilt,39,0.3039039969444275
case_010_real,gsm8k,middle,real_route_replay,532,44,20,real,12.090909090909092,1,40,0.8467247089649499,down_active_prebuilt,0,0.19679999351501465
case_010_real,gsm8k,middle,real_route_replay,532,44,20,real,12.090909090909092,1,40,0.8467247089649499,down_active_prebuilt,1,0.20188799500465393
case_010_real,gsm8k,middle,real_route_replay,532,44,20,real,12.090909090909092,1,40,0.8467247089649499,down_active_prebuilt,2,0.19920000433921814
case_010_real,gsm8k,middle,real_route_replay,532,44,20,real,12.090909090909092,1,40,0.8467247089649499,down_active_prebuilt,3,0.19891199469566345
case_010_real,gsm8k,middle,real_route_replay,532,44,20,real,12.090909090909092,1,40,0.8467247089649499,down_active_prebuilt,4,0.18588800728321075
case_010_real,gsm8k,middle,real_route_replay,532,44,20,real,12.090909090909092,1,40,0.8467247089649499,down_active_prebuilt,5,0.18624000251293182
case_010_real,gsm8k,middle,real_route_replay,532,44,20,real,12.090909090909092,1,40,0.8467247089649499,down_active_prebuilt,6,0.18825599551200867
case_010_real,gsm8k,middle,real_route_replay,532,44,20,real,12.090909090909092,1,40,0.8467247089649499,down_active_prebuilt,7,0.1884160041809082
case_010_real,gsm8k,middle,real_route_replay,532,44,20,real,12.090909090909092,1,40,0.8467247089649499,down_active_prebuilt,8,0.1831039935350418
case_010_real,gsm8k,middle,real_route_replay,532,44,20,real,12.090909090909092,1,40,0.8467247089649499,down_active_prebuilt,9,0.18569600582122803
case_010_real,gsm8k,middle,real_route_replay,532,44,20,real,12.090909090909092,1,40,0.8467247089649499,down_active_prebuilt,10,0.18428799510002136
case_010_real,gsm8k,middle,real_route_replay,532,44,20,real,12.090909090909092,1,40,0.8467247089649499,down_active_prebuilt,11,0.18169599771499634
case_010_real,gsm8k,middle,real_route_replay,532,44,20,real,12.090909090909092,1,40,0.8467247089649499,down_active_prebuilt,12,0.1847359985113144
case_010_real,gsm8k,middle,real_route_replay,532,44,20,real,12.090909090909092,1,40,0.8467247089649499,down_active_prebuilt,13,0.18476800620555878
case_010_real,gsm8k,middle,real_route_replay,532,44,20,real,12.090909090909092,1,40,0.8467247089649499,down_active_prebuilt,14,0.18697600066661835
case_010_real,gsm8k,middle,real_route_replay,532,44,20,real,12.090909090909092,1,40,0.8467247089649499,down_active_prebuilt,15,0.1817920058965683
case_010_real,gsm8k,middle,real_route_replay,532,44,20,real,12.090909090909092,1,40,0.8467247089649499,down_active_prebuilt,16,0.18505600094795227
case_010_real,gsm8k,middle,real_route_replay,532,44,20,real,12.090909090909092,1,40,0.8467247089649499,down_active_prebuilt,17,0.18502399325370789
case_010_real,gsm8k,middle,real_route_replay,532,44,20,real,12.090909090909092,1,40,0.8467247089649499,down_active_prebuilt,18,0.1833920031785965
case_010_real,gsm8k,middle,real_route_replay,532,44,20,real,12.090909090909092,1,40,0.8467247089649499,down_active_prebuilt,19,0.1865600049495697
case_010_real,gsm8k,middle,real_route_replay,532,44,20,real,12.090909090909092,1,40,0.8467247089649499,down_active_prebuilt,20,0.18428799510002136
case_010_real,gsm8k,middle,real_route_replay,532,44,20,real,12.090909090909092,1,40,0.8467247089649499,down_active_prebuilt,21,0.18719999492168427
case_010_real,gsm8k,middle,real_route_replay,532,44,20,real,12.090909090909092,1,40,0.8467247089649499,down_active_prebuilt,22,0.18592000007629395
case_010_real,gsm8k,middle,real_route_replay,532,44,20,real,12.090909090909092,1,40,0.8467247089649499,down_active_prebuilt,23,0.18492799997329712
case_010_real,gsm8k,middle,real_route_replay,532,44,20,real,12.090909090909092,1,40,0.8467247089649499,down_active_prebuilt,24,0.19286400079727173
case_010_real,gsm8k,middle,real_route_replay,532,44,20,real,12.090909090909092,1,40,0.8467247089649499,down_active_prebuilt,25,0.1833599954843521
case_010_real,gsm8k,middle,real_route_replay,532,44,20,real,12.090909090909092,1,40,0.8467247089649499,down_active_prebuilt,26,0.18668800592422485
case_010_real,gsm8k,middle,real_route_replay,532,44,20,real,12.090909090909092,1,40,0.8467247089649499,down_active_prebuilt,27,0.18563200533390045
case_010_real,gsm8k,middle,real_route_replay,532,44,20,real,12.090909090909092,1,40,0.8467247089649499,down_active_prebuilt,28,0.18758399784564972
case_010_real,gsm8k,middle,real_route_replay,532,44,20,real,12.090909090909092,1,40,0.8467247089649499,down_active_prebuilt,29,0.18508799374103546
case_010_real,gsm8k,middle,real_route_replay,532,44,20,real,12.090909090909092,1,40,0.8467247089649499,down_active_prebuilt,30,0.18367999792099
case_010_real,gsm8k,middle,real_route_replay,532,44,20,real,12.090909090909092,1,40,0.8467247089649499,down_active_prebuilt,31,0.18214400112628937
case_010_real,gsm8k,middle,real_route_replay,532,44,20,real,12.090909090909092,1,40,0.8467247089649499,down_active_prebuilt,32,0.18611200153827667
case_010_real,gsm8k,middle,real_route_replay,532,44,20,real,12.090909090909092,1,40,0.8467247089649499,down_active_prebuilt,33,0.1852799952030182
case_010_real,gsm8k,middle,real_route_replay,532,44,20,real,12.090909090909092,1,40,0.8467247089649499,down_active_prebuilt,34,0.18281599879264832
case_010_real,gsm8k,middle,real_route_replay,532,44,20,real,12.090909090909092,1,40,0.8467247089649499,down_active_prebuilt,35,0.18246400356292725
case_010_real,gsm8k,middle,real_route_replay,532,44,20,real,12.090909090909092,1,40,0.8467247089649499,down_active_prebuilt,36,0.18774400651454926
case_010_real,gsm8k,middle,real_route_replay,532,44,20,real,12.090909090909092,1,40,0.8467247089649499,down_active_prebuilt,37,0.18512000143527985
case_010_real,gsm8k,middle,real_route_replay,532,44,20,real,12.090909090909092,1,40,0.8467247089649499,down_active_prebuilt,38,0.18367999792099
case_010_real,gsm8k,middle,real_route_replay,532,44,20,real,12.090909090909092,1,40,0.8467247089649499,down_active_prebuilt,39,0.185248002409935
case_011_real,gsm8k,middle,real_route_replay,746,43,21,real,17.348837209302324,1,141,1.5498019291024179,swiglu,0,0.04575999826192856
case_011_real,gsm8k,middle,real_route_replay,746,43,21,real,17.348837209302324,1,141,1.5498019291024179,swiglu,1,0.027488000690937042
case_011_real,gsm8k,middle,real_route_replay,746,43,21,real,17.348837209302324,1,141,1.5498019291024179,swiglu,2,0.02348800003528595
case_011_real,gsm8k,middle,real_route_replay,746,43,21,real,17.348837209302324,1,141,1.5498019291024179,swiglu,3,0.02848000079393387
case_011_real,gsm8k,middle,real_route_replay,746,43,21,real,17.348837209302324,1,141,1.5498019291024179,swiglu,4,0.02284800074994564
case_011_real,gsm8k,middle,real_route_replay,746,43,21,real,17.348837209302324,1,141,1.5498019291024179,swiglu,5,0.02195199951529503
case_011_real,gsm8k,middle,real_route_replay,746,43,21,real,17.348837209302324,1,141,1.5498019291024179,swiglu,6,0.02208000048995018
case_011_real,gsm8k,middle,real_route_replay,746,43,21,real,17.348837209302324,1,141,1.5498019291024179,swiglu,7,0.021183999255299568
case_011_real,gsm8k,middle,real_route_replay,746,43,21,real,17.348837209302324,1,141,1.5498019291024179,swiglu,8,0.020447999238967896
case_011_real,gsm8k,middle,real_route_replay,746,43,21,real,17.348837209302324,1,141,1.5498019291024179,swiglu,9,0.022016000002622604
case_011_real,gsm8k,middle,real_route_replay,746,43,21,real,17.348837209302324,1,141,1.5498019291024179,swiglu,10,0.023455999791622162
case_011_real,gsm8k,middle,real_route_replay,746,43,21,real,17.348837209302324,1,141,1.5498019291024179,swiglu,11,0.03404799848794937
case_011_real,gsm8k,middle,real_route_replay,746,43,21,real,17.348837209302324,1,141,1.5498019291024179,swiglu,12,0.03830400109291077
case_011_real,gsm8k,middle,real_route_replay,746,43,21,real,17.348837209302324,1,141,1.5498019291024179,swiglu,13,0.03161599859595299
case_011_real,gsm8k,middle,real_route_replay,746,43,21,real,17.348837209302324,1,141,1.5498019291024179,swiglu,14,0.0306560005992651
case_011_real,gsm8k,middle,real_route_replay,746,43,21,real,17.348837209302324,1,141,1.5498019291024179,swiglu,15,0.03340800106525421
case_011_real,gsm8k,middle,real_route_replay,746,43,21,real,17.348837209302324,1,141,1.5498019291024179,swiglu,16,0.034591998904943466
case_011_real,gsm8k,middle,real_route_replay,746,43,21,real,17.348837209302324,1,141,1.5498019291024179,swiglu,17,0.034591998904943466
case_011_real,gsm8k,middle,real_route_replay,746,43,21,real,17.348837209302324,1,141,1.5498019291024179,swiglu,18,0.035071998834609985
case_011_real,gsm8k,middle,real_route_replay,746,43,21,real,17.348837209302324,1,141,1.5498019291024179,swiglu,19,0.043776001781225204
case_011_real,gsm8k,middle,real_route_replay,746,43,21,real,17.348837209302324,1,141,1.5498019291024179,swiglu,20,0.03920000046491623
case_011_real,gsm8k,middle,real_route_replay,746,43,21,real,17.348837209302324,1,141,1.5498019291024179,swiglu,21,0.03619199991226196
case_011_real,gsm8k,middle,real_route_replay,746,43,21,real,17.348837209302324,1,141,1.5498019291024179,swiglu,22,0.031936001032590866
case_011_real,gsm8k,middle,real_route_replay,746,43,21,real,17.348837209302324,1,141,1.5498019291024179,swiglu,23,0.03311999887228012
case_011_real,gsm8k,middle,real_route_replay,746,43,21,real,17.348837209302324,1,141,1.5498019291024179,swiglu,24,0.0307839997112751
case_011_real,gsm8k,middle,real_route_replay,746,43,21,real,17.348837209302324,1,141,1.5498019291024179,swiglu,25,0.034912001341581345
case_011_real,gsm8k,middle,real_route_replay,746,43,21,real,17.348837209302324,1,141,1.5498019291024179,swiglu,26,0.03907199949026108
case_011_real,gsm8k,middle,real_route_replay,746,43,21,real,17.348837209302324,1,141,1.5498019291024179,swiglu,27,0.04556800052523613
case_011_real,gsm8k,middle,real_route_replay,746,43,21,real,17.348837209302324,1,141,1.5498019291024179,swiglu,28,0.028831999748945236
case_011_real,gsm8k,middle,real_route_replay,746,43,21,real,17.348837209302324,1,141,1.5498019291024179,swiglu,29,0.02582399919629097
case_011_real,gsm8k,middle,real_route_replay,746,43,21,real,17.348837209302324,1,141,1.5498019291024179,swiglu,30,0.025280000641942024
case_011_real,gsm8k,middle,real_route_replay,746,43,21,real,17.348837209302324,1,141,1.5498019291024179,swiglu,31,0.024000000208616257
case_011_real,gsm8k,middle,real_route_replay,746,43,21,real,17.348837209302324,1,141,1.5498019291024179,swiglu,32,0.021247999742627144
case_011_real,gsm8k,middle,real_route_replay,746,43,21,real,17.348837209302324,1,141,1.5498019291024179,swiglu,33,0.02143999934196472
case_011_real,gsm8k,middle,real_route_replay,746,43,21,real,17.348837209302324,1,141,1.5498019291024179,swiglu,34,0.02038400061428547
case_011_real,gsm8k,middle,real_route_replay,746,43,21,real,17.348837209302324,1,141,1.5498019291024179,swiglu,35,0.020767999812960625
case_011_real,gsm8k,middle,real_route_replay,746,43,21,real,17.348837209302324,1,141,1.5498019291024179,swiglu,36,0.0208320003002882
case_011_real,gsm8k,middle,real_route_replay,746,43,21,real,17.348837209302324,1,141,1.5498019291024179,swiglu,37,0.021023999899625778
case_011_real,gsm8k,middle,real_route_replay,746,43,21,real,17.348837209302324,1,141,1.5498019291024179,swiglu,38,0.022463999688625336
case_011_real,gsm8k,middle,real_route_replay,746,43,21,real,17.348837209302324,1,141,1.5498019291024179,swiglu,39,0.021088000386953354
case_011_real,gsm8k,middle,real_route_replay,746,43,21,real,17.348837209302324,1,141,1.5498019291024179,gate_up_active_prebuilt,0,0.3195520043373108
case_011_real,gsm8k,middle,real_route_replay,746,43,21,real,17.348837209302324,1,141,1.5498019291024179,gate_up_active_prebuilt,1,0.2903040051460266
case_011_real,gsm8k,middle,real_route_replay,746,43,21,real,17.348837209302324,1,141,1.5498019291024179,gate_up_active_prebuilt,2,0.30422401428222656
case_011_real,gsm8k,middle,real_route_replay,746,43,21,real,17.348837209302324,1,141,1.5498019291024179,gate_up_active_prebuilt,3,0.2908799946308136
case_011_real,gsm8k,middle,real_route_replay,746,43,21,real,17.348837209302324,1,141,1.5498019291024179,gate_up_active_prebuilt,4,0.28944000601768494
case_011_real,gsm8k,middle,real_route_replay,746,43,21,real,17.348837209302324,1,141,1.5498019291024179,gate_up_active_prebuilt,5,0.28911998867988586
case_011_real,gsm8k,middle,real_route_replay,746,43,21,real,17.348837209302324,1,141,1.5498019291024179,gate_up_active_prebuilt,6,0.28748801350593567
case_011_real,gsm8k,middle,real_route_replay,746,43,21,real,17.348837209302324,1,141,1.5498019291024179,gate_up_active_prebuilt,7,0.2877439856529236
case_011_real,gsm8k,middle,real_route_replay,746,43,21,real,17.348837209302324,1,141,1.5498019291024179,gate_up_active_prebuilt,8,0.2908160090446472
case_011_real,gsm8k,middle,real_route_replay,746,43,21,real,17.348837209302324,1,141,1.5498019291024179,gate_up_active_prebuilt,9,0.28889599442481995
case_011_real,gsm8k,middle,real_route_replay,746,43,21,real,17.348837209302324,1,141,1.5498019291024179,gate_up_active_prebuilt,10,0.29046401381492615
case_011_real,gsm8k,middle,real_route_replay,746,43,21,real,17.348837209302324,1,141,1.5498019291024179,gate_up_active_prebuilt,11,0.2921279966831207
case_011_real,gsm8k,middle,real_route_replay,746,43,21,real,17.348837209302324,1,141,1.5498019291024179,gate_up_active_prebuilt,12,0.2921279966831207
case_011_real,gsm8k,middle,real_route_replay,746,43,21,real,17.348837209302324,1,141,1.5498019291024179,gate_up_active_prebuilt,13,0.2905920147895813
case_011_real,gsm8k,middle,real_route_replay,746,43,21,real,17.348837209302324,1,141,1.5498019291024179,gate_up_active_prebuilt,14,0.29148799180984497
case_011_real,gsm8k,middle,real_route_replay,746,43,21,real,17.348837209302324,1,141,1.5498019291024179,gate_up_active_prebuilt,15,0.28892800211906433
case_011_real,gsm8k,middle,real_route_replay,746,43,21,real,17.348837209302324,1,141,1.5498019291024179,gate_up_active_prebuilt,16,0.2898559868335724
case_011_real,gsm8k,middle,real_route_replay,746,43,21,real,17.348837209302324,1,141,1.5498019291024179,gate_up_active_prebuilt,17,0.28620800375938416
case_011_real,gsm8k,middle,real_route_replay,746,43,21,real,17.348837209302324,1,141,1.5498019291024179,gate_up_active_prebuilt,18,0.2874560058116913
case_011_real,gsm8k,middle,real_route_replay,746,43,21,real,17.348837209302324,1,141,1.5498019291024179,gate_up_active_prebuilt,19,0.289247989654541
case_011_real,gsm8k,middle,real_route_replay,746,43,21,real,17.348837209302324,1,141,1.5498019291024179,gate_up_active_prebuilt,20,0.290912002325058
case_011_real,gsm8k,middle,real_route_replay,746,43,21,real,17.348837209302324,1,141,1.5498019291024179,gate_up_active_prebuilt,21,0.2876800000667572
case_011_real,gsm8k,middle,real_route_replay,746,43,21,real,17.348837209302324,1,141,1.5498019291024179,gate_up_active_prebuilt,22,0.2924160063266754
case_011_real,gsm8k,middle,real_route_replay,746,43,21,real,17.348837209302324,1,141,1.5498019291024179,gate_up_active_prebuilt,23,0.29120001196861267
case_011_real,gsm8k,middle,real_route_replay,746,43,21,real,17.348837209302324,1,141,1.5498019291024179,gate_up_active_prebuilt,24,0.2882559895515442
case_011_real,gsm8k,middle,real_route_replay,746,43,21,real,17.348837209302324,1,141,1.5498019291024179,gate_up_active_prebuilt,25,0.29817599058151245
case_011_real,gsm8k,middle,real_route_replay,746,43,21,real,17.348837209302324,1,141,1.5498019291024179,gate_up_active_prebuilt,26,0.29552000761032104
case_011_real,gsm8k,middle,real_route_replay,746,43,21,real,17.348837209302324,1,141,1.5498019291024179,gate_up_active_prebuilt,27,0.2980479896068573
case_011_real,gsm8k,middle,real_route_replay,746,43,21,real,17.348837209302324,1,141,1.5498019291024179,gate_up_active_prebuilt,28,0.2970240116119385
case_011_real,gsm8k,middle,real_route_replay,746,43,21,real,17.348837209302324,1,141,1.5498019291024179,gate_up_active_prebuilt,29,0.3150399923324585
case_011_real,gsm8k,middle,real_route_replay,746,43,21,real,17.348837209302324,1,141,1.5498019291024179,gate_up_active_prebuilt,30,0.29971200227737427
case_011_real,gsm8k,middle,real_route_replay,746,43,21,real,17.348837209302324,1,141,1.5498019291024179,gate_up_active_prebuilt,31,0.29097598791122437
case_011_real,gsm8k,middle,real_route_replay,746,43,21,real,17.348837209302324,1,141,1.5498019291024179,gate_up_active_prebuilt,32,0.29238399863243103
case_011_real,gsm8k,middle,real_route_replay,746,43,21,real,17.348837209302324,1,141,1.5498019291024179,gate_up_active_prebuilt,33,0.29203200340270996
case_011_real,gsm8k,middle,real_route_replay,746,43,21,real,17.348837209302324,1,141,1.5498019291024179,gate_up_active_prebuilt,34,0.29238399863243103
case_011_real,gsm8k,middle,real_route_replay,746,43,21,real,17.348837209302324,1,141,1.5498019291024179,gate_up_active_prebuilt,35,0.2916159927845001
case_011_real,gsm8k,middle,real_route_replay,746,43,21,real,17.348837209302324,1,141,1.5498019291024179,gate_up_active_prebuilt,36,0.2916159927845001
case_011_real,gsm8k,middle,real_route_replay,746,43,21,real,17.348837209302324,1,141,1.5498019291024179,gate_up_active_prebuilt,37,0.294048011302948
case_011_real,gsm8k,middle,real_route_replay,746,43,21,real,17.348837209302324,1,141,1.5498019291024179,gate_up_active_prebuilt,38,0.29289600253105164
case_011_real,gsm8k,middle,real_route_replay,746,43,21,real,17.348837209302324,1,141,1.5498019291024179,gate_up_active_prebuilt,39,0.2901119887828827
case_011_real,gsm8k,middle,real_route_replay,746,43,21,real,17.348837209302324,1,141,1.5498019291024179,down_full64_prebuilt,0,0.19465599954128265
case_011_real,gsm8k,middle,real_route_replay,746,43,21,real,17.348837209302324,1,141,1.5498019291024179,down_full64_prebuilt,1,0.1918720006942749
case_011_real,gsm8k,middle,real_route_replay,746,43,21,real,17.348837209302324,1,141,1.5498019291024179,down_full64_prebuilt,2,0.19708800315856934
case_011_real,gsm8k,middle,real_route_replay,746,43,21,real,17.348837209302324,1,141,1.5498019291024179,down_full64_prebuilt,3,0.18966400623321533
case_011_real,gsm8k,middle,real_route_replay,746,43,21,real,17.348837209302324,1,141,1.5498019291024179,down_full64_prebuilt,4,0.19881600141525269
case_011_real,gsm8k,middle,real_route_replay,746,43,21,real,17.348837209302324,1,141,1.5498019291024179,down_full64_prebuilt,5,0.1942719966173172
case_011_real,gsm8k,middle,real_route_replay,746,43,21,real,17.348837209302324,1,141,1.5498019291024179,down_full64_prebuilt,6,0.18758399784564972
case_011_real,gsm8k,middle,real_route_replay,746,43,21,real,17.348837209302324,1,141,1.5498019291024179,down_full64_prebuilt,7,0.18643200397491455
case_011_real,gsm8k,middle,real_route_replay,746,43,21,real,17.348837209302324,1,141,1.5498019291024179,down_full64_prebuilt,8,0.18531200289726257
case_011_real,gsm8k,middle,real_route_replay,746,43,21,real,17.348837209302324,1,141,1.5498019291024179,down_full64_prebuilt,9,0.18780800700187683
case_011_real,gsm8k,middle,real_route_replay,746,43,21,real,17.348837209302324,1,141,1.5498019291024179,down_full64_prebuilt,10,0.18876799941062927
case_011_real,gsm8k,middle,real_route_replay,746,43,21,real,17.348837209302324,1,141,1.5498019291024179,down_full64_prebuilt,11,0.18892799317836761
case_011_real,gsm8k,middle,real_route_replay,746,43,21,real,17.348837209302324,1,141,1.5498019291024179,down_full64_prebuilt,12,0.18828800320625305
case_011_real,gsm8k,middle,real_route_replay,746,43,21,real,17.348837209302324,1,141,1.5498019291024179,down_full64_prebuilt,13,0.1895039975643158
case_011_real,gsm8k,middle,real_route_replay,746,43,21,real,17.348837209302324,1,141,1.5498019291024179,down_full64_prebuilt,14,0.18908800184726715
case_011_real,gsm8k,middle,real_route_replay,746,43,21,real,17.348837209302324,1,141,1.5498019291024179,down_full64_prebuilt,15,0.1863359957933426
case_011_real,gsm8k,middle,real_route_replay,746,43,21,real,17.348837209302324,1,141,1.5498019291024179,down_full64_prebuilt,16,0.18460799753665924
case_011_real,gsm8k,middle,real_route_replay,746,43,21,real,17.348837209302324,1,141,1.5498019291024179,down_full64_prebuilt,17,0.18624000251293182
case_011_real,gsm8k,middle,real_route_replay,746,43,21,real,17.348837209302324,1,141,1.5498019291024179,down_full64_prebuilt,18,0.18489600718021393
case_011_real,gsm8k,middle,real_route_replay,746,43,21,real,17.348837209302324,1,141,1.5498019291024179,down_full64_prebuilt,19,0.18918399512767792
case_011_real,gsm8k,middle,real_route_replay,746,43,21,real,17.348837209302324,1,141,1.5498019291024179,down_full64_prebuilt,20,0.18863999843597412
case_011_real,gsm8k,middle,real_route_replay,746,43,21,real,17.348837209302324,1,141,1.5498019291024179,down_full64_prebuilt,21,0.19299200177192688
case_011_real,gsm8k,middle,real_route_replay,746,43,21,real,17.348837209302324,1,141,1.5498019291024179,down_full64_prebuilt,22,0.18592000007629395
case_011_real,gsm8k,middle,real_route_replay,746,43,21,real,17.348837209302324,1,141,1.5498019291024179,down_full64_prebuilt,23,0.18732799589633942
case_011_real,gsm8k,middle,real_route_replay,746,43,21,real,17.348837209302324,1,141,1.5498019291024179,down_full64_prebuilt,24,0.18537600338459015
case_011_real,gsm8k,middle,real_route_replay,746,43,21,real,17.348837209302324,1,141,1.5498019291024179,down_full64_prebuilt,25,0.18758399784564972
case_011_real,gsm8k,middle,real_route_replay,746,43,21,real,17.348837209302324,1,141,1.5498019291024179,down_full64_prebuilt,26,0.1841599941253662
case_011_real,gsm8k,middle,real_route_replay,746,43,21,real,17.348837209302324,1,141,1.5498019291024179,down_full64_prebuilt,27,0.1849599927663803
case_011_real,gsm8k,middle,real_route_replay,746,43,21,real,17.348837209302324,1,141,1.5498019291024179,down_full64_prebuilt,28,0.18700799345970154
case_011_real,gsm8k,middle,real_route_replay,746,43,21,real,17.348837209302324,1,141,1.5498019291024179,down_full64_prebuilt,29,0.18758399784564972
case_011_real,gsm8k,middle,real_route_replay,746,43,21,real,17.348837209302324,1,141,1.5498019291024179,down_full64_prebuilt,30,0.18460799753665924
case_011_real,gsm8k,middle,real_route_replay,746,43,21,real,17.348837209302324,1,141,1.5498019291024179,down_full64_prebuilt,31,0.18880000710487366
case_011_real,gsm8k,middle,real_route_replay,746,43,21,real,17.348837209302324,1,141,1.5498019291024179,down_full64_prebuilt,32,0.19203199446201324
case_011_real,gsm8k,middle,real_route_replay,746,43,21,real,17.348837209302324,1,141,1.5498019291024179,down_full64_prebuilt,33,0.19500799477100372
case_011_real,gsm8k,middle,real_route_replay,746,43,21,real,17.348837209302324,1,141,1.5498019291024179,down_full64_prebuilt,34,0.19209599494934082
case_011_real,gsm8k,middle,real_route_replay,746,43,21,real,17.348837209302324,1,141,1.5498019291024179,down_full64_prebuilt,35,0.19359999895095825
case_011_real,gsm8k,middle,real_route_replay,746,43,21,real,17.348837209302324,1,141,1.5498019291024179,down_full64_prebuilt,36,0.19676800072193146
case_011_real,gsm8k,middle,real_route_replay,746,43,21,real,17.348837209302324,1,141,1.5498019291024179,down_full64_prebuilt,37,0.19728000462055206
case_011_real,gsm8k,middle,real_route_replay,746,43,21,real,17.348837209302324,1,141,1.5498019291024179,down_full64_prebuilt,38,0.18934400379657745
case_011_real,gsm8k,middle,real_route_replay,746,43,21,real,17.348837209302324,1,141,1.5498019291024179,down_full64_prebuilt,39,0.18681600689888
case_011_real,gsm8k,middle,real_route_replay,746,43,21,real,17.348837209302324,1,141,1.5498019291024179,gate_up_full64_prebuilt,0,0.2884480059146881
case_011_real,gsm8k,middle,real_route_replay,746,43,21,real,17.348837209302324,1,141,1.5498019291024179,gate_up_full64_prebuilt,1,0.28784000873565674
case_011_real,gsm8k,middle,real_route_replay,746,43,21,real,17.348837209302324,1,141,1.5498019291024179,gate_up_full64_prebuilt,2,0.29183998703956604
case_011_real,gsm8k,middle,real_route_replay,746,43,21,real,17.348837209302324,1,141,1.5498019291024179,gate_up_full64_prebuilt,3,0.28937599062919617
case_011_real,gsm8k,middle,real_route_replay,746,43,21,real,17.348837209302324,1,141,1.5498019291024179,gate_up_full64_prebuilt,4,0.29020801186561584
case_011_real,gsm8k,middle,real_route_replay,746,43,21,real,17.348837209302324,1,141,1.5498019291024179,gate_up_full64_prebuilt,5,0.2938239872455597
case_011_real,gsm8k,middle,real_route_replay,746,43,21,real,17.348837209302324,1,141,1.5498019291024179,gate_up_full64_prebuilt,6,0.2911359965801239
case_011_real,gsm8k,middle,real_route_replay,746,43,21,real,17.348837209302324,1,141,1.5498019291024179,gate_up_full64_prebuilt,7,0.2884480059146881
case_011_real,gsm8k,middle,real_route_replay,746,43,21,real,17.348837209302324,1,141,1.5498019291024179,gate_up_full64_prebuilt,8,0.29020801186561584
case_011_real,gsm8k,middle,real_route_replay,746,43,21,real,17.348837209302324,1,141,1.5498019291024179,gate_up_full64_prebuilt,9,0.2871359884738922
case_011_real,gsm8k,middle,real_route_replay,746,43,21,real,17.348837209302324,1,141,1.5498019291024179,gate_up_full64_prebuilt,10,0.28915199637413025
case_011_real,gsm8k,middle,real_route_replay,746,43,21,real,17.348837209302324,1,141,1.5498019291024179,gate_up_full64_prebuilt,11,0.2895680069923401
case_011_real,gsm8k,middle,real_route_replay,746,43,21,real,17.348837209302324,1,141,1.5498019291024179,gate_up_full64_prebuilt,12,0.29049599170684814
case_011_real,gsm8k,middle,real_route_replay,746,43,21,real,17.348837209302324,1,141,1.5498019291024179,gate_up_full64_prebuilt,13,0.2913919985294342
case_011_real,gsm8k,middle,real_route_replay,746,43,21,real,17.348837209302324,1,141,1.5498019291024179,gate_up_full64_prebuilt,14,0.2926720082759857
case_011_real,gsm8k,middle,real_route_replay,746,43,21,real,17.348837209302324,1,141,1.5498019291024179,gate_up_full64_prebuilt,15,0.2918719947338104
case_011_real,gsm8k,middle,real_route_replay,746,43,21,real,17.348837209302324,1,141,1.5498019291024179,gate_up_full64_prebuilt,16,0.29369598627090454
case_011_real,gsm8k,middle,real_route_replay,746,43,21,real,17.348837209302324,1,141,1.5498019291024179,gate_up_full64_prebuilt,17,0.29260799288749695
case_011_real,gsm8k,middle,real_route_replay,746,43,21,real,17.348837209302324,1,141,1.5498019291024179,gate_up_full64_prebuilt,18,0.29126399755477905
case_011_real,gsm8k,middle,real_route_replay,746,43,21,real,17.348837209302324,1,141,1.5498019291024179,gate_up_full64_prebuilt,19,0.2908160090446472
case_011_real,gsm8k,middle,real_route_replay,746,43,21,real,17.348837209302324,1,141,1.5498019291024179,gate_up_full64_prebuilt,20,0.2914240062236786
case_011_real,gsm8k,middle,real_route_replay,746,43,21,real,17.348837209302324,1,141,1.5498019291024179,gate_up_full64_prebuilt,21,0.2906560003757477
case_011_real,gsm8k,middle,real_route_replay,746,43,21,real,17.348837209302324,1,141,1.5498019291024179,gate_up_full64_prebuilt,22,0.29232001304626465
case_011_real,gsm8k,middle,real_route_replay,746,43,21,real,17.348837209302324,1,141,1.5498019291024179,gate_up_full64_prebuilt,23,0.2897599935531616
case_011_real,gsm8k,middle,real_route_replay,746,43,21,real,17.348837209302324,1,141,1.5498019291024179,gate_up_full64_prebuilt,24,0.28918400406837463
case_011_real,gsm8k,middle,real_route_replay,746,43,21,real,17.348837209302324,1,141,1.5498019291024179,gate_up_full64_prebuilt,25,0.29155200719833374
case_011_real,gsm8k,middle,real_route_replay,746,43,21,real,17.348837209302324,1,141,1.5498019291024179,gate_up_full64_prebuilt,26,0.2913280129432678
case_011_real,gsm8k,middle,real_route_replay,746,43,21,real,17.348837209302324,1,141,1.5498019291024179,gate_up_full64_prebuilt,27,0.29846400022506714
case_011_real,gsm8k,middle,real_route_replay,746,43,21,real,17.348837209302324,1,141,1.5498019291024179,gate_up_full64_prebuilt,28,0.2959040105342865
case_011_real,gsm8k,middle,real_route_replay,746,43,21,real,17.348837209302324,1,141,1.5498019291024179,gate_up_full64_prebuilt,29,0.30851200222969055
case_011_real,gsm8k,middle,real_route_replay,746,43,21,real,17.348837209302324,1,141,1.5498019291024179,gate_up_full64_prebuilt,30,0.29734399914741516
case_011_real,gsm8k,middle,real_route_replay,746,43,21,real,17.348837209302324,1,141,1.5498019291024179,gate_up_full64_prebuilt,31,0.2971839904785156
case_011_real,gsm8k,middle,real_route_replay,746,43,21,real,17.348837209302324,1,141,1.5498019291024179,gate_up_full64_prebuilt,32,0.30483201146125793
case_011_real,gsm8k,middle,real_route_replay,746,43,21,real,17.348837209302324,1,141,1.5498019291024179,gate_up_full64_prebuilt,33,0.2947840094566345
case_011_real,gsm8k,middle,real_route_replay,746,43,21,real,17.348837209302324,1,141,1.5498019291024179,gate_up_full64_prebuilt,34,0.29423999786376953
case_011_real,gsm8k,middle,real_route_replay,746,43,21,real,17.348837209302324,1,141,1.5498019291024179,gate_up_full64_prebuilt,35,0.2921600043773651
case_011_real,gsm8k,middle,real_route_replay,746,43,21,real,17.348837209302324,1,141,1.5498019291024179,gate_up_full64_prebuilt,36,0.2921600043773651
case_011_real,gsm8k,middle,real_route_replay,746,43,21,real,17.348837209302324,1,141,1.5498019291024179,gate_up_full64_prebuilt,37,0.2924480140209198
case_011_real,gsm8k,middle,real_route_replay,746,43,21,real,17.348837209302324,1,141,1.5498019291024179,gate_up_full64_prebuilt,38,0.28972798585891724
case_011_real,gsm8k,middle,real_route_replay,746,43,21,real,17.348837209302324,1,141,1.5498019291024179,gate_up_full64_prebuilt,39,0.2913599908351898
case_011_real,gsm8k,middle,real_route_replay,746,43,21,real,17.348837209302324,1,141,1.5498019291024179,down_active_prebuilt,0,0.19289599359035492
case_011_real,gsm8k,middle,real_route_replay,746,43,21,real,17.348837209302324,1,141,1.5498019291024179,down_active_prebuilt,1,0.18704000115394592
case_011_real,gsm8k,middle,real_route_replay,746,43,21,real,17.348837209302324,1,141,1.5498019291024179,down_active_prebuilt,2,0.1849599927663803
case_011_real,gsm8k,middle,real_route_replay,746,43,21,real,17.348837209302324,1,141,1.5498019291024179,down_active_prebuilt,3,0.19516800343990326
case_011_real,gsm8k,middle,real_route_replay,746,43,21,real,17.348837209302324,1,141,1.5498019291024179,down_active_prebuilt,4,0.19232000410556793
case_011_real,gsm8k,middle,real_route_replay,746,43,21,real,17.348837209302324,1,141,1.5498019291024179,down_active_prebuilt,5,0.18966400623321533
case_011_real,gsm8k,middle,real_route_replay,746,43,21,real,17.348837209302324,1,141,1.5498019291024179,down_active_prebuilt,6,0.192671999335289
case_011_real,gsm8k,middle,real_route_replay,746,43,21,real,17.348837209302324,1,141,1.5498019291024179,down_active_prebuilt,7,0.18803200125694275
case_011_real,gsm8k,middle,real_route_replay,746,43,21,real,17.348837209302324,1,141,1.5498019291024179,down_active_prebuilt,8,0.19072000682353973
case_011_real,gsm8k,middle,real_route_replay,746,43,21,real,17.348837209302324,1,141,1.5498019291024179,down_active_prebuilt,9,0.18937599658966064
case_011_real,gsm8k,middle,real_route_replay,746,43,21,real,17.348837209302324,1,141,1.5498019291024179,down_active_prebuilt,10,0.19091199338436127
case_011_real,gsm8k,middle,real_route_replay,746,43,21,real,17.348837209302324,1,141,1.5498019291024179,down_active_prebuilt,11,0.20192000269889832
case_011_real,gsm8k,middle,real_route_replay,746,43,21,real,17.348837209302324,1,141,1.5498019291024179,down_active_prebuilt,12,0.19276799261569977
case_011_real,gsm8k,middle,real_route_replay,746,43,21,real,17.348837209302324,1,141,1.5498019291024179,down_active_prebuilt,13,0.19183999300003052
case_011_real,gsm8k,middle,real_route_replay,746,43,21,real,17.348837209302324,1,141,1.5498019291024179,down_active_prebuilt,14,0.19120000302791595
case_011_real,gsm8k,middle,real_route_replay,746,43,21,real,17.348837209302324,1,141,1.5498019291024179,down_active_prebuilt,15,0.19382399320602417
case_011_real,gsm8k,middle,real_route_replay,746,43,21,real,17.348837209302324,1,141,1.5498019291024179,down_active_prebuilt,16,0.18432000279426575
case_011_real,gsm8k,middle,real_route_replay,746,43,21,real,17.348837209302324,1,141,1.5498019291024179,down_active_prebuilt,17,0.20201599597930908
case_011_real,gsm8k,middle,real_route_replay,746,43,21,real,17.348837209302324,1,141,1.5498019291024179,down_active_prebuilt,18,0.19404800236225128
case_011_real,gsm8k,middle,real_route_replay,746,43,21,real,17.348837209302324,1,141,1.5498019291024179,down_active_prebuilt,19,0.19568000733852386
case_011_real,gsm8k,middle,real_route_replay,746,43,21,real,17.348837209302324,1,141,1.5498019291024179,down_active_prebuilt,20,0.19315199553966522
case_011_real,gsm8k,middle,real_route_replay,746,43,21,real,17.348837209302324,1,141,1.5498019291024179,down_active_prebuilt,21,0.19862399995326996
case_011_real,gsm8k,middle,real_route_replay,746,43,21,real,17.348837209302324,1,141,1.5498019291024179,down_active_prebuilt,22,0.20479999482631683
case_011_real,gsm8k,middle,real_route_replay,746,43,21,real,17.348837209302324,1,141,1.5498019291024179,down_active_prebuilt,23,0.1980160027742386
case_011_real,gsm8k,middle,real_route_replay,746,43,21,real,17.348837209302324,1,141,1.5498019291024179,down_active_prebuilt,24,0.19142399728298187
case_011_real,gsm8k,middle,real_route_replay,746,43,21,real,17.348837209302324,1,141,1.5498019291024179,down_active_prebuilt,25,0.19059200584888458
case_011_real,gsm8k,middle,real_route_replay,746,43,21,real,17.348837209302324,1,141,1.5498019291024179,down_active_prebuilt,26,0.1876160055398941
case_011_real,gsm8k,middle,real_route_replay,746,43,21,real,17.348837209302324,1,141,1.5498019291024179,down_active_prebuilt,27,0.1905599981546402
case_011_real,gsm8k,middle,real_route_replay,746,43,21,real,17.348837209302324,1,141,1.5498019291024179,down_active_prebuilt,28,0.1855359971523285
case_011_real,gsm8k,middle,real_route_replay,746,43,21,real,17.348837209302324,1,141,1.5498019291024179,down_active_prebuilt,29,0.18719999492168427
case_011_real,gsm8k,middle,real_route_replay,746,43,21,real,17.348837209302324,1,141,1.5498019291024179,down_active_prebuilt,30,0.18627199530601501
case_011_real,gsm8k,middle,real_route_replay,746,43,21,real,17.348837209302324,1,141,1.5498019291024179,down_active_prebuilt,31,0.18835200369358063
case_011_real,gsm8k,middle,real_route_replay,746,43,21,real,17.348837209302324,1,141,1.5498019291024179,down_active_prebuilt,32,0.19142399728298187
case_011_real,gsm8k,middle,real_route_replay,746,43,21,real,17.348837209302324,1,141,1.5498019291024179,down_active_prebuilt,33,0.18723200261592865
case_011_real,gsm8k,middle,real_route_replay,746,43,21,real,17.348837209302324,1,141,1.5498019291024179,down_active_prebuilt,34,0.1849599927663803
case_011_real,gsm8k,middle,real_route_replay,746,43,21,real,17.348837209302324,1,141,1.5498019291024179,down_active_prebuilt,35,0.18652799725532532
case_011_real,gsm8k,middle,real_route_replay,746,43,21,real,17.348837209302324,1,141,1.5498019291024179,down_active_prebuilt,36,0.18880000710487366
case_011_real,gsm8k,middle,real_route_replay,746,43,21,real,17.348837209302324,1,141,1.5498019291024179,down_active_prebuilt,37,0.18675200641155243
case_011_real,gsm8k,middle,real_route_replay,746,43,21,real,17.348837209302324,1,141,1.5498019291024179,down_active_prebuilt,38,0.18559999763965607
case_011_real,gsm8k,middle,real_route_replay,746,43,21,real,17.348837209302324,1,141,1.5498019291024179,down_active_prebuilt,39,0.19324800372123718
case_011_real,gsm8k,middle,real_route_replay,746,43,21,real,17.348837209302324,1,141,1.5498019291024179,route_weight,0,0.023871999233961105
case_011_real,gsm8k,middle,real_route_replay,746,43,21,real,17.348837209302324,1,141,1.5498019291024179,route_weight,1,0.017632000148296356
case_011_real,gsm8k,middle,real_route_replay,746,43,21,real,17.348837209302324,1,141,1.5498019291024179,route_weight,2,0.01833599992096424
case_011_real,gsm8k,middle,real_route_replay,746,43,21,real,17.348837209302324,1,141,1.5498019291024179,route_weight,3,0.017696000635623932
case_011_real,gsm8k,middle,real_route_replay,746,43,21,real,17.348837209302324,1,141,1.5498019291024179,route_weight,4,0.01945599913597107
case_011_real,gsm8k,middle,real_route_replay,746,43,21,real,17.348837209302324,1,141,1.5498019291024179,route_weight,5,0.019007999449968338
case_011_real,gsm8k,middle,real_route_replay,746,43,21,real,17.348837209302324,1,141,1.5498019291024179,route_weight,6,0.018239999189972878
case_011_real,gsm8k,middle,real_route_replay,746,43,21,real,17.348837209302324,1,141,1.5498019291024179,route_weight,7,0.017535999417304993
case_011_real,gsm8k,middle,real_route_replay,746,43,21,real,17.348837209302324,1,141,1.5498019291024179,route_weight,8,0.015744000673294067
case_011_real,gsm8k,middle,real_route_replay,746,43,21,real,17.348837209302324,1,141,1.5498019291024179,route_weight,9,0.0191040001809597
case_011_real,gsm8k,middle,real_route_replay,746,43,21,real,17.348837209302324,1,141,1.5498019291024179,route_weight,10,0.017055999487638474
case_011_real,gsm8k,middle,real_route_replay,746,43,21,real,17.348837209302324,1,141,1.5498019291024179,route_weight,11,0.016736000776290894
case_011_real,gsm8k,middle,real_route_replay,746,43,21,real,17.348837209302324,1,141,1.5498019291024179,route_weight,12,0.01772800087928772
case_011_real,gsm8k,middle,real_route_replay,746,43,21,real,17.348837209302324,1,141,1.5498019291024179,route_weight,13,0.018112000077962875
case_011_real,gsm8k,middle,real_route_replay,746,43,21,real,17.348837209302324,1,141,1.5498019291024179,route_weight,14,0.01696000061929226
case_011_real,gsm8k,middle,real_route_replay,746,43,21,real,17.348837209302324,1,141,1.5498019291024179,route_weight,15,0.016575999557971954
case_011_real,gsm8k,middle,real_route_replay,746,43,21,real,17.348837209302324,1,141,1.5498019291024179,route_weight,16,0.015968000516295433
case_011_real,gsm8k,middle,real_route_replay,746,43,21,real,17.348837209302324,1,141,1.5498019291024179,route_weight,17,0.016224000602960587
case_011_real,gsm8k,middle,real_route_replay,746,43,21,real,17.348837209302324,1,141,1.5498019291024179,route_weight,18,0.015904000028967857
case_011_real,gsm8k,middle,real_route_replay,746,43,21,real,17.348837209302324,1,141,1.5498019291024179,route_weight,19,0.01583999954164028
case_011_real,gsm8k,middle,real_route_replay,746,43,21,real,17.348837209302324,1,141,1.5498019291024179,route_weight,20,0.01587199978530407
case_011_real,gsm8k,middle,real_route_replay,746,43,21,real,17.348837209302324,1,141,1.5498019291024179,route_weight,21,0.01583999954164028
case_011_real,gsm8k,middle,real_route_replay,746,43,21,real,17.348837209302324,1,141,1.5498019291024179,route_weight,22,0.018079999834299088
case_011_real,gsm8k,middle,real_route_replay,746,43,21,real,17.348837209302324,1,141,1.5498019291024179,route_weight,23,0.017343999817967415
case_011_real,gsm8k,middle,real_route_replay,746,43,21,real,17.348837209302324,1,141,1.5498019291024179,route_weight,24,0.017216000705957413
case_011_real,gsm8k,middle,real_route_replay,746,43,21,real,17.348837209302324,1,141,1.5498019291024179,route_weight,25,0.016543999314308167
case_011_real,gsm8k,middle,real_route_replay,746,43,21,real,17.348837209302324,1,141,1.5498019291024179,route_weight,26,0.017823999747633934
case_011_real,gsm8k,middle,real_route_replay,746,43,21,real,17.348837209302324,1,141,1.5498019291024179,route_weight,27,0.017664000391960144
case_011_real,gsm8k,middle,real_route_replay,746,43,21,real,17.348837209302324,1,141,1.5498019291024179,route_weight,28,0.01775999926030636
case_011_real,gsm8k,middle,real_route_replay,746,43,21,real,17.348837209302324,1,141,1.5498019291024179,route_weight,29,0.01711999997496605
case_011_real,gsm8k,middle,real_route_replay,746,43,21,real,17.348837209302324,1,141,1.5498019291024179,route_weight,30,0.017311999574303627
case_011_real,gsm8k,middle,real_route_replay,746,43,21,real,17.348837209302324,1,141,1.5498019291024179,route_weight,31,0.0161920003592968
case_011_real,gsm8k,middle,real_route_replay,746,43,21,real,17.348837209302324,1,141,1.5498019291024179,route_weight,32,0.015744000673294067
case_011_real,gsm8k,middle,real_route_replay,746,43,21,real,17.348837209302324,1,141,1.5498019291024179,route_weight,33,0.01587199978530407
case_011_real,gsm8k,middle,real_route_replay,746,43,21,real,17.348837209302324,1,141,1.5498019291024179,route_weight,34,0.015936000272631645
case_011_real,gsm8k,middle,real_route_replay,746,43,21,real,17.348837209302324,1,141,1.5498019291024179,route_weight,35,0.017311999574303627
case_011_real,gsm8k,middle,real_route_replay,746,43,21,real,17.348837209302324,1,141,1.5498019291024179,route_weight,36,0.01788800023496151
case_011_real,gsm8k,middle,real_route_replay,746,43,21,real,17.348837209302324,1,141,1.5498019291024179,route_weight,37,0.017920000478625298
case_011_real,gsm8k,middle,real_route_replay,746,43,21,real,17.348837209302324,1,141,1.5498019291024179,route_weight,38,0.018592000007629395
case_011_real,gsm8k,middle,real_route_replay,746,43,21,real,17.348837209302324,1,141,1.5498019291024179,route_weight,39,0.016672000288963318
case_012_real,gsm8k,middle,real_route_replay,1099,47,17,real,23.382978723404257,1,135,1.392883427398494,route_weight,0,0.024191999807953835
case_012_real,gsm8k,middle,real_route_replay,1099,47,17,real,23.382978723404257,1,135,1.392883427398494,route_weight,1,0.020864000543951988
case_012_real,gsm8k,middle,real_route_replay,1099,47,17,real,23.382978723404257,1,135,1.392883427398494,route_weight,2,0.021856000646948814
case_012_real,gsm8k,middle,real_route_replay,1099,47,17,real,23.382978723404257,1,135,1.392883427398494,route_weight,3,0.01929599978029728
case_012_real,gsm8k,middle,real_route_replay,1099,47,17,real,23.382978723404257,1,135,1.392883427398494,route_weight,4,0.02070399932563305
case_012_real,gsm8k,middle,real_route_replay,1099,47,17,real,23.382978723404257,1,135,1.392883427398494,route_weight,5,0.020096000283956528
case_012_real,gsm8k,middle,real_route_replay,1099,47,17,real,23.382978723404257,1,135,1.392883427398494,route_weight,6,0.020479999482631683
case_012_real,gsm8k,middle,real_route_replay,1099,47,17,real,23.382978723404257,1,135,1.392883427398494,route_weight,7,0.01945599913597107
case_012_real,gsm8k,middle,real_route_replay,1099,47,17,real,23.382978723404257,1,135,1.392883427398494,route_weight,8,0.018912000581622124
case_012_real,gsm8k,middle,real_route_replay,1099,47,17,real,23.382978723404257,1,135,1.392883427398494,route_weight,9,0.019039999693632126
case_012_real,gsm8k,middle,real_route_replay,1099,47,17,real,23.382978723404257,1,135,1.392883427398494,route_weight,10,0.0191040001809597
case_012_real,gsm8k,middle,real_route_replay,1099,47,17,real,23.382978723404257,1,135,1.392883427398494,route_weight,11,0.01990400068461895
case_012_real,gsm8k,middle,real_route_replay,1099,47,17,real,23.382978723404257,1,135,1.392883427398494,route_weight,12,0.02115200087428093
case_012_real,gsm8k,middle,real_route_replay,1099,47,17,real,23.382978723404257,1,135,1.392883427398494,route_weight,13,0.019872000440955162
case_012_real,gsm8k,middle,real_route_replay,1099,47,17,real,23.382978723404257,1,135,1.392883427398494,route_weight,14,0.019999999552965164
case_012_real,gsm8k,middle,real_route_replay,1099,47,17,real,23.382978723404257,1,135,1.392883427398494,route_weight,15,0.01990400068461895
case_012_real,gsm8k,middle,real_route_replay,1099,47,17,real,23.382978723404257,1,135,1.392883427398494,route_weight,16,0.020735999569296837
case_012_real,gsm8k,middle,real_route_replay,1099,47,17,real,23.382978723404257,1,135,1.392883427398494,route_weight,17,0.020416000857949257
case_012_real,gsm8k,middle,real_route_replay,1099,47,17,real,23.382978723404257,1,135,1.392883427398494,route_weight,18,0.020128000527620316
case_012_real,gsm8k,middle,real_route_replay,1099,47,17,real,23.382978723404257,1,135,1.392883427398494,route_weight,19,0.020735999569296837
case_012_real,gsm8k,middle,real_route_replay,1099,47,17,real,23.382978723404257,1,135,1.392883427398494,route_weight,20,0.020096000283956528
case_012_real,gsm8k,middle,real_route_replay,1099,47,17,real,23.382978723404257,1,135,1.392883427398494,route_weight,21,0.02070399932563305
case_012_real,gsm8k,middle,real_route_replay,1099,47,17,real,23.382978723404257,1,135,1.392883427398494,route_weight,22,0.020447999238967896
case_012_real,gsm8k,middle,real_route_replay,1099,47,17,real,23.382978723404257,1,135,1.392883427398494,route_weight,23,0.019360000267624855
case_012_real,gsm8k,middle,real_route_replay,1099,47,17,real,23.382978723404257,1,135,1.392883427398494,route_weight,24,0.020128000527620316
case_012_real,gsm8k,middle,real_route_replay,1099,47,17,real,23.382978723404257,1,135,1.392883427398494,route_weight,25,0.020608000457286835
case_012_real,gsm8k,middle,real_route_replay,1099,47,17,real,23.382978723404257,1,135,1.392883427398494,route_weight,26,0.018719999119639397
case_012_real,gsm8k,middle,real_route_replay,1099,47,17,real,23.382978723404257,1,135,1.392883427398494,route_weight,27,0.019168000668287277
case_012_real,gsm8k,middle,real_route_replay,1099,47,17,real,23.382978723404257,1,135,1.392883427398494,route_weight,28,0.02006400004029274
case_012_real,gsm8k,middle,real_route_replay,1099,47,17,real,23.382978723404257,1,135,1.392883427398494,route_weight,29,0.020479999482631683
case_012_real,gsm8k,middle,real_route_replay,1099,47,17,real,23.382978723404257,1,135,1.392883427398494,route_weight,30,0.0208320003002882
case_012_real,gsm8k,middle,real_route_replay,1099,47,17,real,23.382978723404257,1,135,1.392883427398494,route_weight,31,0.019967999309301376
case_012_real,gsm8k,middle,real_route_replay,1099,47,17,real,23.382978723404257,1,135,1.392883427398494,route_weight,32,0.02038400061428547
case_012_real,gsm8k,middle,real_route_replay,1099,47,17,real,23.382978723404257,1,135,1.392883427398494,route_weight,33,0.022112000733613968
case_012_real,gsm8k,middle,real_route_replay,1099,47,17,real,23.382978723404257,1,135,1.392883427398494,route_weight,34,0.021695999428629875
case_012_real,gsm8k,middle,real_route_replay,1099,47,17,real,23.382978723404257,1,135,1.392883427398494,route_weight,35,0.01929599978029728
case_012_real,gsm8k,middle,real_route_replay,1099,47,17,real,23.382978723404257,1,135,1.392883427398494,route_weight,36,0.019999999552965164
case_012_real,gsm8k,middle,real_route_replay,1099,47,17,real,23.382978723404257,1,135,1.392883427398494,route_weight,37,0.021536000072956085
case_012_real,gsm8k,middle,real_route_replay,1099,47,17,real,23.382978723404257,1,135,1.392883427398494,route_weight,38,0.01894400082528591
case_012_real,gsm8k,middle,real_route_replay,1099,47,17,real,23.382978723404257,1,135,1.392883427398494,route_weight,39,0.018624000251293182
case_012_real,gsm8k,middle,real_route_replay,1099,47,17,real,23.382978723404257,1,135,1.392883427398494,gate_up_full64_prebuilt,0,0.3214719891548157
case_012_real,gsm8k,middle,real_route_replay,1099,47,17,real,23.382978723404257,1,135,1.392883427398494,gate_up_full64_prebuilt,1,0.31996798515319824
case_012_real,gsm8k,middle,real_route_replay,1099,47,17,real,23.382978723404257,1,135,1.392883427398494,gate_up_full64_prebuilt,2,0.31596800684928894
case_012_real,gsm8k,middle,real_route_replay,1099,47,17,real,23.382978723404257,1,135,1.392883427398494,gate_up_full64_prebuilt,3,0.3186880052089691
case_012_real,gsm8k,middle,real_route_replay,1099,47,17,real,23.382978723404257,1,135,1.392883427398494,gate_up_full64_prebuilt,4,0.3185279965400696
case_012_real,gsm8k,middle,real_route_replay,1099,47,17,real,23.382978723404257,1,135,1.392883427398494,gate_up_full64_prebuilt,5,0.316895991563797
case_012_real,gsm8k,middle,real_route_replay,1099,47,17,real,23.382978723404257,1,135,1.392883427398494,gate_up_full64_prebuilt,6,0.3169279992580414
case_012_real,gsm8k,middle,real_route_replay,1099,47,17,real,23.382978723404257,1,135,1.392883427398494,gate_up_full64_prebuilt,7,0.321696013212204
case_012_real,gsm8k,middle,real_route_replay,1099,47,17,real,23.382978723404257,1,135,1.392883427398494,gate_up_full64_prebuilt,8,0.31222400069236755
case_012_real,gsm8k,middle,real_route_replay,1099,47,17,real,23.382978723404257,1,135,1.392883427398494,gate_up_full64_prebuilt,9,0.3161599934101105
case_012_real,gsm8k,middle,real_route_replay,1099,47,17,real,23.382978723404257,1,135,1.392883427398494,gate_up_full64_prebuilt,10,0.31494399905204773
case_012_real,gsm8k,middle,real_route_replay,1099,47,17,real,23.382978723404257,1,135,1.392883427398494,gate_up_full64_prebuilt,11,0.31536000967025757
case_012_real,gsm8k,middle,real_route_replay,1099,47,17,real,23.382978723404257,1,135,1.392883427398494,gate_up_full64_prebuilt,12,0.3136959969997406
case_012_real,gsm8k,middle,real_route_replay,1099,47,17,real,23.382978723404257,1,135,1.392883427398494,gate_up_full64_prebuilt,13,0.31459200382232666
case_012_real,gsm8k,middle,real_route_replay,1099,47,17,real,23.382978723404257,1,135,1.392883427398494,gate_up_full64_prebuilt,14,0.3147520124912262
case_012_real,gsm8k,middle,real_route_replay,1099,47,17,real,23.382978723404257,1,135,1.392883427398494,gate_up_full64_prebuilt,15,0.31404799222946167
case_012_real,gsm8k,middle,real_route_replay,1099,47,17,real,23.382978723404257,1,135,1.392883427398494,gate_up_full64_prebuilt,16,0.3124159872531891
case_012_real,gsm8k,middle,real_route_replay,1099,47,17,real,23.382978723404257,1,135,1.392883427398494,gate_up_full64_prebuilt,17,0.3173440098762512
case_012_real,gsm8k,middle,real_route_replay,1099,47,17,real,23.382978723404257,1,135,1.392883427398494,gate_up_full64_prebuilt,18,0.3140160143375397
case_012_real,gsm8k,middle,real_route_replay,1099,47,17,real,23.382978723404257,1,135,1.392883427398494,gate_up_full64_prebuilt,19,0.31593599915504456
case_012_real,gsm8k,middle,real_route_replay,1099,47,17,real,23.382978723404257,1,135,1.392883427398494,gate_up_full64_prebuilt,20,0.31756800413131714
case_012_real,gsm8k,middle,real_route_replay,1099,47,17,real,23.382978723404257,1,135,1.392883427398494,gate_up_full64_prebuilt,21,0.3192960023880005
case_012_real,gsm8k,middle,real_route_replay,1099,47,17,real,23.382978723404257,1,135,1.392883427398494,gate_up_full64_prebuilt,22,0.31942400336265564
case_012_real,gsm8k,middle,real_route_replay,1099,47,17,real,23.382978723404257,1,135,1.392883427398494,gate_up_full64_prebuilt,23,0.31324800848960876
case_012_real,gsm8k,middle,real_route_replay,1099,47,17,real,23.382978723404257,1,135,1.392883427398494,gate_up_full64_prebuilt,24,0.318015992641449
case_012_real,gsm8k,middle,real_route_replay,1099,47,17,real,23.382978723404257,1,135,1.392883427398494,gate_up_full64_prebuilt,25,0.3142400085926056
case_012_real,gsm8k,middle,real_route_replay,1099,47,17,real,23.382978723404257,1,135,1.392883427398494,gate_up_full64_prebuilt,26,0.31488001346588135
case_012_real,gsm8k,middle,real_route_replay,1099,47,17,real,23.382978723404257,1,135,1.392883427398494,gate_up_full64_prebuilt,27,0.3182399868965149
case_012_real,gsm8k,middle,real_route_replay,1099,47,17,real,23.382978723404257,1,135,1.392883427398494,gate_up_full64_prebuilt,28,0.3196159899234772
case_012_real,gsm8k,middle,real_route_replay,1099,47,17,real,23.382978723404257,1,135,1.392883427398494,gate_up_full64_prebuilt,29,0.323168009519577
case_012_real,gsm8k,middle,real_route_replay,1099,47,17,real,23.382978723404257,1,135,1.392883427398494,gate_up_full64_prebuilt,30,0.3187200129032135
case_012_real,gsm8k,middle,real_route_replay,1099,47,17,real,23.382978723404257,1,135,1.392883427398494,gate_up_full64_prebuilt,31,0.32287999987602234
case_012_real,gsm8k,middle,real_route_replay,1099,47,17,real,23.382978723404257,1,135,1.392883427398494,gate_up_full64_prebuilt,32,0.325439989566803
case_012_real,gsm8k,middle,real_route_replay,1099,47,17,real,23.382978723404257,1,135,1.392883427398494,gate_up_full64_prebuilt,33,0.3234559893608093
case_012_real,gsm8k,middle,real_route_replay,1099,47,17,real,23.382978723404257,1,135,1.392883427398494,gate_up_full64_prebuilt,34,0.3267199993133545
case_012_real,gsm8k,middle,real_route_replay,1099,47,17,real,23.382978723404257,1,135,1.392883427398494,gate_up_full64_prebuilt,35,0.32598400115966797
case_012_real,gsm8k,middle,real_route_replay,1099,47,17,real,23.382978723404257,1,135,1.392883427398494,gate_up_full64_prebuilt,36,0.32736000418663025
case_012_real,gsm8k,middle,real_route_replay,1099,47,17,real,23.382978723404257,1,135,1.392883427398494,gate_up_full64_prebuilt,37,0.3309440016746521
case_012_real,gsm8k,middle,real_route_replay,1099,47,17,real,23.382978723404257,1,135,1.392883427398494,gate_up_full64_prebuilt,38,0.3227840065956116
case_012_real,gsm8k,middle,real_route_replay,1099,47,17,real,23.382978723404257,1,135,1.392883427398494,gate_up_full64_prebuilt,39,0.3277440071105957
case_012_real,gsm8k,middle,real_route_replay,1099,47,17,real,23.382978723404257,1,135,1.392883427398494,down_active_prebuilt,0,0.20425599813461304
case_012_real,gsm8k,middle,real_route_replay,1099,47,17,real,23.382978723404257,1,135,1.392883427398494,down_active_prebuilt,1,0.2006720006465912
case_012_real,gsm8k,middle,real_route_replay,1099,47,17,real,23.382978723404257,1,135,1.392883427398494,down_active_prebuilt,2,0.1982720047235489
case_012_real,gsm8k,middle,real_route_replay,1099,47,17,real,23.382978723404257,1,135,1.392883427398494,down_active_prebuilt,3,0.1982080042362213
case_012_real,gsm8k,middle,real_route_replay,1099,47,17,real,23.382978723404257,1,135,1.392883427398494,down_active_prebuilt,4,0.19459199905395508
case_012_real,gsm8k,middle,real_route_replay,1099,47,17,real,23.382978723404257,1,135,1.392883427398494,down_active_prebuilt,5,0.19568000733852386
case_012_real,gsm8k,middle,real_route_replay,1099,47,17,real,23.382978723404257,1,135,1.392883427398494,down_active_prebuilt,6,0.19459199905395508
case_012_real,gsm8k,middle,real_route_replay,1099,47,17,real,23.382978723404257,1,135,1.392883427398494,down_active_prebuilt,7,0.19500799477100372
case_012_real,gsm8k,middle,real_route_replay,1099,47,17,real,23.382978723404257,1,135,1.392883427398494,down_active_prebuilt,8,0.19631999731063843
case_012_real,gsm8k,middle,real_route_replay,1099,47,17,real,23.382978723404257,1,135,1.392883427398494,down_active_prebuilt,9,0.19571200013160706
case_012_real,gsm8k,middle,real_route_replay,1099,47,17,real,23.382978723404257,1,135,1.392883427398494,down_active_prebuilt,10,0.19782400131225586
case_012_real,gsm8k,middle,real_route_replay,1099,47,17,real,23.382978723404257,1,135,1.392883427398494,down_active_prebuilt,11,0.1961279958486557
case_012_real,gsm8k,middle,real_route_replay,1099,47,17,real,23.382978723404257,1,135,1.392883427398494,down_active_prebuilt,12,0.1979839950799942
case_012_real,gsm8k,middle,real_route_replay,1099,47,17,real,23.382978723404257,1,135,1.392883427398494,down_active_prebuilt,13,0.1926400065422058
case_012_real,gsm8k,middle,real_route_replay,1099,47,17,real,23.382978723404257,1,135,1.392883427398494,down_active_prebuilt,14,0.1924159973859787
case_012_real,gsm8k,middle,real_route_replay,1099,47,17,real,23.382978723404257,1,135,1.392883427398494,down_active_prebuilt,15,0.1968960016965866
case_012_real,gsm8k,middle,real_route_replay,1099,47,17,real,23.382978723404257,1,135,1.392883427398494,down_active_prebuilt,16,0.19894400238990784
case_012_real,gsm8k,middle,real_route_replay,1099,47,17,real,23.382978723404257,1,135,1.392883427398494,down_active_prebuilt,17,0.19350400567054749
case_012_real,gsm8k,middle,real_route_replay,1099,47,17,real,23.382978723404257,1,135,1.392883427398494,down_active_prebuilt,18,0.19247999787330627
case_012_real,gsm8k,middle,real_route_replay,1099,47,17,real,23.382978723404257,1,135,1.392883427398494,down_active_prebuilt,19,0.19968000054359436
case_012_real,gsm8k,middle,real_route_replay,1099,47,17,real,23.382978723404257,1,135,1.392883427398494,down_active_prebuilt,20,0.19385600090026855
case_012_real,gsm8k,middle,real_route_replay,1099,47,17,real,23.382978723404257,1,135,1.392883427398494,down_active_prebuilt,21,0.19417600333690643
case_012_real,gsm8k,middle,real_route_replay,1099,47,17,real,23.382978723404257,1,135,1.392883427398494,down_active_prebuilt,22,0.19779199361801147
case_012_real,gsm8k,middle,real_route_replay,1099,47,17,real,23.382978723404257,1,135,1.392883427398494,down_active_prebuilt,23,0.19791999459266663
case_012_real,gsm8k,middle,real_route_replay,1099,47,17,real,23.382978723404257,1,135,1.392883427398494,down_active_prebuilt,24,0.19459199905395508
case_012_real,gsm8k,middle,real_route_replay,1099,47,17,real,23.382978723404257,1,135,1.392883427398494,down_active_prebuilt,25,0.194240003824234
case_012_real,gsm8k,middle,real_route_replay,1099,47,17,real,23.382978723404257,1,135,1.392883427398494,down_active_prebuilt,26,0.19232000410556793
case_012_real,gsm8k,middle,real_route_replay,1099,47,17,real,23.382978723404257,1,135,1.392883427398494,down_active_prebuilt,27,0.19868800044059753
case_012_real,gsm8k,middle,real_route_replay,1099,47,17,real,23.382978723404257,1,135,1.392883427398494,down_active_prebuilt,28,0.19683200120925903
case_012_real,gsm8k,middle,real_route_replay,1099,47,17,real,23.382978723404257,1,135,1.392883427398494,down_active_prebuilt,29,0.19728000462055206
case_012_real,gsm8k,middle,real_route_replay,1099,47,17,real,23.382978723404257,1,135,1.392883427398494,down_active_prebuilt,30,0.1929599940776825
case_012_real,gsm8k,middle,real_route_replay,1099,47,17,real,23.382978723404257,1,135,1.392883427398494,down_active_prebuilt,31,0.19734400510787964
case_012_real,gsm8k,middle,real_route_replay,1099,47,17,real,23.382978723404257,1,135,1.392883427398494,down_active_prebuilt,32,0.19740800559520721
case_012_real,gsm8k,middle,real_route_replay,1099,47,17,real,23.382978723404257,1,135,1.392883427398494,down_active_prebuilt,33,0.19631999731063843
case_012_real,gsm8k,middle,real_route_replay,1099,47,17,real,23.382978723404257,1,135,1.392883427398494,down_active_prebuilt,34,0.19961600005626678
case_012_real,gsm8k,middle,real_route_replay,1099,47,17,real,23.382978723404257,1,135,1.392883427398494,down_active_prebuilt,35,0.19699199497699738
case_012_real,gsm8k,middle,real_route_replay,1099,47,17,real,23.382978723404257,1,135,1.392883427398494,down_active_prebuilt,36,0.1936960071325302
case_012_real,gsm8k,middle,real_route_replay,1099,47,17,real,23.382978723404257,1,135,1.392883427398494,down_active_prebuilt,37,0.1934719979763031
case_012_real,gsm8k,middle,real_route_replay,1099,47,17,real,23.382978723404257,1,135,1.392883427398494,down_active_prebuilt,38,0.19753600656986237
case_012_real,gsm8k,middle,real_route_replay,1099,47,17,real,23.382978723404257,1,135,1.392883427398494,down_active_prebuilt,39,0.1961279958486557
case_012_real,gsm8k,middle,real_route_replay,1099,47,17,real,23.382978723404257,1,135,1.392883427398494,gate_up_active_prebuilt,0,0.3177280128002167
case_012_real,gsm8k,middle,real_route_replay,1099,47,17,real,23.382978723404257,1,135,1.392883427398494,gate_up_active_prebuilt,1,0.3200640082359314
case_012_real,gsm8k,middle,real_route_replay,1099,47,17,real,23.382978723404257,1,135,1.392883427398494,gate_up_active_prebuilt,2,0.31670400500297546
case_012_real,gsm8k,middle,real_route_replay,1099,47,17,real,23.382978723404257,1,135,1.392883427398494,gate_up_active_prebuilt,3,0.3176319897174835
case_012_real,gsm8k,middle,real_route_replay,1099,47,17,real,23.382978723404257,1,135,1.392883427398494,gate_up_active_prebuilt,4,0.3199999928474426
case_012_real,gsm8k,middle,real_route_replay,1099,47,17,real,23.382978723404257,1,135,1.392883427398494,gate_up_active_prebuilt,5,0.3168320059776306
case_012_real,gsm8k,middle,real_route_replay,1099,47,17,real,23.382978723404257,1,135,1.392883427398494,gate_up_active_prebuilt,6,0.31494399905204773
case_012_real,gsm8k,middle,real_route_replay,1099,47,17,real,23.382978723404257,1,135,1.392883427398494,gate_up_active_prebuilt,7,0.3152320086956024
case_012_real,gsm8k,middle,real_route_replay,1099,47,17,real,23.382978723404257,1,135,1.392883427398494,gate_up_active_prebuilt,8,0.31414398550987244
case_012_real,gsm8k,middle,real_route_replay,1099,47,17,real,23.382978723404257,1,135,1.392883427398494,gate_up_active_prebuilt,9,0.317984014749527
case_012_real,gsm8k,middle,real_route_replay,1099,47,17,real,23.382978723404257,1,135,1.392883427398494,gate_up_active_prebuilt,10,0.316864013671875
case_012_real,gsm8k,middle,real_route_replay,1099,47,17,real,23.382978723404257,1,135,1.392883427398494,gate_up_active_prebuilt,11,0.3147839903831482
case_012_real,gsm8k,middle,real_route_replay,1099,47,17,real,23.382978723404257,1,135,1.392883427398494,gate_up_active_prebuilt,12,0.3202880024909973
case_012_real,gsm8k,middle,real_route_replay,1099,47,17,real,23.382978723404257,1,135,1.392883427398494,gate_up_active_prebuilt,13,0.3158400058746338
case_012_real,gsm8k,middle,real_route_replay,1099,47,17,real,23.382978723404257,1,135,1.392883427398494,gate_up_active_prebuilt,14,0.31724798679351807
case_012_real,gsm8k,middle,real_route_replay,1099,47,17,real,23.382978723404257,1,135,1.392883427398494,gate_up_active_prebuilt,15,0.315775990486145
case_012_real,gsm8k,middle,real_route_replay,1099,47,17,real,23.382978723404257,1,135,1.392883427398494,gate_up_active_prebuilt,16,0.3182719945907593
case_012_real,gsm8k,middle,real_route_replay,1099,47,17,real,23.382978723404257,1,135,1.392883427398494,gate_up_active_prebuilt,17,0.3182719945907593
case_012_real,gsm8k,middle,real_route_replay,1099,47,17,real,23.382978723404257,1,135,1.392883427398494,gate_up_active_prebuilt,18,0.3166080117225647
case_012_real,gsm8k,middle,real_route_replay,1099,47,17,real,23.382978723404257,1,135,1.392883427398494,gate_up_active_prebuilt,19,0.31891199946403503
case_012_real,gsm8k,middle,real_route_replay,1099,47,17,real,23.382978723404257,1,135,1.392883427398494,gate_up_active_prebuilt,20,0.31750398874282837
case_012_real,gsm8k,middle,real_route_replay,1099,47,17,real,23.382978723404257,1,135,1.392883427398494,gate_up_active_prebuilt,21,0.31673601269721985
case_012_real,gsm8k,middle,real_route_replay,1099,47,17,real,23.382978723404257,1,135,1.392883427398494,gate_up_active_prebuilt,22,0.3176319897174835
case_012_real,gsm8k,middle,real_route_replay,1099,47,17,real,23.382978723404257,1,135,1.392883427398494,gate_up_active_prebuilt,23,0.31571200489997864
case_012_real,gsm8k,middle,real_route_replay,1099,47,17,real,23.382978723404257,1,135,1.392883427398494,gate_up_active_prebuilt,24,0.31756800413131714
case_012_real,gsm8k,middle,real_route_replay,1099,47,17,real,23.382978723404257,1,135,1.392883427398494,gate_up_active_prebuilt,25,0.317984014749527
case_012_real,gsm8k,middle,real_route_replay,1099,47,17,real,23.382978723404257,1,135,1.392883427398494,gate_up_active_prebuilt,26,0.3162879943847656
case_012_real,gsm8k,middle,real_route_replay,1099,47,17,real,23.382978723404257,1,135,1.392883427398494,gate_up_active_prebuilt,27,0.3173440098762512
case_012_real,gsm8k,middle,real_route_replay,1099,47,17,real,23.382978723404257,1,135,1.392883427398494,gate_up_active_prebuilt,28,0.31676799058914185
case_012_real,gsm8k,middle,real_route_replay,1099,47,17,real,23.382978723404257,1,135,1.392883427398494,gate_up_active_prebuilt,29,0.31513598561286926
case_012_real,gsm8k,middle,real_route_replay,1099,47,17,real,23.382978723404257,1,135,1.392883427398494,gate_up_active_prebuilt,30,0.31670400500297546
case_012_real,gsm8k,middle,real_route_replay,1099,47,17,real,23.382978723404257,1,135,1.392883427398494,gate_up_active_prebuilt,31,0.3155519962310791
case_012_real,gsm8k,middle,real_route_replay,1099,47,17,real,23.382978723404257,1,135,1.392883427398494,gate_up_active_prebuilt,32,0.3171519935131073
case_012_real,gsm8k,middle,real_route_replay,1099,47,17,real,23.382978723404257,1,135,1.392883427398494,gate_up_active_prebuilt,33,0.31721600890159607
case_012_real,gsm8k,middle,real_route_replay,1099,47,17,real,23.382978723404257,1,135,1.392883427398494,gate_up_active_prebuilt,34,0.31433600187301636
case_012_real,gsm8k,middle,real_route_replay,1099,47,17,real,23.382978723404257,1,135,1.392883427398494,gate_up_active_prebuilt,35,0.318015992641449
case_012_real,gsm8k,middle,real_route_replay,1099,47,17,real,23.382978723404257,1,135,1.392883427398494,gate_up_active_prebuilt,36,0.3174079954624176
case_012_real,gsm8k,middle,real_route_replay,1099,47,17,real,23.382978723404257,1,135,1.392883427398494,gate_up_active_prebuilt,37,0.32070401310920715
case_012_real,gsm8k,middle,real_route_replay,1099,47,17,real,23.382978723404257,1,135,1.392883427398494,gate_up_active_prebuilt,38,0.3178560137748718
case_012_real,gsm8k,middle,real_route_replay,1099,47,17,real,23.382978723404257,1,135,1.392883427398494,gate_up_active_prebuilt,39,0.31244799494743347
case_012_real,gsm8k,middle,real_route_replay,1099,47,17,real,23.382978723404257,1,135,1.392883427398494,swiglu,0,0.02844800055027008
case_012_real,gsm8k,middle,real_route_replay,1099,47,17,real,23.382978723404257,1,135,1.392883427398494,swiglu,1,0.023679999634623528
case_012_real,gsm8k,middle,real_route_replay,1099,47,17,real,23.382978723404257,1,135,1.392883427398494,swiglu,2,0.021247999742627144
case_012_real,gsm8k,middle,real_route_replay,1099,47,17,real,23.382978723404257,1,135,1.392883427398494,swiglu,3,0.020735999569296837
case_012_real,gsm8k,middle,real_route_replay,1099,47,17,real,23.382978723404257,1,135,1.392883427398494,swiglu,4,0.020927999168634415
case_012_real,gsm8k,middle,real_route_replay,1099,47,17,real,23.382978723404257,1,135,1.392883427398494,swiglu,5,0.02284800074994564
case_012_real,gsm8k,middle,real_route_replay,1099,47,17,real,23.382978723404257,1,135,1.392883427398494,swiglu,6,0.023391999304294586
case_012_real,gsm8k,middle,real_route_replay,1099,47,17,real,23.382978723404257,1,135,1.392883427398494,swiglu,7,0.021856000646948814
case_012_real,gsm8k,middle,real_route_replay,1099,47,17,real,23.382978723404257,1,135,1.392883427398494,swiglu,8,0.026079999282956123
case_012_real,gsm8k,middle,real_route_replay,1099,47,17,real,23.382978723404257,1,135,1.392883427398494,swiglu,9,0.022752000018954277
case_012_real,gsm8k,middle,real_route_replay,1099,47,17,real,23.382978723404257,1,135,1.392883427398494,swiglu,10,0.027936000376939774
case_012_real,gsm8k,middle,real_route_replay,1099,47,17,real,23.382978723404257,1,135,1.392883427398494,swiglu,11,0.025407999753952026
case_012_real,gsm8k,middle,real_route_replay,1099,47,17,real,23.382978723404257,1,135,1.392883427398494,swiglu,12,0.024639999493956566
case_012_real,gsm8k,middle,real_route_replay,1099,47,17,real,23.382978723404257,1,135,1.392883427398494,swiglu,13,0.024607999250292778
case_012_real,gsm8k,middle,real_route_replay,1099,47,17,real,23.382978723404257,1,135,1.392883427398494,swiglu,14,0.02051199972629547
case_012_real,gsm8k,middle,real_route_replay,1099,47,17,real,23.382978723404257,1,135,1.392883427398494,swiglu,15,0.020959999412298203
case_012_real,gsm8k,middle,real_route_replay,1099,47,17,real,23.382978723404257,1,135,1.392883427398494,swiglu,16,0.02112000063061714
case_012_real,gsm8k,middle,real_route_replay,1099,47,17,real,23.382978723404257,1,135,1.392883427398494,swiglu,17,0.021056000143289566
case_012_real,gsm8k,middle,real_route_replay,1099,47,17,real,23.382978723404257,1,135,1.392883427398494,swiglu,18,0.020896000787615776
case_012_real,gsm8k,middle,real_route_replay,1099,47,17,real,23.382978723404257,1,135,1.392883427398494,swiglu,19,0.020191999152302742
case_012_real,gsm8k,middle,real_route_replay,1099,47,17,real,23.382978723404257,1,135,1.392883427398494,swiglu,20,0.026208000257611275
case_012_real,gsm8k,middle,real_route_replay,1099,47,17,real,23.382978723404257,1,135,1.392883427398494,swiglu,21,0.023744000121951103
case_012_real,gsm8k,middle,real_route_replay,1099,47,17,real,23.382978723404257,1,135,1.392883427398494,swiglu,22,0.023679999634623528
case_012_real,gsm8k,middle,real_route_replay,1099,47,17,real,23.382978723404257,1,135,1.392883427398494,swiglu,23,0.020320000126957893
case_012_real,gsm8k,middle,real_route_replay,1099,47,17,real,23.382978723404257,1,135,1.392883427398494,swiglu,24,0.020864000543951988
case_012_real,gsm8k,middle,real_route_replay,1099,47,17,real,23.382978723404257,1,135,1.392883427398494,swiglu,25,0.020959999412298203
case_012_real,gsm8k,middle,real_route_replay,1099,47,17,real,23.382978723404257,1,135,1.392883427398494,swiglu,26,0.020447999238967896
case_012_real,gsm8k,middle,real_route_replay,1099,47,17,real,23.382978723404257,1,135,1.392883427398494,swiglu,27,0.02022399939596653
case_012_real,gsm8k,middle,real_route_replay,1099,47,17,real,23.382978723404257,1,135,1.392883427398494,swiglu,28,0.02054399996995926
case_012_real,gsm8k,middle,real_route_replay,1099,47,17,real,23.382978723404257,1,135,1.392883427398494,swiglu,29,0.02236800082027912
case_012_real,gsm8k,middle,real_route_replay,1099,47,17,real,23.382978723404257,1,135,1.392883427398494,swiglu,30,0.02252800017595291
case_012_real,gsm8k,middle,real_route_replay,1099,47,17,real,23.382978723404257,1,135,1.392883427398494,swiglu,31,0.021983999758958817
case_012_real,gsm8k,middle,real_route_replay,1099,47,17,real,23.382978723404257,1,135,1.392883427398494,swiglu,32,0.022816000506281853
case_012_real,gsm8k,middle,real_route_replay,1099,47,17,real,23.382978723404257,1,135,1.392883427398494,swiglu,33,0.021088000386953354
case_012_real,gsm8k,middle,real_route_replay,1099,47,17,real,23.382978723404257,1,135,1.392883427398494,swiglu,34,0.02112000063061714
case_012_real,gsm8k,middle,real_route_replay,1099,47,17,real,23.382978723404257,1,135,1.392883427398494,swiglu,35,0.023072000592947006
case_012_real,gsm8k,middle,real_route_replay,1099,47,17,real,23.382978723404257,1,135,1.392883427398494,swiglu,36,0.021888000890612602
case_012_real,gsm8k,middle,real_route_replay,1099,47,17,real,23.382978723404257,1,135,1.392883427398494,swiglu,37,0.021376000717282295
case_012_real,gsm8k,middle,real_route_replay,1099,47,17,real,23.382978723404257,1,135,1.392883427398494,swiglu,38,0.023552000522613525
case_012_real,gsm8k,middle,real_route_replay,1099,47,17,real,23.382978723404257,1,135,1.392883427398494,swiglu,39,0.027871999889612198
case_012_real,gsm8k,middle,real_route_replay,1099,47,17,real,23.382978723404257,1,135,1.392883427398494,down_full64_prebuilt,0,0.20713600516319275
case_012_real,gsm8k,middle,real_route_replay,1099,47,17,real,23.382978723404257,1,135,1.392883427398494,down_full64_prebuilt,1,0.19923199713230133
case_012_real,gsm8k,middle,real_route_replay,1099,47,17,real,23.382978723404257,1,135,1.392883427398494,down_full64_prebuilt,2,0.19603200256824493
case_012_real,gsm8k,middle,real_route_replay,1099,47,17,real,23.382978723404257,1,135,1.392883427398494,down_full64_prebuilt,3,0.19763199985027313
case_012_real,gsm8k,middle,real_route_replay,1099,47,17,real,23.382978723404257,1,135,1.392883427398494,down_full64_prebuilt,4,0.1950719952583313
case_012_real,gsm8k,middle,real_route_replay,1099,47,17,real,23.382978723404257,1,135,1.392883427398494,down_full64_prebuilt,5,0.19766399264335632
case_012_real,gsm8k,middle,real_route_replay,1099,47,17,real,23.382978723404257,1,135,1.392883427398494,down_full64_prebuilt,6,0.19395199418067932
case_012_real,gsm8k,middle,real_route_replay,1099,47,17,real,23.382978723404257,1,135,1.392883427398494,down_full64_prebuilt,7,0.19763199985027313
case_012_real,gsm8k,middle,real_route_replay,1099,47,17,real,23.382978723404257,1,135,1.392883427398494,down_full64_prebuilt,8,0.2033279985189438
case_012_real,gsm8k,middle,real_route_replay,1099,47,17,real,23.382978723404257,1,135,1.392883427398494,down_full64_prebuilt,9,0.20070399343967438
case_012_real,gsm8k,middle,real_route_replay,1099,47,17,real,23.382978723404257,1,135,1.392883427398494,down_full64_prebuilt,10,0.19523200392723083
case_012_real,gsm8k,middle,real_route_replay,1099,47,17,real,23.382978723404257,1,135,1.392883427398494,down_full64_prebuilt,11,0.19728000462055206
case_012_real,gsm8k,middle,real_route_replay,1099,47,17,real,23.382978723404257,1,135,1.392883427398494,down_full64_prebuilt,12,0.21167999505996704
case_012_real,gsm8k,middle,real_route_replay,1099,47,17,real,23.382978723404257,1,135,1.392883427398494,down_full64_prebuilt,13,0.20108799636363983
case_012_real,gsm8k,middle,real_route_replay,1099,47,17,real,23.382978723404257,1,135,1.392883427398494,down_full64_prebuilt,14,0.19593599438667297
case_012_real,gsm8k,middle,real_route_replay,1099,47,17,real,23.382978723404257,1,135,1.392883427398494,down_full64_prebuilt,15,0.19779199361801147
case_012_real,gsm8k,middle,real_route_replay,1099,47,17,real,23.382978723404257,1,135,1.392883427398494,down_full64_prebuilt,16,0.19993600249290466
case_012_real,gsm8k,middle,real_route_replay,1099,47,17,real,23.382978723404257,1,135,1.392883427398494,down_full64_prebuilt,17,0.1955839991569519
case_012_real,gsm8k,middle,real_route_replay,1099,47,17,real,23.382978723404257,1,135,1.392883427398494,down_full64_prebuilt,18,0.19564799964427948
case_012_real,gsm8k,middle,real_route_replay,1099,47,17,real,23.382978723404257,1,135,1.392883427398494,down_full64_prebuilt,19,0.1968960016965866
case_012_real,gsm8k,middle,real_route_replay,1099,47,17,real,23.382978723404257,1,135,1.392883427398494,down_full64_prebuilt,20,0.19862399995326996
case_012_real,gsm8k,middle,real_route_replay,1099,47,17,real,23.382978723404257,1,135,1.392883427398494,down_full64_prebuilt,21,0.1998720020055771
case_012_real,gsm8k,middle,real_route_replay,1099,47,17,real,23.382978723404257,1,135,1.392883427398494,down_full64_prebuilt,22,0.19564799964427948
case_012_real,gsm8k,middle,real_route_replay,1099,47,17,real,23.382978723404257,1,135,1.392883427398494,down_full64_prebuilt,23,0.2091519981622696
case_012_real,gsm8k,middle,real_route_replay,1099,47,17,real,23.382978723404257,1,135,1.392883427398494,down_full64_prebuilt,24,0.20643199980258942
case_012_real,gsm8k,middle,real_route_replay,1099,47,17,real,23.382978723404257,1,135,1.392883427398494,down_full64_prebuilt,25,0.21481600403785706
case_012_real,gsm8k,middle,real_route_replay,1099,47,17,real,23.382978723404257,1,135,1.392883427398494,down_full64_prebuilt,26,0.21302400529384613
case_012_real,gsm8k,middle,real_route_replay,1099,47,17,real,23.382978723404257,1,135,1.392883427398494,down_full64_prebuilt,27,0.212351992726326
case_012_real,gsm8k,middle,real_route_replay,1099,47,17,real,23.382978723404257,1,135,1.392883427398494,down_full64_prebuilt,28,0.2107519954442978
case_012_real,gsm8k,middle,real_route_replay,1099,47,17,real,23.382978723404257,1,135,1.392883427398494,down_full64_prebuilt,29,0.21436800062656403
case_012_real,gsm8k,middle,real_route_replay,1099,47,17,real,23.382978723404257,1,135,1.392883427398494,down_full64_prebuilt,30,0.2046079933643341
case_012_real,gsm8k,middle,real_route_replay,1099,47,17,real,23.382978723404257,1,135,1.392883427398494,down_full64_prebuilt,31,0.20230400562286377
case_012_real,gsm8k,middle,real_route_replay,1099,47,17,real,23.382978723404257,1,135,1.392883427398494,down_full64_prebuilt,32,0.21040000021457672
case_012_real,gsm8k,middle,real_route_replay,1099,47,17,real,23.382978723404257,1,135,1.392883427398494,down_full64_prebuilt,33,0.19871999323368073
case_012_real,gsm8k,middle,real_route_replay,1099,47,17,real,23.382978723404257,1,135,1.392883427398494,down_full64_prebuilt,34,0.19734400510787964
case_012_real,gsm8k,middle,real_route_replay,1099,47,17,real,23.382978723404257,1,135,1.392883427398494,down_full64_prebuilt,35,0.1990399956703186
case_012_real,gsm8k,middle,real_route_replay,1099,47,17,real,23.382978723404257,1,135,1.392883427398494,down_full64_prebuilt,36,0.1966720074415207
case_012_real,gsm8k,middle,real_route_replay,1099,47,17,real,23.382978723404257,1,135,1.392883427398494,down_full64_prebuilt,37,0.19436800479888916
case_012_real,gsm8k,middle,real_route_replay,1099,47,17,real,23.382978723404257,1,135,1.392883427398494,down_full64_prebuilt,38,0.19526399672031403
case_012_real,gsm8k,middle,real_route_replay,1099,47,17,real,23.382978723404257,1,135,1.392883427398494,down_full64_prebuilt,39,0.1950400024652481
case_013_real,gsm8k,middle,real_route_replay,615,44,20,real,13.977272727272727,1,83,1.3026683922553388,gate_up_active_prebuilt,0,0.3115200102329254
case_013_real,gsm8k,middle,real_route_replay,615,44,20,real,13.977272727272727,1,83,1.3026683922553388,gate_up_active_prebuilt,1,0.29868799448013306
case_013_real,gsm8k,middle,real_route_replay,615,44,20,real,13.977272727272727,1,83,1.3026683922553388,gate_up_active_prebuilt,2,0.2951039969921112
case_013_real,gsm8k,middle,real_route_replay,615,44,20,real,13.977272727272727,1,83,1.3026683922553388,gate_up_active_prebuilt,3,0.2900480031967163
case_013_real,gsm8k,middle,real_route_replay,615,44,20,real,13.977272727272727,1,83,1.3026683922553388,gate_up_active_prebuilt,4,0.290912002325058
case_013_real,gsm8k,middle,real_route_replay,615,44,20,real,13.977272727272727,1,83,1.3026683922553388,gate_up_active_prebuilt,5,0.29020801186561584
case_013_real,gsm8k,middle,real_route_replay,615,44,20,real,13.977272727272727,1,83,1.3026683922553388,gate_up_active_prebuilt,6,0.29183998703956604
case_013_real,gsm8k,middle,real_route_replay,615,44,20,real,13.977272727272727,1,83,1.3026683922553388,gate_up_active_prebuilt,7,0.2895680069923401
case_013_real,gsm8k,middle,real_route_replay,615,44,20,real,13.977272727272727,1,83,1.3026683922553388,gate_up_active_prebuilt,8,0.28969600796699524
case_013_real,gsm8k,middle,real_route_replay,615,44,20,real,13.977272727272727,1,83,1.3026683922553388,gate_up_active_prebuilt,9,0.29075199365615845
case_013_real,gsm8k,middle,real_route_replay,615,44,20,real,13.977272727272727,1,83,1.3026683922553388,gate_up_active_prebuilt,10,0.29155200719833374
case_013_real,gsm8k,middle,real_route_replay,615,44,20,real,13.977272727272727,1,83,1.3026683922553388,gate_up_active_prebuilt,11,0.29183998703956604
case_013_real,gsm8k,middle,real_route_replay,615,44,20,real,13.977272727272727,1,83,1.3026683922553388,gate_up_active_prebuilt,12,0.2956799864768982
case_013_real,gsm8k,middle,real_route_replay,615,44,20,real,13.977272727272727,1,83,1.3026683922553388,gate_up_active_prebuilt,13,0.29052799940109253
case_013_real,gsm8k,middle,real_route_replay,615,44,20,real,13.977272727272727,1,83,1.3026683922553388,gate_up_active_prebuilt,14,0.2945280075073242
case_013_real,gsm8k,middle,real_route_replay,615,44,20,real,13.977272727272727,1,83,1.3026683922553388,gate_up_active_prebuilt,15,0.2916800081729889
case_013_real,gsm8k,middle,real_route_replay,615,44,20,real,13.977272727272727,1,83,1.3026683922553388,gate_up_active_prebuilt,16,0.292959988117218
case_013_real,gsm8k,middle,real_route_replay,615,44,20,real,13.977272727272727,1,83,1.3026683922553388,gate_up_active_prebuilt,17,0.29423999786376953
case_013_real,gsm8k,middle,real_route_replay,615,44,20,real,13.977272727272727,1,83,1.3026683922553388,gate_up_active_prebuilt,18,0.2918719947338104
case_013_real,gsm8k,middle,real_route_replay,615,44,20,real,13.977272727272727,1,83,1.3026683922553388,gate_up_active_prebuilt,19,0.29238399863243103
case_013_real,gsm8k,middle,real_route_replay,615,44,20,real,13.977272727272727,1,83,1.3026683922553388,gate_up_active_prebuilt,20,0.29420799016952515
case_013_real,gsm8k,middle,real_route_replay,615,44,20,real,13.977272727272727,1,83,1.3026683922553388,gate_up_active_prebuilt,21,0.2931840121746063
case_013_real,gsm8k,middle,real_route_replay,615,44,20,real,13.977272727272727,1,83,1.3026683922553388,gate_up_active_prebuilt,22,0.2941119968891144
case_013_real,gsm8k,middle,real_route_replay,615,44,20,real,13.977272727272727,1,83,1.3026683922553388,gate_up_active_prebuilt,23,0.29311999678611755
case_013_real,gsm8k,middle,real_route_replay,615,44,20,real,13.977272727272727,1,83,1.3026683922553388,gate_up_active_prebuilt,24,0.2900800108909607
case_013_real,gsm8k,middle,real_route_replay,615,44,20,real,13.977272727272727,1,83,1.3026683922553388,gate_up_active_prebuilt,25,0.2908799946308136
case_013_real,gsm8k,middle,real_route_replay,615,44,20,real,13.977272727272727,1,83,1.3026683922553388,gate_up_active_prebuilt,26,0.28940799832344055
case_013_real,gsm8k,middle,real_route_replay,615,44,20,real,13.977272727272727,1,83,1.3026683922553388,gate_up_active_prebuilt,27,0.29043200612068176
case_013_real,gsm8k,middle,real_route_replay,615,44,20,real,13.977272727272727,1,83,1.3026683922553388,gate_up_active_prebuilt,28,0.29395198822021484
case_013_real,gsm8k,middle,real_route_replay,615,44,20,real,13.977272727272727,1,83,1.3026683922553388,gate_up_active_prebuilt,29,0.28998398780822754
case_013_real,gsm8k,middle,real_route_replay,615,44,20,real,13.977272727272727,1,83,1.3026683922553388,gate_up_active_prebuilt,30,0.2913280129432678
case_013_real,gsm8k,middle,real_route_replay,615,44,20,real,13.977272727272727,1,83,1.3026683922553388,gate_up_active_prebuilt,31,0.2938239872455597
case_013_real,gsm8k,middle,real_route_replay,615,44,20,real,13.977272727272727,1,83,1.3026683922553388,gate_up_active_prebuilt,32,0.2927359938621521
case_013_real,gsm8k,middle,real_route_replay,615,44,20,real,13.977272727272727,1,83,1.3026683922553388,gate_up_active_prebuilt,33,0.29526400566101074
case_013_real,gsm8k,middle,real_route_replay,615,44,20,real,13.977272727272727,1,83,1.3026683922553388,gate_up_active_prebuilt,34,0.2932800054550171
case_013_real,gsm8k,middle,real_route_replay,615,44,20,real,13.977272727272727,1,83,1.3026683922553388,gate_up_active_prebuilt,35,0.2935679852962494
case_013_real,gsm8k,middle,real_route_replay,615,44,20,real,13.977272727272727,1,83,1.3026683922553388,gate_up_active_prebuilt,36,0.2955839931964874
case_013_real,gsm8k,middle,real_route_replay,615,44,20,real,13.977272727272727,1,83,1.3026683922553388,gate_up_active_prebuilt,37,0.29392001032829285
case_013_real,gsm8k,middle,real_route_replay,615,44,20,real,13.977272727272727,1,83,1.3026683922553388,gate_up_active_prebuilt,38,0.2963840067386627
case_013_real,gsm8k,middle,real_route_replay,615,44,20,real,13.977272727272727,1,83,1.3026683922553388,gate_up_active_prebuilt,39,0.29715201258659363
case_013_real,gsm8k,middle,real_route_replay,615,44,20,real,13.977272727272727,1,83,1.3026683922553388,swiglu,0,0.04761600121855736
case_013_real,gsm8k,middle,real_route_replay,615,44,20,real,13.977272727272727,1,83,1.3026683922553388,swiglu,1,0.03564799949526787
case_013_real,gsm8k,middle,real_route_replay,615,44,20,real,13.977272727272727,1,83,1.3026683922553388,swiglu,2,0.04604800045490265
case_013_real,gsm8k,middle,real_route_replay,615,44,20,real,13.977272727272727,1,83,1.3026683922553388,swiglu,3,0.032607998698949814
case_013_real,gsm8k,middle,real_route_replay,615,44,20,real,13.977272727272727,1,83,1.3026683922553388,swiglu,4,0.0469760000705719
case_013_real,gsm8k,middle,real_route_replay,615,44,20,real,13.977272727272727,1,83,1.3026683922553388,swiglu,5,0.03232000023126602
case_013_real,gsm8k,middle,real_route_replay,615,44,20,real,13.977272727272727,1,83,1.3026683922553388,swiglu,6,0.034623999148607254
case_013_real,gsm8k,middle,real_route_replay,615,44,20,real,13.977272727272727,1,83,1.3026683922553388,swiglu,7,0.03190400078892708
case_013_real,gsm8k,middle,real_route_replay,615,44,20,real,13.977272727272727,1,83,1.3026683922553388,swiglu,8,0.029600000008940697
case_013_real,gsm8k,middle,real_route_replay,615,44,20,real,13.977272727272727,1,83,1.3026683922553388,swiglu,9,0.028704000636935234
case_013_real,gsm8k,middle,real_route_replay,615,44,20,real,13.977272727272727,1,83,1.3026683922553388,swiglu,10,0.029952000826597214
case_013_real,gsm8k,middle,real_route_replay,615,44,20,real,13.977272727272727,1,83,1.3026683922553388,swiglu,11,0.036928001791238785
case_013_real,gsm8k,middle,real_route_replay,615,44,20,real,13.977272727272727,1,83,1.3026683922553388,swiglu,12,0.03497600182890892
case_013_real,gsm8k,middle,real_route_replay,615,44,20,real,13.977272727272727,1,83,1.3026683922553388,swiglu,13,0.03417599946260452
case_013_real,gsm8k,middle,real_route_replay,615,44,20,real,13.977272727272727,1,83,1.3026683922553388,swiglu,14,0.023584000766277313
case_013_real,gsm8k,middle,real_route_replay,615,44,20,real,13.977272727272727,1,83,1.3026683922553388,swiglu,15,0.02175999991595745
case_013_real,gsm8k,middle,real_route_replay,615,44,20,real,13.977272727272727,1,83,1.3026683922553388,swiglu,16,0.021215999498963356
case_013_real,gsm8k,middle,real_route_replay,615,44,20,real,13.977272727272727,1,83,1.3026683922553388,swiglu,17,0.020608000457286835
case_013_real,gsm8k,middle,real_route_replay,615,44,20,real,13.977272727272727,1,83,1.3026683922553388,swiglu,18,0.02070399932563305
case_013_real,gsm8k,middle,real_route_replay,615,44,20,real,13.977272727272727,1,83,1.3026683922553388,swiglu,19,0.020160000771284103
case_013_real,gsm8k,middle,real_route_replay,615,44,20,real,13.977272727272727,1,83,1.3026683922553388,swiglu,20,0.023135999217629433
case_013_real,gsm8k,middle,real_route_replay,615,44,20,real,13.977272727272727,1,83,1.3026683922553388,swiglu,21,0.02643200010061264
case_013_real,gsm8k,middle,real_route_replay,615,44,20,real,13.977272727272727,1,83,1.3026683922553388,swiglu,22,0.02377600036561489
case_013_real,gsm8k,middle,real_route_replay,615,44,20,real,13.977272727272727,1,83,1.3026683922553388,swiglu,23,0.02022399939596653
case_013_real,gsm8k,middle,real_route_replay,615,44,20,real,13.977272727272727,1,83,1.3026683922553388,swiglu,24,0.020767999812960625
case_013_real,gsm8k,middle,real_route_replay,615,44,20,real,13.977272727272727,1,83,1.3026683922553388,swiglu,25,0.020128000527620316
case_013_real,gsm8k,middle,real_route_replay,615,44,20,real,13.977272727272727,1,83,1.3026683922553388,swiglu,26,0.021344000473618507
case_013_real,gsm8k,middle,real_route_replay,615,44,20,real,13.977272727272727,1,83,1.3026683922553388,swiglu,27,0.02236800082027912
case_013_real,gsm8k,middle,real_route_replay,615,44,20,real,13.977272727272727,1,83,1.3026683922553388,swiglu,28,0.022592000663280487
case_013_real,gsm8k,middle,real_route_replay,615,44,20,real,13.977272727272727,1,83,1.3026683922553388,swiglu,29,0.019680000841617584
case_013_real,gsm8k,middle,real_route_replay,615,44,20,real,13.977272727272727,1,83,1.3026683922553388,swiglu,30,0.020447999238967896
case_013_real,gsm8k,middle,real_route_replay,615,44,20,real,13.977272727272727,1,83,1.3026683922553388,swiglu,31,0.020128000527620316
case_013_real,gsm8k,middle,real_route_replay,615,44,20,real,13.977272727272727,1,83,1.3026683922553388,swiglu,32,0.03171199932694435
case_013_real,gsm8k,middle,real_route_replay,615,44,20,real,13.977272727272727,1,83,1.3026683922553388,swiglu,33,0.022143999114632607
case_013_real,gsm8k,middle,real_route_replay,615,44,20,real,13.977272727272727,1,83,1.3026683922553388,swiglu,34,0.02067199908196926
case_013_real,gsm8k,middle,real_route_replay,615,44,20,real,13.977272727272727,1,83,1.3026683922553388,swiglu,35,0.020128000527620316
case_013_real,gsm8k,middle,real_route_replay,615,44,20,real,13.977272727272727,1,83,1.3026683922553388,swiglu,36,0.020191999152302742
case_013_real,gsm8k,middle,real_route_replay,615,44,20,real,13.977272727272727,1,83,1.3026683922553388,swiglu,37,0.019936000928282738
case_013_real,gsm8k,middle,real_route_replay,615,44,20,real,13.977272727272727,1,83,1.3026683922553388,swiglu,38,0.02160000056028366
case_013_real,gsm8k,middle,real_route_replay,615,44,20,real,13.977272727272727,1,83,1.3026683922553388,swiglu,39,0.021056000143289566
case_013_real,gsm8k,middle,real_route_replay,615,44,20,real,13.977272727272727,1,83,1.3026683922553388,down_full64_prebuilt,0,0.18758399784564972
case_013_real,gsm8k,middle,real_route_replay,615,44,20,real,13.977272727272727,1,83,1.3026683922553388,down_full64_prebuilt,1,0.18384000658988953
case_013_real,gsm8k,middle,real_route_replay,615,44,20,real,13.977272727272727,1,83,1.3026683922553388,down_full64_prebuilt,2,0.18438400328159332
case_013_real,gsm8k,middle,real_route_replay,615,44,20,real,13.977272727272727,1,83,1.3026683922553388,down_full64_prebuilt,3,0.18691200017929077
case_013_real,gsm8k,middle,real_route_replay,615,44,20,real,13.977272727272727,1,83,1.3026683922553388,down_full64_prebuilt,4,0.18598400056362152
case_013_real,gsm8k,middle,real_route_replay,615,44,20,real,13.977272727272727,1,83,1.3026683922553388,down_full64_prebuilt,5,0.18489600718021393
case_013_real,gsm8k,middle,real_route_replay,615,44,20,real,13.977272727272727,1,83,1.3026683922553388,down_full64_prebuilt,6,0.18409599363803864
case_013_real,gsm8k,middle,real_route_replay,615,44,20,real,13.977272727272727,1,83,1.3026683922553388,down_full64_prebuilt,7,0.18809600174427032
case_013_real,gsm8k,middle,real_route_replay,615,44,20,real,13.977272727272727,1,83,1.3026683922553388,down_full64_prebuilt,8,0.18617600202560425
case_013_real,gsm8k,middle,real_route_replay,615,44,20,real,13.977272727272727,1,83,1.3026683922553388,down_full64_prebuilt,9,0.18697600066661835
case_013_real,gsm8k,middle,real_route_replay,615,44,20,real,13.977272727272727,1,83,1.3026683922553388,down_full64_prebuilt,10,0.18796800076961517
case_013_real,gsm8k,middle,real_route_replay,615,44,20,real,13.977272727272727,1,83,1.3026683922553388,down_full64_prebuilt,11,0.18719999492168427
case_013_real,gsm8k,middle,real_route_replay,615,44,20,real,13.977272727272727,1,83,1.3026683922553388,down_full64_prebuilt,12,0.18732799589633942
case_013_real,gsm8k,middle,real_route_replay,615,44,20,real,13.977272727272727,1,83,1.3026683922553388,down_full64_prebuilt,13,0.18374399840831757
case_013_real,gsm8k,middle,real_route_replay,615,44,20,real,13.977272727272727,1,83,1.3026683922553388,down_full64_prebuilt,14,0.18966400623321533
case_013_real,gsm8k,middle,real_route_replay,615,44,20,real,13.977272727272727,1,83,1.3026683922553388,down_full64_prebuilt,15,0.1913280040025711
case_013_real,gsm8k,middle,real_route_replay,615,44,20,real,13.977272727272727,1,83,1.3026683922553388,down_full64_prebuilt,16,0.18719999492168427
case_013_real,gsm8k,middle,real_route_replay,615,44,20,real,13.977272727272727,1,83,1.3026683922553388,down_full64_prebuilt,17,0.1876479983329773
case_013_real,gsm8k,middle,real_route_replay,615,44,20,real,13.977272727272727,1,83,1.3026683922553388,down_full64_prebuilt,18,0.18265600502490997
case_013_real,gsm8k,middle,real_route_replay,615,44,20,real,13.977272727272727,1,83,1.3026683922553388,down_full64_prebuilt,19,0.18569600582122803
case_013_real,gsm8k,middle,real_route_replay,615,44,20,real,13.977272727272727,1,83,1.3026683922553388,down_full64_prebuilt,20,0.18719999492168427
case_013_real,gsm8k,middle,real_route_replay,615,44,20,real,13.977272727272727,1,83,1.3026683922553388,down_full64_prebuilt,21,0.18636800348758698
case_013_real,gsm8k,middle,real_route_replay,615,44,20,real,13.977272727272727,1,83,1.3026683922553388,down_full64_prebuilt,22,0.1844799965620041
case_013_real,gsm8k,middle,real_route_replay,615,44,20,real,13.977272727272727,1,83,1.3026683922553388,down_full64_prebuilt,23,0.1857919991016388
case_013_real,gsm8k,middle,real_route_replay,615,44,20,real,13.977272727272727,1,83,1.3026683922553388,down_full64_prebuilt,24,0.18694399297237396
case_013_real,gsm8k,middle,real_route_replay,615,44,20,real,13.977272727272727,1,83,1.3026683922553388,down_full64_prebuilt,25,0.1876160055398941
case_013_real,gsm8k,middle,real_route_replay,615,44,20,real,13.977272727272727,1,83,1.3026683922553388,down_full64_prebuilt,26,0.18940800428390503
case_013_real,gsm8k,middle,real_route_replay,615,44,20,real,13.977272727272727,1,83,1.3026683922553388,down_full64_prebuilt,27,0.18886399269104004
case_013_real,gsm8k,middle,real_route_replay,615,44,20,real,13.977272727272727,1,83,1.3026683922553388,down_full64_prebuilt,28,0.18911999464035034
case_013_real,gsm8k,middle,real_route_replay,615,44,20,real,13.977272727272727,1,83,1.3026683922553388,down_full64_prebuilt,29,0.18563200533390045
case_013_real,gsm8k,middle,real_route_replay,615,44,20,real,13.977272727272727,1,83,1.3026683922553388,down_full64_prebuilt,30,0.19100800156593323
case_013_real,gsm8k,middle,real_route_replay,615,44,20,real,13.977272727272727,1,83,1.3026683922553388,down_full64_prebuilt,31,0.18697600066661835
case_013_real,gsm8k,middle,real_route_replay,615,44,20,real,13.977272727272727,1,83,1.3026683922553388,down_full64_prebuilt,32,0.18783999979496002
case_013_real,gsm8k,middle,real_route_replay,615,44,20,real,13.977272727272727,1,83,1.3026683922553388,down_full64_prebuilt,33,0.18886399269104004
case_013_real,gsm8k,middle,real_route_replay,615,44,20,real,13.977272727272727,1,83,1.3026683922553388,down_full64_prebuilt,34,0.19062399864196777
case_013_real,gsm8k,middle,real_route_replay,615,44,20,real,13.977272727272727,1,83,1.3026683922553388,down_full64_prebuilt,35,0.18617600202560425
case_013_real,gsm8k,middle,real_route_replay,615,44,20,real,13.977272727272727,1,83,1.3026683922553388,down_full64_prebuilt,36,0.18502399325370789
case_013_real,gsm8k,middle,real_route_replay,615,44,20,real,13.977272727272727,1,83,1.3026683922553388,down_full64_prebuilt,37,0.18595199286937714
case_013_real,gsm8k,middle,real_route_replay,615,44,20,real,13.977272727272727,1,83,1.3026683922553388,down_full64_prebuilt,38,0.18857599794864655
case_013_real,gsm8k,middle,real_route_replay,615,44,20,real,13.977272727272727,1,83,1.3026683922553388,down_full64_prebuilt,39,0.1884479969739914
case_013_real,gsm8k,middle,real_route_replay,615,44,20,real,13.977272727272727,1,83,1.3026683922553388,route_weight,0,0.03446400165557861
case_013_real,gsm8k,middle,real_route_replay,615,44,20,real,13.977272727272727,1,83,1.3026683922553388,route_weight,1,0.028831999748945236
case_013_real,gsm8k,middle,real_route_replay,615,44,20,real,13.977272727272727,1,83,1.3026683922553388,route_weight,2,0.022112000733613968
case_013_real,gsm8k,middle,real_route_replay,615,44,20,real,13.977272727272727,1,83,1.3026683922553388,route_weight,3,0.022975999861955643
case_013_real,gsm8k,middle,real_route_replay,615,44,20,real,13.977272727272727,1,83,1.3026683922553388,route_weight,4,0.022143999114632607
case_013_real,gsm8k,middle,real_route_replay,615,44,20,real,13.977272727272727,1,83,1.3026683922553388,route_weight,5,0.021183999255299568
case_013_real,gsm8k,middle,real_route_replay,615,44,20,real,13.977272727272727,1,83,1.3026683922553388,route_weight,6,0.023104000836610794
case_013_real,gsm8k,middle,real_route_replay,615,44,20,real,13.977272727272727,1,83,1.3026683922553388,route_weight,7,0.02099199965596199
case_013_real,gsm8k,middle,real_route_replay,615,44,20,real,13.977272727272727,1,83,1.3026683922553388,route_weight,8,0.02579200081527233
case_013_real,gsm8k,middle,real_route_replay,615,44,20,real,13.977272727272727,1,83,1.3026683922553388,route_weight,9,0.029888000339269638
case_013_real,gsm8k,middle,real_route_replay,615,44,20,real,13.977272727272727,1,83,1.3026683922553388,route_weight,10,0.024383999407291412
case_013_real,gsm8k,middle,real_route_replay,615,44,20,real,13.977272727272727,1,83,1.3026683922553388,route_weight,11,0.024191999807953835
case_013_real,gsm8k,middle,real_route_replay,615,44,20,real,13.977272727272727,1,83,1.3026683922553388,route_weight,12,0.02579200081527233
case_013_real,gsm8k,middle,real_route_replay,615,44,20,real,13.977272727272727,1,83,1.3026683922553388,route_weight,13,0.021023999899625778
case_013_real,gsm8k,middle,real_route_replay,615,44,20,real,13.977272727272727,1,83,1.3026683922553388,route_weight,14,0.020864000543951988
case_013_real,gsm8k,middle,real_route_replay,615,44,20,real,13.977272727272727,1,83,1.3026683922553388,route_weight,15,0.022624000906944275
case_013_real,gsm8k,middle,real_route_replay,615,44,20,real,13.977272727272727,1,83,1.3026683922553388,route_weight,16,0.021888000890612602
case_013_real,gsm8k,middle,real_route_replay,615,44,20,real,13.977272727272727,1,83,1.3026683922553388,route_weight,17,0.02143999934196472
case_013_real,gsm8k,middle,real_route_replay,615,44,20,real,13.977272727272727,1,83,1.3026683922553388,route_weight,18,0.025631999596953392
case_013_real,gsm8k,middle,real_route_replay,615,44,20,real,13.977272727272727,1,83,1.3026683922553388,route_weight,19,0.0226879995316267
case_013_real,gsm8k,middle,real_route_replay,615,44,20,real,13.977272727272727,1,83,1.3026683922553388,route_weight,20,0.021568000316619873
case_013_real,gsm8k,middle,real_route_replay,615,44,20,real,13.977272727272727,1,83,1.3026683922553388,route_weight,21,0.02127999998629093
case_013_real,gsm8k,middle,real_route_replay,615,44,20,real,13.977272727272727,1,83,1.3026683922553388,route_weight,22,0.022112000733613968
case_013_real,gsm8k,middle,real_route_replay,615,44,20,real,13.977272727272727,1,83,1.3026683922553388,route_weight,23,0.02070399932563305
case_013_real,gsm8k,middle,real_route_replay,615,44,20,real,13.977272727272727,1,83,1.3026683922553388,route_weight,24,0.024383999407291412
case_013_real,gsm8k,middle,real_route_replay,615,44,20,real,13.977272727272727,1,83,1.3026683922553388,route_weight,25,0.02208000048995018
case_013_real,gsm8k,middle,real_route_replay,615,44,20,real,13.977272727272727,1,83,1.3026683922553388,route_weight,26,0.022624000906944275
case_013_real,gsm8k,middle,real_route_replay,615,44,20,real,13.977272727272727,1,83,1.3026683922553388,route_weight,27,0.025119999423623085
case_013_real,gsm8k,middle,real_route_replay,615,44,20,real,13.977272727272727,1,83,1.3026683922553388,route_weight,28,0.02300800010561943
case_013_real,gsm8k,middle,real_route_replay,615,44,20,real,13.977272727272727,1,83,1.3026683922553388,route_weight,29,0.01817600056529045
case_013_real,gsm8k,middle,real_route_replay,615,44,20,real,13.977272727272727,1,83,1.3026683922553388,route_weight,30,0.01759999990463257
case_013_real,gsm8k,middle,real_route_replay,615,44,20,real,13.977272727272727,1,83,1.3026683922553388,route_weight,31,0.018239999189972878
case_013_real,gsm8k,middle,real_route_replay,615,44,20,real,13.977272727272727,1,83,1.3026683922553388,route_weight,32,0.016383999958634377
case_013_real,gsm8k,middle,real_route_replay,615,44,20,real,13.977272727272727,1,83,1.3026683922553388,route_weight,33,0.015296000055968761
case_013_real,gsm8k,middle,real_route_replay,615,44,20,real,13.977272727272727,1,83,1.3026683922553388,route_weight,34,0.014720000326633453
case_013_real,gsm8k,middle,real_route_replay,615,44,20,real,13.977272727272727,1,83,1.3026683922553388,route_weight,35,0.015135999768972397
case_013_real,gsm8k,middle,real_route_replay,615,44,20,real,13.977272727272727,1,83,1.3026683922553388,route_weight,36,0.015200000256299973
case_013_real,gsm8k,middle,real_route_replay,615,44,20,real,13.977272727272727,1,83,1.3026683922553388,route_weight,37,0.01548799965530634
case_013_real,gsm8k,middle,real_route_replay,615,44,20,real,13.977272727272727,1,83,1.3026683922553388,route_weight,38,0.019967999309301376
case_013_real,gsm8k,middle,real_route_replay,615,44,20,real,13.977272727272727,1,83,1.3026683922553388,route_weight,39,0.016831999644637108
case_013_real,gsm8k,middle,real_route_replay,615,44,20,real,13.977272727272727,1,83,1.3026683922553388,down_active_prebuilt,0,0.20047999918460846
case_013_real,gsm8k,middle,real_route_replay,615,44,20,real,13.977272727272727,1,83,1.3026683922553388,down_active_prebuilt,1,0.1855040043592453
case_013_real,gsm8k,middle,real_route_replay,615,44,20,real,13.977272727272727,1,83,1.3026683922553388,down_active_prebuilt,2,0.18355199694633484
case_013_real,gsm8k,middle,real_route_replay,615,44,20,real,13.977272727272727,1,83,1.3026683922553388,down_active_prebuilt,3,0.18880000710487366
case_013_real,gsm8k,middle,real_route_replay,615,44,20,real,13.977272727272727,1,83,1.3026683922553388,down_active_prebuilt,4,0.18758399784564972
case_013_real,gsm8k,middle,real_route_replay,615,44,20,real,13.977272727272727,1,83,1.3026683922553388,down_active_prebuilt,5,0.18675200641155243
case_013_real,gsm8k,middle,real_route_replay,615,44,20,real,13.977272727272727,1,83,1.3026683922553388,down_active_prebuilt,6,0.1849920004606247
case_013_real,gsm8k,middle,real_route_replay,615,44,20,real,13.977272727272727,1,83,1.3026683922553388,down_active_prebuilt,7,0.19017599523067474
case_013_real,gsm8k,middle,real_route_replay,615,44,20,real,13.977272727272727,1,83,1.3026683922553388,down_active_prebuilt,8,0.18582400679588318
case_013_real,gsm8k,middle,real_route_replay,615,44,20,real,13.977272727272727,1,83,1.3026683922553388,down_active_prebuilt,9,0.18774400651454926
case_013_real,gsm8k,middle,real_route_replay,615,44,20,real,13.977272727272727,1,83,1.3026683922553388,down_active_prebuilt,10,0.18681600689888
case_013_real,gsm8k,middle,real_route_replay,615,44,20,real,13.977272727272727,1,83,1.3026683922553388,down_active_prebuilt,11,0.18556800484657288
case_013_real,gsm8k,middle,real_route_replay,615,44,20,real,13.977272727272727,1,83,1.3026683922553388,down_active_prebuilt,12,0.18704000115394592
case_013_real,gsm8k,middle,real_route_replay,615,44,20,real,13.977272727272727,1,83,1.3026683922553388,down_active_prebuilt,13,0.19235199689865112
case_013_real,gsm8k,middle,real_route_replay,615,44,20,real,13.977272727272727,1,83,1.3026683922553388,down_active_prebuilt,14,0.18563200533390045
case_013_real,gsm8k,middle,real_route_replay,615,44,20,real,13.977272727272727,1,83,1.3026683922553388,down_active_prebuilt,15,0.19174399971961975
case_013_real,gsm8k,middle,real_route_replay,615,44,20,real,13.977272727272727,1,83,1.3026683922553388,down_active_prebuilt,16,0.1849920004606247
case_013_real,gsm8k,middle,real_route_replay,615,44,20,real,13.977272727272727,1,83,1.3026683922553388,down_active_prebuilt,17,0.19513599574565887
case_013_real,gsm8k,middle,real_route_replay,615,44,20,real,13.977272727272727,1,83,1.3026683922553388,down_active_prebuilt,18,0.20553599298000336
case_013_real,gsm8k,middle,real_route_replay,615,44,20,real,13.977272727272727,1,83,1.3026683922553388,down_active_prebuilt,19,0.19753600656986237
case_013_real,gsm8k,middle,real_route_replay,615,44,20,real,13.977272727272727,1,83,1.3026683922553388,down_active_prebuilt,20,0.19228799641132355
case_013_real,gsm8k,middle,real_route_replay,615,44,20,real,13.977272727272727,1,83,1.3026683922553388,down_active_prebuilt,21,0.19420799612998962
case_013_real,gsm8k,middle,real_route_replay,615,44,20,real,13.977272727272727,1,83,1.3026683922553388,down_active_prebuilt,22,0.19414399564266205
case_013_real,gsm8k,middle,real_route_replay,615,44,20,real,13.977272727272727,1,83,1.3026683922553388,down_active_prebuilt,23,0.18825599551200867
case_013_real,gsm8k,middle,real_route_replay,615,44,20,real,13.977272727272727,1,83,1.3026683922553388,down_active_prebuilt,24,0.18646399676799774
case_013_real,gsm8k,middle,real_route_replay,615,44,20,real,13.977272727272727,1,83,1.3026683922553388,down_active_prebuilt,25,0.18624000251293182
case_013_real,gsm8k,middle,real_route_replay,615,44,20,real,13.977272727272727,1,83,1.3026683922553388,down_active_prebuilt,26,0.18598400056362152
case_013_real,gsm8k,middle,real_route_replay,615,44,20,real,13.977272727272727,1,83,1.3026683922553388,down_active_prebuilt,27,0.18719999492168427
case_013_real,gsm8k,middle,real_route_replay,615,44,20,real,13.977272727272727,1,83,1.3026683922553388,down_active_prebuilt,28,0.18704000115394592
case_013_real,gsm8k,middle,real_route_replay,615,44,20,real,13.977272727272727,1,83,1.3026683922553388,down_active_prebuilt,29,0.190528005361557
case_013_real,gsm8k,middle,real_route_replay,615,44,20,real,13.977272727272727,1,83,1.3026683922553388,down_active_prebuilt,30,0.18611200153827667
case_013_real,gsm8k,middle,real_route_replay,615,44,20,real,13.977272727272727,1,83,1.3026683922553388,down_active_prebuilt,31,0.18582400679588318
case_013_real,gsm8k,middle,real_route_replay,615,44,20,real,13.977272727272727,1,83,1.3026683922553388,down_active_prebuilt,32,0.1895039975643158
case_013_real,gsm8k,middle,real_route_replay,615,44,20,real,13.977272727272727,1,83,1.3026683922553388,down_active_prebuilt,33,0.19113600254058838
case_013_real,gsm8k,middle,real_route_replay,615,44,20,real,13.977272727272727,1,83,1.3026683922553388,down_active_prebuilt,34,0.19075199961662292
case_013_real,gsm8k,middle,real_route_replay,615,44,20,real,13.977272727272727,1,83,1.3026683922553388,down_active_prebuilt,35,0.18943999707698822
case_013_real,gsm8k,middle,real_route_replay,615,44,20,real,13.977272727272727,1,83,1.3026683922553388,down_active_prebuilt,36,0.18361599743366241
case_013_real,gsm8k,middle,real_route_replay,615,44,20,real,13.977272727272727,1,83,1.3026683922553388,down_active_prebuilt,37,0.18755200505256653
case_013_real,gsm8k,middle,real_route_replay,615,44,20,real,13.977272727272727,1,83,1.3026683922553388,down_active_prebuilt,38,0.18323199450969696
case_013_real,gsm8k,middle,real_route_replay,615,44,20,real,13.977272727272727,1,83,1.3026683922553388,down_active_prebuilt,39,0.18425600230693817
case_013_real,gsm8k,middle,real_route_replay,615,44,20,real,13.977272727272727,1,83,1.3026683922553388,gate_up_full64_prebuilt,0,0.2961600124835968
case_013_real,gsm8k,middle,real_route_replay,615,44,20,real,13.977272727272727,1,83,1.3026683922553388,gate_up_full64_prebuilt,1,0.2935679852962494
case_013_real,gsm8k,middle,real_route_replay,615,44,20,real,13.977272727272727,1,83,1.3026683922553388,gate_up_full64_prebuilt,2,0.29228800535202026
case_013_real,gsm8k,middle,real_route_replay,615,44,20,real,13.977272727272727,1,83,1.3026683922553388,gate_up_full64_prebuilt,3,0.29049599170684814
case_013_real,gsm8k,middle,real_route_replay,615,44,20,real,13.977272727272727,1,83,1.3026683922553388,gate_up_full64_prebuilt,4,0.2919040024280548
case_013_real,gsm8k,middle,real_route_replay,615,44,20,real,13.977272727272727,1,83,1.3026683922553388,gate_up_full64_prebuilt,5,0.294048011302948
case_013_real,gsm8k,middle,real_route_replay,615,44,20,real,13.977272727272727,1,83,1.3026683922553388,gate_up_full64_prebuilt,6,0.2906239926815033
case_013_real,gsm8k,middle,real_route_replay,615,44,20,real,13.977272727272727,1,83,1.3026683922553388,gate_up_full64_prebuilt,7,0.29020801186561584
case_013_real,gsm8k,middle,real_route_replay,615,44,20,real,13.977272727272727,1,83,1.3026683922553388,gate_up_full64_prebuilt,8,0.29286399483680725
case_013_real,gsm8k,middle,real_route_replay,615,44,20,real,13.977272727272727,1,83,1.3026683922553388,gate_up_full64_prebuilt,9,0.289216011762619
case_013_real,gsm8k,middle,real_route_replay,615,44,20,real,13.977272727272727,1,83,1.3026683922553388,gate_up_full64_prebuilt,10,0.2898240089416504
case_013_real,gsm8k,middle,real_route_replay,615,44,20,real,13.977272727272727,1,83,1.3026683922553388,gate_up_full64_prebuilt,11,0.29100799560546875
case_013_real,gsm8k,middle,real_route_replay,615,44,20,real,13.977272727272727,1,83,1.3026683922553388,gate_up_full64_prebuilt,12,0.2910720109939575
case_013_real,gsm8k,middle,real_route_replay,615,44,20,real,13.977272727272727,1,83,1.3026683922553388,gate_up_full64_prebuilt,13,0.2918719947338104
case_013_real,gsm8k,middle,real_route_replay,615,44,20,real,13.977272727272727,1,83,1.3026683922553388,gate_up_full64_prebuilt,14,0.2915840148925781
case_013_real,gsm8k,middle,real_route_replay,615,44,20,real,13.977272727272727,1,83,1.3026683922553388,gate_up_full64_prebuilt,15,0.29289600253105164
case_013_real,gsm8k,middle,real_route_replay,615,44,20,real,13.977272727272727,1,83,1.3026683922553388,gate_up_full64_prebuilt,16,0.29280000925064087
case_013_real,gsm8k,middle,real_route_replay,615,44,20,real,13.977272727272727,1,83,1.3026683922553388,gate_up_full64_prebuilt,17,0.2911359965801239
case_013_real,gsm8k,middle,real_route_replay,615,44,20,real,13.977272727272727,1,83,1.3026683922553388,gate_up_full64_prebuilt,18,0.290912002325058
case_013_real,gsm8k,middle,real_route_replay,615,44,20,real,13.977272727272727,1,83,1.3026683922553388,gate_up_full64_prebuilt,19,0.2900480031967163
case_013_real,gsm8k,middle,real_route_replay,615,44,20,real,13.977272727272727,1,83,1.3026683922553388,gate_up_full64_prebuilt,20,0.29183998703956604
case_013_real,gsm8k,middle,real_route_replay,615,44,20,real,13.977272727272727,1,83,1.3026683922553388,gate_up_full64_prebuilt,21,0.29494398832321167
case_013_real,gsm8k,middle,real_route_replay,615,44,20,real,13.977272727272727,1,83,1.3026683922553388,gate_up_full64_prebuilt,22,0.2951039969921112
case_013_real,gsm8k,middle,real_route_replay,615,44,20,real,13.977272727272727,1,83,1.3026683922553388,gate_up_full64_prebuilt,23,0.2983039915561676
case_013_real,gsm8k,middle,real_route_replay,615,44,20,real,13.977272727272727,1,83,1.3026683922553388,gate_up_full64_prebuilt,24,0.3001599907875061
case_013_real,gsm8k,middle,real_route_replay,615,44,20,real,13.977272727272727,1,83,1.3026683922553388,gate_up_full64_prebuilt,25,0.30000001192092896
case_013_real,gsm8k,middle,real_route_replay,615,44,20,real,13.977272727272727,1,83,1.3026683922553388,gate_up_full64_prebuilt,26,0.29760000109672546
case_013_real,gsm8k,middle,real_route_replay,615,44,20,real,13.977272727272727,1,83,1.3026683922553388,gate_up_full64_prebuilt,27,0.3030720055103302
case_013_real,gsm8k,middle,real_route_replay,615,44,20,real,13.977272727272727,1,83,1.3026683922553388,gate_up_full64_prebuilt,28,0.30300799012184143
case_013_real,gsm8k,middle,real_route_replay,615,44,20,real,13.977272727272727,1,83,1.3026683922553388,gate_up_full64_prebuilt,29,0.3051519989967346
case_013_real,gsm8k,middle,real_route_replay,615,44,20,real,13.977272727272727,1,83,1.3026683922553388,gate_up_full64_prebuilt,30,0.29945600032806396
case_013_real,gsm8k,middle,real_route_replay,615,44,20,real,13.977272727272727,1,83,1.3026683922553388,gate_up_full64_prebuilt,31,0.30716800689697266
case_013_real,gsm8k,middle,real_route_replay,615,44,20,real,13.977272727272727,1,83,1.3026683922553388,gate_up_full64_prebuilt,32,0.30697599053382874
case_013_real,gsm8k,middle,real_route_replay,615,44,20,real,13.977272727272727,1,83,1.3026683922553388,gate_up_full64_prebuilt,33,0.3031040132045746
case_013_real,gsm8k,middle,real_route_replay,615,44,20,real,13.977272727272727,1,83,1.3026683922553388,gate_up_full64_prebuilt,34,0.29977598786354065
case_013_real,gsm8k,middle,real_route_replay,615,44,20,real,13.977272727272727,1,83,1.3026683922553388,gate_up_full64_prebuilt,35,0.29625600576400757
case_013_real,gsm8k,middle,real_route_replay,615,44,20,real,13.977272727272727,1,83,1.3026683922553388,gate_up_full64_prebuilt,36,0.30297601222991943
case_013_real,gsm8k,middle,real_route_replay,615,44,20,real,13.977272727272727,1,83,1.3026683922553388,gate_up_full64_prebuilt,37,0.30294400453567505
case_013_real,gsm8k,middle,real_route_replay,615,44,20,real,13.977272727272727,1,83,1.3026683922553388,gate_up_full64_prebuilt,38,0.2991360127925873
case_013_real,gsm8k,middle,real_route_replay,615,44,20,real,13.977272727272727,1,83,1.3026683922553388,gate_up_full64_prebuilt,39,0.29817599058151245
case_014_real,gsm8k,middle,real_route_replay,1489,45,19,real,33.08888888888889,1,494,3.029988672820829,swiglu,0,0.03766399994492531
case_014_real,gsm8k,middle,real_route_replay,1489,45,19,real,33.08888888888889,1,494,3.029988672820829,swiglu,1,0.024447999894618988
case_014_real,gsm8k,middle,real_route_replay,1489,45,19,real,33.08888888888889,1,494,3.029988672820829,swiglu,2,0.02160000056028366
case_014_real,gsm8k,middle,real_route_replay,1489,45,19,real,33.08888888888889,1,494,3.029988672820829,swiglu,3,0.022495999932289124
case_014_real,gsm8k,middle,real_route_replay,1489,45,19,real,33.08888888888889,1,494,3.029988672820829,swiglu,4,0.021503999829292297
case_014_real,gsm8k,middle,real_route_replay,1489,45,19,real,33.08888888888889,1,494,3.029988672820829,swiglu,5,0.02127999998629093
case_014_real,gsm8k,middle,real_route_replay,1489,45,19,real,33.08888888888889,1,494,3.029988672820829,swiglu,6,0.021503999829292297
case_014_real,gsm8k,middle,real_route_replay,1489,45,19,real,33.08888888888889,1,494,3.029988672820829,swiglu,7,0.02054399996995926
case_014_real,gsm8k,middle,real_route_replay,1489,45,19,real,33.08888888888889,1,494,3.029988672820829,swiglu,8,0.030368000268936157
case_014_real,gsm8k,middle,real_route_replay,1489,45,19,real,33.08888888888889,1,494,3.029988672820829,swiglu,9,0.02208000048995018
case_014_real,gsm8k,middle,real_route_replay,1489,45,19,real,33.08888888888889,1,494,3.029988672820829,swiglu,10,0.036928001791238785
case_014_real,gsm8k,middle,real_route_replay,1489,45,19,real,33.08888888888889,1,494,3.029988672820829,swiglu,11,0.024671999737620354
case_014_real,gsm8k,middle,real_route_replay,1489,45,19,real,33.08888888888889,1,494,3.029988672820829,swiglu,12,0.024671999737620354
case_014_real,gsm8k,middle,real_route_replay,1489,45,19,real,33.08888888888889,1,494,3.029988672820829,swiglu,13,0.02377600036561489
case_014_real,gsm8k,middle,real_route_replay,1489,45,19,real,33.08888888888889,1,494,3.029988672820829,swiglu,14,0.021023999899625778
case_014_real,gsm8k,middle,real_route_replay,1489,45,19,real,33.08888888888889,1,494,3.029988672820829,swiglu,15,0.02521600015461445
case_014_real,gsm8k,middle,real_route_replay,1489,45,19,real,33.08888888888889,1,494,3.029988672820829,swiglu,16,0.0208320003002882
case_014_real,gsm8k,middle,real_route_replay,1489,45,19,real,33.08888888888889,1,494,3.029988672820829,swiglu,17,0.02179200015962124
case_014_real,gsm8k,middle,real_route_replay,1489,45,19,real,33.08888888888889,1,494,3.029988672820829,swiglu,18,0.02659199945628643
case_014_real,gsm8k,middle,real_route_replay,1489,45,19,real,33.08888888888889,1,494,3.029988672820829,swiglu,19,0.02364799939095974
case_014_real,gsm8k,middle,real_route_replay,1489,45,19,real,33.08888888888889,1,494,3.029988672820829,swiglu,20,0.033215999603271484
case_014_real,gsm8k,middle,real_route_replay,1489,45,19,real,33.08888888888889,1,494,3.029988672820829,swiglu,21,0.02271999977529049
case_014_real,gsm8k,middle,real_route_replay,1489,45,19,real,33.08888888888889,1,494,3.029988672820829,swiglu,22,0.021183999255299568
case_014_real,gsm8k,middle,real_route_replay,1489,45,19,real,33.08888888888889,1,494,3.029988672820829,swiglu,23,0.020896000787615776
case_014_real,gsm8k,middle,real_route_replay,1489,45,19,real,33.08888888888889,1,494,3.029988672820829,swiglu,24,0.021407999098300934
case_014_real,gsm8k,middle,real_route_replay,1489,45,19,real,33.08888888888889,1,494,3.029988672820829,swiglu,25,0.020735999569296837
case_014_real,gsm8k,middle,real_route_replay,1489,45,19,real,33.08888888888889,1,494,3.029988672820829,swiglu,26,0.02054399996995926
case_014_real,gsm8k,middle,real_route_replay,1489,45,19,real,33.08888888888889,1,494,3.029988672820829,swiglu,27,0.020320000126957893
case_014_real,gsm8k,middle,real_route_replay,1489,45,19,real,33.08888888888889,1,494,3.029988672820829,swiglu,28,0.02035200037062168
case_014_real,gsm8k,middle,real_route_replay,1489,45,19,real,33.08888888888889,1,494,3.029988672820829,swiglu,29,0.023584000766277313
case_014_real,gsm8k,middle,real_route_replay,1489,45,19,real,33.08888888888889,1,494,3.029988672820829,swiglu,30,0.025855999439954758
case_014_real,gsm8k,middle,real_route_replay,1489,45,19,real,33.08888888888889,1,494,3.029988672820829,swiglu,31,0.023423999547958374
case_014_real,gsm8k,middle,real_route_replay,1489,45,19,real,33.08888888888889,1,494,3.029988672820829,swiglu,32,0.023552000522613525
case_014_real,gsm8k,middle,real_route_replay,1489,45,19,real,33.08888888888889,1,494,3.029988672820829,swiglu,33,0.023231999948620796
case_014_real,gsm8k,middle,real_route_replay,1489,45,19,real,33.08888888888889,1,494,3.029988672820829,swiglu,34,0.023391999304294586
case_014_real,gsm8k,middle,real_route_replay,1489,45,19,real,33.08888888888889,1,494,3.029988672820829,swiglu,35,0.023552000522613525
case_014_real,gsm8k,middle,real_route_replay,1489,45,19,real,33.08888888888889,1,494,3.029988672820829,swiglu,36,0.022463999688625336
case_014_real,gsm8k,middle,real_route_replay,1489,45,19,real,33.08888888888889,1,494,3.029988672820829,swiglu,37,0.02364799939095974
case_014_real,gsm8k,middle,real_route_replay,1489,45,19,real,33.08888888888889,1,494,3.029988672820829,swiglu,38,0.02191999927163124
case_014_real,gsm8k,middle,real_route_replay,1489,45,19,real,33.08888888888889,1,494,3.029988672820829,swiglu,39,0.020640000700950623
case_014_real,gsm8k,middle,real_route_replay,1489,45,19,real,33.08888888888889,1,494,3.029988672820829,down_active_prebuilt,0,0.20521600544452667
case_014_real,gsm8k,middle,real_route_replay,1489,45,19,real,33.08888888888889,1,494,3.029988672820829,down_active_prebuilt,1,0.20483200252056122
case_014_real,gsm8k,middle,real_route_replay,1489,45,19,real,33.08888888888889,1,494,3.029988672820829,down_active_prebuilt,2,0.20307199656963348
case_014_real,gsm8k,middle,real_route_replay,1489,45,19,real,33.08888888888889,1,494,3.029988672820829,down_active_prebuilt,3,0.21449600160121918
case_014_real,gsm8k,middle,real_route_replay,1489,45,19,real,33.08888888888889,1,494,3.029988672820829,down_active_prebuilt,4,0.21222400665283203
case_014_real,gsm8k,middle,real_route_replay,1489,45,19,real,33.08888888888889,1,494,3.029988672820829,down_active_prebuilt,5,0.21139200031757355
case_014_real,gsm8k,middle,real_route_replay,1489,45,19,real,33.08888888888889,1,494,3.029988672820829,down_active_prebuilt,6,0.21007999777793884
case_014_real,gsm8k,middle,real_route_replay,1489,45,19,real,33.08888888888889,1,494,3.029988672820829,down_active_prebuilt,7,0.21356800198554993
case_014_real,gsm8k,middle,real_route_replay,1489,45,19,real,33.08888888888889,1,494,3.029988672820829,down_active_prebuilt,8,0.211776003241539
case_014_real,gsm8k,middle,real_route_replay,1489,45,19,real,33.08888888888889,1,494,3.029988672820829,down_active_prebuilt,9,0.21539199352264404
case_014_real,gsm8k,middle,real_route_replay,1489,45,19,real,33.08888888888889,1,494,3.029988672820829,down_active_prebuilt,10,0.23203200101852417
case_014_real,gsm8k,middle,real_route_replay,1489,45,19,real,33.08888888888889,1,494,3.029988672820829,down_active_prebuilt,11,0.21273599565029144
case_014_real,gsm8k,middle,real_route_replay,1489,45,19,real,33.08888888888889,1,494,3.029988672820829,down_active_prebuilt,12,0.21344000101089478
case_014_real,gsm8k,middle,real_route_replay,1489,45,19,real,33.08888888888889,1,494,3.029988672820829,down_active_prebuilt,13,0.21648000180721283
case_014_real,gsm8k,middle,real_route_replay,1489,45,19,real,33.08888888888889,1,494,3.029988672820829,down_active_prebuilt,14,0.22057600319385529
case_014_real,gsm8k,middle,real_route_replay,1489,45,19,real,33.08888888888889,1,494,3.029988672820829,down_active_prebuilt,15,0.21798400580883026
case_014_real,gsm8k,middle,real_route_replay,1489,45,19,real,33.08888888888889,1,494,3.029988672820829,down_active_prebuilt,16,0.21027199923992157
case_014_real,gsm8k,middle,real_route_replay,1489,45,19,real,33.08888888888889,1,494,3.029988672820829,down_active_prebuilt,17,0.20790399610996246
case_014_real,gsm8k,middle,real_route_replay,1489,45,19,real,33.08888888888889,1,494,3.029988672820829,down_active_prebuilt,18,0.20956799387931824
case_014_real,gsm8k,middle,real_route_replay,1489,45,19,real,33.08888888888889,1,494,3.029988672820829,down_active_prebuilt,19,0.2104640007019043
case_014_real,gsm8k,middle,real_route_replay,1489,45,19,real,33.08888888888889,1,494,3.029988672820829,down_active_prebuilt,20,0.2069759964942932
case_014_real,gsm8k,middle,real_route_replay,1489,45,19,real,33.08888888888889,1,494,3.029988672820829,down_active_prebuilt,21,0.20803199708461761
case_014_real,gsm8k,middle,real_route_replay,1489,45,19,real,33.08888888888889,1,494,3.029988672820829,down_active_prebuilt,22,0.20947200059890747
case_014_real,gsm8k,middle,real_route_replay,1489,45,19,real,33.08888888888889,1,494,3.029988672820829,down_active_prebuilt,23,0.21279999613761902
case_014_real,gsm8k,middle,real_route_replay,1489,45,19,real,33.08888888888889,1,494,3.029988672820829,down_active_prebuilt,24,0.21059200167655945
case_014_real,gsm8k,middle,real_route_replay,1489,45,19,real,33.08888888888889,1,494,3.029988672820829,down_active_prebuilt,25,0.20582400262355804
case_014_real,gsm8k,middle,real_route_replay,1489,45,19,real,33.08888888888889,1,494,3.029988672820829,down_active_prebuilt,26,0.2104640007019043
case_014_real,gsm8k,middle,real_route_replay,1489,45,19,real,33.08888888888889,1,494,3.029988672820829,down_active_prebuilt,27,0.2051839977502823
case_014_real,gsm8k,middle,real_route_replay,1489,45,19,real,33.08888888888889,1,494,3.029988672820829,down_active_prebuilt,28,0.20604799687862396
case_014_real,gsm8k,middle,real_route_replay,1489,45,19,real,33.08888888888889,1,494,3.029988672820829,down_active_prebuilt,29,0.20473599433898926
case_014_real,gsm8k,middle,real_route_replay,1489,45,19,real,33.08888888888889,1,494,3.029988672820829,down_active_prebuilt,30,0.20902399718761444
case_014_real,gsm8k,middle,real_route_replay,1489,45,19,real,33.08888888888889,1,494,3.029988672820829,down_active_prebuilt,31,0.20918400585651398
case_014_real,gsm8k,middle,real_route_replay,1489,45,19,real,33.08888888888889,1,494,3.029988672820829,down_active_prebuilt,32,0.2061759978532791
case_014_real,gsm8k,middle,real_route_replay,1489,45,19,real,33.08888888888889,1,494,3.029988672820829,down_active_prebuilt,33,0.20470400154590607
case_014_real,gsm8k,middle,real_route_replay,1489,45,19,real,33.08888888888889,1,494,3.029988672820829,down_active_prebuilt,34,0.20559999346733093
case_014_real,gsm8k,middle,real_route_replay,1489,45,19,real,33.08888888888889,1,494,3.029988672820829,down_active_prebuilt,35,0.20419199764728546
case_014_real,gsm8k,middle,real_route_replay,1489,45,19,real,33.08888888888889,1,494,3.029988672820829,down_active_prebuilt,36,0.20451200008392334
case_014_real,gsm8k,middle,real_route_replay,1489,45,19,real,33.08888888888889,1,494,3.029988672820829,down_active_prebuilt,37,0.20608000457286835
case_014_real,gsm8k,middle,real_route_replay,1489,45,19,real,33.08888888888889,1,494,3.029988672820829,down_active_prebuilt,38,0.20361599326133728
case_014_real,gsm8k,middle,real_route_replay,1489,45,19,real,33.08888888888889,1,494,3.029988672820829,down_active_prebuilt,39,0.20348800718784332
case_014_real,gsm8k,middle,real_route_replay,1489,45,19,real,33.08888888888889,1,494,3.029988672820829,down_full64_prebuilt,0,0.2078399956226349
case_014_real,gsm8k,middle,real_route_replay,1489,45,19,real,33.08888888888889,1,494,3.029988672820829,down_full64_prebuilt,1,0.2083200067281723
case_014_real,gsm8k,middle,real_route_replay,1489,45,19,real,33.08888888888889,1,494,3.029988672820829,down_full64_prebuilt,2,0.2061759978532791
case_014_real,gsm8k,middle,real_route_replay,1489,45,19,real,33.08888888888889,1,494,3.029988672820829,down_full64_prebuilt,3,0.2043839991092682
case_014_real,gsm8k,middle,real_route_replay,1489,45,19,real,33.08888888888889,1,494,3.029988672820829,down_full64_prebuilt,4,0.20876799523830414
case_014_real,gsm8k,middle,real_route_replay,1489,45,19,real,33.08888888888889,1,494,3.029988672820829,down_full64_prebuilt,5,0.20627200603485107
case_014_real,gsm8k,middle,real_route_replay,1489,45,19,real,33.08888888888889,1,494,3.029988672820829,down_full64_prebuilt,6,0.20851199328899384
case_014_real,gsm8k,middle,real_route_replay,1489,45,19,real,33.08888888888889,1,494,3.029988672820829,down_full64_prebuilt,7,0.20720000565052032
case_014_real,gsm8k,middle,real_route_replay,1489,45,19,real,33.08888888888889,1,494,3.029988672820829,down_full64_prebuilt,8,0.21142399311065674
case_014_real,gsm8k,middle,real_route_replay,1489,45,19,real,33.08888888888889,1,494,3.029988672820829,down_full64_prebuilt,9,0.2056960016489029
case_014_real,gsm8k,middle,real_route_replay,1489,45,19,real,33.08888888888889,1,494,3.029988672820829,down_full64_prebuilt,10,0.20972800254821777
case_014_real,gsm8k,middle,real_route_replay,1489,45,19,real,33.08888888888889,1,494,3.029988672820829,down_full64_prebuilt,11,0.20579199492931366
case_014_real,gsm8k,middle,real_route_replay,1489,45,19,real,33.08888888888889,1,494,3.029988672820829,down_full64_prebuilt,12,0.20441600680351257
case_014_real,gsm8k,middle,real_route_replay,1489,45,19,real,33.08888888888889,1,494,3.029988672820829,down_full64_prebuilt,13,0.20604799687862396
case_014_real,gsm8k,middle,real_route_replay,1489,45,19,real,33.08888888888889,1,494,3.029988672820829,down_full64_prebuilt,14,0.20713600516319275
case_014_real,gsm8k,middle,real_route_replay,1489,45,19,real,33.08888888888889,1,494,3.029988672820829,down_full64_prebuilt,15,0.20905600488185883
case_014_real,gsm8k,middle,real_route_replay,1489,45,19,real,33.08888888888889,1,494,3.029988672820829,down_full64_prebuilt,16,0.20812800526618958
case_014_real,gsm8k,middle,real_route_replay,1489,45,19,real,33.08888888888889,1,494,3.029988672820829,down_full64_prebuilt,17,0.20787200331687927
case_014_real,gsm8k,middle,real_route_replay,1489,45,19,real,33.08888888888889,1,494,3.029988672820829,down_full64_prebuilt,18,0.20732800662517548
case_014_real,gsm8k,middle,real_route_replay,1489,45,19,real,33.08888888888889,1,494,3.029988672820829,down_full64_prebuilt,19,0.20927999913692474
case_014_real,gsm8k,middle,real_route_replay,1489,45,19,real,33.08888888888889,1,494,3.029988672820829,down_full64_prebuilt,20,0.20848000049591064
case_014_real,gsm8k,middle,real_route_replay,1489,45,19,real,33.08888888888889,1,494,3.029988672820829,down_full64_prebuilt,21,0.213919997215271
case_014_real,gsm8k,middle,real_route_replay,1489,45,19,real,33.08888888888889,1,494,3.029988672820829,down_full64_prebuilt,22,0.21382400393486023
case_014_real,gsm8k,middle,real_route_replay,1489,45,19,real,33.08888888888889,1,494,3.029988672820829,down_full64_prebuilt,23,0.21331200003623962
case_014_real,gsm8k,middle,real_route_replay,1489,45,19,real,33.08888888888889,1,494,3.029988672820829,down_full64_prebuilt,24,0.2123199999332428
case_014_real,gsm8k,middle,real_route_replay,1489,45,19,real,33.08888888888889,1,494,3.029988672820829,down_full64_prebuilt,25,0.21753600239753723
case_014_real,gsm8k,middle,real_route_replay,1489,45,19,real,33.08888888888889,1,494,3.029988672820829,down_full64_prebuilt,26,0.21641600131988525
case_014_real,gsm8k,middle,real_route_replay,1489,45,19,real,33.08888888888889,1,494,3.029988672820829,down_full64_prebuilt,27,0.2181439995765686
case_014_real,gsm8k,middle,real_route_replay,1489,45,19,real,33.08888888888889,1,494,3.029988672820829,down_full64_prebuilt,28,0.2168319970369339
case_014_real,gsm8k,middle,real_route_replay,1489,45,19,real,33.08888888888889,1,494,3.029988672820829,down_full64_prebuilt,29,0.2160319983959198
case_014_real,gsm8k,middle,real_route_replay,1489,45,19,real,33.08888888888889,1,494,3.029988672820829,down_full64_prebuilt,30,0.21676799654960632
case_014_real,gsm8k,middle,real_route_replay,1489,45,19,real,33.08888888888889,1,494,3.029988672820829,down_full64_prebuilt,31,0.22060799598693848
case_014_real,gsm8k,middle,real_route_replay,1489,45,19,real,33.08888888888889,1,494,3.029988672820829,down_full64_prebuilt,32,0.2160000056028366
case_014_real,gsm8k,middle,real_route_replay,1489,45,19,real,33.08888888888889,1,494,3.029988672820829,down_full64_prebuilt,33,0.2200320065021515
case_014_real,gsm8k,middle,real_route_replay,1489,45,19,real,33.08888888888889,1,494,3.029988672820829,down_full64_prebuilt,34,0.21766400337219238
case_014_real,gsm8k,middle,real_route_replay,1489,45,19,real,33.08888888888889,1,494,3.029988672820829,down_full64_prebuilt,35,0.21488000452518463
case_014_real,gsm8k,middle,real_route_replay,1489,45,19,real,33.08888888888889,1,494,3.029988672820829,down_full64_prebuilt,36,0.2144639939069748
case_014_real,gsm8k,middle,real_route_replay,1489,45,19,real,33.08888888888889,1,494,3.029988672820829,down_full64_prebuilt,37,0.21743999421596527
case_014_real,gsm8k,middle,real_route_replay,1489,45,19,real,33.08888888888889,1,494,3.029988672820829,down_full64_prebuilt,38,0.2136320024728775
case_014_real,gsm8k,middle,real_route_replay,1489,45,19,real,33.08888888888889,1,494,3.029988672820829,down_full64_prebuilt,39,0.21695999801158905
case_014_real,gsm8k,middle,real_route_replay,1489,45,19,real,33.08888888888889,1,494,3.029988672820829,route_weight,0,0.03308799862861633
case_014_real,gsm8k,middle,real_route_replay,1489,45,19,real,33.08888888888889,1,494,3.029988672820829,route_weight,1,0.024768000468611717
case_014_real,gsm8k,middle,real_route_replay,1489,45,19,real,33.08888888888889,1,494,3.029988672820829,route_weight,2,0.024800000712275505
case_014_real,gsm8k,middle,real_route_replay,1489,45,19,real,33.08888888888889,1,494,3.029988672820829,route_weight,3,0.02550400048494339
case_014_real,gsm8k,middle,real_route_replay,1489,45,19,real,33.08888888888889,1,494,3.029988672820829,route_weight,4,0.025536000728607178
case_014_real,gsm8k,middle,real_route_replay,1489,45,19,real,33.08888888888889,1,494,3.029988672820829,route_weight,5,0.024480000138282776
case_014_real,gsm8k,middle,real_route_replay,1489,45,19,real,33.08888888888889,1,494,3.029988672820829,route_weight,6,0.02454400062561035
case_014_real,gsm8k,middle,real_route_replay,1489,45,19,real,33.08888888888889,1,494,3.029988672820829,route_weight,7,0.02454400062561035
case_014_real,gsm8k,middle,real_route_replay,1489,45,19,real,33.08888888888889,1,494,3.029988672820829,route_weight,8,0.0244159996509552
case_014_real,gsm8k,middle,real_route_replay,1489,45,19,real,33.08888888888889,1,494,3.029988672820829,route_weight,9,0.024447999894618988
case_014_real,gsm8k,middle,real_route_replay,1489,45,19,real,33.08888888888889,1,494,3.029988672820829,route_weight,10,0.024000000208616257
case_014_real,gsm8k,middle,real_route_replay,1489,45,19,real,33.08888888888889,1,494,3.029988672820829,route_weight,11,0.02486399933695793
case_014_real,gsm8k,middle,real_route_replay,1489,45,19,real,33.08888888888889,1,494,3.029988672820829,route_weight,12,0.023360000923275948
case_014_real,gsm8k,middle,real_route_replay,1489,45,19,real,33.08888888888889,1,494,3.029988672820829,route_weight,13,0.02396799996495247
case_014_real,gsm8k,middle,real_route_replay,1489,45,19,real,33.08888888888889,1,494,3.029988672820829,route_weight,14,0.024768000468611717
case_014_real,gsm8k,middle,real_route_replay,1489,45,19,real,33.08888888888889,1,494,3.029988672820829,route_weight,15,0.024288000538945198
case_014_real,gsm8k,middle,real_route_replay,1489,45,19,real,33.08888888888889,1,494,3.029988672820829,route_weight,16,0.024639999493956566
case_014_real,gsm8k,middle,real_route_replay,1489,45,19,real,33.08888888888889,1,494,3.029988672820829,route_weight,17,0.024351999163627625
case_014_real,gsm8k,middle,real_route_replay,1489,45,19,real,33.08888888888889,1,494,3.029988672820829,route_weight,18,0.02396799996495247
case_014_real,gsm8k,middle,real_route_replay,1489,45,19,real,33.08888888888889,1,494,3.029988672820829,route_weight,19,0.023423999547958374
case_014_real,gsm8k,middle,real_route_replay,1489,45,19,real,33.08888888888889,1,494,3.029988672820829,route_weight,20,0.02409599907696247
case_014_real,gsm8k,middle,real_route_replay,1489,45,19,real,33.08888888888889,1,494,3.029988672820829,route_weight,21,0.027327999472618103
case_014_real,gsm8k,middle,real_route_replay,1489,45,19,real,33.08888888888889,1,494,3.029988672820829,route_weight,22,0.03276799991726875
case_014_real,gsm8k,middle,real_route_replay,1489,45,19,real,33.08888888888889,1,494,3.029988672820829,route_weight,23,0.025248000398278236
case_014_real,gsm8k,middle,real_route_replay,1489,45,19,real,33.08888888888889,1,494,3.029988672820829,route_weight,24,0.024927999824285507
case_014_real,gsm8k,middle,real_route_replay,1489,45,19,real,33.08888888888889,1,494,3.029988672820829,route_weight,25,0.024480000138282776
case_014_real,gsm8k,middle,real_route_replay,1489,45,19,real,33.08888888888889,1,494,3.029988672820829,route_weight,26,0.02489599958062172
case_014_real,gsm8k,middle,real_route_replay,1489,45,19,real,33.08888888888889,1,494,3.029988672820829,route_weight,27,0.024447999894618988
case_014_real,gsm8k,middle,real_route_replay,1489,45,19,real,33.08888888888889,1,494,3.029988672820829,route_weight,28,0.02502400055527687
case_014_real,gsm8k,middle,real_route_replay,1489,45,19,real,33.08888888888889,1,494,3.029988672820829,route_weight,29,0.025151999667286873
case_014_real,gsm8k,middle,real_route_replay,1489,45,19,real,33.08888888888889,1,494,3.029988672820829,route_weight,30,0.025407999753952026
case_014_real,gsm8k,middle,real_route_replay,1489,45,19,real,33.08888888888889,1,494,3.029988672820829,route_weight,31,0.02319999970495701
case_014_real,gsm8k,middle,real_route_replay,1489,45,19,real,33.08888888888889,1,494,3.029988672820829,route_weight,32,0.035711999982595444
case_014_real,gsm8k,middle,real_route_replay,1489,45,19,real,33.08888888888889,1,494,3.029988672820829,route_weight,33,0.024607999250292778
case_014_real,gsm8k,middle,real_route_replay,1489,45,19,real,33.08888888888889,1,494,3.029988672820829,route_weight,34,0.024607999250292778
case_014_real,gsm8k,middle,real_route_replay,1489,45,19,real,33.08888888888889,1,494,3.029988672820829,route_weight,35,0.025439999997615814
case_014_real,gsm8k,middle,real_route_replay,1489,45,19,real,33.08888888888889,1,494,3.029988672820829,route_weight,36,0.02534399926662445
case_014_real,gsm8k,middle,real_route_replay,1489,45,19,real,33.08888888888889,1,494,3.029988672820829,route_weight,37,0.02550400048494339
case_014_real,gsm8k,middle,real_route_replay,1489,45,19,real,33.08888888888889,1,494,3.029988672820829,route_weight,38,0.025472000241279602
case_014_real,gsm8k,middle,real_route_replay,1489,45,19,real,33.08888888888889,1,494,3.029988672820829,route_weight,39,0.025087999179959297
case_014_real,gsm8k,middle,real_route_replay,1489,45,19,real,33.08888888888889,1,494,3.029988672820829,gate_up_full64_prebuilt,0,0.337119996547699
case_014_real,gsm8k,middle,real_route_replay,1489,45,19,real,33.08888888888889,1,494,3.029988672820829,gate_up_full64_prebuilt,1,0.3294079899787903
case_014_real,gsm8k,middle,real_route_replay,1489,45,19,real,33.08888888888889,1,494,3.029988672820829,gate_up_full64_prebuilt,2,0.3264000117778778
case_014_real,gsm8k,middle,real_route_replay,1489,45,19,real,33.08888888888889,1,494,3.029988672820829,gate_up_full64_prebuilt,3,0.3293760120868683
case_014_real,gsm8k,middle,real_route_replay,1489,45,19,real,33.08888888888889,1,494,3.029988672820829,gate_up_full64_prebuilt,4,0.3290559947490692
case_014_real,gsm8k,middle,real_route_replay,1489,45,19,real,33.08888888888889,1,494,3.029988672820829,gate_up_full64_prebuilt,5,0.3272320032119751
case_014_real,gsm8k,middle,real_route_replay,1489,45,19,real,33.08888888888889,1,494,3.029988672820829,gate_up_full64_prebuilt,6,0.33449599146842957
case_014_real,gsm8k,middle,real_route_replay,1489,45,19,real,33.08888888888889,1,494,3.029988672820829,gate_up_full64_prebuilt,7,0.33344000577926636
case_014_real,gsm8k,middle,real_route_replay,1489,45,19,real,33.08888888888889,1,494,3.029988672820829,gate_up_full64_prebuilt,8,0.3373759984970093
case_014_real,gsm8k,middle,real_route_replay,1489,45,19,real,33.08888888888889,1,494,3.029988672820829,gate_up_full64_prebuilt,9,0.3337920010089874
case_014_real,gsm8k,middle,real_route_replay,1489,45,19,real,33.08888888888889,1,494,3.029988672820829,gate_up_full64_prebuilt,10,0.35283198952674866
case_014_real,gsm8k,middle,real_route_replay,1489,45,19,real,33.08888888888889,1,494,3.029988672820829,gate_up_full64_prebuilt,11,0.3283520042896271
case_014_real,gsm8k,middle,real_route_replay,1489,45,19,real,33.08888888888889,1,494,3.029988672820829,gate_up_full64_prebuilt,12,0.3284800052642822
case_014_real,gsm8k,middle,real_route_replay,1489,45,19,real,33.08888888888889,1,494,3.029988672820829,gate_up_full64_prebuilt,13,0.32761600613594055
case_014_real,gsm8k,middle,real_route_replay,1489,45,19,real,33.08888888888889,1,494,3.029988672820829,gate_up_full64_prebuilt,14,0.3256320059299469
case_014_real,gsm8k,middle,real_route_replay,1489,45,19,real,33.08888888888889,1,494,3.029988672820829,gate_up_full64_prebuilt,15,0.3293760120868683
case_014_real,gsm8k,middle,real_route_replay,1489,45,19,real,33.08888888888889,1,494,3.029988672820829,gate_up_full64_prebuilt,16,0.32742398977279663
case_014_real,gsm8k,middle,real_route_replay,1489,45,19,real,33.08888888888889,1,494,3.029988672820829,gate_up_full64_prebuilt,17,0.3277760148048401
case_014_real,gsm8k,middle,real_route_replay,1489,45,19,real,33.08888888888889,1,494,3.029988672820829,gate_up_full64_prebuilt,18,0.32681599259376526
case_014_real,gsm8k,middle,real_route_replay,1489,45,19,real,33.08888888888889,1,494,3.029988672820829,gate_up_full64_prebuilt,19,0.3242560029029846
case_014_real,gsm8k,middle,real_route_replay,1489,45,19,real,33.08888888888889,1,494,3.029988672820829,gate_up_full64_prebuilt,20,0.3284800052642822
case_014_real,gsm8k,middle,real_route_replay,1489,45,19,real,33.08888888888889,1,494,3.029988672820829,gate_up_full64_prebuilt,21,0.327455997467041
case_014_real,gsm8k,middle,real_route_replay,1489,45,19,real,33.08888888888889,1,494,3.029988672820829,gate_up_full64_prebuilt,22,0.3262079954147339
case_014_real,gsm8k,middle,real_route_replay,1489,45,19,real,33.08888888888889,1,494,3.029988672820829,gate_up_full64_prebuilt,23,0.3270399868488312
case_014_real,gsm8k,middle,real_route_replay,1489,45,19,real,33.08888888888889,1,494,3.029988672820829,gate_up_full64_prebuilt,24,0.3250879943370819
case_014_real,gsm8k,middle,real_route_replay,1489,45,19,real,33.08888888888889,1,494,3.029988672820829,gate_up_full64_prebuilt,25,0.32815998792648315
case_014_real,gsm8k,middle,real_route_replay,1489,45,19,real,33.08888888888889,1,494,3.029988672820829,gate_up_full64_prebuilt,26,0.3238080143928528
case_014_real,gsm8k,middle,real_route_replay,1489,45,19,real,33.08888888888889,1,494,3.029988672820829,gate_up_full64_prebuilt,27,0.324864000082016
case_014_real,gsm8k,middle,real_route_replay,1489,45,19,real,33.08888888888889,1,494,3.029988672820829,gate_up_full64_prebuilt,28,0.3279680013656616
case_014_real,gsm8k,middle,real_route_replay,1489,45,19,real,33.08888888888889,1,494,3.029988672820829,gate_up_full64_prebuilt,29,0.3266240060329437
case_014_real,gsm8k,middle,real_route_replay,1489,45,19,real,33.08888888888889,1,494,3.029988672820829,gate_up_full64_prebuilt,30,0.32630398869514465
case_014_real,gsm8k,middle,real_route_replay,1489,45,19,real,33.08888888888889,1,494,3.029988672820829,gate_up_full64_prebuilt,31,0.3250240087509155
case_014_real,gsm8k,middle,real_route_replay,1489,45,19,real,33.08888888888889,1,494,3.029988672820829,gate_up_full64_prebuilt,32,0.3261120021343231
case_014_real,gsm8k,middle,real_route_replay,1489,45,19,real,33.08888888888889,1,494,3.029988672820829,gate_up_full64_prebuilt,33,0.3315199911594391
case_014_real,gsm8k,middle,real_route_replay,1489,45,19,real,33.08888888888889,1,494,3.029988672820829,gate_up_full64_prebuilt,34,0.3316799998283386
case_014_real,gsm8k,middle,real_route_replay,1489,45,19,real,33.08888888888889,1,494,3.029988672820829,gate_up_full64_prebuilt,35,0.32630398869514465
case_014_real,gsm8k,middle,real_route_replay,1489,45,19,real,33.08888888888889,1,494,3.029988672820829,gate_up_full64_prebuilt,36,0.3317759931087494
case_014_real,gsm8k,middle,real_route_replay,1489,45,19,real,33.08888888888889,1,494,3.029988672820829,gate_up_full64_prebuilt,37,0.3270080089569092
case_014_real,gsm8k,middle,real_route_replay,1489,45,19,real,33.08888888888889,1,494,3.029988672820829,gate_up_full64_prebuilt,38,0.33667200803756714
case_014_real,gsm8k,middle,real_route_replay,1489,45,19,real,33.08888888888889,1,494,3.029988672820829,gate_up_full64_prebuilt,39,0.3349759876728058
case_014_real,gsm8k,middle,real_route_replay,1489,45,19,real,33.08888888888889,1,494,3.029988672820829,gate_up_active_prebuilt,0,0.3392319977283478
case_014_real,gsm8k,middle,real_route_replay,1489,45,19,real,33.08888888888889,1,494,3.029988672820829,gate_up_active_prebuilt,1,0.3362559974193573
case_014_real,gsm8k,middle,real_route_replay,1489,45,19,real,33.08888888888889,1,494,3.029988672820829,gate_up_active_prebuilt,2,0.3431999981403351
case_014_real,gsm8k,middle,real_route_replay,1489,45,19,real,33.08888888888889,1,494,3.029988672820829,gate_up_active_prebuilt,3,0.34003201127052307
case_014_real,gsm8k,middle,real_route_replay,1489,45,19,real,33.08888888888889,1,494,3.029988672820829,gate_up_active_prebuilt,4,0.33721598982810974
case_014_real,gsm8k,middle,real_route_replay,1489,45,19,real,33.08888888888889,1,494,3.029988672820829,gate_up_active_prebuilt,5,0.33926400542259216
case_014_real,gsm8k,middle,real_route_replay,1489,45,19,real,33.08888888888889,1,494,3.029988672820829,gate_up_active_prebuilt,6,0.3474560081958771
case_014_real,gsm8k,middle,real_route_replay,1489,45,19,real,33.08888888888889,1,494,3.029988672820829,gate_up_active_prebuilt,7,0.34278398752212524
case_014_real,gsm8k,middle,real_route_replay,1489,45,19,real,33.08888888888889,1,494,3.029988672820829,gate_up_active_prebuilt,8,0.335999995470047
case_014_real,gsm8k,middle,real_route_replay,1489,45,19,real,33.08888888888889,1,494,3.029988672820829,gate_up_active_prebuilt,9,0.3349759876728058
case_014_real,gsm8k,middle,real_route_replay,1489,45,19,real,33.08888888888889,1,494,3.029988672820829,gate_up_active_prebuilt,10,0.3335359990596771
case_014_real,gsm8k,middle,real_route_replay,1489,45,19,real,33.08888888888889,1,494,3.029988672820829,gate_up_active_prebuilt,11,0.33766400814056396
case_014_real,gsm8k,middle,real_route_replay,1489,45,19,real,33.08888888888889,1,494,3.029988672820829,gate_up_active_prebuilt,12,0.33103999495506287
case_014_real,gsm8k,middle,real_route_replay,1489,45,19,real,33.08888888888889,1,494,3.029988672820829,gate_up_active_prebuilt,13,0.32950401306152344
case_014_real,gsm8k,middle,real_route_replay,1489,45,19,real,33.08888888888889,1,494,3.029988672820829,gate_up_active_prebuilt,14,0.3312639892101288
case_014_real,gsm8k,middle,real_route_replay,1489,45,19,real,33.08888888888889,1,494,3.029988672820829,gate_up_active_prebuilt,15,0.32915198802948
case_014_real,gsm8k,middle,real_route_replay,1489,45,19,real,33.08888888888889,1,494,3.029988672820829,gate_up_active_prebuilt,16,0.33155199885368347
case_014_real,gsm8k,middle,real_route_replay,1489,45,19,real,33.08888888888889,1,494,3.029988672820829,gate_up_active_prebuilt,17,0.325439989566803
case_014_real,gsm8k,middle,real_route_replay,1489,45,19,real,33.08888888888889,1,494,3.029988672820829,gate_up_active_prebuilt,18,0.3250240087509155
case_014_real,gsm8k,middle,real_route_replay,1489,45,19,real,33.08888888888889,1,494,3.029988672820829,gate_up_active_prebuilt,19,0.32793599367141724
case_014_real,gsm8k,middle,real_route_replay,1489,45,19,real,33.08888888888889,1,494,3.029988672820829,gate_up_active_prebuilt,20,0.32927998900413513
case_014_real,gsm8k,middle,real_route_replay,1489,45,19,real,33.08888888888889,1,494,3.029988672820829,gate_up_active_prebuilt,21,0.3303999900817871
case_014_real,gsm8k,middle,real_route_replay,1489,45,19,real,33.08888888888889,1,494,3.029988672820829,gate_up_active_prebuilt,22,0.3266560137271881
case_014_real,gsm8k,middle,real_route_replay,1489,45,19,real,33.08888888888889,1,494,3.029988672820829,gate_up_active_prebuilt,23,0.32915198802948
case_014_real,gsm8k,middle,real_route_replay,1489,45,19,real,33.08888888888889,1,494,3.029988672820829,gate_up_active_prebuilt,24,0.3266879916191101
case_014_real,gsm8k,middle,real_route_replay,1489,45,19,real,33.08888888888889,1,494,3.029988672820829,gate_up_active_prebuilt,25,0.32892799377441406
case_014_real,gsm8k,middle,real_route_replay,1489,45,19,real,33.08888888888889,1,494,3.029988672820829,gate_up_active_prebuilt,26,0.3309119939804077
case_014_real,gsm8k,middle,real_route_replay,1489,45,19,real,33.08888888888889,1,494,3.029988672820829,gate_up_active_prebuilt,27,0.33977600932121277
case_014_real,gsm8k,middle,real_route_replay,1489,45,19,real,33.08888888888889,1,494,3.029988672820829,gate_up_active_prebuilt,28,0.3373439908027649
case_014_real,gsm8k,middle,real_route_replay,1489,45,19,real,33.08888888888889,1,494,3.029988672820829,gate_up_active_prebuilt,29,0.3345920145511627
case_014_real,gsm8k,middle,real_route_replay,1489,45,19,real,33.08888888888889,1,494,3.029988672820829,gate_up_active_prebuilt,30,0.34598401188850403
case_014_real,gsm8k,middle,real_route_replay,1489,45,19,real,33.08888888888889,1,494,3.029988672820829,gate_up_active_prebuilt,31,0.3345920145511627
case_014_real,gsm8k,middle,real_route_replay,1489,45,19,real,33.08888888888889,1,494,3.029988672820829,gate_up_active_prebuilt,32,0.3312320113182068
case_014_real,gsm8k,middle,real_route_replay,1489,45,19,real,33.08888888888889,1,494,3.029988672820829,gate_up_active_prebuilt,33,0.32684800028800964
case_014_real,gsm8k,middle,real_route_replay,1489,45,19,real,33.08888888888889,1,494,3.029988672820829,gate_up_active_prebuilt,34,0.3272320032119751
case_014_real,gsm8k,middle,real_route_replay,1489,45,19,real,33.08888888888889,1,494,3.029988672820829,gate_up_active_prebuilt,35,0.32793599367141724
case_014_real,gsm8k,middle,real_route_replay,1489,45,19,real,33.08888888888889,1,494,3.029988672820829,gate_up_active_prebuilt,36,0.3250559866428375
case_014_real,gsm8k,middle,real_route_replay,1489,45,19,real,33.08888888888889,1,494,3.029988672820829,gate_up_active_prebuilt,37,0.33273598551750183
case_014_real,gsm8k,middle,real_route_replay,1489,45,19,real,33.08888888888889,1,494,3.029988672820829,gate_up_active_prebuilt,38,0.331743985414505
case_014_real,gsm8k,middle,real_route_replay,1489,45,19,real,33.08888888888889,1,494,3.029988672820829,gate_up_active_prebuilt,39,0.32972800731658936
case_015_real,humaneval,early,real_route_replay,276,24,40,real,11.5,1,39,0.9294590576709543,down_active_prebuilt,0,0.12531200051307678
case_015_real,humaneval,early,real_route_replay,276,24,40,real,11.5,1,39,0.9294590576709543,down_active_prebuilt,1,0.12652799487113953
case_015_real,humaneval,early,real_route_replay,276,24,40,real,11.5,1,39,0.9294590576709543,down_active_prebuilt,2,0.12319999933242798
case_015_real,humaneval,early,real_route_replay,276,24,40,real,11.5,1,39,0.9294590576709543,down_active_prebuilt,3,0.12089599668979645
case_015_real,humaneval,early,real_route_replay,276,24,40,real,11.5,1,39,0.9294590576709543,down_active_prebuilt,4,0.12191999703645706
case_015_real,humaneval,early,real_route_replay,276,24,40,real,11.5,1,39,0.9294590576709543,down_active_prebuilt,5,0.12179200351238251
case_015_real,humaneval,early,real_route_replay,276,24,40,real,11.5,1,39,0.9294590576709543,down_active_prebuilt,6,0.13344000279903412
case_015_real,humaneval,early,real_route_replay,276,24,40,real,11.5,1,39,0.9294590576709543,down_active_prebuilt,7,0.12390399724245071
case_015_real,humaneval,early,real_route_replay,276,24,40,real,11.5,1,39,0.9294590576709543,down_active_prebuilt,8,0.12755200266838074
case_015_real,humaneval,early,real_route_replay,276,24,40,real,11.5,1,39,0.9294590576709543,down_active_prebuilt,9,0.11935999989509583
case_015_real,humaneval,early,real_route_replay,276,24,40,real,11.5,1,39,0.9294590576709543,down_active_prebuilt,10,0.12438400089740753
case_015_real,humaneval,early,real_route_replay,276,24,40,real,11.5,1,39,0.9294590576709543,down_active_prebuilt,11,0.12406399846076965
case_015_real,humaneval,early,real_route_replay,276,24,40,real,11.5,1,39,0.9294590576709543,down_active_prebuilt,12,0.1236800029873848
case_015_real,humaneval,early,real_route_replay,276,24,40,real,11.5,1,39,0.9294590576709543,down_active_prebuilt,13,0.12006399780511856
case_015_real,humaneval,early,real_route_replay,276,24,40,real,11.5,1,39,0.9294590576709543,down_active_prebuilt,14,0.12185599654912949
case_015_real,humaneval,early,real_route_replay,276,24,40,real,11.5,1,39,0.9294590576709543,down_active_prebuilt,15,0.12521600723266602
case_015_real,humaneval,early,real_route_replay,276,24,40,real,11.5,1,39,0.9294590576709543,down_active_prebuilt,16,0.12169600278139114
case_015_real,humaneval,early,real_route_replay,276,24,40,real,11.5,1,39,0.9294590576709543,down_active_prebuilt,17,0.12326399981975555
case_015_real,humaneval,early,real_route_replay,276,24,40,real,11.5,1,39,0.9294590576709543,down_active_prebuilt,18,0.11766400188207626
case_015_real,humaneval,early,real_route_replay,276,24,40,real,11.5,1,39,0.9294590576709543,down_active_prebuilt,19,0.11503999680280685
case_015_real,humaneval,early,real_route_replay,276,24,40,real,11.5,1,39,0.9294590576709543,down_active_prebuilt,20,0.12691199779510498
case_015_real,humaneval,early,real_route_replay,276,24,40,real,11.5,1,39,0.9294590576709543,down_active_prebuilt,21,0.11884800344705582
case_015_real,humaneval,early,real_route_replay,276,24,40,real,11.5,1,39,0.9294590576709543,down_active_prebuilt,22,0.11542399972677231
case_015_real,humaneval,early,real_route_replay,276,24,40,real,11.5,1,39,0.9294590576709543,down_active_prebuilt,23,0.11270400136709213
case_015_real,humaneval,early,real_route_replay,276,24,40,real,11.5,1,39,0.9294590576709543,down_active_prebuilt,24,0.11337599903345108
case_015_real,humaneval,early,real_route_replay,276,24,40,real,11.5,1,39,0.9294590576709543,down_active_prebuilt,25,0.1218239963054657
case_015_real,humaneval,early,real_route_replay,276,24,40,real,11.5,1,39,0.9294590576709543,down_active_prebuilt,26,0.11206399649381638
case_015_real,humaneval,early,real_route_replay,276,24,40,real,11.5,1,39,0.9294590576709543,down_active_prebuilt,27,0.11193600296974182
case_015_real,humaneval,early,real_route_replay,276,24,40,real,11.5,1,39,0.9294590576709543,down_active_prebuilt,28,0.11177600175142288
case_015_real,humaneval,early,real_route_replay,276,24,40,real,11.5,1,39,0.9294590576709543,down_active_prebuilt,29,0.11126399785280228
case_015_real,humaneval,early,real_route_replay,276,24,40,real,11.5,1,39,0.9294590576709543,down_active_prebuilt,30,0.11343999952077866
case_015_real,humaneval,early,real_route_replay,276,24,40,real,11.5,1,39,0.9294590576709543,down_active_prebuilt,31,0.11241599917411804
case_015_real,humaneval,early,real_route_replay,276,24,40,real,11.5,1,39,0.9294590576709543,down_active_prebuilt,32,0.11148799955844879
case_015_real,humaneval,early,real_route_replay,276,24,40,real,11.5,1,39,0.9294590576709543,down_active_prebuilt,33,0.11347199976444244
case_015_real,humaneval,early,real_route_replay,276,24,40,real,11.5,1,39,0.9294590576709543,down_active_prebuilt,34,0.11366400122642517
case_015_real,humaneval,early,real_route_replay,276,24,40,real,11.5,1,39,0.9294590576709543,down_active_prebuilt,35,0.11443199962377548
case_015_real,humaneval,early,real_route_replay,276,24,40,real,11.5,1,39,0.9294590576709543,down_active_prebuilt,36,0.11654400080442429
case_015_real,humaneval,early,real_route_replay,276,24,40,real,11.5,1,39,0.9294590576709543,down_active_prebuilt,37,0.1143999993801117
case_015_real,humaneval,early,real_route_replay,276,24,40,real,11.5,1,39,0.9294590576709543,down_active_prebuilt,38,0.1103999987244606
case_015_real,humaneval,early,real_route_replay,276,24,40,real,11.5,1,39,0.9294590576709543,down_active_prebuilt,39,0.11135999858379364
case_015_real,humaneval,early,real_route_replay,276,24,40,real,11.5,1,39,0.9294590576709543,gate_up_full64_prebuilt,0,0.16908800601959229
case_015_real,humaneval,early,real_route_replay,276,24,40,real,11.5,1,39,0.9294590576709543,gate_up_full64_prebuilt,1,0.17238399386405945
case_015_real,humaneval,early,real_route_replay,276,24,40,real,11.5,1,39,0.9294590576709543,gate_up_full64_prebuilt,2,0.17155200242996216
case_015_real,humaneval,early,real_route_replay,276,24,40,real,11.5,1,39,0.9294590576709543,gate_up_full64_prebuilt,3,0.16700799763202667
case_015_real,humaneval,early,real_route_replay,276,24,40,real,11.5,1,39,0.9294590576709543,gate_up_full64_prebuilt,4,0.1703999936580658
case_015_real,humaneval,early,real_route_replay,276,24,40,real,11.5,1,39,0.9294590576709543,gate_up_full64_prebuilt,5,0.17484800517559052
case_015_real,humaneval,early,real_route_replay,276,24,40,real,11.5,1,39,0.9294590576709543,gate_up_full64_prebuilt,6,0.1712000072002411
case_015_real,humaneval,early,real_route_replay,276,24,40,real,11.5,1,39,0.9294590576709543,gate_up_full64_prebuilt,7,0.17183999717235565
case_015_real,humaneval,early,real_route_replay,276,24,40,real,11.5,1,39,0.9294590576709543,gate_up_full64_prebuilt,8,0.1693439930677414
case_015_real,humaneval,early,real_route_replay,276,24,40,real,11.5,1,39,0.9294590576709543,gate_up_full64_prebuilt,9,0.17107200622558594
case_015_real,humaneval,early,real_route_replay,276,24,40,real,11.5,1,39,0.9294590576709543,gate_up_full64_prebuilt,10,0.16819199919700623
case_015_real,humaneval,early,real_route_replay,276,24,40,real,11.5,1,39,0.9294590576709543,gate_up_full64_prebuilt,11,0.1743360012769699
case_015_real,humaneval,early,real_route_replay,276,24,40,real,11.5,1,39,0.9294590576709543,gate_up_full64_prebuilt,12,0.17599999904632568
case_015_real,humaneval,early,real_route_replay,276,24,40,real,11.5,1,39,0.9294590576709543,gate_up_full64_prebuilt,13,0.18031999468803406
case_015_real,humaneval,early,real_route_replay,276,24,40,real,11.5,1,39,0.9294590576709543,gate_up_full64_prebuilt,14,0.17721599340438843
case_015_real,humaneval,early,real_route_replay,276,24,40,real,11.5,1,39,0.9294590576709543,gate_up_full64_prebuilt,15,0.1785919964313507
case_015_real,humaneval,early,real_route_replay,276,24,40,real,11.5,1,39,0.9294590576709543,gate_up_full64_prebuilt,16,0.17737600207328796
case_015_real,humaneval,early,real_route_replay,276,24,40,real,11.5,1,39,0.9294590576709543,gate_up_full64_prebuilt,17,0.17919999361038208
case_015_real,humaneval,early,real_route_replay,276,24,40,real,11.5,1,39,0.9294590576709543,gate_up_full64_prebuilt,18,0.17068800330162048
case_015_real,humaneval,early,real_route_replay,276,24,40,real,11.5,1,39,0.9294590576709543,gate_up_full64_prebuilt,19,0.16889600455760956
case_015_real,humaneval,early,real_route_replay,276,24,40,real,11.5,1,39,0.9294590576709543,gate_up_full64_prebuilt,20,0.17212800681591034
case_015_real,humaneval,early,real_route_replay,276,24,40,real,11.5,1,39,0.9294590576709543,gate_up_full64_prebuilt,21,0.16787199676036835
case_015_real,humaneval,early,real_route_replay,276,24,40,real,11.5,1,39,0.9294590576709543,gate_up_full64_prebuilt,22,0.1687680035829544
case_015_real,humaneval,early,real_route_replay,276,24,40,real,11.5,1,39,0.9294590576709543,gate_up_full64_prebuilt,23,0.16604800522327423
case_015_real,humaneval,early,real_route_replay,276,24,40,real,11.5,1,39,0.9294590576709543,gate_up_full64_prebuilt,24,0.16911999881267548
case_015_real,humaneval,early,real_route_replay,276,24,40,real,11.5,1,39,0.9294590576709543,gate_up_full64_prebuilt,25,0.17071999609470367
case_015_real,humaneval,early,real_route_replay,276,24,40,real,11.5,1,39,0.9294590576709543,gate_up_full64_prebuilt,26,0.16991999745368958
case_015_real,humaneval,early,real_route_replay,276,24,40,real,11.5,1,39,0.9294590576709543,gate_up_full64_prebuilt,27,0.1690240055322647
case_015_real,humaneval,early,real_route_replay,276,24,40,real,11.5,1,39,0.9294590576709543,gate_up_full64_prebuilt,28,0.16809600591659546
case_015_real,humaneval,early,real_route_replay,276,24,40,real,11.5,1,39,0.9294590576709543,gate_up_full64_prebuilt,29,0.16777600347995758
case_015_real,humaneval,early,real_route_replay,276,24,40,real,11.5,1,39,0.9294590576709543,gate_up_full64_prebuilt,30,0.16995200514793396
case_015_real,humaneval,early,real_route_replay,276,24,40,real,11.5,1,39,0.9294590576709543,gate_up_full64_prebuilt,31,0.17017599940299988
case_015_real,humaneval,early,real_route_replay,276,24,40,real,11.5,1,39,0.9294590576709543,gate_up_full64_prebuilt,32,0.16886399686336517
case_015_real,humaneval,early,real_route_replay,276,24,40,real,11.5,1,39,0.9294590576709543,gate_up_full64_prebuilt,33,0.1701119989156723
case_015_real,humaneval,early,real_route_replay,276,24,40,real,11.5,1,39,0.9294590576709543,gate_up_full64_prebuilt,34,0.16752000153064728
case_015_real,humaneval,early,real_route_replay,276,24,40,real,11.5,1,39,0.9294590576709543,gate_up_full64_prebuilt,35,0.16755199432373047
case_015_real,humaneval,early,real_route_replay,276,24,40,real,11.5,1,39,0.9294590576709543,gate_up_full64_prebuilt,36,0.16723200678825378
case_015_real,humaneval,early,real_route_replay,276,24,40,real,11.5,1,39,0.9294590576709543,gate_up_full64_prebuilt,37,0.17056000232696533
case_015_real,humaneval,early,real_route_replay,276,24,40,real,11.5,1,39,0.9294590576709543,gate_up_full64_prebuilt,38,0.16918399930000305
case_015_real,humaneval,early,real_route_replay,276,24,40,real,11.5,1,39,0.9294590576709543,gate_up_full64_prebuilt,39,0.1695999950170517
case_015_real,humaneval,early,real_route_replay,276,24,40,real,11.5,1,39,0.9294590576709543,route_weight,0,0.02070399932563305
case_015_real,humaneval,early,real_route_replay,276,24,40,real,11.5,1,39,0.9294590576709543,route_weight,1,0.014879999682307243
case_015_real,humaneval,early,real_route_replay,276,24,40,real,11.5,1,39,0.9294590576709543,route_weight,2,0.014431999996304512
case_015_real,humaneval,early,real_route_replay,276,24,40,real,11.5,1,39,0.9294590576709543,route_weight,3,0.022655999287962914
case_015_real,humaneval,early,real_route_replay,276,24,40,real,11.5,1,39,0.9294590576709543,route_weight,4,0.014720000326633453
case_015_real,humaneval,early,real_route_replay,276,24,40,real,11.5,1,39,0.9294590576709543,route_weight,5,0.015072000212967396
case_015_real,humaneval,early,real_route_replay,276,24,40,real,11.5,1,39,0.9294590576709543,route_weight,6,0.015168000012636185
case_015_real,humaneval,early,real_route_replay,276,24,40,real,11.5,1,39,0.9294590576709543,route_weight,7,0.014431999996304512
case_015_real,humaneval,early,real_route_replay,276,24,40,real,11.5,1,39,0.9294590576709543,route_weight,8,0.015039999969303608
case_015_real,humaneval,early,real_route_replay,276,24,40,real,11.5,1,39,0.9294590576709543,route_weight,9,0.01500799972563982
case_015_real,humaneval,early,real_route_replay,276,24,40,real,11.5,1,39,0.9294590576709543,route_weight,10,0.015359999611973763
case_015_real,humaneval,early,real_route_replay,276,24,40,real,11.5,1,39,0.9294590576709543,route_weight,11,0.015296000055968761
case_015_real,humaneval,early,real_route_replay,276,24,40,real,11.5,1,39,0.9294590576709543,route_weight,12,0.014208000153303146
case_015_real,humaneval,early,real_route_replay,276,24,40,real,11.5,1,39,0.9294590576709543,route_weight,13,0.015615999698638916
case_015_real,humaneval,early,real_route_replay,276,24,40,real,11.5,1,39,0.9294590576709543,route_weight,14,0.014592000283300877
case_015_real,humaneval,early,real_route_replay,276,24,40,real,11.5,1,39,0.9294590576709543,route_weight,15,0.013887999579310417
case_015_real,humaneval,early,real_route_replay,276,24,40,real,11.5,1,39,0.9294590576709543,route_weight,16,0.017855999991297722
case_015_real,humaneval,early,real_route_replay,276,24,40,real,11.5,1,39,0.9294590576709543,route_weight,17,0.015039999969303608
case_015_real,humaneval,early,real_route_replay,276,24,40,real,11.5,1,39,0.9294590576709543,route_weight,18,0.015647999942302704
case_015_real,humaneval,early,real_route_replay,276,24,40,real,11.5,1,39,0.9294590576709543,route_weight,19,0.014720000326633453
case_015_real,humaneval,early,real_route_replay,276,24,40,real,11.5,1,39,0.9294590576709543,route_weight,20,0.013919999822974205
case_015_real,humaneval,early,real_route_replay,276,24,40,real,11.5,1,39,0.9294590576709543,route_weight,21,0.015263999812304974
case_015_real,humaneval,early,real_route_replay,276,24,40,real,11.5,1,39,0.9294590576709543,route_weight,22,0.01369599997997284
case_015_real,humaneval,early,real_route_replay,276,24,40,real,11.5,1,39,0.9294590576709543,route_weight,23,0.013663999736309052
case_015_real,humaneval,early,real_route_replay,276,24,40,real,11.5,1,39,0.9294590576709543,route_weight,24,0.013183999806642532
case_015_real,humaneval,early,real_route_replay,276,24,40,real,11.5,1,39,0.9294590576709543,route_weight,25,0.013887999579310417
case_015_real,humaneval,early,real_route_replay,276,24,40,real,11.5,1,39,0.9294590576709543,route_weight,26,0.015456000342965126
case_015_real,humaneval,early,real_route_replay,276,24,40,real,11.5,1,39,0.9294590576709543,route_weight,27,0.015231999568641186
case_015_real,humaneval,early,real_route_replay,276,24,40,real,11.5,1,39,0.9294590576709543,route_weight,28,0.013728000223636627
case_015_real,humaneval,early,real_route_replay,276,24,40,real,11.5,1,39,0.9294590576709543,route_weight,29,0.019039999693632126
case_015_real,humaneval,early,real_route_replay,276,24,40,real,11.5,1,39,0.9294590576709543,route_weight,30,0.01539199985563755
case_015_real,humaneval,early,real_route_replay,276,24,40,real,11.5,1,39,0.9294590576709543,route_weight,31,0.01500799972563982
case_015_real,humaneval,early,real_route_replay,276,24,40,real,11.5,1,39,0.9294590576709543,route_weight,32,0.015904000028967857
case_015_real,humaneval,early,real_route_replay,276,24,40,real,11.5,1,39,0.9294590576709543,route_weight,33,0.014911999925971031
case_015_real,humaneval,early,real_route_replay,276,24,40,real,11.5,1,39,0.9294590576709543,route_weight,34,0.014047999866306782
case_015_real,humaneval,early,real_route_replay,276,24,40,real,11.5,1,39,0.9294590576709543,route_weight,35,0.013472000136971474
case_015_real,humaneval,early,real_route_replay,276,24,40,real,11.5,1,39,0.9294590576709543,route_weight,36,0.013535999692976475
case_015_real,humaneval,early,real_route_replay,276,24,40,real,11.5,1,39,0.9294590576709543,route_weight,37,0.015168000012636185
case_015_real,humaneval,early,real_route_replay,276,24,40,real,11.5,1,39,0.9294590576709543,route_weight,38,0.014879999682307243
case_015_real,humaneval,early,real_route_replay,276,24,40,real,11.5,1,39,0.9294590576709543,route_weight,39,0.014944000169634819
case_015_real,humaneval,early,real_route_replay,276,24,40,real,11.5,1,39,0.9294590576709543,gate_up_active_prebuilt,0,0.17286400496959686
case_015_real,humaneval,early,real_route_replay,276,24,40,real,11.5,1,39,0.9294590576709543,gate_up_active_prebuilt,1,0.16787199676036835
case_015_real,humaneval,early,real_route_replay,276,24,40,real,11.5,1,39,0.9294590576709543,gate_up_active_prebuilt,2,0.16816000640392303
case_015_real,humaneval,early,real_route_replay,276,24,40,real,11.5,1,39,0.9294590576709543,gate_up_active_prebuilt,3,0.16655999422073364
case_015_real,humaneval,early,real_route_replay,276,24,40,real,11.5,1,39,0.9294590576709543,gate_up_active_prebuilt,4,0.17177599668502808
case_015_real,humaneval,early,real_route_replay,276,24,40,real,11.5,1,39,0.9294590576709543,gate_up_active_prebuilt,5,0.17241600155830383
case_015_real,humaneval,early,real_route_replay,276,24,40,real,11.5,1,39,0.9294590576709543,gate_up_active_prebuilt,6,0.17027199268341064
case_015_real,humaneval,early,real_route_replay,276,24,40,real,11.5,1,39,0.9294590576709543,gate_up_active_prebuilt,7,0.16713599860668182
case_015_real,humaneval,early,real_route_replay,276,24,40,real,11.5,1,39,0.9294590576709543,gate_up_active_prebuilt,8,0.16575999557971954
case_015_real,humaneval,early,real_route_replay,276,24,40,real,11.5,1,39,0.9294590576709543,gate_up_active_prebuilt,9,0.16998399794101715
case_015_real,humaneval,early,real_route_replay,276,24,40,real,11.5,1,39,0.9294590576709543,gate_up_active_prebuilt,10,0.17043200135231018
case_015_real,humaneval,early,real_route_replay,276,24,40,real,11.5,1,39,0.9294590576709543,gate_up_active_prebuilt,11,0.17254400253295898
case_015_real,humaneval,early,real_route_replay,276,24,40,real,11.5,1,39,0.9294590576709543,gate_up_active_prebuilt,12,0.17257599532604218
case_015_real,humaneval,early,real_route_replay,276,24,40,real,11.5,1,39,0.9294590576709543,gate_up_active_prebuilt,13,0.17561599612236023
case_015_real,humaneval,early,real_route_replay,276,24,40,real,11.5,1,39,0.9294590576709543,gate_up_active_prebuilt,14,0.17401599884033203
case_015_real,humaneval,early,real_route_replay,276,24,40,real,11.5,1,39,0.9294590576709543,gate_up_active_prebuilt,15,0.1740799993276596
case_015_real,humaneval,early,real_route_replay,276,24,40,real,11.5,1,39,0.9294590576709543,gate_up_active_prebuilt,16,0.17574399709701538
case_015_real,humaneval,early,real_route_replay,276,24,40,real,11.5,1,39,0.9294590576709543,gate_up_active_prebuilt,17,0.17763200402259827
case_015_real,humaneval,early,real_route_replay,276,24,40,real,11.5,1,39,0.9294590576709543,gate_up_active_prebuilt,18,0.18361599743366241
case_015_real,humaneval,early,real_route_replay,276,24,40,real,11.5,1,39,0.9294590576709543,gate_up_active_prebuilt,19,0.18236799538135529
case_015_real,humaneval,early,real_route_replay,276,24,40,real,11.5,1,39,0.9294590576709543,gate_up_active_prebuilt,20,0.18031999468803406
case_015_real,humaneval,early,real_route_replay,276,24,40,real,11.5,1,39,0.9294590576709543,gate_up_active_prebuilt,21,0.178847998380661
case_015_real,humaneval,early,real_route_replay,276,24,40,real,11.5,1,39,0.9294590576709543,gate_up_active_prebuilt,22,0.17936000227928162
case_015_real,humaneval,early,real_route_replay,276,24,40,real,11.5,1,39,0.9294590576709543,gate_up_active_prebuilt,23,0.17484800517559052
case_015_real,humaneval,early,real_route_replay,276,24,40,real,11.5,1,39,0.9294590576709543,gate_up_active_prebuilt,24,0.18374399840831757
case_015_real,humaneval,early,real_route_replay,276,24,40,real,11.5,1,39,0.9294590576709543,gate_up_active_prebuilt,25,0.16991999745368958
case_015_real,humaneval,early,real_route_replay,276,24,40,real,11.5,1,39,0.9294590576709543,gate_up_active_prebuilt,26,0.18095999956130981
case_015_real,humaneval,early,real_route_replay,276,24,40,real,11.5,1,39,0.9294590576709543,gate_up_active_prebuilt,27,0.17951999604701996
case_015_real,humaneval,early,real_route_replay,276,24,40,real,11.5,1,39,0.9294590576709543,gate_up_active_prebuilt,28,0.1781120002269745
case_015_real,humaneval,early,real_route_replay,276,24,40,real,11.5,1,39,0.9294590576709543,gate_up_active_prebuilt,29,0.17929600179195404
case_015_real,humaneval,early,real_route_replay,276,24,40,real,11.5,1,39,0.9294590576709543,gate_up_active_prebuilt,30,0.17734399437904358
case_015_real,humaneval,early,real_route_replay,276,24,40,real,11.5,1,39,0.9294590576709543,gate_up_active_prebuilt,31,0.19430400431156158
case_015_real,humaneval,early,real_route_replay,276,24,40,real,11.5,1,39,0.9294590576709543,gate_up_active_prebuilt,32,0.17552000284194946
case_015_real,humaneval,early,real_route_replay,276,24,40,real,11.5,1,39,0.9294590576709543,gate_up_active_prebuilt,33,0.17507199943065643
case_015_real,humaneval,early,real_route_replay,276,24,40,real,11.5,1,39,0.9294590576709543,gate_up_active_prebuilt,34,0.1807360053062439
case_015_real,humaneval,early,real_route_replay,276,24,40,real,11.5,1,39,0.9294590576709543,gate_up_active_prebuilt,35,0.1783680021762848
case_015_real,humaneval,early,real_route_replay,276,24,40,real,11.5,1,39,0.9294590576709543,gate_up_active_prebuilt,36,0.1738239973783493
case_015_real,humaneval,early,real_route_replay,276,24,40,real,11.5,1,39,0.9294590576709543,gate_up_active_prebuilt,37,0.18985599279403687
case_015_real,humaneval,early,real_route_replay,276,24,40,real,11.5,1,39,0.9294590576709543,gate_up_active_prebuilt,38,0.18121600151062012
case_015_real,humaneval,early,real_route_replay,276,24,40,real,11.5,1,39,0.9294590576709543,gate_up_active_prebuilt,39,0.18006399273872375
case_015_real,humaneval,early,real_route_replay,276,24,40,real,11.5,1,39,0.9294590576709543,down_full64_prebuilt,0,0.11699199676513672
case_015_real,humaneval,early,real_route_replay,276,24,40,real,11.5,1,39,0.9294590576709543,down_full64_prebuilt,1,0.12080000340938568
case_015_real,humaneval,early,real_route_replay,276,24,40,real,11.5,1,39,0.9294590576709543,down_full64_prebuilt,2,0.11727999895811081
case_015_real,humaneval,early,real_route_replay,276,24,40,real,11.5,1,39,0.9294590576709543,down_full64_prebuilt,3,0.11395200341939926
case_015_real,humaneval,early,real_route_replay,276,24,40,real,11.5,1,39,0.9294590576709543,down_full64_prebuilt,4,0.11158400028944016
case_015_real,humaneval,early,real_route_replay,276,24,40,real,11.5,1,39,0.9294590576709543,down_full64_prebuilt,5,0.11180800199508667
case_015_real,humaneval,early,real_route_replay,276,24,40,real,11.5,1,39,0.9294590576709543,down_full64_prebuilt,6,0.11420799791812897
case_015_real,humaneval,early,real_route_replay,276,24,40,real,11.5,1,39,0.9294590576709543,down_full64_prebuilt,7,0.11823999881744385
case_015_real,humaneval,early,real_route_replay,276,24,40,real,11.5,1,39,0.9294590576709543,down_full64_prebuilt,8,0.11401599645614624
case_015_real,humaneval,early,real_route_replay,276,24,40,real,11.5,1,39,0.9294590576709543,down_full64_prebuilt,9,0.11414399743080139
case_015_real,humaneval,early,real_route_replay,276,24,40,real,11.5,1,39,0.9294590576709543,down_full64_prebuilt,10,0.11292800307273865
case_015_real,humaneval,early,real_route_replay,276,24,40,real,11.5,1,39,0.9294590576709543,down_full64_prebuilt,11,0.11247999966144562
case_015_real,humaneval,early,real_route_replay,276,24,40,real,11.5,1,39,0.9294590576709543,down_full64_prebuilt,12,0.11347199976444244
case_015_real,humaneval,early,real_route_replay,276,24,40,real,11.5,1,39,0.9294590576709543,down_full64_prebuilt,13,0.11641599982976913
case_015_real,humaneval,early,real_route_replay,276,24,40,real,11.5,1,39,0.9294590576709543,down_full64_prebuilt,14,0.11648000031709671
case_015_real,humaneval,early,real_route_replay,276,24,40,real,11.5,1,39,0.9294590576709543,down_full64_prebuilt,15,0.114656001329422
case_015_real,humaneval,early,real_route_replay,276,24,40,real,11.5,1,39,0.9294590576709543,down_full64_prebuilt,16,0.11734399944543839
case_015_real,humaneval,early,real_route_replay,276,24,40,real,11.5,1,39,0.9294590576709543,down_full64_prebuilt,17,0.1141119971871376
case_015_real,humaneval,early,real_route_replay,276,24,40,real,11.5,1,39,0.9294590576709543,down_full64_prebuilt,18,0.11820799857378006
case_015_real,humaneval,early,real_route_replay,276,24,40,real,11.5,1,39,0.9294590576709543,down_full64_prebuilt,19,0.11392000317573547
case_015_real,humaneval,early,real_route_replay,276,24,40,real,11.5,1,39,0.9294590576709543,down_full64_prebuilt,20,0.1125440001487732
case_015_real,humaneval,early,real_route_replay,276,24,40,real,11.5,1,39,0.9294590576709543,down_full64_prebuilt,21,0.11222399771213531
case_015_real,humaneval,early,real_route_replay,276,24,40,real,11.5,1,39,0.9294590576709543,down_full64_prebuilt,22,0.11558400094509125
case_015_real,humaneval,early,real_route_replay,276,24,40,real,11.5,1,39,0.9294590576709543,down_full64_prebuilt,23,0.11503999680280685
case_015_real,humaneval,early,real_route_replay,276,24,40,real,11.5,1,39,0.9294590576709543,down_full64_prebuilt,24,0.1159679964184761
case_015_real,humaneval,early,real_route_replay,276,24,40,real,11.5,1,39,0.9294590576709543,down_full64_prebuilt,25,0.11212799698114395
case_015_real,humaneval,early,real_route_replay,276,24,40,real,11.5,1,39,0.9294590576709543,down_full64_prebuilt,26,0.11142399907112122
case_015_real,humaneval,early,real_route_replay,276,24,40,real,11.5,1,39,0.9294590576709543,down_full64_prebuilt,27,0.11286400258541107
case_015_real,humaneval,early,real_route_replay,276,24,40,real,11.5,1,39,0.9294590576709543,down_full64_prebuilt,28,0.11507199704647064
case_015_real,humaneval,early,real_route_replay,276,24,40,real,11.5,1,39,0.9294590576709543,down_full64_prebuilt,29,0.1167680025100708
case_015_real,humaneval,early,real_route_replay,276,24,40,real,11.5,1,39,0.9294590576709543,down_full64_prebuilt,30,0.11475200206041336
case_015_real,humaneval,early,real_route_replay,276,24,40,real,11.5,1,39,0.9294590576709543,down_full64_prebuilt,31,0.11990399658679962
case_015_real,humaneval,early,real_route_replay,276,24,40,real,11.5,1,39,0.9294590576709543,down_full64_prebuilt,32,0.11827199906110764
case_015_real,humaneval,early,real_route_replay,276,24,40,real,11.5,1,39,0.9294590576709543,down_full64_prebuilt,33,0.1178240031003952
case_015_real,humaneval,early,real_route_replay,276,24,40,real,11.5,1,39,0.9294590576709543,down_full64_prebuilt,34,0.12172800302505493
case_015_real,humaneval,early,real_route_replay,276,24,40,real,11.5,1,39,0.9294590576709543,down_full64_prebuilt,35,0.12160000205039978
case_015_real,humaneval,early,real_route_replay,276,24,40,real,11.5,1,39,0.9294590576709543,down_full64_prebuilt,36,0.11817599833011627
case_015_real,humaneval,early,real_route_replay,276,24,40,real,11.5,1,39,0.9294590576709543,down_full64_prebuilt,37,0.12137600034475327
case_015_real,humaneval,early,real_route_replay,276,24,40,real,11.5,1,39,0.9294590576709543,down_full64_prebuilt,38,0.12396799772977829
case_015_real,humaneval,early,real_route_replay,276,24,40,real,11.5,1,39,0.9294590576709543,down_full64_prebuilt,39,0.1265600025653839
case_015_real,humaneval,early,real_route_replay,276,24,40,real,11.5,1,39,0.9294590576709543,swiglu,0,0.02691200003027916
case_015_real,humaneval,early,real_route_replay,276,24,40,real,11.5,1,39,0.9294590576709543,swiglu,1,0.02812799997627735
case_015_real,humaneval,early,real_route_replay,276,24,40,real,11.5,1,39,0.9294590576709543,swiglu,2,0.023615999147295952
case_015_real,humaneval,early,real_route_replay,276,24,40,real,11.5,1,39,0.9294590576709543,swiglu,3,0.023552000522613525
case_015_real,humaneval,early,real_route_replay,276,24,40,real,11.5,1,39,0.9294590576709543,swiglu,4,0.023296000435948372
case_015_real,humaneval,early,real_route_replay,276,24,40,real,11.5,1,39,0.9294590576709543,swiglu,5,0.023520000278949738
case_015_real,humaneval,early,real_route_replay,276,24,40,real,11.5,1,39,0.9294590576709543,swiglu,6,0.021088000386953354
case_015_real,humaneval,early,real_route_replay,276,24,40,real,11.5,1,39,0.9294590576709543,swiglu,7,0.01990400068461895
case_015_real,humaneval,early,real_route_replay,276,24,40,real,11.5,1,39,0.9294590576709543,swiglu,8,0.029472000896930695
case_015_real,humaneval,early,real_route_replay,276,24,40,real,11.5,1,39,0.9294590576709543,swiglu,9,0.021344000473618507
case_015_real,humaneval,early,real_route_replay,276,24,40,real,11.5,1,39,0.9294590576709543,swiglu,10,0.019999999552965164
case_015_real,humaneval,early,real_route_replay,276,24,40,real,11.5,1,39,0.9294590576709543,swiglu,11,0.020608000457286835
case_015_real,humaneval,early,real_route_replay,276,24,40,real,11.5,1,39,0.9294590576709543,swiglu,12,0.03331200033426285
case_015_real,humaneval,early,real_route_replay,276,24,40,real,11.5,1,39,0.9294590576709543,swiglu,13,0.023903999477624893
case_015_real,humaneval,early,real_route_replay,276,24,40,real,11.5,1,39,0.9294590576709543,swiglu,14,0.02454400062561035
case_015_real,humaneval,early,real_route_replay,276,24,40,real,11.5,1,39,0.9294590576709543,swiglu,15,0.033215999603271484
case_015_real,humaneval,early,real_route_replay,276,24,40,real,11.5,1,39,0.9294590576709543,swiglu,16,0.03302399814128876
case_015_real,humaneval,early,real_route_replay,276,24,40,real,11.5,1,39,0.9294590576709543,swiglu,17,0.030527999624609947
case_015_real,humaneval,early,real_route_replay,276,24,40,real,11.5,1,39,0.9294590576709543,swiglu,18,0.028960000723600388
case_015_real,humaneval,early,real_route_replay,276,24,40,real,11.5,1,39,0.9294590576709543,swiglu,19,0.029311999678611755
case_015_real,humaneval,early,real_route_replay,276,24,40,real,11.5,1,39,0.9294590576709543,swiglu,20,0.03292800113558769
case_015_real,humaneval,early,real_route_replay,276,24,40,real,11.5,1,39,0.9294590576709543,swiglu,21,0.034912001341581345
case_015_real,humaneval,early,real_route_replay,276,24,40,real,11.5,1,39,0.9294590576709543,swiglu,22,0.03791999816894531
case_015_real,humaneval,early,real_route_replay,276,24,40,real,11.5,1,39,0.9294590576709543,swiglu,23,0.0350399985909462
case_015_real,humaneval,early,real_route_replay,276,24,40,real,11.5,1,39,0.9294590576709543,swiglu,24,0.033504001796245575
case_015_real,humaneval,early,real_route_replay,276,24,40,real,11.5,1,39,0.9294590576709543,swiglu,25,0.0331839993596077
case_015_real,humaneval,early,real_route_replay,276,24,40,real,11.5,1,39,0.9294590576709543,swiglu,26,0.03417599946260452
case_015_real,humaneval,early,real_route_replay,276,24,40,real,11.5,1,39,0.9294590576709543,swiglu,27,0.034143999218940735
case_015_real,humaneval,early,real_route_replay,276,24,40,real,11.5,1,39,0.9294590576709543,swiglu,28,0.0387520007789135
case_015_real,humaneval,early,real_route_replay,276,24,40,real,11.5,1,39,0.9294590576709543,swiglu,29,0.04614400118589401
case_015_real,humaneval,early,real_route_replay,276,24,40,real,11.5,1,39,0.9294590576709543,swiglu,30,0.034432001411914825
case_015_real,humaneval,early,real_route_replay,276,24,40,real,11.5,1,39,0.9294590576709543,swiglu,31,0.043487999588251114
case_015_real,humaneval,early,real_route_replay,276,24,40,real,11.5,1,39,0.9294590576709543,swiglu,32,0.03939199820160866
case_015_real,humaneval,early,real_route_replay,276,24,40,real,11.5,1,39,0.9294590576709543,swiglu,33,0.038656000047922134
case_015_real,humaneval,early,real_route_replay,276,24,40,real,11.5,1,39,0.9294590576709543,swiglu,34,0.034143999218940735
case_015_real,humaneval,early,real_route_replay,276,24,40,real,11.5,1,39,0.9294590576709543,swiglu,35,0.03891199827194214
case_015_real,humaneval,early,real_route_replay,276,24,40,real,11.5,1,39,0.9294590576709543,swiglu,36,0.05619199946522713
case_015_real,humaneval,early,real_route_replay,276,24,40,real,11.5,1,39,0.9294590576709543,swiglu,37,0.03811199963092804
case_015_real,humaneval,early,real_route_replay,276,24,40,real,11.5,1,39,0.9294590576709543,swiglu,38,0.03580800071358681
case_015_real,humaneval,early,real_route_replay,276,24,40,real,11.5,1,39,0.9294590576709543,swiglu,39,0.0350399985909462
case_016_real,humaneval,early,real_route_replay,1667,44,20,real,37.88636363636363,1,271,1.3240985594254273,route_weight,0,0.057920001447200775
case_016_real,humaneval,early,real_route_replay,1667,44,20,real,37.88636363636363,1,271,1.3240985594254273,route_weight,1,0.0307839997112751
case_016_real,humaneval,early,real_route_replay,1667,44,20,real,37.88636363636363,1,271,1.3240985594254273,route_weight,2,0.031039999797940254
case_016_real,humaneval,early,real_route_replay,1667,44,20,real,37.88636363636363,1,271,1.3240985594254273,route_weight,3,0.02924799919128418
case_016_real,humaneval,early,real_route_replay,1667,44,20,real,37.88636363636363,1,271,1.3240985594254273,route_weight,4,0.02816000021994114
case_016_real,humaneval,early,real_route_replay,1667,44,20,real,37.88636363636363,1,271,1.3240985594254273,route_weight,5,0.028543999418616295
case_016_real,humaneval,early,real_route_replay,1667,44,20,real,37.88636363636363,1,271,1.3240985594254273,route_weight,6,0.030751999467611313
case_016_real,humaneval,early,real_route_replay,1667,44,20,real,37.88636363636363,1,271,1.3240985594254273,route_weight,7,0.02751999907195568
case_016_real,humaneval,early,real_route_replay,1667,44,20,real,37.88636363636363,1,271,1.3240985594254273,route_weight,8,0.029152000322937965
case_016_real,humaneval,early,real_route_replay,1667,44,20,real,37.88636363636363,1,271,1.3240985594254273,route_weight,9,0.029791999608278275
case_016_real,humaneval,early,real_route_replay,1667,44,20,real,37.88636363636363,1,271,1.3240985594254273,route_weight,10,0.02860799990594387
case_016_real,humaneval,early,real_route_replay,1667,44,20,real,37.88636363636363,1,271,1.3240985594254273,route_weight,11,0.030112000182271004
case_016_real,humaneval,early,real_route_replay,1667,44,20,real,37.88636363636363,1,271,1.3240985594254273,route_weight,12,0.02879999950528145
case_016_real,humaneval,early,real_route_replay,1667,44,20,real,37.88636363636363,1,271,1.3240985594254273,route_weight,13,0.029023999348282814
case_016_real,humaneval,early,real_route_replay,1667,44,20,real,37.88636363636363,1,271,1.3240985594254273,route_weight,14,0.028672000393271446
case_016_real,humaneval,early,real_route_replay,1667,44,20,real,37.88636363636363,1,271,1.3240985594254273,route_weight,15,0.028511999174952507
case_016_real,humaneval,early,real_route_replay,1667,44,20,real,37.88636363636363,1,271,1.3240985594254273,route_weight,16,0.028031999245285988
case_016_real,humaneval,early,real_route_replay,1667,44,20,real,37.88636363636363,1,271,1.3240985594254273,route_weight,17,0.028095999732613564
case_016_real,humaneval,early,real_route_replay,1667,44,20,real,37.88636363636363,1,271,1.3240985594254273,route_weight,18,0.029920000582933426
case_016_real,humaneval,early,real_route_replay,1667,44,20,real,37.88636363636363,1,271,1.3240985594254273,route_weight,19,0.033663999289274216
case_016_real,humaneval,early,real_route_replay,1667,44,20,real,37.88636363636363,1,271,1.3240985594254273,route_weight,20,0.029952000826597214
case_016_real,humaneval,early,real_route_replay,1667,44,20,real,37.88636363636363,1,271,1.3240985594254273,route_weight,21,0.03561599925160408
case_016_real,humaneval,early,real_route_replay,1667,44,20,real,37.88636363636363,1,271,1.3240985594254273,route_weight,22,0.028960000723600388
case_016_real,humaneval,early,real_route_replay,1667,44,20,real,37.88636363636363,1,271,1.3240985594254273,route_weight,23,0.02611199952661991
case_016_real,humaneval,early,real_route_replay,1667,44,20,real,37.88636363636363,1,271,1.3240985594254273,route_weight,24,0.024800000712275505
case_016_real,humaneval,early,real_route_replay,1667,44,20,real,37.88636363636363,1,271,1.3240985594254273,route_weight,25,0.027295999228954315
case_016_real,humaneval,early,real_route_replay,1667,44,20,real,37.88636363636363,1,271,1.3240985594254273,route_weight,26,0.03062400035560131
case_016_real,humaneval,early,real_route_replay,1667,44,20,real,37.88636363636363,1,271,1.3240985594254273,route_weight,27,0.029791999608278275
case_016_real,humaneval,early,real_route_replay,1667,44,20,real,37.88636363636363,1,271,1.3240985594254273,route_weight,28,0.03110400028526783
case_016_real,humaneval,early,real_route_replay,1667,44,20,real,37.88636363636363,1,271,1.3240985594254273,route_weight,29,0.02953599952161312
case_016_real,humaneval,early,real_route_replay,1667,44,20,real,37.88636363636363,1,271,1.3240985594254273,route_weight,30,0.025536000728607178
case_016_real,humaneval,early,real_route_replay,1667,44,20,real,37.88636363636363,1,271,1.3240985594254273,route_weight,31,0.025536000728607178
case_016_real,humaneval,early,real_route_replay,1667,44,20,real,37.88636363636363,1,271,1.3240985594254273,route_weight,32,0.024671999737620354
case_016_real,humaneval,early,real_route_replay,1667,44,20,real,37.88636363636363,1,271,1.3240985594254273,route_weight,33,0.026240000501275063
case_016_real,humaneval,early,real_route_replay,1667,44,20,real,37.88636363636363,1,271,1.3240985594254273,route_weight,34,0.026016000658273697
case_016_real,humaneval,early,real_route_replay,1667,44,20,real,37.88636363636363,1,271,1.3240985594254273,route_weight,35,0.025919999927282333
case_016_real,humaneval,early,real_route_replay,1667,44,20,real,37.88636363636363,1,271,1.3240985594254273,route_weight,36,0.02595200017094612
case_016_real,humaneval,early,real_route_replay,1667,44,20,real,37.88636363636363,1,271,1.3240985594254273,route_weight,37,0.025855999439954758
case_016_real,humaneval,early,real_route_replay,1667,44,20,real,37.88636363636363,1,271,1.3240985594254273,route_weight,38,0.026016000658273697
case_016_real,humaneval,early,real_route_replay,1667,44,20,real,37.88636363636363,1,271,1.3240985594254273,route_weight,39,0.02627200074493885
case_016_real,humaneval,early,real_route_replay,1667,44,20,real,37.88636363636363,1,271,1.3240985594254273,down_full64_prebuilt,0,0.20844799280166626
case_016_real,humaneval,early,real_route_replay,1667,44,20,real,37.88636363636363,1,271,1.3240985594254273,down_full64_prebuilt,1,0.19049599766731262
case_016_real,humaneval,early,real_route_replay,1667,44,20,real,37.88636363636363,1,271,1.3240985594254273,down_full64_prebuilt,2,0.1908160001039505
case_016_real,humaneval,early,real_route_replay,1667,44,20,real,37.88636363636363,1,271,1.3240985594254273,down_full64_prebuilt,3,0.19129599630832672
case_016_real,humaneval,early,real_route_replay,1667,44,20,real,37.88636363636363,1,271,1.3240985594254273,down_full64_prebuilt,4,0.19155199825763702
case_016_real,humaneval,early,real_route_replay,1667,44,20,real,37.88636363636363,1,271,1.3240985594254273,down_full64_prebuilt,5,0.18863999843597412
case_016_real,humaneval,early,real_route_replay,1667,44,20,real,37.88636363636363,1,271,1.3240985594254273,down_full64_prebuilt,6,0.19103999435901642
case_016_real,humaneval,early,real_route_replay,1667,44,20,real,37.88636363636363,1,271,1.3240985594254273,down_full64_prebuilt,7,0.18911999464035034
case_016_real,humaneval,early,real_route_replay,1667,44,20,real,37.88636363636363,1,271,1.3240985594254273,down_full64_prebuilt,8,0.19065600633621216
case_016_real,humaneval,early,real_route_replay,1667,44,20,real,37.88636363636363,1,271,1.3240985594254273,down_full64_prebuilt,9,0.1897280067205429
case_016_real,humaneval,early,real_route_replay,1667,44,20,real,37.88636363636363,1,271,1.3240985594254273,down_full64_prebuilt,10,0.19033600389957428
case_016_real,humaneval,early,real_route_replay,1667,44,20,real,37.88636363636363,1,271,1.3240985594254273,down_full64_prebuilt,11,0.1927040070295334
case_016_real,humaneval,early,real_route_replay,1667,44,20,real,37.88636363636363,1,271,1.3240985594254273,down_full64_prebuilt,12,0.1897599995136261
case_016_real,humaneval,early,real_route_replay,1667,44,20,real,37.88636363636363,1,271,1.3240985594254273,down_full64_prebuilt,13,0.18646399676799774
case_016_real,humaneval,early,real_route_replay,1667,44,20,real,37.88636363636363,1,271,1.3240985594254273,down_full64_prebuilt,14,0.18671999871730804
case_016_real,humaneval,early,real_route_replay,1667,44,20,real,37.88636363636363,1,271,1.3240985594254273,down_full64_prebuilt,15,0.1881600022315979
case_016_real,humaneval,early,real_route_replay,1667,44,20,real,37.88636363636363,1,271,1.3240985594254273,down_full64_prebuilt,16,0.18614399433135986
case_016_real,humaneval,early,real_route_replay,1667,44,20,real,37.88636363636363,1,271,1.3240985594254273,down_full64_prebuilt,17,0.18627199530601501
case_016_real,humaneval,early,real_route_replay,1667,44,20,real,37.88636363636363,1,271,1.3240985594254273,down_full64_prebuilt,18,0.18828800320625305
case_016_real,humaneval,early,real_route_replay,1667,44,20,real,37.88636363636363,1,271,1.3240985594254273,down_full64_prebuilt,19,0.19068799912929535
case_016_real,humaneval,early,real_route_replay,1667,44,20,real,37.88636363636363,1,271,1.3240985594254273,down_full64_prebuilt,20,0.18953600525856018
case_016_real,humaneval,early,real_route_replay,1667,44,20,real,37.88636363636363,1,271,1.3240985594254273,down_full64_prebuilt,21,0.19200000166893005
case_016_real,humaneval,early,real_route_replay,1667,44,20,real,37.88636363636363,1,271,1.3240985594254273,down_full64_prebuilt,22,0.19273599982261658
case_016_real,humaneval,early,real_route_replay,1667,44,20,real,37.88636363636363,1,271,1.3240985594254273,down_full64_prebuilt,23,0.19577600061893463
case_016_real,humaneval,early,real_route_replay,1667,44,20,real,37.88636363636363,1,271,1.3240985594254273,down_full64_prebuilt,24,0.18905599415302277
case_016_real,humaneval,early,real_route_replay,1667,44,20,real,37.88636363636363,1,271,1.3240985594254273,down_full64_prebuilt,25,0.18995200097560883
case_016_real,humaneval,early,real_route_replay,1667,44,20,real,37.88636363636363,1,271,1.3240985594254273,down_full64_prebuilt,26,0.19327999651432037
case_016_real,humaneval,early,real_route_replay,1667,44,20,real,37.88636363636363,1,271,1.3240985594254273,down_full64_prebuilt,27,0.18719999492168427
case_016_real,humaneval,early,real_route_replay,1667,44,20,real,37.88636363636363,1,271,1.3240985594254273,down_full64_prebuilt,28,0.18774400651454926
case_016_real,humaneval,early,real_route_replay,1667,44,20,real,37.88636363636363,1,271,1.3240985594254273,down_full64_prebuilt,29,0.18700799345970154
case_016_real,humaneval,early,real_route_replay,1667,44,20,real,37.88636363636363,1,271,1.3240985594254273,down_full64_prebuilt,30,0.1870719939470291
case_016_real,humaneval,early,real_route_replay,1667,44,20,real,37.88636363636363,1,271,1.3240985594254273,down_full64_prebuilt,31,0.18755200505256653
case_016_real,humaneval,early,real_route_replay,1667,44,20,real,37.88636363636363,1,271,1.3240985594254273,down_full64_prebuilt,32,0.18425600230693817
case_016_real,humaneval,early,real_route_replay,1667,44,20,real,37.88636363636363,1,271,1.3240985594254273,down_full64_prebuilt,33,0.18931199610233307
case_016_real,humaneval,early,real_route_replay,1667,44,20,real,37.88636363636363,1,271,1.3240985594254273,down_full64_prebuilt,34,0.18768000602722168
case_016_real,humaneval,early,real_route_replay,1667,44,20,real,37.88636363636363,1,271,1.3240985594254273,down_full64_prebuilt,35,0.18863999843597412
case_016_real,humaneval,early,real_route_replay,1667,44,20,real,37.88636363636363,1,271,1.3240985594254273,down_full64_prebuilt,36,0.18809600174427032
case_016_real,humaneval,early,real_route_replay,1667,44,20,real,37.88636363636363,1,271,1.3240985594254273,down_full64_prebuilt,37,0.188960000872612
case_016_real,humaneval,early,real_route_replay,1667,44,20,real,37.88636363636363,1,271,1.3240985594254273,down_full64_prebuilt,38,0.18995200097560883
case_016_real,humaneval,early,real_route_replay,1667,44,20,real,37.88636363636363,1,271,1.3240985594254273,down_full64_prebuilt,39,0.18892799317836761
case_016_real,humaneval,early,real_route_replay,1667,44,20,real,37.88636363636363,1,271,1.3240985594254273,down_active_prebuilt,0,0.19017599523067474
case_016_real,humaneval,early,real_route_replay,1667,44,20,real,37.88636363636363,1,271,1.3240985594254273,down_active_prebuilt,1,0.18502399325370789
case_016_real,humaneval,early,real_route_replay,1667,44,20,real,37.88636363636363,1,271,1.3240985594254273,down_active_prebuilt,2,0.1876479983329773
case_016_real,humaneval,early,real_route_replay,1667,44,20,real,37.88636363636363,1,271,1.3240985594254273,down_active_prebuilt,3,0.18857599794864655
case_016_real,humaneval,early,real_route_replay,1667,44,20,real,37.88636363636363,1,271,1.3240985594254273,down_active_prebuilt,4,0.1847359985113144
case_016_real,humaneval,early,real_route_replay,1667,44,20,real,37.88636363636363,1,271,1.3240985594254273,down_active_prebuilt,5,0.18704000115394592
case_016_real,humaneval,early,real_route_replay,1667,44,20,real,37.88636363636363,1,271,1.3240985594254273,down_active_prebuilt,6,0.18889600038528442
case_016_real,humaneval,early,real_route_replay,1667,44,20,real,37.88636363636363,1,271,1.3240985594254273,down_active_prebuilt,7,0.1865600049495697
case_016_real,humaneval,early,real_route_replay,1667,44,20,real,37.88636363636363,1,271,1.3240985594254273,down_active_prebuilt,8,0.18774400651454926
case_016_real,humaneval,early,real_route_replay,1667,44,20,real,37.88636363636363,1,271,1.3240985594254273,down_active_prebuilt,9,0.18828800320625305
case_016_real,humaneval,early,real_route_replay,1667,44,20,real,37.88636363636363,1,271,1.3240985594254273,down_active_prebuilt,10,0.1915840059518814
case_016_real,humaneval,early,real_route_replay,1667,44,20,real,37.88636363636363,1,271,1.3240985594254273,down_active_prebuilt,11,0.1870719939470291
case_016_real,humaneval,early,real_route_replay,1667,44,20,real,37.88636363636363,1,271,1.3240985594254273,down_active_prebuilt,12,0.18569600582122803
case_016_real,humaneval,early,real_route_replay,1667,44,20,real,37.88636363636363,1,271,1.3240985594254273,down_active_prebuilt,13,0.18681600689888
case_016_real,humaneval,early,real_route_replay,1667,44,20,real,37.88636363636363,1,271,1.3240985594254273,down_active_prebuilt,14,0.191103994846344
case_016_real,humaneval,early,real_route_replay,1667,44,20,real,37.88636363636363,1,271,1.3240985594254273,down_active_prebuilt,15,0.1907840073108673
case_016_real,humaneval,early,real_route_replay,1667,44,20,real,37.88636363636363,1,271,1.3240985594254273,down_active_prebuilt,16,0.18809600174427032
case_016_real,humaneval,early,real_route_replay,1667,44,20,real,37.88636363636363,1,271,1.3240985594254273,down_active_prebuilt,17,0.18876799941062927
case_016_real,humaneval,early,real_route_replay,1667,44,20,real,37.88636363636363,1,271,1.3240985594254273,down_active_prebuilt,18,0.1924159973859787
case_016_real,humaneval,early,real_route_replay,1667,44,20,real,37.88636363636363,1,271,1.3240985594254273,down_active_prebuilt,19,0.1886720061302185
case_016_real,humaneval,early,real_route_replay,1667,44,20,real,37.88636363636363,1,271,1.3240985594254273,down_active_prebuilt,20,0.18595199286937714
case_016_real,humaneval,early,real_route_replay,1667,44,20,real,37.88636363636363,1,271,1.3240985594254273,down_active_prebuilt,21,0.18678399920463562
case_016_real,humaneval,early,real_route_replay,1667,44,20,real,37.88636363636363,1,271,1.3240985594254273,down_active_prebuilt,22,0.18799999356269836
case_016_real,humaneval,early,real_route_replay,1667,44,20,real,37.88636363636363,1,271,1.3240985594254273,down_active_prebuilt,23,0.18595199286937714
case_016_real,humaneval,early,real_route_replay,1667,44,20,real,37.88636363636363,1,271,1.3240985594254273,down_active_prebuilt,24,0.19280000030994415
case_016_real,humaneval,early,real_route_replay,1667,44,20,real,37.88636363636363,1,271,1.3240985594254273,down_active_prebuilt,25,0.19785599410533905
case_016_real,humaneval,early,real_route_replay,1667,44,20,real,37.88636363636363,1,271,1.3240985594254273,down_active_prebuilt,26,0.19683200120925903
case_016_real,humaneval,early,real_route_replay,1667,44,20,real,37.88636363636363,1,271,1.3240985594254273,down_active_prebuilt,27,0.19740800559520721
case_016_real,humaneval,early,real_route_replay,1667,44,20,real,37.88636363636363,1,271,1.3240985594254273,down_active_prebuilt,28,0.1998720020055771
case_016_real,humaneval,early,real_route_replay,1667,44,20,real,37.88636363636363,1,271,1.3240985594254273,down_active_prebuilt,29,0.20924800634384155
case_016_real,humaneval,early,real_route_replay,1667,44,20,real,37.88636363636363,1,271,1.3240985594254273,down_active_prebuilt,30,0.19977599382400513
case_016_real,humaneval,early,real_route_replay,1667,44,20,real,37.88636363636363,1,271,1.3240985594254273,down_active_prebuilt,31,0.1969279944896698
case_016_real,humaneval,early,real_route_replay,1667,44,20,real,37.88636363636363,1,271,1.3240985594254273,down_active_prebuilt,32,0.1972160041332245
case_016_real,humaneval,early,real_route_replay,1667,44,20,real,37.88636363636363,1,271,1.3240985594254273,down_active_prebuilt,33,0.19414399564266205
case_016_real,humaneval,early,real_route_replay,1667,44,20,real,37.88636363636363,1,271,1.3240985594254273,down_active_prebuilt,34,0.1971520036458969
case_016_real,humaneval,early,real_route_replay,1667,44,20,real,37.88636363636363,1,271,1.3240985594254273,down_active_prebuilt,35,0.1966399997472763
case_016_real,humaneval,early,real_route_replay,1667,44,20,real,37.88636363636363,1,271,1.3240985594254273,down_active_prebuilt,36,0.20761600136756897
case_016_real,humaneval,early,real_route_replay,1667,44,20,real,37.88636363636363,1,271,1.3240985594254273,down_active_prebuilt,37,0.19417600333690643
case_016_real,humaneval,early,real_route_replay,1667,44,20,real,37.88636363636363,1,271,1.3240985594254273,down_active_prebuilt,38,0.20255999267101288
case_016_real,humaneval,early,real_route_replay,1667,44,20,real,37.88636363636363,1,271,1.3240985594254273,down_active_prebuilt,39,0.19705599546432495
case_016_real,humaneval,early,real_route_replay,1667,44,20,real,37.88636363636363,1,271,1.3240985594254273,gate_up_active_prebuilt,0,0.3160000145435333
case_016_real,humaneval,early,real_route_replay,1667,44,20,real,37.88636363636363,1,271,1.3240985594254273,gate_up_active_prebuilt,1,0.3110400140285492
case_016_real,humaneval,early,real_route_replay,1667,44,20,real,37.88636363636363,1,271,1.3240985594254273,gate_up_active_prebuilt,2,0.31196799874305725
case_016_real,humaneval,early,real_route_replay,1667,44,20,real,37.88636363636363,1,271,1.3240985594254273,gate_up_active_prebuilt,3,0.31065601110458374
case_016_real,humaneval,early,real_route_replay,1667,44,20,real,37.88636363636363,1,271,1.3240985594254273,gate_up_active_prebuilt,4,0.3099839985370636
case_016_real,humaneval,early,real_route_replay,1667,44,20,real,37.88636363636363,1,271,1.3240985594254273,gate_up_active_prebuilt,5,0.3124159872531891
case_016_real,humaneval,early,real_route_replay,1667,44,20,real,37.88636363636363,1,271,1.3240985594254273,gate_up_active_prebuilt,6,0.31571200489997864
case_016_real,humaneval,early,real_route_replay,1667,44,20,real,37.88636363636363,1,271,1.3240985594254273,gate_up_active_prebuilt,7,0.3165760040283203
case_016_real,humaneval,early,real_route_replay,1667,44,20,real,37.88636363636363,1,271,1.3240985594254273,gate_up_active_prebuilt,8,0.31753599643707275
case_016_real,humaneval,early,real_route_replay,1667,44,20,real,37.88636363636363,1,271,1.3240985594254273,gate_up_active_prebuilt,9,0.317984014749527
case_016_real,humaneval,early,real_route_replay,1667,44,20,real,37.88636363636363,1,271,1.3240985594254273,gate_up_active_prebuilt,10,0.3251839876174927
case_016_real,humaneval,early,real_route_replay,1667,44,20,real,37.88636363636363,1,271,1.3240985594254273,gate_up_active_prebuilt,11,0.32227200269699097
case_016_real,humaneval,early,real_route_replay,1667,44,20,real,37.88636363636363,1,271,1.3240985594254273,gate_up_active_prebuilt,12,0.3197120130062103
case_016_real,humaneval,early,real_route_replay,1667,44,20,real,37.88636363636363,1,271,1.3240985594254273,gate_up_active_prebuilt,13,0.3144960105419159
case_016_real,humaneval,early,real_route_replay,1667,44,20,real,37.88636363636363,1,271,1.3240985594254273,gate_up_active_prebuilt,14,0.3258560001850128
case_016_real,humaneval,early,real_route_replay,1667,44,20,real,37.88636363636363,1,271,1.3240985594254273,gate_up_active_prebuilt,15,0.3214400112628937
case_016_real,humaneval,early,real_route_replay,1667,44,20,real,37.88636363636363,1,271,1.3240985594254273,gate_up_active_prebuilt,16,0.3229759931564331
case_016_real,humaneval,early,real_route_replay,1667,44,20,real,37.88636363636363,1,271,1.3240985594254273,gate_up_active_prebuilt,17,0.3152639865875244
case_016_real,humaneval,early,real_route_replay,1667,44,20,real,37.88636363636363,1,271,1.3240985594254273,gate_up_active_prebuilt,18,0.31308799982070923
case_016_real,humaneval,early,real_route_replay,1667,44,20,real,37.88636363636363,1,271,1.3240985594254273,gate_up_active_prebuilt,19,0.32067200541496277
case_016_real,humaneval,early,real_route_replay,1667,44,20,real,37.88636363636363,1,271,1.3240985594254273,gate_up_active_prebuilt,20,0.31276801228523254
case_016_real,humaneval,early,real_route_replay,1667,44,20,real,37.88636363636363,1,271,1.3240985594254273,gate_up_active_prebuilt,21,0.3184640109539032
case_016_real,humaneval,early,real_route_replay,1667,44,20,real,37.88636363636363,1,271,1.3240985594254273,gate_up_active_prebuilt,22,0.3168320059776306
case_016_real,humaneval,early,real_route_replay,1667,44,20,real,37.88636363636363,1,271,1.3240985594254273,gate_up_active_prebuilt,23,0.3187519907951355
case_016_real,humaneval,early,real_route_replay,1667,44,20,real,37.88636363636363,1,271,1.3240985594254273,gate_up_active_prebuilt,24,0.31727999448776245
case_016_real,humaneval,early,real_route_replay,1667,44,20,real,37.88636363636363,1,271,1.3240985594254273,gate_up_active_prebuilt,25,0.31910398602485657
case_016_real,humaneval,early,real_route_replay,1667,44,20,real,37.88636363636363,1,271,1.3240985594254273,gate_up_active_prebuilt,26,0.3158400058746338
case_016_real,humaneval,early,real_route_replay,1667,44,20,real,37.88636363636363,1,271,1.3240985594254273,gate_up_active_prebuilt,27,0.3107840120792389
case_016_real,humaneval,early,real_route_replay,1667,44,20,real,37.88636363636363,1,271,1.3240985594254273,gate_up_active_prebuilt,28,0.3121599853038788
case_016_real,humaneval,early,real_route_replay,1667,44,20,real,37.88636363636363,1,271,1.3240985594254273,gate_up_active_prebuilt,29,0.3112320005893707
case_016_real,humaneval,early,real_route_replay,1667,44,20,real,37.88636363636363,1,271,1.3240985594254273,gate_up_active_prebuilt,30,0.3118079900741577
case_016_real,humaneval,early,real_route_replay,1667,44,20,real,37.88636363636363,1,271,1.3240985594254273,gate_up_active_prebuilt,31,0.31167998909950256
case_016_real,humaneval,early,real_route_replay,1667,44,20,real,37.88636363636363,1,271,1.3240985594254273,gate_up_active_prebuilt,32,0.30851200222969055
case_016_real,humaneval,early,real_route_replay,1667,44,20,real,37.88636363636363,1,271,1.3240985594254273,gate_up_active_prebuilt,33,0.31014400720596313
case_016_real,humaneval,early,real_route_replay,1667,44,20,real,37.88636363636363,1,271,1.3240985594254273,gate_up_active_prebuilt,34,0.31174400448799133
case_016_real,humaneval,early,real_route_replay,1667,44,20,real,37.88636363636363,1,271,1.3240985594254273,gate_up_active_prebuilt,35,0.3073599934577942
case_016_real,humaneval,early,real_route_replay,1667,44,20,real,37.88636363636363,1,271,1.3240985594254273,gate_up_active_prebuilt,36,0.31065601110458374
case_016_real,humaneval,early,real_route_replay,1667,44,20,real,37.88636363636363,1,271,1.3240985594254273,gate_up_active_prebuilt,37,0.3081279993057251
case_016_real,humaneval,early,real_route_replay,1667,44,20,real,37.88636363636363,1,271,1.3240985594254273,gate_up_active_prebuilt,38,0.3055360019207001
case_016_real,humaneval,early,real_route_replay,1667,44,20,real,37.88636363636363,1,271,1.3240985594254273,gate_up_active_prebuilt,39,0.30847999453544617
case_016_real,humaneval,early,real_route_replay,1667,44,20,real,37.88636363636363,1,271,1.3240985594254273,gate_up_full64_prebuilt,0,0.3187519907951355
case_016_real,humaneval,early,real_route_replay,1667,44,20,real,37.88636363636363,1,271,1.3240985594254273,gate_up_full64_prebuilt,1,0.30668801069259644
case_016_real,humaneval,early,real_route_replay,1667,44,20,real,37.88636363636363,1,271,1.3240985594254273,gate_up_full64_prebuilt,2,0.30908799171447754
case_016_real,humaneval,early,real_route_replay,1667,44,20,real,37.88636363636363,1,271,1.3240985594254273,gate_up_full64_prebuilt,3,0.306304007768631
case_016_real,humaneval,early,real_route_replay,1667,44,20,real,37.88636363636363,1,271,1.3240985594254273,gate_up_full64_prebuilt,4,0.3096640110015869
case_016_real,humaneval,early,real_route_replay,1667,44,20,real,37.88636363636363,1,271,1.3240985594254273,gate_up_full64_prebuilt,5,0.3054719865322113
case_016_real,humaneval,early,real_route_replay,1667,44,20,real,37.88636363636363,1,271,1.3240985594254273,gate_up_full64_prebuilt,6,0.30646398663520813
case_016_real,humaneval,early,real_route_replay,1667,44,20,real,37.88636363636363,1,271,1.3240985594254273,gate_up_full64_prebuilt,7,0.30822399258613586
case_016_real,humaneval,early,real_route_replay,1667,44,20,real,37.88636363636363,1,271,1.3240985594254273,gate_up_full64_prebuilt,8,0.3057279884815216
case_016_real,humaneval,early,real_route_replay,1667,44,20,real,37.88636363636363,1,271,1.3240985594254273,gate_up_full64_prebuilt,9,0.30527999997138977
case_016_real,humaneval,early,real_route_replay,1667,44,20,real,37.88636363636363,1,271,1.3240985594254273,gate_up_full64_prebuilt,10,0.3107520043849945
case_016_real,humaneval,early,real_route_replay,1667,44,20,real,37.88636363636363,1,271,1.3240985594254273,gate_up_full64_prebuilt,11,0.30694401264190674
case_016_real,humaneval,early,real_route_replay,1667,44,20,real,37.88636363636363,1,271,1.3240985594254273,gate_up_full64_prebuilt,12,0.31331199407577515
case_016_real,humaneval,early,real_route_replay,1667,44,20,real,37.88636363636363,1,271,1.3240985594254273,gate_up_full64_prebuilt,13,0.31670400500297546
case_016_real,humaneval,early,real_route_replay,1667,44,20,real,37.88636363636363,1,271,1.3240985594254273,gate_up_full64_prebuilt,14,0.30723199248313904
case_016_real,humaneval,early,real_route_replay,1667,44,20,real,37.88636363636363,1,271,1.3240985594254273,gate_up_full64_prebuilt,15,0.3094080090522766
case_016_real,humaneval,early,real_route_replay,1667,44,20,real,37.88636363636363,1,271,1.3240985594254273,gate_up_full64_prebuilt,16,0.3102720081806183
case_016_real,humaneval,early,real_route_replay,1667,44,20,real,37.88636363636363,1,271,1.3240985594254273,gate_up_full64_prebuilt,17,0.31513598561286926
case_016_real,humaneval,early,real_route_replay,1667,44,20,real,37.88636363636363,1,271,1.3240985594254273,gate_up_full64_prebuilt,18,0.3129279911518097
case_016_real,humaneval,early,real_route_replay,1667,44,20,real,37.88636363636363,1,271,1.3240985594254273,gate_up_full64_prebuilt,19,0.3076159954071045
case_016_real,humaneval,early,real_route_replay,1667,44,20,real,37.88636363636363,1,271,1.3240985594254273,gate_up_full64_prebuilt,20,0.3097600042819977
case_016_real,humaneval,early,real_route_replay,1667,44,20,real,37.88636363636363,1,271,1.3240985594254273,gate_up_full64_prebuilt,21,0.31148800253868103
case_016_real,humaneval,early,real_route_replay,1667,44,20,real,37.88636363636363,1,271,1.3240985594254273,gate_up_full64_prebuilt,22,0.31353598833084106
case_016_real,humaneval,early,real_route_replay,1667,44,20,real,37.88636363636363,1,271,1.3240985594254273,gate_up_full64_prebuilt,23,0.3158400058746338
case_016_real,humaneval,early,real_route_replay,1667,44,20,real,37.88636363636363,1,271,1.3240985594254273,gate_up_full64_prebuilt,24,0.3155199885368347
case_016_real,humaneval,early,real_route_replay,1667,44,20,real,37.88636363636363,1,271,1.3240985594254273,gate_up_full64_prebuilt,25,0.31596800684928894
case_016_real,humaneval,early,real_route_replay,1667,44,20,real,37.88636363636363,1,271,1.3240985594254273,gate_up_full64_prebuilt,26,0.3131200075149536
case_016_real,humaneval,early,real_route_replay,1667,44,20,real,37.88636363636363,1,271,1.3240985594254273,gate_up_full64_prebuilt,27,0.32556799054145813
case_016_real,humaneval,early,real_route_replay,1667,44,20,real,37.88636363636363,1,271,1.3240985594254273,gate_up_full64_prebuilt,28,0.32019200921058655
case_016_real,humaneval,early,real_route_replay,1667,44,20,real,37.88636363636363,1,271,1.3240985594254273,gate_up_full64_prebuilt,29,0.31916800141334534
case_016_real,humaneval,early,real_route_replay,1667,44,20,real,37.88636363636363,1,271,1.3240985594254273,gate_up_full64_prebuilt,30,0.3303360044956207
case_016_real,humaneval,early,real_route_replay,1667,44,20,real,37.88636363636363,1,271,1.3240985594254273,gate_up_full64_prebuilt,31,0.3210560083389282
case_016_real,humaneval,early,real_route_replay,1667,44,20,real,37.88636363636363,1,271,1.3240985594254273,gate_up_full64_prebuilt,32,0.3208639919757843
case_016_real,humaneval,early,real_route_replay,1667,44,20,real,37.88636363636363,1,271,1.3240985594254273,gate_up_full64_prebuilt,33,0.3160640001296997
case_016_real,humaneval,early,real_route_replay,1667,44,20,real,37.88636363636363,1,271,1.3240985594254273,gate_up_full64_prebuilt,34,0.3288320004940033
case_016_real,humaneval,early,real_route_replay,1667,44,20,real,37.88636363636363,1,271,1.3240985594254273,gate_up_full64_prebuilt,35,0.32099199295043945
case_016_real,humaneval,early,real_route_replay,1667,44,20,real,37.88636363636363,1,271,1.3240985594254273,gate_up_full64_prebuilt,36,0.319487988948822
case_016_real,humaneval,early,real_route_replay,1667,44,20,real,37.88636363636363,1,271,1.3240985594254273,gate_up_full64_prebuilt,37,0.3136959969997406
case_016_real,humaneval,early,real_route_replay,1667,44,20,real,37.88636363636363,1,271,1.3240985594254273,gate_up_full64_prebuilt,38,0.3166080117225647
case_016_real,humaneval,early,real_route_replay,1667,44,20,real,37.88636363636363,1,271,1.3240985594254273,gate_up_full64_prebuilt,39,0.317984014749527
case_016_real,humaneval,early,real_route_replay,1667,44,20,real,37.88636363636363,1,271,1.3240985594254273,swiglu,0,0.03750399872660637
case_016_real,humaneval,early,real_route_replay,1667,44,20,real,37.88636363636363,1,271,1.3240985594254273,swiglu,1,0.03836800158023834
case_016_real,humaneval,early,real_route_replay,1667,44,20,real,37.88636363636363,1,271,1.3240985594254273,swiglu,2,0.03270399942994118
case_016_real,humaneval,early,real_route_replay,1667,44,20,real,37.88636363636363,1,271,1.3240985594254273,swiglu,3,0.033055998384952545
case_016_real,humaneval,early,real_route_replay,1667,44,20,real,37.88636363636363,1,271,1.3240985594254273,swiglu,4,0.03855999931693077
case_016_real,humaneval,early,real_route_replay,1667,44,20,real,37.88636363636363,1,271,1.3240985594254273,swiglu,5,0.04047999903559685
case_016_real,humaneval,early,real_route_replay,1667,44,20,real,37.88636363636363,1,271,1.3240985594254273,swiglu,6,0.03843199834227562
case_016_real,humaneval,early,real_route_replay,1667,44,20,real,37.88636363636363,1,271,1.3240985594254273,swiglu,7,0.027807999402284622
case_016_real,humaneval,early,real_route_replay,1667,44,20,real,37.88636363636363,1,271,1.3240985594254273,swiglu,8,0.025087999179959297
case_016_real,humaneval,early,real_route_replay,1667,44,20,real,37.88636363636363,1,271,1.3240985594254273,swiglu,9,0.0226879995316267
case_016_real,humaneval,early,real_route_replay,1667,44,20,real,37.88636363636363,1,271,1.3240985594254273,swiglu,10,0.021088000386953354
case_016_real,humaneval,early,real_route_replay,1667,44,20,real,37.88636363636363,1,271,1.3240985594254273,swiglu,11,0.021695999428629875
case_016_real,humaneval,early,real_route_replay,1667,44,20,real,37.88636363636363,1,271,1.3240985594254273,swiglu,12,0.025439999997615814
case_016_real,humaneval,early,real_route_replay,1667,44,20,real,37.88636363636363,1,271,1.3240985594254273,swiglu,13,0.02239999920129776
case_016_real,humaneval,early,real_route_replay,1667,44,20,real,37.88636363636363,1,271,1.3240985594254273,swiglu,14,0.02236800082027912
case_016_real,humaneval,early,real_route_replay,1667,44,20,real,37.88636363636363,1,271,1.3240985594254273,swiglu,15,0.021247999742627144
case_016_real,humaneval,early,real_route_replay,1667,44,20,real,37.88636363636363,1,271,1.3240985594254273,swiglu,16,0.02115200087428093
case_016_real,humaneval,early,real_route_replay,1667,44,20,real,37.88636363636363,1,271,1.3240985594254273,swiglu,17,0.021407999098300934
case_016_real,humaneval,early,real_route_replay,1667,44,20,real,37.88636363636363,1,271,1.3240985594254273,swiglu,18,0.023391999304294586
case_016_real,humaneval,early,real_route_replay,1667,44,20,real,37.88636363636363,1,271,1.3240985594254273,swiglu,19,0.022048000246286392
case_016_real,humaneval,early,real_route_replay,1667,44,20,real,37.88636363636363,1,271,1.3240985594254273,swiglu,20,0.022336000576615334
case_016_real,humaneval,early,real_route_replay,1667,44,20,real,37.88636363636363,1,271,1.3240985594254273,swiglu,21,0.02300800010561943
case_016_real,humaneval,early,real_route_replay,1667,44,20,real,37.88636363636363,1,271,1.3240985594254273,swiglu,22,0.023360000923275948
case_016_real,humaneval,early,real_route_replay,1667,44,20,real,37.88636363636363,1,271,1.3240985594254273,swiglu,23,0.02864000014960766
case_016_real,humaneval,early,real_route_replay,1667,44,20,real,37.88636363636363,1,271,1.3240985594254273,swiglu,24,0.024671999737620354
case_016_real,humaneval,early,real_route_replay,1667,44,20,real,37.88636363636363,1,271,1.3240985594254273,swiglu,25,0.023584000766277313
case_016_real,humaneval,early,real_route_replay,1667,44,20,real,37.88636363636363,1,271,1.3240985594254273,swiglu,26,0.028416000306606293
case_016_real,humaneval,early,real_route_replay,1667,44,20,real,37.88636363636363,1,271,1.3240985594254273,swiglu,27,0.024607999250292778
case_016_real,humaneval,early,real_route_replay,1667,44,20,real,37.88636363636363,1,271,1.3240985594254273,swiglu,28,0.025407999753952026
case_016_real,humaneval,early,real_route_replay,1667,44,20,real,37.88636363636363,1,271,1.3240985594254273,swiglu,29,0.02348800003528595
case_016_real,humaneval,early,real_route_replay,1667,44,20,real,37.88636363636363,1,271,1.3240985594254273,swiglu,30,0.02163200080394745
case_016_real,humaneval,early,real_route_replay,1667,44,20,real,37.88636363636363,1,271,1.3240985594254273,swiglu,31,0.02099199965596199
case_016_real,humaneval,early,real_route_replay,1667,44,20,real,37.88636363636363,1,271,1.3240985594254273,swiglu,32,0.021183999255299568
case_016_real,humaneval,early,real_route_replay,1667,44,20,real,37.88636363636363,1,271,1.3240985594254273,swiglu,33,0.02038400061428547
case_016_real,humaneval,early,real_route_replay,1667,44,20,real,37.88636363636363,1,271,1.3240985594254273,swiglu,34,0.026079999282956123
case_016_real,humaneval,early,real_route_replay,1667,44,20,real,37.88636363636363,1,271,1.3240985594254273,swiglu,35,0.021503999829292297
case_016_real,humaneval,early,real_route_replay,1667,44,20,real,37.88636363636363,1,271,1.3240985594254273,swiglu,36,0.02473600022494793
case_016_real,humaneval,early,real_route_replay,1667,44,20,real,37.88636363636363,1,271,1.3240985594254273,swiglu,37,0.0225600004196167
case_016_real,humaneval,early,real_route_replay,1667,44,20,real,37.88636363636363,1,271,1.3240985594254273,swiglu,38,0.022336000576615334
case_016_real,humaneval,early,real_route_replay,1667,44,20,real,37.88636363636363,1,271,1.3240985594254273,swiglu,39,0.028543999418616295
case_017_real,humaneval,early,real_route_replay,1525,42,22,real,36.30952380952381,1,228,1.5259258735491652,gate_up_active_prebuilt,0,0.3466239869594574
case_017_real,humaneval,early,real_route_replay,1525,42,22,real,36.30952380952381,1,228,1.5259258735491652,gate_up_active_prebuilt,1,0.3075839877128601
case_017_real,humaneval,early,real_route_replay,1525,42,22,real,36.30952380952381,1,228,1.5259258735491652,gate_up_active_prebuilt,2,0.30928000807762146
case_017_real,humaneval,early,real_route_replay,1525,42,22,real,36.30952380952381,1,228,1.5259258735491652,gate_up_active_prebuilt,3,0.30371201038360596
case_017_real,humaneval,early,real_route_replay,1525,42,22,real,36.30952380952381,1,228,1.5259258735491652,gate_up_active_prebuilt,4,0.30243200063705444
case_017_real,humaneval,early,real_route_replay,1525,42,22,real,36.30952380952381,1,228,1.5259258735491652,gate_up_active_prebuilt,5,0.3017280101776123
case_017_real,humaneval,early,real_route_replay,1525,42,22,real,36.30952380952381,1,228,1.5259258735491652,gate_up_active_prebuilt,6,0.3002240061759949
case_017_real,humaneval,early,real_route_replay,1525,42,22,real,36.30952380952381,1,228,1.5259258735491652,gate_up_active_prebuilt,7,0.30326399207115173
case_017_real,humaneval,early,real_route_replay,1525,42,22,real,36.30952380952381,1,228,1.5259258735491652,gate_up_active_prebuilt,8,0.3028799891471863
case_017_real,humaneval,early,real_route_replay,1525,42,22,real,36.30952380952381,1,228,1.5259258735491652,gate_up_active_prebuilt,9,0.29955199360847473
case_017_real,humaneval,early,real_route_replay,1525,42,22,real,36.30952380952381,1,228,1.5259258735491652,gate_up_active_prebuilt,10,0.30425599217414856
case_017_real,humaneval,early,real_route_replay,1525,42,22,real,36.30952380952381,1,228,1.5259258735491652,gate_up_active_prebuilt,11,0.302592009305954
case_017_real,humaneval,early,real_route_replay,1525,42,22,real,36.30952380952381,1,228,1.5259258735491652,gate_up_active_prebuilt,12,0.30374398827552795
case_017_real,humaneval,early,real_route_replay,1525,42,22,real,36.30952380952381,1,228,1.5259258735491652,gate_up_active_prebuilt,13,0.30662399530410767
case_017_real,humaneval,early,real_route_replay,1525,42,22,real,36.30952380952381,1,228,1.5259258735491652,gate_up_active_prebuilt,14,0.3032959997653961
case_017_real,humaneval,early,real_route_replay,1525,42,22,real,36.30952380952381,1,228,1.5259258735491652,gate_up_active_prebuilt,15,0.3020800054073334
case_017_real,humaneval,early,real_route_replay,1525,42,22,real,36.30952380952381,1,228,1.5259258735491652,gate_up_active_prebuilt,16,0.3012160062789917
case_017_real,humaneval,early,real_route_replay,1525,42,22,real,36.30952380952381,1,228,1.5259258735491652,gate_up_active_prebuilt,17,0.2993279993534088
case_017_real,humaneval,early,real_route_replay,1525,42,22,real,36.30952380952381,1,228,1.5259258735491652,gate_up_active_prebuilt,18,0.30432000756263733
case_017_real,humaneval,early,real_route_replay,1525,42,22,real,36.30952380952381,1,228,1.5259258735491652,gate_up_active_prebuilt,19,0.3031040132045746
case_017_real,humaneval,early,real_route_replay,1525,42,22,real,36.30952380952381,1,228,1.5259258735491652,gate_up_active_prebuilt,20,0.3039360046386719
case_017_real,humaneval,early,real_route_replay,1525,42,22,real,36.30952380952381,1,228,1.5259258735491652,gate_up_active_prebuilt,21,0.3028480112552643
case_017_real,humaneval,early,real_route_replay,1525,42,22,real,36.30952380952381,1,228,1.5259258735491652,gate_up_active_prebuilt,22,0.30268800258636475
case_017_real,humaneval,early,real_route_replay,1525,42,22,real,36.30952380952381,1,228,1.5259258735491652,gate_up_active_prebuilt,23,0.30457600951194763
case_017_real,humaneval,early,real_route_replay,1525,42,22,real,36.30952380952381,1,228,1.5259258735491652,gate_up_active_prebuilt,24,0.30316799879074097
case_017_real,humaneval,early,real_route_replay,1525,42,22,real,36.30952380952381,1,228,1.5259258735491652,gate_up_active_prebuilt,25,0.3043519854545593
case_017_real,humaneval,early,real_route_replay,1525,42,22,real,36.30952380952381,1,228,1.5259258735491652,gate_up_active_prebuilt,26,0.30454400181770325
case_017_real,humaneval,early,real_route_replay,1525,42,22,real,36.30952380952381,1,228,1.5259258735491652,gate_up_active_prebuilt,27,0.30320000648498535
case_017_real,humaneval,early,real_route_replay,1525,42,22,real,36.30952380952381,1,228,1.5259258735491652,gate_up_active_prebuilt,28,0.3041599988937378
case_017_real,humaneval,early,real_route_replay,1525,42,22,real,36.30952380952381,1,228,1.5259258735491652,gate_up_active_prebuilt,29,0.3028160035610199
case_017_real,humaneval,early,real_route_replay,1525,42,22,real,36.30952380952381,1,228,1.5259258735491652,gate_up_active_prebuilt,30,0.3041279911994934
case_017_real,humaneval,early,real_route_replay,1525,42,22,real,36.30952380952381,1,228,1.5259258735491652,gate_up_active_prebuilt,31,0.3062080144882202
case_017_real,humaneval,early,real_route_replay,1525,42,22,real,36.30952380952381,1,228,1.5259258735491652,gate_up_active_prebuilt,32,0.3068160116672516
case_017_real,humaneval,early,real_route_replay,1525,42,22,real,36.30952380952381,1,228,1.5259258735491652,gate_up_active_prebuilt,33,0.3158400058746338
case_017_real,humaneval,early,real_route_replay,1525,42,22,real,36.30952380952381,1,228,1.5259258735491652,gate_up_active_prebuilt,34,0.3139519989490509
case_017_real,humaneval,early,real_route_replay,1525,42,22,real,36.30952380952381,1,228,1.5259258735491652,gate_up_active_prebuilt,35,0.309471994638443
case_017_real,humaneval,early,real_route_replay,1525,42,22,real,36.30952380952381,1,228,1.5259258735491652,gate_up_active_prebuilt,36,0.31068798899650574
case_017_real,humaneval,early,real_route_replay,1525,42,22,real,36.30952380952381,1,228,1.5259258735491652,gate_up_active_prebuilt,37,0.31439998745918274
case_017_real,humaneval,early,real_route_replay,1525,42,22,real,36.30952380952381,1,228,1.5259258735491652,gate_up_active_prebuilt,38,0.3158079981803894
case_017_real,humaneval,early,real_route_replay,1525,42,22,real,36.30952380952381,1,228,1.5259258735491652,gate_up_active_prebuilt,39,0.3107840120792389
case_017_real,humaneval,early,real_route_replay,1525,42,22,real,36.30952380952381,1,228,1.5259258735491652,gate_up_full64_prebuilt,0,0.31632000207901
case_017_real,humaneval,early,real_route_replay,1525,42,22,real,36.30952380952381,1,228,1.5259258735491652,gate_up_full64_prebuilt,1,0.31276801228523254
case_017_real,humaneval,early,real_route_replay,1525,42,22,real,36.30952380952381,1,228,1.5259258735491652,gate_up_full64_prebuilt,2,0.324864000082016
case_017_real,humaneval,early,real_route_replay,1525,42,22,real,36.30952380952381,1,228,1.5259258735491652,gate_up_full64_prebuilt,3,0.315744012594223
case_017_real,humaneval,early,real_route_replay,1525,42,22,real,36.30952380952381,1,228,1.5259258735491652,gate_up_full64_prebuilt,4,0.3112320005893707
case_017_real,humaneval,early,real_route_replay,1525,42,22,real,36.30952380952381,1,228,1.5259258735491652,gate_up_full64_prebuilt,5,0.31327998638153076
case_017_real,humaneval,early,real_route_replay,1525,42,22,real,36.30952380952381,1,228,1.5259258735491652,gate_up_full64_prebuilt,6,0.3145279884338379
case_017_real,humaneval,early,real_route_replay,1525,42,22,real,36.30952380952381,1,228,1.5259258735491652,gate_up_full64_prebuilt,7,0.31520000100135803
case_017_real,humaneval,early,real_route_replay,1525,42,22,real,36.30952380952381,1,228,1.5259258735491652,gate_up_full64_prebuilt,8,0.304064005613327
case_017_real,humaneval,early,real_route_replay,1525,42,22,real,36.30952380952381,1,228,1.5259258735491652,gate_up_full64_prebuilt,9,0.30083200335502625
case_017_real,humaneval,early,real_route_replay,1525,42,22,real,36.30952380952381,1,228,1.5259258735491652,gate_up_full64_prebuilt,10,0.301503986120224
case_017_real,humaneval,early,real_route_replay,1525,42,22,real,36.30952380952381,1,228,1.5259258735491652,gate_up_full64_prebuilt,11,0.30163198709487915
case_017_real,humaneval,early,real_route_replay,1525,42,22,real,36.30952380952381,1,228,1.5259258735491652,gate_up_full64_prebuilt,12,0.3035520017147064
case_017_real,humaneval,early,real_route_replay,1525,42,22,real,36.30952380952381,1,228,1.5259258735491652,gate_up_full64_prebuilt,13,0.30214399099349976
case_017_real,humaneval,early,real_route_replay,1525,42,22,real,36.30952380952381,1,228,1.5259258735491652,gate_up_full64_prebuilt,14,0.3017599880695343
case_017_real,humaneval,early,real_route_replay,1525,42,22,real,36.30952380952381,1,228,1.5259258735491652,gate_up_full64_prebuilt,15,0.3028799891471863
case_017_real,humaneval,early,real_route_replay,1525,42,22,real,36.30952380952381,1,228,1.5259258735491652,gate_up_full64_prebuilt,16,0.3020159900188446
case_017_real,humaneval,early,real_route_replay,1525,42,22,real,36.30952380952381,1,228,1.5259258735491652,gate_up_full64_prebuilt,17,0.3023039996623993
case_017_real,humaneval,early,real_route_replay,1525,42,22,real,36.30952380952381,1,228,1.5259258735491652,gate_up_full64_prebuilt,18,0.300927996635437
case_017_real,humaneval,early,real_route_replay,1525,42,22,real,36.30952380952381,1,228,1.5259258735491652,gate_up_full64_prebuilt,19,0.2998720109462738
case_017_real,humaneval,early,real_route_replay,1525,42,22,real,36.30952380952381,1,228,1.5259258735491652,gate_up_full64_prebuilt,20,0.3057920038700104
case_017_real,humaneval,early,real_route_replay,1525,42,22,real,36.30952380952381,1,228,1.5259258735491652,gate_up_full64_prebuilt,21,0.30476799607276917
case_017_real,humaneval,early,real_route_replay,1525,42,22,real,36.30952380952381,1,228,1.5259258735491652,gate_up_full64_prebuilt,22,0.30534398555755615
case_017_real,humaneval,early,real_route_replay,1525,42,22,real,36.30952380952381,1,228,1.5259258735491652,gate_up_full64_prebuilt,23,0.3033919930458069
case_017_real,humaneval,early,real_route_replay,1525,42,22,real,36.30952380952381,1,228,1.5259258735491652,gate_up_full64_prebuilt,24,0.3028799891471863
case_017_real,humaneval,early,real_route_replay,1525,42,22,real,36.30952380952381,1,228,1.5259258735491652,gate_up_full64_prebuilt,25,0.3015359938144684
case_017_real,humaneval,early,real_route_replay,1525,42,22,real,36.30952380952381,1,228,1.5259258735491652,gate_up_full64_prebuilt,26,0.3108479976654053
case_017_real,humaneval,early,real_route_replay,1525,42,22,real,36.30952380952381,1,228,1.5259258735491652,gate_up_full64_prebuilt,27,0.31542399525642395
case_017_real,humaneval,early,real_route_replay,1525,42,22,real,36.30952380952381,1,228,1.5259258735491652,gate_up_full64_prebuilt,28,0.3131519854068756
case_017_real,humaneval,early,real_route_replay,1525,42,22,real,36.30952380952381,1,228,1.5259258735491652,gate_up_full64_prebuilt,29,0.31174400448799133
case_017_real,humaneval,early,real_route_replay,1525,42,22,real,36.30952380952381,1,228,1.5259258735491652,gate_up_full64_prebuilt,30,0.32201600074768066
case_017_real,humaneval,early,real_route_replay,1525,42,22,real,36.30952380952381,1,228,1.5259258735491652,gate_up_full64_prebuilt,31,0.3118079900741577
case_017_real,humaneval,early,real_route_replay,1525,42,22,real,36.30952380952381,1,228,1.5259258735491652,gate_up_full64_prebuilt,32,0.3048959970474243
case_017_real,humaneval,early,real_route_replay,1525,42,22,real,36.30952380952381,1,228,1.5259258735491652,gate_up_full64_prebuilt,33,0.30777600407600403
case_017_real,humaneval,early,real_route_replay,1525,42,22,real,36.30952380952381,1,228,1.5259258735491652,gate_up_full64_prebuilt,34,0.30457600951194763
case_017_real,humaneval,early,real_route_replay,1525,42,22,real,36.30952380952381,1,228,1.5259258735491652,gate_up_full64_prebuilt,35,0.3033280074596405
case_017_real,humaneval,early,real_route_replay,1525,42,22,real,36.30952380952381,1,228,1.5259258735491652,gate_up_full64_prebuilt,36,0.30000001192092896
case_017_real,humaneval,early,real_route_replay,1525,42,22,real,36.30952380952381,1,228,1.5259258735491652,gate_up_full64_prebuilt,37,0.30054399371147156
case_017_real,humaneval,early,real_route_replay,1525,42,22,real,36.30952380952381,1,228,1.5259258735491652,gate_up_full64_prebuilt,38,0.30608001351356506
case_017_real,humaneval,early,real_route_replay,1525,42,22,real,36.30952380952381,1,228,1.5259258735491652,gate_up_full64_prebuilt,39,0.3065919876098633
case_017_real,humaneval,early,real_route_replay,1525,42,22,real,36.30952380952381,1,228,1.5259258735491652,down_active_prebuilt,0,0.19276799261569977
case_017_real,humaneval,early,real_route_replay,1525,42,22,real,36.30952380952381,1,228,1.5259258735491652,down_active_prebuilt,1,0.19171200692653656
case_017_real,humaneval,early,real_route_replay,1525,42,22,real,36.30952380952381,1,228,1.5259258735491652,down_active_prebuilt,2,0.18979200720787048
case_017_real,humaneval,early,real_route_replay,1525,42,22,real,36.30952380952381,1,228,1.5259258735491652,down_active_prebuilt,3,0.18774400651454926
case_017_real,humaneval,early,real_route_replay,1525,42,22,real,36.30952380952381,1,228,1.5259258735491652,down_active_prebuilt,4,0.1895039975643158
case_017_real,humaneval,early,real_route_replay,1525,42,22,real,36.30952380952381,1,228,1.5259258735491652,down_active_prebuilt,5,0.19011199474334717
case_017_real,humaneval,early,real_route_replay,1525,42,22,real,36.30952380952381,1,228,1.5259258735491652,down_active_prebuilt,6,0.18966400623321533
case_017_real,humaneval,early,real_route_replay,1525,42,22,real,36.30952380952381,1,228,1.5259258735491652,down_active_prebuilt,7,0.1892160028219223
case_017_real,humaneval,early,real_route_replay,1525,42,22,real,36.30952380952381,1,228,1.5259258735491652,down_active_prebuilt,8,0.192671999335289
case_017_real,humaneval,early,real_route_replay,1525,42,22,real,36.30952380952381,1,228,1.5259258735491652,down_active_prebuilt,9,0.1886720061302185
case_017_real,humaneval,early,real_route_replay,1525,42,22,real,36.30952380952381,1,228,1.5259258735491652,down_active_prebuilt,10,0.1908479928970337
case_017_real,humaneval,early,real_route_replay,1525,42,22,real,36.30952380952381,1,228,1.5259258735491652,down_active_prebuilt,11,0.19228799641132355
case_017_real,humaneval,early,real_route_replay,1525,42,22,real,36.30952380952381,1,228,1.5259258735491652,down_active_prebuilt,12,0.19353599846363068
case_017_real,humaneval,early,real_route_replay,1525,42,22,real,36.30952380952381,1,228,1.5259258735491652,down_active_prebuilt,13,0.18873600661754608
case_017_real,humaneval,early,real_route_replay,1525,42,22,real,36.30952380952381,1,228,1.5259258735491652,down_active_prebuilt,14,0.1884479969739914
case_017_real,humaneval,early,real_route_replay,1525,42,22,real,36.30952380952381,1,228,1.5259258735491652,down_active_prebuilt,15,0.1863040030002594
case_017_real,humaneval,early,real_route_replay,1525,42,22,real,36.30952380952381,1,228,1.5259258735491652,down_active_prebuilt,16,0.19411200284957886
case_017_real,humaneval,early,real_route_replay,1525,42,22,real,36.30952380952381,1,228,1.5259258735491652,down_active_prebuilt,17,0.19183999300003052
case_017_real,humaneval,early,real_route_replay,1525,42,22,real,36.30952380952381,1,228,1.5259258735491652,down_active_prebuilt,18,0.19059200584888458
case_017_real,humaneval,early,real_route_replay,1525,42,22,real,36.30952380952381,1,228,1.5259258735491652,down_active_prebuilt,19,0.18902400135993958
case_017_real,humaneval,early,real_route_replay,1525,42,22,real,36.30952380952381,1,228,1.5259258735491652,down_active_prebuilt,20,0.19062399864196777
case_017_real,humaneval,early,real_route_replay,1525,42,22,real,36.30952380952381,1,228,1.5259258735491652,down_active_prebuilt,21,0.19113600254058838
case_017_real,humaneval,early,real_route_replay,1525,42,22,real,36.30952380952381,1,228,1.5259258735491652,down_active_prebuilt,22,0.1895039975643158
case_017_real,humaneval,early,real_route_replay,1525,42,22,real,36.30952380952381,1,228,1.5259258735491652,down_active_prebuilt,23,0.19033600389957428
case_017_real,humaneval,early,real_route_replay,1525,42,22,real,36.30952380952381,1,228,1.5259258735491652,down_active_prebuilt,24,0.1879359930753708
case_017_real,humaneval,early,real_route_replay,1525,42,22,real,36.30952380952381,1,228,1.5259258735491652,down_active_prebuilt,25,0.18854400515556335
case_017_real,humaneval,early,real_route_replay,1525,42,22,real,36.30952380952381,1,228,1.5259258735491652,down_active_prebuilt,26,0.18755200505256653
case_017_real,humaneval,early,real_route_replay,1525,42,22,real,36.30952380952381,1,228,1.5259258735491652,down_active_prebuilt,27,0.1879359930753708
case_017_real,humaneval,early,real_route_replay,1525,42,22,real,36.30952380952381,1,228,1.5259258735491652,down_active_prebuilt,28,0.19254399836063385
case_017_real,humaneval,early,real_route_replay,1525,42,22,real,36.30952380952381,1,228,1.5259258735491652,down_active_prebuilt,29,0.19203199446201324
case_017_real,humaneval,early,real_route_replay,1525,42,22,real,36.30952380952381,1,228,1.5259258735491652,down_active_prebuilt,30,0.1952960044145584
case_017_real,humaneval,early,real_route_replay,1525,42,22,real,36.30952380952381,1,228,1.5259258735491652,down_active_prebuilt,31,0.19145600497722626
case_017_real,humaneval,early,real_route_replay,1525,42,22,real,36.30952380952381,1,228,1.5259258735491652,down_active_prebuilt,32,0.19219200313091278
case_017_real,humaneval,early,real_route_replay,1525,42,22,real,36.30952380952381,1,228,1.5259258735491652,down_active_prebuilt,33,0.1995840072631836
case_017_real,humaneval,early,real_route_replay,1525,42,22,real,36.30952380952381,1,228,1.5259258735491652,down_active_prebuilt,34,0.19881600141525269
case_017_real,humaneval,early,real_route_replay,1525,42,22,real,36.30952380952381,1,228,1.5259258735491652,down_active_prebuilt,35,0.1995840072631836
case_017_real,humaneval,early,real_route_replay,1525,42,22,real,36.30952380952381,1,228,1.5259258735491652,down_active_prebuilt,36,0.2001280039548874
case_017_real,humaneval,early,real_route_replay,1525,42,22,real,36.30952380952381,1,228,1.5259258735491652,down_active_prebuilt,37,0.19660800695419312
case_017_real,humaneval,early,real_route_replay,1525,42,22,real,36.30952380952381,1,228,1.5259258735491652,down_active_prebuilt,38,0.20137600600719452
case_017_real,humaneval,early,real_route_replay,1525,42,22,real,36.30952380952381,1,228,1.5259258735491652,down_active_prebuilt,39,0.20192000269889832
case_017_real,humaneval,early,real_route_replay,1525,42,22,real,36.30952380952381,1,228,1.5259258735491652,route_weight,0,0.04032000154256821
case_017_real,humaneval,early,real_route_replay,1525,42,22,real,36.30952380952381,1,228,1.5259258735491652,route_weight,1,0.03411199897527695
case_017_real,humaneval,early,real_route_replay,1525,42,22,real,36.30952380952381,1,228,1.5259258735491652,route_weight,2,0.028384000062942505
case_017_real,humaneval,early,real_route_replay,1525,42,22,real,36.30952380952381,1,228,1.5259258735491652,route_weight,3,0.028063999488949776
case_017_real,humaneval,early,real_route_replay,1525,42,22,real,36.30952380952381,1,228,1.5259258735491652,route_weight,4,0.028224000707268715
case_017_real,humaneval,early,real_route_replay,1525,42,22,real,36.30952380952381,1,228,1.5259258735491652,route_weight,5,0.02723200060427189
case_017_real,humaneval,early,real_route_replay,1525,42,22,real,36.30952380952381,1,228,1.5259258735491652,route_weight,6,0.028511999174952507
case_017_real,humaneval,early,real_route_replay,1525,42,22,real,36.30952380952381,1,228,1.5259258735491652,route_weight,7,0.0289280004799366
case_017_real,humaneval,early,real_route_replay,1525,42,22,real,36.30952380952381,1,228,1.5259258735491652,route_weight,8,0.03244800120592117
case_017_real,humaneval,early,real_route_replay,1525,42,22,real,36.30952380952381,1,228,1.5259258735491652,route_weight,9,0.030912000685930252
case_017_real,humaneval,early,real_route_replay,1525,42,22,real,36.30952380952381,1,228,1.5259258735491652,route_weight,10,0.02921600081026554
case_017_real,humaneval,early,real_route_replay,1525,42,22,real,36.30952380952381,1,228,1.5259258735491652,route_weight,11,0.029472000896930695
case_017_real,humaneval,early,real_route_replay,1525,42,22,real,36.30952380952381,1,228,1.5259258735491652,route_weight,12,0.029632000252604485
case_017_real,humaneval,early,real_route_replay,1525,42,22,real,36.30952380952381,1,228,1.5259258735491652,route_weight,13,0.028863999992609024
case_017_real,humaneval,early,real_route_replay,1525,42,22,real,36.30952380952381,1,228,1.5259258735491652,route_weight,14,0.02521600015461445
case_017_real,humaneval,early,real_route_replay,1525,42,22,real,36.30952380952381,1,228,1.5259258735491652,route_weight,15,0.024447999894618988
case_017_real,humaneval,early,real_route_replay,1525,42,22,real,36.30952380952381,1,228,1.5259258735491652,route_weight,16,0.024447999894618988
case_017_real,humaneval,early,real_route_replay,1525,42,22,real,36.30952380952381,1,228,1.5259258735491652,route_weight,17,0.02457600086927414
case_017_real,humaneval,early,real_route_replay,1525,42,22,real,36.30952380952381,1,228,1.5259258735491652,route_weight,18,0.026944000273942947
case_017_real,humaneval,early,real_route_replay,1525,42,22,real,36.30952380952381,1,228,1.5259258735491652,route_weight,19,0.024447999894618988
case_017_real,humaneval,early,real_route_replay,1525,42,22,real,36.30952380952381,1,228,1.5259258735491652,route_weight,20,0.02454400062561035
case_017_real,humaneval,early,real_route_replay,1525,42,22,real,36.30952380952381,1,228,1.5259258735491652,route_weight,21,0.02409599907696247
case_017_real,humaneval,early,real_route_replay,1525,42,22,real,36.30952380952381,1,228,1.5259258735491652,route_weight,22,0.024800000712275505
case_017_real,humaneval,early,real_route_replay,1525,42,22,real,36.30952380952381,1,228,1.5259258735491652,route_weight,23,0.024288000538945198
case_017_real,humaneval,early,real_route_replay,1525,42,22,real,36.30952380952381,1,228,1.5259258735491652,route_weight,24,0.024159999564290047
case_017_real,humaneval,early,real_route_replay,1525,42,22,real,36.30952380952381,1,228,1.5259258735491652,route_weight,25,0.02412799932062626
case_017_real,humaneval,early,real_route_replay,1525,42,22,real,36.30952380952381,1,228,1.5259258735491652,route_weight,26,0.024639999493956566
case_017_real,humaneval,early,real_route_replay,1525,42,22,real,36.30952380952381,1,228,1.5259258735491652,route_weight,27,0.024159999564290047
case_017_real,humaneval,early,real_route_replay,1525,42,22,real,36.30952380952381,1,228,1.5259258735491652,route_weight,28,0.02393599972128868
case_017_real,humaneval,early,real_route_replay,1525,42,22,real,36.30952380952381,1,228,1.5259258735491652,route_weight,29,0.024383999407291412
case_017_real,humaneval,early,real_route_replay,1525,42,22,real,36.30952380952381,1,228,1.5259258735491652,route_weight,30,0.026784000918269157
case_017_real,humaneval,early,real_route_replay,1525,42,22,real,36.30952380952381,1,228,1.5259258735491652,route_weight,31,0.025087999179959297
case_017_real,humaneval,early,real_route_replay,1525,42,22,real,36.30952380952381,1,228,1.5259258735491652,route_weight,32,0.025567999109625816
case_017_real,humaneval,early,real_route_replay,1525,42,22,real,36.30952380952381,1,228,1.5259258735491652,route_weight,33,0.025312000885605812
case_017_real,humaneval,early,real_route_replay,1525,42,22,real,36.30952380952381,1,228,1.5259258735491652,route_weight,34,0.025248000398278236
case_017_real,humaneval,early,real_route_replay,1525,42,22,real,36.30952380952381,1,228,1.5259258735491652,route_weight,35,0.02470399998128414
case_017_real,humaneval,early,real_route_replay,1525,42,22,real,36.30952380952381,1,228,1.5259258735491652,route_weight,36,0.02457600086927414
case_017_real,humaneval,early,real_route_replay,1525,42,22,real,36.30952380952381,1,228,1.5259258735491652,route_weight,37,0.024224000051617622
case_017_real,humaneval,early,real_route_replay,1525,42,22,real,36.30952380952381,1,228,1.5259258735491652,route_weight,38,0.025631999596953392
case_017_real,humaneval,early,real_route_replay,1525,42,22,real,36.30952380952381,1,228,1.5259258735491652,route_weight,39,0.024224000051617622
case_017_real,humaneval,early,real_route_replay,1525,42,22,real,36.30952380952381,1,228,1.5259258735491652,down_full64_prebuilt,0,0.1919039934873581
case_017_real,humaneval,early,real_route_replay,1525,42,22,real,36.30952380952381,1,228,1.5259258735491652,down_full64_prebuilt,1,0.18995200097560883
case_017_real,humaneval,early,real_route_replay,1525,42,22,real,36.30952380952381,1,228,1.5259258735491652,down_full64_prebuilt,2,0.18559999763965607
case_017_real,humaneval,early,real_route_replay,1525,42,22,real,36.30952380952381,1,228,1.5259258735491652,down_full64_prebuilt,3,0.1929280012845993
case_017_real,humaneval,early,real_route_replay,1525,42,22,real,36.30952380952381,1,228,1.5259258735491652,down_full64_prebuilt,4,0.1926400065422058
case_017_real,humaneval,early,real_route_replay,1525,42,22,real,36.30952380952381,1,228,1.5259258735491652,down_full64_prebuilt,5,0.19100800156593323
case_017_real,humaneval,early,real_route_replay,1525,42,22,real,36.30952380952381,1,228,1.5259258735491652,down_full64_prebuilt,6,0.19062399864196777
case_017_real,humaneval,early,real_route_replay,1525,42,22,real,36.30952380952381,1,228,1.5259258735491652,down_full64_prebuilt,7,0.19126400351524353
case_017_real,humaneval,early,real_route_replay,1525,42,22,real,36.30952380952381,1,228,1.5259258735491652,down_full64_prebuilt,8,0.19139200448989868
case_017_real,humaneval,early,real_route_replay,1525,42,22,real,36.30952380952381,1,228,1.5259258735491652,down_full64_prebuilt,9,0.18928000330924988
case_017_real,humaneval,early,real_route_replay,1525,42,22,real,36.30952380952381,1,228,1.5259258735491652,down_full64_prebuilt,10,0.18831999599933624
case_017_real,humaneval,early,real_route_replay,1525,42,22,real,36.30952380952381,1,228,1.5259258735491652,down_full64_prebuilt,11,0.18883199989795685
case_017_real,humaneval,early,real_route_replay,1525,42,22,real,36.30952380952381,1,228,1.5259258735491652,down_full64_prebuilt,12,0.1902720034122467
case_017_real,humaneval,early,real_route_replay,1525,42,22,real,36.30952380952381,1,228,1.5259258735491652,down_full64_prebuilt,13,0.19251200556755066
case_017_real,humaneval,early,real_route_replay,1525,42,22,real,36.30952380952381,1,228,1.5259258735491652,down_full64_prebuilt,14,0.1884160041809082
case_017_real,humaneval,early,real_route_replay,1525,42,22,real,36.30952380952381,1,228,1.5259258735491652,down_full64_prebuilt,15,0.19331200420856476
case_017_real,humaneval,early,real_route_replay,1525,42,22,real,36.30952380952381,1,228,1.5259258735491652,down_full64_prebuilt,16,0.18889600038528442
case_017_real,humaneval,early,real_route_replay,1525,42,22,real,36.30952380952381,1,228,1.5259258735491652,down_full64_prebuilt,17,0.19200000166893005
case_017_real,humaneval,early,real_route_replay,1525,42,22,real,36.30952380952381,1,228,1.5259258735491652,down_full64_prebuilt,18,0.19100800156593323
case_017_real,humaneval,early,real_route_replay,1525,42,22,real,36.30952380952381,1,228,1.5259258735491652,down_full64_prebuilt,19,0.19126400351524353
case_017_real,humaneval,early,real_route_replay,1525,42,22,real,36.30952380952381,1,228,1.5259258735491652,down_full64_prebuilt,20,0.18982400000095367
case_017_real,humaneval,early,real_route_replay,1525,42,22,real,36.30952380952381,1,228,1.5259258735491652,down_full64_prebuilt,21,0.1905599981546402
case_017_real,humaneval,early,real_route_replay,1525,42,22,real,36.30952380952381,1,228,1.5259258735491652,down_full64_prebuilt,22,0.19120000302791595
case_017_real,humaneval,early,real_route_replay,1525,42,22,real,36.30952380952381,1,228,1.5259258735491652,down_full64_prebuilt,23,0.19200000166893005
case_017_real,humaneval,early,real_route_replay,1525,42,22,real,36.30952380952381,1,228,1.5259258735491652,down_full64_prebuilt,24,0.19011199474334717
case_017_real,humaneval,early,real_route_replay,1525,42,22,real,36.30952380952381,1,228,1.5259258735491652,down_full64_prebuilt,25,0.190528005361557
case_017_real,humaneval,early,real_route_replay,1525,42,22,real,36.30952380952381,1,228,1.5259258735491652,down_full64_prebuilt,26,0.19219200313091278
case_017_real,humaneval,early,real_route_replay,1525,42,22,real,36.30952380952381,1,228,1.5259258735491652,down_full64_prebuilt,27,0.19206400215625763
case_017_real,humaneval,early,real_route_replay,1525,42,22,real,36.30952380952381,1,228,1.5259258735491652,down_full64_prebuilt,28,0.1905599981546402
case_017_real,humaneval,early,real_route_replay,1525,42,22,real,36.30952380952381,1,228,1.5259258735491652,down_full64_prebuilt,29,0.1916159987449646
case_017_real,humaneval,early,real_route_replay,1525,42,22,real,36.30952380952381,1,228,1.5259258735491652,down_full64_prebuilt,30,0.1923840045928955
case_017_real,humaneval,early,real_route_replay,1525,42,22,real,36.30952380952381,1,228,1.5259258735491652,down_full64_prebuilt,31,0.19023999571800232
case_017_real,humaneval,early,real_route_replay,1525,42,22,real,36.30952380952381,1,228,1.5259258735491652,down_full64_prebuilt,32,0.19046400487422943
case_017_real,humaneval,early,real_route_replay,1525,42,22,real,36.30952380952381,1,228,1.5259258735491652,down_full64_prebuilt,33,0.19513599574565887
case_017_real,humaneval,early,real_route_replay,1525,42,22,real,36.30952380952381,1,228,1.5259258735491652,down_full64_prebuilt,34,0.19945600628852844
case_017_real,humaneval,early,real_route_replay,1525,42,22,real,36.30952380952381,1,228,1.5259258735491652,down_full64_prebuilt,35,0.19660800695419312
case_017_real,humaneval,early,real_route_replay,1525,42,22,real,36.30952380952381,1,228,1.5259258735491652,down_full64_prebuilt,36,0.19923199713230133
case_017_real,humaneval,early,real_route_replay,1525,42,22,real,36.30952380952381,1,228,1.5259258735491652,down_full64_prebuilt,37,0.19760000705718994
case_017_real,humaneval,early,real_route_replay,1525,42,22,real,36.30952380952381,1,228,1.5259258735491652,down_full64_prebuilt,38,0.20032000541687012
case_017_real,humaneval,early,real_route_replay,1525,42,22,real,36.30952380952381,1,228,1.5259258735491652,down_full64_prebuilt,39,0.2006080001592636
case_017_real,humaneval,early,real_route_replay,1525,42,22,real,36.30952380952381,1,228,1.5259258735491652,swiglu,0,0.054368000477552414
case_017_real,humaneval,early,real_route_replay,1525,42,22,real,36.30952380952381,1,228,1.5259258735491652,swiglu,1,0.04118400067090988
case_017_real,humaneval,early,real_route_replay,1525,42,22,real,36.30952380952381,1,228,1.5259258735491652,swiglu,2,0.037151999771595
case_017_real,humaneval,early,real_route_replay,1525,42,22,real,36.30952380952381,1,228,1.5259258735491652,swiglu,3,0.03411199897527695
case_017_real,humaneval,early,real_route_replay,1525,42,22,real,36.30952380952381,1,228,1.5259258735491652,swiglu,4,0.03206399828195572
case_017_real,humaneval,early,real_route_replay,1525,42,22,real,36.30952380952381,1,228,1.5259258735491652,swiglu,5,0.031168000772595406
case_017_real,humaneval,early,real_route_replay,1525,42,22,real,36.30952380952381,1,228,1.5259258735491652,swiglu,6,0.033344000577926636
case_017_real,humaneval,early,real_route_replay,1525,42,22,real,36.30952380952381,1,228,1.5259258735491652,swiglu,7,0.039712000638246536
case_017_real,humaneval,early,real_route_replay,1525,42,22,real,36.30952380952381,1,228,1.5259258735491652,swiglu,8,0.034432001411914825
case_017_real,humaneval,early,real_route_replay,1525,42,22,real,36.30952380952381,1,228,1.5259258735491652,swiglu,9,0.03254399821162224
case_017_real,humaneval,early,real_route_replay,1525,42,22,real,36.30952380952381,1,228,1.5259258735491652,swiglu,10,0.03299200162291527
case_017_real,humaneval,early,real_route_replay,1525,42,22,real,36.30952380952381,1,228,1.5259258735491652,swiglu,11,0.0318400003015995
case_017_real,humaneval,early,real_route_replay,1525,42,22,real,36.30952380952381,1,228,1.5259258735491652,swiglu,12,0.03302399814128876
case_017_real,humaneval,early,real_route_replay,1525,42,22,real,36.30952380952381,1,228,1.5259258735491652,swiglu,13,0.03286400064826012
case_017_real,humaneval,early,real_route_replay,1525,42,22,real,36.30952380952381,1,228,1.5259258735491652,swiglu,14,0.034143999218940735
case_017_real,humaneval,early,real_route_replay,1525,42,22,real,36.30952380952381,1,228,1.5259258735491652,swiglu,15,0.04124800115823746
case_017_real,humaneval,early,real_route_replay,1525,42,22,real,36.30952380952381,1,228,1.5259258735491652,swiglu,16,0.024831999093294144
case_017_real,humaneval,early,real_route_replay,1525,42,22,real,36.30952380952381,1,228,1.5259258735491652,swiglu,17,0.023744000121951103
case_017_real,humaneval,early,real_route_replay,1525,42,22,real,36.30952380952381,1,228,1.5259258735491652,swiglu,18,0.020191999152302742
case_017_real,humaneval,early,real_route_replay,1525,42,22,real,36.30952380952381,1,228,1.5259258735491652,swiglu,19,0.021983999758958817
case_017_real,humaneval,early,real_route_replay,1525,42,22,real,36.30952380952381,1,228,1.5259258735491652,swiglu,20,0.02319999970495701
case_017_real,humaneval,early,real_route_replay,1525,42,22,real,36.30952380952381,1,228,1.5259258735491652,swiglu,21,0.03670400008559227
case_017_real,humaneval,early,real_route_replay,1525,42,22,real,36.30952380952381,1,228,1.5259258735491652,swiglu,22,0.041120000183582306
case_017_real,humaneval,early,real_route_replay,1525,42,22,real,36.30952380952381,1,228,1.5259258735491652,swiglu,23,0.03580800071358681
case_017_real,humaneval,early,real_route_replay,1525,42,22,real,36.30952380952381,1,228,1.5259258735491652,swiglu,24,0.03324799984693527
case_017_real,humaneval,early,real_route_replay,1525,42,22,real,36.30952380952381,1,228,1.5259258735491652,swiglu,25,0.034752000123262405
case_017_real,humaneval,early,real_route_replay,1525,42,22,real,36.30952380952381,1,228,1.5259258735491652,swiglu,26,0.039744000881910324
case_017_real,humaneval,early,real_route_replay,1525,42,22,real,36.30952380952381,1,228,1.5259258735491652,swiglu,27,0.03513599932193756
case_017_real,humaneval,early,real_route_replay,1525,42,22,real,36.30952380952381,1,228,1.5259258735491652,swiglu,28,0.03519999980926514
case_017_real,humaneval,early,real_route_replay,1525,42,22,real,36.30952380952381,1,228,1.5259258735491652,swiglu,29,0.0344959981739521
case_017_real,humaneval,early,real_route_replay,1525,42,22,real,36.30952380952381,1,228,1.5259258735491652,swiglu,30,0.03177599981427193
case_017_real,humaneval,early,real_route_replay,1525,42,22,real,36.30952380952381,1,228,1.5259258735491652,swiglu,31,0.04291199892759323
case_017_real,humaneval,early,real_route_replay,1525,42,22,real,36.30952380952381,1,228,1.5259258735491652,swiglu,32,0.03516799956560135
case_017_real,humaneval,early,real_route_replay,1525,42,22,real,36.30952380952381,1,228,1.5259258735491652,swiglu,33,0.03561599925160408
case_017_real,humaneval,early,real_route_replay,1525,42,22,real,36.30952380952381,1,228,1.5259258735491652,swiglu,34,0.038336001336574554
case_017_real,humaneval,early,real_route_replay,1525,42,22,real,36.30952380952381,1,228,1.5259258735491652,swiglu,35,0.033440001308918
case_017_real,humaneval,early,real_route_replay,1525,42,22,real,36.30952380952381,1,228,1.5259258735491652,swiglu,36,0.031328000128269196
case_017_real,humaneval,early,real_route_replay,1525,42,22,real,36.30952380952381,1,228,1.5259258735491652,swiglu,37,0.03283200040459633
case_017_real,humaneval,early,real_route_replay,1525,42,22,real,36.30952380952381,1,228,1.5259258735491652,swiglu,38,0.023840000852942467
case_017_real,humaneval,early,real_route_replay,1525,42,22,real,36.30952380952381,1,228,1.5259258735491652,swiglu,39,0.022048000246286392
case_018_real,humaneval,early,real_route_replay,2398,38,26,real,63.10526315789474,1,467,1.819840127975464,gate_up_active_prebuilt,0,0.31142398715019226
case_018_real,humaneval,early,real_route_replay,2398,38,26,real,63.10526315789474,1,467,1.819840127975464,gate_up_active_prebuilt,1,0.30691200494766235
case_018_real,humaneval,early,real_route_replay,2398,38,26,real,63.10526315789474,1,467,1.819840127975464,gate_up_active_prebuilt,2,0.3041599988937378
case_018_real,humaneval,early,real_route_replay,2398,38,26,real,63.10526315789474,1,467,1.819840127975464,gate_up_active_prebuilt,3,0.3011839985847473
case_018_real,humaneval,early,real_route_replay,2398,38,26,real,63.10526315789474,1,467,1.819840127975464,gate_up_active_prebuilt,4,0.30537599325180054
case_018_real,humaneval,early,real_route_replay,2398,38,26,real,63.10526315789474,1,467,1.819840127975464,gate_up_active_prebuilt,5,0.3054080009460449
case_018_real,humaneval,early,real_route_replay,2398,38,26,real,63.10526315789474,1,467,1.819840127975464,gate_up_active_prebuilt,6,0.3027839958667755
case_018_real,humaneval,early,real_route_replay,2398,38,26,real,63.10526315789474,1,467,1.819840127975464,gate_up_active_prebuilt,7,0.30505600571632385
case_018_real,humaneval,early,real_route_replay,2398,38,26,real,63.10526315789474,1,467,1.819840127975464,gate_up_active_prebuilt,8,0.3031040132045746
case_018_real,humaneval,early,real_route_replay,2398,38,26,real,63.10526315789474,1,467,1.819840127975464,gate_up_active_prebuilt,9,0.3046720027923584
case_018_real,humaneval,early,real_route_replay,2398,38,26,real,63.10526315789474,1,467,1.819840127975464,gate_up_active_prebuilt,10,0.3044799864292145
case_018_real,humaneval,early,real_route_replay,2398,38,26,real,63.10526315789474,1,467,1.819840127975464,gate_up_active_prebuilt,11,0.3019840121269226
case_018_real,humaneval,early,real_route_replay,2398,38,26,real,63.10526315789474,1,467,1.819840127975464,gate_up_active_prebuilt,12,0.30563199520111084
case_018_real,humaneval,early,real_route_replay,2398,38,26,real,63.10526315789474,1,467,1.819840127975464,gate_up_active_prebuilt,13,0.3036800026893616
case_018_real,humaneval,early,real_route_replay,2398,38,26,real,63.10526315789474,1,467,1.819840127975464,gate_up_active_prebuilt,14,0.3022400140762329
case_018_real,humaneval,early,real_route_replay,2398,38,26,real,63.10526315789474,1,467,1.819840127975464,gate_up_active_prebuilt,15,0.3057279884815216
case_018_real,humaneval,early,real_route_replay,2398,38,26,real,63.10526315789474,1,467,1.819840127975464,gate_up_active_prebuilt,16,0.29923200607299805
case_018_real,humaneval,early,real_route_replay,2398,38,26,real,63.10526315789474,1,467,1.819840127975464,gate_up_active_prebuilt,17,0.3035520017147064
case_018_real,humaneval,early,real_route_replay,2398,38,26,real,63.10526315789474,1,467,1.819840127975464,gate_up_active_prebuilt,18,0.2994239926338196
case_018_real,humaneval,early,real_route_replay,2398,38,26,real,63.10526315789474,1,467,1.819840127975464,gate_up_active_prebuilt,19,0.3007679879665375
case_018_real,humaneval,early,real_route_replay,2398,38,26,real,63.10526315789474,1,467,1.819840127975464,gate_up_active_prebuilt,20,0.30531200766563416
case_018_real,humaneval,early,real_route_replay,2398,38,26,real,63.10526315789474,1,467,1.819840127975464,gate_up_active_prebuilt,21,0.3001919984817505
case_018_real,humaneval,early,real_route_replay,2398,38,26,real,63.10526315789474,1,467,1.819840127975464,gate_up_active_prebuilt,22,0.300927996635437
case_018_real,humaneval,early,real_route_replay,2398,38,26,real,63.10526315789474,1,467,1.819840127975464,gate_up_active_prebuilt,23,0.3017280101776123
case_018_real,humaneval,early,real_route_replay,2398,38,26,real,63.10526315789474,1,467,1.819840127975464,gate_up_active_prebuilt,24,0.2985279858112335
case_018_real,humaneval,early,real_route_replay,2398,38,26,real,63.10526315789474,1,467,1.819840127975464,gate_up_active_prebuilt,25,0.3032959997653961
case_018_real,humaneval,early,real_route_replay,2398,38,26,real,63.10526315789474,1,467,1.819840127975464,gate_up_active_prebuilt,26,0.30188798904418945
case_018_real,humaneval,early,real_route_replay,2398,38,26,real,63.10526315789474,1,467,1.819840127975464,gate_up_active_prebuilt,27,0.301503986120224
case_018_real,humaneval,early,real_route_replay,2398,38,26,real,63.10526315789474,1,467,1.819840127975464,gate_up_active_prebuilt,28,0.3044160008430481
case_018_real,humaneval,early,real_route_replay,2398,38,26,real,63.10526315789474,1,467,1.819840127975464,gate_up_active_prebuilt,29,0.3025279939174652
case_018_real,humaneval,early,real_route_replay,2398,38,26,real,63.10526315789474,1,467,1.819840127975464,gate_up_active_prebuilt,30,0.3030399978160858
case_018_real,humaneval,early,real_route_replay,2398,38,26,real,63.10526315789474,1,467,1.819840127975464,gate_up_active_prebuilt,31,0.3031040132045746
case_018_real,humaneval,early,real_route_replay,2398,38,26,real,63.10526315789474,1,467,1.819840127975464,gate_up_active_prebuilt,32,0.3005119860172272
case_018_real,humaneval,early,real_route_replay,2398,38,26,real,63.10526315789474,1,467,1.819840127975464,gate_up_active_prebuilt,33,0.3036479949951172
case_018_real,humaneval,early,real_route_replay,2398,38,26,real,63.10526315789474,1,467,1.819840127975464,gate_up_active_prebuilt,34,0.30294400453567505
case_018_real,humaneval,early,real_route_replay,2398,38,26,real,63.10526315789474,1,467,1.819840127975464,gate_up_active_prebuilt,35,0.3039039969444275
case_018_real,humaneval,early,real_route_replay,2398,38,26,real,63.10526315789474,1,467,1.819840127975464,gate_up_active_prebuilt,36,0.30265599489212036
case_018_real,humaneval,early,real_route_replay,2398,38,26,real,63.10526315789474,1,467,1.819840127975464,gate_up_active_prebuilt,37,0.3032959997653961
case_018_real,humaneval,early,real_route_replay,2398,38,26,real,63.10526315789474,1,467,1.819840127975464,gate_up_active_prebuilt,38,0.3049600124359131
case_018_real,humaneval,early,real_route_replay,2398,38,26,real,63.10526315789474,1,467,1.819840127975464,gate_up_active_prebuilt,39,0.3064959943294525
case_018_real,humaneval,early,real_route_replay,2398,38,26,real,63.10526315789474,1,467,1.819840127975464,down_full64_prebuilt,0,0.20230400562286377
case_018_real,humaneval,early,real_route_replay,2398,38,26,real,63.10526315789474,1,467,1.819840127975464,down_full64_prebuilt,1,0.18758399784564972
case_018_real,humaneval,early,real_route_replay,2398,38,26,real,63.10526315789474,1,467,1.819840127975464,down_full64_prebuilt,2,0.18723200261592865
case_018_real,humaneval,early,real_route_replay,2398,38,26,real,63.10526315789474,1,467,1.819840127975464,down_full64_prebuilt,3,0.19020800292491913
case_018_real,humaneval,early,real_route_replay,2398,38,26,real,63.10526315789474,1,467,1.819840127975464,down_full64_prebuilt,4,0.19155199825763702
case_018_real,humaneval,early,real_route_replay,2398,38,26,real,63.10526315789474,1,467,1.819840127975464,down_full64_prebuilt,5,0.19222399592399597
case_018_real,humaneval,early,real_route_replay,2398,38,26,real,63.10526315789474,1,467,1.819840127975464,down_full64_prebuilt,6,0.19097599387168884
case_018_real,humaneval,early,real_route_replay,2398,38,26,real,63.10526315789474,1,467,1.819840127975464,down_full64_prebuilt,7,0.19244800508022308
case_018_real,humaneval,early,real_route_replay,2398,38,26,real,63.10526315789474,1,467,1.819840127975464,down_full64_prebuilt,8,0.19923199713230133
case_018_real,humaneval,early,real_route_replay,2398,38,26,real,63.10526315789474,1,467,1.819840127975464,down_full64_prebuilt,9,0.19059200584888458
case_018_real,humaneval,early,real_route_replay,2398,38,26,real,63.10526315789474,1,467,1.819840127975464,down_full64_prebuilt,10,0.18991999328136444
case_018_real,humaneval,early,real_route_replay,2398,38,26,real,63.10526315789474,1,467,1.819840127975464,down_full64_prebuilt,11,0.19232000410556793
case_018_real,humaneval,early,real_route_replay,2398,38,26,real,63.10526315789474,1,467,1.819840127975464,down_full64_prebuilt,12,0.1892160028219223
case_018_real,humaneval,early,real_route_replay,2398,38,26,real,63.10526315789474,1,467,1.819840127975464,down_full64_prebuilt,13,0.18809600174427032
case_018_real,humaneval,early,real_route_replay,2398,38,26,real,63.10526315789474,1,467,1.819840127975464,down_full64_prebuilt,14,0.1887039989233017
case_018_real,humaneval,early,real_route_replay,2398,38,26,real,63.10526315789474,1,467,1.819840127975464,down_full64_prebuilt,15,0.18755200505256653
case_018_real,humaneval,early,real_route_replay,2398,38,26,real,63.10526315789474,1,467,1.819840127975464,down_full64_prebuilt,16,0.18681600689888
case_018_real,humaneval,early,real_route_replay,2398,38,26,real,63.10526315789474,1,467,1.819840127975464,down_full64_prebuilt,17,0.18467199802398682
case_018_real,humaneval,early,real_route_replay,2398,38,26,real,63.10526315789474,1,467,1.819840127975464,down_full64_prebuilt,18,0.1897599995136261
case_018_real,humaneval,early,real_route_replay,2398,38,26,real,63.10526315789474,1,467,1.819840127975464,down_full64_prebuilt,19,0.19091199338436127
case_018_real,humaneval,early,real_route_replay,2398,38,26,real,63.10526315789474,1,467,1.819840127975464,down_full64_prebuilt,20,0.1876479983329773
case_018_real,humaneval,early,real_route_replay,2398,38,26,real,63.10526315789474,1,467,1.819840127975464,down_full64_prebuilt,21,0.1892479956150055
case_018_real,humaneval,early,real_route_replay,2398,38,26,real,63.10526315789474,1,467,1.819840127975464,down_full64_prebuilt,22,0.1873600035905838
case_018_real,humaneval,early,real_route_replay,2398,38,26,real,63.10526315789474,1,467,1.819840127975464,down_full64_prebuilt,23,0.191103994846344
case_018_real,humaneval,early,real_route_replay,2398,38,26,real,63.10526315789474,1,467,1.819840127975464,down_full64_prebuilt,24,0.19049599766731262
case_018_real,humaneval,early,real_route_replay,2398,38,26,real,63.10526315789474,1,467,1.819840127975464,down_full64_prebuilt,25,0.1857600063085556
case_018_real,humaneval,early,real_route_replay,2398,38,26,real,63.10526315789474,1,467,1.819840127975464,down_full64_prebuilt,26,0.18515199422836304
case_018_real,humaneval,early,real_route_replay,2398,38,26,real,63.10526315789474,1,467,1.819840127975464,down_full64_prebuilt,27,0.18652799725532532
case_018_real,humaneval,early,real_route_replay,2398,38,26,real,63.10526315789474,1,467,1.819840127975464,down_full64_prebuilt,28,0.187391996383667
case_018_real,humaneval,early,real_route_replay,2398,38,26,real,63.10526315789474,1,467,1.819840127975464,down_full64_prebuilt,29,0.18777599930763245
case_018_real,humaneval,early,real_route_replay,2398,38,26,real,63.10526315789474,1,467,1.819840127975464,down_full64_prebuilt,30,0.18697600066661835
case_018_real,humaneval,early,real_route_replay,2398,38,26,real,63.10526315789474,1,467,1.819840127975464,down_full64_prebuilt,31,0.1913599967956543
case_018_real,humaneval,early,real_route_replay,2398,38,26,real,63.10526315789474,1,467,1.819840127975464,down_full64_prebuilt,32,0.18940800428390503
case_018_real,humaneval,early,real_route_replay,2398,38,26,real,63.10526315789474,1,467,1.819840127975464,down_full64_prebuilt,33,0.19126400351524353
case_018_real,humaneval,early,real_route_replay,2398,38,26,real,63.10526315789474,1,467,1.819840127975464,down_full64_prebuilt,34,0.1921599954366684
case_018_real,humaneval,early,real_route_replay,2398,38,26,real,63.10526315789474,1,467,1.819840127975464,down_full64_prebuilt,35,0.19497600197792053
case_018_real,humaneval,early,real_route_replay,2398,38,26,real,63.10526315789474,1,467,1.819840127975464,down_full64_prebuilt,36,0.1908160001039505
case_018_real,humaneval,early,real_route_replay,2398,38,26,real,63.10526315789474,1,467,1.819840127975464,down_full64_prebuilt,37,0.18620799481868744
case_018_real,humaneval,early,real_route_replay,2398,38,26,real,63.10526315789474,1,467,1.819840127975464,down_full64_prebuilt,38,0.1908160001039505
case_018_real,humaneval,early,real_route_replay,2398,38,26,real,63.10526315789474,1,467,1.819840127975464,down_full64_prebuilt,39,0.20127999782562256
case_018_real,humaneval,early,real_route_replay,2398,38,26,real,63.10526315789474,1,467,1.819840127975464,gate_up_full64_prebuilt,0,0.3115200102329254
case_018_real,humaneval,early,real_route_replay,2398,38,26,real,63.10526315789474,1,467,1.819840127975464,gate_up_full64_prebuilt,1,0.30425599217414856
case_018_real,humaneval,early,real_route_replay,2398,38,26,real,63.10526315789474,1,467,1.819840127975464,gate_up_full64_prebuilt,2,0.30374398827552795
case_018_real,humaneval,early,real_route_replay,2398,38,26,real,63.10526315789474,1,467,1.819840127975464,gate_up_full64_prebuilt,3,0.30451199412345886
case_018_real,humaneval,early,real_route_replay,2398,38,26,real,63.10526315789474,1,467,1.819840127975464,gate_up_full64_prebuilt,4,0.3030399978160858
case_018_real,humaneval,early,real_route_replay,2398,38,26,real,63.10526315789474,1,467,1.819840127975464,gate_up_full64_prebuilt,5,0.30268800258636475
case_018_real,humaneval,early,real_route_replay,2398,38,26,real,63.10526315789474,1,467,1.819840127975464,gate_up_full64_prebuilt,6,0.304639995098114
case_018_real,humaneval,early,real_route_replay,2398,38,26,real,63.10526315789474,1,467,1.819840127975464,gate_up_full64_prebuilt,7,0.3006719946861267
case_018_real,humaneval,early,real_route_replay,2398,38,26,real,63.10526315789474,1,467,1.819840127975464,gate_up_full64_prebuilt,8,0.3032959997653961
case_018_real,humaneval,early,real_route_replay,2398,38,26,real,63.10526315789474,1,467,1.819840127975464,gate_up_full64_prebuilt,9,0.3041599988937378
case_018_real,humaneval,early,real_route_replay,2398,38,26,real,63.10526315789474,1,467,1.819840127975464,gate_up_full64_prebuilt,10,0.3028160035610199
case_018_real,humaneval,early,real_route_replay,2398,38,26,real,63.10526315789474,1,467,1.819840127975464,gate_up_full64_prebuilt,11,0.3060480058193207
case_018_real,humaneval,early,real_route_replay,2398,38,26,real,63.10526315789474,1,467,1.819840127975464,gate_up_full64_prebuilt,12,0.30108800530433655
case_018_real,humaneval,early,real_route_replay,2398,38,26,real,63.10526315789474,1,467,1.819840127975464,gate_up_full64_prebuilt,13,0.30086401104927063
case_018_real,humaneval,early,real_route_replay,2398,38,26,real,63.10526315789474,1,467,1.819840127975464,gate_up_full64_prebuilt,14,0.30316799879074097
case_018_real,humaneval,early,real_route_replay,2398,38,26,real,63.10526315789474,1,467,1.819840127975464,gate_up_full64_prebuilt,15,0.3020159900188446
case_018_real,humaneval,early,real_route_replay,2398,38,26,real,63.10526315789474,1,467,1.819840127975464,gate_up_full64_prebuilt,16,0.3036159873008728
case_018_real,humaneval,early,real_route_replay,2398,38,26,real,63.10526315789474,1,467,1.819840127975464,gate_up_full64_prebuilt,17,0.30531200766563416
case_018_real,humaneval,early,real_route_replay,2398,38,26,real,63.10526315789474,1,467,1.819840127975464,gate_up_full64_prebuilt,18,0.3004159927368164
case_018_real,humaneval,early,real_route_replay,2398,38,26,real,63.10526315789474,1,467,1.819840127975464,gate_up_full64_prebuilt,19,0.3022400140762329
case_018_real,humaneval,early,real_route_replay,2398,38,26,real,63.10526315789474,1,467,1.819840127975464,gate_up_full64_prebuilt,20,0.3023360073566437
case_018_real,humaneval,early,real_route_replay,2398,38,26,real,63.10526315789474,1,467,1.819840127975464,gate_up_full64_prebuilt,21,0.29923200607299805
case_018_real,humaneval,early,real_route_replay,2398,38,26,real,63.10526315789474,1,467,1.819840127975464,gate_up_full64_prebuilt,22,0.30160000920295715
case_018_real,humaneval,early,real_route_replay,2398,38,26,real,63.10526315789474,1,467,1.819840127975464,gate_up_full64_prebuilt,23,0.3007360100746155
case_018_real,humaneval,early,real_route_replay,2398,38,26,real,63.10526315789474,1,467,1.819840127975464,gate_up_full64_prebuilt,24,0.3048959970474243
case_018_real,humaneval,early,real_route_replay,2398,38,26,real,63.10526315789474,1,467,1.819840127975464,gate_up_full64_prebuilt,25,0.30031999945640564
case_018_real,humaneval,early,real_route_replay,2398,38,26,real,63.10526315789474,1,467,1.819840127975464,gate_up_full64_prebuilt,26,0.3022080063819885
case_018_real,humaneval,early,real_route_replay,2398,38,26,real,63.10526315789474,1,467,1.819840127975464,gate_up_full64_prebuilt,27,0.3007040023803711
case_018_real,humaneval,early,real_route_replay,2398,38,26,real,63.10526315789474,1,467,1.819840127975464,gate_up_full64_prebuilt,28,0.3014400005340576
case_018_real,humaneval,early,real_route_replay,2398,38,26,real,63.10526315789474,1,467,1.819840127975464,gate_up_full64_prebuilt,29,0.3012480139732361
case_018_real,humaneval,early,real_route_replay,2398,38,26,real,63.10526315789474,1,467,1.819840127975464,gate_up_full64_prebuilt,30,0.3036800026893616
case_018_real,humaneval,early,real_route_replay,2398,38,26,real,63.10526315789474,1,467,1.819840127975464,gate_up_full64_prebuilt,31,0.3055039942264557
case_018_real,humaneval,early,real_route_replay,2398,38,26,real,63.10526315789474,1,467,1.819840127975464,gate_up_full64_prebuilt,32,0.3113279938697815
case_018_real,humaneval,early,real_route_replay,2398,38,26,real,63.10526315789474,1,467,1.819840127975464,gate_up_full64_prebuilt,33,0.30908799171447754
case_018_real,humaneval,early,real_route_replay,2398,38,26,real,63.10526315789474,1,467,1.819840127975464,gate_up_full64_prebuilt,34,0.30720001459121704
case_018_real,humaneval,early,real_route_replay,2398,38,26,real,63.10526315789474,1,467,1.819840127975464,gate_up_full64_prebuilt,35,0.302623987197876
case_018_real,humaneval,early,real_route_replay,2398,38,26,real,63.10526315789474,1,467,1.819840127975464,gate_up_full64_prebuilt,36,0.31324800848960876
case_018_real,humaneval,early,real_route_replay,2398,38,26,real,63.10526315789474,1,467,1.819840127975464,gate_up_full64_prebuilt,37,0.3136639893054962
case_018_real,humaneval,early,real_route_replay,2398,38,26,real,63.10526315789474,1,467,1.819840127975464,gate_up_full64_prebuilt,38,0.3093760013580322
case_018_real,humaneval,early,real_route_replay,2398,38,26,real,63.10526315789474,1,467,1.819840127975464,gate_up_full64_prebuilt,39,0.31356799602508545
case_018_real,humaneval,early,real_route_replay,2398,38,26,real,63.10526315789474,1,467,1.819840127975464,swiglu,0,0.05833600088953972
case_018_real,humaneval,early,real_route_replay,2398,38,26,real,63.10526315789474,1,467,1.819840127975464,swiglu,1,0.044415999203920364
case_018_real,humaneval,early,real_route_replay,2398,38,26,real,63.10526315789474,1,467,1.819840127975464,swiglu,2,0.02723200060427189
case_018_real,humaneval,early,real_route_replay,2398,38,26,real,63.10526315789474,1,467,1.819840127975464,swiglu,3,0.02582399919629097
case_018_real,humaneval,early,real_route_replay,2398,38,26,real,63.10526315789474,1,467,1.819840127975464,swiglu,4,0.02687999978661537
case_018_real,humaneval,early,real_route_replay,2398,38,26,real,63.10526315789474,1,467,1.819840127975464,swiglu,5,0.02521600015461445
case_018_real,humaneval,early,real_route_replay,2398,38,26,real,63.10526315789474,1,467,1.819840127975464,swiglu,6,0.025887999683618546
case_018_real,humaneval,early,real_route_replay,2398,38,26,real,63.10526315789474,1,467,1.819840127975464,swiglu,7,0.026016000658273697
case_018_real,humaneval,early,real_route_replay,2398,38,26,real,63.10526315789474,1,467,1.819840127975464,swiglu,8,0.02595200017094612
case_018_real,humaneval,early,real_route_replay,2398,38,26,real,63.10526315789474,1,467,1.819840127975464,swiglu,9,0.026335999369621277
case_018_real,humaneval,early,real_route_replay,2398,38,26,real,63.10526315789474,1,467,1.819840127975464,swiglu,10,0.026464000344276428
case_018_real,humaneval,early,real_route_replay,2398,38,26,real,63.10526315789474,1,467,1.819840127975464,swiglu,11,0.02643200010061264
case_018_real,humaneval,early,real_route_replay,2398,38,26,real,63.10526315789474,1,467,1.819840127975464,swiglu,12,0.02595200017094612
case_018_real,humaneval,early,real_route_replay,2398,38,26,real,63.10526315789474,1,467,1.819840127975464,swiglu,13,0.02579200081527233
case_018_real,humaneval,early,real_route_replay,2398,38,26,real,63.10526315789474,1,467,1.819840127975464,swiglu,14,0.025855999439954758
case_018_real,humaneval,early,real_route_replay,2398,38,26,real,63.10526315789474,1,467,1.819840127975464,swiglu,15,0.02864000014960766
case_018_real,humaneval,early,real_route_replay,2398,38,26,real,63.10526315789474,1,467,1.819840127975464,swiglu,16,0.02582399919629097
case_018_real,humaneval,early,real_route_replay,2398,38,26,real,63.10526315789474,1,467,1.819840127975464,swiglu,17,0.027135999873280525
case_018_real,humaneval,early,real_route_replay,2398,38,26,real,63.10526315789474,1,467,1.819840127975464,swiglu,18,0.027168000116944313
case_018_real,humaneval,early,real_route_replay,2398,38,26,real,63.10526315789474,1,467,1.819840127975464,swiglu,19,0.02598400041460991
case_018_real,humaneval,early,real_route_replay,2398,38,26,real,63.10526315789474,1,467,1.819840127975464,swiglu,20,0.026528000831604004
case_018_real,humaneval,early,real_route_replay,2398,38,26,real,63.10526315789474,1,467,1.819840127975464,swiglu,21,0.026399999856948853
case_018_real,humaneval,early,real_route_replay,2398,38,26,real,63.10526315789474,1,467,1.819840127975464,swiglu,22,0.027424000203609467
case_018_real,humaneval,early,real_route_replay,2398,38,26,real,63.10526315789474,1,467,1.819840127975464,swiglu,23,0.026655999943614006
case_018_real,humaneval,early,real_route_replay,2398,38,26,real,63.10526315789474,1,467,1.819840127975464,swiglu,24,0.025760000571608543
case_018_real,humaneval,early,real_route_replay,2398,38,26,real,63.10526315789474,1,467,1.819840127975464,swiglu,25,0.025919999927282333
case_018_real,humaneval,early,real_route_replay,2398,38,26,real,63.10526315789474,1,467,1.819840127975464,swiglu,26,0.03302399814128876
case_018_real,humaneval,early,real_route_replay,2398,38,26,real,63.10526315789474,1,467,1.819840127975464,swiglu,27,0.027103999629616737
case_018_real,humaneval,early,real_route_replay,2398,38,26,real,63.10526315789474,1,467,1.819840127975464,swiglu,28,0.02707199938595295
case_018_real,humaneval,early,real_route_replay,2398,38,26,real,63.10526315789474,1,467,1.819840127975464,swiglu,29,0.028831999748945236
case_018_real,humaneval,early,real_route_replay,2398,38,26,real,63.10526315789474,1,467,1.819840127975464,swiglu,30,0.026559999212622643
case_018_real,humaneval,early,real_route_replay,2398,38,26,real,63.10526315789474,1,467,1.819840127975464,swiglu,31,0.027135999873280525
case_018_real,humaneval,early,real_route_replay,2398,38,26,real,63.10526315789474,1,467,1.819840127975464,swiglu,32,0.02627200074493885
case_018_real,humaneval,early,real_route_replay,2398,38,26,real,63.10526315789474,1,467,1.819840127975464,swiglu,33,0.026464000344276428
case_018_real,humaneval,early,real_route_replay,2398,38,26,real,63.10526315789474,1,467,1.819840127975464,swiglu,34,0.02687999978661537
case_018_real,humaneval,early,real_route_replay,2398,38,26,real,63.10526315789474,1,467,1.819840127975464,swiglu,35,0.02707199938595295
case_018_real,humaneval,early,real_route_replay,2398,38,26,real,63.10526315789474,1,467,1.819840127975464,swiglu,36,0.027744000777602196
case_018_real,humaneval,early,real_route_replay,2398,38,26,real,63.10526315789474,1,467,1.819840127975464,swiglu,37,0.02768000029027462
case_018_real,humaneval,early,real_route_replay,2398,38,26,real,63.10526315789474,1,467,1.819840127975464,swiglu,38,0.02691200003027916
case_018_real,humaneval,early,real_route_replay,2398,38,26,real,63.10526315789474,1,467,1.819840127975464,swiglu,39,0.027168000116944313
case_018_real,humaneval,early,real_route_replay,2398,38,26,real,63.10526315789474,1,467,1.819840127975464,down_active_prebuilt,0,0.20502400398254395
case_018_real,humaneval,early,real_route_replay,2398,38,26,real,63.10526315789474,1,467,1.819840127975464,down_active_prebuilt,1,0.18806399405002594
case_018_real,humaneval,early,real_route_replay,2398,38,26,real,63.10526315789474,1,467,1.819840127975464,down_active_prebuilt,2,0.1897280067205429
case_018_real,humaneval,early,real_route_replay,2398,38,26,real,63.10526315789474,1,467,1.819840127975464,down_active_prebuilt,3,0.19020800292491913
case_018_real,humaneval,early,real_route_replay,2398,38,26,real,63.10526315789474,1,467,1.819840127975464,down_active_prebuilt,4,0.19020800292491913
case_018_real,humaneval,early,real_route_replay,2398,38,26,real,63.10526315789474,1,467,1.819840127975464,down_active_prebuilt,5,0.18812799453735352
case_018_real,humaneval,early,real_route_replay,2398,38,26,real,63.10526315789474,1,467,1.819840127975464,down_active_prebuilt,6,0.18982400000095367
case_018_real,humaneval,early,real_route_replay,2398,38,26,real,63.10526315789474,1,467,1.819840127975464,down_active_prebuilt,7,0.19065600633621216
case_018_real,humaneval,early,real_route_replay,2398,38,26,real,63.10526315789474,1,467,1.819840127975464,down_active_prebuilt,8,0.188960000872612
case_018_real,humaneval,early,real_route_replay,2398,38,26,real,63.10526315789474,1,467,1.819840127975464,down_active_prebuilt,9,0.18812799453735352
case_018_real,humaneval,early,real_route_replay,2398,38,26,real,63.10526315789474,1,467,1.819840127975464,down_active_prebuilt,10,0.18860800564289093
case_018_real,humaneval,early,real_route_replay,2398,38,26,real,63.10526315789474,1,467,1.819840127975464,down_active_prebuilt,11,0.1887039989233017
case_018_real,humaneval,early,real_route_replay,2398,38,26,real,63.10526315789474,1,467,1.819840127975464,down_active_prebuilt,12,0.18991999328136444
case_018_real,humaneval,early,real_route_replay,2398,38,26,real,63.10526315789474,1,467,1.819840127975464,down_active_prebuilt,13,0.1902720034122467
case_018_real,humaneval,early,real_route_replay,2398,38,26,real,63.10526315789474,1,467,1.819840127975464,down_active_prebuilt,14,0.1934400051832199
case_018_real,humaneval,early,real_route_replay,2398,38,26,real,63.10526315789474,1,467,1.819840127975464,down_active_prebuilt,15,0.18783999979496002
case_018_real,humaneval,early,real_route_replay,2398,38,26,real,63.10526315789474,1,467,1.819840127975464,down_active_prebuilt,16,0.19043199717998505
case_018_real,humaneval,early,real_route_replay,2398,38,26,real,63.10526315789474,1,467,1.819840127975464,down_active_prebuilt,17,0.18668800592422485
case_018_real,humaneval,early,real_route_replay,2398,38,26,real,63.10526315789474,1,467,1.819840127975464,down_active_prebuilt,18,0.18908800184726715
case_018_real,humaneval,early,real_route_replay,2398,38,26,real,63.10526315789474,1,467,1.819840127975464,down_active_prebuilt,19,0.18588800728321075
case_018_real,humaneval,early,real_route_replay,2398,38,26,real,63.10526315789474,1,467,1.819840127975464,down_active_prebuilt,20,0.1855040043592453
case_018_real,humaneval,early,real_route_replay,2398,38,26,real,63.10526315789474,1,467,1.819840127975464,down_active_prebuilt,21,0.1857600063085556
case_018_real,humaneval,early,real_route_replay,2398,38,26,real,63.10526315789474,1,467,1.819840127975464,down_active_prebuilt,22,0.18726399540901184
case_018_real,humaneval,early,real_route_replay,2398,38,26,real,63.10526315789474,1,467,1.819840127975464,down_active_prebuilt,23,0.1881600022315979
case_018_real,humaneval,early,real_route_replay,2398,38,26,real,63.10526315789474,1,467,1.819840127975464,down_active_prebuilt,24,0.1865600049495697
case_018_real,humaneval,early,real_route_replay,2398,38,26,real,63.10526315789474,1,467,1.819840127975464,down_active_prebuilt,25,0.18489600718021393
case_018_real,humaneval,early,real_route_replay,2398,38,26,real,63.10526315789474,1,467,1.819840127975464,down_active_prebuilt,26,0.18934400379657745
case_018_real,humaneval,early,real_route_replay,2398,38,26,real,63.10526315789474,1,467,1.819840127975464,down_active_prebuilt,27,0.18828800320625305
case_018_real,humaneval,early,real_route_replay,2398,38,26,real,63.10526315789474,1,467,1.819840127975464,down_active_prebuilt,28,0.1892479956150055
case_018_real,humaneval,early,real_route_replay,2398,38,26,real,63.10526315789474,1,467,1.819840127975464,down_active_prebuilt,29,0.19043199717998505
case_018_real,humaneval,early,real_route_replay,2398,38,26,real,63.10526315789474,1,467,1.819840127975464,down_active_prebuilt,30,0.19171200692653656
case_018_real,humaneval,early,real_route_replay,2398,38,26,real,63.10526315789474,1,467,1.819840127975464,down_active_prebuilt,31,0.18883199989795685
case_018_real,humaneval,early,real_route_replay,2398,38,26,real,63.10526315789474,1,467,1.819840127975464,down_active_prebuilt,32,0.1857919991016388
case_018_real,humaneval,early,real_route_replay,2398,38,26,real,63.10526315789474,1,467,1.819840127975464,down_active_prebuilt,33,0.1879359930753708
case_018_real,humaneval,early,real_route_replay,2398,38,26,real,63.10526315789474,1,467,1.819840127975464,down_active_prebuilt,34,0.18956799805164337
case_018_real,humaneval,early,real_route_replay,2398,38,26,real,63.10526315789474,1,467,1.819840127975464,down_active_prebuilt,35,0.19206400215625763
case_018_real,humaneval,early,real_route_replay,2398,38,26,real,63.10526315789474,1,467,1.819840127975464,down_active_prebuilt,36,0.1887039989233017
case_018_real,humaneval,early,real_route_replay,2398,38,26,real,63.10526315789474,1,467,1.819840127975464,down_active_prebuilt,37,0.1889919936656952
case_018_real,humaneval,early,real_route_replay,2398,38,26,real,63.10526315789474,1,467,1.819840127975464,down_active_prebuilt,38,0.1902720034122467
case_018_real,humaneval,early,real_route_replay,2398,38,26,real,63.10526315789474,1,467,1.819840127975464,down_active_prebuilt,39,0.18825599551200867
case_018_real,humaneval,early,real_route_replay,2398,38,26,real,63.10526315789474,1,467,1.819840127975464,route_weight,0,0.04054399952292442
case_018_real,humaneval,early,real_route_replay,2398,38,26,real,63.10526315789474,1,467,1.819840127975464,route_weight,1,0.03548799827694893
case_018_real,humaneval,early,real_route_replay,2398,38,26,real,63.10526315789474,1,467,1.819840127975464,route_weight,2,0.03759999945759773
case_018_real,humaneval,early,real_route_replay,2398,38,26,real,63.10526315789474,1,467,1.819840127975464,route_weight,3,0.0360959991812706
case_018_real,humaneval,early,real_route_replay,2398,38,26,real,63.10526315789474,1,467,1.819840127975464,route_weight,4,0.03465599939227104
case_018_real,humaneval,early,real_route_replay,2398,38,26,real,63.10526315789474,1,467,1.819840127975464,route_weight,5,0.04419200122356415
case_018_real,humaneval,early,real_route_replay,2398,38,26,real,63.10526315789474,1,467,1.819840127975464,route_weight,6,0.03436800092458725
case_018_real,humaneval,early,real_route_replay,2398,38,26,real,63.10526315789474,1,467,1.819840127975464,route_weight,7,0.035392001271247864
case_018_real,humaneval,early,real_route_replay,2398,38,26,real,63.10526315789474,1,467,1.819840127975464,route_weight,8,0.035999998450279236
case_018_real,humaneval,early,real_route_replay,2398,38,26,real,63.10526315789474,1,467,1.819840127975464,route_weight,9,0.03670400008559227
case_018_real,humaneval,early,real_route_replay,2398,38,26,real,63.10526315789474,1,467,1.819840127975464,route_weight,10,0.036159999668598175
case_018_real,humaneval,early,real_route_replay,2398,38,26,real,63.10526315789474,1,467,1.819840127975464,route_weight,11,0.036031998693943024
case_018_real,humaneval,early,real_route_replay,2398,38,26,real,63.10526315789474,1,467,1.819840127975464,route_weight,12,0.03500799834728241
case_018_real,humaneval,early,real_route_replay,2398,38,26,real,63.10526315789474,1,467,1.819840127975464,route_weight,13,0.03471999987959862
case_018_real,humaneval,early,real_route_replay,2398,38,26,real,63.10526315789474,1,467,1.819840127975464,route_weight,14,0.034912001341581345
case_018_real,humaneval,early,real_route_replay,2398,38,26,real,63.10526315789474,1,467,1.819840127975464,route_weight,15,0.03526400029659271
case_018_real,humaneval,early,real_route_replay,2398,38,26,real,63.10526315789474,1,467,1.819840127975464,route_weight,16,0.03574400022625923
case_018_real,humaneval,early,real_route_replay,2398,38,26,real,63.10526315789474,1,467,1.819840127975464,route_weight,17,0.035232000052928925
case_018_real,humaneval,early,real_route_replay,2398,38,26,real,63.10526315789474,1,467,1.819840127975464,route_weight,18,0.03465599939227104
case_018_real,humaneval,early,real_route_replay,2398,38,26,real,63.10526315789474,1,467,1.819840127975464,route_weight,19,0.03481600061058998
case_018_real,humaneval,early,real_route_replay,2398,38,26,real,63.10526315789474,1,467,1.819840127975464,route_weight,20,0.0350399985909462
case_018_real,humaneval,early,real_route_replay,2398,38,26,real,63.10526315789474,1,467,1.819840127975464,route_weight,21,0.03478400036692619
case_018_real,humaneval,early,real_route_replay,2398,38,26,real,63.10526315789474,1,467,1.819840127975464,route_weight,22,0.03484800085425377
case_018_real,humaneval,early,real_route_replay,2398,38,26,real,63.10526315789474,1,467,1.819840127975464,route_weight,23,0.03862399980425835
case_018_real,humaneval,early,real_route_replay,2398,38,26,real,63.10526315789474,1,467,1.819840127975464,route_weight,24,0.03455999866127968
case_018_real,humaneval,early,real_route_replay,2398,38,26,real,63.10526315789474,1,467,1.819840127975464,route_weight,25,0.036479998379945755
case_018_real,humaneval,early,real_route_replay,2398,38,26,real,63.10526315789474,1,467,1.819840127975464,route_weight,26,0.03590400144457817
case_018_real,humaneval,early,real_route_replay,2398,38,26,real,63.10526315789474,1,467,1.819840127975464,route_weight,27,0.03452799841761589
case_018_real,humaneval,early,real_route_replay,2398,38,26,real,63.10526315789474,1,467,1.819840127975464,route_weight,28,0.034752000123262405
case_018_real,humaneval,early,real_route_replay,2398,38,26,real,63.10526315789474,1,467,1.819840127975464,route_weight,29,0.035392001271247864
case_018_real,humaneval,early,real_route_replay,2398,38,26,real,63.10526315789474,1,467,1.819840127975464,route_weight,30,0.0344959981739521
case_018_real,humaneval,early,real_route_replay,2398,38,26,real,63.10526315789474,1,467,1.819840127975464,route_weight,31,0.036320000886917114
case_018_real,humaneval,early,real_route_replay,2398,38,26,real,63.10526315789474,1,467,1.819840127975464,route_weight,32,0.03590400144457817
case_018_real,humaneval,early,real_route_replay,2398,38,26,real,63.10526315789474,1,467,1.819840127975464,route_weight,33,0.03574400022625923
case_018_real,humaneval,early,real_route_replay,2398,38,26,real,63.10526315789474,1,467,1.819840127975464,route_weight,34,0.03561599925160408
case_018_real,humaneval,early,real_route_replay,2398,38,26,real,63.10526315789474,1,467,1.819840127975464,route_weight,35,0.03481600061058998
case_018_real,humaneval,early,real_route_replay,2398,38,26,real,63.10526315789474,1,467,1.819840127975464,route_weight,36,0.034912001341581345
case_018_real,humaneval,early,real_route_replay,2398,38,26,real,63.10526315789474,1,467,1.819840127975464,route_weight,37,0.03510399907827377
case_018_real,humaneval,early,real_route_replay,2398,38,26,real,63.10526315789474,1,467,1.819840127975464,route_weight,38,0.0350399985909462
case_018_real,humaneval,early,real_route_replay,2398,38,26,real,63.10526315789474,1,467,1.819840127975464,route_weight,39,0.03558399900794029
case_019_real,humaneval,early,real_route_replay,820,27,37,real,30.37037037037037,1,515,3.186307894913762,swiglu,0,0.06095999851822853
case_019_real,humaneval,early,real_route_replay,820,27,37,real,30.37037037037037,1,515,3.186307894913762,swiglu,1,0.0272000003606081
case_019_real,humaneval,early,real_route_replay,820,27,37,real,30.37037037037037,1,515,3.186307894913762,swiglu,2,0.023391999304294586
case_019_real,humaneval,early,real_route_replay,820,27,37,real,30.37037037037037,1,515,3.186307894913762,swiglu,3,0.022048000246286392
case_019_real,humaneval,early,real_route_replay,820,27,37,real,30.37037037037037,1,515,3.186307894913762,swiglu,4,0.021376000717282295
case_019_real,humaneval,early,real_route_replay,820,27,37,real,30.37037037037037,1,515,3.186307894913762,swiglu,5,0.023391999304294586
case_019_real,humaneval,early,real_route_replay,820,27,37,real,30.37037037037037,1,515,3.186307894913762,swiglu,6,0.023711999878287315
case_019_real,humaneval,early,real_route_replay,820,27,37,real,30.37037037037037,1,515,3.186307894913762,swiglu,7,0.02348800003528595
case_019_real,humaneval,early,real_route_replay,820,27,37,real,30.37037037037037,1,515,3.186307894913762,swiglu,8,0.02550400048494339
case_019_real,humaneval,early,real_route_replay,820,27,37,real,30.37037037037037,1,515,3.186307894913762,swiglu,9,0.020255999639630318
case_019_real,humaneval,early,real_route_replay,820,27,37,real,30.37037037037037,1,515,3.186307894913762,swiglu,10,0.020927999168634415
case_019_real,humaneval,early,real_route_replay,820,27,37,real,30.37037037037037,1,515,3.186307894913762,swiglu,11,0.02304000034928322
case_019_real,humaneval,early,real_route_replay,820,27,37,real,30.37037037037037,1,515,3.186307894913762,swiglu,12,0.02284800074994564
case_019_real,humaneval,early,real_route_replay,820,27,37,real,30.37037037037037,1,515,3.186307894913762,swiglu,13,0.023104000836610794
case_019_real,humaneval,early,real_route_replay,820,27,37,real,30.37037037037037,1,515,3.186307894913762,swiglu,14,0.020031999796628952
case_019_real,humaneval,early,real_route_replay,820,27,37,real,30.37037037037037,1,515,3.186307894913762,swiglu,15,0.020287999883294106
case_019_real,humaneval,early,real_route_replay,820,27,37,real,30.37037037037037,1,515,3.186307894913762,swiglu,16,0.020287999883294106
case_019_real,humaneval,early,real_route_replay,820,27,37,real,30.37037037037037,1,515,3.186307894913762,swiglu,17,0.0197759997099638
case_019_real,humaneval,early,real_route_replay,820,27,37,real,30.37037037037037,1,515,3.186307894913762,swiglu,18,0.02006400004029274
case_019_real,humaneval,early,real_route_replay,820,27,37,real,30.37037037037037,1,515,3.186307894913762,swiglu,19,0.020320000126957893
case_019_real,humaneval,early,real_route_replay,820,27,37,real,30.37037037037037,1,515,3.186307894913762,swiglu,20,0.021727999672293663
case_019_real,humaneval,early,real_route_replay,820,27,37,real,30.37037037037037,1,515,3.186307894913762,swiglu,21,0.020640000700950623
case_019_real,humaneval,early,real_route_replay,820,27,37,real,30.37037037037037,1,515,3.186307894913762,swiglu,22,0.020767999812960625
case_019_real,humaneval,early,real_route_replay,820,27,37,real,30.37037037037037,1,515,3.186307894913762,swiglu,23,0.023360000923275948
case_019_real,humaneval,early,real_route_replay,820,27,37,real,30.37037037037037,1,515,3.186307894913762,swiglu,24,0.02332800067961216
case_019_real,humaneval,early,real_route_replay,820,27,37,real,30.37037037037037,1,515,3.186307894913762,swiglu,25,0.023423999547958374
case_019_real,humaneval,early,real_route_replay,820,27,37,real,30.37037037037037,1,515,3.186307894913762,swiglu,26,0.0226879995316267
case_019_real,humaneval,early,real_route_replay,820,27,37,real,30.37037037037037,1,515,3.186307894913762,swiglu,27,0.02287999913096428
case_019_real,humaneval,early,real_route_replay,820,27,37,real,30.37037037037037,1,515,3.186307894913762,swiglu,28,0.023455999791622162
case_019_real,humaneval,early,real_route_replay,820,27,37,real,30.37037037037037,1,515,3.186307894913762,swiglu,29,0.02271999977529049
case_019_real,humaneval,early,real_route_replay,820,27,37,real,30.37037037037037,1,515,3.186307894913762,swiglu,30,0.022304000332951546
case_019_real,humaneval,early,real_route_replay,820,27,37,real,30.37037037037037,1,515,3.186307894913762,swiglu,31,0.02848000079393387
case_019_real,humaneval,early,real_route_replay,820,27,37,real,30.37037037037037,1,515,3.186307894913762,swiglu,32,0.023552000522613525
case_019_real,humaneval,early,real_route_replay,820,27,37,real,30.37037037037037,1,515,3.186307894913762,swiglu,33,0.023296000435948372
case_019_real,humaneval,early,real_route_replay,820,27,37,real,30.37037037037037,1,515,3.186307894913762,swiglu,34,0.022431999444961548
case_019_real,humaneval,early,real_route_replay,820,27,37,real,30.37037037037037,1,515,3.186307894913762,swiglu,35,0.022784000262618065
case_019_real,humaneval,early,real_route_replay,820,27,37,real,30.37037037037037,1,515,3.186307894913762,swiglu,36,0.020735999569296837
case_019_real,humaneval,early,real_route_replay,820,27,37,real,30.37037037037037,1,515,3.186307894913762,swiglu,37,0.020800000056624413
case_019_real,humaneval,early,real_route_replay,820,27,37,real,30.37037037037037,1,515,3.186307894913762,swiglu,38,0.020640000700950623
case_019_real,humaneval,early,real_route_replay,820,27,37,real,30.37037037037037,1,515,3.186307894913762,swiglu,39,0.020287999883294106
case_019_real,humaneval,early,real_route_replay,820,27,37,real,30.37037037037037,1,515,3.186307894913762,down_active_prebuilt,0,0.13660800457000732
case_019_real,humaneval,early,real_route_replay,820,27,37,real,30.37037037037037,1,515,3.186307894913762,down_active_prebuilt,1,0.1345279961824417
case_019_real,humaneval,early,real_route_replay,820,27,37,real,30.37037037037037,1,515,3.186307894913762,down_active_prebuilt,2,0.13580800592899323
case_019_real,humaneval,early,real_route_replay,820,27,37,real,30.37037037037037,1,515,3.186307894913762,down_active_prebuilt,3,0.13209599256515503
case_019_real,humaneval,early,real_route_replay,820,27,37,real,30.37037037037037,1,515,3.186307894913762,down_active_prebuilt,4,0.13398399949073792
case_019_real,humaneval,early,real_route_replay,820,27,37,real,30.37037037037037,1,515,3.186307894913762,down_active_prebuilt,5,0.13420799374580383
case_019_real,humaneval,early,real_route_replay,820,27,37,real,30.37037037037037,1,515,3.186307894913762,down_active_prebuilt,6,0.13657599687576294
case_019_real,humaneval,early,real_route_replay,820,27,37,real,30.37037037037037,1,515,3.186307894913762,down_active_prebuilt,7,0.1356160044670105
case_019_real,humaneval,early,real_route_replay,820,27,37,real,30.37037037037037,1,515,3.186307894913762,down_active_prebuilt,8,0.1364479959011078
case_019_real,humaneval,early,real_route_replay,820,27,37,real,30.37037037037037,1,515,3.186307894913762,down_active_prebuilt,9,0.13488000631332397
case_019_real,humaneval,early,real_route_replay,820,27,37,real,30.37037037037037,1,515,3.186307894913762,down_active_prebuilt,10,0.13551999628543854
case_019_real,humaneval,early,real_route_replay,820,27,37,real,30.37037037037037,1,515,3.186307894913762,down_active_prebuilt,11,0.13635200262069702
case_019_real,humaneval,early,real_route_replay,820,27,37,real,30.37037037037037,1,515,3.186307894913762,down_active_prebuilt,12,0.13462400436401367
case_019_real,humaneval,early,real_route_replay,820,27,37,real,30.37037037037037,1,515,3.186307894913762,down_active_prebuilt,13,0.13516800105571747
case_019_real,humaneval,early,real_route_replay,820,27,37,real,30.37037037037037,1,515,3.186307894913762,down_active_prebuilt,14,0.133760005235672
case_019_real,humaneval,early,real_route_replay,820,27,37,real,30.37037037037037,1,515,3.186307894913762,down_active_prebuilt,15,0.1329919993877411
case_019_real,humaneval,early,real_route_replay,820,27,37,real,30.37037037037037,1,515,3.186307894913762,down_active_prebuilt,16,0.1327040046453476
case_019_real,humaneval,early,real_route_replay,820,27,37,real,30.37037037037037,1,515,3.186307894913762,down_active_prebuilt,17,0.133760005235672
case_019_real,humaneval,early,real_route_replay,820,27,37,real,30.37037037037037,1,515,3.186307894913762,down_active_prebuilt,18,0.1342719942331314
case_019_real,humaneval,early,real_route_replay,820,27,37,real,30.37037037037037,1,515,3.186307894913762,down_active_prebuilt,19,0.1332480013370514
case_019_real,humaneval,early,real_route_replay,820,27,37,real,30.37037037037037,1,515,3.186307894913762,down_active_prebuilt,20,0.1337279975414276
case_019_real,humaneval,early,real_route_replay,820,27,37,real,30.37037037037037,1,515,3.186307894913762,down_active_prebuilt,21,0.13568000495433807
case_019_real,humaneval,early,real_route_replay,820,27,37,real,30.37037037037037,1,515,3.186307894913762,down_active_prebuilt,22,0.13359999656677246
case_019_real,humaneval,early,real_route_replay,820,27,37,real,30.37037037037037,1,515,3.186307894913762,down_active_prebuilt,23,0.13366399705410004
case_019_real,humaneval,early,real_route_replay,820,27,37,real,30.37037037037037,1,515,3.186307894913762,down_active_prebuilt,24,0.1342719942331314
case_019_real,humaneval,early,real_route_replay,820,27,37,real,30.37037037037037,1,515,3.186307894913762,down_active_prebuilt,25,0.13593600690364838
case_019_real,humaneval,early,real_route_replay,820,27,37,real,30.37037037037037,1,515,3.186307894913762,down_active_prebuilt,26,0.13631999492645264
case_019_real,humaneval,early,real_route_replay,820,27,37,real,30.37037037037037,1,515,3.186307894913762,down_active_prebuilt,27,0.13468800485134125
case_019_real,humaneval,early,real_route_replay,820,27,37,real,30.37037037037037,1,515,3.186307894913762,down_active_prebuilt,28,0.1343040019273758
case_019_real,humaneval,early,real_route_replay,820,27,37,real,30.37037037037037,1,515,3.186307894913762,down_active_prebuilt,29,0.13132800161838531
case_019_real,humaneval,early,real_route_replay,820,27,37,real,30.37037037037037,1,515,3.186307894913762,down_active_prebuilt,30,0.13862399756908417
case_019_real,humaneval,early,real_route_replay,820,27,37,real,30.37037037037037,1,515,3.186307894913762,down_active_prebuilt,31,0.1345279961824417
case_019_real,humaneval,early,real_route_replay,820,27,37,real,30.37037037037037,1,515,3.186307894913762,down_active_prebuilt,32,0.1337279975414276
case_019_real,humaneval,early,real_route_replay,820,27,37,real,30.37037037037037,1,515,3.186307894913762,down_active_prebuilt,33,0.13596799969673157
case_019_real,humaneval,early,real_route_replay,820,27,37,real,30.37037037037037,1,515,3.186307894913762,down_active_prebuilt,34,0.1332480013370514
case_019_real,humaneval,early,real_route_replay,820,27,37,real,30.37037037037037,1,515,3.186307894913762,down_active_prebuilt,35,0.133760005235672
case_019_real,humaneval,early,real_route_replay,820,27,37,real,30.37037037037037,1,515,3.186307894913762,down_active_prebuilt,36,0.1345279961824417
case_019_real,humaneval,early,real_route_replay,820,27,37,real,30.37037037037037,1,515,3.186307894913762,down_active_prebuilt,37,0.13232000172138214
case_019_real,humaneval,early,real_route_replay,820,27,37,real,30.37037037037037,1,515,3.186307894913762,down_active_prebuilt,38,0.13545599579811096
case_019_real,humaneval,early,real_route_replay,820,27,37,real,30.37037037037037,1,515,3.186307894913762,down_active_prebuilt,39,0.13468800485134125
case_019_real,humaneval,early,real_route_replay,820,27,37,real,30.37037037037037,1,515,3.186307894913762,route_weight,0,0.02630399912595749
case_019_real,humaneval,early,real_route_replay,820,27,37,real,30.37037037037037,1,515,3.186307894913762,route_weight,1,0.018751999363303185
case_019_real,humaneval,early,real_route_replay,820,27,37,real,30.37037037037037,1,515,3.186307894913762,route_weight,2,0.01817600056529045
case_019_real,humaneval,early,real_route_replay,820,27,37,real,30.37037037037037,1,515,3.186307894913762,route_weight,3,0.023072000592947006
case_019_real,humaneval,early,real_route_replay,820,27,37,real,30.37037037037037,1,515,3.186307894913762,route_weight,4,0.017952000722289085
case_019_real,humaneval,early,real_route_replay,820,27,37,real,30.37037037037037,1,515,3.186307894913762,route_weight,5,0.01759999990463257
case_019_real,humaneval,early,real_route_replay,820,27,37,real,30.37037037037037,1,515,3.186307894913762,route_weight,6,0.017184000462293625
case_019_real,humaneval,early,real_route_replay,820,27,37,real,30.37037037037037,1,515,3.186307894913762,route_weight,7,0.01820800080895424
case_019_real,humaneval,early,real_route_replay,820,27,37,real,30.37037037037037,1,515,3.186307894913762,route_weight,8,0.017055999487638474
case_019_real,humaneval,early,real_route_replay,820,27,37,real,30.37037037037037,1,515,3.186307894913762,route_weight,9,0.018400000408291817
case_019_real,humaneval,early,real_route_replay,820,27,37,real,30.37037037037037,1,515,3.186307894913762,route_weight,10,0.017791999503970146
case_019_real,humaneval,early,real_route_replay,820,27,37,real,30.37037037037037,1,515,3.186307894913762,route_weight,11,0.02236800082027912
case_019_real,humaneval,early,real_route_replay,820,27,37,real,30.37037037037037,1,515,3.186307894913762,route_weight,12,0.022911999374628067
case_019_real,humaneval,early,real_route_replay,820,27,37,real,30.37037037037037,1,515,3.186307894913762,route_weight,13,0.019168000668287277
case_019_real,humaneval,early,real_route_replay,820,27,37,real,30.37037037037037,1,515,3.186307894913762,route_weight,14,0.019807999953627586
case_019_real,humaneval,early,real_route_replay,820,27,37,real,30.37037037037037,1,515,3.186307894913762,route_weight,15,0.01961600035429001
case_019_real,humaneval,early,real_route_replay,820,27,37,real,30.37037037037037,1,515,3.186307894913762,route_weight,16,0.019999999552965164
case_019_real,humaneval,early,real_route_replay,820,27,37,real,30.37037037037037,1,515,3.186307894913762,route_weight,17,0.022048000246286392
case_019_real,humaneval,early,real_route_replay,820,27,37,real,30.37037037037037,1,515,3.186307894913762,route_weight,18,0.02287999913096428
case_019_real,humaneval,early,real_route_replay,820,27,37,real,30.37037037037037,1,515,3.186307894913762,route_weight,19,0.022336000576615334
case_019_real,humaneval,early,real_route_replay,820,27,37,real,30.37037037037037,1,515,3.186307894913762,route_weight,20,0.021695999428629875
case_019_real,humaneval,early,real_route_replay,820,27,37,real,30.37037037037037,1,515,3.186307894913762,route_weight,21,0.028704000636935234
case_019_real,humaneval,early,real_route_replay,820,27,37,real,30.37037037037037,1,515,3.186307894913762,route_weight,22,0.023104000836610794
case_019_real,humaneval,early,real_route_replay,820,27,37,real,30.37037037037037,1,515,3.186307894913762,route_weight,23,0.022655999287962914
case_019_real,humaneval,early,real_route_replay,820,27,37,real,30.37037037037037,1,515,3.186307894913762,route_weight,24,0.023615999147295952
case_019_real,humaneval,early,real_route_replay,820,27,37,real,30.37037037037037,1,515,3.186307894913762,route_weight,25,0.022207999601960182
case_019_real,humaneval,early,real_route_replay,820,27,37,real,30.37037037037037,1,515,3.186307894913762,route_weight,26,0.02195199951529503
case_019_real,humaneval,early,real_route_replay,820,27,37,real,30.37037037037037,1,515,3.186307894913762,route_weight,27,0.02364799939095974
case_019_real,humaneval,early,real_route_replay,820,27,37,real,30.37037037037037,1,515,3.186307894913762,route_weight,28,0.023231999948620796
case_019_real,humaneval,early,real_route_replay,820,27,37,real,30.37037037037037,1,515,3.186307894913762,route_weight,29,0.023711999878287315
case_019_real,humaneval,early,real_route_replay,820,27,37,real,30.37037037037037,1,515,3.186307894913762,route_weight,30,0.023903999477624893
case_019_real,humaneval,early,real_route_replay,820,27,37,real,30.37037037037037,1,515,3.186307894913762,route_weight,31,0.021727999672293663
case_019_real,humaneval,early,real_route_replay,820,27,37,real,30.37037037037037,1,515,3.186307894913762,route_weight,32,0.020864000543951988
case_019_real,humaneval,early,real_route_replay,820,27,37,real,30.37037037037037,1,515,3.186307894913762,route_weight,33,0.02252800017595291
case_019_real,humaneval,early,real_route_replay,820,27,37,real,30.37037037037037,1,515,3.186307894913762,route_weight,34,0.023264000192284584
case_019_real,humaneval,early,real_route_replay,820,27,37,real,30.37037037037037,1,515,3.186307894913762,route_weight,35,0.02332800067961216
case_019_real,humaneval,early,real_route_replay,820,27,37,real,30.37037037037037,1,515,3.186307894913762,route_weight,36,0.02332800067961216
case_019_real,humaneval,early,real_route_replay,820,27,37,real,30.37037037037037,1,515,3.186307894913762,route_weight,37,0.02377600036561489
case_019_real,humaneval,early,real_route_replay,820,27,37,real,30.37037037037037,1,515,3.186307894913762,route_weight,38,0.03574400022625923
case_019_real,humaneval,early,real_route_replay,820,27,37,real,30.37037037037037,1,515,3.186307894913762,route_weight,39,0.024768000468611717
case_019_real,humaneval,early,real_route_replay,820,27,37,real,30.37037037037037,1,515,3.186307894913762,gate_up_full64_prebuilt,0,0.235167995095253
case_019_real,humaneval,early,real_route_replay,820,27,37,real,30.37037037037037,1,515,3.186307894913762,gate_up_full64_prebuilt,1,0.21510399878025055
case_019_real,humaneval,early,real_route_replay,820,27,37,real,30.37037037037037,1,515,3.186307894913762,gate_up_full64_prebuilt,2,0.2237119972705841
case_019_real,humaneval,early,real_route_replay,820,27,37,real,30.37037037037037,1,515,3.186307894913762,gate_up_full64_prebuilt,3,0.21024000644683838
case_019_real,humaneval,early,real_route_replay,820,27,37,real,30.37037037037037,1,515,3.186307894913762,gate_up_full64_prebuilt,4,0.21171200275421143
case_019_real,humaneval,early,real_route_replay,820,27,37,real,30.37037037037037,1,515,3.186307894913762,gate_up_full64_prebuilt,5,0.20943999290466309
case_019_real,humaneval,early,real_route_replay,820,27,37,real,30.37037037037037,1,515,3.186307894913762,gate_up_full64_prebuilt,6,0.22102400660514832
case_019_real,humaneval,early,real_route_replay,820,27,37,real,30.37037037037037,1,515,3.186307894913762,gate_up_full64_prebuilt,7,0.20902399718761444
case_019_real,humaneval,early,real_route_replay,820,27,37,real,30.37037037037037,1,515,3.186307894913762,gate_up_full64_prebuilt,8,0.20918400585651398
case_019_real,humaneval,early,real_route_replay,820,27,37,real,30.37037037037037,1,515,3.186307894913762,gate_up_full64_prebuilt,9,0.21587200462818146
case_019_real,humaneval,early,real_route_replay,820,27,37,real,30.37037037037037,1,515,3.186307894913762,gate_up_full64_prebuilt,10,0.2077759951353073
case_019_real,humaneval,early,real_route_replay,820,27,37,real,30.37037037037037,1,515,3.186307894913762,gate_up_full64_prebuilt,11,0.2088959962129593
case_019_real,humaneval,early,real_route_replay,820,27,37,real,30.37037037037037,1,515,3.186307894913762,gate_up_full64_prebuilt,12,0.211776003241539
case_019_real,humaneval,early,real_route_replay,820,27,37,real,30.37037037037037,1,515,3.186307894913762,gate_up_full64_prebuilt,13,0.2096319943666458
case_019_real,humaneval,early,real_route_replay,820,27,37,real,30.37037037037037,1,515,3.186307894913762,gate_up_full64_prebuilt,14,0.2094080001115799
case_019_real,humaneval,early,real_route_replay,820,27,37,real,30.37037037037037,1,515,3.186307894913762,gate_up_full64_prebuilt,15,0.21059200167655945
case_019_real,humaneval,early,real_route_replay,820,27,37,real,30.37037037037037,1,515,3.186307894913762,gate_up_full64_prebuilt,16,0.21007999777793884
case_019_real,humaneval,early,real_route_replay,820,27,37,real,30.37037037037037,1,515,3.186307894913762,gate_up_full64_prebuilt,17,0.2107519954442978
case_019_real,humaneval,early,real_route_replay,820,27,37,real,30.37037037037037,1,515,3.186307894913762,gate_up_full64_prebuilt,18,0.20764799416065216
case_019_real,humaneval,early,real_route_replay,820,27,37,real,30.37037037037037,1,515,3.186307894913762,gate_up_full64_prebuilt,19,0.2126079946756363
case_019_real,humaneval,early,real_route_replay,820,27,37,real,30.37037037037037,1,515,3.186307894913762,gate_up_full64_prebuilt,20,0.20979200303554535
case_019_real,humaneval,early,real_route_replay,820,27,37,real,30.37037037037037,1,515,3.186307894913762,gate_up_full64_prebuilt,21,0.20985600352287292
case_019_real,humaneval,early,real_route_replay,820,27,37,real,30.37037037037037,1,515,3.186307894913762,gate_up_full64_prebuilt,22,0.21289600431919098
case_019_real,humaneval,early,real_route_replay,820,27,37,real,30.37037037037037,1,515,3.186307894913762,gate_up_full64_prebuilt,23,0.20800000429153442
case_019_real,humaneval,early,real_route_replay,820,27,37,real,30.37037037037037,1,515,3.186307894913762,gate_up_full64_prebuilt,24,0.21065600216388702
case_019_real,humaneval,early,real_route_replay,820,27,37,real,30.37037037037037,1,515,3.186307894913762,gate_up_full64_prebuilt,25,0.2168319970369339
case_019_real,humaneval,early,real_route_replay,820,27,37,real,30.37037037037037,1,515,3.186307894913762,gate_up_full64_prebuilt,26,0.21462400257587433
case_019_real,humaneval,early,real_route_replay,820,27,37,real,30.37037037037037,1,515,3.186307894913762,gate_up_full64_prebuilt,27,0.2189760059118271
case_019_real,humaneval,early,real_route_replay,820,27,37,real,30.37037037037037,1,515,3.186307894913762,gate_up_full64_prebuilt,28,0.21782399713993073
case_019_real,humaneval,early,real_route_replay,820,27,37,real,30.37037037037037,1,515,3.186307894913762,gate_up_full64_prebuilt,29,0.22032000124454498
case_019_real,humaneval,early,real_route_replay,820,27,37,real,30.37037037037037,1,515,3.186307894913762,gate_up_full64_prebuilt,30,0.22127999365329742
case_019_real,humaneval,early,real_route_replay,820,27,37,real,30.37037037037037,1,515,3.186307894913762,gate_up_full64_prebuilt,31,0.21116800606250763
case_019_real,humaneval,early,real_route_replay,820,27,37,real,30.37037037037037,1,515,3.186307894913762,gate_up_full64_prebuilt,32,0.208064004778862
case_019_real,humaneval,early,real_route_replay,820,27,37,real,30.37037037037037,1,515,3.186307894913762,gate_up_full64_prebuilt,33,0.21145600080490112
case_019_real,humaneval,early,real_route_replay,820,27,37,real,30.37037037037037,1,515,3.186307894913762,gate_up_full64_prebuilt,34,0.2083200067281723
case_019_real,humaneval,early,real_route_replay,820,27,37,real,30.37037037037037,1,515,3.186307894913762,gate_up_full64_prebuilt,35,0.2062080055475235
case_019_real,humaneval,early,real_route_replay,820,27,37,real,30.37037037037037,1,515,3.186307894913762,gate_up_full64_prebuilt,36,0.20563200116157532
case_019_real,humaneval,early,real_route_replay,820,27,37,real,30.37037037037037,1,515,3.186307894913762,gate_up_full64_prebuilt,37,0.20924800634384155
case_019_real,humaneval,early,real_route_replay,820,27,37,real,30.37037037037037,1,515,3.186307894913762,gate_up_full64_prebuilt,38,0.20665599405765533
case_019_real,humaneval,early,real_route_replay,820,27,37,real,30.37037037037037,1,515,3.186307894913762,gate_up_full64_prebuilt,39,0.20630399882793427
case_019_real,humaneval,early,real_route_replay,820,27,37,real,30.37037037037037,1,515,3.186307894913762,gate_up_active_prebuilt,0,0.21135999262332916
case_019_real,humaneval,early,real_route_replay,820,27,37,real,30.37037037037037,1,515,3.186307894913762,gate_up_active_prebuilt,1,0.20745599269866943
case_019_real,humaneval,early,real_route_replay,820,27,37,real,30.37037037037037,1,515,3.186307894913762,gate_up_active_prebuilt,2,0.20601600408554077
case_019_real,humaneval,early,real_route_replay,820,27,37,real,30.37037037037037,1,515,3.186307894913762,gate_up_active_prebuilt,3,0.210207998752594
case_019_real,humaneval,early,real_route_replay,820,27,37,real,30.37037037037037,1,515,3.186307894913762,gate_up_active_prebuilt,4,0.2099519968032837
case_019_real,humaneval,early,real_route_replay,820,27,37,real,30.37037037037037,1,515,3.186307894913762,gate_up_active_prebuilt,5,0.20934399962425232
case_019_real,humaneval,early,real_route_replay,820,27,37,real,30.37037037037037,1,515,3.186307894913762,gate_up_active_prebuilt,6,0.2059199959039688
case_019_real,humaneval,early,real_route_replay,820,27,37,real,30.37037037037037,1,515,3.186307894913762,gate_up_active_prebuilt,7,0.20742399990558624
case_019_real,humaneval,early,real_route_replay,820,27,37,real,30.37037037037037,1,515,3.186307894913762,gate_up_active_prebuilt,8,0.20691199600696564
case_019_real,humaneval,early,real_route_replay,820,27,37,real,30.37037037037037,1,515,3.186307894913762,gate_up_active_prebuilt,9,0.2083519995212555
case_019_real,humaneval,early,real_route_replay,820,27,37,real,30.37037037037037,1,515,3.186307894913762,gate_up_active_prebuilt,10,0.20678399503231049
case_019_real,humaneval,early,real_route_replay,820,27,37,real,30.37037037037037,1,515,3.186307894913762,gate_up_active_prebuilt,11,0.21187199652194977
case_019_real,humaneval,early,real_route_replay,820,27,37,real,30.37037037037037,1,515,3.186307894913762,gate_up_active_prebuilt,12,0.21404799818992615
case_019_real,humaneval,early,real_route_replay,820,27,37,real,30.37037037037037,1,515,3.186307894913762,gate_up_active_prebuilt,13,0.2123199999332428
case_019_real,humaneval,early,real_route_replay,820,27,37,real,30.37037037037037,1,515,3.186307894913762,gate_up_active_prebuilt,14,0.21423999965190887
case_019_real,humaneval,early,real_route_replay,820,27,37,real,30.37037037037037,1,515,3.186307894913762,gate_up_active_prebuilt,15,0.21452799439430237
case_019_real,humaneval,early,real_route_replay,820,27,37,real,30.37037037037037,1,515,3.186307894913762,gate_up_active_prebuilt,16,0.2165440022945404
case_019_real,humaneval,early,real_route_replay,820,27,37,real,30.37037037037037,1,515,3.186307894913762,gate_up_active_prebuilt,17,0.22089600563049316
case_019_real,humaneval,early,real_route_replay,820,27,37,real,30.37037037037037,1,515,3.186307894913762,gate_up_active_prebuilt,18,0.21174399554729462
case_019_real,humaneval,early,real_route_replay,820,27,37,real,30.37037037037037,1,515,3.186307894913762,gate_up_active_prebuilt,19,0.20851199328899384
case_019_real,humaneval,early,real_route_replay,820,27,37,real,30.37037037037037,1,515,3.186307894913762,gate_up_active_prebuilt,20,0.21964800357818604
case_019_real,humaneval,early,real_route_replay,820,27,37,real,30.37037037037037,1,515,3.186307894913762,gate_up_active_prebuilt,21,0.21174399554729462
case_019_real,humaneval,early,real_route_replay,820,27,37,real,30.37037037037037,1,515,3.186307894913762,gate_up_active_prebuilt,22,0.20742399990558624
case_019_real,humaneval,early,real_route_replay,820,27,37,real,30.37037037037037,1,515,3.186307894913762,gate_up_active_prebuilt,23,0.21027199923992157
case_019_real,humaneval,early,real_route_replay,820,27,37,real,30.37037037037037,1,515,3.186307894913762,gate_up_active_prebuilt,24,0.2107200026512146
case_019_real,humaneval,early,real_route_replay,820,27,37,real,30.37037037037037,1,515,3.186307894913762,gate_up_active_prebuilt,25,0.2091519981622696
case_019_real,humaneval,early,real_route_replay,820,27,37,real,30.37037037037037,1,515,3.186307894913762,gate_up_active_prebuilt,26,0.20947200059890747
case_019_real,humaneval,early,real_route_replay,820,27,37,real,30.37037037037037,1,515,3.186307894913762,gate_up_active_prebuilt,27,0.21091200411319733
case_019_real,humaneval,early,real_route_replay,820,27,37,real,30.37037037037037,1,515,3.186307894913762,gate_up_active_prebuilt,28,0.21216000616550446
case_019_real,humaneval,early,real_route_replay,820,27,37,real,30.37037037037037,1,515,3.186307894913762,gate_up_active_prebuilt,29,0.2083519995212555
case_019_real,humaneval,early,real_route_replay,820,27,37,real,30.37037037037037,1,515,3.186307894913762,gate_up_active_prebuilt,30,0.2048960030078888
case_019_real,humaneval,early,real_route_replay,820,27,37,real,30.37037037037037,1,515,3.186307894913762,gate_up_active_prebuilt,31,0.20892800390720367
case_019_real,humaneval,early,real_route_replay,820,27,37,real,30.37037037037037,1,515,3.186307894913762,gate_up_active_prebuilt,32,0.2070399969816208
case_019_real,humaneval,early,real_route_replay,820,27,37,real,30.37037037037037,1,515,3.186307894913762,gate_up_active_prebuilt,33,0.2088640034198761
case_019_real,humaneval,early,real_route_replay,820,27,37,real,30.37037037037037,1,515,3.186307894913762,gate_up_active_prebuilt,34,0.2088640034198761
case_019_real,humaneval,early,real_route_replay,820,27,37,real,30.37037037037037,1,515,3.186307894913762,gate_up_active_prebuilt,35,0.20899200439453125
case_019_real,humaneval,early,real_route_replay,820,27,37,real,30.37037037037037,1,515,3.186307894913762,gate_up_active_prebuilt,36,0.20684799551963806
case_019_real,humaneval,early,real_route_replay,820,27,37,real,30.37037037037037,1,515,3.186307894913762,gate_up_active_prebuilt,37,0.20761600136756897
case_019_real,humaneval,early,real_route_replay,820,27,37,real,30.37037037037037,1,515,3.186307894913762,gate_up_active_prebuilt,38,0.2083519995212555
case_019_real,humaneval,early,real_route_replay,820,27,37,real,30.37037037037037,1,515,3.186307894913762,gate_up_active_prebuilt,39,0.20812800526618958
case_019_real,humaneval,early,real_route_replay,820,27,37,real,30.37037037037037,1,515,3.186307894913762,down_full64_prebuilt,0,0.13843199610710144
case_019_real,humaneval,early,real_route_replay,820,27,37,real,30.37037037037037,1,515,3.186307894913762,down_full64_prebuilt,1,0.1406400054693222
case_019_real,humaneval,early,real_route_replay,820,27,37,real,30.37037037037037,1,515,3.186307894913762,down_full64_prebuilt,2,0.13836799561977386
case_019_real,humaneval,early,real_route_replay,820,27,37,real,30.37037037037037,1,515,3.186307894913762,down_full64_prebuilt,3,0.1348479986190796
case_019_real,humaneval,early,real_route_replay,820,27,37,real,30.37037037037037,1,515,3.186307894913762,down_full64_prebuilt,4,0.1340479999780655
case_019_real,humaneval,early,real_route_replay,820,27,37,real,30.37037037037037,1,515,3.186307894913762,down_full64_prebuilt,5,0.13391999900341034
case_019_real,humaneval,early,real_route_replay,820,27,37,real,30.37037037037037,1,515,3.186307894913762,down_full64_prebuilt,6,0.1337279975414276
case_019_real,humaneval,early,real_route_replay,820,27,37,real,30.37037037037037,1,515,3.186307894913762,down_full64_prebuilt,7,0.13497599959373474
case_019_real,humaneval,early,real_route_replay,820,27,37,real,30.37037037037037,1,515,3.186307894913762,down_full64_prebuilt,8,0.13625599443912506
case_019_real,humaneval,early,real_route_replay,820,27,37,real,30.37037037037037,1,515,3.186307894913762,down_full64_prebuilt,9,0.1371839940547943
case_019_real,humaneval,early,real_route_replay,820,27,37,real,30.37037037037037,1,515,3.186307894913762,down_full64_prebuilt,10,0.13600000739097595
case_019_real,humaneval,early,real_route_replay,820,27,37,real,30.37037037037037,1,515,3.186307894913762,down_full64_prebuilt,11,0.1319040060043335
case_019_real,humaneval,early,real_route_replay,820,27,37,real,30.37037037037037,1,515,3.186307894913762,down_full64_prebuilt,12,0.1337279975414276
case_019_real,humaneval,early,real_route_replay,820,27,37,real,30.37037037037037,1,515,3.186307894913762,down_full64_prebuilt,13,0.13926400244235992
case_019_real,humaneval,early,real_route_replay,820,27,37,real,30.37037037037037,1,515,3.186307894913762,down_full64_prebuilt,14,0.13583999872207642
case_019_real,humaneval,early,real_route_replay,820,27,37,real,30.37037037037037,1,515,3.186307894913762,down_full64_prebuilt,15,0.1353919953107834
case_019_real,humaneval,early,real_route_replay,820,27,37,real,30.37037037037037,1,515,3.186307894913762,down_full64_prebuilt,16,0.14233599603176117
case_019_real,humaneval,early,real_route_replay,820,27,37,real,30.37037037037037,1,515,3.186307894913762,down_full64_prebuilt,17,0.14192000031471252
case_019_real,humaneval,early,real_route_replay,820,27,37,real,30.37037037037037,1,515,3.186307894913762,down_full64_prebuilt,18,0.14047999680042267
case_019_real,humaneval,early,real_route_replay,820,27,37,real,30.37037037037037,1,515,3.186307894913762,down_full64_prebuilt,19,0.13891200721263885
case_019_real,humaneval,early,real_route_replay,820,27,37,real,30.37037037037037,1,515,3.186307894913762,down_full64_prebuilt,20,0.13836799561977386
case_019_real,humaneval,early,real_route_replay,820,27,37,real,30.37037037037037,1,515,3.186307894913762,down_full64_prebuilt,21,0.14390400052070618
case_019_real,humaneval,early,real_route_replay,820,27,37,real,30.37037037037037,1,515,3.186307894913762,down_full64_prebuilt,22,0.1412159949541092
case_019_real,humaneval,early,real_route_replay,820,27,37,real,30.37037037037037,1,515,3.186307894913762,down_full64_prebuilt,23,0.14867199957370758
case_019_real,humaneval,early,real_route_replay,820,27,37,real,30.37037037037037,1,515,3.186307894913762,down_full64_prebuilt,24,0.14604799449443817
case_019_real,humaneval,early,real_route_replay,820,27,37,real,30.37037037037037,1,515,3.186307894913762,down_full64_prebuilt,25,0.14713600277900696
case_019_real,humaneval,early,real_route_replay,820,27,37,real,30.37037037037037,1,515,3.186307894913762,down_full64_prebuilt,26,0.142752006649971
case_019_real,humaneval,early,real_route_replay,820,27,37,real,30.37037037037037,1,515,3.186307894913762,down_full64_prebuilt,27,0.1422400027513504
case_019_real,humaneval,early,real_route_replay,820,27,37,real,30.37037037037037,1,515,3.186307894913762,down_full64_prebuilt,28,0.13996799290180206
case_019_real,humaneval,early,real_route_replay,820,27,37,real,30.37037037037037,1,515,3.186307894913762,down_full64_prebuilt,29,0.14108799397945404
case_019_real,humaneval,early,real_route_replay,820,27,37,real,30.37037037037037,1,515,3.186307894913762,down_full64_prebuilt,30,0.14281600713729858
case_019_real,humaneval,early,real_route_replay,820,27,37,real,30.37037037037037,1,515,3.186307894913762,down_full64_prebuilt,31,0.14182400703430176
case_019_real,humaneval,early,real_route_replay,820,27,37,real,30.37037037037037,1,515,3.186307894913762,down_full64_prebuilt,32,0.14316800236701965
case_019_real,humaneval,early,real_route_replay,820,27,37,real,30.37037037037037,1,515,3.186307894913762,down_full64_prebuilt,33,0.14841599762439728
case_019_real,humaneval,early,real_route_replay,820,27,37,real,30.37037037037037,1,515,3.186307894913762,down_full64_prebuilt,34,0.1395840048789978
case_019_real,humaneval,early,real_route_replay,820,27,37,real,30.37037037037037,1,515,3.186307894913762,down_full64_prebuilt,35,0.1401599943637848
case_019_real,humaneval,early,real_route_replay,820,27,37,real,30.37037037037037,1,515,3.186307894913762,down_full64_prebuilt,36,0.13974399864673615
case_019_real,humaneval,early,real_route_replay,820,27,37,real,30.37037037037037,1,515,3.186307894913762,down_full64_prebuilt,37,0.14403200149536133
case_019_real,humaneval,early,real_route_replay,820,27,37,real,30.37037037037037,1,515,3.186307894913762,down_full64_prebuilt,38,0.14150400459766388
case_019_real,humaneval,early,real_route_replay,820,27,37,real,30.37037037037037,1,515,3.186307894913762,down_full64_prebuilt,39,0.14233599603176117
case_021_real,humaneval,late,real_route_replay,3,3,61,real,1.0,1,1,0.0,down_active_prebuilt,0,0.05289600044488907
case_021_real,humaneval,late,real_route_replay,3,3,61,real,1.0,1,1,0.0,down_active_prebuilt,1,0.04054399952292442
case_021_real,humaneval,late,real_route_replay,3,3,61,real,1.0,1,1,0.0,down_active_prebuilt,2,0.037376001477241516
case_021_real,humaneval,late,real_route_replay,3,3,61,real,1.0,1,1,0.0,down_active_prebuilt,3,0.03747199848294258
case_021_real,humaneval,late,real_route_replay,3,3,61,real,1.0,1,1,0.0,down_active_prebuilt,4,0.037408001720905304
case_021_real,humaneval,late,real_route_replay,3,3,61,real,1.0,1,1,0.0,down_active_prebuilt,5,0.03766399994492531
case_021_real,humaneval,late,real_route_replay,3,3,61,real,1.0,1,1,0.0,down_active_prebuilt,6,0.03404799848794937
case_021_real,humaneval,late,real_route_replay,3,3,61,real,1.0,1,1,0.0,down_active_prebuilt,7,0.033663999289274216
case_021_real,humaneval,late,real_route_replay,3,3,61,real,1.0,1,1,0.0,down_active_prebuilt,8,0.035392001271247864
case_021_real,humaneval,late,real_route_replay,3,3,61,real,1.0,1,1,0.0,down_active_prebuilt,9,0.034304000437259674
case_021_real,humaneval,late,real_route_replay,3,3,61,real,1.0,1,1,0.0,down_active_prebuilt,10,0.03734400123357773
case_021_real,humaneval,late,real_route_replay,3,3,61,real,1.0,1,1,0.0,down_active_prebuilt,11,0.03404799848794937
case_021_real,humaneval,late,real_route_replay,3,3,61,real,1.0,1,1,0.0,down_active_prebuilt,12,0.033824000507593155
case_021_real,humaneval,late,real_route_replay,3,3,61,real,1.0,1,1,0.0,down_active_prebuilt,13,0.034432001411914825
case_021_real,humaneval,late,real_route_replay,3,3,61,real,1.0,1,1,0.0,down_active_prebuilt,14,0.03417599946260452
case_021_real,humaneval,late,real_route_replay,3,3,61,real,1.0,1,1,0.0,down_active_prebuilt,15,0.03455999866127968
case_021_real,humaneval,late,real_route_replay,3,3,61,real,1.0,1,1,0.0,down_active_prebuilt,16,0.03407999873161316
case_021_real,humaneval,late,real_route_replay,3,3,61,real,1.0,1,1,0.0,down_active_prebuilt,17,0.03759999945759773
case_021_real,humaneval,late,real_route_replay,3,3,61,real,1.0,1,1,0.0,down_active_prebuilt,18,0.038975998759269714
case_021_real,humaneval,late,real_route_replay,3,3,61,real,1.0,1,1,0.0,down_active_prebuilt,19,0.036928001791238785
case_021_real,humaneval,late,real_route_replay,3,3,61,real,1.0,1,1,0.0,down_active_prebuilt,20,0.03519999980926514
case_021_real,humaneval,late,real_route_replay,3,3,61,real,1.0,1,1,0.0,down_active_prebuilt,21,0.0379519984126091
case_021_real,humaneval,late,real_route_replay,3,3,61,real,1.0,1,1,0.0,down_active_prebuilt,22,0.03577600046992302
case_021_real,humaneval,late,real_route_replay,3,3,61,real,1.0,1,1,0.0,down_active_prebuilt,23,0.03440000116825104
case_021_real,humaneval,late,real_route_replay,3,3,61,real,1.0,1,1,0.0,down_active_prebuilt,24,0.03376000002026558
case_021_real,humaneval,late,real_route_replay,3,3,61,real,1.0,1,1,0.0,down_active_prebuilt,25,0.03452799841761589
case_021_real,humaneval,late,real_route_replay,3,3,61,real,1.0,1,1,0.0,down_active_prebuilt,26,0.03526400029659271
case_021_real,humaneval,late,real_route_replay,3,3,61,real,1.0,1,1,0.0,down_active_prebuilt,27,0.03500799834728241
case_021_real,humaneval,late,real_route_replay,3,3,61,real,1.0,1,1,0.0,down_active_prebuilt,28,0.03788800165057182
case_021_real,humaneval,late,real_route_replay,3,3,61,real,1.0,1,1,0.0,down_active_prebuilt,29,0.036031998693943024
case_021_real,humaneval,late,real_route_replay,3,3,61,real,1.0,1,1,0.0,down_active_prebuilt,30,0.040832001715898514
case_021_real,humaneval,late,real_route_replay,3,3,61,real,1.0,1,1,0.0,down_active_prebuilt,31,0.037728000432252884
case_021_real,humaneval,late,real_route_replay,3,3,61,real,1.0,1,1,0.0,down_active_prebuilt,32,0.03596799820661545
case_021_real,humaneval,late,real_route_replay,3,3,61,real,1.0,1,1,0.0,down_active_prebuilt,33,0.03743999823927879
case_021_real,humaneval,late,real_route_replay,3,3,61,real,1.0,1,1,0.0,down_active_prebuilt,34,0.03673600032925606
case_021_real,humaneval,late,real_route_replay,3,3,61,real,1.0,1,1,0.0,down_active_prebuilt,35,0.0360959991812706
case_021_real,humaneval,late,real_route_replay,3,3,61,real,1.0,1,1,0.0,down_active_prebuilt,36,0.03465599939227104
case_021_real,humaneval,late,real_route_replay,3,3,61,real,1.0,1,1,0.0,down_active_prebuilt,37,0.03840000182390213
case_021_real,humaneval,late,real_route_replay,3,3,61,real,1.0,1,1,0.0,down_active_prebuilt,38,0.03759999945759773
case_021_real,humaneval,late,real_route_replay,3,3,61,real,1.0,1,1,0.0,down_active_prebuilt,39,0.03638400137424469
case_021_real,humaneval,late,real_route_replay,3,3,61,real,1.0,1,1,0.0,gate_up_full64_prebuilt,0,0.050783999264240265
case_021_real,humaneval,late,real_route_replay,3,3,61,real,1.0,1,1,0.0,gate_up_full64_prebuilt,1,0.050303999334573746
case_021_real,humaneval,late,real_route_replay,3,3,61,real,1.0,1,1,0.0,gate_up_full64_prebuilt,2,0.050144001841545105
case_021_real,humaneval,late,real_route_replay,3,3,61,real,1.0,1,1,0.0,gate_up_full64_prebuilt,3,0.050624001771211624
case_021_real,humaneval,late,real_route_replay,3,3,61,real,1.0,1,1,0.0,gate_up_full64_prebuilt,4,0.05206400156021118
case_021_real,humaneval,late,real_route_replay,3,3,61,real,1.0,1,1,0.0,gate_up_full64_prebuilt,5,0.052191998809576035
case_021_real,humaneval,late,real_route_replay,3,3,61,real,1.0,1,1,0.0,gate_up_full64_prebuilt,6,0.04195199906826019
case_021_real,humaneval,late,real_route_replay,3,3,61,real,1.0,1,1,0.0,gate_up_full64_prebuilt,7,0.047807998955249786
case_021_real,humaneval,late,real_route_replay,3,3,61,real,1.0,1,1,0.0,gate_up_full64_prebuilt,8,0.04854400083422661
case_021_real,humaneval,late,real_route_replay,3,3,61,real,1.0,1,1,0.0,gate_up_full64_prebuilt,9,0.052191998809576035
case_021_real,humaneval,late,real_route_replay,3,3,61,real,1.0,1,1,0.0,gate_up_full64_prebuilt,10,0.04992000013589859
case_021_real,humaneval,late,real_route_replay,3,3,61,real,1.0,1,1,0.0,gate_up_full64_prebuilt,11,0.050624001771211624
case_021_real,humaneval,late,real_route_replay,3,3,61,real,1.0,1,1,0.0,gate_up_full64_prebuilt,12,0.06297600269317627
case_021_real,humaneval,late,real_route_replay,3,3,61,real,1.0,1,1,0.0,gate_up_full64_prebuilt,13,0.04732799902558327
case_021_real,humaneval,late,real_route_replay,3,3,61,real,1.0,1,1,0.0,gate_up_full64_prebuilt,14,0.04758400097489357
case_021_real,humaneval,late,real_route_replay,3,3,61,real,1.0,1,1,0.0,gate_up_full64_prebuilt,15,0.050655998289585114
case_021_real,humaneval,late,real_route_replay,3,3,61,real,1.0,1,1,0.0,gate_up_full64_prebuilt,16,0.04995200037956238
case_021_real,humaneval,late,real_route_replay,3,3,61,real,1.0,1,1,0.0,gate_up_full64_prebuilt,17,0.0570559985935688
case_021_real,humaneval,late,real_route_replay,3,3,61,real,1.0,1,1,0.0,gate_up_full64_prebuilt,18,0.049375999718904495
case_021_real,humaneval,late,real_route_replay,3,3,61,real,1.0,1,1,0.0,gate_up_full64_prebuilt,19,0.045471999794244766
case_021_real,humaneval,late,real_route_replay,3,3,61,real,1.0,1,1,0.0,gate_up_full64_prebuilt,20,0.04979199916124344
case_021_real,humaneval,late,real_route_replay,3,3,61,real,1.0,1,1,0.0,gate_up_full64_prebuilt,21,0.048608001321554184
case_021_real,humaneval,late,real_route_replay,3,3,61,real,1.0,1,1,0.0,gate_up_full64_prebuilt,22,0.04707200080156326
case_021_real,humaneval,late,real_route_replay,3,3,61,real,1.0,1,1,0.0,gate_up_full64_prebuilt,23,0.04217600077390671
case_021_real,humaneval,late,real_route_replay,3,3,61,real,1.0,1,1,0.0,gate_up_full64_prebuilt,24,0.04416000097990036
case_021_real,humaneval,late,real_route_replay,3,3,61,real,1.0,1,1,0.0,gate_up_full64_prebuilt,25,0.045024000108242035
case_021_real,humaneval,late,real_route_replay,3,3,61,real,1.0,1,1,0.0,gate_up_full64_prebuilt,26,0.044704001396894455
case_021_real,humaneval,late,real_route_replay,3,3,61,real,1.0,1,1,0.0,gate_up_full64_prebuilt,27,0.04150399938225746
case_021_real,humaneval,late,real_route_replay,3,3,61,real,1.0,1,1,0.0,gate_up_full64_prebuilt,28,0.04134399816393852
case_021_real,humaneval,late,real_route_replay,3,3,61,real,1.0,1,1,0.0,gate_up_full64_prebuilt,29,0.04016000032424927
case_021_real,humaneval,late,real_route_replay,3,3,61,real,1.0,1,1,0.0,gate_up_full64_prebuilt,30,0.043616000562906265
case_021_real,humaneval,late,real_route_replay,3,3,61,real,1.0,1,1,0.0,gate_up_full64_prebuilt,31,0.04105599969625473
case_021_real,humaneval,late,real_route_replay,3,3,61,real,1.0,1,1,0.0,gate_up_full64_prebuilt,32,0.04022400081157684
case_021_real,humaneval,late,real_route_replay,3,3,61,real,1.0,1,1,0.0,gate_up_full64_prebuilt,33,0.04073600098490715
case_021_real,humaneval,late,real_route_replay,3,3,61,real,1.0,1,1,0.0,gate_up_full64_prebuilt,34,0.04275200143456459
case_021_real,humaneval,late,real_route_replay,3,3,61,real,1.0,1,1,0.0,gate_up_full64_prebuilt,35,0.040800001472234726
case_021_real,humaneval,late,real_route_replay,3,3,61,real,1.0,1,1,0.0,gate_up_full64_prebuilt,36,0.040832001715898514
case_021_real,humaneval,late,real_route_replay,3,3,61,real,1.0,1,1,0.0,gate_up_full64_prebuilt,37,0.04368000105023384
case_021_real,humaneval,late,real_route_replay,3,3,61,real,1.0,1,1,0.0,gate_up_full64_prebuilt,38,0.044576000422239304
case_021_real,humaneval,late,real_route_replay,3,3,61,real,1.0,1,1,0.0,gate_up_full64_prebuilt,39,0.043807998299598694
case_021_real,humaneval,late,real_route_replay,3,3,61,real,1.0,1,1,0.0,swiglu,0,0.03657599911093712
case_021_real,humaneval,late,real_route_replay,3,3,61,real,1.0,1,1,0.0,swiglu,1,0.024288000538945198
case_021_real,humaneval,late,real_route_replay,3,3,61,real,1.0,1,1,0.0,swiglu,2,0.024191999807953835
case_021_real,humaneval,late,real_route_replay,3,3,61,real,1.0,1,1,0.0,swiglu,3,0.033344000577926636
case_021_real,humaneval,late,real_route_replay,3,3,61,real,1.0,1,1,0.0,swiglu,4,0.021824000403285027
case_021_real,humaneval,late,real_route_replay,3,3,61,real,1.0,1,1,0.0,swiglu,5,0.020896000787615776
case_021_real,humaneval,late,real_route_replay,3,3,61,real,1.0,1,1,0.0,swiglu,6,0.038816001266241074
case_021_real,humaneval,late,real_route_replay,3,3,61,real,1.0,1,1,0.0,swiglu,7,0.0244159996509552
case_021_real,humaneval,late,real_route_replay,3,3,61,real,1.0,1,1,0.0,swiglu,8,0.025312000885605812
case_021_real,humaneval,late,real_route_replay,3,3,61,real,1.0,1,1,0.0,swiglu,9,0.023231999948620796
case_021_real,humaneval,late,real_route_replay,3,3,61,real,1.0,1,1,0.0,swiglu,10,0.022911999374628067
case_021_real,humaneval,late,real_route_replay,3,3,61,real,1.0,1,1,0.0,swiglu,11,0.022655999287962914
case_021_real,humaneval,late,real_route_replay,3,3,61,real,1.0,1,1,0.0,swiglu,12,0.023520000278949738
case_021_real,humaneval,late,real_route_replay,3,3,61,real,1.0,1,1,0.0,swiglu,13,0.023104000836610794
case_021_real,humaneval,late,real_route_replay,3,3,61,real,1.0,1,1,0.0,swiglu,14,0.022752000018954277
case_021_real,humaneval,late,real_route_replay,3,3,61,real,1.0,1,1,0.0,swiglu,15,0.024992000311613083
case_021_real,humaneval,late,real_route_replay,3,3,61,real,1.0,1,1,0.0,swiglu,16,0.024447999894618988
case_021_real,humaneval,late,real_route_replay,3,3,61,real,1.0,1,1,0.0,swiglu,17,0.022655999287962914
case_021_real,humaneval,late,real_route_replay,3,3,61,real,1.0,1,1,0.0,swiglu,18,0.022495999932289124
case_021_real,humaneval,late,real_route_replay,3,3,61,real,1.0,1,1,0.0,swiglu,19,0.02332800067961216
case_021_real,humaneval,late,real_route_replay,3,3,61,real,1.0,1,1,0.0,swiglu,20,0.022207999601960182
case_021_real,humaneval,late,real_route_replay,3,3,61,real,1.0,1,1,0.0,swiglu,21,0.02160000056028366
case_021_real,humaneval,late,real_route_replay,3,3,61,real,1.0,1,1,0.0,swiglu,22,0.02239999920129776
case_021_real,humaneval,late,real_route_replay,3,3,61,real,1.0,1,1,0.0,swiglu,23,0.021983999758958817
case_021_real,humaneval,late,real_route_replay,3,3,61,real,1.0,1,1,0.0,swiglu,24,0.02304000034928322
case_021_real,humaneval,late,real_route_replay,3,3,61,real,1.0,1,1,0.0,swiglu,25,0.02223999984562397
case_021_real,humaneval,late,real_route_replay,3,3,61,real,1.0,1,1,0.0,swiglu,26,0.025760000571608543
case_021_real,humaneval,late,real_route_replay,3,3,61,real,1.0,1,1,0.0,swiglu,27,0.022784000262618065
case_021_real,humaneval,late,real_route_replay,3,3,61,real,1.0,1,1,0.0,swiglu,28,0.02304000034928322
case_021_real,humaneval,late,real_route_replay,3,3,61,real,1.0,1,1,0.0,swiglu,29,0.021888000890612602
case_021_real,humaneval,late,real_route_replay,3,3,61,real,1.0,1,1,0.0,swiglu,30,0.02175999991595745
case_021_real,humaneval,late,real_route_replay,3,3,61,real,1.0,1,1,0.0,swiglu,31,0.02300800010561943
case_021_real,humaneval,late,real_route_replay,3,3,61,real,1.0,1,1,0.0,swiglu,32,0.022336000576615334
case_021_real,humaneval,late,real_route_replay,3,3,61,real,1.0,1,1,0.0,swiglu,33,0.021503999829292297
case_021_real,humaneval,late,real_route_replay,3,3,61,real,1.0,1,1,0.0,swiglu,34,0.022207999601960182
case_021_real,humaneval,late,real_route_replay,3,3,61,real,1.0,1,1,0.0,swiglu,35,0.022048000246286392
case_021_real,humaneval,late,real_route_replay,3,3,61,real,1.0,1,1,0.0,swiglu,36,0.02127999998629093
case_021_real,humaneval,late,real_route_replay,3,3,61,real,1.0,1,1,0.0,swiglu,37,0.031136000528931618
case_021_real,humaneval,late,real_route_replay,3,3,61,real,1.0,1,1,0.0,swiglu,38,0.02208000048995018
case_021_real,humaneval,late,real_route_replay,3,3,61,real,1.0,1,1,0.0,swiglu,39,0.021376000717282295
case_021_real,humaneval,late,real_route_replay,3,3,61,real,1.0,1,1,0.0,route_weight,0,0.015231999568641186
case_021_real,humaneval,late,real_route_replay,3,3,61,real,1.0,1,1,0.0,route_weight,1,0.014431999996304512
case_021_real,humaneval,late,real_route_replay,3,3,61,real,1.0,1,1,0.0,route_weight,2,0.01369599997997284
case_021_real,humaneval,late,real_route_replay,3,3,61,real,1.0,1,1,0.0,route_weight,3,0.015039999969303608
case_021_real,humaneval,late,real_route_replay,3,3,61,real,1.0,1,1,0.0,route_weight,4,0.015296000055968761
case_021_real,humaneval,late,real_route_replay,3,3,61,real,1.0,1,1,0.0,route_weight,5,0.014976000413298607
case_021_real,humaneval,late,real_route_replay,3,3,61,real,1.0,1,1,0.0,route_weight,6,0.014783999882638454
case_021_real,humaneval,late,real_route_replay,3,3,61,real,1.0,1,1,0.0,route_weight,7,0.014911999925971031
case_021_real,humaneval,late,real_route_replay,3,3,61,real,1.0,1,1,0.0,route_weight,8,0.013728000223636627
case_021_real,humaneval,late,real_route_replay,3,3,61,real,1.0,1,1,0.0,route_weight,9,0.013567999936640263
case_021_real,humaneval,late,real_route_replay,3,3,61,real,1.0,1,1,0.0,route_weight,10,0.01360000018030405
case_021_real,humaneval,late,real_route_replay,3,3,61,real,1.0,1,1,0.0,route_weight,11,0.01283199992030859
case_021_real,humaneval,late,real_route_replay,3,3,61,real,1.0,1,1,0.0,route_weight,12,0.014688000082969666
case_021_real,humaneval,late,real_route_replay,3,3,61,real,1.0,1,1,0.0,route_weight,13,0.01548799965530634
case_021_real,humaneval,late,real_route_replay,3,3,61,real,1.0,1,1,0.0,route_weight,14,0.014495999552309513
case_021_real,humaneval,late,real_route_replay,3,3,61,real,1.0,1,1,0.0,route_weight,15,0.0144640002399683
case_021_real,humaneval,late,real_route_replay,3,3,61,real,1.0,1,1,0.0,route_weight,16,0.0144640002399683
case_021_real,humaneval,late,real_route_replay,3,3,61,real,1.0,1,1,0.0,route_weight,17,0.013632000423967838
case_021_real,humaneval,late,real_route_replay,3,3,61,real,1.0,1,1,0.0,route_weight,18,0.013344000093638897
case_021_real,humaneval,late,real_route_replay,3,3,61,real,1.0,1,1,0.0,route_weight,19,0.01375999953597784
case_021_real,humaneval,late,real_route_replay,3,3,61,real,1.0,1,1,0.0,route_weight,20,0.013183999806642532
case_021_real,humaneval,late,real_route_replay,3,3,61,real,1.0,1,1,0.0,route_weight,21,0.014112000353634357
case_021_real,humaneval,late,real_route_replay,3,3,61,real,1.0,1,1,0.0,route_weight,22,0.013151999562978745
case_021_real,humaneval,late,real_route_replay,3,3,61,real,1.0,1,1,0.0,route_weight,23,0.015072000212967396
case_021_real,humaneval,late,real_route_replay,3,3,61,real,1.0,1,1,0.0,route_weight,24,0.014751999638974667
case_021_real,humaneval,late,real_route_replay,3,3,61,real,1.0,1,1,0.0,route_weight,25,0.015359999611973763
case_021_real,humaneval,late,real_route_replay,3,3,61,real,1.0,1,1,0.0,route_weight,26,0.013504000380635262
case_021_real,humaneval,late,real_route_replay,3,3,61,real,1.0,1,1,0.0,route_weight,27,0.014560000039637089
case_021_real,humaneval,late,real_route_replay,3,3,61,real,1.0,1,1,0.0,route_weight,28,0.013663999736309052
case_021_real,humaneval,late,real_route_replay,3,3,61,real,1.0,1,1,0.0,route_weight,29,0.01571200042963028
case_021_real,humaneval,late,real_route_replay,3,3,61,real,1.0,1,1,0.0,route_weight,30,0.014208000153303146
case_021_real,humaneval,late,real_route_replay,3,3,61,real,1.0,1,1,0.0,route_weight,31,0.014879999682307243
case_021_real,humaneval,late,real_route_replay,3,3,61,real,1.0,1,1,0.0,route_weight,32,0.017823999747633934
case_021_real,humaneval,late,real_route_replay,3,3,61,real,1.0,1,1,0.0,route_weight,33,0.014112000353634357
case_021_real,humaneval,late,real_route_replay,3,3,61,real,1.0,1,1,0.0,route_weight,34,0.013887999579310417
case_021_real,humaneval,late,real_route_replay,3,3,61,real,1.0,1,1,0.0,route_weight,35,0.013952000066637993
case_021_real,humaneval,late,real_route_replay,3,3,61,real,1.0,1,1,0.0,route_weight,36,0.013248000293970108
case_021_real,humaneval,late,real_route_replay,3,3,61,real,1.0,1,1,0.0,route_weight,37,0.013856000266969204
case_021_real,humaneval,late,real_route_replay,3,3,61,real,1.0,1,1,0.0,route_weight,38,0.013120000250637531
case_021_real,humaneval,late,real_route_replay,3,3,61,real,1.0,1,1,0.0,route_weight,39,0.013791999779641628
case_021_real,humaneval,late,real_route_replay,3,3,61,real,1.0,1,1,0.0,down_full64_prebuilt,0,0.03872000053524971
case_021_real,humaneval,late,real_route_replay,3,3,61,real,1.0,1,1,0.0,down_full64_prebuilt,1,0.03932800143957138
case_021_real,humaneval,late,real_route_replay,3,3,61,real,1.0,1,1,0.0,down_full64_prebuilt,2,0.03718400001525879
case_021_real,humaneval,late,real_route_replay,3,3,61,real,1.0,1,1,0.0,down_full64_prebuilt,3,0.03814399987459183
case_021_real,humaneval,late,real_route_replay,3,3,61,real,1.0,1,1,0.0,down_full64_prebuilt,4,0.038656000047922134
case_021_real,humaneval,late,real_route_replay,3,3,61,real,1.0,1,1,0.0,down_full64_prebuilt,5,0.036959998309612274
case_021_real,humaneval,late,real_route_replay,3,3,61,real,1.0,1,1,0.0,down_full64_prebuilt,6,0.03686400130391121
case_021_real,humaneval,late,real_route_replay,3,3,61,real,1.0,1,1,0.0,down_full64_prebuilt,7,0.035071998834609985
case_021_real,humaneval,late,real_route_replay,3,3,61,real,1.0,1,1,0.0,down_full64_prebuilt,8,0.035071998834609985
case_021_real,humaneval,late,real_route_replay,3,3,61,real,1.0,1,1,0.0,down_full64_prebuilt,9,0.034432001411914825
case_021_real,humaneval,late,real_route_replay,3,3,61,real,1.0,1,1,0.0,down_full64_prebuilt,10,0.03750399872660637
case_021_real,humaneval,late,real_route_replay,3,3,61,real,1.0,1,1,0.0,down_full64_prebuilt,11,0.03923200070858002
case_021_real,humaneval,late,real_route_replay,3,3,61,real,1.0,1,1,0.0,down_full64_prebuilt,12,0.03580800071358681
case_021_real,humaneval,late,real_route_replay,3,3,61,real,1.0,1,1,0.0,down_full64_prebuilt,13,0.03814399987459183
case_021_real,humaneval,late,real_route_replay,3,3,61,real,1.0,1,1,0.0,down_full64_prebuilt,14,0.03798399865627289
case_021_real,humaneval,late,real_route_replay,3,3,61,real,1.0,1,1,0.0,down_full64_prebuilt,15,0.03667199984192848
case_021_real,humaneval,late,real_route_replay,3,3,61,real,1.0,1,1,0.0,down_full64_prebuilt,16,0.03548799827694893
case_021_real,humaneval,late,real_route_replay,3,3,61,real,1.0,1,1,0.0,down_full64_prebuilt,17,0.03683200106024742
case_021_real,humaneval,late,real_route_replay,3,3,61,real,1.0,1,1,0.0,down_full64_prebuilt,18,0.03728000074625015
case_021_real,humaneval,late,real_route_replay,3,3,61,real,1.0,1,1,0.0,down_full64_prebuilt,19,0.03718400001525879
case_021_real,humaneval,late,real_route_replay,3,3,61,real,1.0,1,1,0.0,down_full64_prebuilt,20,0.036320000886917114
case_021_real,humaneval,late,real_route_replay,3,3,61,real,1.0,1,1,0.0,down_full64_prebuilt,21,0.03872000053524971
case_021_real,humaneval,late,real_route_replay,3,3,61,real,1.0,1,1,0.0,down_full64_prebuilt,22,0.037567999213933945
case_021_real,humaneval,late,real_route_replay,3,3,61,real,1.0,1,1,0.0,down_full64_prebuilt,23,0.03763199970126152
case_021_real,humaneval,late,real_route_replay,3,3,61,real,1.0,1,1,0.0,down_full64_prebuilt,24,0.037696000188589096
case_021_real,humaneval,late,real_route_replay,3,3,61,real,1.0,1,1,0.0,down_full64_prebuilt,25,0.04281599819660187
case_021_real,humaneval,late,real_route_replay,3,3,61,real,1.0,1,1,0.0,down_full64_prebuilt,26,0.04201599955558777
case_021_real,humaneval,late,real_route_replay,3,3,61,real,1.0,1,1,0.0,down_full64_prebuilt,27,0.038047999143600464
case_021_real,humaneval,late,real_route_replay,3,3,61,real,1.0,1,1,0.0,down_full64_prebuilt,28,0.036959998309612274
case_021_real,humaneval,late,real_route_replay,3,3,61,real,1.0,1,1,0.0,down_full64_prebuilt,29,0.038975998759269714
case_021_real,humaneval,late,real_route_replay,3,3,61,real,1.0,1,1,0.0,down_full64_prebuilt,30,0.03923200070858002
case_021_real,humaneval,late,real_route_replay,3,3,61,real,1.0,1,1,0.0,down_full64_prebuilt,31,0.04297599941492081
case_021_real,humaneval,late,real_route_replay,3,3,61,real,1.0,1,1,0.0,down_full64_prebuilt,32,0.04556800052523613
case_021_real,humaneval,late,real_route_replay,3,3,61,real,1.0,1,1,0.0,down_full64_prebuilt,33,0.04195199906826019
case_021_real,humaneval,late,real_route_replay,3,3,61,real,1.0,1,1,0.0,down_full64_prebuilt,34,0.041152000427246094
case_021_real,humaneval,late,real_route_replay,3,3,61,real,1.0,1,1,0.0,down_full64_prebuilt,35,0.04255999997258186
case_021_real,humaneval,late,real_route_replay,3,3,61,real,1.0,1,1,0.0,down_full64_prebuilt,36,0.04464000090956688
case_021_real,humaneval,late,real_route_replay,3,3,61,real,1.0,1,1,0.0,down_full64_prebuilt,37,0.04726399853825569
case_021_real,humaneval,late,real_route_replay,3,3,61,real,1.0,1,1,0.0,down_full64_prebuilt,38,0.04444799944758415
case_021_real,humaneval,late,real_route_replay,3,3,61,real,1.0,1,1,0.0,down_full64_prebuilt,39,0.04281599819660187
case_021_real,humaneval,late,real_route_replay,3,3,61,real,1.0,1,1,0.0,gate_up_active_prebuilt,0,0.051231998950242996
case_021_real,humaneval,late,real_route_replay,3,3,61,real,1.0,1,1,0.0,gate_up_active_prebuilt,1,0.04864000156521797
case_021_real,humaneval,late,real_route_replay,3,3,61,real,1.0,1,1,0.0,gate_up_active_prebuilt,2,0.04819199815392494
case_021_real,humaneval,late,real_route_replay,3,3,61,real,1.0,1,1,0.0,gate_up_active_prebuilt,3,0.046431999653577805
case_021_real,humaneval,late,real_route_replay,3,3,61,real,1.0,1,1,0.0,gate_up_active_prebuilt,4,0.06326399743556976
case_021_real,humaneval,late,real_route_replay,3,3,61,real,1.0,1,1,0.0,gate_up_active_prebuilt,5,0.04940799996256828
case_021_real,humaneval,late,real_route_replay,3,3,61,real,1.0,1,1,0.0,gate_up_active_prebuilt,6,0.053599998354911804
case_021_real,humaneval,late,real_route_replay,3,3,61,real,1.0,1,1,0.0,gate_up_active_prebuilt,7,0.051263999193906784
case_021_real,humaneval,late,real_route_replay,3,3,61,real,1.0,1,1,0.0,gate_up_active_prebuilt,8,0.05081599950790405
case_021_real,humaneval,late,real_route_replay,3,3,61,real,1.0,1,1,0.0,gate_up_active_prebuilt,9,0.04825599864125252
case_021_real,humaneval,late,real_route_replay,3,3,61,real,1.0,1,1,0.0,gate_up_active_prebuilt,10,0.0517439991235733
case_021_real,humaneval,late,real_route_replay,3,3,61,real,1.0,1,1,0.0,gate_up_active_prebuilt,11,0.05081599950790405
case_021_real,humaneval,late,real_route_replay,3,3,61,real,1.0,1,1,0.0,gate_up_active_prebuilt,12,0.041919998824596405
case_021_real,humaneval,late,real_route_replay,3,3,61,real,1.0,1,1,0.0,gate_up_active_prebuilt,13,0.04137599840760231
case_021_real,humaneval,late,real_route_replay,3,3,61,real,1.0,1,1,0.0,gate_up_active_prebuilt,14,0.042367998510599136
case_021_real,humaneval,late,real_route_replay,3,3,61,real,1.0,1,1,0.0,gate_up_active_prebuilt,15,0.04307200014591217
case_021_real,humaneval,late,real_route_replay,3,3,61,real,1.0,1,1,0.0,gate_up_active_prebuilt,16,0.04297599941492081
case_021_real,humaneval,late,real_route_replay,3,3,61,real,1.0,1,1,0.0,gate_up_active_prebuilt,17,0.04121600091457367
case_021_real,humaneval,late,real_route_replay,3,3,61,real,1.0,1,1,0.0,gate_up_active_prebuilt,18,0.039264000952243805
case_021_real,humaneval,late,real_route_replay,3,3,61,real,1.0,1,1,0.0,gate_up_active_prebuilt,19,0.051872000098228455
case_021_real,humaneval,late,real_route_replay,3,3,61,real,1.0,1,1,0.0,gate_up_active_prebuilt,20,0.043136000633239746
case_021_real,humaneval,late,real_route_replay,3,3,61,real,1.0,1,1,0.0,gate_up_active_prebuilt,21,0.04275200143456459
case_021_real,humaneval,late,real_route_replay,3,3,61,real,1.0,1,1,0.0,gate_up_active_prebuilt,22,0.04255999997258186
case_021_real,humaneval,late,real_route_replay,3,3,61,real,1.0,1,1,0.0,gate_up_active_prebuilt,23,0.04044799879193306
case_021_real,humaneval,late,real_route_replay,3,3,61,real,1.0,1,1,0.0,gate_up_active_prebuilt,24,0.04054399952292442
case_021_real,humaneval,late,real_route_replay,3,3,61,real,1.0,1,1,0.0,gate_up_active_prebuilt,25,0.04022400081157684
case_021_real,humaneval,late,real_route_replay,3,3,61,real,1.0,1,1,0.0,gate_up_active_prebuilt,26,0.04012800008058548
case_021_real,humaneval,late,real_route_replay,3,3,61,real,1.0,1,1,0.0,gate_up_active_prebuilt,27,0.04092799872159958
case_021_real,humaneval,late,real_route_replay,3,3,61,real,1.0,1,1,0.0,gate_up_active_prebuilt,28,0.039423998445272446
case_021_real,humaneval,late,real_route_replay,3,3,61,real,1.0,1,1,0.0,gate_up_active_prebuilt,29,0.044576000422239304
case_021_real,humaneval,late,real_route_replay,3,3,61,real,1.0,1,1,0.0,gate_up_active_prebuilt,30,0.042688000947237015
case_021_real,humaneval,late,real_route_replay,3,3,61,real,1.0,1,1,0.0,gate_up_active_prebuilt,31,0.04374400153756142
case_021_real,humaneval,late,real_route_replay,3,3,61,real,1.0,1,1,0.0,gate_up_active_prebuilt,32,0.04012800008058548
case_021_real,humaneval,late,real_route_replay,3,3,61,real,1.0,1,1,0.0,gate_up_active_prebuilt,33,0.040991999208927155
case_021_real,humaneval,late,real_route_replay,3,3,61,real,1.0,1,1,0.0,gate_up_active_prebuilt,34,0.040352001786231995
case_021_real,humaneval,late,real_route_replay,3,3,61,real,1.0,1,1,0.0,gate_up_active_prebuilt,35,0.040511999279260635
case_021_real,humaneval,late,real_route_replay,3,3,61,real,1.0,1,1,0.0,gate_up_active_prebuilt,36,0.04047999903559685
case_021_real,humaneval,late,real_route_replay,3,3,61,real,1.0,1,1,0.0,gate_up_active_prebuilt,37,0.04057599976658821
case_021_real,humaneval,late,real_route_replay,3,3,61,real,1.0,1,1,0.0,gate_up_active_prebuilt,38,0.046271998435258865
case_021_real,humaneval,late,real_route_replay,3,3,61,real,1.0,1,1,0.0,gate_up_active_prebuilt,39,0.04396799951791763
case_022_real,humaneval,late,real_route_replay,15,5,59,real,3.0,3,3,0.0,swiglu,0,0.040063999593257904
case_022_real,humaneval,late,real_route_replay,15,5,59,real,3.0,3,3,0.0,swiglu,1,0.02844800055027008
case_022_real,humaneval,late,real_route_replay,15,5,59,real,3.0,3,3,0.0,swiglu,2,0.027712000533938408
case_022_real,humaneval,late,real_route_replay,15,5,59,real,3.0,3,3,0.0,swiglu,3,0.021856000646948814
case_022_real,humaneval,late,real_route_replay,15,5,59,real,3.0,3,3,0.0,swiglu,4,0.021407999098300934
case_022_real,humaneval,late,real_route_replay,15,5,59,real,3.0,3,3,0.0,swiglu,5,0.02112000063061714
case_022_real,humaneval,late,real_route_replay,15,5,59,real,3.0,3,3,0.0,swiglu,6,0.021056000143289566
case_022_real,humaneval,late,real_route_replay,15,5,59,real,3.0,3,3,0.0,swiglu,7,0.020479999482631683
case_022_real,humaneval,late,real_route_replay,15,5,59,real,3.0,3,3,0.0,swiglu,8,0.02409599907696247
case_022_real,humaneval,late,real_route_replay,15,5,59,real,3.0,3,3,0.0,swiglu,9,0.022784000262618065
case_022_real,humaneval,late,real_route_replay,15,5,59,real,3.0,3,3,0.0,swiglu,10,0.023104000836610794
case_022_real,humaneval,late,real_route_replay,15,5,59,real,3.0,3,3,0.0,swiglu,11,0.020416000857949257
case_022_real,humaneval,late,real_route_replay,15,5,59,real,3.0,3,3,0.0,swiglu,12,0.021568000316619873
case_022_real,humaneval,late,real_route_replay,15,5,59,real,3.0,3,3,0.0,swiglu,13,0.022272000089287758
case_022_real,humaneval,late,real_route_replay,15,5,59,real,3.0,3,3,0.0,swiglu,14,0.02284800074994564
case_022_real,humaneval,late,real_route_replay,15,5,59,real,3.0,3,3,0.0,swiglu,15,0.022304000332951546
case_022_real,humaneval,late,real_route_replay,15,5,59,real,3.0,3,3,0.0,swiglu,16,0.022752000018954277
case_022_real,humaneval,late,real_route_replay,15,5,59,real,3.0,3,3,0.0,swiglu,17,0.02287999913096428
case_022_real,humaneval,late,real_route_replay,15,5,59,real,3.0,3,3,0.0,swiglu,18,0.023264000192284584
case_022_real,humaneval,late,real_route_replay,15,5,59,real,3.0,3,3,0.0,swiglu,19,0.027583999559283257
case_022_real,humaneval,late,real_route_replay,15,5,59,real,3.0,3,3,0.0,swiglu,20,0.024831999093294144
case_022_real,humaneval,late,real_route_replay,15,5,59,real,3.0,3,3,0.0,swiglu,21,0.023520000278949738
case_022_real,humaneval,late,real_route_replay,15,5,59,real,3.0,3,3,0.0,swiglu,22,0.019711999222636223
case_022_real,humaneval,late,real_route_replay,15,5,59,real,3.0,3,3,0.0,swiglu,23,0.02099199965596199
case_022_real,humaneval,late,real_route_replay,15,5,59,real,3.0,3,3,0.0,swiglu,24,0.021023999899625778
case_022_real,humaneval,late,real_route_replay,15,5,59,real,3.0,3,3,0.0,swiglu,25,0.022592000663280487
case_022_real,humaneval,late,real_route_replay,15,5,59,real,3.0,3,3,0.0,swiglu,26,0.021856000646948814
case_022_real,humaneval,late,real_route_replay,15,5,59,real,3.0,3,3,0.0,swiglu,27,0.02271999977529049
case_022_real,humaneval,late,real_route_replay,15,5,59,real,3.0,3,3,0.0,swiglu,28,0.02022399939596653
case_022_real,humaneval,late,real_route_replay,15,5,59,real,3.0,3,3,0.0,swiglu,29,0.019967999309301376
case_022_real,humaneval,late,real_route_replay,15,5,59,real,3.0,3,3,0.0,swiglu,30,0.020416000857949257
case_022_real,humaneval,late,real_route_replay,15,5,59,real,3.0,3,3,0.0,swiglu,31,0.02518399991095066
case_022_real,humaneval,late,real_route_replay,15,5,59,real,3.0,3,3,0.0,swiglu,32,0.024512000381946564
case_022_real,humaneval,late,real_route_replay,15,5,59,real,3.0,3,3,0.0,swiglu,33,0.023520000278949738
case_022_real,humaneval,late,real_route_replay,15,5,59,real,3.0,3,3,0.0,swiglu,34,0.02489599958062172
case_022_real,humaneval,late,real_route_replay,15,5,59,real,3.0,3,3,0.0,swiglu,35,0.02473600022494793
case_022_real,humaneval,late,real_route_replay,15,5,59,real,3.0,3,3,0.0,swiglu,36,0.024032000452280045
case_022_real,humaneval,late,real_route_replay,15,5,59,real,3.0,3,3,0.0,swiglu,37,0.02163200080394745
case_022_real,humaneval,late,real_route_replay,15,5,59,real,3.0,3,3,0.0,swiglu,38,0.021727999672293663
case_022_real,humaneval,late,real_route_replay,15,5,59,real,3.0,3,3,0.0,swiglu,39,0.02131200022995472
case_022_real,humaneval,late,real_route_replay,15,5,59,real,3.0,3,3,0.0,gate_up_full64_prebuilt,0,0.07702399790287018
case_022_real,humaneval,late,real_route_replay,15,5,59,real,3.0,3,3,0.0,gate_up_full64_prebuilt,1,0.06896000355482101
case_022_real,humaneval,late,real_route_replay,15,5,59,real,3.0,3,3,0.0,gate_up_full64_prebuilt,2,0.0642239972949028
case_022_real,humaneval,late,real_route_replay,15,5,59,real,3.0,3,3,0.0,gate_up_full64_prebuilt,3,0.06220800057053566
case_022_real,humaneval,late,real_route_replay,15,5,59,real,3.0,3,3,0.0,gate_up_full64_prebuilt,4,0.0631679967045784
case_022_real,humaneval,late,real_route_replay,15,5,59,real,3.0,3,3,0.0,gate_up_full64_prebuilt,5,0.06297600269317627
case_022_real,humaneval,late,real_route_replay,15,5,59,real,3.0,3,3,0.0,gate_up_full64_prebuilt,6,0.06364800035953522
case_022_real,humaneval,late,real_route_replay,15,5,59,real,3.0,3,3,0.0,gate_up_full64_prebuilt,7,0.06531199812889099
case_022_real,humaneval,late,real_route_replay,15,5,59,real,3.0,3,3,0.0,gate_up_full64_prebuilt,8,0.06515199691057205
case_022_real,humaneval,late,real_route_replay,15,5,59,real,3.0,3,3,0.0,gate_up_full64_prebuilt,9,0.06403200328350067
case_022_real,humaneval,late,real_route_replay,15,5,59,real,3.0,3,3,0.0,gate_up_full64_prebuilt,10,0.062431998550891876
case_022_real,humaneval,late,real_route_replay,15,5,59,real,3.0,3,3,0.0,gate_up_full64_prebuilt,11,0.06278400123119354
case_022_real,humaneval,late,real_route_replay,15,5,59,real,3.0,3,3,0.0,gate_up_full64_prebuilt,12,0.06204799935221672
case_022_real,humaneval,late,real_route_replay,15,5,59,real,3.0,3,3,0.0,gate_up_full64_prebuilt,13,0.06185600161552429
case_022_real,humaneval,late,real_route_replay,15,5,59,real,3.0,3,3,0.0,gate_up_full64_prebuilt,14,0.06169600039720535
case_022_real,humaneval,late,real_route_replay,15,5,59,real,3.0,3,3,0.0,gate_up_full64_prebuilt,15,0.0655359998345375
case_022_real,humaneval,late,real_route_replay,15,5,59,real,3.0,3,3,0.0,gate_up_full64_prebuilt,16,0.06547199934720993
case_022_real,humaneval,late,real_route_replay,15,5,59,real,3.0,3,3,0.0,gate_up_full64_prebuilt,17,0.06639999896287918
case_022_real,humaneval,late,real_route_replay,15,5,59,real,3.0,3,3,0.0,gate_up_full64_prebuilt,18,0.0626240000128746
case_022_real,humaneval,late,real_route_replay,15,5,59,real,3.0,3,3,0.0,gate_up_full64_prebuilt,19,0.061216000467538834
case_022_real,humaneval,late,real_route_replay,15,5,59,real,3.0,3,3,0.0,gate_up_full64_prebuilt,20,0.0623680017888546
case_022_real,humaneval,late,real_route_replay,15,5,59,real,3.0,3,3,0.0,gate_up_full64_prebuilt,21,0.06425599753856659
case_022_real,humaneval,late,real_route_replay,15,5,59,real,3.0,3,3,0.0,gate_up_full64_prebuilt,22,0.06272000074386597
case_022_real,humaneval,late,real_route_replay,15,5,59,real,3.0,3,3,0.0,gate_up_full64_prebuilt,23,0.062272001057863235
case_022_real,humaneval,late,real_route_replay,15,5,59,real,3.0,3,3,0.0,gate_up_full64_prebuilt,24,0.06332799792289734
case_022_real,humaneval,late,real_route_replay,15,5,59,real,3.0,3,3,0.0,gate_up_full64_prebuilt,25,0.06691200286149979
case_022_real,humaneval,late,real_route_replay,15,5,59,real,3.0,3,3,0.0,gate_up_full64_prebuilt,26,0.07596799731254578
case_022_real,humaneval,late,real_route_replay,15,5,59,real,3.0,3,3,0.0,gate_up_full64_prebuilt,27,0.06998399645090103
case_022_real,humaneval,late,real_route_replay,15,5,59,real,3.0,3,3,0.0,gate_up_full64_prebuilt,28,0.06940799951553345
case_022_real,humaneval,late,real_route_replay,15,5,59,real,3.0,3,3,0.0,gate_up_full64_prebuilt,29,0.0719359964132309
case_022_real,humaneval,late,real_route_replay,15,5,59,real,3.0,3,3,0.0,gate_up_full64_prebuilt,30,0.069023996591568
case_022_real,humaneval,late,real_route_replay,15,5,59,real,3.0,3,3,0.0,gate_up_full64_prebuilt,31,0.06985600292682648
case_022_real,humaneval,late,real_route_replay,15,5,59,real,3.0,3,3,0.0,gate_up_full64_prebuilt,32,0.06748799979686737
case_022_real,humaneval,late,real_route_replay,15,5,59,real,3.0,3,3,0.0,gate_up_full64_prebuilt,33,0.06966400146484375
case_022_real,humaneval,late,real_route_replay,15,5,59,real,3.0,3,3,0.0,gate_up_full64_prebuilt,34,0.06831999868154526
case_022_real,humaneval,late,real_route_replay,15,5,59,real,3.0,3,3,0.0,gate_up_full64_prebuilt,35,0.06908799707889557
case_022_real,humaneval,late,real_route_replay,15,5,59,real,3.0,3,3,0.0,gate_up_full64_prebuilt,36,0.06908799707889557
case_022_real,humaneval,late,real_route_replay,15,5,59,real,3.0,3,3,0.0,gate_up_full64_prebuilt,37,0.0719040036201477
case_022_real,humaneval,late,real_route_replay,15,5,59,real,3.0,3,3,0.0,gate_up_full64_prebuilt,38,0.07283200323581696
case_022_real,humaneval,late,real_route_replay,15,5,59,real,3.0,3,3,0.0,gate_up_full64_prebuilt,39,0.07017599791288376
case_022_real,humaneval,late,real_route_replay,15,5,59,real,3.0,3,3,0.0,route_weight,0,0.014783999882638454
case_022_real,humaneval,late,real_route_replay,15,5,59,real,3.0,3,3,0.0,route_weight,1,0.021056000143289566
case_022_real,humaneval,late,real_route_replay,15,5,59,real,3.0,3,3,0.0,route_weight,2,0.016256000846624374
case_022_real,humaneval,late,real_route_replay,15,5,59,real,3.0,3,3,0.0,route_weight,3,0.016287999227643013
case_022_real,humaneval,late,real_route_replay,15,5,59,real,3.0,3,3,0.0,route_weight,4,0.034591998904943466
case_022_real,humaneval,late,real_route_replay,15,5,59,real,3.0,3,3,0.0,route_weight,5,0.014911999925971031
case_022_real,humaneval,late,real_route_replay,15,5,59,real,3.0,3,3,0.0,route_weight,6,0.01539199985563755
case_022_real,humaneval,late,real_route_replay,15,5,59,real,3.0,3,3,0.0,route_weight,7,0.015519999898970127
case_022_real,humaneval,late,real_route_replay,15,5,59,real,3.0,3,3,0.0,route_weight,8,0.015039999969303608
case_022_real,humaneval,late,real_route_replay,15,5,59,real,3.0,3,3,0.0,route_weight,9,0.01539199985563755
case_022_real,humaneval,late,real_route_replay,15,5,59,real,3.0,3,3,0.0,route_weight,10,0.014368000440299511
case_022_real,humaneval,late,real_route_replay,15,5,59,real,3.0,3,3,0.0,route_weight,11,0.014720000326633453
case_022_real,humaneval,late,real_route_replay,15,5,59,real,3.0,3,3,0.0,route_weight,12,0.014751999638974667
case_022_real,humaneval,late,real_route_replay,15,5,59,real,3.0,3,3,0.0,route_weight,13,0.018400000408291817
case_022_real,humaneval,late,real_route_replay,15,5,59,real,3.0,3,3,0.0,route_weight,14,0.015135999768972397
case_022_real,humaneval,late,real_route_replay,15,5,59,real,3.0,3,3,0.0,route_weight,15,0.015168000012636185
case_022_real,humaneval,late,real_route_replay,15,5,59,real,3.0,3,3,0.0,route_weight,16,0.01500799972563982
case_022_real,humaneval,late,real_route_replay,15,5,59,real,3.0,3,3,0.0,route_weight,17,0.015231999568641186
case_022_real,humaneval,late,real_route_replay,15,5,59,real,3.0,3,3,0.0,route_weight,18,0.014783999882638454
case_022_real,humaneval,late,real_route_replay,15,5,59,real,3.0,3,3,0.0,route_weight,19,0.01500799972563982
case_022_real,humaneval,late,real_route_replay,15,5,59,real,3.0,3,3,0.0,route_weight,20,0.014783999882638454
case_022_real,humaneval,late,real_route_replay,15,5,59,real,3.0,3,3,0.0,route_weight,21,0.015039999969303608
case_022_real,humaneval,late,real_route_replay,15,5,59,real,3.0,3,3,0.0,route_weight,22,0.01414399966597557
case_022_real,humaneval,late,real_route_replay,15,5,59,real,3.0,3,3,0.0,route_weight,23,0.014560000039637089
case_022_real,humaneval,late,real_route_replay,15,5,59,real,3.0,3,3,0.0,route_weight,24,0.01484800036996603
case_022_real,humaneval,late,real_route_replay,15,5,59,real,3.0,3,3,0.0,route_weight,25,0.01414399966597557
case_022_real,humaneval,late,real_route_replay,15,5,59,real,3.0,3,3,0.0,route_weight,26,0.017311999574303627
case_022_real,humaneval,late,real_route_replay,15,5,59,real,3.0,3,3,0.0,route_weight,27,0.015231999568641186
case_022_real,humaneval,late,real_route_replay,15,5,59,real,3.0,3,3,0.0,route_weight,28,0.015135999768972397
case_022_real,humaneval,late,real_route_replay,15,5,59,real,3.0,3,3,0.0,route_weight,29,0.014431999996304512
case_022_real,humaneval,late,real_route_replay,15,5,59,real,3.0,3,3,0.0,route_weight,30,0.015135999768972397
case_022_real,humaneval,late,real_route_replay,15,5,59,real,3.0,3,3,0.0,route_weight,31,0.0144640002399683
case_022_real,humaneval,late,real_route_replay,15,5,59,real,3.0,3,3,0.0,route_weight,32,0.015072000212967396
case_022_real,humaneval,late,real_route_replay,15,5,59,real,3.0,3,3,0.0,route_weight,33,0.014336000196635723
case_022_real,humaneval,late,real_route_replay,15,5,59,real,3.0,3,3,0.0,route_weight,34,0.013887999579310417
case_022_real,humaneval,late,real_route_replay,15,5,59,real,3.0,3,3,0.0,route_weight,35,0.013919999822974205
case_022_real,humaneval,late,real_route_replay,15,5,59,real,3.0,3,3,0.0,route_weight,36,0.014527999795973301
case_022_real,humaneval,late,real_route_replay,15,5,59,real,3.0,3,3,0.0,route_weight,37,0.013919999822974205
case_022_real,humaneval,late,real_route_replay,15,5,59,real,3.0,3,3,0.0,route_weight,38,0.016863999888300896
case_022_real,humaneval,late,real_route_replay,15,5,59,real,3.0,3,3,0.0,route_weight,39,0.013567999936640263
case_022_real,humaneval,late,real_route_replay,15,5,59,real,3.0,3,3,0.0,down_active_prebuilt,0,0.057312000542879105
case_022_real,humaneval,late,real_route_replay,15,5,59,real,3.0,3,3,0.0,down_active_prebuilt,1,0.04668800160288811
case_022_real,humaneval,late,real_route_replay,15,5,59,real,3.0,3,3,0.0,down_active_prebuilt,2,0.04620800167322159
case_022_real,humaneval,late,real_route_replay,15,5,59,real,3.0,3,3,0.0,down_active_prebuilt,3,0.048608001321554184
case_022_real,humaneval,late,real_route_replay,15,5,59,real,3.0,3,3,0.0,down_active_prebuilt,4,0.048576001077890396
case_022_real,humaneval,late,real_route_replay,15,5,59,real,3.0,3,3,0.0,down_active_prebuilt,5,0.04851200059056282
case_022_real,humaneval,late,real_route_replay,15,5,59,real,3.0,3,3,0.0,down_active_prebuilt,6,0.04553600028157234
case_022_real,humaneval,late,real_route_replay,15,5,59,real,3.0,3,3,0.0,down_active_prebuilt,7,0.054687999188899994
case_022_real,humaneval,late,real_route_replay,15,5,59,real,3.0,3,3,0.0,down_active_prebuilt,8,0.04793599992990494
case_022_real,humaneval,late,real_route_replay,15,5,59,real,3.0,3,3,0.0,down_active_prebuilt,9,0.0459199994802475
case_022_real,humaneval,late,real_route_replay,15,5,59,real,3.0,3,3,0.0,down_active_prebuilt,10,0.0469760000705719
case_022_real,humaneval,late,real_route_replay,15,5,59,real,3.0,3,3,0.0,down_active_prebuilt,11,0.05023999884724617
case_022_real,humaneval,late,real_route_replay,15,5,59,real,3.0,3,3,0.0,down_active_prebuilt,12,0.04479999840259552
case_022_real,humaneval,late,real_route_replay,15,5,59,real,3.0,3,3,0.0,down_active_prebuilt,13,0.044895999133586884
case_022_real,humaneval,late,real_route_replay,15,5,59,real,3.0,3,3,0.0,down_active_prebuilt,14,0.04428799822926521
case_022_real,humaneval,late,real_route_replay,15,5,59,real,3.0,3,3,0.0,down_active_prebuilt,15,0.04726399853825569
case_022_real,humaneval,late,real_route_replay,15,5,59,real,3.0,3,3,0.0,down_active_prebuilt,16,0.045471999794244766
case_022_real,humaneval,late,real_route_replay,15,5,59,real,3.0,3,3,0.0,down_active_prebuilt,17,0.04742399975657463
case_022_real,humaneval,late,real_route_replay,15,5,59,real,3.0,3,3,0.0,down_active_prebuilt,18,0.04374400153756142
case_022_real,humaneval,late,real_route_replay,15,5,59,real,3.0,3,3,0.0,down_active_prebuilt,19,0.04495999962091446
case_022_real,humaneval,late,real_route_replay,15,5,59,real,3.0,3,3,0.0,down_active_prebuilt,20,0.046560000628232956
case_022_real,humaneval,late,real_route_replay,15,5,59,real,3.0,3,3,0.0,down_active_prebuilt,21,0.046592000871896744
case_022_real,humaneval,late,real_route_replay,15,5,59,real,3.0,3,3,0.0,down_active_prebuilt,22,0.05833600088953972
case_022_real,humaneval,late,real_route_replay,15,5,59,real,3.0,3,3,0.0,down_active_prebuilt,23,0.04707200080156326
case_022_real,humaneval,late,real_route_replay,15,5,59,real,3.0,3,3,0.0,down_active_prebuilt,24,0.046271998435258865
case_022_real,humaneval,late,real_route_replay,15,5,59,real,3.0,3,3,0.0,down_active_prebuilt,25,0.04822399839758873
case_022_real,humaneval,late,real_route_replay,15,5,59,real,3.0,3,3,0.0,down_active_prebuilt,26,0.04662400111556053
case_022_real,humaneval,late,real_route_replay,15,5,59,real,3.0,3,3,0.0,down_active_prebuilt,27,0.046720001846551895
case_022_real,humaneval,late,real_route_replay,15,5,59,real,3.0,3,3,0.0,down_active_prebuilt,28,0.054368000477552414
case_022_real,humaneval,late,real_route_replay,15,5,59,real,3.0,3,3,0.0,down_active_prebuilt,29,0.04652800038456917
case_022_real,humaneval,late,real_route_replay,15,5,59,real,3.0,3,3,0.0,down_active_prebuilt,30,0.046560000628232956
case_022_real,humaneval,late,real_route_replay,15,5,59,real,3.0,3,3,0.0,down_active_prebuilt,31,0.04873599857091904
case_022_real,humaneval,late,real_route_replay,15,5,59,real,3.0,3,3,0.0,down_active_prebuilt,32,0.047040000557899475
case_022_real,humaneval,late,real_route_replay,15,5,59,real,3.0,3,3,0.0,down_active_prebuilt,33,0.04521600157022476
case_022_real,humaneval,late,real_route_replay,15,5,59,real,3.0,3,3,0.0,down_active_prebuilt,34,0.044064000248909
case_022_real,humaneval,late,real_route_replay,15,5,59,real,3.0,3,3,0.0,down_active_prebuilt,35,0.04464000090956688
case_022_real,humaneval,late,real_route_replay,15,5,59,real,3.0,3,3,0.0,down_active_prebuilt,36,0.047168001532554626
case_022_real,humaneval,late,real_route_replay,15,5,59,real,3.0,3,3,0.0,down_active_prebuilt,37,0.04630399867892265
case_022_real,humaneval,late,real_route_replay,15,5,59,real,3.0,3,3,0.0,down_active_prebuilt,38,0.04944000020623207
case_022_real,humaneval,late,real_route_replay,15,5,59,real,3.0,3,3,0.0,down_active_prebuilt,39,0.04476799815893173
case_022_real,humaneval,late,real_route_replay,15,5,59,real,3.0,3,3,0.0,down_full64_prebuilt,0,0.046751998364925385
case_022_real,humaneval,late,real_route_replay,15,5,59,real,3.0,3,3,0.0,down_full64_prebuilt,1,0.04806400090456009
case_022_real,humaneval,late,real_route_replay,15,5,59,real,3.0,3,3,0.0,down_full64_prebuilt,2,0.045504000037908554
case_022_real,humaneval,late,real_route_replay,15,5,59,real,3.0,3,3,0.0,down_full64_prebuilt,3,0.04508800059556961
case_022_real,humaneval,late,real_route_replay,15,5,59,real,3.0,3,3,0.0,down_full64_prebuilt,4,0.044256001710891724
case_022_real,humaneval,late,real_route_replay,15,5,59,real,3.0,3,3,0.0,down_full64_prebuilt,5,0.043776001781225204
case_022_real,humaneval,late,real_route_replay,15,5,59,real,3.0,3,3,0.0,down_full64_prebuilt,6,0.054496001452207565
case_022_real,humaneval,late,real_route_replay,15,5,59,real,3.0,3,3,0.0,down_full64_prebuilt,7,0.046271998435258865
case_022_real,humaneval,late,real_route_replay,15,5,59,real,3.0,3,3,0.0,down_full64_prebuilt,8,0.04614400118589401
case_022_real,humaneval,late,real_route_replay,15,5,59,real,3.0,3,3,0.0,down_full64_prebuilt,9,0.04531199857592583
case_022_real,humaneval,late,real_route_replay,15,5,59,real,3.0,3,3,0.0,down_full64_prebuilt,10,0.047168001532554626
case_022_real,humaneval,late,real_route_replay,15,5,59,real,3.0,3,3,0.0,down_full64_prebuilt,11,0.04758400097489357
case_022_real,humaneval,late,real_route_replay,15,5,59,real,3.0,3,3,0.0,down_full64_prebuilt,12,0.047231998294591904
case_022_real,humaneval,late,real_route_replay,15,5,59,real,3.0,3,3,0.0,down_full64_prebuilt,13,0.04825599864125252
case_022_real,humaneval,late,real_route_replay,15,5,59,real,3.0,3,3,0.0,down_full64_prebuilt,14,0.0453759990632534
case_022_real,humaneval,late,real_route_replay,15,5,59,real,3.0,3,3,0.0,down_full64_prebuilt,15,0.04758400097489357
case_022_real,humaneval,late,real_route_replay,15,5,59,real,3.0,3,3,0.0,down_full64_prebuilt,16,0.0459199994802475
case_022_real,humaneval,late,real_route_replay,15,5,59,real,3.0,3,3,0.0,down_full64_prebuilt,17,0.04700800031423569
case_022_real,humaneval,late,real_route_replay,15,5,59,real,3.0,3,3,0.0,down_full64_prebuilt,18,0.04854400083422661
case_022_real,humaneval,late,real_route_replay,15,5,59,real,3.0,3,3,0.0,down_full64_prebuilt,19,0.04800000041723251
case_022_real,humaneval,late,real_route_replay,15,5,59,real,3.0,3,3,0.0,down_full64_prebuilt,20,0.04787199944257736
case_022_real,humaneval,late,real_route_replay,15,5,59,real,3.0,3,3,0.0,down_full64_prebuilt,21,0.047680001705884933
case_022_real,humaneval,late,real_route_replay,15,5,59,real,3.0,3,3,0.0,down_full64_prebuilt,22,0.04678399860858917
case_022_real,humaneval,late,real_route_replay,15,5,59,real,3.0,3,3,0.0,down_full64_prebuilt,23,0.04598399996757507
case_022_real,humaneval,late,real_route_replay,15,5,59,real,3.0,3,3,0.0,down_full64_prebuilt,24,0.05056000128388405
case_022_real,humaneval,late,real_route_replay,15,5,59,real,3.0,3,3,0.0,down_full64_prebuilt,25,0.04774399846792221
case_022_real,humaneval,late,real_route_replay,15,5,59,real,3.0,3,3,0.0,down_full64_prebuilt,26,0.04710400104522705
case_022_real,humaneval,late,real_route_replay,15,5,59,real,3.0,3,3,0.0,down_full64_prebuilt,27,0.046431999653577805
case_022_real,humaneval,late,real_route_replay,15,5,59,real,3.0,3,3,0.0,down_full64_prebuilt,28,0.04732799902558327
case_022_real,humaneval,late,real_route_replay,15,5,59,real,3.0,3,3,0.0,down_full64_prebuilt,29,0.04639999940991402
case_022_real,humaneval,late,real_route_replay,15,5,59,real,3.0,3,3,0.0,down_full64_prebuilt,30,0.047839999198913574
case_022_real,humaneval,late,real_route_replay,15,5,59,real,3.0,3,3,0.0,down_full64_prebuilt,31,0.04761600121855736
case_022_real,humaneval,late,real_route_replay,15,5,59,real,3.0,3,3,0.0,down_full64_prebuilt,32,0.045951999723911285
case_022_real,humaneval,late,real_route_replay,15,5,59,real,3.0,3,3,0.0,down_full64_prebuilt,33,0.04819199815392494
case_022_real,humaneval,late,real_route_replay,15,5,59,real,3.0,3,3,0.0,down_full64_prebuilt,34,0.04620800167322159
case_022_real,humaneval,late,real_route_replay,15,5,59,real,3.0,3,3,0.0,down_full64_prebuilt,35,0.0469760000705719
case_022_real,humaneval,late,real_route_replay,15,5,59,real,3.0,3,3,0.0,down_full64_prebuilt,36,0.04585599899291992
case_022_real,humaneval,late,real_route_replay,15,5,59,real,3.0,3,3,0.0,down_full64_prebuilt,37,0.04886399954557419
case_022_real,humaneval,late,real_route_replay,15,5,59,real,3.0,3,3,0.0,down_full64_prebuilt,38,0.04633599892258644
case_022_real,humaneval,late,real_route_replay,15,5,59,real,3.0,3,3,0.0,down_full64_prebuilt,39,0.04831999912858009
case_022_real,humaneval,late,real_route_replay,15,5,59,real,3.0,3,3,0.0,gate_up_active_prebuilt,0,0.07254400104284286
case_022_real,humaneval,late,real_route_replay,15,5,59,real,3.0,3,3,0.0,gate_up_active_prebuilt,1,0.06790400296449661
case_022_real,humaneval,late,real_route_replay,15,5,59,real,3.0,3,3,0.0,gate_up_active_prebuilt,2,0.06505600363016129
case_022_real,humaneval,late,real_route_replay,15,5,59,real,3.0,3,3,0.0,gate_up_active_prebuilt,3,0.06323199719190598
case_022_real,humaneval,late,real_route_replay,15,5,59,real,3.0,3,3,0.0,gate_up_active_prebuilt,4,0.06467200070619583
case_022_real,humaneval,late,real_route_replay,15,5,59,real,3.0,3,3,0.0,gate_up_active_prebuilt,5,0.06537599861621857
case_022_real,humaneval,late,real_route_replay,15,5,59,real,3.0,3,3,0.0,gate_up_active_prebuilt,6,0.06518399715423584
case_022_real,humaneval,late,real_route_replay,15,5,59,real,3.0,3,3,0.0,gate_up_active_prebuilt,7,0.06147199869155884
case_022_real,humaneval,late,real_route_replay,15,5,59,real,3.0,3,3,0.0,gate_up_active_prebuilt,8,0.061344001442193985
case_022_real,humaneval,late,real_route_replay,15,5,59,real,3.0,3,3,0.0,gate_up_active_prebuilt,9,0.0629120022058487
case_022_real,humaneval,late,real_route_replay,15,5,59,real,3.0,3,3,0.0,gate_up_active_prebuilt,10,0.061824001371860504
case_022_real,humaneval,late,real_route_replay,15,5,59,real,3.0,3,3,0.0,gate_up_active_prebuilt,11,0.06480000168085098
case_022_real,humaneval,late,real_route_replay,15,5,59,real,3.0,3,3,0.0,gate_up_active_prebuilt,12,0.06272000074386597
case_022_real,humaneval,late,real_route_replay,15,5,59,real,3.0,3,3,0.0,gate_up_active_prebuilt,13,0.0628800019621849
case_022_real,humaneval,late,real_route_replay,15,5,59,real,3.0,3,3,0.0,gate_up_active_prebuilt,14,0.06115199998021126
case_022_real,humaneval,late,real_route_replay,15,5,59,real,3.0,3,3,0.0,gate_up_active_prebuilt,15,0.06880000233650208
case_022_real,humaneval,late,real_route_replay,15,5,59,real,3.0,3,3,0.0,gate_up_active_prebuilt,16,0.06796800345182419
case_022_real,humaneval,late,real_route_replay,15,5,59,real,3.0,3,3,0.0,gate_up_active_prebuilt,17,0.066880002617836
case_022_real,humaneval,late,real_route_replay,15,5,59,real,3.0,3,3,0.0,gate_up_active_prebuilt,18,0.06915199756622314
case_022_real,humaneval,late,real_route_replay,15,5,59,real,3.0,3,3,0.0,gate_up_active_prebuilt,19,0.0716480016708374
case_022_real,humaneval,late,real_route_replay,15,5,59,real,3.0,3,3,0.0,gate_up_active_prebuilt,20,0.07091200351715088
case_022_real,humaneval,late,real_route_replay,15,5,59,real,3.0,3,3,0.0,gate_up_active_prebuilt,21,0.07017599791288376
case_022_real,humaneval,late,real_route_replay,15,5,59,real,3.0,3,3,0.0,gate_up_active_prebuilt,22,0.0719040036201477
case_022_real,humaneval,late,real_route_replay,15,5,59,real,3.0,3,3,0.0,gate_up_active_prebuilt,23,0.06937599927186966
case_022_real,humaneval,late,real_route_replay,15,5,59,real,3.0,3,3,0.0,gate_up_active_prebuilt,24,0.06790400296449661
case_022_real,humaneval,late,real_route_replay,15,5,59,real,3.0,3,3,0.0,gate_up_active_prebuilt,25,0.07142399996519089
case_022_real,humaneval,late,real_route_replay,15,5,59,real,3.0,3,3,0.0,gate_up_active_prebuilt,26,0.07180800288915634
case_022_real,humaneval,late,real_route_replay,15,5,59,real,3.0,3,3,0.0,gate_up_active_prebuilt,27,0.07491199672222137
case_022_real,humaneval,late,real_route_replay,15,5,59,real,3.0,3,3,0.0,gate_up_active_prebuilt,28,0.07497599720954895
case_022_real,humaneval,late,real_route_replay,15,5,59,real,3.0,3,3,0.0,gate_up_active_prebuilt,29,0.06649599969387054
case_022_real,humaneval,late,real_route_replay,15,5,59,real,3.0,3,3,0.0,gate_up_active_prebuilt,30,0.07180800288915634
case_022_real,humaneval,late,real_route_replay,15,5,59,real,3.0,3,3,0.0,gate_up_active_prebuilt,31,0.06511999666690826
case_022_real,humaneval,late,real_route_replay,15,5,59,real,3.0,3,3,0.0,gate_up_active_prebuilt,32,0.06521599739789963
case_022_real,humaneval,late,real_route_replay,15,5,59,real,3.0,3,3,0.0,gate_up_active_prebuilt,33,0.06492800265550613
case_022_real,humaneval,late,real_route_replay,15,5,59,real,3.0,3,3,0.0,gate_up_active_prebuilt,34,0.06124800071120262
case_022_real,humaneval,late,real_route_replay,15,5,59,real,3.0,3,3,0.0,gate_up_active_prebuilt,35,0.06361600011587143
case_022_real,humaneval,late,real_route_replay,15,5,59,real,3.0,3,3,0.0,gate_up_active_prebuilt,36,0.06351999938488007
case_022_real,humaneval,late,real_route_replay,15,5,59,real,3.0,3,3,0.0,gate_up_active_prebuilt,37,0.06777600198984146
case_022_real,humaneval,late,real_route_replay,15,5,59,real,3.0,3,3,0.0,gate_up_active_prebuilt,38,0.06521599739789963
case_022_real,humaneval,late,real_route_replay,15,5,59,real,3.0,3,3,0.0,gate_up_active_prebuilt,39,0.06486400216817856
case_023_real,humaneval,late,real_route_replay,82,18,46,real,4.555555555555555,1,17,0.902768562113256,down_active_prebuilt,0,0.09164799749851227
case_023_real,humaneval,late,real_route_replay,82,18,46,real,4.555555555555555,1,17,0.902768562113256,down_active_prebuilt,1,0.09158399701118469
case_023_real,humaneval,late,real_route_replay,82,18,46,real,4.555555555555555,1,17,0.902768562113256,down_active_prebuilt,2,0.09427200257778168
case_023_real,humaneval,late,real_route_replay,82,18,46,real,4.555555555555555,1,17,0.902768562113256,down_active_prebuilt,3,0.09251199662685394
case_023_real,humaneval,late,real_route_replay,82,18,46,real,4.555555555555555,1,17,0.902768562113256,down_active_prebuilt,4,0.0888959988951683
case_023_real,humaneval,late,real_route_replay,82,18,46,real,4.555555555555555,1,17,0.902768562113256,down_active_prebuilt,5,0.0883840024471283
case_023_real,humaneval,late,real_route_replay,82,18,46,real,4.555555555555555,1,17,0.902768562113256,down_active_prebuilt,6,0.08803199976682663
case_023_real,humaneval,late,real_route_replay,82,18,46,real,4.555555555555555,1,17,0.902768562113256,down_active_prebuilt,7,0.09216000139713287
case_023_real,humaneval,late,real_route_replay,82,18,46,real,4.555555555555555,1,17,0.902768562113256,down_active_prebuilt,8,0.09094399958848953
case_023_real,humaneval,late,real_route_replay,82,18,46,real,4.555555555555555,1,17,0.902768562113256,down_active_prebuilt,9,0.09241600334644318
case_023_real,humaneval,late,real_route_replay,82,18,46,real,4.555555555555555,1,17,0.902768562113256,down_active_prebuilt,10,0.08870399743318558
case_023_real,humaneval,late,real_route_replay,82,18,46,real,4.555555555555555,1,17,0.902768562113256,down_active_prebuilt,11,0.08848000317811966
case_023_real,humaneval,late,real_route_replay,82,18,46,real,4.555555555555555,1,17,0.902768562113256,down_active_prebuilt,12,0.08934400230646133
case_023_real,humaneval,late,real_route_replay,82,18,46,real,4.555555555555555,1,17,0.902768562113256,down_active_prebuilt,13,0.0891840010881424
case_023_real,humaneval,late,real_route_replay,82,18,46,real,4.555555555555555,1,17,0.902768562113256,down_active_prebuilt,14,0.08982399851083755
case_023_real,humaneval,late,real_route_replay,82,18,46,real,4.555555555555555,1,17,0.902768562113256,down_active_prebuilt,15,0.0912960022687912
case_023_real,humaneval,late,real_route_replay,82,18,46,real,4.555555555555555,1,17,0.902768562113256,down_active_prebuilt,16,0.09020800143480301
case_023_real,humaneval,late,real_route_replay,82,18,46,real,4.555555555555555,1,17,0.902768562113256,down_active_prebuilt,17,0.088639996945858
case_023_real,humaneval,late,real_route_replay,82,18,46,real,4.555555555555555,1,17,0.902768562113256,down_active_prebuilt,18,0.08912000060081482
case_023_real,humaneval,late,real_route_replay,82,18,46,real,4.555555555555555,1,17,0.902768562113256,down_active_prebuilt,19,0.09273599833250046
case_023_real,humaneval,late,real_route_replay,82,18,46,real,4.555555555555555,1,17,0.902768562113256,down_active_prebuilt,20,0.09247999638319016
case_023_real,humaneval,late,real_route_replay,82,18,46,real,4.555555555555555,1,17,0.902768562113256,down_active_prebuilt,21,0.09094399958848953
case_023_real,humaneval,late,real_route_replay,82,18,46,real,4.555555555555555,1,17,0.902768562113256,down_active_prebuilt,22,0.09241600334644318
case_023_real,humaneval,late,real_route_replay,82,18,46,real,4.555555555555555,1,17,0.902768562113256,down_active_prebuilt,23,0.09520000219345093
case_023_real,humaneval,late,real_route_replay,82,18,46,real,4.555555555555555,1,17,0.902768562113256,down_active_prebuilt,24,0.08912000060081482
case_023_real,humaneval,late,real_route_replay,82,18,46,real,4.555555555555555,1,17,0.902768562113256,down_active_prebuilt,25,0.10028800368309021
case_023_real,humaneval,late,real_route_replay,82,18,46,real,4.555555555555555,1,17,0.902768562113256,down_active_prebuilt,26,0.0960640013217926
case_023_real,humaneval,late,real_route_replay,82,18,46,real,4.555555555555555,1,17,0.902768562113256,down_active_prebuilt,27,0.10220800340175629
case_023_real,humaneval,late,real_route_replay,82,18,46,real,4.555555555555555,1,17,0.902768562113256,down_active_prebuilt,28,0.09427200257778168
case_023_real,humaneval,late,real_route_replay,82,18,46,real,4.555555555555555,1,17,0.902768562113256,down_active_prebuilt,29,0.09513600170612335
case_023_real,humaneval,late,real_route_replay,82,18,46,real,4.555555555555555,1,17,0.902768562113256,down_active_prebuilt,30,0.0974079966545105
case_023_real,humaneval,late,real_route_replay,82,18,46,real,4.555555555555555,1,17,0.902768562113256,down_active_prebuilt,31,0.09878399968147278
case_023_real,humaneval,late,real_route_replay,82,18,46,real,4.555555555555555,1,17,0.902768562113256,down_active_prebuilt,32,0.10787200182676315
case_023_real,humaneval,late,real_route_replay,82,18,46,real,4.555555555555555,1,17,0.902768562113256,down_active_prebuilt,33,0.10175999999046326
case_023_real,humaneval,late,real_route_replay,82,18,46,real,4.555555555555555,1,17,0.902768562113256,down_active_prebuilt,34,0.09779199957847595
case_023_real,humaneval,late,real_route_replay,82,18,46,real,4.555555555555555,1,17,0.902768562113256,down_active_prebuilt,35,0.0915519967675209
case_023_real,humaneval,late,real_route_replay,82,18,46,real,4.555555555555555,1,17,0.902768562113256,down_active_prebuilt,36,0.08963199704885483
case_023_real,humaneval,late,real_route_replay,82,18,46,real,4.555555555555555,1,17,0.902768562113256,down_active_prebuilt,37,0.10198400169610977
case_023_real,humaneval,late,real_route_replay,82,18,46,real,4.555555555555555,1,17,0.902768562113256,down_active_prebuilt,38,0.09308800101280212
case_023_real,humaneval,late,real_route_replay,82,18,46,real,4.555555555555555,1,17,0.902768562113256,down_active_prebuilt,39,0.0920960009098053
case_023_real,humaneval,late,real_route_replay,82,18,46,real,4.555555555555555,1,17,0.902768562113256,route_weight,0,0.026176000013947487
case_023_real,humaneval,late,real_route_replay,82,18,46,real,4.555555555555555,1,17,0.902768562113256,route_weight,1,0.014688000082969666
case_023_real,humaneval,late,real_route_replay,82,18,46,real,4.555555555555555,1,17,0.902768562113256,route_weight,2,0.01484800036996603
case_023_real,humaneval,late,real_route_replay,82,18,46,real,4.555555555555555,1,17,0.902768562113256,route_weight,3,0.013407999649643898
case_023_real,humaneval,late,real_route_replay,82,18,46,real,4.555555555555555,1,17,0.902768562113256,route_weight,4,0.015936000272631645
case_023_real,humaneval,late,real_route_replay,82,18,46,real,4.555555555555555,1,17,0.902768562113256,route_weight,5,0.013407999649643898
case_023_real,humaneval,late,real_route_replay,82,18,46,real,4.555555555555555,1,17,0.902768562113256,route_weight,6,0.014208000153303146
case_023_real,humaneval,late,real_route_replay,82,18,46,real,4.555555555555555,1,17,0.902768562113256,route_weight,7,0.01462399959564209
case_023_real,humaneval,late,real_route_replay,82,18,46,real,4.555555555555555,1,17,0.902768562113256,route_weight,8,0.015168000012636185
case_023_real,humaneval,late,real_route_replay,82,18,46,real,4.555555555555555,1,17,0.902768562113256,route_weight,9,0.01539199985563755
case_023_real,humaneval,late,real_route_replay,82,18,46,real,4.555555555555555,1,17,0.902768562113256,route_weight,10,0.015359999611973763
case_023_real,humaneval,late,real_route_replay,82,18,46,real,4.555555555555555,1,17,0.902768562113256,route_weight,11,0.014560000039637089
case_023_real,humaneval,late,real_route_replay,82,18,46,real,4.555555555555555,1,17,0.902768562113256,route_weight,12,0.01571200042963028
case_023_real,humaneval,late,real_route_replay,82,18,46,real,4.555555555555555,1,17,0.902768562113256,route_weight,13,0.017311999574303627
case_023_real,humaneval,late,real_route_replay,82,18,46,real,4.555555555555555,1,17,0.902768562113256,route_weight,14,0.015552000142633915
case_023_real,humaneval,late,real_route_replay,82,18,46,real,4.555555555555555,1,17,0.902768562113256,route_weight,15,0.014911999925971031
case_023_real,humaneval,late,real_route_replay,82,18,46,real,4.555555555555555,1,17,0.902768562113256,route_weight,16,0.013151999562978745
case_023_real,humaneval,late,real_route_replay,82,18,46,real,4.555555555555555,1,17,0.902768562113256,route_weight,17,0.01398400031030178
case_023_real,humaneval,late,real_route_replay,82,18,46,real,4.555555555555555,1,17,0.902768562113256,route_weight,18,0.013248000293970108
case_023_real,humaneval,late,real_route_replay,82,18,46,real,4.555555555555555,1,17,0.902768562113256,route_weight,19,0.01369599997997284
case_023_real,humaneval,late,real_route_replay,82,18,46,real,4.555555555555555,1,17,0.902768562113256,route_weight,20,0.014271999709308147
case_023_real,humaneval,late,real_route_replay,82,18,46,real,4.555555555555555,1,17,0.902768562113256,route_weight,21,0.013439999893307686
case_023_real,humaneval,late,real_route_replay,82,18,46,real,4.555555555555555,1,17,0.902768562113256,route_weight,22,0.013376000337302685
case_023_real,humaneval,late,real_route_replay,82,18,46,real,4.555555555555555,1,17,0.902768562113256,route_weight,23,0.01375999953597784
case_023_real,humaneval,late,real_route_replay,82,18,46,real,4.555555555555555,1,17,0.902768562113256,route_weight,24,0.014368000440299511
case_023_real,humaneval,late,real_route_replay,82,18,46,real,4.555555555555555,1,17,0.902768562113256,route_weight,25,0.014783999882638454
case_023_real,humaneval,late,real_route_replay,82,18,46,real,4.555555555555555,1,17,0.902768562113256,route_weight,26,0.017472000792622566
case_023_real,humaneval,late,real_route_replay,82,18,46,real,4.555555555555555,1,17,0.902768562113256,route_weight,27,0.015359999611973763
case_023_real,humaneval,late,real_route_replay,82,18,46,real,4.555555555555555,1,17,0.902768562113256,route_weight,28,0.01408000010997057
case_023_real,humaneval,late,real_route_replay,82,18,46,real,4.555555555555555,1,17,0.902768562113256,route_weight,29,0.013919999822974205
case_023_real,humaneval,late,real_route_replay,82,18,46,real,4.555555555555555,1,17,0.902768562113256,route_weight,30,0.014688000082969666
case_023_real,humaneval,late,real_route_replay,82,18,46,real,4.555555555555555,1,17,0.902768562113256,route_weight,31,0.013376000337302685
case_023_real,humaneval,late,real_route_replay,82,18,46,real,4.555555555555555,1,17,0.902768562113256,route_weight,32,0.013663999736309052
case_023_real,humaneval,late,real_route_replay,82,18,46,real,4.555555555555555,1,17,0.902768562113256,route_weight,33,0.013248000293970108
case_023_real,humaneval,late,real_route_replay,82,18,46,real,4.555555555555555,1,17,0.902768562113256,route_weight,34,0.013504000380635262
case_023_real,humaneval,late,real_route_replay,82,18,46,real,4.555555555555555,1,17,0.902768562113256,route_weight,35,0.013952000066637993
case_023_real,humaneval,late,real_route_replay,82,18,46,real,4.555555555555555,1,17,0.902768562113256,route_weight,36,0.014399999752640724
case_023_real,humaneval,late,real_route_replay,82,18,46,real,4.555555555555555,1,17,0.902768562113256,route_weight,37,0.01484800036996603
case_023_real,humaneval,late,real_route_replay,82,18,46,real,4.555555555555555,1,17,0.902768562113256,route_weight,38,0.014560000039637089
case_023_real,humaneval,late,real_route_replay,82,18,46,real,4.555555555555555,1,17,0.902768562113256,route_weight,39,0.016224000602960587
case_023_real,humaneval,late,real_route_replay,82,18,46,real,4.555555555555555,1,17,0.902768562113256,gate_up_full64_prebuilt,0,0.14844800531864166
case_023_real,humaneval,late,real_route_replay,82,18,46,real,4.555555555555555,1,17,0.902768562113256,gate_up_full64_prebuilt,1,0.14294399321079254
case_023_real,humaneval,late,real_route_replay,82,18,46,real,4.555555555555555,1,17,0.902768562113256,gate_up_full64_prebuilt,2,0.14441600441932678
case_023_real,humaneval,late,real_route_replay,82,18,46,real,4.555555555555555,1,17,0.902768562113256,gate_up_full64_prebuilt,3,0.14393599331378937
case_023_real,humaneval,late,real_route_replay,82,18,46,real,4.555555555555555,1,17,0.902768562113256,gate_up_full64_prebuilt,4,0.1518079936504364
case_023_real,humaneval,late,real_route_replay,82,18,46,real,4.555555555555555,1,17,0.902768562113256,gate_up_full64_prebuilt,5,0.14921599626541138
case_023_real,humaneval,late,real_route_replay,82,18,46,real,4.555555555555555,1,17,0.902768562113256,gate_up_full64_prebuilt,6,0.15113599598407745
case_023_real,humaneval,late,real_route_replay,82,18,46,real,4.555555555555555,1,17,0.902768562113256,gate_up_full64_prebuilt,7,0.15004800260066986
case_023_real,humaneval,late,real_route_replay,82,18,46,real,4.555555555555555,1,17,0.902768562113256,gate_up_full64_prebuilt,8,0.14947199821472168
case_023_real,humaneval,late,real_route_replay,82,18,46,real,4.555555555555555,1,17,0.902768562113256,gate_up_full64_prebuilt,9,0.14761599898338318
case_023_real,humaneval,late,real_route_replay,82,18,46,real,4.555555555555555,1,17,0.902768562113256,gate_up_full64_prebuilt,10,0.14947199821472168
case_023_real,humaneval,late,real_route_replay,82,18,46,real,4.555555555555555,1,17,0.902768562113256,gate_up_full64_prebuilt,11,0.15011200308799744
case_023_real,humaneval,late,real_route_replay,82,18,46,real,4.555555555555555,1,17,0.902768562113256,gate_up_full64_prebuilt,12,0.1557759940624237
case_023_real,humaneval,late,real_route_replay,82,18,46,real,4.555555555555555,1,17,0.902768562113256,gate_up_full64_prebuilt,13,0.15244799852371216
case_023_real,humaneval,late,real_route_replay,82,18,46,real,4.555555555555555,1,17,0.902768562113256,gate_up_full64_prebuilt,14,0.15030400454998016
case_023_real,humaneval,late,real_route_replay,82,18,46,real,4.555555555555555,1,17,0.902768562113256,gate_up_full64_prebuilt,15,0.1509760022163391
case_023_real,humaneval,late,real_route_replay,82,18,46,real,4.555555555555555,1,17,0.902768562113256,gate_up_full64_prebuilt,16,0.1515199989080429
case_023_real,humaneval,late,real_route_replay,82,18,46,real,4.555555555555555,1,17,0.902768562113256,gate_up_full64_prebuilt,17,0.1502400040626526
case_023_real,humaneval,late,real_route_replay,82,18,46,real,4.555555555555555,1,17,0.902768562113256,gate_up_full64_prebuilt,18,0.15292799472808838
case_023_real,humaneval,late,real_route_replay,82,18,46,real,4.555555555555555,1,17,0.902768562113256,gate_up_full64_prebuilt,19,0.14259199798107147
case_023_real,humaneval,late,real_route_replay,82,18,46,real,4.555555555555555,1,17,0.902768562113256,gate_up_full64_prebuilt,20,0.15193599462509155
case_023_real,humaneval,late,real_route_replay,82,18,46,real,4.555555555555555,1,17,0.902768562113256,gate_up_full64_prebuilt,21,0.14652800559997559
case_023_real,humaneval,late,real_route_replay,82,18,46,real,4.555555555555555,1,17,0.902768562113256,gate_up_full64_prebuilt,22,0.14403200149536133
case_023_real,humaneval,late,real_route_replay,82,18,46,real,4.555555555555555,1,17,0.902768562113256,gate_up_full64_prebuilt,23,0.14233599603176117
case_023_real,humaneval,late,real_route_replay,82,18,46,real,4.555555555555555,1,17,0.902768562113256,gate_up_full64_prebuilt,24,0.14339199662208557
case_023_real,humaneval,late,real_route_replay,82,18,46,real,4.555555555555555,1,17,0.902768562113256,gate_up_full64_prebuilt,25,0.14300799369812012
case_023_real,humaneval,late,real_route_replay,82,18,46,real,4.555555555555555,1,17,0.902768562113256,gate_up_full64_prebuilt,26,0.14051200449466705
case_023_real,humaneval,late,real_route_replay,82,18,46,real,4.555555555555555,1,17,0.902768562113256,gate_up_full64_prebuilt,27,0.13808000087738037
case_023_real,humaneval,late,real_route_replay,82,18,46,real,4.555555555555555,1,17,0.902768562113256,gate_up_full64_prebuilt,28,0.1406719982624054
case_023_real,humaneval,late,real_route_replay,82,18,46,real,4.555555555555555,1,17,0.902768562113256,gate_up_full64_prebuilt,29,0.13971200585365295
case_023_real,humaneval,late,real_route_replay,82,18,46,real,4.555555555555555,1,17,0.902768562113256,gate_up_full64_prebuilt,30,0.13846400380134583
case_023_real,humaneval,late,real_route_replay,82,18,46,real,4.555555555555555,1,17,0.902768562113256,gate_up_full64_prebuilt,31,0.14083200693130493
case_023_real,humaneval,late,real_route_replay,82,18,46,real,4.555555555555555,1,17,0.902768562113256,gate_up_full64_prebuilt,32,0.1403840035200119
case_023_real,humaneval,late,real_route_replay,82,18,46,real,4.555555555555555,1,17,0.902768562113256,gate_up_full64_prebuilt,33,0.13792000710964203
case_023_real,humaneval,late,real_route_replay,82,18,46,real,4.555555555555555,1,17,0.902768562113256,gate_up_full64_prebuilt,34,0.1406400054693222
case_023_real,humaneval,late,real_route_replay,82,18,46,real,4.555555555555555,1,17,0.902768562113256,gate_up_full64_prebuilt,35,0.13859200477600098
case_023_real,humaneval,late,real_route_replay,82,18,46,real,4.555555555555555,1,17,0.902768562113256,gate_up_full64_prebuilt,36,0.1401599943637848
case_023_real,humaneval,late,real_route_replay,82,18,46,real,4.555555555555555,1,17,0.902768562113256,gate_up_full64_prebuilt,37,0.13862399756908417
case_023_real,humaneval,late,real_route_replay,82,18,46,real,4.555555555555555,1,17,0.902768562113256,gate_up_full64_prebuilt,38,0.14284799993038177
case_023_real,humaneval,late,real_route_replay,82,18,46,real,4.555555555555555,1,17,0.902768562113256,gate_up_full64_prebuilt,39,0.14604799449443817
case_023_real,humaneval,late,real_route_replay,82,18,46,real,4.555555555555555,1,17,0.902768562113256,down_full64_prebuilt,0,0.09324800223112106
case_023_real,humaneval,late,real_route_replay,82,18,46,real,4.555555555555555,1,17,0.902768562113256,down_full64_prebuilt,1,0.0894400030374527
case_023_real,humaneval,late,real_route_replay,82,18,46,real,4.555555555555555,1,17,0.902768562113256,down_full64_prebuilt,2,0.08966399729251862
case_023_real,humaneval,late,real_route_replay,82,18,46,real,4.555555555555555,1,17,0.902768562113256,down_full64_prebuilt,3,0.0883840024471283
case_023_real,humaneval,late,real_route_replay,82,18,46,real,4.555555555555555,1,17,0.902768562113256,down_full64_prebuilt,4,0.09452799707651138
case_023_real,humaneval,late,real_route_replay,82,18,46,real,4.555555555555555,1,17,0.902768562113256,down_full64_prebuilt,5,0.09302400052547455
case_023_real,humaneval,late,real_route_replay,82,18,46,real,4.555555555555555,1,17,0.902768562113256,down_full64_prebuilt,6,0.09040000289678574
case_023_real,humaneval,late,real_route_replay,82,18,46,real,4.555555555555555,1,17,0.902768562113256,down_full64_prebuilt,7,0.0907839983701706
case_023_real,humaneval,late,real_route_replay,82,18,46,real,4.555555555555555,1,17,0.902768562113256,down_full64_prebuilt,8,0.09920000284910202
case_023_real,humaneval,late,real_route_replay,82,18,46,real,4.555555555555555,1,17,0.902768562113256,down_full64_prebuilt,9,0.09408000111579895
case_023_real,humaneval,late,real_route_replay,82,18,46,real,4.555555555555555,1,17,0.902768562113256,down_full64_prebuilt,10,0.09443199634552002
case_023_real,humaneval,late,real_route_replay,82,18,46,real,4.555555555555555,1,17,0.902768562113256,down_full64_prebuilt,11,0.09804800152778625
case_023_real,humaneval,late,real_route_replay,82,18,46,real,4.555555555555555,1,17,0.902768562113256,down_full64_prebuilt,12,0.0979200005531311
case_023_real,humaneval,late,real_route_replay,82,18,46,real,4.555555555555555,1,17,0.902768562113256,down_full64_prebuilt,13,0.09651199728250504
case_023_real,humaneval,late,real_route_replay,82,18,46,real,4.555555555555555,1,17,0.902768562113256,down_full64_prebuilt,14,0.09775999933481216
case_023_real,humaneval,late,real_route_replay,82,18,46,real,4.555555555555555,1,17,0.902768562113256,down_full64_prebuilt,15,0.09670399874448776
case_023_real,humaneval,late,real_route_replay,82,18,46,real,4.555555555555555,1,17,0.902768562113256,down_full64_prebuilt,16,0.10047999769449234
case_023_real,humaneval,late,real_route_replay,82,18,46,real,4.555555555555555,1,17,0.902768562113256,down_full64_prebuilt,17,0.10060799866914749
case_023_real,humaneval,late,real_route_replay,82,18,46,real,4.555555555555555,1,17,0.902768562113256,down_full64_prebuilt,18,0.09814400225877762
case_023_real,humaneval,late,real_route_replay,82,18,46,real,4.555555555555555,1,17,0.902768562113256,down_full64_prebuilt,19,0.09747199714183807
case_023_real,humaneval,late,real_route_replay,82,18,46,real,4.555555555555555,1,17,0.902768562113256,down_full64_prebuilt,20,0.10784000158309937
case_023_real,humaneval,late,real_route_replay,82,18,46,real,4.555555555555555,1,17,0.902768562113256,down_full64_prebuilt,21,0.10003200173377991
case_023_real,humaneval,late,real_route_replay,82,18,46,real,4.555555555555555,1,17,0.902768562113256,down_full64_prebuilt,22,0.09471999853849411
case_023_real,humaneval,late,real_route_replay,82,18,46,real,4.555555555555555,1,17,0.902768562113256,down_full64_prebuilt,23,0.08940800279378891
case_023_real,humaneval,late,real_route_replay,82,18,46,real,4.555555555555555,1,17,0.902768562113256,down_full64_prebuilt,24,0.09497600048780441
case_023_real,humaneval,late,real_route_replay,82,18,46,real,4.555555555555555,1,17,0.902768562113256,down_full64_prebuilt,25,0.09043200314044952
case_023_real,humaneval,late,real_route_replay,82,18,46,real,4.555555555555555,1,17,0.902768562113256,down_full64_prebuilt,26,0.09283199906349182
case_023_real,humaneval,late,real_route_replay,82,18,46,real,4.555555555555555,1,17,0.902768562113256,down_full64_prebuilt,27,0.09008000046014786
case_023_real,humaneval,late,real_route_replay,82,18,46,real,4.555555555555555,1,17,0.902768562113256,down_full64_prebuilt,28,0.09334400296211243
case_023_real,humaneval,late,real_route_replay,82,18,46,real,4.555555555555555,1,17,0.902768562113256,down_full64_prebuilt,29,0.09238400310277939
case_023_real,humaneval,late,real_route_replay,82,18,46,real,4.555555555555555,1,17,0.902768562113256,down_full64_prebuilt,30,0.09276799857616425
case_023_real,humaneval,late,real_route_replay,82,18,46,real,4.555555555555555,1,17,0.902768562113256,down_full64_prebuilt,31,0.08899199962615967
case_023_real,humaneval,late,real_route_replay,82,18,46,real,4.555555555555555,1,17,0.902768562113256,down_full64_prebuilt,32,0.09011200070381165
case_023_real,humaneval,late,real_route_replay,82,18,46,real,4.555555555555555,1,17,0.902768562113256,down_full64_prebuilt,33,0.09203200042247772
case_023_real,humaneval,late,real_route_replay,82,18,46,real,4.555555555555555,1,17,0.902768562113256,down_full64_prebuilt,34,0.09187199920415878
case_023_real,humaneval,late,real_route_replay,82,18,46,real,4.555555555555555,1,17,0.902768562113256,down_full64_prebuilt,35,0.09084799885749817
case_023_real,humaneval,late,real_route_replay,82,18,46,real,4.555555555555555,1,17,0.902768562113256,down_full64_prebuilt,36,0.09110400080680847
case_023_real,humaneval,late,real_route_replay,82,18,46,real,4.555555555555555,1,17,0.902768562113256,down_full64_prebuilt,37,0.08908800035715103
case_023_real,humaneval,late,real_route_replay,82,18,46,real,4.555555555555555,1,17,0.902768562113256,down_full64_prebuilt,38,0.08895999938249588
case_023_real,humaneval,late,real_route_replay,82,18,46,real,4.555555555555555,1,17,0.902768562113256,down_full64_prebuilt,39,0.08988799899816513
case_023_real,humaneval,late,real_route_replay,82,18,46,real,4.555555555555555,1,17,0.902768562113256,gate_up_active_prebuilt,0,0.14070400595664978
case_023_real,humaneval,late,real_route_replay,82,18,46,real,4.555555555555555,1,17,0.902768562113256,gate_up_active_prebuilt,1,0.1398400068283081
case_023_real,humaneval,late,real_route_replay,82,18,46,real,4.555555555555555,1,17,0.902768562113256,gate_up_active_prebuilt,2,0.13862399756908417
case_023_real,humaneval,late,real_route_replay,82,18,46,real,4.555555555555555,1,17,0.902768562113256,gate_up_active_prebuilt,3,0.14035199582576752
case_023_real,humaneval,late,real_route_replay,82,18,46,real,4.555555555555555,1,17,0.902768562113256,gate_up_active_prebuilt,4,0.14108799397945404
case_023_real,humaneval,late,real_route_replay,82,18,46,real,4.555555555555555,1,17,0.902768562113256,gate_up_active_prebuilt,5,0.14560000598430634
case_023_real,humaneval,late,real_route_replay,82,18,46,real,4.555555555555555,1,17,0.902768562113256,gate_up_active_prebuilt,6,0.14521600306034088
case_023_real,humaneval,late,real_route_replay,82,18,46,real,4.555555555555555,1,17,0.902768562113256,gate_up_active_prebuilt,7,0.14079999923706055
case_023_real,humaneval,late,real_route_replay,82,18,46,real,4.555555555555555,1,17,0.902768562113256,gate_up_active_prebuilt,8,0.14441600441932678
case_023_real,humaneval,late,real_route_replay,82,18,46,real,4.555555555555555,1,17,0.902768562113256,gate_up_active_prebuilt,9,0.14323200285434723
case_023_real,humaneval,late,real_route_replay,82,18,46,real,4.555555555555555,1,17,0.902768562113256,gate_up_active_prebuilt,10,0.14185599982738495
case_023_real,humaneval,late,real_route_replay,82,18,46,real,4.555555555555555,1,17,0.902768562113256,gate_up_active_prebuilt,11,0.1409599930047989
case_023_real,humaneval,late,real_route_replay,82,18,46,real,4.555555555555555,1,17,0.902768562113256,gate_up_active_prebuilt,12,0.14140799641609192
case_023_real,humaneval,late,real_route_replay,82,18,46,real,4.555555555555555,1,17,0.902768562113256,gate_up_active_prebuilt,13,0.14079999923706055
case_023_real,humaneval,late,real_route_replay,82,18,46,real,4.555555555555555,1,17,0.902768562113256,gate_up_active_prebuilt,14,0.1443520039319992
case_023_real,humaneval,late,real_route_replay,82,18,46,real,4.555555555555555,1,17,0.902768562113256,gate_up_active_prebuilt,15,0.14099200069904327
case_023_real,humaneval,late,real_route_replay,82,18,46,real,4.555555555555555,1,17,0.902768562113256,gate_up_active_prebuilt,16,0.1408960074186325
case_023_real,humaneval,late,real_route_replay,82,18,46,real,4.555555555555555,1,17,0.902768562113256,gate_up_active_prebuilt,17,0.14105600118637085
case_023_real,humaneval,late,real_route_replay,82,18,46,real,4.555555555555555,1,17,0.902768562113256,gate_up_active_prebuilt,18,0.14371199905872345
case_023_real,humaneval,late,real_route_replay,82,18,46,real,4.555555555555555,1,17,0.902768562113256,gate_up_active_prebuilt,19,0.14035199582576752
case_023_real,humaneval,late,real_route_replay,82,18,46,real,4.555555555555555,1,17,0.902768562113256,gate_up_active_prebuilt,20,0.1451520025730133
case_023_real,humaneval,late,real_route_replay,82,18,46,real,4.555555555555555,1,17,0.902768562113256,gate_up_active_prebuilt,21,0.14006400108337402
case_023_real,humaneval,late,real_route_replay,82,18,46,real,4.555555555555555,1,17,0.902768562113256,gate_up_active_prebuilt,22,0.13862399756908417
case_023_real,humaneval,late,real_route_replay,82,18,46,real,4.555555555555555,1,17,0.902768562113256,gate_up_active_prebuilt,23,0.14112000167369843
case_023_real,humaneval,late,real_route_replay,82,18,46,real,4.555555555555555,1,17,0.902768562113256,gate_up_active_prebuilt,24,0.14560000598430634
case_023_real,humaneval,late,real_route_replay,82,18,46,real,4.555555555555555,1,17,0.902768562113256,gate_up_active_prebuilt,25,0.1435520052909851
case_023_real,humaneval,late,real_route_replay,82,18,46,real,4.555555555555555,1,17,0.902768562113256,gate_up_active_prebuilt,26,0.14099200069904327
case_023_real,humaneval,late,real_route_replay,82,18,46,real,4.555555555555555,1,17,0.902768562113256,gate_up_active_prebuilt,27,0.14815999567508698
case_023_real,humaneval,late,real_route_replay,82,18,46,real,4.555555555555555,1,17,0.902768562113256,gate_up_active_prebuilt,28,0.1438400000333786
case_023_real,humaneval,late,real_route_replay,82,18,46,real,4.555555555555555,1,17,0.902768562113256,gate_up_active_prebuilt,29,0.1425279974937439
case_023_real,humaneval,late,real_route_replay,82,18,46,real,4.555555555555555,1,17,0.902768562113256,gate_up_active_prebuilt,30,0.13971200585365295
case_023_real,humaneval,late,real_route_replay,82,18,46,real,4.555555555555555,1,17,0.902768562113256,gate_up_active_prebuilt,31,0.14028799533843994
case_023_real,humaneval,late,real_route_replay,82,18,46,real,4.555555555555555,1,17,0.902768562113256,gate_up_active_prebuilt,32,0.1414400041103363
case_023_real,humaneval,late,real_route_replay,82,18,46,real,4.555555555555555,1,17,0.902768562113256,gate_up_active_prebuilt,33,0.14207999408245087
case_023_real,humaneval,late,real_route_replay,82,18,46,real,4.555555555555555,1,17,0.902768562113256,gate_up_active_prebuilt,34,0.14655999839305878
case_023_real,humaneval,late,real_route_replay,82,18,46,real,4.555555555555555,1,17,0.902768562113256,gate_up_active_prebuilt,35,0.14591999351978302
case_023_real,humaneval,late,real_route_replay,82,18,46,real,4.555555555555555,1,17,0.902768562113256,gate_up_active_prebuilt,36,0.14457599818706512
case_023_real,humaneval,late,real_route_replay,82,18,46,real,4.555555555555555,1,17,0.902768562113256,gate_up_active_prebuilt,37,0.1467200070619583
case_023_real,humaneval,late,real_route_replay,82,18,46,real,4.555555555555555,1,17,0.902768562113256,gate_up_active_prebuilt,38,0.1488959938287735
case_023_real,humaneval,late,real_route_replay,82,18,46,real,4.555555555555555,1,17,0.902768562113256,gate_up_active_prebuilt,39,0.1502400040626526
case_023_real,humaneval,late,real_route_replay,82,18,46,real,4.555555555555555,1,17,0.902768562113256,swiglu,0,0.052352000027894974
case_023_real,humaneval,late,real_route_replay,82,18,46,real,4.555555555555555,1,17,0.902768562113256,swiglu,1,0.0395519994199276
case_023_real,humaneval,late,real_route_replay,82,18,46,real,4.555555555555555,1,17,0.902768562113256,swiglu,2,0.03548799827694893
case_023_real,humaneval,late,real_route_replay,82,18,46,real,4.555555555555555,1,17,0.902768562113256,swiglu,3,0.04182400181889534
case_023_real,humaneval,late,real_route_replay,82,18,46,real,4.555555555555555,1,17,0.902768562113256,swiglu,4,0.03968000039458275
case_023_real,humaneval,late,real_route_replay,82,18,46,real,4.555555555555555,1,17,0.902768562113256,swiglu,5,0.036768000572919846
case_023_real,humaneval,late,real_route_replay,82,18,46,real,4.555555555555555,1,17,0.902768562113256,swiglu,6,0.0342399999499321
case_023_real,humaneval,late,real_route_replay,82,18,46,real,4.555555555555555,1,17,0.902768562113256,swiglu,7,0.03500799834728241
case_023_real,humaneval,late,real_route_replay,82,18,46,real,4.555555555555555,1,17,0.902768562113256,swiglu,8,0.03750399872660637
case_023_real,humaneval,late,real_route_replay,82,18,46,real,4.555555555555555,1,17,0.902768562113256,swiglu,9,0.03440000116825104
case_023_real,humaneval,late,real_route_replay,82,18,46,real,4.555555555555555,1,17,0.902768562113256,swiglu,10,0.03276799991726875
case_023_real,humaneval,late,real_route_replay,82,18,46,real,4.555555555555555,1,17,0.902768562113256,swiglu,11,0.03340800106525421
case_023_real,humaneval,late,real_route_replay,82,18,46,real,4.555555555555555,1,17,0.902768562113256,swiglu,12,0.03747199848294258
case_023_real,humaneval,late,real_route_replay,82,18,46,real,4.555555555555555,1,17,0.902768562113256,swiglu,13,0.03667199984192848
case_023_real,humaneval,late,real_route_replay,82,18,46,real,4.555555555555555,1,17,0.902768562113256,swiglu,14,0.0360959991812706
case_023_real,humaneval,late,real_route_replay,82,18,46,real,4.555555555555555,1,17,0.902768562113256,swiglu,15,0.03516799956560135
case_023_real,humaneval,late,real_route_replay,82,18,46,real,4.555555555555555,1,17,0.902768562113256,swiglu,16,0.0398080013692379
case_023_real,humaneval,late,real_route_replay,82,18,46,real,4.555555555555555,1,17,0.902768562113256,swiglu,17,0.031936001032590866
case_023_real,humaneval,late,real_route_replay,82,18,46,real,4.555555555555555,1,17,0.902768562113256,swiglu,18,0.022272000089287758
case_023_real,humaneval,late,real_route_replay,82,18,46,real,4.555555555555555,1,17,0.902768562113256,swiglu,19,0.02191999927163124
case_023_real,humaneval,late,real_route_replay,82,18,46,real,4.555555555555555,1,17,0.902768562113256,swiglu,20,0.03510399907827377
case_023_real,humaneval,late,real_route_replay,82,18,46,real,4.555555555555555,1,17,0.902768562113256,swiglu,21,0.04016000032424927
case_023_real,humaneval,late,real_route_replay,82,18,46,real,4.555555555555555,1,17,0.902768562113256,swiglu,22,0.03654399886727333
case_023_real,humaneval,late,real_route_replay,82,18,46,real,4.555555555555555,1,17,0.902768562113256,swiglu,23,0.033952001482248306
case_023_real,humaneval,late,real_route_replay,82,18,46,real,4.555555555555555,1,17,0.902768562113256,swiglu,24,0.03606399893760681
case_023_real,humaneval,late,real_route_replay,82,18,46,real,4.555555555555555,1,17,0.902768562113256,swiglu,25,0.03545600175857544
case_023_real,humaneval,late,real_route_replay,82,18,46,real,4.555555555555555,1,17,0.902768562113256,swiglu,26,0.03580800071358681
case_023_real,humaneval,late,real_route_replay,82,18,46,real,4.555555555555555,1,17,0.902768562113256,swiglu,27,0.034143999218940735
case_023_real,humaneval,late,real_route_replay,82,18,46,real,4.555555555555555,1,17,0.902768562113256,swiglu,28,0.03561599925160408
case_023_real,humaneval,late,real_route_replay,82,18,46,real,4.555555555555555,1,17,0.902768562113256,swiglu,29,0.03606399893760681
case_023_real,humaneval,late,real_route_replay,82,18,46,real,4.555555555555555,1,17,0.902768562113256,swiglu,30,0.036031998693943024
case_023_real,humaneval,late,real_route_replay,82,18,46,real,4.555555555555555,1,17,0.902768562113256,swiglu,31,0.03513599932193756
case_023_real,humaneval,late,real_route_replay,82,18,46,real,4.555555555555555,1,17,0.902768562113256,swiglu,32,0.03686400130391121
case_023_real,humaneval,late,real_route_replay,82,18,46,real,4.555555555555555,1,17,0.902768562113256,swiglu,33,0.05027199909090996
case_023_real,humaneval,late,real_route_replay,82,18,46,real,4.555555555555555,1,17,0.902768562113256,swiglu,34,0.045951999723911285
case_023_real,humaneval,late,real_route_replay,82,18,46,real,4.555555555555555,1,17,0.902768562113256,swiglu,35,0.024191999807953835
case_023_real,humaneval,late,real_route_replay,82,18,46,real,4.555555555555555,1,17,0.902768562113256,swiglu,36,0.026048000901937485
case_023_real,humaneval,late,real_route_replay,82,18,46,real,4.555555555555555,1,17,0.902768562113256,swiglu,37,0.02675200067460537
case_023_real,humaneval,late,real_route_replay,82,18,46,real,4.555555555555555,1,17,0.902768562113256,swiglu,38,0.03651199862360954
case_023_real,humaneval,late,real_route_replay,82,18,46,real,4.555555555555555,1,17,0.902768562113256,swiglu,39,0.05215999856591225
case_024_real,humaneval,late,real_route_replay,200,27,37,real,7.407407407407407,1,98,2.459064862910289,route_weight,0,0.03254399821162224
case_024_real,humaneval,late,real_route_replay,200,27,37,real,7.407407407407407,1,98,2.459064862910289,route_weight,1,0.01817600056529045
case_024_real,humaneval,late,real_route_replay,200,27,37,real,7.407407407407407,1,98,2.459064862910289,route_weight,2,0.015904000028967857
case_024_real,humaneval,late,real_route_replay,200,27,37,real,7.407407407407407,1,98,2.459064862910289,route_weight,3,0.014560000039637089
case_024_real,humaneval,late,real_route_replay,200,27,37,real,7.407407407407407,1,98,2.459064862910289,route_weight,4,0.014592000283300877
case_024_real,humaneval,late,real_route_replay,200,27,37,real,7.407407407407407,1,98,2.459064862910289,route_weight,5,0.014336000196635723
case_024_real,humaneval,late,real_route_replay,200,27,37,real,7.407407407407407,1,98,2.459064862910289,route_weight,6,0.01375999953597784
case_024_real,humaneval,late,real_route_replay,200,27,37,real,7.407407407407407,1,98,2.459064862910289,route_weight,7,0.014944000169634819
case_024_real,humaneval,late,real_route_replay,200,27,37,real,7.407407407407407,1,98,2.459064862910289,route_weight,8,0.014655999839305878
case_024_real,humaneval,late,real_route_replay,200,27,37,real,7.407407407407407,1,98,2.459064862910289,route_weight,9,0.015231999568641186
case_024_real,humaneval,late,real_route_replay,200,27,37,real,7.407407407407407,1,98,2.459064862910289,route_weight,10,0.014527999795973301
case_024_real,humaneval,late,real_route_replay,200,27,37,real,7.407407407407407,1,98,2.459064862910289,route_weight,11,0.017055999487638474
case_024_real,humaneval,late,real_route_replay,200,27,37,real,7.407407407407407,1,98,2.459064862910289,route_weight,12,0.013856000266969204
case_024_real,humaneval,late,real_route_replay,200,27,37,real,7.407407407407407,1,98,2.459064862910289,route_weight,13,0.013632000423967838
case_024_real,humaneval,late,real_route_replay,200,27,37,real,7.407407407407407,1,98,2.459064862910289,route_weight,14,0.01360000018030405
case_024_real,humaneval,late,real_route_replay,200,27,37,real,7.407407407407407,1,98,2.459064862910289,route_weight,15,0.01398400031030178
case_024_real,humaneval,late,real_route_replay,200,27,37,real,7.407407407407407,1,98,2.459064862910289,route_weight,16,0.013407999649643898
case_024_real,humaneval,late,real_route_replay,200,27,37,real,7.407407407407407,1,98,2.459064862910289,route_weight,17,0.013439999893307686
case_024_real,humaneval,late,real_route_replay,200,27,37,real,7.407407407407407,1,98,2.459064862910289,route_weight,18,0.013279999606311321
case_024_real,humaneval,late,real_route_replay,200,27,37,real,7.407407407407407,1,98,2.459064862910289,route_weight,19,0.013663999736309052
case_024_real,humaneval,late,real_route_replay,200,27,37,real,7.407407407407407,1,98,2.459064862910289,route_weight,20,0.013824000023305416
case_024_real,humaneval,late,real_route_replay,200,27,37,real,7.407407407407407,1,98,2.459064862910289,route_weight,21,0.013728000223636627
case_024_real,humaneval,late,real_route_replay,200,27,37,real,7.407407407407407,1,98,2.459064862910289,route_weight,22,0.014208000153303146
case_024_real,humaneval,late,real_route_replay,200,27,37,real,7.407407407407407,1,98,2.459064862910289,route_weight,23,0.01500799972563982
case_024_real,humaneval,late,real_route_replay,200,27,37,real,7.407407407407407,1,98,2.459064862910289,route_weight,24,0.023584000766277313
case_024_real,humaneval,late,real_route_replay,200,27,37,real,7.407407407407407,1,98,2.459064862910289,route_weight,25,0.01616000011563301
case_024_real,humaneval,late,real_route_replay,200,27,37,real,7.407407407407407,1,98,2.459064862910289,route_weight,26,0.013439999893307686
case_024_real,humaneval,late,real_route_replay,200,27,37,real,7.407407407407407,1,98,2.459064862910289,route_weight,27,0.029600000008940697
case_024_real,humaneval,late,real_route_replay,200,27,37,real,7.407407407407407,1,98,2.459064862910289,route_weight,28,0.014879999682307243
case_024_real,humaneval,late,real_route_replay,200,27,37,real,7.407407407407407,1,98,2.459064862910289,route_weight,29,0.014368000440299511
case_024_real,humaneval,late,real_route_replay,200,27,37,real,7.407407407407407,1,98,2.459064862910289,route_weight,30,0.015359999611973763
case_024_real,humaneval,late,real_route_replay,200,27,37,real,7.407407407407407,1,98,2.459064862910289,route_weight,31,0.014976000413298607
case_024_real,humaneval,late,real_route_replay,200,27,37,real,7.407407407407407,1,98,2.459064862910289,route_weight,32,0.014720000326633453
case_024_real,humaneval,late,real_route_replay,200,27,37,real,7.407407407407407,1,98,2.459064862910289,route_weight,33,0.015168000012636185
case_024_real,humaneval,late,real_route_replay,200,27,37,real,7.407407407407407,1,98,2.459064862910289,route_weight,34,0.01408000010997057
case_024_real,humaneval,late,real_route_replay,200,27,37,real,7.407407407407407,1,98,2.459064862910289,route_weight,35,0.01398400031030178
case_024_real,humaneval,late,real_route_replay,200,27,37,real,7.407407407407407,1,98,2.459064862910289,route_weight,36,0.01360000018030405
case_024_real,humaneval,late,real_route_replay,200,27,37,real,7.407407407407407,1,98,2.459064862910289,route_weight,37,0.015168000012636185
case_024_real,humaneval,late,real_route_replay,200,27,37,real,7.407407407407407,1,98,2.459064862910289,route_weight,38,0.014303999952971935
case_024_real,humaneval,late,real_route_replay,200,27,37,real,7.407407407407407,1,98,2.459064862910289,route_weight,39,0.014175999909639359
case_024_real,humaneval,late,real_route_replay,200,27,37,real,7.407407407407407,1,98,2.459064862910289,gate_up_full64_prebuilt,0,0.20041599869728088
case_024_real,humaneval,late,real_route_replay,200,27,37,real,7.407407407407407,1,98,2.459064862910289,gate_up_full64_prebuilt,1,0.19257600605487823
case_024_real,humaneval,late,real_route_replay,200,27,37,real,7.407407407407407,1,98,2.459064862910289,gate_up_full64_prebuilt,2,0.188960000872612
case_024_real,humaneval,late,real_route_replay,200,27,37,real,7.407407407407407,1,98,2.459064862910289,gate_up_full64_prebuilt,3,0.1924159973859787
case_024_real,humaneval,late,real_route_replay,200,27,37,real,7.407407407407407,1,98,2.459064862910289,gate_up_full64_prebuilt,4,0.19011199474334717
case_024_real,humaneval,late,real_route_replay,200,27,37,real,7.407407407407407,1,98,2.459064862910289,gate_up_full64_prebuilt,5,0.19814400374889374
case_024_real,humaneval,late,real_route_replay,200,27,37,real,7.407407407407407,1,98,2.459064862910289,gate_up_full64_prebuilt,6,0.196383997797966
case_024_real,humaneval,late,real_route_replay,200,27,37,real,7.407407407407407,1,98,2.459064862910289,gate_up_full64_prebuilt,7,0.1979839950799942
case_024_real,humaneval,late,real_route_replay,200,27,37,real,7.407407407407407,1,98,2.459064862910289,gate_up_full64_prebuilt,8,0.19782400131225586
case_024_real,humaneval,late,real_route_replay,200,27,37,real,7.407407407407407,1,98,2.459064862910289,gate_up_full64_prebuilt,9,0.2006720006465912
case_024_real,humaneval,late,real_route_replay,200,27,37,real,7.407407407407407,1,98,2.459064862910289,gate_up_full64_prebuilt,10,0.20393599569797516
case_024_real,humaneval,late,real_route_replay,200,27,37,real,7.407407407407407,1,98,2.459064862910289,gate_up_full64_prebuilt,11,0.19705599546432495
case_024_real,humaneval,late,real_route_replay,200,27,37,real,7.407407407407407,1,98,2.459064862910289,gate_up_full64_prebuilt,12,0.18908800184726715
case_024_real,humaneval,late,real_route_replay,200,27,37,real,7.407407407407407,1,98,2.459064862910289,gate_up_full64_prebuilt,13,0.18960000574588776
case_024_real,humaneval,late,real_route_replay,200,27,37,real,7.407407407407407,1,98,2.459064862910289,gate_up_full64_prebuilt,14,0.18774400651454926
case_024_real,humaneval,late,real_route_replay,200,27,37,real,7.407407407407407,1,98,2.459064862910289,gate_up_full64_prebuilt,15,0.18639999628067017
case_024_real,humaneval,late,real_route_replay,200,27,37,real,7.407407407407407,1,98,2.459064862910289,gate_up_full64_prebuilt,16,0.18995200097560883
case_024_real,humaneval,late,real_route_replay,200,27,37,real,7.407407407407407,1,98,2.459064862910289,gate_up_full64_prebuilt,17,0.19177600741386414
case_024_real,humaneval,late,real_route_replay,200,27,37,real,7.407407407407407,1,98,2.459064862910289,gate_up_full64_prebuilt,18,0.19062399864196777
case_024_real,humaneval,late,real_route_replay,200,27,37,real,7.407407407407407,1,98,2.459064862910289,gate_up_full64_prebuilt,19,0.18880000710487366
case_024_real,humaneval,late,real_route_replay,200,27,37,real,7.407407407407407,1,98,2.459064862910289,gate_up_full64_prebuilt,20,0.18860800564289093
case_024_real,humaneval,late,real_route_replay,200,27,37,real,7.407407407407407,1,98,2.459064862910289,gate_up_full64_prebuilt,21,0.19206400215625763
case_024_real,humaneval,late,real_route_replay,200,27,37,real,7.407407407407407,1,98,2.459064862910289,gate_up_full64_prebuilt,22,0.1871040016412735
case_024_real,humaneval,late,real_route_replay,200,27,37,real,7.407407407407407,1,98,2.459064862910289,gate_up_full64_prebuilt,23,0.18960000574588776
case_024_real,humaneval,late,real_route_replay,200,27,37,real,7.407407407407407,1,98,2.459064862910289,gate_up_full64_prebuilt,24,0.1897599995136261
case_024_real,humaneval,late,real_route_replay,200,27,37,real,7.407407407407407,1,98,2.459064862910289,gate_up_full64_prebuilt,25,0.18937599658966064
case_024_real,humaneval,late,real_route_replay,200,27,37,real,7.407407407407407,1,98,2.459064862910289,gate_up_full64_prebuilt,26,0.18704000115394592
case_024_real,humaneval,late,real_route_replay,200,27,37,real,7.407407407407407,1,98,2.459064862910289,gate_up_full64_prebuilt,27,0.1892479956150055
case_024_real,humaneval,late,real_route_replay,200,27,37,real,7.407407407407407,1,98,2.459064862910289,gate_up_full64_prebuilt,28,0.18700799345970154
case_024_real,humaneval,late,real_route_replay,200,27,37,real,7.407407407407407,1,98,2.459064862910289,gate_up_full64_prebuilt,29,0.19059200584888458
case_024_real,humaneval,late,real_route_replay,200,27,37,real,7.407407407407407,1,98,2.459064862910289,gate_up_full64_prebuilt,30,0.18544000387191772
case_024_real,humaneval,late,real_route_replay,200,27,37,real,7.407407407407407,1,98,2.459064862910289,gate_up_full64_prebuilt,31,0.18991999328136444
case_024_real,humaneval,late,real_route_replay,200,27,37,real,7.407407407407407,1,98,2.459064862910289,gate_up_full64_prebuilt,32,0.19011199474334717
case_024_real,humaneval,late,real_route_replay,200,27,37,real,7.407407407407407,1,98,2.459064862910289,gate_up_full64_prebuilt,33,0.19062399864196777
case_024_real,humaneval,late,real_route_replay,200,27,37,real,7.407407407407407,1,98,2.459064862910289,gate_up_full64_prebuilt,34,0.19167999923229218
case_024_real,humaneval,late,real_route_replay,200,27,37,real,7.407407407407407,1,98,2.459064862910289,gate_up_full64_prebuilt,35,0.18886399269104004
case_024_real,humaneval,late,real_route_replay,200,27,37,real,7.407407407407407,1,98,2.459064862910289,gate_up_full64_prebuilt,36,0.20227199792861938
case_024_real,humaneval,late,real_route_replay,200,27,37,real,7.407407407407407,1,98,2.459064862910289,gate_up_full64_prebuilt,37,0.1876479983329773
case_024_real,humaneval,late,real_route_replay,200,27,37,real,7.407407407407407,1,98,2.459064862910289,gate_up_full64_prebuilt,38,0.18751999735832214
case_024_real,humaneval,late,real_route_replay,200,27,37,real,7.407407407407407,1,98,2.459064862910289,gate_up_full64_prebuilt,39,0.18665599822998047
case_024_real,humaneval,late,real_route_replay,200,27,37,real,7.407407407407407,1,98,2.459064862910289,down_active_prebuilt,0,0.12598399817943573
case_024_real,humaneval,late,real_route_replay,200,27,37,real,7.407407407407407,1,98,2.459064862910289,down_active_prebuilt,1,0.12191999703645706
case_024_real,humaneval,late,real_route_replay,200,27,37,real,7.407407407407407,1,98,2.459064862910289,down_active_prebuilt,2,0.12028799951076508
case_024_real,humaneval,late,real_route_replay,200,27,37,real,7.407407407407407,1,98,2.459064862910289,down_active_prebuilt,3,0.1223360002040863
case_024_real,humaneval,late,real_route_replay,200,27,37,real,7.407407407407407,1,98,2.459064862910289,down_active_prebuilt,4,0.1228799968957901
case_024_real,humaneval,late,real_route_replay,200,27,37,real,7.407407407407407,1,98,2.459064862910289,down_active_prebuilt,5,0.12249600142240524
case_024_real,humaneval,late,real_route_replay,200,27,37,real,7.407407407407407,1,98,2.459064862910289,down_active_prebuilt,6,0.11779200285673141
case_024_real,humaneval,late,real_route_replay,200,27,37,real,7.407407407407407,1,98,2.459064862910289,down_active_prebuilt,7,0.11948800086975098
case_024_real,humaneval,late,real_route_replay,200,27,37,real,7.407407407407407,1,98,2.459064862910289,down_active_prebuilt,8,0.1204800009727478
case_024_real,humaneval,late,real_route_replay,200,27,37,real,7.407407407407407,1,98,2.459064862910289,down_active_prebuilt,9,0.1236800029873848
case_024_real,humaneval,late,real_route_replay,200,27,37,real,7.407407407407407,1,98,2.459064862910289,down_active_prebuilt,10,0.12310399860143661
case_024_real,humaneval,late,real_route_replay,200,27,37,real,7.407407407407407,1,98,2.459064862910289,down_active_prebuilt,11,0.12067200243473053
case_024_real,humaneval,late,real_route_replay,200,27,37,real,7.407407407407407,1,98,2.459064862910289,down_active_prebuilt,12,0.11801599711179733
case_024_real,humaneval,late,real_route_replay,200,27,37,real,7.407407407407407,1,98,2.459064862910289,down_active_prebuilt,13,0.11980800330638885
case_024_real,humaneval,late,real_route_replay,200,27,37,real,7.407407407407407,1,98,2.459064862910289,down_active_prebuilt,14,0.12195199728012085
case_024_real,humaneval,late,real_route_replay,200,27,37,real,7.407407407407407,1,98,2.459064862910289,down_active_prebuilt,15,0.12268800288438797
case_024_real,humaneval,late,real_route_replay,200,27,37,real,7.407407407407407,1,98,2.459064862910289,down_active_prebuilt,16,0.1233920007944107
case_024_real,humaneval,late,real_route_replay,200,27,37,real,7.407407407407407,1,98,2.459064862910289,down_active_prebuilt,17,0.12115199863910675
case_024_real,humaneval,late,real_route_replay,200,27,37,real,7.407407407407407,1,98,2.459064862910289,down_active_prebuilt,18,0.12201599776744843
case_024_real,humaneval,late,real_route_replay,200,27,37,real,7.407407407407407,1,98,2.459064862910289,down_active_prebuilt,19,0.12137600034475327
case_024_real,humaneval,late,real_route_replay,200,27,37,real,7.407407407407407,1,98,2.459064862910289,down_active_prebuilt,20,0.11798399686813354
case_024_real,humaneval,late,real_route_replay,200,27,37,real,7.407407407407407,1,98,2.459064862910289,down_active_prebuilt,21,0.12105599790811539
case_024_real,humaneval,late,real_route_replay,200,27,37,real,7.407407407407407,1,98,2.459064862910289,down_active_prebuilt,22,0.11900799721479416
case_024_real,humaneval,late,real_route_replay,200,27,37,real,7.407407407407407,1,98,2.459064862910289,down_active_prebuilt,23,0.1199679970741272
case_024_real,humaneval,late,real_route_replay,200,27,37,real,7.407407407407407,1,98,2.459064862910289,down_active_prebuilt,24,0.12070400267839432
case_024_real,humaneval,late,real_route_replay,200,27,37,real,7.407407407407407,1,98,2.459064862910289,down_active_prebuilt,25,0.12012799829244614
case_024_real,humaneval,late,real_route_replay,200,27,37,real,7.407407407407407,1,98,2.459064862910289,down_active_prebuilt,26,0.11955200135707855
case_024_real,humaneval,late,real_route_replay,200,27,37,real,7.407407407407407,1,98,2.459064862910289,down_active_prebuilt,27,0.11903999745845795
case_024_real,humaneval,late,real_route_replay,200,27,37,real,7.407407407407407,1,98,2.459064862910289,down_active_prebuilt,28,0.11740799993276596
case_024_real,humaneval,late,real_route_replay,200,27,37,real,7.407407407407407,1,98,2.459064862910289,down_active_prebuilt,29,0.11948800086975098
case_024_real,humaneval,late,real_route_replay,200,27,37,real,7.407407407407407,1,98,2.459064862910289,down_active_prebuilt,30,0.12265600264072418
case_024_real,humaneval,late,real_route_replay,200,27,37,real,7.407407407407407,1,98,2.459064862910289,down_active_prebuilt,31,0.12511999905109406
case_024_real,humaneval,late,real_route_replay,200,27,37,real,7.407407407407407,1,98,2.459064862910289,down_active_prebuilt,32,0.11859200149774551
case_024_real,humaneval,late,real_route_replay,200,27,37,real,7.407407407407407,1,98,2.459064862910289,down_active_prebuilt,33,0.12080000340938568
case_024_real,humaneval,late,real_route_replay,200,27,37,real,7.407407407407407,1,98,2.459064862910289,down_active_prebuilt,34,0.11900799721479416
case_024_real,humaneval,late,real_route_replay,200,27,37,real,7.407407407407407,1,98,2.459064862910289,down_active_prebuilt,35,0.11827199906110764
case_024_real,humaneval,late,real_route_replay,200,27,37,real,7.407407407407407,1,98,2.459064862910289,down_active_prebuilt,36,0.11785600334405899
case_024_real,humaneval,late,real_route_replay,200,27,37,real,7.407407407407407,1,98,2.459064862910289,down_active_prebuilt,37,0.12144000083208084
case_024_real,humaneval,late,real_route_replay,200,27,37,real,7.407407407407407,1,98,2.459064862910289,down_active_prebuilt,38,0.12118399888277054
case_024_real,humaneval,late,real_route_replay,200,27,37,real,7.407407407407407,1,98,2.459064862910289,down_active_prebuilt,39,0.11900799721479416
case_024_real,humaneval,late,real_route_replay,200,27,37,real,7.407407407407407,1,98,2.459064862910289,gate_up_active_prebuilt,0,0.1963520050048828
case_024_real,humaneval,late,real_route_replay,200,27,37,real,7.407407407407407,1,98,2.459064862910289,gate_up_active_prebuilt,1,0.18963199853897095
case_024_real,humaneval,late,real_route_replay,200,27,37,real,7.407407407407407,1,98,2.459064862910289,gate_up_active_prebuilt,2,0.18908800184726715
case_024_real,humaneval,late,real_route_replay,200,27,37,real,7.407407407407407,1,98,2.459064862910289,gate_up_active_prebuilt,3,0.18848000466823578
case_024_real,humaneval,late,real_route_replay,200,27,37,real,7.407407407407407,1,98,2.459064862910289,gate_up_active_prebuilt,4,0.18662400543689728
case_024_real,humaneval,late,real_route_replay,200,27,37,real,7.407407407407407,1,98,2.459064862910289,gate_up_active_prebuilt,5,0.18646399676799774
case_024_real,humaneval,late,real_route_replay,200,27,37,real,7.407407407407407,1,98,2.459064862910289,gate_up_active_prebuilt,6,0.18748800456523895
case_024_real,humaneval,late,real_route_replay,200,27,37,real,7.407407407407407,1,98,2.459064862910289,gate_up_active_prebuilt,7,0.18812799453735352
case_024_real,humaneval,late,real_route_replay,200,27,37,real,7.407407407407407,1,98,2.459064862910289,gate_up_active_prebuilt,8,0.18678399920463562
case_024_real,humaneval,late,real_route_replay,200,27,37,real,7.407407407407407,1,98,2.459064862910289,gate_up_active_prebuilt,9,0.18643200397491455
case_024_real,humaneval,late,real_route_replay,200,27,37,real,7.407407407407407,1,98,2.459064862910289,gate_up_active_prebuilt,10,0.18665599822998047
case_024_real,humaneval,late,real_route_replay,200,27,37,real,7.407407407407407,1,98,2.459064862910289,gate_up_active_prebuilt,11,0.18732799589633942
case_024_real,humaneval,late,real_route_replay,200,27,37,real,7.407407407407407,1,98,2.459064862910289,gate_up_active_prebuilt,12,0.1900479942560196
case_024_real,humaneval,late,real_route_replay,200,27,37,real,7.407407407407407,1,98,2.459064862910289,gate_up_active_prebuilt,13,0.1897599995136261
case_024_real,humaneval,late,real_route_replay,200,27,37,real,7.407407407407407,1,98,2.459064862910289,gate_up_active_prebuilt,14,0.1927040070295334
case_024_real,humaneval,late,real_route_replay,200,27,37,real,7.407407407407407,1,98,2.459064862910289,gate_up_active_prebuilt,15,0.1847359985113144
case_024_real,humaneval,late,real_route_replay,200,27,37,real,7.407407407407407,1,98,2.459064862910289,gate_up_active_prebuilt,16,0.18716800212860107
case_024_real,humaneval,late,real_route_replay,200,27,37,real,7.407407407407407,1,98,2.459064862910289,gate_up_active_prebuilt,17,0.18559999763965607
case_024_real,humaneval,late,real_route_replay,200,27,37,real,7.407407407407407,1,98,2.459064862910289,gate_up_active_prebuilt,18,0.18960000574588776
case_024_real,humaneval,late,real_route_replay,200,27,37,real,7.407407407407407,1,98,2.459064862910289,gate_up_active_prebuilt,19,0.18979200720787048
case_024_real,humaneval,late,real_route_replay,200,27,37,real,7.407407407407407,1,98,2.459064862910289,gate_up_active_prebuilt,20,0.187391996383667
case_024_real,humaneval,late,real_route_replay,200,27,37,real,7.407407407407407,1,98,2.459064862910289,gate_up_active_prebuilt,21,0.18662400543689728
case_024_real,humaneval,late,real_route_replay,200,27,37,real,7.407407407407407,1,98,2.459064862910289,gate_up_active_prebuilt,22,0.18796800076961517
case_024_real,humaneval,late,real_route_replay,200,27,37,real,7.407407407407407,1,98,2.459064862910289,gate_up_active_prebuilt,23,0.18956799805164337
case_024_real,humaneval,late,real_route_replay,200,27,37,real,7.407407407407407,1,98,2.459064862910289,gate_up_active_prebuilt,24,0.18646399676799774
case_024_real,humaneval,late,real_route_replay,200,27,37,real,7.407407407407407,1,98,2.459064862910289,gate_up_active_prebuilt,25,0.1857919991016388
case_024_real,humaneval,late,real_route_replay,200,27,37,real,7.407407407407407,1,98,2.459064862910289,gate_up_active_prebuilt,26,0.18771199882030487
case_024_real,humaneval,late,real_route_replay,200,27,37,real,7.407407407407407,1,98,2.459064862910289,gate_up_active_prebuilt,27,0.18652799725532532
case_024_real,humaneval,late,real_route_replay,200,27,37,real,7.407407407407407,1,98,2.459064862910289,gate_up_active_prebuilt,28,0.18617600202560425
case_024_real,humaneval,late,real_route_replay,200,27,37,real,7.407407407407407,1,98,2.459064862910289,gate_up_active_prebuilt,29,0.1907840073108673
case_024_real,humaneval,late,real_route_replay,200,27,37,real,7.407407407407407,1,98,2.459064862910289,gate_up_active_prebuilt,30,0.18911999464035034
case_024_real,humaneval,late,real_route_replay,200,27,37,real,7.407407407407407,1,98,2.459064862910289,gate_up_active_prebuilt,31,0.18911999464035034
case_024_real,humaneval,late,real_route_replay,200,27,37,real,7.407407407407407,1,98,2.459064862910289,gate_up_active_prebuilt,32,0.18889600038528442
case_024_real,humaneval,late,real_route_replay,200,27,37,real,7.407407407407407,1,98,2.459064862910289,gate_up_active_prebuilt,33,0.18928000330924988
case_024_real,humaneval,late,real_route_replay,200,27,37,real,7.407407407407407,1,98,2.459064862910289,gate_up_active_prebuilt,34,0.19142399728298187
case_024_real,humaneval,late,real_route_replay,200,27,37,real,7.407407407407407,1,98,2.459064862910289,gate_up_active_prebuilt,35,0.188960000872612
case_024_real,humaneval,late,real_route_replay,200,27,37,real,7.407407407407407,1,98,2.459064862910289,gate_up_active_prebuilt,36,0.1878719925880432
case_024_real,humaneval,late,real_route_replay,200,27,37,real,7.407407407407407,1,98,2.459064862910289,gate_up_active_prebuilt,37,0.19200000166893005
case_024_real,humaneval,late,real_route_replay,200,27,37,real,7.407407407407407,1,98,2.459064862910289,gate_up_active_prebuilt,38,0.18902400135993958
case_024_real,humaneval,late,real_route_replay,200,27,37,real,7.407407407407407,1,98,2.459064862910289,gate_up_active_prebuilt,39,0.18796800076961517
case_024_real,humaneval,late,real_route_replay,200,27,37,real,7.407407407407407,1,98,2.459064862910289,down_full64_prebuilt,0,0.1255359947681427
case_024_real,humaneval,late,real_route_replay,200,27,37,real,7.407407407407407,1,98,2.459064862910289,down_full64_prebuilt,1,0.12915199995040894
case_024_real,humaneval,late,real_route_replay,200,27,37,real,7.407407407407407,1,98,2.459064862910289,down_full64_prebuilt,2,0.12700800597667694
case_024_real,humaneval,late,real_route_replay,200,27,37,real,7.407407407407407,1,98,2.459064862910289,down_full64_prebuilt,3,0.13369600474834442
case_024_real,humaneval,late,real_route_replay,200,27,37,real,7.407407407407407,1,98,2.459064862910289,down_full64_prebuilt,4,0.12848000228405
case_024_real,humaneval,late,real_route_replay,200,27,37,real,7.407407407407407,1,98,2.459064862910289,down_full64_prebuilt,5,0.13007999956607819
case_024_real,humaneval,late,real_route_replay,200,27,37,real,7.407407407407407,1,98,2.459064862910289,down_full64_prebuilt,6,0.1327040046453476
case_024_real,humaneval,late,real_route_replay,200,27,37,real,7.407407407407407,1,98,2.459064862910289,down_full64_prebuilt,7,0.13411200046539307
case_024_real,humaneval,late,real_route_replay,200,27,37,real,7.407407407407407,1,98,2.459064862910289,down_full64_prebuilt,8,0.13120000064373016
case_024_real,humaneval,late,real_route_replay,200,27,37,real,7.407407407407407,1,98,2.459064862910289,down_full64_prebuilt,9,0.13359999656677246
case_024_real,humaneval,late,real_route_replay,200,27,37,real,7.407407407407407,1,98,2.459064862910289,down_full64_prebuilt,10,0.14652800559997559
case_024_real,humaneval,late,real_route_replay,200,27,37,real,7.407407407407407,1,98,2.459064862910289,down_full64_prebuilt,11,0.13443200290203094
case_024_real,humaneval,late,real_route_replay,200,27,37,real,7.407407407407407,1,98,2.459064862910289,down_full64_prebuilt,12,0.1377599984407425
case_024_real,humaneval,late,real_route_replay,200,27,37,real,7.407407407407407,1,98,2.459064862910289,down_full64_prebuilt,13,0.1326719969511032
case_024_real,humaneval,late,real_route_replay,200,27,37,real,7.407407407407407,1,98,2.459064862910289,down_full64_prebuilt,14,0.13468800485134125
case_024_real,humaneval,late,real_route_replay,200,27,37,real,7.407407407407407,1,98,2.459064862910289,down_full64_prebuilt,15,0.13196800649166107
case_024_real,humaneval,late,real_route_replay,200,27,37,real,7.407407407407407,1,98,2.459064862910289,down_full64_prebuilt,16,0.13283200562000275
case_024_real,humaneval,late,real_route_replay,200,27,37,real,7.407407407407407,1,98,2.459064862910289,down_full64_prebuilt,17,0.1319040060043335
case_024_real,humaneval,late,real_route_replay,200,27,37,real,7.407407407407407,1,98,2.459064862910289,down_full64_prebuilt,18,0.13683199882507324
case_024_real,humaneval,late,real_route_replay,200,27,37,real,7.407407407407407,1,98,2.459064862910289,down_full64_prebuilt,19,0.13091200590133667
case_024_real,humaneval,late,real_route_replay,200,27,37,real,7.407407407407407,1,98,2.459064862910289,down_full64_prebuilt,20,0.12428800016641617
case_024_real,humaneval,late,real_route_replay,200,27,37,real,7.407407407407407,1,98,2.459064862910289,down_full64_prebuilt,21,0.1334719955921173
case_024_real,humaneval,late,real_route_replay,200,27,37,real,7.407407407407407,1,98,2.459064862910289,down_full64_prebuilt,22,0.13571199774742126
case_024_real,humaneval,late,real_route_replay,200,27,37,real,7.407407407407407,1,98,2.459064862910289,down_full64_prebuilt,23,0.13516800105571747
case_024_real,humaneval,late,real_route_replay,200,27,37,real,7.407407407407407,1,98,2.459064862910289,down_full64_prebuilt,24,0.13017599284648895
case_024_real,humaneval,late,real_route_replay,200,27,37,real,7.407407407407407,1,98,2.459064862910289,down_full64_prebuilt,25,0.12995199859142303
case_024_real,humaneval,late,real_route_replay,200,27,37,real,7.407407407407407,1,98,2.459064862910289,down_full64_prebuilt,26,0.12992000579833984
case_024_real,humaneval,late,real_route_replay,200,27,37,real,7.407407407407407,1,98,2.459064862910289,down_full64_prebuilt,27,0.13238400220870972
case_024_real,humaneval,late,real_route_replay,200,27,37,real,7.407407407407407,1,98,2.459064862910289,down_full64_prebuilt,28,0.1345279961824417
case_024_real,humaneval,late,real_route_replay,200,27,37,real,7.407407407407407,1,98,2.459064862910289,down_full64_prebuilt,29,0.1311360001564026
case_024_real,humaneval,late,real_route_replay,200,27,37,real,7.407407407407407,1,98,2.459064862910289,down_full64_prebuilt,30,0.12883199751377106
case_024_real,humaneval,late,real_route_replay,200,27,37,real,7.407407407407407,1,98,2.459064862910289,down_full64_prebuilt,31,0.1351040005683899
case_024_real,humaneval,late,real_route_replay,200,27,37,real,7.407407407407407,1,98,2.459064862910289,down_full64_prebuilt,32,0.1377599984407425
case_024_real,humaneval,late,real_route_replay,200,27,37,real,7.407407407407407,1,98,2.459064862910289,down_full64_prebuilt,33,0.1324480026960373
case_024_real,humaneval,late,real_route_replay,200,27,37,real,7.407407407407407,1,98,2.459064862910289,down_full64_prebuilt,34,0.12982399761676788
case_024_real,humaneval,late,real_route_replay,200,27,37,real,7.407407407407407,1,98,2.459064862910289,down_full64_prebuilt,35,0.13327999413013458
case_024_real,humaneval,late,real_route_replay,200,27,37,real,7.407407407407407,1,98,2.459064862910289,down_full64_prebuilt,36,0.12960000336170197
case_024_real,humaneval,late,real_route_replay,200,27,37,real,7.407407407407407,1,98,2.459064862910289,down_full64_prebuilt,37,0.13238400220870972
case_024_real,humaneval,late,real_route_replay,200,27,37,real,7.407407407407407,1,98,2.459064862910289,down_full64_prebuilt,38,0.13209599256515503
case_024_real,humaneval,late,real_route_replay,200,27,37,real,7.407407407407407,1,98,2.459064862910289,down_full64_prebuilt,39,0.14243200421333313
case_024_real,humaneval,late,real_route_replay,200,27,37,real,7.407407407407407,1,98,2.459064862910289,swiglu,0,0.023423999547958374
case_024_real,humaneval,late,real_route_replay,200,27,37,real,7.407407407407407,1,98,2.459064862910289,swiglu,1,0.023072000592947006
case_024_real,humaneval,late,real_route_replay,200,27,37,real,7.407407407407407,1,98,2.459064862910289,swiglu,2,0.021824000403285027
case_024_real,humaneval,late,real_route_replay,200,27,37,real,7.407407407407407,1,98,2.459064862910289,swiglu,3,0.022943999618291855
case_024_real,humaneval,late,real_route_replay,200,27,37,real,7.407407407407407,1,98,2.459064862910289,swiglu,4,0.023520000278949738
case_024_real,humaneval,late,real_route_replay,200,27,37,real,7.407407407407407,1,98,2.459064862910289,swiglu,5,0.024191999807953835
case_024_real,humaneval,late,real_route_replay,200,27,37,real,7.407407407407407,1,98,2.459064862910289,swiglu,6,0.03500799834728241
case_024_real,humaneval,late,real_route_replay,200,27,37,real,7.407407407407407,1,98,2.459064862910289,swiglu,7,0.025280000641942024
case_024_real,humaneval,late,real_route_replay,200,27,37,real,7.407407407407407,1,98,2.459064862910289,swiglu,8,0.022784000262618065
case_024_real,humaneval,late,real_route_replay,200,27,37,real,7.407407407407407,1,98,2.459064862910289,swiglu,9,0.02319999970495701
case_024_real,humaneval,late,real_route_replay,200,27,37,real,7.407407407407407,1,98,2.459064862910289,swiglu,10,0.023423999547958374
case_024_real,humaneval,late,real_route_replay,200,27,37,real,7.407407407407407,1,98,2.459064862910289,swiglu,11,0.022336000576615334
case_024_real,humaneval,late,real_route_replay,200,27,37,real,7.407407407407407,1,98,2.459064862910289,swiglu,12,0.02364799939095974
case_024_real,humaneval,late,real_route_replay,200,27,37,real,7.407407407407407,1,98,2.459064862910289,swiglu,13,0.02284800074994564
case_024_real,humaneval,late,real_route_replay,200,27,37,real,7.407407407407407,1,98,2.459064862910289,swiglu,14,0.02319999970495701
case_024_real,humaneval,late,real_route_replay,200,27,37,real,7.407407407407407,1,98,2.459064862910289,swiglu,15,0.023455999791622162
case_024_real,humaneval,late,real_route_replay,200,27,37,real,7.407407407407407,1,98,2.459064862910289,swiglu,16,0.020927999168634415
case_024_real,humaneval,late,real_route_replay,200,27,37,real,7.407407407407407,1,98,2.459064862910289,swiglu,17,0.020800000056624413
case_024_real,humaneval,late,real_route_replay,200,27,37,real,7.407407407407407,1,98,2.459064862910289,swiglu,18,0.022304000332951546
case_024_real,humaneval,late,real_route_replay,200,27,37,real,7.407407407407407,1,98,2.459064862910289,swiglu,19,0.023360000923275948
case_024_real,humaneval,late,real_route_replay,200,27,37,real,7.407407407407407,1,98,2.459064862910289,swiglu,20,0.02300800010561943
case_024_real,humaneval,late,real_route_replay,200,27,37,real,7.407407407407407,1,98,2.459064862910289,swiglu,21,0.025151999667286873
case_024_real,humaneval,late,real_route_replay,200,27,37,real,7.407407407407407,1,98,2.459064862910289,swiglu,22,0.02067199908196926
case_024_real,humaneval,late,real_route_replay,200,27,37,real,7.407407407407407,1,98,2.459064862910289,swiglu,23,0.020735999569296837
case_024_real,humaneval,late,real_route_replay,200,27,37,real,7.407407407407407,1,98,2.459064862910289,swiglu,24,0.021215999498963356
case_024_real,humaneval,late,real_route_replay,200,27,37,real,7.407407407407407,1,98,2.459064862910289,swiglu,25,0.02070399932563305
case_024_real,humaneval,late,real_route_replay,200,27,37,real,7.407407407407407,1,98,2.459064862910289,swiglu,26,0.02070399932563305
case_024_real,humaneval,late,real_route_replay,200,27,37,real,7.407407407407407,1,98,2.459064862910289,swiglu,27,0.02035200037062168
case_024_real,humaneval,late,real_route_replay,200,27,37,real,7.407407407407407,1,98,2.459064862910289,swiglu,28,0.021888000890612602
case_024_real,humaneval,late,real_route_replay,200,27,37,real,7.407407407407407,1,98,2.459064862910289,swiglu,29,0.035551998764276505
case_024_real,humaneval,late,real_route_replay,200,27,37,real,7.407407407407407,1,98,2.459064862910289,swiglu,30,0.024000000208616257
case_024_real,humaneval,late,real_route_replay,200,27,37,real,7.407407407407407,1,98,2.459064862910289,swiglu,31,0.022207999601960182
case_024_real,humaneval,late,real_route_replay,200,27,37,real,7.407407407407407,1,98,2.459064862910289,swiglu,32,0.02147199958562851
case_024_real,humaneval,late,real_route_replay,200,27,37,real,7.407407407407407,1,98,2.459064862910289,swiglu,33,0.022655999287962914
case_024_real,humaneval,late,real_route_replay,200,27,37,real,7.407407407407407,1,98,2.459064862910289,swiglu,34,0.02143999934196472
case_024_real,humaneval,late,real_route_replay,200,27,37,real,7.407407407407407,1,98,2.459064862910289,swiglu,35,0.020735999569296837
case_024_real,humaneval,late,real_route_replay,200,27,37,real,7.407407407407407,1,98,2.459064862910289,swiglu,36,0.020287999883294106
case_024_real,humaneval,late,real_route_replay,200,27,37,real,7.407407407407407,1,98,2.459064862910289,swiglu,37,0.021247999742627144
case_024_real,humaneval,late,real_route_replay,200,27,37,real,7.407407407407407,1,98,2.459064862910289,swiglu,38,0.02284800074994564
case_024_real,humaneval,late,real_route_replay,200,27,37,real,7.407407407407407,1,98,2.459064862910289,swiglu,39,0.02271999977529049
case_025_real,humaneval,middle,real_route_replay,12,6,58,real,2.0,1,3,0.28867513459481287,swiglu,0,0.03788800165057182
case_025_real,humaneval,middle,real_route_replay,12,6,58,real,2.0,1,3,0.28867513459481287,swiglu,1,0.02828799933195114
case_025_real,humaneval,middle,real_route_replay,12,6,58,real,2.0,1,3,0.28867513459481287,swiglu,2,0.027488000690937042
case_025_real,humaneval,middle,real_route_replay,12,6,58,real,2.0,1,3,0.28867513459481287,swiglu,3,0.024992000311613083
case_025_real,humaneval,middle,real_route_replay,12,6,58,real,2.0,1,3,0.28867513459481287,swiglu,4,0.021183999255299568
case_025_real,humaneval,middle,real_route_replay,12,6,58,real,2.0,1,3,0.28867513459481287,swiglu,5,0.02143999934196472
case_025_real,humaneval,middle,real_route_replay,12,6,58,real,2.0,1,3,0.28867513459481287,swiglu,6,0.02099199965596199
case_025_real,humaneval,middle,real_route_replay,12,6,58,real,2.0,1,3,0.28867513459481287,swiglu,7,0.02147199958562851
case_025_real,humaneval,middle,real_route_replay,12,6,58,real,2.0,1,3,0.28867513459481287,swiglu,8,0.020479999482631683
case_025_real,humaneval,middle,real_route_replay,12,6,58,real,2.0,1,3,0.28867513459481287,swiglu,9,0.03359999880194664
case_025_real,humaneval,middle,real_route_replay,12,6,58,real,2.0,1,3,0.28867513459481287,swiglu,10,0.029600000008940697
case_025_real,humaneval,middle,real_route_replay,12,6,58,real,2.0,1,3,0.28867513459481287,swiglu,11,0.029888000339269638
case_025_real,humaneval,middle,real_route_replay,12,6,58,real,2.0,1,3,0.28867513459481287,swiglu,12,0.029343999922275543
case_025_real,humaneval,middle,real_route_replay,12,6,58,real,2.0,1,3,0.28867513459481287,swiglu,13,0.032127998769283295
case_025_real,humaneval,middle,real_route_replay,12,6,58,real,2.0,1,3,0.28867513459481287,swiglu,14,0.03465599939227104
case_025_real,humaneval,middle,real_route_replay,12,6,58,real,2.0,1,3,0.28867513459481287,swiglu,15,0.035232000052928925
case_025_real,humaneval,middle,real_route_replay,12,6,58,real,2.0,1,3,0.28867513459481287,swiglu,16,0.03436800092458725
case_025_real,humaneval,middle,real_route_replay,12,6,58,real,2.0,1,3,0.28867513459481287,swiglu,17,0.039872001856565475
case_025_real,humaneval,middle,real_route_replay,12,6,58,real,2.0,1,3,0.28867513459481287,swiglu,18,0.03558399900794029
case_025_real,humaneval,middle,real_route_replay,12,6,58,real,2.0,1,3,0.28867513459481287,swiglu,19,0.035711999982595444
case_025_real,humaneval,middle,real_route_replay,12,6,58,real,2.0,1,3,0.28867513459481287,swiglu,20,0.0352960005402565
case_025_real,humaneval,middle,real_route_replay,12,6,58,real,2.0,1,3,0.28867513459481287,swiglu,21,0.035071998834609985
case_025_real,humaneval,middle,real_route_replay,12,6,58,real,2.0,1,3,0.28867513459481287,swiglu,22,0.03299200162291527
case_025_real,humaneval,middle,real_route_replay,12,6,58,real,2.0,1,3,0.28867513459481287,swiglu,23,0.03139200061559677
case_025_real,humaneval,middle,real_route_replay,12,6,58,real,2.0,1,3,0.28867513459481287,swiglu,24,0.03872000053524971
case_025_real,humaneval,middle,real_route_replay,12,6,58,real,2.0,1,3,0.28867513459481287,swiglu,25,0.040352001786231995
case_025_real,humaneval,middle,real_route_replay,12,6,58,real,2.0,1,3,0.28867513459481287,swiglu,26,0.054655998945236206
case_025_real,humaneval,middle,real_route_replay,12,6,58,real,2.0,1,3,0.28867513459481287,swiglu,27,0.03468799963593483
case_025_real,humaneval,middle,real_route_replay,12,6,58,real,2.0,1,3,0.28867513459481287,swiglu,28,0.03276799991726875
case_025_real,humaneval,middle,real_route_replay,12,6,58,real,2.0,1,3,0.28867513459481287,swiglu,29,0.03404799848794937
case_025_real,humaneval,middle,real_route_replay,12,6,58,real,2.0,1,3,0.28867513459481287,swiglu,30,0.033952001482248306
case_025_real,humaneval,middle,real_route_replay,12,6,58,real,2.0,1,3,0.28867513459481287,swiglu,31,0.0323840007185936
case_025_real,humaneval,middle,real_route_replay,12,6,58,real,2.0,1,3,0.28867513459481287,swiglu,32,0.043487999588251114
case_025_real,humaneval,middle,real_route_replay,12,6,58,real,2.0,1,3,0.28867513459481287,swiglu,33,0.03500799834728241
case_025_real,humaneval,middle,real_route_replay,12,6,58,real,2.0,1,3,0.28867513459481287,swiglu,34,0.0360959991812706
case_025_real,humaneval,middle,real_route_replay,12,6,58,real,2.0,1,3,0.28867513459481287,swiglu,35,0.036031998693943024
case_025_real,humaneval,middle,real_route_replay,12,6,58,real,2.0,1,3,0.28867513459481287,swiglu,36,0.037408001720905304
case_025_real,humaneval,middle,real_route_replay,12,6,58,real,2.0,1,3,0.28867513459481287,swiglu,37,0.03551999852061272
case_025_real,humaneval,middle,real_route_replay,12,6,58,real,2.0,1,3,0.28867513459481287,swiglu,38,0.03836800158023834
case_025_real,humaneval,middle,real_route_replay,12,6,58,real,2.0,1,3,0.28867513459481287,swiglu,39,0.05382400006055832
case_025_real,humaneval,middle,real_route_replay,12,6,58,real,2.0,1,3,0.28867513459481287,down_active_prebuilt,0,0.08079999685287476
case_025_real,humaneval,middle,real_route_replay,12,6,58,real,2.0,1,3,0.28867513459481287,down_active_prebuilt,1,0.05603199824690819
case_025_real,humaneval,middle,real_route_replay,12,6,58,real,2.0,1,3,0.28867513459481287,down_active_prebuilt,2,0.054976001381874084
case_025_real,humaneval,middle,real_route_replay,12,6,58,real,2.0,1,3,0.28867513459481287,down_active_prebuilt,3,0.05395200103521347
case_025_real,humaneval,middle,real_route_replay,12,6,58,real,2.0,1,3,0.28867513459481287,down_active_prebuilt,4,0.05286400020122528
case_025_real,humaneval,middle,real_route_replay,12,6,58,real,2.0,1,3,0.28867513459481287,down_active_prebuilt,5,0.05407999828457832
case_025_real,humaneval,middle,real_route_replay,12,6,58,real,2.0,1,3,0.28867513459481287,down_active_prebuilt,6,0.05571199953556061
case_025_real,humaneval,middle,real_route_replay,12,6,58,real,2.0,1,3,0.28867513459481287,down_active_prebuilt,7,0.053279999643564224
case_025_real,humaneval,middle,real_route_replay,12,6,58,real,2.0,1,3,0.28867513459481287,down_active_prebuilt,8,0.05331199988722801
case_025_real,humaneval,middle,real_route_replay,12,6,58,real,2.0,1,3,0.28867513459481287,down_active_prebuilt,9,0.053119998425245285
case_025_real,humaneval,middle,real_route_replay,12,6,58,real,2.0,1,3,0.28867513459481287,down_active_prebuilt,10,0.05503999814391136
case_025_real,humaneval,middle,real_route_replay,12,6,58,real,2.0,1,3,0.28867513459481287,down_active_prebuilt,11,0.048767998814582825
case_025_real,humaneval,middle,real_route_replay,12,6,58,real,2.0,1,3,0.28867513459481287,down_active_prebuilt,12,0.047488000243902206
case_025_real,humaneval,middle,real_route_replay,12,6,58,real,2.0,1,3,0.28867513459481287,down_active_prebuilt,13,0.05084799975156784
case_025_real,humaneval,middle,real_route_replay,12,6,58,real,2.0,1,3,0.28867513459481287,down_active_prebuilt,14,0.0549440011382103
case_025_real,humaneval,middle,real_route_replay,12,6,58,real,2.0,1,3,0.28867513459481287,down_active_prebuilt,15,0.057440001517534256
case_025_real,humaneval,middle,real_route_replay,12,6,58,real,2.0,1,3,0.28867513459481287,down_active_prebuilt,16,0.05289600044488907
case_025_real,humaneval,middle,real_route_replay,12,6,58,real,2.0,1,3,0.28867513459481287,down_active_prebuilt,17,0.05196800082921982
case_025_real,humaneval,middle,real_route_replay,12,6,58,real,2.0,1,3,0.28867513459481287,down_active_prebuilt,18,0.05471999943256378
case_025_real,humaneval,middle,real_route_replay,12,6,58,real,2.0,1,3,0.28867513459481287,down_active_prebuilt,19,0.05302400141954422
case_025_real,humaneval,middle,real_route_replay,12,6,58,real,2.0,1,3,0.28867513459481287,down_active_prebuilt,20,0.05375999957323074
case_025_real,humaneval,middle,real_route_replay,12,6,58,real,2.0,1,3,0.28867513459481287,down_active_prebuilt,21,0.054336000233888626
case_025_real,humaneval,middle,real_route_replay,12,6,58,real,2.0,1,3,0.28867513459481287,down_active_prebuilt,22,0.05734400078654289
case_025_real,humaneval,middle,real_route_replay,12,6,58,real,2.0,1,3,0.28867513459481287,down_active_prebuilt,23,0.055904000997543335
case_025_real,humaneval,middle,real_route_replay,12,6,58,real,2.0,1,3,0.28867513459481287,down_active_prebuilt,24,0.056095998734235764
case_025_real,humaneval,middle,real_route_replay,12,6,58,real,2.0,1,3,0.28867513459481287,down_active_prebuilt,25,0.051872000098228455
case_025_real,humaneval,middle,real_route_replay,12,6,58,real,2.0,1,3,0.28867513459481287,down_active_prebuilt,26,0.06780800223350525
case_025_real,humaneval,middle,real_route_replay,12,6,58,real,2.0,1,3,0.28867513459481287,down_active_prebuilt,27,0.054368000477552414
case_025_real,humaneval,middle,real_route_replay,12,6,58,real,2.0,1,3,0.28867513459481287,down_active_prebuilt,28,0.05955199897289276
case_025_real,humaneval,middle,real_route_replay,12,6,58,real,2.0,1,3,0.28867513459481287,down_active_prebuilt,29,0.05161599814891815
case_025_real,humaneval,middle,real_route_replay,12,6,58,real,2.0,1,3,0.28867513459481287,down_active_prebuilt,30,0.05084799975156784
case_025_real,humaneval,middle,real_route_replay,12,6,58,real,2.0,1,3,0.28867513459481287,down_active_prebuilt,31,0.05615999922156334
case_025_real,humaneval,middle,real_route_replay,12,6,58,real,2.0,1,3,0.28867513459481287,down_active_prebuilt,32,0.05363199859857559
case_025_real,humaneval,middle,real_route_replay,12,6,58,real,2.0,1,3,0.28867513459481287,down_active_prebuilt,33,0.04982399940490723
case_025_real,humaneval,middle,real_route_replay,12,6,58,real,2.0,1,3,0.28867513459481287,down_active_prebuilt,34,0.04886399954557419
case_025_real,humaneval,middle,real_route_replay,12,6,58,real,2.0,1,3,0.28867513459481287,down_active_prebuilt,35,0.04604800045490265
case_025_real,humaneval,middle,real_route_replay,12,6,58,real,2.0,1,3,0.28867513459481287,down_active_prebuilt,36,0.04739199951291084
case_025_real,humaneval,middle,real_route_replay,12,6,58,real,2.0,1,3,0.28867513459481287,down_active_prebuilt,37,0.04678399860858917
case_025_real,humaneval,middle,real_route_replay,12,6,58,real,2.0,1,3,0.28867513459481287,down_active_prebuilt,38,0.04732799902558327
case_025_real,humaneval,middle,real_route_replay,12,6,58,real,2.0,1,3,0.28867513459481287,down_active_prebuilt,39,0.047200001776218414
case_025_real,humaneval,middle,real_route_replay,12,6,58,real,2.0,1,3,0.28867513459481287,route_weight,0,0.024831999093294144
case_025_real,humaneval,middle,real_route_replay,12,6,58,real,2.0,1,3,0.28867513459481287,route_weight,1,0.017696000635623932
case_025_real,humaneval,middle,real_route_replay,12,6,58,real,2.0,1,3,0.28867513459481287,route_weight,2,0.01500799972563982
case_025_real,humaneval,middle,real_route_replay,12,6,58,real,2.0,1,3,0.28867513459481287,route_weight,3,0.013952000066637993
case_025_real,humaneval,middle,real_route_replay,12,6,58,real,2.0,1,3,0.28867513459481287,route_weight,4,0.01375999953597784
case_025_real,humaneval,middle,real_route_replay,12,6,58,real,2.0,1,3,0.28867513459481287,route_weight,5,0.014112000353634357
case_025_real,humaneval,middle,real_route_replay,12,6,58,real,2.0,1,3,0.28867513459481287,route_weight,6,0.01369599997997284
case_025_real,humaneval,middle,real_route_replay,12,6,58,real,2.0,1,3,0.28867513459481287,route_weight,7,0.015104000456631184
case_025_real,humaneval,middle,real_route_replay,12,6,58,real,2.0,1,3,0.28867513459481287,route_weight,8,0.015231999568641186
case_025_real,humaneval,middle,real_route_replay,12,6,58,real,2.0,1,3,0.28867513459481287,route_weight,9,0.014751999638974667
case_025_real,humaneval,middle,real_route_replay,12,6,58,real,2.0,1,3,0.28867513459481287,route_weight,10,0.015776000916957855
case_025_real,humaneval,middle,real_route_replay,12,6,58,real,2.0,1,3,0.28867513459481287,route_weight,11,0.013407999649643898
case_025_real,humaneval,middle,real_route_replay,12,6,58,real,2.0,1,3,0.28867513459481287,route_weight,12,0.013663999736309052
case_025_real,humaneval,middle,real_route_replay,12,6,58,real,2.0,1,3,0.28867513459481287,route_weight,13,0.02147199958562851
case_025_real,humaneval,middle,real_route_replay,12,6,58,real,2.0,1,3,0.28867513459481287,route_weight,14,0.013887999579310417
case_025_real,humaneval,middle,real_route_replay,12,6,58,real,2.0,1,3,0.28867513459481287,route_weight,15,0.013919999822974205
case_025_real,humaneval,middle,real_route_replay,12,6,58,real,2.0,1,3,0.28867513459481287,route_weight,16,0.013887999579310417
case_025_real,humaneval,middle,real_route_replay,12,6,58,real,2.0,1,3,0.28867513459481287,route_weight,17,0.014976000413298607
case_025_real,humaneval,middle,real_route_replay,12,6,58,real,2.0,1,3,0.28867513459481287,route_weight,18,0.014431999996304512
case_025_real,humaneval,middle,real_route_replay,12,6,58,real,2.0,1,3,0.28867513459481287,route_weight,19,0.013344000093638897
case_025_real,humaneval,middle,real_route_replay,12,6,58,real,2.0,1,3,0.28867513459481287,route_weight,20,0.01369599997997284
case_025_real,humaneval,middle,real_route_replay,12,6,58,real,2.0,1,3,0.28867513459481287,route_weight,21,0.013407999649643898
case_025_real,humaneval,middle,real_route_replay,12,6,58,real,2.0,1,3,0.28867513459481287,route_weight,22,0.013504000380635262
case_025_real,humaneval,middle,real_route_replay,12,6,58,real,2.0,1,3,0.28867513459481287,route_weight,23,0.015072000212967396
case_025_real,humaneval,middle,real_route_replay,12,6,58,real,2.0,1,3,0.28867513459481287,route_weight,24,0.015424000099301338
case_025_real,humaneval,middle,real_route_replay,12,6,58,real,2.0,1,3,0.28867513459481287,route_weight,25,0.01532800029963255
case_025_real,humaneval,middle,real_route_replay,12,6,58,real,2.0,1,3,0.28867513459481287,route_weight,26,0.018400000408291817
case_025_real,humaneval,middle,real_route_replay,12,6,58,real,2.0,1,3,0.28867513459481287,route_weight,27,0.01375999953597784
case_025_real,humaneval,middle,real_route_replay,12,6,58,real,2.0,1,3,0.28867513459481287,route_weight,28,0.013663999736309052
case_025_real,humaneval,middle,real_route_replay,12,6,58,real,2.0,1,3,0.28867513459481287,route_weight,29,0.013824000023305416
case_025_real,humaneval,middle,real_route_replay,12,6,58,real,2.0,1,3,0.28867513459481287,route_weight,30,0.013952000066637993
case_025_real,humaneval,middle,real_route_replay,12,6,58,real,2.0,1,3,0.28867513459481287,route_weight,31,0.014560000039637089
case_025_real,humaneval,middle,real_route_replay,12,6,58,real,2.0,1,3,0.28867513459481287,route_weight,32,0.01539199985563755
case_025_real,humaneval,middle,real_route_replay,12,6,58,real,2.0,1,3,0.28867513459481287,route_weight,33,0.015135999768972397
case_025_real,humaneval,middle,real_route_replay,12,6,58,real,2.0,1,3,0.28867513459481287,route_weight,34,0.013439999893307686
case_025_real,humaneval,middle,real_route_replay,12,6,58,real,2.0,1,3,0.28867513459481287,route_weight,35,0.014751999638974667
case_025_real,humaneval,middle,real_route_replay,12,6,58,real,2.0,1,3,0.28867513459481287,route_weight,36,0.014592000283300877
case_025_real,humaneval,middle,real_route_replay,12,6,58,real,2.0,1,3,0.28867513459481287,route_weight,37,0.01283199992030859
case_025_real,humaneval,middle,real_route_replay,12,6,58,real,2.0,1,3,0.28867513459481287,route_weight,38,0.013504000380635262
case_025_real,humaneval,middle,real_route_replay,12,6,58,real,2.0,1,3,0.28867513459481287,route_weight,39,0.025599999353289604
case_025_real,humaneval,middle,real_route_replay,12,6,58,real,2.0,1,3,0.28867513459481287,down_full64_prebuilt,0,0.05212799832224846
case_025_real,humaneval,middle,real_route_replay,12,6,58,real,2.0,1,3,0.28867513459481287,down_full64_prebuilt,1,0.050912000238895416
case_025_real,humaneval,middle,real_route_replay,12,6,58,real,2.0,1,3,0.28867513459481287,down_full64_prebuilt,2,0.04819199815392494
case_025_real,humaneval,middle,real_route_replay,12,6,58,real,2.0,1,3,0.28867513459481287,down_full64_prebuilt,3,0.04710400104522705
case_025_real,humaneval,middle,real_route_replay,12,6,58,real,2.0,1,3,0.28867513459481287,down_full64_prebuilt,4,0.04755200073122978
case_025_real,humaneval,middle,real_route_replay,12,6,58,real,2.0,1,3,0.28867513459481287,down_full64_prebuilt,5,0.04710400104522705
case_025_real,humaneval,middle,real_route_replay,12,6,58,real,2.0,1,3,0.28867513459481287,down_full64_prebuilt,6,0.04652800038456917
case_025_real,humaneval,middle,real_route_replay,12,6,58,real,2.0,1,3,0.28867513459481287,down_full64_prebuilt,7,0.046751998364925385
case_025_real,humaneval,middle,real_route_replay,12,6,58,real,2.0,1,3,0.28867513459481287,down_full64_prebuilt,8,0.04896000027656555
case_025_real,humaneval,middle,real_route_replay,12,6,58,real,2.0,1,3,0.28867513459481287,down_full64_prebuilt,9,0.047200001776218414
case_025_real,humaneval,middle,real_route_replay,12,6,58,real,2.0,1,3,0.28867513459481287,down_full64_prebuilt,10,0.047168001532554626
case_025_real,humaneval,middle,real_route_replay,12,6,58,real,2.0,1,3,0.28867513459481287,down_full64_prebuilt,11,0.04630399867892265
case_025_real,humaneval,middle,real_route_replay,12,6,58,real,2.0,1,3,0.28867513459481287,down_full64_prebuilt,12,0.049855999648571014
case_025_real,humaneval,middle,real_route_replay,12,6,58,real,2.0,1,3,0.28867513459481287,down_full64_prebuilt,13,0.05004800111055374
case_025_real,humaneval,middle,real_route_replay,12,6,58,real,2.0,1,3,0.28867513459481287,down_full64_prebuilt,14,0.049375999718904495
case_025_real,humaneval,middle,real_route_replay,12,6,58,real,2.0,1,3,0.28867513459481287,down_full64_prebuilt,15,0.04931199923157692
case_025_real,humaneval,middle,real_route_replay,12,6,58,real,2.0,1,3,0.28867513459481287,down_full64_prebuilt,16,0.050144001841545105
case_025_real,humaneval,middle,real_route_replay,12,6,58,real,2.0,1,3,0.28867513459481287,down_full64_prebuilt,17,0.05119999870657921
case_025_real,humaneval,middle,real_route_replay,12,6,58,real,2.0,1,3,0.28867513459481287,down_full64_prebuilt,18,0.05084799975156784
case_025_real,humaneval,middle,real_route_replay,12,6,58,real,2.0,1,3,0.28867513459481287,down_full64_prebuilt,19,0.0496320016682148
case_025_real,humaneval,middle,real_route_replay,12,6,58,real,2.0,1,3,0.28867513459481287,down_full64_prebuilt,20,0.04995200037956238
case_025_real,humaneval,middle,real_route_replay,12,6,58,real,2.0,1,3,0.28867513459481287,down_full64_prebuilt,21,0.0459199994802475
case_025_real,humaneval,middle,real_route_replay,12,6,58,real,2.0,1,3,0.28867513459481287,down_full64_prebuilt,22,0.04694399982690811
case_025_real,humaneval,middle,real_route_replay,12,6,58,real,2.0,1,3,0.28867513459481287,down_full64_prebuilt,23,0.046560000628232956
case_025_real,humaneval,middle,real_route_replay,12,6,58,real,2.0,1,3,0.28867513459481287,down_full64_prebuilt,24,0.04896000027656555
case_025_real,humaneval,middle,real_route_replay,12,6,58,real,2.0,1,3,0.28867513459481287,down_full64_prebuilt,25,0.06668800115585327
case_025_real,humaneval,middle,real_route_replay,12,6,58,real,2.0,1,3,0.28867513459481287,down_full64_prebuilt,26,0.05673599988222122
case_025_real,humaneval,middle,real_route_replay,12,6,58,real,2.0,1,3,0.28867513459481287,down_full64_prebuilt,27,0.05641600117087364
case_025_real,humaneval,middle,real_route_replay,12,6,58,real,2.0,1,3,0.28867513459481287,down_full64_prebuilt,28,0.054368000477552414
case_025_real,humaneval,middle,real_route_replay,12,6,58,real,2.0,1,3,0.28867513459481287,down_full64_prebuilt,29,0.0544000007212162
case_025_real,humaneval,middle,real_route_replay,12,6,58,real,2.0,1,3,0.28867513459481287,down_full64_prebuilt,30,0.05612799897789955
case_025_real,humaneval,middle,real_route_replay,12,6,58,real,2.0,1,3,0.28867513459481287,down_full64_prebuilt,31,0.05532800033688545
case_025_real,humaneval,middle,real_route_replay,12,6,58,real,2.0,1,3,0.28867513459481287,down_full64_prebuilt,32,0.0570559985935688
case_025_real,humaneval,middle,real_route_replay,12,6,58,real,2.0,1,3,0.28867513459481287,down_full64_prebuilt,33,0.05657599866390228
case_025_real,humaneval,middle,real_route_replay,12,6,58,real,2.0,1,3,0.28867513459481287,down_full64_prebuilt,34,0.05769599974155426
case_025_real,humaneval,middle,real_route_replay,12,6,58,real,2.0,1,3,0.28867513459481287,down_full64_prebuilt,35,0.05584000051021576
case_025_real,humaneval,middle,real_route_replay,12,6,58,real,2.0,1,3,0.28867513459481287,down_full64_prebuilt,36,0.05584000051021576
case_025_real,humaneval,middle,real_route_replay,12,6,58,real,2.0,1,3,0.28867513459481287,down_full64_prebuilt,37,0.0549440011382103
case_025_real,humaneval,middle,real_route_replay,12,6,58,real,2.0,1,3,0.28867513459481287,down_full64_prebuilt,38,0.057792000472545624
case_025_real,humaneval,middle,real_route_replay,12,6,58,real,2.0,1,3,0.28867513459481287,down_full64_prebuilt,39,0.05129599943757057
case_025_real,humaneval,middle,real_route_replay,12,6,58,real,2.0,1,3,0.28867513459481287,gate_up_active_prebuilt,0,0.0655680000782013
case_025_real,humaneval,middle,real_route_replay,12,6,58,real,2.0,1,3,0.28867513459481287,gate_up_active_prebuilt,1,0.06576000154018402
case_025_real,humaneval,middle,real_route_replay,12,6,58,real,2.0,1,3,0.28867513459481287,gate_up_active_prebuilt,2,0.06326399743556976
case_025_real,humaneval,middle,real_route_replay,12,6,58,real,2.0,1,3,0.28867513459481287,gate_up_active_prebuilt,3,0.06345599889755249
case_025_real,humaneval,middle,real_route_replay,12,6,58,real,2.0,1,3,0.28867513459481287,gate_up_active_prebuilt,4,0.06054399907588959
case_025_real,humaneval,middle,real_route_replay,12,6,58,real,2.0,1,3,0.28867513459481287,gate_up_active_prebuilt,5,0.06627199798822403
case_025_real,humaneval,middle,real_route_replay,12,6,58,real,2.0,1,3,0.28867513459481287,gate_up_active_prebuilt,6,0.0663679987192154
case_025_real,humaneval,middle,real_route_replay,12,6,58,real,2.0,1,3,0.28867513459481287,gate_up_active_prebuilt,7,0.06547199934720993
case_025_real,humaneval,middle,real_route_replay,12,6,58,real,2.0,1,3,0.28867513459481287,gate_up_active_prebuilt,8,0.062111999839544296
case_025_real,humaneval,middle,real_route_replay,12,6,58,real,2.0,1,3,0.28867513459481287,gate_up_active_prebuilt,9,0.063680000603199
case_025_real,humaneval,middle,real_route_replay,12,6,58,real,2.0,1,3,0.28867513459481287,gate_up_active_prebuilt,10,0.0626240000128746
case_025_real,humaneval,middle,real_route_replay,12,6,58,real,2.0,1,3,0.28867513459481287,gate_up_active_prebuilt,11,0.06188800185918808
case_025_real,humaneval,middle,real_route_replay,12,6,58,real,2.0,1,3,0.28867513459481287,gate_up_active_prebuilt,12,0.06191999837756157
case_025_real,humaneval,middle,real_route_replay,12,6,58,real,2.0,1,3,0.28867513459481287,gate_up_active_prebuilt,13,0.06217600032687187
case_025_real,humaneval,middle,real_route_replay,12,6,58,real,2.0,1,3,0.28867513459481287,gate_up_active_prebuilt,14,0.06639999896287918
case_025_real,humaneval,middle,real_route_replay,12,6,58,real,2.0,1,3,0.28867513459481287,gate_up_active_prebuilt,15,0.0626240000128746
case_025_real,humaneval,middle,real_route_replay,12,6,58,real,2.0,1,3,0.28867513459481287,gate_up_active_prebuilt,16,0.06470400094985962
case_025_real,humaneval,middle,real_route_replay,12,6,58,real,2.0,1,3,0.28867513459481287,gate_up_active_prebuilt,17,0.06400000303983688
case_025_real,humaneval,middle,real_route_replay,12,6,58,real,2.0,1,3,0.28867513459481287,gate_up_active_prebuilt,18,0.062463998794555664
case_025_real,humaneval,middle,real_route_replay,12,6,58,real,2.0,1,3,0.28867513459481287,gate_up_active_prebuilt,19,0.06172800064086914
case_025_real,humaneval,middle,real_route_replay,12,6,58,real,2.0,1,3,0.28867513459481287,gate_up_active_prebuilt,20,0.06035200133919716
case_025_real,humaneval,middle,real_route_replay,12,6,58,real,2.0,1,3,0.28867513459481287,gate_up_active_prebuilt,21,0.06643199920654297
case_025_real,humaneval,middle,real_route_replay,12,6,58,real,2.0,1,3,0.28867513459481287,gate_up_active_prebuilt,22,0.06233600154519081
case_025_real,humaneval,middle,real_route_replay,12,6,58,real,2.0,1,3,0.28867513459481287,gate_up_active_prebuilt,23,0.06672000139951706
case_025_real,humaneval,middle,real_route_replay,12,6,58,real,2.0,1,3,0.28867513459481287,gate_up_active_prebuilt,24,0.06457599997520447
case_025_real,humaneval,middle,real_route_replay,12,6,58,real,2.0,1,3,0.28867513459481287,gate_up_active_prebuilt,25,0.0713919997215271
case_025_real,humaneval,middle,real_route_replay,12,6,58,real,2.0,1,3,0.28867513459481287,gate_up_active_prebuilt,26,0.0634239986538887
case_025_real,humaneval,middle,real_route_replay,12,6,58,real,2.0,1,3,0.28867513459481287,gate_up_active_prebuilt,27,0.06592000275850296
case_025_real,humaneval,middle,real_route_replay,12,6,58,real,2.0,1,3,0.28867513459481287,gate_up_active_prebuilt,28,0.06297600269317627
case_025_real,humaneval,middle,real_route_replay,12,6,58,real,2.0,1,3,0.28867513459481287,gate_up_active_prebuilt,29,0.063680000603199
case_025_real,humaneval,middle,real_route_replay,12,6,58,real,2.0,1,3,0.28867513459481287,gate_up_active_prebuilt,30,0.06252799928188324
case_025_real,humaneval,middle,real_route_replay,12,6,58,real,2.0,1,3,0.28867513459481287,gate_up_active_prebuilt,31,0.0660799965262413
case_025_real,humaneval,middle,real_route_replay,12,6,58,real,2.0,1,3,0.28867513459481287,gate_up_active_prebuilt,32,0.062463998794555664
case_025_real,humaneval,middle,real_route_replay,12,6,58,real,2.0,1,3,0.28867513459481287,gate_up_active_prebuilt,33,0.06128000095486641
case_025_real,humaneval,middle,real_route_replay,12,6,58,real,2.0,1,3,0.28867513459481287,gate_up_active_prebuilt,34,0.06176000088453293
case_025_real,humaneval,middle,real_route_replay,12,6,58,real,2.0,1,3,0.28867513459481287,gate_up_active_prebuilt,35,0.06364800035953522
case_025_real,humaneval,middle,real_route_replay,12,6,58,real,2.0,1,3,0.28867513459481287,gate_up_active_prebuilt,36,0.061216000467538834
case_025_real,humaneval,middle,real_route_replay,12,6,58,real,2.0,1,3,0.28867513459481287,gate_up_active_prebuilt,37,0.06377600133419037
case_025_real,humaneval,middle,real_route_replay,12,6,58,real,2.0,1,3,0.28867513459481287,gate_up_active_prebuilt,38,0.06275200098752975
case_025_real,humaneval,middle,real_route_replay,12,6,58,real,2.0,1,3,0.28867513459481287,gate_up_active_prebuilt,39,0.06393600255250931
case_025_real,humaneval,middle,real_route_replay,12,6,58,real,2.0,1,3,0.28867513459481287,gate_up_full64_prebuilt,0,0.06444799900054932
case_025_real,humaneval,middle,real_route_replay,12,6,58,real,2.0,1,3,0.28867513459481287,gate_up_full64_prebuilt,1,0.06675200164318085
case_025_real,humaneval,middle,real_route_replay,12,6,58,real,2.0,1,3,0.28867513459481287,gate_up_full64_prebuilt,2,0.0655680000782013
case_025_real,humaneval,middle,real_route_replay,12,6,58,real,2.0,1,3,0.28867513459481287,gate_up_full64_prebuilt,3,0.06387200206518173
case_025_real,humaneval,middle,real_route_replay,12,6,58,real,2.0,1,3,0.28867513459481287,gate_up_full64_prebuilt,4,0.061216000467538834
case_025_real,humaneval,middle,real_route_replay,12,6,58,real,2.0,1,3,0.28867513459481287,gate_up_full64_prebuilt,5,0.06460800021886826
case_025_real,humaneval,middle,real_route_replay,12,6,58,real,2.0,1,3,0.28867513459481287,gate_up_full64_prebuilt,6,0.06224000081419945
case_025_real,humaneval,middle,real_route_replay,12,6,58,real,2.0,1,3,0.28867513459481287,gate_up_full64_prebuilt,7,0.06415999680757523
case_025_real,humaneval,middle,real_route_replay,12,6,58,real,2.0,1,3,0.28867513459481287,gate_up_full64_prebuilt,8,0.06361600011587143
case_025_real,humaneval,middle,real_route_replay,12,6,58,real,2.0,1,3,0.28867513459481287,gate_up_full64_prebuilt,9,0.0631679967045784
case_025_real,humaneval,middle,real_route_replay,12,6,58,real,2.0,1,3,0.28867513459481287,gate_up_full64_prebuilt,10,0.06339199841022491
case_025_real,humaneval,middle,real_route_replay,12,6,58,real,2.0,1,3,0.28867513459481287,gate_up_full64_prebuilt,11,0.0629120022058487
case_025_real,humaneval,middle,real_route_replay,12,6,58,real,2.0,1,3,0.28867513459481287,gate_up_full64_prebuilt,12,0.07004799693822861
case_025_real,humaneval,middle,real_route_replay,12,6,58,real,2.0,1,3,0.28867513459481287,gate_up_full64_prebuilt,13,0.06224000081419945
case_025_real,humaneval,middle,real_route_replay,12,6,58,real,2.0,1,3,0.28867513459481287,gate_up_full64_prebuilt,14,0.06268800050020218
case_025_real,humaneval,middle,real_route_replay,12,6,58,real,2.0,1,3,0.28867513459481287,gate_up_full64_prebuilt,15,0.061983998864889145
case_025_real,humaneval,middle,real_route_replay,12,6,58,real,2.0,1,3,0.28867513459481287,gate_up_full64_prebuilt,16,0.061792001128196716
case_025_real,humaneval,middle,real_route_replay,12,6,58,real,2.0,1,3,0.28867513459481287,gate_up_full64_prebuilt,17,0.0634239986538887
case_025_real,humaneval,middle,real_route_replay,12,6,58,real,2.0,1,3,0.28867513459481287,gate_up_full64_prebuilt,18,0.06272000074386597
case_025_real,humaneval,middle,real_route_replay,12,6,58,real,2.0,1,3,0.28867513459481287,gate_up_full64_prebuilt,19,0.06431999802589417
case_025_real,humaneval,middle,real_route_replay,12,6,58,real,2.0,1,3,0.28867513459481287,gate_up_full64_prebuilt,20,0.06092799827456474
case_025_real,humaneval,middle,real_route_replay,12,6,58,real,2.0,1,3,0.28867513459481287,gate_up_full64_prebuilt,21,0.06511999666690826
case_025_real,humaneval,middle,real_route_replay,12,6,58,real,2.0,1,3,0.28867513459481287,gate_up_full64_prebuilt,22,0.06297600269317627
case_025_real,humaneval,middle,real_route_replay,12,6,58,real,2.0,1,3,0.28867513459481287,gate_up_full64_prebuilt,23,0.0623680017888546
case_025_real,humaneval,middle,real_route_replay,12,6,58,real,2.0,1,3,0.28867513459481287,gate_up_full64_prebuilt,24,0.06547199934720993
case_025_real,humaneval,middle,real_route_replay,12,6,58,real,2.0,1,3,0.28867513459481287,gate_up_full64_prebuilt,25,0.06646399945020676
case_025_real,humaneval,middle,real_route_replay,12,6,58,real,2.0,1,3,0.28867513459481287,gate_up_full64_prebuilt,26,0.06515199691057205
case_025_real,humaneval,middle,real_route_replay,12,6,58,real,2.0,1,3,0.28867513459481287,gate_up_full64_prebuilt,27,0.0631679967045784
case_025_real,humaneval,middle,real_route_replay,12,6,58,real,2.0,1,3,0.28867513459481287,gate_up_full64_prebuilt,28,0.07123199850320816
case_025_real,humaneval,middle,real_route_replay,12,6,58,real,2.0,1,3,0.28867513459481287,gate_up_full64_prebuilt,29,0.06348799914121628
case_025_real,humaneval,middle,real_route_replay,12,6,58,real,2.0,1,3,0.28867513459481287,gate_up_full64_prebuilt,30,0.0660799965262413
case_025_real,humaneval,middle,real_route_replay,12,6,58,real,2.0,1,3,0.28867513459481287,gate_up_full64_prebuilt,31,0.06694400310516357
case_025_real,humaneval,middle,real_route_replay,12,6,58,real,2.0,1,3,0.28867513459481287,gate_up_full64_prebuilt,32,0.06515199691057205
case_025_real,humaneval,middle,real_route_replay,12,6,58,real,2.0,1,3,0.28867513459481287,gate_up_full64_prebuilt,33,0.06313599646091461
case_025_real,humaneval,middle,real_route_replay,12,6,58,real,2.0,1,3,0.28867513459481287,gate_up_full64_prebuilt,34,0.06233600154519081
case_025_real,humaneval,middle,real_route_replay,12,6,58,real,2.0,1,3,0.28867513459481287,gate_up_full64_prebuilt,35,0.06329599767923355
case_025_real,humaneval,middle,real_route_replay,12,6,58,real,2.0,1,3,0.28867513459481287,gate_up_full64_prebuilt,36,0.06668800115585327
case_025_real,humaneval,middle,real_route_replay,12,6,58,real,2.0,1,3,0.28867513459481287,gate_up_full64_prebuilt,37,0.06313599646091461
case_025_real,humaneval,middle,real_route_replay,12,6,58,real,2.0,1,3,0.28867513459481287,gate_up_full64_prebuilt,38,0.06415999680757523
case_025_real,humaneval,middle,real_route_replay,12,6,58,real,2.0,1,3,0.28867513459481287,gate_up_full64_prebuilt,39,0.06255999952554703
case_026_real,humaneval,middle,real_route_replay,137,19,45,real,7.2105263157894735,2,33,1.0719742920108508,swiglu,0,0.02489599958062172
case_026_real,humaneval,middle,real_route_replay,137,19,45,real,7.2105263157894735,2,33,1.0719742920108508,swiglu,1,0.022336000576615334
case_026_real,humaneval,middle,real_route_replay,137,19,45,real,7.2105263157894735,2,33,1.0719742920108508,swiglu,2,0.0318400003015995
case_026_real,humaneval,middle,real_route_replay,137,19,45,real,7.2105263157894735,2,33,1.0719742920108508,swiglu,3,0.024032000452280045
case_026_real,humaneval,middle,real_route_replay,137,19,45,real,7.2105263157894735,2,33,1.0719742920108508,swiglu,4,0.023744000121951103
case_026_real,humaneval,middle,real_route_replay,137,19,45,real,7.2105263157894735,2,33,1.0719742920108508,swiglu,5,0.0208320003002882
case_026_real,humaneval,middle,real_route_replay,137,19,45,real,7.2105263157894735,2,33,1.0719742920108508,swiglu,6,0.020927999168634415
case_026_real,humaneval,middle,real_route_replay,137,19,45,real,7.2105263157894735,2,33,1.0719742920108508,swiglu,7,0.020959999412298203
case_026_real,humaneval,middle,real_route_replay,137,19,45,real,7.2105263157894735,2,33,1.0719742920108508,swiglu,8,0.022624000906944275
case_026_real,humaneval,middle,real_route_replay,137,19,45,real,7.2105263157894735,2,33,1.0719742920108508,swiglu,9,0.023264000192284584
case_026_real,humaneval,middle,real_route_replay,137,19,45,real,7.2105263157894735,2,33,1.0719742920108508,swiglu,10,0.023360000923275948
case_026_real,humaneval,middle,real_route_replay,137,19,45,real,7.2105263157894735,2,33,1.0719742920108508,swiglu,11,0.022592000663280487
case_026_real,humaneval,middle,real_route_replay,137,19,45,real,7.2105263157894735,2,33,1.0719742920108508,swiglu,12,0.023552000522613525
case_026_real,humaneval,middle,real_route_replay,137,19,45,real,7.2105263157894735,2,33,1.0719742920108508,swiglu,13,0.023520000278949738
case_026_real,humaneval,middle,real_route_replay,137,19,45,real,7.2105263157894735,2,33,1.0719742920108508,swiglu,14,0.026464000344276428
case_026_real,humaneval,middle,real_route_replay,137,19,45,real,7.2105263157894735,2,33,1.0719742920108508,swiglu,15,0.023520000278949738
case_026_real,humaneval,middle,real_route_replay,137,19,45,real,7.2105263157894735,2,33,1.0719742920108508,swiglu,16,0.0244159996509552
case_026_real,humaneval,middle,real_route_replay,137,19,45,real,7.2105263157894735,2,33,1.0719742920108508,swiglu,17,0.021983999758958817
case_026_real,humaneval,middle,real_route_replay,137,19,45,real,7.2105263157894735,2,33,1.0719742920108508,swiglu,18,0.021183999255299568
case_026_real,humaneval,middle,real_route_replay,137,19,45,real,7.2105263157894735,2,33,1.0719742920108508,swiglu,19,0.021503999829292297
case_026_real,humaneval,middle,real_route_replay,137,19,45,real,7.2105263157894735,2,33,1.0719742920108508,swiglu,20,0.0226879995316267
case_026_real,humaneval,middle,real_route_replay,137,19,45,real,7.2105263157894735,2,33,1.0719742920108508,swiglu,21,0.022495999932289124
case_026_real,humaneval,middle,real_route_replay,137,19,45,real,7.2105263157894735,2,33,1.0719742920108508,swiglu,22,0.022911999374628067
case_026_real,humaneval,middle,real_route_replay,137,19,45,real,7.2105263157894735,2,33,1.0719742920108508,swiglu,23,0.01929599978029728
case_026_real,humaneval,middle,real_route_replay,137,19,45,real,7.2105263157894735,2,33,1.0719742920108508,swiglu,24,0.020191999152302742
case_026_real,humaneval,middle,real_route_replay,137,19,45,real,7.2105263157894735,2,33,1.0719742920108508,swiglu,25,0.029503999277949333
case_026_real,humaneval,middle,real_route_replay,137,19,45,real,7.2105263157894735,2,33,1.0719742920108508,swiglu,26,0.020479999482631683
case_026_real,humaneval,middle,real_route_replay,137,19,45,real,7.2105263157894735,2,33,1.0719742920108508,swiglu,27,0.020096000283956528
case_026_real,humaneval,middle,real_route_replay,137,19,45,real,7.2105263157894735,2,33,1.0719742920108508,swiglu,28,0.02006400004029274
case_026_real,humaneval,middle,real_route_replay,137,19,45,real,7.2105263157894735,2,33,1.0719742920108508,swiglu,29,0.02054399996995926
case_026_real,humaneval,middle,real_route_replay,137,19,45,real,7.2105263157894735,2,33,1.0719742920108508,swiglu,30,0.020479999482631683
case_026_real,humaneval,middle,real_route_replay,137,19,45,real,7.2105263157894735,2,33,1.0719742920108508,swiglu,31,0.020160000771284103
case_026_real,humaneval,middle,real_route_replay,137,19,45,real,7.2105263157894735,2,33,1.0719742920108508,swiglu,32,0.03411199897527695
case_026_real,humaneval,middle,real_route_replay,137,19,45,real,7.2105263157894735,2,33,1.0719742920108508,swiglu,33,0.03126399964094162
case_026_real,humaneval,middle,real_route_replay,137,19,45,real,7.2105263157894735,2,33,1.0719742920108508,swiglu,34,0.03219199925661087
case_026_real,humaneval,middle,real_route_replay,137,19,45,real,7.2105263157894735,2,33,1.0719742920108508,swiglu,35,0.04505600035190582
case_026_real,humaneval,middle,real_route_replay,137,19,45,real,7.2105263157894735,2,33,1.0719742920108508,swiglu,36,0.033344000577926636
case_026_real,humaneval,middle,real_route_replay,137,19,45,real,7.2105263157894735,2,33,1.0719742920108508,swiglu,37,0.0323840007185936
case_026_real,humaneval,middle,real_route_replay,137,19,45,real,7.2105263157894735,2,33,1.0719742920108508,swiglu,38,0.033215999603271484
case_026_real,humaneval,middle,real_route_replay,137,19,45,real,7.2105263157894735,2,33,1.0719742920108508,swiglu,39,0.035840000957250595
case_026_real,humaneval,middle,real_route_replay,137,19,45,real,7.2105263157894735,2,33,1.0719742920108508,route_weight,0,0.02332800067961216
case_026_real,humaneval,middle,real_route_replay,137,19,45,real,7.2105263157894735,2,33,1.0719742920108508,route_weight,1,0.023231999948620796
case_026_real,humaneval,middle,real_route_replay,137,19,45,real,7.2105263157894735,2,33,1.0719742920108508,route_weight,2,0.0208320003002882
case_026_real,humaneval,middle,real_route_replay,137,19,45,real,7.2105263157894735,2,33,1.0719742920108508,route_weight,3,0.03705599904060364
case_026_real,humaneval,middle,real_route_replay,137,19,45,real,7.2105263157894735,2,33,1.0719742920108508,route_weight,4,0.02195199951529503
case_026_real,humaneval,middle,real_route_replay,137,19,45,real,7.2105263157894735,2,33,1.0719742920108508,route_weight,5,0.02287999913096428
case_026_real,humaneval,middle,real_route_replay,137,19,45,real,7.2105263157894735,2,33,1.0719742920108508,route_weight,6,0.02143999934196472
case_026_real,humaneval,middle,real_route_replay,137,19,45,real,7.2105263157894735,2,33,1.0719742920108508,route_weight,7,0.023615999147295952
case_026_real,humaneval,middle,real_route_replay,137,19,45,real,7.2105263157894735,2,33,1.0719742920108508,route_weight,8,0.02304000034928322
case_026_real,humaneval,middle,real_route_replay,137,19,45,real,7.2105263157894735,2,33,1.0719742920108508,route_weight,9,0.022975999861955643
case_026_real,humaneval,middle,real_route_replay,137,19,45,real,7.2105263157894735,2,33,1.0719742920108508,route_weight,10,0.014112000353634357
case_026_real,humaneval,middle,real_route_replay,137,19,45,real,7.2105263157894735,2,33,1.0719742920108508,route_weight,11,0.0144640002399683
case_026_real,humaneval,middle,real_route_replay,137,19,45,real,7.2105263157894735,2,33,1.0719742920108508,route_weight,12,0.014399999752640724
case_026_real,humaneval,middle,real_route_replay,137,19,45,real,7.2105263157894735,2,33,1.0719742920108508,route_weight,13,0.01865600049495697
case_026_real,humaneval,middle,real_route_replay,137,19,45,real,7.2105263157894735,2,33,1.0719742920108508,route_weight,14,0.015615999698638916
case_026_real,humaneval,middle,real_route_replay,137,19,45,real,7.2105263157894735,2,33,1.0719742920108508,route_weight,15,0.014592000283300877
case_026_real,humaneval,middle,real_route_replay,137,19,45,real,7.2105263157894735,2,33,1.0719742920108508,route_weight,16,0.020800000056624413
case_026_real,humaneval,middle,real_route_replay,137,19,45,real,7.2105263157894735,2,33,1.0719742920108508,route_weight,17,0.014783999882638454
case_026_real,humaneval,middle,real_route_replay,137,19,45,real,7.2105263157894735,2,33,1.0719742920108508,route_weight,18,0.015456000342965126
case_026_real,humaneval,middle,real_route_replay,137,19,45,real,7.2105263157894735,2,33,1.0719742920108508,route_weight,19,0.014751999638974667
case_026_real,humaneval,middle,real_route_replay,137,19,45,real,7.2105263157894735,2,33,1.0719742920108508,route_weight,20,0.014816000126302242
case_026_real,humaneval,middle,real_route_replay,137,19,45,real,7.2105263157894735,2,33,1.0719742920108508,route_weight,21,0.015135999768972397
case_026_real,humaneval,middle,real_route_replay,137,19,45,real,7.2105263157894735,2,33,1.0719742920108508,route_weight,22,0.014399999752640724
case_026_real,humaneval,middle,real_route_replay,137,19,45,real,7.2105263157894735,2,33,1.0719742920108508,route_weight,23,0.0144640002399683
case_026_real,humaneval,middle,real_route_replay,137,19,45,real,7.2105263157894735,2,33,1.0719742920108508,route_weight,24,0.014592000283300877
case_026_real,humaneval,middle,real_route_replay,137,19,45,real,7.2105263157894735,2,33,1.0719742920108508,route_weight,25,0.01724799908697605
case_026_real,humaneval,middle,real_route_replay,137,19,45,real,7.2105263157894735,2,33,1.0719742920108508,route_weight,26,0.013856000266969204
case_026_real,humaneval,middle,real_route_replay,137,19,45,real,7.2105263157894735,2,33,1.0719742920108508,route_weight,27,0.013024000450968742
case_026_real,humaneval,middle,real_route_replay,137,19,45,real,7.2105263157894735,2,33,1.0719742920108508,route_weight,28,0.013887999579310417
case_026_real,humaneval,middle,real_route_replay,137,19,45,real,7.2105263157894735,2,33,1.0719742920108508,route_weight,29,0.014592000283300877
case_026_real,humaneval,middle,real_route_replay,137,19,45,real,7.2105263157894735,2,33,1.0719742920108508,route_weight,30,0.0144640002399683
case_026_real,humaneval,middle,real_route_replay,137,19,45,real,7.2105263157894735,2,33,1.0719742920108508,route_weight,31,0.014431999996304512
case_026_real,humaneval,middle,real_route_replay,137,19,45,real,7.2105263157894735,2,33,1.0719742920108508,route_weight,32,0.01462399959564209
case_026_real,humaneval,middle,real_route_replay,137,19,45,real,7.2105263157894735,2,33,1.0719742920108508,route_weight,33,0.013248000293970108
case_026_real,humaneval,middle,real_route_replay,137,19,45,real,7.2105263157894735,2,33,1.0719742920108508,route_weight,34,0.01321600005030632
case_026_real,humaneval,middle,real_route_replay,137,19,45,real,7.2105263157894735,2,33,1.0719742920108508,route_weight,35,0.012671999633312225
case_026_real,humaneval,middle,real_route_replay,137,19,45,real,7.2105263157894735,2,33,1.0719742920108508,route_weight,36,0.013535999692976475
case_026_real,humaneval,middle,real_route_replay,137,19,45,real,7.2105263157894735,2,33,1.0719742920108508,route_weight,37,0.013632000423967838
case_026_real,humaneval,middle,real_route_replay,137,19,45,real,7.2105263157894735,2,33,1.0719742920108508,route_weight,38,0.01961600035429001
case_026_real,humaneval,middle,real_route_replay,137,19,45,real,7.2105263157894735,2,33,1.0719742920108508,route_weight,39,0.014495999552309513
case_026_real,humaneval,middle,real_route_replay,137,19,45,real,7.2105263157894735,2,33,1.0719742920108508,down_active_prebuilt,0,0.11158400028944016
case_026_real,humaneval,middle,real_route_replay,137,19,45,real,7.2105263157894735,2,33,1.0719742920108508,down_active_prebuilt,1,0.09715200215578079
case_026_real,humaneval,middle,real_route_replay,137,19,45,real,7.2105263157894735,2,33,1.0719742920108508,down_active_prebuilt,2,0.09734400361776352
case_026_real,humaneval,middle,real_route_replay,137,19,45,real,7.2105263157894735,2,33,1.0719742920108508,down_active_prebuilt,3,0.09804800152778625
case_026_real,humaneval,middle,real_route_replay,137,19,45,real,7.2105263157894735,2,33,1.0719742920108508,down_active_prebuilt,4,0.09667199850082397
case_026_real,humaneval,middle,real_route_replay,137,19,45,real,7.2105263157894735,2,33,1.0719742920108508,down_active_prebuilt,5,0.09663999825716019
case_026_real,humaneval,middle,real_route_replay,137,19,45,real,7.2105263157894735,2,33,1.0719742920108508,down_active_prebuilt,6,0.09647999703884125
case_026_real,humaneval,middle,real_route_replay,137,19,45,real,7.2105263157894735,2,33,1.0719742920108508,down_active_prebuilt,7,0.09971199929714203
case_026_real,humaneval,middle,real_route_replay,137,19,45,real,7.2105263157894735,2,33,1.0719742920108508,down_active_prebuilt,8,0.09833600372076035
case_026_real,humaneval,middle,real_route_replay,137,19,45,real,7.2105263157894735,2,33,1.0719742920108508,down_active_prebuilt,9,0.09715200215578079
case_026_real,humaneval,middle,real_route_replay,137,19,45,real,7.2105263157894735,2,33,1.0719742920108508,down_active_prebuilt,10,0.09558399766683578
case_026_real,humaneval,middle,real_route_replay,137,19,45,real,7.2105263157894735,2,33,1.0719742920108508,down_active_prebuilt,11,0.09702400118112564
case_026_real,humaneval,middle,real_route_replay,137,19,45,real,7.2105263157894735,2,33,1.0719742920108508,down_active_prebuilt,12,0.09811200201511383
case_026_real,humaneval,middle,real_route_replay,137,19,45,real,7.2105263157894735,2,33,1.0719742920108508,down_active_prebuilt,13,0.09696000069379807
case_026_real,humaneval,middle,real_route_replay,137,19,45,real,7.2105263157894735,2,33,1.0719742920108508,down_active_prebuilt,14,0.09743999689817429
case_026_real,humaneval,middle,real_route_replay,137,19,45,real,7.2105263157894735,2,33,1.0719742920108508,down_active_prebuilt,15,0.1032319962978363
case_026_real,humaneval,middle,real_route_replay,137,19,45,real,7.2105263157894735,2,33,1.0719742920108508,down_active_prebuilt,16,0.09609600156545639
case_026_real,humaneval,middle,real_route_replay,137,19,45,real,7.2105263157894735,2,33,1.0719742920108508,down_active_prebuilt,17,0.09788800030946732
case_026_real,humaneval,middle,real_route_replay,137,19,45,real,7.2105263157894735,2,33,1.0719742920108508,down_active_prebuilt,18,0.09763199836015701
case_026_real,humaneval,middle,real_route_replay,137,19,45,real,7.2105263157894735,2,33,1.0719742920108508,down_active_prebuilt,19,0.09536000341176987
case_026_real,humaneval,middle,real_route_replay,137,19,45,real,7.2105263157894735,2,33,1.0719742920108508,down_active_prebuilt,20,0.09398400038480759
case_026_real,humaneval,middle,real_route_replay,137,19,45,real,7.2105263157894735,2,33,1.0719742920108508,down_active_prebuilt,21,0.09577599912881851
case_026_real,humaneval,middle,real_route_replay,137,19,45,real,7.2105263157894735,2,33,1.0719742920108508,down_active_prebuilt,22,0.09590400010347366
case_026_real,humaneval,middle,real_route_replay,137,19,45,real,7.2105263157894735,2,33,1.0719742920108508,down_active_prebuilt,23,0.10524799674749374
case_026_real,humaneval,middle,real_route_replay,137,19,45,real,7.2105263157894735,2,33,1.0719742920108508,down_active_prebuilt,24,0.09948799759149551
case_026_real,humaneval,middle,real_route_replay,137,19,45,real,7.2105263157894735,2,33,1.0719742920108508,down_active_prebuilt,25,0.09382399916648865
case_026_real,humaneval,middle,real_route_replay,137,19,45,real,7.2105263157894735,2,33,1.0719742920108508,down_active_prebuilt,26,0.09523200243711472
case_026_real,humaneval,middle,real_route_replay,137,19,45,real,7.2105263157894735,2,33,1.0719742920108508,down_active_prebuilt,27,0.09510400146245956
case_026_real,humaneval,middle,real_route_replay,137,19,45,real,7.2105263157894735,2,33,1.0719742920108508,down_active_prebuilt,28,0.09561599791049957
case_026_real,humaneval,middle,real_route_replay,137,19,45,real,7.2105263157894735,2,33,1.0719742920108508,down_active_prebuilt,29,0.095551997423172
case_026_real,humaneval,middle,real_route_replay,137,19,45,real,7.2105263157894735,2,33,1.0719742920108508,down_active_prebuilt,30,0.09657599776983261
case_026_real,humaneval,middle,real_route_replay,137,19,45,real,7.2105263157894735,2,33,1.0719742920108508,down_active_prebuilt,31,0.10063999891281128
case_026_real,humaneval,middle,real_route_replay,137,19,45,real,7.2105263157894735,2,33,1.0719742920108508,down_active_prebuilt,32,0.09491200000047684
case_026_real,humaneval,middle,real_route_replay,137,19,45,real,7.2105263157894735,2,33,1.0719742920108508,down_active_prebuilt,33,0.09737599641084671
case_026_real,humaneval,middle,real_route_replay,137,19,45,real,7.2105263157894735,2,33,1.0719742920108508,down_active_prebuilt,34,0.09814400225877762
case_026_real,humaneval,middle,real_route_replay,137,19,45,real,7.2105263157894735,2,33,1.0719742920108508,down_active_prebuilt,35,0.09737599641084671
case_026_real,humaneval,middle,real_route_replay,137,19,45,real,7.2105263157894735,2,33,1.0719742920108508,down_active_prebuilt,36,0.09862399846315384
case_026_real,humaneval,middle,real_route_replay,137,19,45,real,7.2105263157894735,2,33,1.0719742920108508,down_active_prebuilt,37,0.09932799637317657
case_026_real,humaneval,middle,real_route_replay,137,19,45,real,7.2105263157894735,2,33,1.0719742920108508,down_active_prebuilt,38,0.09484799951314926
case_026_real,humaneval,middle,real_route_replay,137,19,45,real,7.2105263157894735,2,33,1.0719742920108508,down_active_prebuilt,39,0.09484799951314926
case_026_real,humaneval,middle,real_route_replay,137,19,45,real,7.2105263157894735,2,33,1.0719742920108508,gate_up_active_prebuilt,0,0.15302400290966034
case_026_real,humaneval,middle,real_route_replay,137,19,45,real,7.2105263157894735,2,33,1.0719742920108508,gate_up_active_prebuilt,1,0.15263999998569489
case_026_real,humaneval,middle,real_route_replay,137,19,45,real,7.2105263157894735,2,33,1.0719742920108508,gate_up_active_prebuilt,2,0.15107199549674988
case_026_real,humaneval,middle,real_route_replay,137,19,45,real,7.2105263157894735,2,33,1.0719742920108508,gate_up_active_prebuilt,3,0.1520639955997467
case_026_real,humaneval,middle,real_route_replay,137,19,45,real,7.2105263157894735,2,33,1.0719742920108508,gate_up_active_prebuilt,4,0.14665600657463074
case_026_real,humaneval,middle,real_route_replay,137,19,45,real,7.2105263157894735,2,33,1.0719742920108508,gate_up_active_prebuilt,5,0.14102399349212646
case_026_real,humaneval,middle,real_route_replay,137,19,45,real,7.2105263157894735,2,33,1.0719742920108508,gate_up_active_prebuilt,6,0.1488959938287735
case_026_real,humaneval,middle,real_route_replay,137,19,45,real,7.2105263157894735,2,33,1.0719742920108508,gate_up_active_prebuilt,7,0.14707200229167938
case_026_real,humaneval,middle,real_route_replay,137,19,45,real,7.2105263157894735,2,33,1.0719742920108508,gate_up_active_prebuilt,8,0.15004800260066986
case_026_real,humaneval,middle,real_route_replay,137,19,45,real,7.2105263157894735,2,33,1.0719742920108508,gate_up_active_prebuilt,9,0.14953599870204926
case_026_real,humaneval,middle,real_route_replay,137,19,45,real,7.2105263157894735,2,33,1.0719742920108508,gate_up_active_prebuilt,10,0.14771200716495514
case_026_real,humaneval,middle,real_route_replay,137,19,45,real,7.2105263157894735,2,33,1.0719742920108508,gate_up_active_prebuilt,11,0.14793600142002106
case_026_real,humaneval,middle,real_route_replay,137,19,45,real,7.2105263157894735,2,33,1.0719742920108508,gate_up_active_prebuilt,12,0.15059199929237366
case_026_real,humaneval,middle,real_route_replay,137,19,45,real,7.2105263157894735,2,33,1.0719742920108508,gate_up_active_prebuilt,13,0.15132799744606018
case_026_real,humaneval,middle,real_route_replay,137,19,45,real,7.2105263157894735,2,33,1.0719742920108508,gate_up_active_prebuilt,14,0.14691199362277985
case_026_real,humaneval,middle,real_route_replay,137,19,45,real,7.2105263157894735,2,33,1.0719742920108508,gate_up_active_prebuilt,15,0.14166399836540222
case_026_real,humaneval,middle,real_route_replay,137,19,45,real,7.2105263157894735,2,33,1.0719742920108508,gate_up_active_prebuilt,16,0.15267199277877808
case_026_real,humaneval,middle,real_route_replay,137,19,45,real,7.2105263157894735,2,33,1.0719742920108508,gate_up_active_prebuilt,17,0.15382400155067444
case_026_real,humaneval,middle,real_route_replay,137,19,45,real,7.2105263157894735,2,33,1.0719742920108508,gate_up_active_prebuilt,18,0.1488959938287735
case_026_real,humaneval,middle,real_route_replay,137,19,45,real,7.2105263157894735,2,33,1.0719742920108508,gate_up_active_prebuilt,19,0.15011200308799744
case_026_real,humaneval,middle,real_route_replay,137,19,45,real,7.2105263157894735,2,33,1.0719742920108508,gate_up_active_prebuilt,20,0.15190400183200836
case_026_real,humaneval,middle,real_route_replay,137,19,45,real,7.2105263157894735,2,33,1.0719742920108508,gate_up_active_prebuilt,21,0.14927999675273895
case_026_real,humaneval,middle,real_route_replay,137,19,45,real,7.2105263157894735,2,33,1.0719742920108508,gate_up_active_prebuilt,22,0.14822399616241455
case_026_real,humaneval,middle,real_route_replay,137,19,45,real,7.2105263157894735,2,33,1.0719742920108508,gate_up_active_prebuilt,23,0.1462399959564209
case_026_real,humaneval,middle,real_route_replay,137,19,45,real,7.2105263157894735,2,33,1.0719742920108508,gate_up_active_prebuilt,24,0.1536960005760193
case_026_real,humaneval,middle,real_route_replay,137,19,45,real,7.2105263157894735,2,33,1.0719742920108508,gate_up_active_prebuilt,25,0.14854399859905243
case_026_real,humaneval,middle,real_route_replay,137,19,45,real,7.2105263157894735,2,33,1.0719742920108508,gate_up_active_prebuilt,26,0.14313599467277527
case_026_real,humaneval,middle,real_route_replay,137,19,45,real,7.2105263157894735,2,33,1.0719742920108508,gate_up_active_prebuilt,27,0.14950400590896606
case_026_real,humaneval,middle,real_route_replay,137,19,45,real,7.2105263157894735,2,33,1.0719742920108508,gate_up_active_prebuilt,28,0.14617599546909332
case_026_real,humaneval,middle,real_route_replay,137,19,45,real,7.2105263157894735,2,33,1.0719742920108508,gate_up_active_prebuilt,29,0.1422400027513504
case_026_real,humaneval,middle,real_route_replay,137,19,45,real,7.2105263157894735,2,33,1.0719742920108508,gate_up_active_prebuilt,30,0.14086399972438812
case_026_real,humaneval,middle,real_route_replay,137,19,45,real,7.2105263157894735,2,33,1.0719742920108508,gate_up_active_prebuilt,31,0.14480000734329224
case_026_real,humaneval,middle,real_route_replay,137,19,45,real,7.2105263157894735,2,33,1.0719742920108508,gate_up_active_prebuilt,32,0.14451199769973755
case_026_real,humaneval,middle,real_route_replay,137,19,45,real,7.2105263157894735,2,33,1.0719742920108508,gate_up_active_prebuilt,33,0.144896000623703
case_026_real,humaneval,middle,real_route_replay,137,19,45,real,7.2105263157894735,2,33,1.0719742920108508,gate_up_active_prebuilt,34,0.14268800616264343
case_026_real,humaneval,middle,real_route_replay,137,19,45,real,7.2105263157894735,2,33,1.0719742920108508,gate_up_active_prebuilt,35,0.14006400108337402
case_026_real,humaneval,middle,real_route_replay,137,19,45,real,7.2105263157894735,2,33,1.0719742920108508,gate_up_active_prebuilt,36,0.14054399728775024
case_026_real,humaneval,middle,real_route_replay,137,19,45,real,7.2105263157894735,2,33,1.0719742920108508,gate_up_active_prebuilt,37,0.14230400323867798
case_026_real,humaneval,middle,real_route_replay,137,19,45,real,7.2105263157894735,2,33,1.0719742920108508,gate_up_active_prebuilt,38,0.13728000223636627
case_026_real,humaneval,middle,real_route_replay,137,19,45,real,7.2105263157894735,2,33,1.0719742920108508,gate_up_active_prebuilt,39,0.13792000710964203
case_026_real,humaneval,middle,real_route_replay,137,19,45,real,7.2105263157894735,2,33,1.0719742920108508,gate_up_full64_prebuilt,0,0.13945600390434265
case_026_real,humaneval,middle,real_route_replay,137,19,45,real,7.2105263157894735,2,33,1.0719742920108508,gate_up_full64_prebuilt,1,0.14745600521564484
case_026_real,humaneval,middle,real_route_replay,137,19,45,real,7.2105263157894735,2,33,1.0719742920108508,gate_up_full64_prebuilt,2,0.14150400459766388
case_026_real,humaneval,middle,real_route_replay,137,19,45,real,7.2105263157894735,2,33,1.0719742920108508,gate_up_full64_prebuilt,3,0.1401280015707016
case_026_real,humaneval,middle,real_route_replay,137,19,45,real,7.2105263157894735,2,33,1.0719742920108508,gate_up_full64_prebuilt,4,0.13929599523544312
case_026_real,humaneval,middle,real_route_replay,137,19,45,real,7.2105263157894735,2,33,1.0719742920108508,gate_up_full64_prebuilt,5,0.13952000439167023
case_026_real,humaneval,middle,real_route_replay,137,19,45,real,7.2105263157894735,2,33,1.0719742920108508,gate_up_full64_prebuilt,6,0.14179199934005737
case_026_real,humaneval,middle,real_route_replay,137,19,45,real,7.2105263157894735,2,33,1.0719742920108508,gate_up_full64_prebuilt,7,0.1385280042886734
case_026_real,humaneval,middle,real_route_replay,137,19,45,real,7.2105263157894735,2,33,1.0719742920108508,gate_up_full64_prebuilt,8,0.1398400068283081
case_026_real,humaneval,middle,real_route_replay,137,19,45,real,7.2105263157894735,2,33,1.0719742920108508,gate_up_full64_prebuilt,9,0.14108799397945404
case_026_real,humaneval,middle,real_route_replay,137,19,45,real,7.2105263157894735,2,33,1.0719742920108508,gate_up_full64_prebuilt,10,0.14032000303268433
case_026_real,humaneval,middle,real_route_replay,137,19,45,real,7.2105263157894735,2,33,1.0719742920108508,gate_up_full64_prebuilt,11,0.14233599603176117
case_026_real,humaneval,middle,real_route_replay,137,19,45,real,7.2105263157894735,2,33,1.0719742920108508,gate_up_full64_prebuilt,12,0.1427839994430542
case_026_real,humaneval,middle,real_route_replay,137,19,45,real,7.2105263157894735,2,33,1.0719742920108508,gate_up_full64_prebuilt,13,0.14009599387645721
case_026_real,humaneval,middle,real_route_replay,137,19,45,real,7.2105263157894735,2,33,1.0719742920108508,gate_up_full64_prebuilt,14,0.13977600634098053
case_026_real,humaneval,middle,real_route_replay,137,19,45,real,7.2105263157894735,2,33,1.0719742920108508,gate_up_full64_prebuilt,15,0.1408960074186325
case_026_real,humaneval,middle,real_route_replay,137,19,45,real,7.2105263157894735,2,33,1.0719742920108508,gate_up_full64_prebuilt,16,0.14422400295734406
case_026_real,humaneval,middle,real_route_replay,137,19,45,real,7.2105263157894735,2,33,1.0719742920108508,gate_up_full64_prebuilt,17,0.14127999544143677
case_026_real,humaneval,middle,real_route_replay,137,19,45,real,7.2105263157894735,2,33,1.0719742920108508,gate_up_full64_prebuilt,18,0.14339199662208557
case_026_real,humaneval,middle,real_route_replay,137,19,45,real,7.2105263157894735,2,33,1.0719742920108508,gate_up_full64_prebuilt,19,0.14560000598430634
case_026_real,humaneval,middle,real_route_replay,137,19,45,real,7.2105263157894735,2,33,1.0719742920108508,gate_up_full64_prebuilt,20,0.15328000485897064
case_026_real,humaneval,middle,real_route_replay,137,19,45,real,7.2105263157894735,2,33,1.0719742920108508,gate_up_full64_prebuilt,21,0.1510079950094223
case_026_real,humaneval,middle,real_route_replay,137,19,45,real,7.2105263157894735,2,33,1.0719742920108508,gate_up_full64_prebuilt,22,0.14908799529075623
case_026_real,humaneval,middle,real_route_replay,137,19,45,real,7.2105263157894735,2,33,1.0719742920108508,gate_up_full64_prebuilt,23,0.15084800124168396
case_026_real,humaneval,middle,real_route_replay,137,19,45,real,7.2105263157894735,2,33,1.0719742920108508,gate_up_full64_prebuilt,24,0.14902399480342865
case_026_real,humaneval,middle,real_route_replay,137,19,45,real,7.2105263157894735,2,33,1.0719742920108508,gate_up_full64_prebuilt,25,0.14918400347232819
case_026_real,humaneval,middle,real_route_replay,137,19,45,real,7.2105263157894735,2,33,1.0719742920108508,gate_up_full64_prebuilt,26,0.14927999675273895
case_026_real,humaneval,middle,real_route_replay,137,19,45,real,7.2105263157894735,2,33,1.0719742920108508,gate_up_full64_prebuilt,27,0.1510079950094223
case_026_real,humaneval,middle,real_route_replay,137,19,45,real,7.2105263157894735,2,33,1.0719742920108508,gate_up_full64_prebuilt,28,0.14841599762439728
case_026_real,humaneval,middle,real_route_replay,137,19,45,real,7.2105263157894735,2,33,1.0719742920108508,gate_up_full64_prebuilt,29,0.14636799693107605
case_026_real,humaneval,middle,real_route_replay,137,19,45,real,7.2105263157894735,2,33,1.0719742920108508,gate_up_full64_prebuilt,30,0.1420159935951233
case_026_real,humaneval,middle,real_route_replay,137,19,45,real,7.2105263157894735,2,33,1.0719742920108508,gate_up_full64_prebuilt,31,0.1388159990310669
case_026_real,humaneval,middle,real_route_replay,137,19,45,real,7.2105263157894735,2,33,1.0719742920108508,gate_up_full64_prebuilt,32,0.1390399932861328
case_026_real,humaneval,middle,real_route_replay,137,19,45,real,7.2105263157894735,2,33,1.0719742920108508,gate_up_full64_prebuilt,33,0.13916799426078796
case_026_real,humaneval,middle,real_route_replay,137,19,45,real,7.2105263157894735,2,33,1.0719742920108508,gate_up_full64_prebuilt,34,0.13929599523544312
case_026_real,humaneval,middle,real_route_replay,137,19,45,real,7.2105263157894735,2,33,1.0719742920108508,gate_up_full64_prebuilt,35,0.13980799913406372
case_026_real,humaneval,middle,real_route_replay,137,19,45,real,7.2105263157894735,2,33,1.0719742920108508,gate_up_full64_prebuilt,36,0.13865600526332855
case_026_real,humaneval,middle,real_route_replay,137,19,45,real,7.2105263157894735,2,33,1.0719742920108508,gate_up_full64_prebuilt,37,0.14047999680042267
case_026_real,humaneval,middle,real_route_replay,137,19,45,real,7.2105263157894735,2,33,1.0719742920108508,gate_up_full64_prebuilt,38,0.1422719955444336
case_026_real,humaneval,middle,real_route_replay,137,19,45,real,7.2105263157894735,2,33,1.0719742920108508,gate_up_full64_prebuilt,39,0.14079999923706055
case_026_real,humaneval,middle,real_route_replay,137,19,45,real,7.2105263157894735,2,33,1.0719742920108508,down_full64_prebuilt,0,0.10153599828481674
case_026_real,humaneval,middle,real_route_replay,137,19,45,real,7.2105263157894735,2,33,1.0719742920108508,down_full64_prebuilt,1,0.09904000163078308
case_026_real,humaneval,middle,real_route_replay,137,19,45,real,7.2105263157894735,2,33,1.0719742920108508,down_full64_prebuilt,2,0.09542399644851685
case_026_real,humaneval,middle,real_route_replay,137,19,45,real,7.2105263157894735,2,33,1.0719742920108508,down_full64_prebuilt,3,0.09759999811649323
case_026_real,humaneval,middle,real_route_replay,137,19,45,real,7.2105263157894735,2,33,1.0719742920108508,down_full64_prebuilt,4,0.09628800302743912
case_026_real,humaneval,middle,real_route_replay,137,19,45,real,7.2105263157894735,2,33,1.0719742920108508,down_full64_prebuilt,5,0.10041599720716476
case_026_real,humaneval,middle,real_route_replay,137,19,45,real,7.2105263157894735,2,33,1.0719742920108508,down_full64_prebuilt,6,0.09737599641084671
case_026_real,humaneval,middle,real_route_replay,137,19,45,real,7.2105263157894735,2,33,1.0719742920108508,down_full64_prebuilt,7,0.09756799787282944
case_026_real,humaneval,middle,real_route_replay,137,19,45,real,7.2105263157894735,2,33,1.0719742920108508,down_full64_prebuilt,8,0.09574399888515472
case_026_real,humaneval,middle,real_route_replay,137,19,45,real,7.2105263157894735,2,33,1.0719742920108508,down_full64_prebuilt,9,0.09679999947547913
case_026_real,humaneval,middle,real_route_replay,137,19,45,real,7.2105263157894735,2,33,1.0719742920108508,down_full64_prebuilt,10,0.11004800349473953
case_026_real,humaneval,middle,real_route_replay,137,19,45,real,7.2105263157894735,2,33,1.0719742920108508,down_full64_prebuilt,11,0.09699200093746185
case_026_real,humaneval,middle,real_route_replay,137,19,45,real,7.2105263157894735,2,33,1.0719742920108508,down_full64_prebuilt,12,0.09577599912881851
case_026_real,humaneval,middle,real_route_replay,137,19,45,real,7.2105263157894735,2,33,1.0719742920108508,down_full64_prebuilt,13,0.09619200229644775
case_026_real,humaneval,middle,real_route_replay,137,19,45,real,7.2105263157894735,2,33,1.0719742920108508,down_full64_prebuilt,14,0.0966079980134964
case_026_real,humaneval,middle,real_route_replay,137,19,45,real,7.2105263157894735,2,33,1.0719742920108508,down_full64_prebuilt,15,0.09721600264310837
case_026_real,humaneval,middle,real_route_replay,137,19,45,real,7.2105263157894735,2,33,1.0719742920108508,down_full64_prebuilt,16,0.0952640026807785
case_026_real,humaneval,middle,real_route_replay,137,19,45,real,7.2105263157894735,2,33,1.0719742920108508,down_full64_prebuilt,17,0.09625600278377533
case_026_real,humaneval,middle,real_route_replay,137,19,45,real,7.2105263157894735,2,33,1.0719742920108508,down_full64_prebuilt,18,0.09862399846315384
case_026_real,humaneval,middle,real_route_replay,137,19,45,real,7.2105263157894735,2,33,1.0719742920108508,down_full64_prebuilt,19,0.09808000177145004
case_026_real,humaneval,middle,real_route_replay,137,19,45,real,7.2105263157894735,2,33,1.0719742920108508,down_full64_prebuilt,20,0.09955199807882309
case_026_real,humaneval,middle,real_route_replay,137,19,45,real,7.2105263157894735,2,33,1.0719742920108508,down_full64_prebuilt,21,0.10092800110578537
case_026_real,humaneval,middle,real_route_replay,137,19,45,real,7.2105263157894735,2,33,1.0719742920108508,down_full64_prebuilt,22,0.09705600142478943
case_026_real,humaneval,middle,real_route_replay,137,19,45,real,7.2105263157894735,2,33,1.0719742920108508,down_full64_prebuilt,23,0.09808000177145004
case_026_real,humaneval,middle,real_route_replay,137,19,45,real,7.2105263157894735,2,33,1.0719742920108508,down_full64_prebuilt,24,0.09910400211811066
case_026_real,humaneval,middle,real_route_replay,137,19,45,real,7.2105263157894735,2,33,1.0719742920108508,down_full64_prebuilt,25,0.0990080013871193
case_026_real,humaneval,middle,real_route_replay,137,19,45,real,7.2105263157894735,2,33,1.0719742920108508,down_full64_prebuilt,26,0.09462399780750275
case_026_real,humaneval,middle,real_route_replay,137,19,45,real,7.2105263157894735,2,33,1.0719742920108508,down_full64_prebuilt,27,0.09878399968147278
case_026_real,humaneval,middle,real_route_replay,137,19,45,real,7.2105263157894735,2,33,1.0719742920108508,down_full64_prebuilt,28,0.09542399644851685
case_026_real,humaneval,middle,real_route_replay,137,19,45,real,7.2105263157894735,2,33,1.0719742920108508,down_full64_prebuilt,29,0.09913600236177444
case_026_real,humaneval,middle,real_route_replay,137,19,45,real,7.2105263157894735,2,33,1.0719742920108508,down_full64_prebuilt,30,0.10534399747848511
case_026_real,humaneval,middle,real_route_replay,137,19,45,real,7.2105263157894735,2,33,1.0719742920108508,down_full64_prebuilt,31,0.09836799651384354
case_026_real,humaneval,middle,real_route_replay,137,19,45,real,7.2105263157894735,2,33,1.0719742920108508,down_full64_prebuilt,32,0.09427200257778168
case_026_real,humaneval,middle,real_route_replay,137,19,45,real,7.2105263157894735,2,33,1.0719742920108508,down_full64_prebuilt,33,0.0990080013871193
case_026_real,humaneval,middle,real_route_replay,137,19,45,real,7.2105263157894735,2,33,1.0719742920108508,down_full64_prebuilt,34,0.0963520035147667
case_026_real,humaneval,middle,real_route_replay,137,19,45,real,7.2105263157894735,2,33,1.0719742920108508,down_full64_prebuilt,35,0.10047999769449234
case_026_real,humaneval,middle,real_route_replay,137,19,45,real,7.2105263157894735,2,33,1.0719742920108508,down_full64_prebuilt,36,0.09788800030946732
case_026_real,humaneval,middle,real_route_replay,137,19,45,real,7.2105263157894735,2,33,1.0719742920108508,down_full64_prebuilt,37,0.09862399846315384
case_026_real,humaneval,middle,real_route_replay,137,19,45,real,7.2105263157894735,2,33,1.0719742920108508,down_full64_prebuilt,38,0.09824000298976898
case_026_real,humaneval,middle,real_route_replay,137,19,45,real,7.2105263157894735,2,33,1.0719742920108508,down_full64_prebuilt,39,0.10070399940013885
case_027_real,humaneval,middle,real_route_replay,437,33,31,real,13.242424242424242,1,65,1.1018728412599712,swiglu,0,0.09116800129413605
case_027_real,humaneval,middle,real_route_replay,437,33,31,real,13.242424242424242,1,65,1.1018728412599712,swiglu,1,0.043616000562906265
case_027_real,humaneval,middle,real_route_replay,437,33,31,real,13.242424242424242,1,65,1.1018728412599712,swiglu,2,0.03830400109291077
case_027_real,humaneval,middle,real_route_replay,437,33,31,real,13.242424242424242,1,65,1.1018728412599712,swiglu,3,0.03711999952793121
case_027_real,humaneval,middle,real_route_replay,437,33,31,real,13.242424242424242,1,65,1.1018728412599712,swiglu,4,0.056223999708890915
case_027_real,humaneval,middle,real_route_replay,437,33,31,real,13.242424242424242,1,65,1.1018728412599712,swiglu,5,0.03759999945759773
case_027_real,humaneval,middle,real_route_replay,437,33,31,real,13.242424242424242,1,65,1.1018728412599712,swiglu,6,0.03519999980926514
case_027_real,humaneval,middle,real_route_replay,437,33,31,real,13.242424242424242,1,65,1.1018728412599712,swiglu,7,0.04224000126123428
case_027_real,humaneval,middle,real_route_replay,437,33,31,real,13.242424242424242,1,65,1.1018728412599712,swiglu,8,0.03385600075125694
case_027_real,humaneval,middle,real_route_replay,437,33,31,real,13.242424242424242,1,65,1.1018728412599712,swiglu,9,0.0416640006005764
case_027_real,humaneval,middle,real_route_replay,437,33,31,real,13.242424242424242,1,65,1.1018728412599712,swiglu,10,0.025151999667286873
case_027_real,humaneval,middle,real_route_replay,437,33,31,real,13.242424242424242,1,65,1.1018728412599712,swiglu,11,0.02364799939095974
case_027_real,humaneval,middle,real_route_replay,437,33,31,real,13.242424242424242,1,65,1.1018728412599712,swiglu,12,0.03494400158524513
case_027_real,humaneval,middle,real_route_replay,437,33,31,real,13.242424242424242,1,65,1.1018728412599712,swiglu,13,0.026335999369621277
case_027_real,humaneval,middle,real_route_replay,437,33,31,real,13.242424242424242,1,65,1.1018728412599712,swiglu,14,0.030688000842928886
case_027_real,humaneval,middle,real_route_replay,437,33,31,real,13.242424242424242,1,65,1.1018728412599712,swiglu,15,0.04473600164055824
case_027_real,humaneval,middle,real_route_replay,437,33,31,real,13.242424242424242,1,65,1.1018728412599712,swiglu,16,0.03798399865627289
case_027_real,humaneval,middle,real_route_replay,437,33,31,real,13.242424242424242,1,65,1.1018728412599712,swiglu,17,0.03590400144457817
case_027_real,humaneval,middle,real_route_replay,437,33,31,real,13.242424242424242,1,65,1.1018728412599712,swiglu,18,0.03299200162291527
case_027_real,humaneval,middle,real_route_replay,437,33,31,real,13.242424242424242,1,65,1.1018728412599712,swiglu,19,0.03286400064826012
case_027_real,humaneval,middle,real_route_replay,437,33,31,real,13.242424242424242,1,65,1.1018728412599712,swiglu,20,0.05350400134921074
case_027_real,humaneval,middle,real_route_replay,437,33,31,real,13.242424242424242,1,65,1.1018728412599712,swiglu,21,0.036448001861572266
case_027_real,humaneval,middle,real_route_replay,437,33,31,real,13.242424242424242,1,65,1.1018728412599712,swiglu,22,0.03484800085425377
case_027_real,humaneval,middle,real_route_replay,437,33,31,real,13.242424242424242,1,65,1.1018728412599712,swiglu,23,0.033663999289274216
case_027_real,humaneval,middle,real_route_replay,437,33,31,real,13.242424242424242,1,65,1.1018728412599712,swiglu,24,0.03177599981427193
case_027_real,humaneval,middle,real_route_replay,437,33,31,real,13.242424242424242,1,65,1.1018728412599712,swiglu,25,0.0315839983522892
case_027_real,humaneval,middle,real_route_replay,437,33,31,real,13.242424242424242,1,65,1.1018728412599712,swiglu,26,0.0315839983522892
case_027_real,humaneval,middle,real_route_replay,437,33,31,real,13.242424242424242,1,65,1.1018728412599712,swiglu,27,0.03161599859595299
case_027_real,humaneval,middle,real_route_replay,437,33,31,real,13.242424242424242,1,65,1.1018728412599712,swiglu,28,0.0551999993622303
case_027_real,humaneval,middle,real_route_replay,437,33,31,real,13.242424242424242,1,65,1.1018728412599712,swiglu,29,0.03232000023126602
case_027_real,humaneval,middle,real_route_replay,437,33,31,real,13.242424242424242,1,65,1.1018728412599712,swiglu,30,0.029343999922275543
case_027_real,humaneval,middle,real_route_replay,437,33,31,real,13.242424242424242,1,65,1.1018728412599712,swiglu,31,0.03356799855828285
case_027_real,humaneval,middle,real_route_replay,437,33,31,real,13.242424242424242,1,65,1.1018728412599712,swiglu,32,0.03392000123858452
case_027_real,humaneval,middle,real_route_replay,437,33,31,real,13.242424242424242,1,65,1.1018728412599712,swiglu,33,0.0225600004196167
case_027_real,humaneval,middle,real_route_replay,437,33,31,real,13.242424242424242,1,65,1.1018728412599712,swiglu,34,0.022143999114632607
case_027_real,humaneval,middle,real_route_replay,437,33,31,real,13.242424242424242,1,65,1.1018728412599712,swiglu,35,0.02115200087428093
case_027_real,humaneval,middle,real_route_replay,437,33,31,real,13.242424242424242,1,65,1.1018728412599712,swiglu,36,0.020096000283956528
case_027_real,humaneval,middle,real_route_replay,437,33,31,real,13.242424242424242,1,65,1.1018728412599712,swiglu,37,0.02643200010061264
case_027_real,humaneval,middle,real_route_replay,437,33,31,real,13.242424242424242,1,65,1.1018728412599712,swiglu,38,0.041120000183582306
case_027_real,humaneval,middle,real_route_replay,437,33,31,real,13.242424242424242,1,65,1.1018728412599712,swiglu,39,0.037696000188589096
case_027_real,humaneval,middle,real_route_replay,437,33,31,real,13.242424242424242,1,65,1.1018728412599712,down_full64_prebuilt,0,0.15503999590873718
case_027_real,humaneval,middle,real_route_replay,437,33,31,real,13.242424242424242,1,65,1.1018728412599712,down_full64_prebuilt,1,0.14425599575042725
case_027_real,humaneval,middle,real_route_replay,437,33,31,real,13.242424242424242,1,65,1.1018728412599712,down_full64_prebuilt,2,0.1435520052909851
case_027_real,humaneval,middle,real_route_replay,437,33,31,real,13.242424242424242,1,65,1.1018728412599712,down_full64_prebuilt,3,0.14166399836540222
case_027_real,humaneval,middle,real_route_replay,437,33,31,real,13.242424242424242,1,65,1.1018728412599712,down_full64_prebuilt,4,0.14431999623775482
case_027_real,humaneval,middle,real_route_replay,437,33,31,real,13.242424242424242,1,65,1.1018728412599712,down_full64_prebuilt,5,0.14233599603176117
case_027_real,humaneval,middle,real_route_replay,437,33,31,real,13.242424242424242,1,65,1.1018728412599712,down_full64_prebuilt,6,0.1417279988527298
case_027_real,humaneval,middle,real_route_replay,437,33,31,real,13.242424242424242,1,65,1.1018728412599712,down_full64_prebuilt,7,0.14316800236701965
case_027_real,humaneval,middle,real_route_replay,437,33,31,real,13.242424242424242,1,65,1.1018728412599712,down_full64_prebuilt,8,0.14374400675296783
case_027_real,humaneval,middle,real_route_replay,437,33,31,real,13.242424242424242,1,65,1.1018728412599712,down_full64_prebuilt,9,0.14505599439144135
case_027_real,humaneval,middle,real_route_replay,437,33,31,real,13.242424242424242,1,65,1.1018728412599712,down_full64_prebuilt,10,0.14547200500965118
case_027_real,humaneval,middle,real_route_replay,437,33,31,real,13.242424242424242,1,65,1.1018728412599712,down_full64_prebuilt,11,0.14300799369812012
case_027_real,humaneval,middle,real_route_replay,437,33,31,real,13.242424242424242,1,65,1.1018728412599712,down_full64_prebuilt,12,0.14236800372600555
case_027_real,humaneval,middle,real_route_replay,437,33,31,real,13.242424242424242,1,65,1.1018728412599712,down_full64_prebuilt,13,0.14217600226402283
case_027_real,humaneval,middle,real_route_replay,437,33,31,real,13.242424242424242,1,65,1.1018728412599712,down_full64_prebuilt,14,0.14316800236701965
case_027_real,humaneval,middle,real_route_replay,437,33,31,real,13.242424242424242,1,65,1.1018728412599712,down_full64_prebuilt,15,0.1420159935951233
case_027_real,humaneval,middle,real_route_replay,437,33,31,real,13.242424242424242,1,65,1.1018728412599712,down_full64_prebuilt,16,0.14339199662208557
case_027_real,humaneval,middle,real_route_replay,437,33,31,real,13.242424242424242,1,65,1.1018728412599712,down_full64_prebuilt,17,0.14368000626564026
case_027_real,humaneval,middle,real_route_replay,437,33,31,real,13.242424242424242,1,65,1.1018728412599712,down_full64_prebuilt,18,0.1417279988527298
case_027_real,humaneval,middle,real_route_replay,437,33,31,real,13.242424242424242,1,65,1.1018728412599712,down_full64_prebuilt,19,0.14361600577831268
case_027_real,humaneval,middle,real_route_replay,437,33,31,real,13.242424242424242,1,65,1.1018728412599712,down_full64_prebuilt,20,0.14054399728775024
case_027_real,humaneval,middle,real_route_replay,437,33,31,real,13.242424242424242,1,65,1.1018728412599712,down_full64_prebuilt,21,0.14265599846839905
case_027_real,humaneval,middle,real_route_replay,437,33,31,real,13.242424242424242,1,65,1.1018728412599712,down_full64_prebuilt,22,0.1422400027513504
case_027_real,humaneval,middle,real_route_replay,437,33,31,real,13.242424242424242,1,65,1.1018728412599712,down_full64_prebuilt,23,0.1483200043439865
case_027_real,humaneval,middle,real_route_replay,437,33,31,real,13.242424242424242,1,65,1.1018728412599712,down_full64_prebuilt,24,0.1417279988527298
case_027_real,humaneval,middle,real_route_replay,437,33,31,real,13.242424242424242,1,65,1.1018728412599712,down_full64_prebuilt,25,0.14243200421333313
case_027_real,humaneval,middle,real_route_replay,437,33,31,real,13.242424242424242,1,65,1.1018728412599712,down_full64_prebuilt,26,0.14150400459766388
case_027_real,humaneval,middle,real_route_replay,437,33,31,real,13.242424242424242,1,65,1.1018728412599712,down_full64_prebuilt,27,0.14284799993038177
case_027_real,humaneval,middle,real_route_replay,437,33,31,real,13.242424242424242,1,65,1.1018728412599712,down_full64_prebuilt,28,0.14444799721240997
case_027_real,humaneval,middle,real_route_replay,437,33,31,real,13.242424242424242,1,65,1.1018728412599712,down_full64_prebuilt,29,0.14521600306034088
case_027_real,humaneval,middle,real_route_replay,437,33,31,real,13.242424242424242,1,65,1.1018728412599712,down_full64_prebuilt,30,0.14156800508499146
case_027_real,humaneval,middle,real_route_replay,437,33,31,real,13.242424242424242,1,65,1.1018728412599712,down_full64_prebuilt,31,0.14246399700641632
case_027_real,humaneval,middle,real_route_replay,437,33,31,real,13.242424242424242,1,65,1.1018728412599712,down_full64_prebuilt,32,0.14339199662208557
case_027_real,humaneval,middle,real_route_replay,437,33,31,real,13.242424242424242,1,65,1.1018728412599712,down_full64_prebuilt,33,0.14876799285411835
case_027_real,humaneval,middle,real_route_replay,437,33,31,real,13.242424242424242,1,65,1.1018728412599712,down_full64_prebuilt,34,0.147039994597435
case_027_real,humaneval,middle,real_route_replay,437,33,31,real,13.242424242424242,1,65,1.1018728412599712,down_full64_prebuilt,35,0.14204800128936768
case_027_real,humaneval,middle,real_route_replay,437,33,31,real,13.242424242424242,1,65,1.1018728412599712,down_full64_prebuilt,36,0.14614400267601013
case_027_real,humaneval,middle,real_route_replay,437,33,31,real,13.242424242424242,1,65,1.1018728412599712,down_full64_prebuilt,37,0.15052799880504608
case_027_real,humaneval,middle,real_route_replay,437,33,31,real,13.242424242424242,1,65,1.1018728412599712,down_full64_prebuilt,38,0.15292799472808838
case_027_real,humaneval,middle,real_route_replay,437,33,31,real,13.242424242424242,1,65,1.1018728412599712,down_full64_prebuilt,39,0.15187199413776398
case_027_real,humaneval,middle,real_route_replay,437,33,31,real,13.242424242424242,1,65,1.1018728412599712,route_weight,0,0.018688000738620758
case_027_real,humaneval,middle,real_route_replay,437,33,31,real,13.242424242424242,1,65,1.1018728412599712,route_weight,1,0.01788800023496151
case_027_real,humaneval,middle,real_route_replay,437,33,31,real,13.242424242424242,1,65,1.1018728412599712,route_weight,2,0.015615999698638916
case_027_real,humaneval,middle,real_route_replay,437,33,31,real,13.242424242424242,1,65,1.1018728412599712,route_weight,3,0.017503999173641205
case_027_real,humaneval,middle,real_route_replay,437,33,31,real,13.242424242424242,1,65,1.1018728412599712,route_weight,4,0.017311999574303627
case_027_real,humaneval,middle,real_route_replay,437,33,31,real,13.242424242424242,1,65,1.1018728412599712,route_weight,5,0.018912000581622124
case_027_real,humaneval,middle,real_route_replay,437,33,31,real,13.242424242424242,1,65,1.1018728412599712,route_weight,6,0.015615999698638916
case_027_real,humaneval,middle,real_route_replay,437,33,31,real,13.242424242424242,1,65,1.1018728412599712,route_weight,7,0.01583999954164028
case_027_real,humaneval,middle,real_route_replay,437,33,31,real,13.242424242424242,1,65,1.1018728412599712,route_weight,8,0.015936000272631645
case_027_real,humaneval,middle,real_route_replay,437,33,31,real,13.242424242424242,1,65,1.1018728412599712,route_weight,9,0.014976000413298607
case_027_real,humaneval,middle,real_route_replay,437,33,31,real,13.242424242424242,1,65,1.1018728412599712,route_weight,10,0.01583999954164028
case_027_real,humaneval,middle,real_route_replay,437,33,31,real,13.242424242424242,1,65,1.1018728412599712,route_weight,11,0.015647999942302704
case_027_real,humaneval,middle,real_route_replay,437,33,31,real,13.242424242424242,1,65,1.1018728412599712,route_weight,12,0.013632000423967838
case_027_real,humaneval,middle,real_route_replay,437,33,31,real,13.242424242424242,1,65,1.1018728412599712,route_weight,13,0.013919999822974205
case_027_real,humaneval,middle,real_route_replay,437,33,31,real,13.242424242424242,1,65,1.1018728412599712,route_weight,14,0.01408000010997057
case_027_real,humaneval,middle,real_route_replay,437,33,31,real,13.242424242424242,1,65,1.1018728412599712,route_weight,15,0.01568000018596649
case_027_real,humaneval,middle,real_route_replay,437,33,31,real,13.242424242424242,1,65,1.1018728412599712,route_weight,16,0.015807999297976494
case_027_real,humaneval,middle,real_route_replay,437,33,31,real,13.242424242424242,1,65,1.1018728412599712,route_weight,17,0.015904000028967857
case_027_real,humaneval,middle,real_route_replay,437,33,31,real,13.242424242424242,1,65,1.1018728412599712,route_weight,18,0.016063999384641647
case_027_real,humaneval,middle,real_route_replay,437,33,31,real,13.242424242424242,1,65,1.1018728412599712,route_weight,19,0.014431999996304512
case_027_real,humaneval,middle,real_route_replay,437,33,31,real,13.242424242424242,1,65,1.1018728412599712,route_weight,20,0.013824000023305416
case_027_real,humaneval,middle,real_route_replay,437,33,31,real,13.242424242424242,1,65,1.1018728412599712,route_weight,21,0.014336000196635723
case_027_real,humaneval,middle,real_route_replay,437,33,31,real,13.242424242424242,1,65,1.1018728412599712,route_weight,22,0.013824000023305416
case_027_real,humaneval,middle,real_route_replay,437,33,31,real,13.242424242424242,1,65,1.1018728412599712,route_weight,23,0.014399999752640724
case_027_real,humaneval,middle,real_route_replay,437,33,31,real,13.242424242424242,1,65,1.1018728412599712,route_weight,24,0.014336000196635723
case_027_real,humaneval,middle,real_route_replay,437,33,31,real,13.242424242424242,1,65,1.1018728412599712,route_weight,25,0.013887999579310417
case_027_real,humaneval,middle,real_route_replay,437,33,31,real,13.242424242424242,1,65,1.1018728412599712,route_weight,26,0.014783999882638454
case_027_real,humaneval,middle,real_route_replay,437,33,31,real,13.242424242424242,1,65,1.1018728412599712,route_weight,27,0.016416000202298164
case_027_real,humaneval,middle,real_route_replay,437,33,31,real,13.242424242424242,1,65,1.1018728412599712,route_weight,28,0.015776000916957855
case_027_real,humaneval,middle,real_route_replay,437,33,31,real,13.242424242424242,1,65,1.1018728412599712,route_weight,29,0.01648000068962574
case_027_real,humaneval,middle,real_route_replay,437,33,31,real,13.242424242424242,1,65,1.1018728412599712,route_weight,30,0.01894400082528591
case_027_real,humaneval,middle,real_route_replay,437,33,31,real,13.242424242424242,1,65,1.1018728412599712,route_weight,31,0.01664000004529953
case_027_real,humaneval,middle,real_route_replay,437,33,31,real,13.242424242424242,1,65,1.1018728412599712,route_weight,32,0.015424000099301338
case_027_real,humaneval,middle,real_route_replay,437,33,31,real,13.242424242424242,1,65,1.1018728412599712,route_weight,33,0.015519999898970127
case_027_real,humaneval,middle,real_route_replay,437,33,31,real,13.242424242424242,1,65,1.1018728412599712,route_weight,34,0.014879999682307243
case_027_real,humaneval,middle,real_route_replay,437,33,31,real,13.242424242424242,1,65,1.1018728412599712,route_weight,35,0.013952000066637993
case_027_real,humaneval,middle,real_route_replay,437,33,31,real,13.242424242424242,1,65,1.1018728412599712,route_weight,36,0.01375999953597784
case_027_real,humaneval,middle,real_route_replay,437,33,31,real,13.242424242424242,1,65,1.1018728412599712,route_weight,37,0.013824000023305416
case_027_real,humaneval,middle,real_route_replay,437,33,31,real,13.242424242424242,1,65,1.1018728412599712,route_weight,38,0.014527999795973301
case_027_real,humaneval,middle,real_route_replay,437,33,31,real,13.242424242424242,1,65,1.1018728412599712,route_weight,39,0.014976000413298607
case_027_real,humaneval,middle,real_route_replay,437,33,31,real,13.242424242424242,1,65,1.1018728412599712,gate_up_active_prebuilt,0,0.2309119999408722
case_027_real,humaneval,middle,real_route_replay,437,33,31,real,13.242424242424242,1,65,1.1018728412599712,gate_up_active_prebuilt,1,0.22595199942588806
case_027_real,humaneval,middle,real_route_replay,437,33,31,real,13.242424242424242,1,65,1.1018728412599712,gate_up_active_prebuilt,2,0.22723199427127838
case_027_real,humaneval,middle,real_route_replay,437,33,31,real,13.242424242424242,1,65,1.1018728412599712,gate_up_active_prebuilt,3,0.22623999416828156
case_027_real,humaneval,middle,real_route_replay,437,33,31,real,13.242424242424242,1,65,1.1018728412599712,gate_up_active_prebuilt,4,0.22681599855422974
case_027_real,humaneval,middle,real_route_replay,437,33,31,real,13.242424242424242,1,65,1.1018728412599712,gate_up_active_prebuilt,5,0.22499200701713562
case_027_real,humaneval,middle,real_route_replay,437,33,31,real,13.242424242424242,1,65,1.1018728412599712,gate_up_active_prebuilt,6,0.2216320037841797
case_027_real,humaneval,middle,real_route_replay,437,33,31,real,13.242424242424242,1,65,1.1018728412599712,gate_up_active_prebuilt,7,0.2234559953212738
case_027_real,humaneval,middle,real_route_replay,437,33,31,real,13.242424242424242,1,65,1.1018728412599712,gate_up_active_prebuilt,8,0.2231999933719635
case_027_real,humaneval,middle,real_route_replay,437,33,31,real,13.242424242424242,1,65,1.1018728412599712,gate_up_active_prebuilt,9,0.225055992603302
case_027_real,humaneval,middle,real_route_replay,437,33,31,real,13.242424242424242,1,65,1.1018728412599712,gate_up_active_prebuilt,10,0.22483199834823608
case_027_real,humaneval,middle,real_route_replay,437,33,31,real,13.242424242424242,1,65,1.1018728412599712,gate_up_active_prebuilt,11,0.220768004655838
case_027_real,humaneval,middle,real_route_replay,437,33,31,real,13.242424242424242,1,65,1.1018728412599712,gate_up_active_prebuilt,12,0.22307200729846954
case_027_real,humaneval,middle,real_route_replay,437,33,31,real,13.242424242424242,1,65,1.1018728412599712,gate_up_active_prebuilt,13,0.22227199375629425
case_027_real,humaneval,middle,real_route_replay,437,33,31,real,13.242424242424242,1,65,1.1018728412599712,gate_up_active_prebuilt,14,0.2223999947309494
case_027_real,humaneval,middle,real_route_replay,437,33,31,real,13.242424242424242,1,65,1.1018728412599712,gate_up_active_prebuilt,15,0.22486400604248047
case_027_real,humaneval,middle,real_route_replay,437,33,31,real,13.242424242424242,1,65,1.1018728412599712,gate_up_active_prebuilt,16,0.22697600722312927
case_027_real,humaneval,middle,real_route_replay,437,33,31,real,13.242424242424242,1,65,1.1018728412599712,gate_up_active_prebuilt,17,0.22380800545215607
case_027_real,humaneval,middle,real_route_replay,437,33,31,real,13.242424242424242,1,65,1.1018728412599712,gate_up_active_prebuilt,18,0.22412799298763275
case_027_real,humaneval,middle,real_route_replay,437,33,31,real,13.242424242424242,1,65,1.1018728412599712,gate_up_active_prebuilt,19,0.22329600155353546
case_027_real,humaneval,middle,real_route_replay,437,33,31,real,13.242424242424242,1,65,1.1018728412599712,gate_up_active_prebuilt,20,0.22102400660514832
case_027_real,humaneval,middle,real_route_replay,437,33,31,real,13.242424242424242,1,65,1.1018728412599712,gate_up_active_prebuilt,21,0.2205439954996109
case_027_real,humaneval,middle,real_route_replay,437,33,31,real,13.242424242424242,1,65,1.1018728412599712,gate_up_active_prebuilt,22,0.22233599424362183
case_027_real,humaneval,middle,real_route_replay,437,33,31,real,13.242424242424242,1,65,1.1018728412599712,gate_up_active_prebuilt,23,0.2258239984512329
case_027_real,humaneval,middle,real_route_replay,437,33,31,real,13.242424242424242,1,65,1.1018728412599712,gate_up_active_prebuilt,24,0.22403199970722198
case_027_real,humaneval,middle,real_route_replay,437,33,31,real,13.242424242424242,1,65,1.1018728412599712,gate_up_active_prebuilt,25,0.22412799298763275
case_027_real,humaneval,middle,real_route_replay,437,33,31,real,13.242424242424242,1,65,1.1018728412599712,gate_up_active_prebuilt,26,0.23119999468326569
case_027_real,humaneval,middle,real_route_replay,437,33,31,real,13.242424242424242,1,65,1.1018728412599712,gate_up_active_prebuilt,27,0.22643199563026428
case_027_real,humaneval,middle,real_route_replay,437,33,31,real,13.242424242424242,1,65,1.1018728412599712,gate_up_active_prebuilt,28,0.22838400304317474
case_027_real,humaneval,middle,real_route_replay,437,33,31,real,13.242424242424242,1,65,1.1018728412599712,gate_up_active_prebuilt,29,0.23155200481414795
case_027_real,humaneval,middle,real_route_replay,437,33,31,real,13.242424242424242,1,65,1.1018728412599712,gate_up_active_prebuilt,30,0.23337599635124207
case_027_real,humaneval,middle,real_route_replay,437,33,31,real,13.242424242424242,1,65,1.1018728412599712,gate_up_active_prebuilt,31,0.23475199937820435
case_027_real,humaneval,middle,real_route_replay,437,33,31,real,13.242424242424242,1,65,1.1018728412599712,gate_up_active_prebuilt,32,0.23689599335193634
case_027_real,humaneval,middle,real_route_replay,437,33,31,real,13.242424242424242,1,65,1.1018728412599712,gate_up_active_prebuilt,33,0.23324799537658691
case_027_real,humaneval,middle,real_route_replay,437,33,31,real,13.242424242424242,1,65,1.1018728412599712,gate_up_active_prebuilt,34,0.23027199506759644
case_027_real,humaneval,middle,real_route_replay,437,33,31,real,13.242424242424242,1,65,1.1018728412599712,gate_up_active_prebuilt,35,0.230335995554924
case_027_real,humaneval,middle,real_route_replay,437,33,31,real,13.242424242424242,1,65,1.1018728412599712,gate_up_active_prebuilt,36,0.22976000607013702
case_027_real,humaneval,middle,real_route_replay,437,33,31,real,13.242424242424242,1,65,1.1018728412599712,gate_up_active_prebuilt,37,0.23315200209617615
case_027_real,humaneval,middle,real_route_replay,437,33,31,real,13.242424242424242,1,65,1.1018728412599712,gate_up_active_prebuilt,38,0.23932799696922302
case_027_real,humaneval,middle,real_route_replay,437,33,31,real,13.242424242424242,1,65,1.1018728412599712,gate_up_active_prebuilt,39,0.23423999547958374
case_027_real,humaneval,middle,real_route_replay,437,33,31,real,13.242424242424242,1,65,1.1018728412599712,down_active_prebuilt,0,0.15516799688339233
case_027_real,humaneval,middle,real_route_replay,437,33,31,real,13.242424242424242,1,65,1.1018728412599712,down_active_prebuilt,1,0.1534080058336258
case_027_real,humaneval,middle,real_route_replay,437,33,31,real,13.242424242424242,1,65,1.1018728412599712,down_active_prebuilt,2,0.15116800367832184
case_027_real,humaneval,middle,real_route_replay,437,33,31,real,13.242424242424242,1,65,1.1018728412599712,down_active_prebuilt,3,0.15558399260044098
case_027_real,humaneval,middle,real_route_replay,437,33,31,real,13.242424242424242,1,65,1.1018728412599712,down_active_prebuilt,4,0.14860799908638
case_027_real,humaneval,middle,real_route_replay,437,33,31,real,13.242424242424242,1,65,1.1018728412599712,down_active_prebuilt,5,0.1427839994430542
case_027_real,humaneval,middle,real_route_replay,437,33,31,real,13.242424242424242,1,65,1.1018728412599712,down_active_prebuilt,6,0.15164799988269806
case_027_real,humaneval,middle,real_route_replay,437,33,31,real,13.242424242424242,1,65,1.1018728412599712,down_active_prebuilt,7,0.15910400450229645
case_027_real,humaneval,middle,real_route_replay,437,33,31,real,13.242424242424242,1,65,1.1018728412599712,down_active_prebuilt,8,0.15270400047302246
case_027_real,humaneval,middle,real_route_replay,437,33,31,real,13.242424242424242,1,65,1.1018728412599712,down_active_prebuilt,9,0.15132799744606018
case_027_real,humaneval,middle,real_route_replay,437,33,31,real,13.242424242424242,1,65,1.1018728412599712,down_active_prebuilt,10,0.15081599354743958
case_027_real,humaneval,middle,real_route_replay,437,33,31,real,13.242424242424242,1,65,1.1018728412599712,down_active_prebuilt,11,0.15081599354743958
case_027_real,humaneval,middle,real_route_replay,437,33,31,real,13.242424242424242,1,65,1.1018728412599712,down_active_prebuilt,12,0.15292799472808838
case_027_real,humaneval,middle,real_route_replay,437,33,31,real,13.242424242424242,1,65,1.1018728412599712,down_active_prebuilt,13,0.1520639955997467
case_027_real,humaneval,middle,real_route_replay,437,33,31,real,13.242424242424242,1,65,1.1018728412599712,down_active_prebuilt,14,0.1528320014476776
case_027_real,humaneval,middle,real_route_replay,437,33,31,real,13.242424242424242,1,65,1.1018728412599712,down_active_prebuilt,15,0.14873600006103516
case_027_real,humaneval,middle,real_route_replay,437,33,31,real,13.242424242424242,1,65,1.1018728412599712,down_active_prebuilt,16,0.14857600629329681
case_027_real,humaneval,middle,real_route_replay,437,33,31,real,13.242424242424242,1,65,1.1018728412599712,down_active_prebuilt,17,0.1546880006790161
case_027_real,humaneval,middle,real_route_replay,437,33,31,real,13.242424242424242,1,65,1.1018728412599712,down_active_prebuilt,18,0.15462400019168854
case_027_real,humaneval,middle,real_route_replay,437,33,31,real,13.242424242424242,1,65,1.1018728412599712,down_active_prebuilt,19,0.1518400013446808
case_027_real,humaneval,middle,real_route_replay,437,33,31,real,13.242424242424242,1,65,1.1018728412599712,down_active_prebuilt,20,0.15372799336910248
case_027_real,humaneval,middle,real_route_replay,437,33,31,real,13.242424242424242,1,65,1.1018728412599712,down_active_prebuilt,21,0.15308800339698792
case_027_real,humaneval,middle,real_route_replay,437,33,31,real,13.242424242424242,1,65,1.1018728412599712,down_active_prebuilt,22,0.15039999783039093
case_027_real,humaneval,middle,real_route_replay,437,33,31,real,13.242424242424242,1,65,1.1018728412599712,down_active_prebuilt,23,0.15216000378131866
case_027_real,humaneval,middle,real_route_replay,437,33,31,real,13.242424242424242,1,65,1.1018728412599712,down_active_prebuilt,24,0.1568640023469925
case_027_real,humaneval,middle,real_route_replay,437,33,31,real,13.242424242424242,1,65,1.1018728412599712,down_active_prebuilt,25,0.1515199989080429
case_027_real,humaneval,middle,real_route_replay,437,33,31,real,13.242424242424242,1,65,1.1018728412599712,down_active_prebuilt,26,0.1552640050649643
case_027_real,humaneval,middle,real_route_replay,437,33,31,real,13.242424242424242,1,65,1.1018728412599712,down_active_prebuilt,27,0.14947199821472168
case_027_real,humaneval,middle,real_route_replay,437,33,31,real,13.242424242424242,1,65,1.1018728412599712,down_active_prebuilt,28,0.14764800667762756
case_027_real,humaneval,middle,real_route_replay,437,33,31,real,13.242424242424242,1,65,1.1018728412599712,down_active_prebuilt,29,0.14985600113868713
case_027_real,humaneval,middle,real_route_replay,437,33,31,real,13.242424242424242,1,65,1.1018728412599712,down_active_prebuilt,30,0.14582400023937225
case_027_real,humaneval,middle,real_route_replay,437,33,31,real,13.242424242424242,1,65,1.1018728412599712,down_active_prebuilt,31,0.14521600306034088
case_027_real,humaneval,middle,real_route_replay,437,33,31,real,13.242424242424242,1,65,1.1018728412599712,down_active_prebuilt,32,0.14841599762439728
case_027_real,humaneval,middle,real_route_replay,437,33,31,real,13.242424242424242,1,65,1.1018728412599712,down_active_prebuilt,33,0.14767999947071075
case_027_real,humaneval,middle,real_route_replay,437,33,31,real,13.242424242424242,1,65,1.1018728412599712,down_active_prebuilt,34,0.14748799800872803
case_027_real,humaneval,middle,real_route_replay,437,33,31,real,13.242424242424242,1,65,1.1018728412599712,down_active_prebuilt,35,0.14640000462532043
case_027_real,humaneval,middle,real_route_replay,437,33,31,real,13.242424242424242,1,65,1.1018728412599712,down_active_prebuilt,36,0.1459839940071106
case_027_real,humaneval,middle,real_route_replay,437,33,31,real,13.242424242424242,1,65,1.1018728412599712,down_active_prebuilt,37,0.14732800424098969
case_027_real,humaneval,middle,real_route_replay,437,33,31,real,13.242424242424242,1,65,1.1018728412599712,down_active_prebuilt,38,0.14403200149536133
case_027_real,humaneval,middle,real_route_replay,437,33,31,real,13.242424242424242,1,65,1.1018728412599712,down_active_prebuilt,39,0.1475519984960556
case_027_real,humaneval,middle,real_route_replay,437,33,31,real,13.242424242424242,1,65,1.1018728412599712,gate_up_full64_prebuilt,0,0.22809599339962006
case_027_real,humaneval,middle,real_route_replay,437,33,31,real,13.242424242424242,1,65,1.1018728412599712,gate_up_full64_prebuilt,1,0.22643199563026428
case_027_real,humaneval,middle,real_route_replay,437,33,31,real,13.242424242424242,1,65,1.1018728412599712,gate_up_full64_prebuilt,2,0.22649599611759186
case_027_real,humaneval,middle,real_route_replay,437,33,31,real,13.242424242424242,1,65,1.1018728412599712,gate_up_full64_prebuilt,3,0.22441600263118744
case_027_real,humaneval,middle,real_route_replay,437,33,31,real,13.242424242424242,1,65,1.1018728412599712,gate_up_full64_prebuilt,4,0.22553600370883942
case_027_real,humaneval,middle,real_route_replay,437,33,31,real,13.242424242424242,1,65,1.1018728412599712,gate_up_full64_prebuilt,5,0.22595199942588806
case_027_real,humaneval,middle,real_route_replay,437,33,31,real,13.242424242424242,1,65,1.1018728412599712,gate_up_full64_prebuilt,6,0.22313599288463593
case_027_real,humaneval,middle,real_route_replay,437,33,31,real,13.242424242424242,1,65,1.1018728412599712,gate_up_full64_prebuilt,7,0.2322559952735901
case_027_real,humaneval,middle,real_route_replay,437,33,31,real,13.242424242424242,1,65,1.1018728412599712,gate_up_full64_prebuilt,8,0.22703999280929565
case_027_real,humaneval,middle,real_route_replay,437,33,31,real,13.242424242424242,1,65,1.1018728412599712,gate_up_full64_prebuilt,9,0.22867199778556824
case_027_real,humaneval,middle,real_route_replay,437,33,31,real,13.242424242424242,1,65,1.1018728412599712,gate_up_full64_prebuilt,10,0.22406400740146637
case_027_real,humaneval,middle,real_route_replay,437,33,31,real,13.242424242424242,1,65,1.1018728412599712,gate_up_full64_prebuilt,11,0.22569599747657776
case_027_real,humaneval,middle,real_route_replay,437,33,31,real,13.242424242424242,1,65,1.1018728412599712,gate_up_full64_prebuilt,12,0.23187200725078583
case_027_real,humaneval,middle,real_route_replay,437,33,31,real,13.242424242424242,1,65,1.1018728412599712,gate_up_full64_prebuilt,13,0.22908799350261688
case_027_real,humaneval,middle,real_route_replay,437,33,31,real,13.242424242424242,1,65,1.1018728412599712,gate_up_full64_prebuilt,14,0.23257599771022797
case_027_real,humaneval,middle,real_route_replay,437,33,31,real,13.242424242424242,1,65,1.1018728412599712,gate_up_full64_prebuilt,15,0.22806400060653687
case_027_real,humaneval,middle,real_route_replay,437,33,31,real,13.242424242424242,1,65,1.1018728412599712,gate_up_full64_prebuilt,16,0.23155200481414795
case_027_real,humaneval,middle,real_route_replay,437,33,31,real,13.242424242424242,1,65,1.1018728412599712,gate_up_full64_prebuilt,17,0.23955200612545013
case_027_real,humaneval,middle,real_route_replay,437,33,31,real,13.242424242424242,1,65,1.1018728412599712,gate_up_full64_prebuilt,18,0.2269439995288849
case_027_real,humaneval,middle,real_route_replay,437,33,31,real,13.242424242424242,1,65,1.1018728412599712,gate_up_full64_prebuilt,19,0.22275200486183167
case_027_real,humaneval,middle,real_route_replay,437,33,31,real,13.242424242424242,1,65,1.1018728412599712,gate_up_full64_prebuilt,20,0.2255679965019226
case_027_real,humaneval,middle,real_route_replay,437,33,31,real,13.242424242424242,1,65,1.1018728412599712,gate_up_full64_prebuilt,21,0.2229440063238144
case_027_real,humaneval,middle,real_route_replay,437,33,31,real,13.242424242424242,1,65,1.1018728412599712,gate_up_full64_prebuilt,22,0.22195200622081757
case_027_real,humaneval,middle,real_route_replay,437,33,31,real,13.242424242424242,1,65,1.1018728412599712,gate_up_full64_prebuilt,23,0.2215999960899353
case_027_real,humaneval,middle,real_route_replay,437,33,31,real,13.242424242424242,1,65,1.1018728412599712,gate_up_full64_prebuilt,24,0.2234240025281906
case_027_real,humaneval,middle,real_route_replay,437,33,31,real,13.242424242424242,1,65,1.1018728412599712,gate_up_full64_prebuilt,25,0.22723199427127838
case_027_real,humaneval,middle,real_route_replay,437,33,31,real,13.242424242424242,1,65,1.1018728412599712,gate_up_full64_prebuilt,26,0.2226880043745041
case_027_real,humaneval,middle,real_route_replay,437,33,31,real,13.242424242424242,1,65,1.1018728412599712,gate_up_full64_prebuilt,27,0.2245440036058426
case_027_real,humaneval,middle,real_route_replay,437,33,31,real,13.242424242424242,1,65,1.1018728412599712,gate_up_full64_prebuilt,28,0.22351999580860138
case_027_real,humaneval,middle,real_route_replay,437,33,31,real,13.242424242424242,1,65,1.1018728412599712,gate_up_full64_prebuilt,29,0.22284799814224243
case_027_real,humaneval,middle,real_route_replay,437,33,31,real,13.242424242424242,1,65,1.1018728412599712,gate_up_full64_prebuilt,30,0.22201600670814514
case_027_real,humaneval,middle,real_route_replay,437,33,31,real,13.242424242424242,1,65,1.1018728412599712,gate_up_full64_prebuilt,31,0.2279359996318817
case_027_real,humaneval,middle,real_route_replay,437,33,31,real,13.242424242424242,1,65,1.1018728412599712,gate_up_full64_prebuilt,32,0.22383999824523926
case_027_real,humaneval,middle,real_route_replay,437,33,31,real,13.242424242424242,1,65,1.1018728412599712,gate_up_full64_prebuilt,33,0.22438399493694305
case_027_real,humaneval,middle,real_route_replay,437,33,31,real,13.242424242424242,1,65,1.1018728412599712,gate_up_full64_prebuilt,34,0.22435200214385986
case_027_real,humaneval,middle,real_route_replay,437,33,31,real,13.242424242424242,1,65,1.1018728412599712,gate_up_full64_prebuilt,35,0.22444799542427063
case_027_real,humaneval,middle,real_route_replay,437,33,31,real,13.242424242424242,1,65,1.1018728412599712,gate_up_full64_prebuilt,36,0.22419199347496033
case_027_real,humaneval,middle,real_route_replay,437,33,31,real,13.242424242424242,1,65,1.1018728412599712,gate_up_full64_prebuilt,37,0.22752000391483307
case_027_real,humaneval,middle,real_route_replay,437,33,31,real,13.242424242424242,1,65,1.1018728412599712,gate_up_full64_prebuilt,38,0.22588799893856049
case_027_real,humaneval,middle,real_route_replay,437,33,31,real,13.242424242424242,1,65,1.1018728412599712,gate_up_full64_prebuilt,39,0.2245440036058426
case_028_real,humaneval,middle,real_route_replay,539,46,18,real,11.717391304347826,1,62,1.2355449117414123,swiglu,0,0.07971200346946716
case_028_real,humaneval,middle,real_route_replay,539,46,18,real,11.717391304347826,1,62,1.2355449117414123,swiglu,1,0.041120000183582306
case_028_real,humaneval,middle,real_route_replay,539,46,18,real,11.717391304347826,1,62,1.2355449117414123,swiglu,2,0.05167999863624573
case_028_real,humaneval,middle,real_route_replay,539,46,18,real,11.717391304347826,1,62,1.2355449117414123,swiglu,3,0.03500799834728241
case_028_real,humaneval,middle,real_route_replay,539,46,18,real,11.717391304347826,1,62,1.2355449117414123,swiglu,4,0.04323200136423111
case_028_real,humaneval,middle,real_route_replay,539,46,18,real,11.717391304347826,1,62,1.2355449117414123,swiglu,5,0.029600000008940697
case_028_real,humaneval,middle,real_route_replay,539,46,18,real,11.717391304347826,1,62,1.2355449117414123,swiglu,6,0.02848000079393387
case_028_real,humaneval,middle,real_route_replay,539,46,18,real,11.717391304347826,1,62,1.2355449117414123,swiglu,7,0.03497600182890892
case_028_real,humaneval,middle,real_route_replay,539,46,18,real,11.717391304347826,1,62,1.2355449117414123,swiglu,8,0.032255999743938446
case_028_real,humaneval,middle,real_route_replay,539,46,18,real,11.717391304347826,1,62,1.2355449117414123,swiglu,9,0.037856001406908035
case_028_real,humaneval,middle,real_route_replay,539,46,18,real,11.717391304347826,1,62,1.2355449117414123,swiglu,10,0.043327998369932175
case_028_real,humaneval,middle,real_route_replay,539,46,18,real,11.717391304347826,1,62,1.2355449117414123,swiglu,11,0.033440001308918
case_028_real,humaneval,middle,real_route_replay,539,46,18,real,11.717391304347826,1,62,1.2355449117414123,swiglu,12,0.028095999732613564
case_028_real,humaneval,middle,real_route_replay,539,46,18,real,11.717391304347826,1,62,1.2355449117414123,swiglu,13,0.024639999493956566
case_028_real,humaneval,middle,real_route_replay,539,46,18,real,11.717391304347826,1,62,1.2355449117414123,swiglu,14,0.02470399998128414
case_028_real,humaneval,middle,real_route_replay,539,46,18,real,11.717391304347826,1,62,1.2355449117414123,swiglu,15,0.02099199965596199
case_028_real,humaneval,middle,real_route_replay,539,46,18,real,11.717391304347826,1,62,1.2355449117414123,swiglu,16,0.02022399939596653
case_028_real,humaneval,middle,real_route_replay,539,46,18,real,11.717391304347826,1,62,1.2355449117414123,swiglu,17,0.020096000283956528
case_028_real,humaneval,middle,real_route_replay,539,46,18,real,11.717391304347826,1,62,1.2355449117414123,swiglu,18,0.021536000072956085
case_028_real,humaneval,middle,real_route_replay,539,46,18,real,11.717391304347826,1,62,1.2355449117414123,swiglu,19,0.022016000002622604
case_028_real,humaneval,middle,real_route_replay,539,46,18,real,11.717391304347826,1,62,1.2355449117414123,swiglu,20,0.03248000144958496
case_028_real,humaneval,middle,real_route_replay,539,46,18,real,11.717391304347826,1,62,1.2355449117414123,swiglu,21,0.02380800060927868
case_028_real,humaneval,middle,real_route_replay,539,46,18,real,11.717391304347826,1,62,1.2355449117414123,swiglu,22,0.02489599958062172
case_028_real,humaneval,middle,real_route_replay,539,46,18,real,11.717391304347826,1,62,1.2355449117414123,swiglu,23,0.02393599972128868
case_028_real,humaneval,middle,real_route_replay,539,46,18,real,11.717391304347826,1,62,1.2355449117414123,swiglu,24,0.02236800082027912
case_028_real,humaneval,middle,real_route_replay,539,46,18,real,11.717391304347826,1,62,1.2355449117414123,swiglu,25,0.02316799946129322
case_028_real,humaneval,middle,real_route_replay,539,46,18,real,11.717391304347826,1,62,1.2355449117414123,swiglu,26,0.023231999948620796
case_028_real,humaneval,middle,real_route_replay,539,46,18,real,11.717391304347826,1,62,1.2355449117414123,swiglu,27,0.023455999791622162
case_028_real,humaneval,middle,real_route_replay,539,46,18,real,11.717391304347826,1,62,1.2355449117414123,swiglu,28,0.022943999618291855
case_028_real,humaneval,middle,real_route_replay,539,46,18,real,11.717391304347826,1,62,1.2355449117414123,swiglu,29,0.02319999970495701
case_028_real,humaneval,middle,real_route_replay,539,46,18,real,11.717391304347826,1,62,1.2355449117414123,swiglu,30,0.02239999920129776
case_028_real,humaneval,middle,real_route_replay,539,46,18,real,11.717391304347826,1,62,1.2355449117414123,swiglu,31,0.025407999753952026
case_028_real,humaneval,middle,real_route_replay,539,46,18,real,11.717391304347826,1,62,1.2355449117414123,swiglu,32,0.024351999163627625
case_028_real,humaneval,middle,real_route_replay,539,46,18,real,11.717391304347826,1,62,1.2355449117414123,swiglu,33,0.023903999477624893
case_028_real,humaneval,middle,real_route_replay,539,46,18,real,11.717391304347826,1,62,1.2355449117414123,swiglu,34,0.022592000663280487
case_028_real,humaneval,middle,real_route_replay,539,46,18,real,11.717391304347826,1,62,1.2355449117414123,swiglu,35,0.02208000048995018
case_028_real,humaneval,middle,real_route_replay,539,46,18,real,11.717391304347826,1,62,1.2355449117414123,swiglu,36,0.023231999948620796
case_028_real,humaneval,middle,real_route_replay,539,46,18,real,11.717391304347826,1,62,1.2355449117414123,swiglu,37,0.023455999791622162
case_028_real,humaneval,middle,real_route_replay,539,46,18,real,11.717391304347826,1,62,1.2355449117414123,swiglu,38,0.022495999932289124
case_028_real,humaneval,middle,real_route_replay,539,46,18,real,11.717391304347826,1,62,1.2355449117414123,swiglu,39,0.022112000733613968
case_028_real,humaneval,middle,real_route_replay,539,46,18,real,11.717391304347826,1,62,1.2355449117414123,gate_up_full64_prebuilt,0,0.3261440098285675
case_028_real,humaneval,middle,real_route_replay,539,46,18,real,11.717391304347826,1,62,1.2355449117414123,gate_up_full64_prebuilt,1,0.31279999017715454
case_028_real,humaneval,middle,real_route_replay,539,46,18,real,11.717391304347826,1,62,1.2355449117414123,gate_up_full64_prebuilt,2,0.30873599648475647
case_028_real,humaneval,middle,real_route_replay,539,46,18,real,11.717391304347826,1,62,1.2355449117414123,gate_up_full64_prebuilt,3,0.3128319978713989
case_028_real,humaneval,middle,real_route_replay,539,46,18,real,11.717391304347826,1,62,1.2355449117414123,gate_up_full64_prebuilt,4,0.31331199407577515
case_028_real,humaneval,middle,real_route_replay,539,46,18,real,11.717391304347826,1,62,1.2355449117414123,gate_up_full64_prebuilt,5,0.30988800525665283
case_028_real,humaneval,middle,real_route_replay,539,46,18,real,11.717391304347826,1,62,1.2355449117414123,gate_up_full64_prebuilt,6,0.30963200330734253
case_028_real,humaneval,middle,real_route_replay,539,46,18,real,11.717391304347826,1,62,1.2355449117414123,gate_up_full64_prebuilt,7,0.31164801120758057
case_028_real,humaneval,middle,real_route_replay,539,46,18,real,11.717391304347826,1,62,1.2355449117414123,gate_up_full64_prebuilt,8,0.3094399869441986
case_028_real,humaneval,middle,real_route_replay,539,46,18,real,11.717391304347826,1,62,1.2355449117414123,gate_up_full64_prebuilt,9,0.3080640137195587
case_028_real,humaneval,middle,real_route_replay,539,46,18,real,11.717391304347826,1,62,1.2355449117414123,gate_up_full64_prebuilt,10,0.30796799063682556
case_028_real,humaneval,middle,real_route_replay,539,46,18,real,11.717391304347826,1,62,1.2355449117414123,gate_up_full64_prebuilt,11,0.3102400004863739
case_028_real,humaneval,middle,real_route_replay,539,46,18,real,11.717391304347826,1,62,1.2355449117414123,gate_up_full64_prebuilt,12,0.30691200494766235
case_028_real,humaneval,middle,real_route_replay,539,46,18,real,11.717391304347826,1,62,1.2355449117414123,gate_up_full64_prebuilt,13,0.3079040050506592
case_028_real,humaneval,middle,real_route_replay,539,46,18,real,11.717391304347826,1,62,1.2355449117414123,gate_up_full64_prebuilt,14,0.3104960024356842
case_028_real,humaneval,middle,real_route_replay,539,46,18,real,11.717391304347826,1,62,1.2355449117414123,gate_up_full64_prebuilt,15,0.31334400177001953
case_028_real,humaneval,middle,real_route_replay,539,46,18,real,11.717391304347826,1,62,1.2355449117414123,gate_up_full64_prebuilt,16,0.3177280128002167
case_028_real,humaneval,middle,real_route_replay,539,46,18,real,11.717391304347826,1,62,1.2355449117414123,gate_up_full64_prebuilt,17,0.314303994178772
case_028_real,humaneval,middle,real_route_replay,539,46,18,real,11.717391304347826,1,62,1.2355449117414123,gate_up_full64_prebuilt,18,0.31520000100135803
case_028_real,humaneval,middle,real_route_replay,539,46,18,real,11.717391304347826,1,62,1.2355449117414123,gate_up_full64_prebuilt,19,0.32438400387763977
case_028_real,humaneval,middle,real_route_replay,539,46,18,real,11.717391304347826,1,62,1.2355449117414123,gate_up_full64_prebuilt,20,0.3160640001296997
case_028_real,humaneval,middle,real_route_replay,539,46,18,real,11.717391304347826,1,62,1.2355449117414123,gate_up_full64_prebuilt,21,0.3125759959220886
case_028_real,humaneval,middle,real_route_replay,539,46,18,real,11.717391304347826,1,62,1.2355449117414123,gate_up_full64_prebuilt,22,0.30819201469421387
case_028_real,humaneval,middle,real_route_replay,539,46,18,real,11.717391304347826,1,62,1.2355449117414123,gate_up_full64_prebuilt,23,0.3108159899711609
case_028_real,humaneval,middle,real_route_replay,539,46,18,real,11.717391304347826,1,62,1.2355449117414123,gate_up_full64_prebuilt,24,0.3078080117702484
case_028_real,humaneval,middle,real_route_replay,539,46,18,real,11.717391304347826,1,62,1.2355449117414123,gate_up_full64_prebuilt,25,0.3091840147972107
case_028_real,humaneval,middle,real_route_replay,539,46,18,real,11.717391304347826,1,62,1.2355449117414123,gate_up_full64_prebuilt,26,0.31222400069236755
case_028_real,humaneval,middle,real_route_replay,539,46,18,real,11.717391304347826,1,62,1.2355449117414123,gate_up_full64_prebuilt,27,0.3121599853038788
case_028_real,humaneval,middle,real_route_replay,539,46,18,real,11.717391304347826,1,62,1.2355449117414123,gate_up_full64_prebuilt,28,0.31036800146102905
case_028_real,humaneval,middle,real_route_replay,539,46,18,real,11.717391304347826,1,62,1.2355449117414123,gate_up_full64_prebuilt,29,0.3124159872531891
case_028_real,humaneval,middle,real_route_replay,539,46,18,real,11.717391304347826,1,62,1.2355449117414123,gate_up_full64_prebuilt,30,0.31116798520088196
case_028_real,humaneval,middle,real_route_replay,539,46,18,real,11.717391304347826,1,62,1.2355449117414123,gate_up_full64_prebuilt,31,0.3129599988460541
case_028_real,humaneval,middle,real_route_replay,539,46,18,real,11.717391304347826,1,62,1.2355449117414123,gate_up_full64_prebuilt,32,0.3091840147972107
case_028_real,humaneval,middle,real_route_replay,539,46,18,real,11.717391304347826,1,62,1.2355449117414123,gate_up_full64_prebuilt,33,0.30956798791885376
case_028_real,humaneval,middle,real_route_replay,539,46,18,real,11.717391304347826,1,62,1.2355449117414123,gate_up_full64_prebuilt,34,0.31299200654029846
case_028_real,humaneval,middle,real_route_replay,539,46,18,real,11.717391304347826,1,62,1.2355449117414123,gate_up_full64_prebuilt,35,0.30883198976516724
case_028_real,humaneval,middle,real_route_replay,539,46,18,real,11.717391304347826,1,62,1.2355449117414123,gate_up_full64_prebuilt,36,0.309471994638443
case_028_real,humaneval,middle,real_route_replay,539,46,18,real,11.717391304347826,1,62,1.2355449117414123,gate_up_full64_prebuilt,37,0.3081279993057251
case_028_real,humaneval,middle,real_route_replay,539,46,18,real,11.717391304347826,1,62,1.2355449117414123,gate_up_full64_prebuilt,38,0.3091840147972107
case_028_real,humaneval,middle,real_route_replay,539,46,18,real,11.717391304347826,1,62,1.2355449117414123,gate_up_full64_prebuilt,39,0.31222400069236755
case_028_real,humaneval,middle,real_route_replay,539,46,18,real,11.717391304347826,1,62,1.2355449117414123,down_active_prebuilt,0,0.2056960016489029
case_028_real,humaneval,middle,real_route_replay,539,46,18,real,11.717391304347826,1,62,1.2355449117414123,down_active_prebuilt,1,0.20243200659751892
case_028_real,humaneval,middle,real_route_replay,539,46,18,real,11.717391304347826,1,62,1.2355449117414123,down_active_prebuilt,2,0.20156799256801605
case_028_real,humaneval,middle,real_route_replay,539,46,18,real,11.717391304347826,1,62,1.2355449117414123,down_active_prebuilt,3,0.20723199844360352
case_028_real,humaneval,middle,real_route_replay,539,46,18,real,11.717391304347826,1,62,1.2355449117414123,down_active_prebuilt,4,0.2011840045452118
case_028_real,humaneval,middle,real_route_replay,539,46,18,real,11.717391304347826,1,62,1.2355449117414123,down_active_prebuilt,5,0.197952002286911
case_028_real,humaneval,middle,real_route_replay,539,46,18,real,11.717391304347826,1,62,1.2355449117414123,down_active_prebuilt,6,0.19648000597953796
case_028_real,humaneval,middle,real_route_replay,539,46,18,real,11.717391304347826,1,62,1.2355449117414123,down_active_prebuilt,7,0.19808000326156616
case_028_real,humaneval,middle,real_route_replay,539,46,18,real,11.717391304347826,1,62,1.2355449117414123,down_active_prebuilt,8,0.1931840032339096
case_028_real,humaneval,middle,real_route_replay,539,46,18,real,11.717391304347826,1,62,1.2355449117414123,down_active_prebuilt,9,0.19407999515533447
case_028_real,humaneval,middle,real_route_replay,539,46,18,real,11.717391304347826,1,62,1.2355449117414123,down_active_prebuilt,10,0.19625599682331085
case_028_real,humaneval,middle,real_route_replay,539,46,18,real,11.717391304347826,1,62,1.2355449117414123,down_active_prebuilt,11,0.20019200444221497
case_028_real,humaneval,middle,real_route_replay,539,46,18,real,11.717391304347826,1,62,1.2355449117414123,down_active_prebuilt,12,0.1945279985666275
case_028_real,humaneval,middle,real_route_replay,539,46,18,real,11.717391304347826,1,62,1.2355449117414123,down_active_prebuilt,13,0.1958719938993454
case_028_real,humaneval,middle,real_route_replay,539,46,18,real,11.717391304347826,1,62,1.2355449117414123,down_active_prebuilt,14,0.1971520036458969
case_028_real,humaneval,middle,real_route_replay,539,46,18,real,11.717391304347826,1,62,1.2355449117414123,down_active_prebuilt,15,0.1992959976196289
case_028_real,humaneval,middle,real_route_replay,539,46,18,real,11.717391304347826,1,62,1.2355449117414123,down_active_prebuilt,16,0.2003519982099533
case_028_real,humaneval,middle,real_route_replay,539,46,18,real,11.717391304347826,1,62,1.2355449117414123,down_active_prebuilt,17,0.19884799420833588
case_028_real,humaneval,middle,real_route_replay,539,46,18,real,11.717391304347826,1,62,1.2355449117414123,down_active_prebuilt,18,0.19404800236225128
case_028_real,humaneval,middle,real_route_replay,539,46,18,real,11.717391304347826,1,62,1.2355449117414123,down_active_prebuilt,19,0.19200000166893005
case_028_real,humaneval,middle,real_route_replay,539,46,18,real,11.717391304347826,1,62,1.2355449117414123,down_active_prebuilt,20,0.19113600254058838
case_028_real,humaneval,middle,real_route_replay,539,46,18,real,11.717391304347826,1,62,1.2355449117414123,down_active_prebuilt,21,0.19167999923229218
case_028_real,humaneval,middle,real_route_replay,539,46,18,real,11.717391304347826,1,62,1.2355449117414123,down_active_prebuilt,22,0.18595199286937714
case_028_real,humaneval,middle,real_route_replay,539,46,18,real,11.717391304347826,1,62,1.2355449117414123,down_active_prebuilt,23,0.18620799481868744
case_028_real,humaneval,middle,real_route_replay,539,46,18,real,11.717391304347826,1,62,1.2355449117414123,down_active_prebuilt,24,0.1844480037689209
case_028_real,humaneval,middle,real_route_replay,539,46,18,real,11.717391304347826,1,62,1.2355449117414123,down_active_prebuilt,25,0.19164800643920898
case_028_real,humaneval,middle,real_route_replay,539,46,18,real,11.717391304347826,1,62,1.2355449117414123,down_active_prebuilt,26,0.1913280040025711
case_028_real,humaneval,middle,real_route_replay,539,46,18,real,11.717391304347826,1,62,1.2355449117414123,down_active_prebuilt,27,0.18960000574588776
case_028_real,humaneval,middle,real_route_replay,539,46,18,real,11.717391304347826,1,62,1.2355449117414123,down_active_prebuilt,28,0.18556800484657288
case_028_real,humaneval,middle,real_route_replay,539,46,18,real,11.717391304347826,1,62,1.2355449117414123,down_active_prebuilt,29,0.18963199853897095
case_028_real,humaneval,middle,real_route_replay,539,46,18,real,11.717391304347826,1,62,1.2355449117414123,down_active_prebuilt,30,0.1897280067205429
case_028_real,humaneval,middle,real_route_replay,539,46,18,real,11.717391304347826,1,62,1.2355449117414123,down_active_prebuilt,31,0.19113600254058838
case_028_real,humaneval,middle,real_route_replay,539,46,18,real,11.717391304347826,1,62,1.2355449117414123,down_active_prebuilt,32,0.20000000298023224
case_028_real,humaneval,middle,real_route_replay,539,46,18,real,11.717391304347826,1,62,1.2355449117414123,down_active_prebuilt,33,0.18918399512767792
case_028_real,humaneval,middle,real_route_replay,539,46,18,real,11.717391304347826,1,62,1.2355449117414123,down_active_prebuilt,34,0.18883199989795685
case_028_real,humaneval,middle,real_route_replay,539,46,18,real,11.717391304347826,1,62,1.2355449117414123,down_active_prebuilt,35,0.19023999571800232
case_028_real,humaneval,middle,real_route_replay,539,46,18,real,11.717391304347826,1,62,1.2355449117414123,down_active_prebuilt,36,0.1931840032339096
case_028_real,humaneval,middle,real_route_replay,539,46,18,real,11.717391304347826,1,62,1.2355449117414123,down_active_prebuilt,37,0.18559999763965607
case_028_real,humaneval,middle,real_route_replay,539,46,18,real,11.717391304347826,1,62,1.2355449117414123,down_active_prebuilt,38,0.1863359957933426
case_028_real,humaneval,middle,real_route_replay,539,46,18,real,11.717391304347826,1,62,1.2355449117414123,down_active_prebuilt,39,0.1871359944343567
case_028_real,humaneval,middle,real_route_replay,539,46,18,real,11.717391304347826,1,62,1.2355449117414123,down_full64_prebuilt,0,0.20291200280189514
case_028_real,humaneval,middle,real_route_replay,539,46,18,real,11.717391304347826,1,62,1.2355449117414123,down_full64_prebuilt,1,0.19580799341201782
case_028_real,humaneval,middle,real_route_replay,539,46,18,real,11.717391304347826,1,62,1.2355449117414123,down_full64_prebuilt,2,0.19670400023460388
case_028_real,humaneval,middle,real_route_replay,539,46,18,real,11.717391304347826,1,62,1.2355449117414123,down_full64_prebuilt,3,0.1966399997472763
case_028_real,humaneval,middle,real_route_replay,539,46,18,real,11.717391304347826,1,62,1.2355449117414123,down_full64_prebuilt,4,0.20003199577331543
case_028_real,humaneval,middle,real_route_replay,539,46,18,real,11.717391304347826,1,62,1.2355449117414123,down_full64_prebuilt,5,0.20496000349521637
case_028_real,humaneval,middle,real_route_replay,539,46,18,real,11.717391304347826,1,62,1.2355449117414123,down_full64_prebuilt,6,0.19750399887561798
case_028_real,humaneval,middle,real_route_replay,539,46,18,real,11.717391304347826,1,62,1.2355449117414123,down_full64_prebuilt,7,0.19113600254058838
case_028_real,humaneval,middle,real_route_replay,539,46,18,real,11.717391304347826,1,62,1.2355449117414123,down_full64_prebuilt,8,0.1892479956150055
case_028_real,humaneval,middle,real_route_replay,539,46,18,real,11.717391304347826,1,62,1.2355449117414123,down_full64_prebuilt,9,0.1860159933567047
case_028_real,humaneval,middle,real_route_replay,539,46,18,real,11.717391304347826,1,62,1.2355449117414123,down_full64_prebuilt,10,0.19148799777030945
case_028_real,humaneval,middle,real_route_replay,539,46,18,real,11.717391304347826,1,62,1.2355449117414123,down_full64_prebuilt,11,0.1894720047712326
case_028_real,humaneval,middle,real_route_replay,539,46,18,real,11.717391304347826,1,62,1.2355449117414123,down_full64_prebuilt,12,0.1870719939470291
case_028_real,humaneval,middle,real_route_replay,539,46,18,real,11.717391304347826,1,62,1.2355449117414123,down_full64_prebuilt,13,0.18547199666500092
case_028_real,humaneval,middle,real_route_replay,539,46,18,real,11.717391304347826,1,62,1.2355449117414123,down_full64_prebuilt,14,0.18982400000095367
case_028_real,humaneval,middle,real_route_replay,539,46,18,real,11.717391304347826,1,62,1.2355449117414123,down_full64_prebuilt,15,0.19046400487422943
case_028_real,humaneval,middle,real_route_replay,539,46,18,real,11.717391304347826,1,62,1.2355449117414123,down_full64_prebuilt,16,0.1881919950246811
case_028_real,humaneval,middle,real_route_replay,539,46,18,real,11.717391304347826,1,62,1.2355449117414123,down_full64_prebuilt,17,0.18940800428390503
case_028_real,humaneval,middle,real_route_replay,539,46,18,real,11.717391304347826,1,62,1.2355449117414123,down_full64_prebuilt,18,0.19020800292491913
case_028_real,humaneval,middle,real_route_replay,539,46,18,real,11.717391304347826,1,62,1.2355449117414123,down_full64_prebuilt,19,0.19017599523067474
case_028_real,humaneval,middle,real_route_replay,539,46,18,real,11.717391304347826,1,62,1.2355449117414123,down_full64_prebuilt,20,0.18585599958896637
case_028_real,humaneval,middle,real_route_replay,539,46,18,real,11.717391304347826,1,62,1.2355449117414123,down_full64_prebuilt,21,0.18697600066661835
case_028_real,humaneval,middle,real_route_replay,539,46,18,real,11.717391304347826,1,62,1.2355449117414123,down_full64_prebuilt,22,0.18783999979496002
case_028_real,humaneval,middle,real_route_replay,539,46,18,real,11.717391304347826,1,62,1.2355449117414123,down_full64_prebuilt,23,0.18704000115394592
case_028_real,humaneval,middle,real_route_replay,539,46,18,real,11.717391304347826,1,62,1.2355449117414123,down_full64_prebuilt,24,0.1919039934873581
case_028_real,humaneval,middle,real_route_replay,539,46,18,real,11.717391304347826,1,62,1.2355449117414123,down_full64_prebuilt,25,0.18998399376869202
case_028_real,humaneval,middle,real_route_replay,539,46,18,real,11.717391304347826,1,62,1.2355449117414123,down_full64_prebuilt,26,0.1892479956150055
case_028_real,humaneval,middle,real_route_replay,539,46,18,real,11.717391304347826,1,62,1.2355449117414123,down_full64_prebuilt,27,0.19177600741386414
case_028_real,humaneval,middle,real_route_replay,539,46,18,real,11.717391304347826,1,62,1.2355449117414123,down_full64_prebuilt,28,0.18748800456523895
case_028_real,humaneval,middle,real_route_replay,539,46,18,real,11.717391304347826,1,62,1.2355449117414123,down_full64_prebuilt,29,0.18639999628067017
case_028_real,humaneval,middle,real_route_replay,539,46,18,real,11.717391304347826,1,62,1.2355449117414123,down_full64_prebuilt,30,0.18835200369358063
case_028_real,humaneval,middle,real_route_replay,539,46,18,real,11.717391304347826,1,62,1.2355449117414123,down_full64_prebuilt,31,0.18569600582122803
case_028_real,humaneval,middle,real_route_replay,539,46,18,real,11.717391304347826,1,62,1.2355449117414123,down_full64_prebuilt,32,0.18742400407791138
case_028_real,humaneval,middle,real_route_replay,539,46,18,real,11.717391304347826,1,62,1.2355449117414123,down_full64_prebuilt,33,0.18726399540901184
case_028_real,humaneval,middle,real_route_replay,539,46,18,real,11.717391304347826,1,62,1.2355449117414123,down_full64_prebuilt,34,0.19305600225925446
case_028_real,humaneval,middle,real_route_replay,539,46,18,real,11.717391304347826,1,62,1.2355449117414123,down_full64_prebuilt,35,0.19334399700164795
case_028_real,humaneval,middle,real_route_replay,539,46,18,real,11.717391304347826,1,62,1.2355449117414123,down_full64_prebuilt,36,0.19193600118160248
case_028_real,humaneval,middle,real_route_replay,539,46,18,real,11.717391304347826,1,62,1.2355449117414123,down_full64_prebuilt,37,0.18799999356269836
case_028_real,humaneval,middle,real_route_replay,539,46,18,real,11.717391304347826,1,62,1.2355449117414123,down_full64_prebuilt,38,0.19257600605487823
case_028_real,humaneval,middle,real_route_replay,539,46,18,real,11.717391304347826,1,62,1.2355449117414123,down_full64_prebuilt,39,0.1886720061302185
case_028_real,humaneval,middle,real_route_replay,539,46,18,real,11.717391304347826,1,62,1.2355449117414123,route_weight,0,0.02208000048995018
case_028_real,humaneval,middle,real_route_replay,539,46,18,real,11.717391304347826,1,62,1.2355449117414123,route_weight,1,0.017503999173641205
case_028_real,humaneval,middle,real_route_replay,539,46,18,real,11.717391304347826,1,62,1.2355449117414123,route_weight,2,0.016575999557971954
case_028_real,humaneval,middle,real_route_replay,539,46,18,real,11.717391304347826,1,62,1.2355449117414123,route_weight,3,0.018400000408291817
case_028_real,humaneval,middle,real_route_replay,539,46,18,real,11.717391304347826,1,62,1.2355449117414123,route_weight,4,0.01711999997496605
case_028_real,humaneval,middle,real_route_replay,539,46,18,real,11.717391304347826,1,62,1.2355449117414123,route_weight,5,0.017472000792622566
case_028_real,humaneval,middle,real_route_replay,539,46,18,real,11.717391304347826,1,62,1.2355449117414123,route_weight,6,0.016863999888300896
case_028_real,humaneval,middle,real_route_replay,539,46,18,real,11.717391304347826,1,62,1.2355449117414123,route_weight,7,0.015615999698638916
case_028_real,humaneval,middle,real_route_replay,539,46,18,real,11.717391304347826,1,62,1.2355449117414123,route_weight,8,0.015744000673294067
case_028_real,humaneval,middle,real_route_replay,539,46,18,real,11.717391304347826,1,62,1.2355449117414123,route_weight,9,0.015968000516295433
case_028_real,humaneval,middle,real_route_replay,539,46,18,real,11.717391304347826,1,62,1.2355449117414123,route_weight,10,0.015296000055968761
case_028_real,humaneval,middle,real_route_replay,539,46,18,real,11.717391304347826,1,62,1.2355449117414123,route_weight,11,0.016704000532627106
case_028_real,humaneval,middle,real_route_replay,539,46,18,real,11.717391304347826,1,62,1.2355449117414123,route_weight,12,0.016575999557971954
case_028_real,humaneval,middle,real_route_replay,539,46,18,real,11.717391304347826,1,62,1.2355449117414123,route_weight,13,0.02054399996995926
case_028_real,humaneval,middle,real_route_replay,539,46,18,real,11.717391304347826,1,62,1.2355449117414123,route_weight,14,0.01744000054895878
case_028_real,humaneval,middle,real_route_replay,539,46,18,real,11.717391304347826,1,62,1.2355449117414123,route_weight,15,0.017920000478625298
case_028_real,humaneval,middle,real_route_replay,539,46,18,real,11.717391304347826,1,62,1.2355449117414123,route_weight,16,0.016672000288963318
case_028_real,humaneval,middle,real_route_replay,539,46,18,real,11.717391304347826,1,62,1.2355449117414123,route_weight,17,0.01679999940097332
case_028_real,humaneval,middle,real_route_replay,539,46,18,real,11.717391304347826,1,62,1.2355449117414123,route_weight,18,0.01587199978530407
case_028_real,humaneval,middle,real_route_replay,539,46,18,real,11.717391304347826,1,62,1.2355449117414123,route_weight,19,0.016416000202298164
case_028_real,humaneval,middle,real_route_replay,539,46,18,real,11.717391304347826,1,62,1.2355449117414123,route_weight,20,0.022016000002622604
case_028_real,humaneval,middle,real_route_replay,539,46,18,real,11.717391304347826,1,62,1.2355449117414123,route_weight,21,0.020864000543951988
case_028_real,humaneval,middle,real_route_replay,539,46,18,real,11.717391304347826,1,62,1.2355449117414123,route_weight,22,0.020479999482631683
case_028_real,humaneval,middle,real_route_replay,539,46,18,real,11.717391304347826,1,62,1.2355449117414123,route_weight,23,0.02127999998629093
case_028_real,humaneval,middle,real_route_replay,539,46,18,real,11.717391304347826,1,62,1.2355449117414123,route_weight,24,0.020927999168634415
case_028_real,humaneval,middle,real_route_replay,539,46,18,real,11.717391304347826,1,62,1.2355449117414123,route_weight,25,0.02643200010061264
case_028_real,humaneval,middle,real_route_replay,539,46,18,real,11.717391304347826,1,62,1.2355449117414123,route_weight,26,0.022752000018954277
case_028_real,humaneval,middle,real_route_replay,539,46,18,real,11.717391304347826,1,62,1.2355449117414123,route_weight,27,0.03244800120592117
case_028_real,humaneval,middle,real_route_replay,539,46,18,real,11.717391304347826,1,62,1.2355449117414123,route_weight,28,0.022975999861955643
case_028_real,humaneval,middle,real_route_replay,539,46,18,real,11.717391304347826,1,62,1.2355449117414123,route_weight,29,0.022655999287962914
case_028_real,humaneval,middle,real_route_replay,539,46,18,real,11.717391304347826,1,62,1.2355449117414123,route_weight,30,0.02252800017595291
case_028_real,humaneval,middle,real_route_replay,539,46,18,real,11.717391304347826,1,62,1.2355449117414123,route_weight,31,0.02195199951529503
case_028_real,humaneval,middle,real_route_replay,539,46,18,real,11.717391304347826,1,62,1.2355449117414123,route_weight,32,0.023360000923275948
case_028_real,humaneval,middle,real_route_replay,539,46,18,real,11.717391304347826,1,62,1.2355449117414123,route_weight,33,0.02252800017595291
case_028_real,humaneval,middle,real_route_replay,539,46,18,real,11.717391304347826,1,62,1.2355449117414123,route_weight,34,0.02595200017094612
case_028_real,humaneval,middle,real_route_replay,539,46,18,real,11.717391304347826,1,62,1.2355449117414123,route_weight,35,0.02316799946129322
case_028_real,humaneval,middle,real_route_replay,539,46,18,real,11.717391304347826,1,62,1.2355449117414123,route_weight,36,0.026464000344276428
case_028_real,humaneval,middle,real_route_replay,539,46,18,real,11.717391304347826,1,62,1.2355449117414123,route_weight,37,0.025760000571608543
case_028_real,humaneval,middle,real_route_replay,539,46,18,real,11.717391304347826,1,62,1.2355449117414123,route_weight,38,0.025887999683618546
case_028_real,humaneval,middle,real_route_replay,539,46,18,real,11.717391304347826,1,62,1.2355449117414123,route_weight,39,0.024447999894618988
case_028_real,humaneval,middle,real_route_replay,539,46,18,real,11.717391304347826,1,62,1.2355449117414123,gate_up_active_prebuilt,0,0.3324800133705139
case_028_real,humaneval,middle,real_route_replay,539,46,18,real,11.717391304347826,1,62,1.2355449117414123,gate_up_active_prebuilt,1,0.3187200129032135
case_028_real,humaneval,middle,real_route_replay,539,46,18,real,11.717391304347826,1,62,1.2355449117414123,gate_up_active_prebuilt,2,0.31488001346588135
case_028_real,humaneval,middle,real_route_replay,539,46,18,real,11.717391304347826,1,62,1.2355449117414123,gate_up_active_prebuilt,3,0.32230401039123535
case_028_real,humaneval,middle,real_route_replay,539,46,18,real,11.717391304347826,1,62,1.2355449117414123,gate_up_active_prebuilt,4,0.3173759877681732
case_028_real,humaneval,middle,real_route_replay,539,46,18,real,11.717391304347826,1,62,1.2355449117414123,gate_up_active_prebuilt,5,0.31619200110435486
case_028_real,humaneval,middle,real_route_replay,539,46,18,real,11.717391304347826,1,62,1.2355449117414123,gate_up_active_prebuilt,6,0.32044801115989685
case_028_real,humaneval,middle,real_route_replay,539,46,18,real,11.717391304347826,1,62,1.2355449117414123,gate_up_active_prebuilt,7,0.3237760066986084
case_028_real,humaneval,middle,real_route_replay,539,46,18,real,11.717391304347826,1,62,1.2355449117414123,gate_up_active_prebuilt,8,0.3161279857158661
case_028_real,humaneval,middle,real_route_replay,539,46,18,real,11.717391304347826,1,62,1.2355449117414123,gate_up_active_prebuilt,9,0.3158400058746338
case_028_real,humaneval,middle,real_route_replay,539,46,18,real,11.717391304347826,1,62,1.2355449117414123,gate_up_active_prebuilt,10,0.3221440017223358
case_028_real,humaneval,middle,real_route_replay,539,46,18,real,11.717391304347826,1,62,1.2355449117414123,gate_up_active_prebuilt,11,0.31350401043891907
case_028_real,humaneval,middle,real_route_replay,539,46,18,real,11.717391304347826,1,62,1.2355449117414123,gate_up_active_prebuilt,12,0.31142398715019226
case_028_real,humaneval,middle,real_route_replay,539,46,18,real,11.717391304347826,1,62,1.2355449117414123,gate_up_active_prebuilt,13,0.31193599104881287
case_028_real,humaneval,middle,real_route_replay,539,46,18,real,11.717391304347826,1,62,1.2355449117414123,gate_up_active_prebuilt,14,0.3095040023326874
case_028_real,humaneval,middle,real_route_replay,539,46,18,real,11.717391304347826,1,62,1.2355449117414123,gate_up_active_prebuilt,15,0.312063992023468
case_028_real,humaneval,middle,real_route_replay,539,46,18,real,11.717391304347826,1,62,1.2355449117414123,gate_up_active_prebuilt,16,0.312063992023468
case_028_real,humaneval,middle,real_route_replay,539,46,18,real,11.717391304347826,1,62,1.2355449117414123,gate_up_active_prebuilt,17,0.3112320005893707
case_028_real,humaneval,middle,real_route_replay,539,46,18,real,11.717391304347826,1,62,1.2355449117414123,gate_up_active_prebuilt,18,0.30803200602531433
case_028_real,humaneval,middle,real_route_replay,539,46,18,real,11.717391304347826,1,62,1.2355449117414123,gate_up_active_prebuilt,19,0.3081600069999695
case_028_real,humaneval,middle,real_route_replay,539,46,18,real,11.717391304347826,1,62,1.2355449117414123,gate_up_active_prebuilt,20,0.3104960024356842
case_028_real,humaneval,middle,real_route_replay,539,46,18,real,11.717391304347826,1,62,1.2355449117414123,gate_up_active_prebuilt,21,0.30902400612831116
case_028_real,humaneval,middle,real_route_replay,539,46,18,real,11.717391304347826,1,62,1.2355449117414123,gate_up_active_prebuilt,22,0.3099200129508972
case_028_real,humaneval,middle,real_route_replay,539,46,18,real,11.717391304347826,1,62,1.2355449117414123,gate_up_active_prebuilt,23,0.3118079900741577
case_028_real,humaneval,middle,real_route_replay,539,46,18,real,11.717391304347826,1,62,1.2355449117414123,gate_up_active_prebuilt,24,0.3104960024356842
case_028_real,humaneval,middle,real_route_replay,539,46,18,real,11.717391304347826,1,62,1.2355449117414123,gate_up_active_prebuilt,25,0.3112959861755371
case_028_real,humaneval,middle,real_route_replay,539,46,18,real,11.717391304347826,1,62,1.2355449117414123,gate_up_active_prebuilt,26,0.3118399977684021
case_028_real,humaneval,middle,real_route_replay,539,46,18,real,11.717391304347826,1,62,1.2355449117414123,gate_up_active_prebuilt,27,0.30902400612831116
case_028_real,humaneval,middle,real_route_replay,539,46,18,real,11.717391304347826,1,62,1.2355449117414123,gate_up_active_prebuilt,28,0.31244799494743347
case_028_real,humaneval,middle,real_route_replay,539,46,18,real,11.717391304347826,1,62,1.2355449117414123,gate_up_active_prebuilt,29,0.3144319951534271
case_028_real,humaneval,middle,real_route_replay,539,46,18,real,11.717391304347826,1,62,1.2355449117414123,gate_up_active_prebuilt,30,0.31459200382232666
case_028_real,humaneval,middle,real_route_replay,539,46,18,real,11.717391304347826,1,62,1.2355449117414123,gate_up_active_prebuilt,31,0.31648001074790955
case_028_real,humaneval,middle,real_route_replay,539,46,18,real,11.717391304347826,1,62,1.2355449117414123,gate_up_active_prebuilt,32,0.33084800839424133
case_028_real,humaneval,middle,real_route_replay,539,46,18,real,11.717391304347826,1,62,1.2355449117414123,gate_up_active_prebuilt,33,0.3179520070552826
case_028_real,humaneval,middle,real_route_replay,539,46,18,real,11.717391304347826,1,62,1.2355449117414123,gate_up_active_prebuilt,34,0.31171199679374695
case_028_real,humaneval,middle,real_route_replay,539,46,18,real,11.717391304347826,1,62,1.2355449117414123,gate_up_active_prebuilt,35,0.3094399869441986
case_028_real,humaneval,middle,real_route_replay,539,46,18,real,11.717391304347826,1,62,1.2355449117414123,gate_up_active_prebuilt,36,0.30777600407600403
case_028_real,humaneval,middle,real_route_replay,539,46,18,real,11.717391304347826,1,62,1.2355449117414123,gate_up_active_prebuilt,37,0.318015992641449
case_028_real,humaneval,middle,real_route_replay,539,46,18,real,11.717391304347826,1,62,1.2355449117414123,gate_up_active_prebuilt,38,0.3076480031013489
case_028_real,humaneval,middle,real_route_replay,539,46,18,real,11.717391304347826,1,62,1.2355449117414123,gate_up_active_prebuilt,39,0.30880001187324524
case_029_real,humaneval,middle,real_route_replay,864,41,23,real,21.073170731707318,1,409,3.033243982709267,swiglu,0,0.04416000097990036
case_029_real,humaneval,middle,real_route_replay,864,41,23,real,21.073170731707318,1,409,3.033243982709267,swiglu,1,0.03526400029659271
case_029_real,humaneval,middle,real_route_replay,864,41,23,real,21.073170731707318,1,409,3.033243982709267,swiglu,2,0.035071998834609985
case_029_real,humaneval,middle,real_route_replay,864,41,23,real,21.073170731707318,1,409,3.033243982709267,swiglu,3,0.032575998455286026
case_029_real,humaneval,middle,real_route_replay,864,41,23,real,21.073170731707318,1,409,3.033243982709267,swiglu,4,0.03699199855327606
case_029_real,humaneval,middle,real_route_replay,864,41,23,real,21.073170731707318,1,409,3.033243982709267,swiglu,5,0.027488000690937042
case_029_real,humaneval,middle,real_route_replay,864,41,23,real,21.073170731707318,1,409,3.033243982709267,swiglu,6,0.03625600039958954
case_029_real,humaneval,middle,real_route_replay,864,41,23,real,21.073170731707318,1,409,3.033243982709267,swiglu,7,0.03638400137424469
case_029_real,humaneval,middle,real_route_replay,864,41,23,real,21.073170731707318,1,409,3.033243982709267,swiglu,8,0.03968000039458275
case_029_real,humaneval,middle,real_route_replay,864,41,23,real,21.073170731707318,1,409,3.033243982709267,swiglu,9,0.032607998698949814
case_029_real,humaneval,middle,real_route_replay,864,41,23,real,21.073170731707318,1,409,3.033243982709267,swiglu,10,0.03376000002026558
case_029_real,humaneval,middle,real_route_replay,864,41,23,real,21.073170731707318,1,409,3.033243982709267,swiglu,11,0.037728000432252884
case_029_real,humaneval,middle,real_route_replay,864,41,23,real,21.073170731707318,1,409,3.033243982709267,swiglu,12,0.03651199862360954
case_029_real,humaneval,middle,real_route_replay,864,41,23,real,21.073170731707318,1,409,3.033243982709267,swiglu,13,0.04307200014591217
case_029_real,humaneval,middle,real_route_replay,864,41,23,real,21.073170731707318,1,409,3.033243982709267,swiglu,14,0.03683200106024742
case_029_real,humaneval,middle,real_route_replay,864,41,23,real,21.073170731707318,1,409,3.033243982709267,swiglu,15,0.034623999148607254
case_029_real,humaneval,middle,real_route_replay,864,41,23,real,21.073170731707318,1,409,3.033243982709267,swiglu,16,0.032255999743938446
case_029_real,humaneval,middle,real_route_replay,864,41,23,real,21.073170731707318,1,409,3.033243982709267,swiglu,17,0.0323840007185936
case_029_real,humaneval,middle,real_route_replay,864,41,23,real,21.073170731707318,1,409,3.033243982709267,swiglu,18,0.033215999603271484
case_029_real,humaneval,middle,real_route_replay,864,41,23,real,21.073170731707318,1,409,3.033243982709267,swiglu,19,0.03811199963092804
case_029_real,humaneval,middle,real_route_replay,864,41,23,real,21.073170731707318,1,409,3.033243982709267,swiglu,20,0.03884800150990486
case_029_real,humaneval,middle,real_route_replay,864,41,23,real,21.073170731707318,1,409,3.033243982709267,swiglu,21,0.043776001781225204
case_029_real,humaneval,middle,real_route_replay,864,41,23,real,21.073170731707318,1,409,3.033243982709267,swiglu,22,0.035071998834609985
case_029_real,humaneval,middle,real_route_replay,864,41,23,real,21.073170731707318,1,409,3.033243982709267,swiglu,23,0.02195199951529503
case_029_real,humaneval,middle,real_route_replay,864,41,23,real,21.073170731707318,1,409,3.033243982709267,swiglu,24,0.020959999412298203
case_029_real,humaneval,middle,real_route_replay,864,41,23,real,21.073170731707318,1,409,3.033243982709267,swiglu,25,0.021568000316619873
case_029_real,humaneval,middle,real_route_replay,864,41,23,real,21.073170731707318,1,409,3.033243982709267,swiglu,26,0.022207999601960182
case_029_real,humaneval,middle,real_route_replay,864,41,23,real,21.073170731707318,1,409,3.033243982709267,swiglu,27,0.0226879995316267
case_029_real,humaneval,middle,real_route_replay,864,41,23,real,21.073170731707318,1,409,3.033243982709267,swiglu,28,0.022784000262618065
case_029_real,humaneval,middle,real_route_replay,864,41,23,real,21.073170731707318,1,409,3.033243982709267,swiglu,29,0.019999999552965164
case_029_real,humaneval,middle,real_route_replay,864,41,23,real,21.073170731707318,1,409,3.033243982709267,swiglu,30,0.020320000126957893
case_029_real,humaneval,middle,real_route_replay,864,41,23,real,21.073170731707318,1,409,3.033243982709267,swiglu,31,0.025631999596953392
case_029_real,humaneval,middle,real_route_replay,864,41,23,real,21.073170731707318,1,409,3.033243982709267,swiglu,32,0.020735999569296837
case_029_real,humaneval,middle,real_route_replay,864,41,23,real,21.073170731707318,1,409,3.033243982709267,swiglu,33,0.021215999498963356
case_029_real,humaneval,middle,real_route_replay,864,41,23,real,21.073170731707318,1,409,3.033243982709267,swiglu,34,0.02112000063061714
case_029_real,humaneval,middle,real_route_replay,864,41,23,real,21.073170731707318,1,409,3.033243982709267,swiglu,35,0.024064000695943832
case_029_real,humaneval,middle,real_route_replay,864,41,23,real,21.073170731707318,1,409,3.033243982709267,swiglu,36,0.023520000278949738
case_029_real,humaneval,middle,real_route_replay,864,41,23,real,21.073170731707318,1,409,3.033243982709267,swiglu,37,0.023711999878287315
case_029_real,humaneval,middle,real_route_replay,864,41,23,real,21.073170731707318,1,409,3.033243982709267,swiglu,38,0.020800000056624413
case_029_real,humaneval,middle,real_route_replay,864,41,23,real,21.073170731707318,1,409,3.033243982709267,swiglu,39,0.01974399946630001
case_029_real,humaneval,middle,real_route_replay,864,41,23,real,21.073170731707318,1,409,3.033243982709267,gate_up_full64_prebuilt,0,0.30531200766563416
case_029_real,humaneval,middle,real_route_replay,864,41,23,real,21.073170731707318,1,409,3.033243982709267,gate_up_full64_prebuilt,1,0.28723201155662537
case_029_real,humaneval,middle,real_route_replay,864,41,23,real,21.073170731707318,1,409,3.033243982709267,gate_up_full64_prebuilt,2,0.29151999950408936
case_029_real,humaneval,middle,real_route_replay,864,41,23,real,21.073170731707318,1,409,3.033243982709267,gate_up_full64_prebuilt,3,0.2876160144805908
case_029_real,humaneval,middle,real_route_replay,864,41,23,real,21.073170731707318,1,409,3.033243982709267,gate_up_full64_prebuilt,4,0.2863039970397949
case_029_real,humaneval,middle,real_route_replay,864,41,23,real,21.073170731707318,1,409,3.033243982709267,gate_up_full64_prebuilt,5,0.2865920066833496
case_029_real,humaneval,middle,real_route_replay,864,41,23,real,21.073170731707318,1,409,3.033243982709267,gate_up_full64_prebuilt,6,0.2868799865245819
case_029_real,humaneval,middle,real_route_replay,864,41,23,real,21.073170731707318,1,409,3.033243982709267,gate_up_full64_prebuilt,7,0.2868799865245819
case_029_real,humaneval,middle,real_route_replay,864,41,23,real,21.073170731707318,1,409,3.033243982709267,gate_up_full64_prebuilt,8,0.284960001707077
case_029_real,humaneval,middle,real_route_replay,864,41,23,real,21.073170731707318,1,409,3.033243982709267,gate_up_full64_prebuilt,9,0.29023998975753784
case_029_real,humaneval,middle,real_route_replay,864,41,23,real,21.073170731707318,1,409,3.033243982709267,gate_up_full64_prebuilt,10,0.2868480086326599
case_029_real,humaneval,middle,real_route_replay,864,41,23,real,21.073170731707318,1,409,3.033243982709267,gate_up_full64_prebuilt,11,0.2887359857559204
case_029_real,humaneval,middle,real_route_replay,864,41,23,real,21.073170731707318,1,409,3.033243982709267,gate_up_full64_prebuilt,12,0.29369598627090454
case_029_real,humaneval,middle,real_route_replay,864,41,23,real,21.073170731707318,1,409,3.033243982709267,gate_up_full64_prebuilt,13,0.2890560030937195
case_029_real,humaneval,middle,real_route_replay,864,41,23,real,21.073170731707318,1,409,3.033243982709267,gate_up_full64_prebuilt,14,0.2895359992980957
case_029_real,humaneval,middle,real_route_replay,864,41,23,real,21.073170731707318,1,409,3.033243982709267,gate_up_full64_prebuilt,15,0.29340800642967224
case_029_real,humaneval,middle,real_route_replay,864,41,23,real,21.073170731707318,1,409,3.033243982709267,gate_up_full64_prebuilt,16,0.293503999710083
case_029_real,humaneval,middle,real_route_replay,864,41,23,real,21.073170731707318,1,409,3.033243982709267,gate_up_full64_prebuilt,17,0.29606398940086365
case_029_real,humaneval,middle,real_route_replay,864,41,23,real,21.073170731707318,1,409,3.033243982709267,gate_up_full64_prebuilt,18,0.29715201258659363
case_029_real,humaneval,middle,real_route_replay,864,41,23,real,21.073170731707318,1,409,3.033243982709267,gate_up_full64_prebuilt,19,0.29974400997161865
case_029_real,humaneval,middle,real_route_replay,864,41,23,real,21.073170731707318,1,409,3.033243982709267,gate_up_full64_prebuilt,20,0.2938559949398041
case_029_real,humaneval,middle,real_route_replay,864,41,23,real,21.073170731707318,1,409,3.033243982709267,gate_up_full64_prebuilt,21,0.29049599170684814
case_029_real,humaneval,middle,real_route_replay,864,41,23,real,21.073170731707318,1,409,3.033243982709267,gate_up_full64_prebuilt,22,0.2890560030937195
case_029_real,humaneval,middle,real_route_replay,864,41,23,real,21.073170731707318,1,409,3.033243982709267,gate_up_full64_prebuilt,23,0.2901119887828827
case_029_real,humaneval,middle,real_route_replay,864,41,23,real,21.073170731707318,1,409,3.033243982709267,gate_up_full64_prebuilt,24,0.2869119942188263
case_029_real,humaneval,middle,real_route_replay,864,41,23,real,21.073170731707318,1,409,3.033243982709267,gate_up_full64_prebuilt,25,0.289247989654541
case_029_real,humaneval,middle,real_route_replay,864,41,23,real,21.073170731707318,1,409,3.033243982709267,gate_up_full64_prebuilt,26,0.28652799129486084
case_029_real,humaneval,middle,real_route_replay,864,41,23,real,21.073170731707318,1,409,3.033243982709267,gate_up_full64_prebuilt,27,0.2868799865245819
case_029_real,humaneval,middle,real_route_replay,864,41,23,real,21.073170731707318,1,409,3.033243982709267,gate_up_full64_prebuilt,28,0.28908801078796387
case_029_real,humaneval,middle,real_route_replay,864,41,23,real,21.073170731707318,1,409,3.033243982709267,gate_up_full64_prebuilt,29,0.2890560030937195
case_029_real,humaneval,middle,real_route_replay,864,41,23,real,21.073170731707318,1,409,3.033243982709267,gate_up_full64_prebuilt,30,0.2874560058116913
case_029_real,humaneval,middle,real_route_replay,864,41,23,real,21.073170731707318,1,409,3.033243982709267,gate_up_full64_prebuilt,31,0.28784000873565674
case_029_real,humaneval,middle,real_route_replay,864,41,23,real,21.073170731707318,1,409,3.033243982709267,gate_up_full64_prebuilt,32,0.28812798857688904
case_029_real,humaneval,middle,real_route_replay,864,41,23,real,21.073170731707318,1,409,3.033243982709267,gate_up_full64_prebuilt,33,0.29180800914764404
case_029_real,humaneval,middle,real_route_replay,864,41,23,real,21.073170731707318,1,409,3.033243982709267,gate_up_full64_prebuilt,34,0.2897599935531616
case_029_real,humaneval,middle,real_route_replay,864,41,23,real,21.073170731707318,1,409,3.033243982709267,gate_up_full64_prebuilt,35,0.2879999876022339
case_029_real,humaneval,middle,real_route_replay,864,41,23,real,21.073170731707318,1,409,3.033243982709267,gate_up_full64_prebuilt,36,0.292928010225296
case_029_real,humaneval,middle,real_route_replay,864,41,23,real,21.073170731707318,1,409,3.033243982709267,gate_up_full64_prebuilt,37,0.2888000011444092
case_029_real,humaneval,middle,real_route_replay,864,41,23,real,21.073170731707318,1,409,3.033243982709267,gate_up_full64_prebuilt,38,0.2882240116596222
case_029_real,humaneval,middle,real_route_replay,864,41,23,real,21.073170731707318,1,409,3.033243982709267,gate_up_full64_prebuilt,39,0.28748801350593567
case_029_real,humaneval,middle,real_route_replay,864,41,23,real,21.073170731707318,1,409,3.033243982709267,down_active_prebuilt,0,0.18953600525856018
case_029_real,humaneval,middle,real_route_replay,864,41,23,real,21.073170731707318,1,409,3.033243982709267,down_active_prebuilt,1,0.18624000251293182
case_029_real,humaneval,middle,real_route_replay,864,41,23,real,21.073170731707318,1,409,3.033243982709267,down_active_prebuilt,2,0.1847040057182312
case_029_real,humaneval,middle,real_route_replay,864,41,23,real,21.073170731707318,1,409,3.033243982709267,down_active_prebuilt,3,0.18384000658988953
case_029_real,humaneval,middle,real_route_replay,864,41,23,real,21.073170731707318,1,409,3.033243982709267,down_active_prebuilt,4,0.18396799266338348
case_029_real,humaneval,middle,real_route_replay,864,41,23,real,21.073170731707318,1,409,3.033243982709267,down_active_prebuilt,5,0.1871359944343567
case_029_real,humaneval,middle,real_route_replay,864,41,23,real,21.073170731707318,1,409,3.033243982709267,down_active_prebuilt,6,0.18956799805164337
case_029_real,humaneval,middle,real_route_replay,864,41,23,real,21.073170731707318,1,409,3.033243982709267,down_active_prebuilt,7,0.18751999735832214
case_029_real,humaneval,middle,real_route_replay,864,41,23,real,21.073170731707318,1,409,3.033243982709267,down_active_prebuilt,8,0.18678399920463562
case_029_real,humaneval,middle,real_route_replay,864,41,23,real,21.073170731707318,1,409,3.033243982709267,down_active_prebuilt,9,0.18652799725532532
case_029_real,humaneval,middle,real_route_replay,864,41,23,real,21.073170731707318,1,409,3.033243982709267,down_active_prebuilt,10,0.18911999464035034
case_029_real,humaneval,middle,real_route_replay,864,41,23,real,21.073170731707318,1,409,3.033243982709267,down_active_prebuilt,11,0.18384000658988953
case_029_real,humaneval,middle,real_route_replay,864,41,23,real,21.073170731707318,1,409,3.033243982709267,down_active_prebuilt,12,0.18400000035762787
case_029_real,humaneval,middle,real_route_replay,864,41,23,real,21.073170731707318,1,409,3.033243982709267,down_active_prebuilt,13,0.18412800133228302
case_029_real,humaneval,middle,real_route_replay,864,41,23,real,21.073170731707318,1,409,3.033243982709267,down_active_prebuilt,14,0.1876479983329773
case_029_real,humaneval,middle,real_route_replay,864,41,23,real,21.073170731707318,1,409,3.033243982709267,down_active_prebuilt,15,0.18665599822998047
case_029_real,humaneval,middle,real_route_replay,864,41,23,real,21.073170731707318,1,409,3.033243982709267,down_active_prebuilt,16,0.187391996383667
case_029_real,humaneval,middle,real_route_replay,864,41,23,real,21.073170731707318,1,409,3.033243982709267,down_active_prebuilt,17,0.18880000710487366
case_029_real,humaneval,middle,real_route_replay,864,41,23,real,21.073170731707318,1,409,3.033243982709267,down_active_prebuilt,18,0.18412800133228302
case_029_real,humaneval,middle,real_route_replay,864,41,23,real,21.073170731707318,1,409,3.033243982709267,down_active_prebuilt,19,0.18041600286960602
case_029_real,humaneval,middle,real_route_replay,864,41,23,real,21.073170731707318,1,409,3.033243982709267,down_active_prebuilt,20,0.18617600202560425
case_029_real,humaneval,middle,real_route_replay,864,41,23,real,21.073170731707318,1,409,3.033243982709267,down_active_prebuilt,21,0.19526399672031403
case_029_real,humaneval,middle,real_route_replay,864,41,23,real,21.073170731707318,1,409,3.033243982709267,down_active_prebuilt,22,0.19740800559520721
case_029_real,humaneval,middle,real_route_replay,864,41,23,real,21.073170731707318,1,409,3.033243982709267,down_active_prebuilt,23,0.18505600094795227
case_029_real,humaneval,middle,real_route_replay,864,41,23,real,21.073170731707318,1,409,3.033243982709267,down_active_prebuilt,24,0.1833599954843521
case_029_real,humaneval,middle,real_route_replay,864,41,23,real,21.073170731707318,1,409,3.033243982709267,down_active_prebuilt,25,0.18851199746131897
case_029_real,humaneval,middle,real_route_replay,864,41,23,real,21.073170731707318,1,409,3.033243982709267,down_active_prebuilt,26,0.18512000143527985
case_029_real,humaneval,middle,real_route_replay,864,41,23,real,21.073170731707318,1,409,3.033243982709267,down_active_prebuilt,27,0.1929599940776825
case_029_real,humaneval,middle,real_route_replay,864,41,23,real,21.073170731707318,1,409,3.033243982709267,down_active_prebuilt,28,0.18889600038528442
case_029_real,humaneval,middle,real_route_replay,864,41,23,real,21.073170731707318,1,409,3.033243982709267,down_active_prebuilt,29,0.19334399700164795
case_029_real,humaneval,middle,real_route_replay,864,41,23,real,21.073170731707318,1,409,3.033243982709267,down_active_prebuilt,30,0.19183999300003052
case_029_real,humaneval,middle,real_route_replay,864,41,23,real,21.073170731707318,1,409,3.033243982709267,down_active_prebuilt,31,0.1955520063638687
case_029_real,humaneval,middle,real_route_replay,864,41,23,real,21.073170731707318,1,409,3.033243982709267,down_active_prebuilt,32,0.19830399751663208
case_029_real,humaneval,middle,real_route_replay,864,41,23,real,21.073170731707318,1,409,3.033243982709267,down_active_prebuilt,33,0.1945279985666275
case_029_real,humaneval,middle,real_route_replay,864,41,23,real,21.073170731707318,1,409,3.033243982709267,down_active_prebuilt,34,0.19491200149059296
case_029_real,humaneval,middle,real_route_replay,864,41,23,real,21.073170731707318,1,409,3.033243982709267,down_active_prebuilt,35,0.20259200036525726
case_029_real,humaneval,middle,real_route_replay,864,41,23,real,21.073170731707318,1,409,3.033243982709267,down_active_prebuilt,36,0.19734400510787964
case_029_real,humaneval,middle,real_route_replay,864,41,23,real,21.073170731707318,1,409,3.033243982709267,down_active_prebuilt,37,0.19244800508022308
case_029_real,humaneval,middle,real_route_replay,864,41,23,real,21.073170731707318,1,409,3.033243982709267,down_active_prebuilt,38,0.19881600141525269
case_029_real,humaneval,middle,real_route_replay,864,41,23,real,21.073170731707318,1,409,3.033243982709267,down_active_prebuilt,39,0.2016959935426712
case_029_real,humaneval,middle,real_route_replay,864,41,23,real,21.073170731707318,1,409,3.033243982709267,route_weight,0,0.031007999554276466
case_029_real,humaneval,middle,real_route_replay,864,41,23,real,21.073170731707318,1,409,3.033243982709267,route_weight,1,0.020416000857949257
case_029_real,humaneval,middle,real_route_replay,864,41,23,real,21.073170731707318,1,409,3.033243982709267,route_weight,2,0.022784000262618065
case_029_real,humaneval,middle,real_route_replay,864,41,23,real,21.073170731707318,1,409,3.033243982709267,route_weight,3,0.024447999894618988
case_029_real,humaneval,middle,real_route_replay,864,41,23,real,21.073170731707318,1,409,3.033243982709267,route_weight,4,0.02409599907696247
case_029_real,humaneval,middle,real_route_replay,864,41,23,real,21.073170731707318,1,409,3.033243982709267,route_weight,5,0.02175999991595745
case_029_real,humaneval,middle,real_route_replay,864,41,23,real,21.073170731707318,1,409,3.033243982709267,route_weight,6,0.020735999569296837
case_029_real,humaneval,middle,real_route_replay,864,41,23,real,21.073170731707318,1,409,3.033243982709267,route_weight,7,0.023744000121951103
case_029_real,humaneval,middle,real_route_replay,864,41,23,real,21.073170731707318,1,409,3.033243982709267,route_weight,8,0.023520000278949738
case_029_real,humaneval,middle,real_route_replay,864,41,23,real,21.073170731707318,1,409,3.033243982709267,route_weight,9,0.029600000008940697
case_029_real,humaneval,middle,real_route_replay,864,41,23,real,21.073170731707318,1,409,3.033243982709267,route_weight,10,0.0244159996509552
case_029_real,humaneval,middle,real_route_replay,864,41,23,real,21.073170731707318,1,409,3.033243982709267,route_weight,11,0.023840000852942467
case_029_real,humaneval,middle,real_route_replay,864,41,23,real,21.073170731707318,1,409,3.033243982709267,route_weight,12,0.022272000089287758
case_029_real,humaneval,middle,real_route_replay,864,41,23,real,21.073170731707318,1,409,3.033243982709267,route_weight,13,0.022272000089287758
case_029_real,humaneval,middle,real_route_replay,864,41,23,real,21.073170731707318,1,409,3.033243982709267,route_weight,14,0.022304000332951546
case_029_real,humaneval,middle,real_route_replay,864,41,23,real,21.073170731707318,1,409,3.033243982709267,route_weight,15,0.021888000890612602
case_029_real,humaneval,middle,real_route_replay,864,41,23,real,21.073170731707318,1,409,3.033243982709267,route_weight,16,0.028543999418616295
case_029_real,humaneval,middle,real_route_replay,864,41,23,real,21.073170731707318,1,409,3.033243982709267,route_weight,17,0.025696000084280968
case_029_real,humaneval,middle,real_route_replay,864,41,23,real,21.073170731707318,1,409,3.033243982709267,route_weight,18,0.02179200015962124
case_029_real,humaneval,middle,real_route_replay,864,41,23,real,21.073170731707318,1,409,3.033243982709267,route_weight,19,0.0180479995906353
case_029_real,humaneval,middle,real_route_replay,864,41,23,real,21.073170731707318,1,409,3.033243982709267,route_weight,20,0.024000000208616257
case_029_real,humaneval,middle,real_route_replay,864,41,23,real,21.073170731707318,1,409,3.033243982709267,route_weight,21,0.025151999667286873
case_029_real,humaneval,middle,real_route_replay,864,41,23,real,21.073170731707318,1,409,3.033243982709267,route_weight,22,0.024383999407291412
case_029_real,humaneval,middle,real_route_replay,864,41,23,real,21.073170731707318,1,409,3.033243982709267,route_weight,23,0.020287999883294106
case_029_real,humaneval,middle,real_route_replay,864,41,23,real,21.073170731707318,1,409,3.033243982709267,route_weight,24,0.017696000635623932
case_029_real,humaneval,middle,real_route_replay,864,41,23,real,21.073170731707318,1,409,3.033243982709267,route_weight,25,0.018400000408291817
case_029_real,humaneval,middle,real_route_replay,864,41,23,real,21.073170731707318,1,409,3.033243982709267,route_weight,26,0.01727999933063984
case_029_real,humaneval,middle,real_route_replay,864,41,23,real,21.073170731707318,1,409,3.033243982709267,route_weight,27,0.020160000771284103
case_029_real,humaneval,middle,real_route_replay,864,41,23,real,21.073170731707318,1,409,3.033243982709267,route_weight,28,0.017503999173641205
case_029_real,humaneval,middle,real_route_replay,864,41,23,real,21.073170731707318,1,409,3.033243982709267,route_weight,29,0.017632000148296356
case_029_real,humaneval,middle,real_route_replay,864,41,23,real,21.073170731707318,1,409,3.033243982709267,route_weight,30,0.01961600035429001
case_029_real,humaneval,middle,real_route_replay,864,41,23,real,21.073170731707318,1,409,3.033243982709267,route_weight,31,0.019039999693632126
case_029_real,humaneval,middle,real_route_replay,864,41,23,real,21.073170731707318,1,409,3.033243982709267,route_weight,32,0.01852799952030182
case_029_real,humaneval,middle,real_route_replay,864,41,23,real,21.073170731707318,1,409,3.033243982709267,route_weight,33,0.0180479995906353
case_029_real,humaneval,middle,real_route_replay,864,41,23,real,21.073170731707318,1,409,3.033243982709267,route_weight,34,0.017791999503970146
case_029_real,humaneval,middle,real_route_replay,864,41,23,real,21.073170731707318,1,409,3.033243982709267,route_weight,35,0.018880000337958336
case_029_real,humaneval,middle,real_route_replay,864,41,23,real,21.073170731707318,1,409,3.033243982709267,route_weight,36,0.018464000895619392
case_029_real,humaneval,middle,real_route_replay,864,41,23,real,21.073170731707318,1,409,3.033243982709267,route_weight,37,0.018271999433636665
case_029_real,humaneval,middle,real_route_replay,864,41,23,real,21.073170731707318,1,409,3.033243982709267,route_weight,38,0.018303999677300453
case_029_real,humaneval,middle,real_route_replay,864,41,23,real,21.073170731707318,1,409,3.033243982709267,route_weight,39,0.01945599913597107
case_029_real,humaneval,middle,real_route_replay,864,41,23,real,21.073170731707318,1,409,3.033243982709267,gate_up_active_prebuilt,0,0.30611199140548706
case_029_real,humaneval,middle,real_route_replay,864,41,23,real,21.073170731707318,1,409,3.033243982709267,gate_up_active_prebuilt,1,0.2885119915008545
case_029_real,humaneval,middle,real_route_replay,864,41,23,real,21.073170731707318,1,409,3.033243982709267,gate_up_active_prebuilt,2,0.28521600365638733
case_029_real,humaneval,middle,real_route_replay,864,41,23,real,21.073170731707318,1,409,3.033243982709267,gate_up_active_prebuilt,3,0.286655992269516
case_029_real,humaneval,middle,real_route_replay,864,41,23,real,21.073170731707318,1,409,3.033243982709267,gate_up_active_prebuilt,4,0.28707200288772583
case_029_real,humaneval,middle,real_route_replay,864,41,23,real,21.073170731707318,1,409,3.033243982709267,gate_up_active_prebuilt,5,0.28860801458358765
case_029_real,humaneval,middle,real_route_replay,864,41,23,real,21.073170731707318,1,409,3.033243982709267,gate_up_active_prebuilt,6,0.29423999786376953
case_029_real,humaneval,middle,real_route_replay,864,41,23,real,21.073170731707318,1,409,3.033243982709267,gate_up_active_prebuilt,7,0.29260799288749695
case_029_real,humaneval,middle,real_route_replay,864,41,23,real,21.073170731707318,1,409,3.033243982709267,gate_up_active_prebuilt,8,0.2884480059146881
case_029_real,humaneval,middle,real_route_replay,864,41,23,real,21.073170731707318,1,409,3.033243982709267,gate_up_active_prebuilt,9,0.2881599962711334
case_029_real,humaneval,middle,real_route_replay,864,41,23,real,21.073170731707318,1,409,3.033243982709267,gate_up_active_prebuilt,10,0.28489598631858826
case_029_real,humaneval,middle,real_route_replay,864,41,23,real,21.073170731707318,1,409,3.033243982709267,gate_up_active_prebuilt,11,0.29334399104118347
case_029_real,humaneval,middle,real_route_replay,864,41,23,real,21.073170731707318,1,409,3.033243982709267,gate_up_active_prebuilt,12,0.2888000011444092
case_029_real,humaneval,middle,real_route_replay,864,41,23,real,21.073170731707318,1,409,3.033243982709267,gate_up_active_prebuilt,13,0.28998398780822754
case_029_real,humaneval,middle,real_route_replay,864,41,23,real,21.073170731707318,1,409,3.033243982709267,gate_up_active_prebuilt,14,0.28992000222206116
case_029_real,humaneval,middle,real_route_replay,864,41,23,real,21.073170731707318,1,409,3.033243982709267,gate_up_active_prebuilt,15,0.30351999402046204
case_029_real,humaneval,middle,real_route_replay,864,41,23,real,21.073170731707318,1,409,3.033243982709267,gate_up_active_prebuilt,16,0.2884800136089325
case_029_real,humaneval,middle,real_route_replay,864,41,23,real,21.073170731707318,1,409,3.033243982709267,gate_up_active_prebuilt,17,0.2877120077610016
case_029_real,humaneval,middle,real_route_replay,864,41,23,real,21.073170731707318,1,409,3.033243982709267,gate_up_active_prebuilt,18,0.2848320007324219
case_029_real,humaneval,middle,real_route_replay,864,41,23,real,21.073170731707318,1,409,3.033243982709267,gate_up_active_prebuilt,19,0.28595200181007385
case_029_real,humaneval,middle,real_route_replay,864,41,23,real,21.073170731707318,1,409,3.033243982709267,gate_up_active_prebuilt,20,0.2908479869365692
case_029_real,humaneval,middle,real_route_replay,864,41,23,real,21.073170731707318,1,409,3.033243982709267,gate_up_active_prebuilt,21,0.2890560030937195
case_029_real,humaneval,middle,real_route_replay,864,41,23,real,21.073170731707318,1,409,3.033243982709267,gate_up_active_prebuilt,22,0.2913599908351898
case_029_real,humaneval,middle,real_route_replay,864,41,23,real,21.073170731707318,1,409,3.033243982709267,gate_up_active_prebuilt,23,0.2864319980144501
case_029_real,humaneval,middle,real_route_replay,864,41,23,real,21.073170731707318,1,409,3.033243982709267,gate_up_active_prebuilt,24,0.28492799401283264
case_029_real,humaneval,middle,real_route_replay,864,41,23,real,21.073170731707318,1,409,3.033243982709267,gate_up_active_prebuilt,25,0.2858560085296631
case_029_real,humaneval,middle,real_route_replay,864,41,23,real,21.073170731707318,1,409,3.033243982709267,gate_up_active_prebuilt,26,0.2902719974517822
case_029_real,humaneval,middle,real_route_replay,864,41,23,real,21.073170731707318,1,409,3.033243982709267,gate_up_active_prebuilt,27,0.2879680097103119
case_029_real,humaneval,middle,real_route_replay,864,41,23,real,21.073170731707318,1,409,3.033243982709267,gate_up_active_prebuilt,28,0.2884480059146881
case_029_real,humaneval,middle,real_route_replay,864,41,23,real,21.073170731707318,1,409,3.033243982709267,gate_up_active_prebuilt,29,0.28467199206352234
case_029_real,humaneval,middle,real_route_replay,864,41,23,real,21.073170731707318,1,409,3.033243982709267,gate_up_active_prebuilt,30,0.2919679880142212
case_029_real,humaneval,middle,real_route_replay,864,41,23,real,21.073170731707318,1,409,3.033243982709267,gate_up_active_prebuilt,31,0.2879680097103119
case_029_real,humaneval,middle,real_route_replay,864,41,23,real,21.073170731707318,1,409,3.033243982709267,gate_up_active_prebuilt,32,0.2831040024757385
case_029_real,humaneval,middle,real_route_replay,864,41,23,real,21.073170731707318,1,409,3.033243982709267,gate_up_active_prebuilt,33,0.28755199909210205
case_029_real,humaneval,middle,real_route_replay,864,41,23,real,21.073170731707318,1,409,3.033243982709267,gate_up_active_prebuilt,34,0.28649601340293884
case_029_real,humaneval,middle,real_route_replay,864,41,23,real,21.073170731707318,1,409,3.033243982709267,gate_up_active_prebuilt,35,0.28940799832344055
case_029_real,humaneval,middle,real_route_replay,864,41,23,real,21.073170731707318,1,409,3.033243982709267,gate_up_active_prebuilt,36,0.2893120050430298
case_029_real,humaneval,middle,real_route_replay,864,41,23,real,21.073170731707318,1,409,3.033243982709267,gate_up_active_prebuilt,37,0.29369598627090454
case_029_real,humaneval,middle,real_route_replay,864,41,23,real,21.073170731707318,1,409,3.033243982709267,gate_up_active_prebuilt,38,0.28518399596214294
case_029_real,humaneval,middle,real_route_replay,864,41,23,real,21.073170731707318,1,409,3.033243982709267,gate_up_active_prebuilt,39,0.28703999519348145
case_029_real,humaneval,middle,real_route_replay,864,41,23,real,21.073170731707318,1,409,3.033243982709267,down_full64_prebuilt,0,0.18464000523090363
case_029_real,humaneval,middle,real_route_replay,864,41,23,real,21.073170731707318,1,409,3.033243982709267,down_full64_prebuilt,1,0.1833599954843521
case_029_real,humaneval,middle,real_route_replay,864,41,23,real,21.073170731707318,1,409,3.033243982709267,down_full64_prebuilt,2,0.18403199315071106
case_029_real,humaneval,middle,real_route_replay,864,41,23,real,21.073170731707318,1,409,3.033243982709267,down_full64_prebuilt,3,0.18595199286937714
case_029_real,humaneval,middle,real_route_replay,864,41,23,real,21.073170731707318,1,409,3.033243982709267,down_full64_prebuilt,4,0.18691200017929077
case_029_real,humaneval,middle,real_route_replay,864,41,23,real,21.073170731707318,1,409,3.033243982709267,down_full64_prebuilt,5,0.18592000007629395
case_029_real,humaneval,middle,real_route_replay,864,41,23,real,21.073170731707318,1,409,3.033243982709267,down_full64_prebuilt,6,0.1889919936656952
case_029_real,humaneval,middle,real_route_replay,864,41,23,real,21.073170731707318,1,409,3.033243982709267,down_full64_prebuilt,7,0.18643200397491455
case_029_real,humaneval,middle,real_route_replay,864,41,23,real,21.073170731707318,1,409,3.033243982709267,down_full64_prebuilt,8,0.18860800564289093
case_029_real,humaneval,middle,real_route_replay,864,41,23,real,21.073170731707318,1,409,3.033243982709267,down_full64_prebuilt,9,0.18777599930763245
case_029_real,humaneval,middle,real_route_replay,864,41,23,real,21.073170731707318,1,409,3.033243982709267,down_full64_prebuilt,10,0.18799999356269836
case_029_real,humaneval,middle,real_route_replay,864,41,23,real,21.073170731707318,1,409,3.033243982709267,down_full64_prebuilt,11,0.19289599359035492
case_029_real,humaneval,middle,real_route_replay,864,41,23,real,21.073170731707318,1,409,3.033243982709267,down_full64_prebuilt,12,0.19167999923229218
case_029_real,humaneval,middle,real_route_replay,864,41,23,real,21.073170731707318,1,409,3.033243982709267,down_full64_prebuilt,13,0.1937279999256134
case_029_real,humaneval,middle,real_route_replay,864,41,23,real,21.073170731707318,1,409,3.033243982709267,down_full64_prebuilt,14,0.18860800564289093
case_029_real,humaneval,middle,real_route_replay,864,41,23,real,21.073170731707318,1,409,3.033243982709267,down_full64_prebuilt,15,0.18905599415302277
case_029_real,humaneval,middle,real_route_replay,864,41,23,real,21.073170731707318,1,409,3.033243982709267,down_full64_prebuilt,16,0.19260799884796143
case_029_real,humaneval,middle,real_route_replay,864,41,23,real,21.073170731707318,1,409,3.033243982709267,down_full64_prebuilt,17,0.20124800503253937
case_029_real,humaneval,middle,real_route_replay,864,41,23,real,21.073170731707318,1,409,3.033243982709267,down_full64_prebuilt,18,0.19468800723552704
case_029_real,humaneval,middle,real_route_replay,864,41,23,real,21.073170731707318,1,409,3.033243982709267,down_full64_prebuilt,19,0.19247999787330627
case_029_real,humaneval,middle,real_route_replay,864,41,23,real,21.073170731707318,1,409,3.033243982709267,down_full64_prebuilt,20,0.19337600469589233
case_029_real,humaneval,middle,real_route_replay,864,41,23,real,21.073170731707318,1,409,3.033243982709267,down_full64_prebuilt,21,0.19180800020694733
case_029_real,humaneval,middle,real_route_replay,864,41,23,real,21.073170731707318,1,409,3.033243982709267,down_full64_prebuilt,22,0.19734400510787964
case_029_real,humaneval,middle,real_route_replay,864,41,23,real,21.073170731707318,1,409,3.033243982709267,down_full64_prebuilt,23,0.19865599274635315
case_029_real,humaneval,middle,real_route_replay,864,41,23,real,21.073170731707318,1,409,3.033243982709267,down_full64_prebuilt,24,0.19014400243759155
case_029_real,humaneval,middle,real_route_replay,864,41,23,real,21.073170731707318,1,409,3.033243982709267,down_full64_prebuilt,25,0.18588800728321075
case_029_real,humaneval,middle,real_route_replay,864,41,23,real,21.073170731707318,1,409,3.033243982709267,down_full64_prebuilt,26,0.18518400192260742
case_029_real,humaneval,middle,real_route_replay,864,41,23,real,21.073170731707318,1,409,3.033243982709267,down_full64_prebuilt,27,0.1849920004606247
case_029_real,humaneval,middle,real_route_replay,864,41,23,real,21.073170731707318,1,409,3.033243982709267,down_full64_prebuilt,28,0.18352000415325165
case_029_real,humaneval,middle,real_route_replay,864,41,23,real,21.073170731707318,1,409,3.033243982709267,down_full64_prebuilt,29,0.18281599879264832
case_029_real,humaneval,middle,real_route_replay,864,41,23,real,21.073170731707318,1,409,3.033243982709267,down_full64_prebuilt,30,0.18457600474357605
case_029_real,humaneval,middle,real_route_replay,864,41,23,real,21.073170731707318,1,409,3.033243982709267,down_full64_prebuilt,31,0.18515199422836304
case_029_real,humaneval,middle,real_route_replay,864,41,23,real,21.073170731707318,1,409,3.033243982709267,down_full64_prebuilt,32,0.18534399569034576
case_029_real,humaneval,middle,real_route_replay,864,41,23,real,21.073170731707318,1,409,3.033243982709267,down_full64_prebuilt,33,0.18355199694633484
case_029_real,humaneval,middle,real_route_replay,864,41,23,real,21.073170731707318,1,409,3.033243982709267,down_full64_prebuilt,34,0.1902720034122467
case_029_real,humaneval,middle,real_route_replay,864,41,23,real,21.073170731707318,1,409,3.033243982709267,down_full64_prebuilt,35,0.1839359998703003
case_029_real,humaneval,middle,real_route_replay,864,41,23,real,21.073170731707318,1,409,3.033243982709267,down_full64_prebuilt,36,0.1836480051279068
case_029_real,humaneval,middle,real_route_replay,864,41,23,real,21.073170731707318,1,409,3.033243982709267,down_full64_prebuilt,37,0.18223999440670013
case_029_real,humaneval,middle,real_route_replay,864,41,23,real,21.073170731707318,1,409,3.033243982709267,down_full64_prebuilt,38,0.19126400351524353
case_029_real,humaneval,middle,real_route_replay,864,41,23,real,21.073170731707318,1,409,3.033243982709267,down_full64_prebuilt,39,0.1844159960746765
